Time,CYP3A4_2_SOC_N,CYP3A4_3_SOC_N,CYP3A4_4_SOC_N,CYP3A4_5_SOC_N,CYP3A4_7_SOC_N,CYP3A4_8_SOC_N,CYP3A4_9_SOC_N,CYP3A4_10_SOC_N,CYP3A4_11_SOC_N,CYP3A4_12_SOC_N,CYP3A4_13_SOC_N,CYP3A4_14_SOC_N,CYP3A4_15_SOC_N,CYP3A4_16_SOC_N,CYP3A4_17_SOC_N,CYP3A4_18_SOC_N,CYP3A4_19_SOC_N,CYP3A4_20_SOC_N,CYP3A4_21_SOC_N,CYP3A4_23_SOC_N,CYP3A4_24_SOC_N,CYP3A4_28_SOC_N,CYP3A4_29_SOC_N,CYP3A4_31_SOC_N,CYP3A4_32_SOC_N,CYP3A4_33_SOC_N,CYP3A4_34_SOC_N
0.0,80.0,80.0,80.0,80.0,80.0,80.0,80.0,80.0,80.0,80.0,80.0,80.0,80.0,80.0,80.0,80.0,80.0,80.0,80.0,80.0,80.0,80.0,80.0,80.0,80.0,80.0,80.0
0.5,78.042042259,78.042243059,78.042381479,78.041927908,78.041982885,78.04172662,78.042144031,78.042269017,78.04355384,78.041726614,78.041819029,78.042254464,78.044989508,78.04231556,78.041696792,78.042109421,78.042778029,78.0417601,78.041723346,78.042602006,78.042282833,78.044239536,78.049719154,78.043043377,78.043558313,78.042582638,78.044518049
1.0,76.132393216,76.13298078,76.133385789,76.132058595,76.132219473,76.131469545,76.132691016,76.133056733,76.136815366,76.131469526,76.131739976,76.13301415,76.141013508,76.133192917,76.131382254,76.132589744,76.134545982,76.131567523,76.131459965,76.134031008,76.133097159,76.138820702,76.15483052,76.135322237,76.13682845,76.133974343,76.139635096
1.5,74.269851055,74.270997249,74.271787282,74.269198261,74.269512111,74.268049058,74.270431997,74.27114541,74.278475889,74.268049023,74.268576661,74.271062343,74.286660231,74.27141106,74.267878754,74.27023444,74.274050239,74.268240213,74.268030369,74.273045815,74.271224267,74.282385779,74.313571874,74.275564175,74.278501407,74.272935292,74.283973397
2.0,72.45324412,72.455107419,72.456391666,72.452182865,72.4526931,72.450314506,72.454188538,72.455348269,72.467262351,72.450314448,72.45117229,72.455213236,72.480559052,72.455780102,72.450037618,72.453867379,72.460069958,72.450625291,72.450284121,72.458437384,72.455476456,72.473615269,72.524242486,72.462530535,72.467303829,72.458257738,72.47619451
2.5,70.681430156,70.684156322,70.686035196,70.679877382,70.680623937,70.677143576,70.682811938,70.684508694,70.701936329,70.677143492,70.678398715,70.684311136,70.721379232,70.685140477,70.676738417,70.682342054,70.691416207,70.677598331,70.677099115,70.689027971,70.684696237,70.711226784,70.785200801,70.695015491,70.701997005,70.688765169,70.714998121
3.0,68.953295555,68.957018285,68.959583877,68.95117507,68.952194582,68.947441599,68.955182479,68.957499455,68.981293056,68.947441484,68.949155726,68.957229687,69.007828704,68.958362157,68.946888269,68.954540824,68.966931107,68.948062656,68.947380878,68.963670306,68.957755546,68.993973953,69.094862207,68.97184515,68.981375902,68.963311482,68.999120915
3.5,67.267754639,67.272596188,67.275932693,67.264996761,67.266322737,67.260140863,67.270208684,67.27322195,67.304160478,67.260140713,67.262370354,67.272871117,67.338652888,67.274343885,67.25942116,67.269374185,67.285487003,67.260948651,67.260061885,67.281246788,67.273554995,67.320645374,67.451696902,67.291876689,67.304268211,67.28078018,67.327335469
4.0,65.623748947,65.629820722,65.634004856,65.620290172,65.621953148,65.614199949,65.626826596,65.630605468,65.669398338,65.614199761,65.616996192,65.630165503,65.712633558,65.632012436,65.61329728,65.625780049,65.645985659,65.61521309,65.614100893,65.640668704,65.631023125,65.690063588,65.854227838,65.653997511,65.669533434,65.640083601,65.698449195
4.5,64.02024655,64.02764968,64.03275107,64.016029224,64.018056925,64.008603081,64.023999075,64.028606473,64.075897284,64.008602851,64.012012735,64.028070051,64.128587729,64.030321891,64.007502377,64.022723049,64.047357474,64.009838482,64.008482293,64.040875469,64.029115694,64.101084091,64.301028755,64.057124423,64.07606199,64.040162148,64.111303303
5.0,62.456241378,62.465067257,62.471148823,62.451213392,62.453630876,62.442359489,62.460715118,62.466207903,62.522578004,62.442359215,62.446424734,62.465568406,62.585366592,62.46825293,62.441047132,62.459193858,62.488560718,62.443832436,62.442215476,62.480833881,62.46681497,62.552594374,62.790722285,62.50020284,62.522774353,62.479983561,62.5647718
5.5,60.930752565,60.941083376,60.94820169,60.924867056,60.927696859,60.914502798,60.93598919,60.942418488,61.008390385,60.914502477,60.91926157,60.941669967,61.081854476,60.944812152,60.912966535,60.93420853,60.968580793,60.916227039,60.914334214,60.959537406,60.94312905,61.043512991,61.32197814,60.98220601,61.008620206,60.958542194,61.057760527
6.0,59.442823812,59.454733026,59.462938657,59.436038885,59.439301154,59.424090418,59.448860576,59.456272094,59.532312698,59.424090048,59.429576639,59.455409228,59.616967847,59.459031401,59.422319294,59.446807851,59.486429505,59.426078245,59.423896062,59.476005476,59.457091199,59.572788656,59.89351137,59.50213426,59.532577628,59.474858315,59.58920621
6.5,57.991522768,58.00507562,58.014413464,57.983801219,57.987513847,57.970202961,57.998392749,58.006827067,58.093350809,57.97020254,57.976446753,58.005845135,58.189654336,58.009967119,57.968187248,57.996056714,58.041144368,57.97246529,57.969981765,58.029282801,58.007759198,58.139399367,58.504080687,58.059014265,58.093652302,58.02797743,58.158075559
7.0,56.575940422,56.591194367,56.601703965,56.567249483,56.571428228,56.551943665,56.583672753,56.593165613,56.690537401,56.551943191,56.558971564,56.592060455,56.798891796,56.596699709,56.549674794,56.581043504,56.631787918,56.554490114,56.551694689,56.618438712,56.594214718,56.74235156,57.152486856,56.651898333,56.690876742,56.616969617,56.763364377
7.5,55.195190515,55.212195664,55.223911502,55.185501604,55.190160211,55.16843784,55.203810607,55.21439318,55.322931237,55.168437312,55.176272989,55.213161168,55.443687396,55.21833292,55.165908335,55.200879506,55.257447048,55.171276796,55.168160264,55.24256651,55.215562703,55.380679279,55.837571156,55.279863716,55.323309548,55.240928882,55.404096709
8.0,53.848408963,53.867208502,53.880160299,53.837697451,53.842847765,53.818832317,53.857938714,53.869637866,53.989616424,53.818831733,53.827494663,53.868275874,54.123076734,53.873993245,53.816035737,53.854698317,53.917232363,53.821971008,53.818525434,53.900782838,53.870930774,54.053443381,54.55821389,53.942011934,53.990034677,53.898972534,54.079324011
8.5,52.5347533,52.555383888,52.569596872,52.52299828,52.528650357,52.502294921,52.545211299,52.558049833,52.689701718,52.50229428,52.511801392,52.556555208,52.836122985,52.562829337,52.499225798,52.541655287,52.610277548,52.505739482,52.501958131,52.592227071,52.559468645,52.759730763,53.313332967,52.637468122,52.69016074,52.590240574,52.788124348
9.0,51.253402131,51.275894278,51.291389448,51.240586205,51.24674841,51.218013952,51.264803849,51.278800745,51.42231983,51.218013253,51.228378634,51.277171278,51.581916074,51.284011439,51.214667737,51.260926962,51.335738761,51.221769488,51.217646755,51.316060716,51.280347559,51.498653604,52.101882527,51.365380391,51.422820314,51.313895098,51.52960161
9.5,50.003554599,50.027933033,50.044727411,49.989663669,49.996342783,49.965197677,50.015912573,50.031083216,50.186626767,49.965196919,49.976431981,50.029317116,50.359571874,50.036730824,49.961570685,50.011710549,50.092794033,49.969268323,49.96479967,50.071466836,50.03275973,50.269348643,50.922851628,50.124919214,50.187169281,50.069119724,50.302884763
10.0,48.784429869,48.810713881,48.828820751,48.769452941,48.77665425,48.74307384,48.797753878,48.814110272,48.981801183,48.743073024,48.755186661,48.812206142,49.168231427,48.820199264,48.7391632,48.793223393,48.880642691,48.747462819,48.742644708,48.857649482,48.815917813,49.070976468,49.775262981,48.915276819,48.982386175,48.855119024,49.107127108
10.5,47.59526662,47.623470395,47.642899534,47.579195615,47.586923004,47.550889184,47.609563855,47.627114829,47.807043755,47.550888307,47.563887051,47.625071642,48.007060196,47.633648493,47.546692787,47.604702464,47.698504794,47.555598861,47.550428694,47.673833148,47.629054373,47.902720828,48.658171736,47.735666606,47.807671562,47.67111798,47.941505579
11.0,46.435322556,46.465455491,46.486213384,46.418152131,46.426408167,46.387908973,46.450597778,46.469349185,46.661576566,46.387908037,46.401796198,46.467166257,46.875247333,46.476329701,46.38342543,46.445403862,46.545620585,46.392940911,46.387416974,46.51926223,46.471421378,46.763787973,47.570664312,46.585322577,46.662247421,46.516361447,46.805220047
11.5,45.303873925,45.33594093,45.358030978,45.285601298,45.294387319,45.253416546,45.320129618,45.340084519,45.544642521,45.25341555,45.26819536,45.337761496,45.772004976,45.347513034,45.248645137,45.314602331,45.421249956,45.258771552,45.252892959,45.393200514,45.342289701,45.653406003,46.511857276,45.463498786,45.545356559,45.390113638,45.697492657
12.0,44.20021505,44.234216835,44.257639557,44.180839841,44.190156027,44.146712865,44.217451568,44.238610417,44.455504767,44.146711808,44.16238355,44.236147243,44.696567562,44.246487103,44.141653501,44.211590789,44.324671931,44.152391039,44.146157679,44.294930661,44.240948639,44.570824244,45.480896259,44.369468797,44.456262033,44.291657617,44.61756718
12.5,43.123657877,43.159591227,43.184344445,43.103181947,43.113027401,43.067116079,43.141873582,43.16423439,43.393446134,43.067114963,43.083677097,43.161631297,43.648191167,43.172558516,43.061769261,43.135679865,43.255184158,43.073116863,43.06652935,43.223753719,43.166705434,43.515312641,44.476954926,43.302525159,43.394246586,43.220294806,43.564708382
13.0,42.073531526,42.111389564,42.137468585,42.051958833,42.062331649,42.013961107,42.092722922,42.116281427,42.357768595,42.01395993,42.031409217,42.113538908,42.626152863,42.125051413,42.008327884,42.086197456,42.212102423,42.020283324,42.013342949,42.178988641,42.118884823,42.486161165,43.499233968,42.261978905,42.358612113,42.175344507,42.538201418
13.5,41.049181866,41.088954299,41.116352086,41.026518317,41.037415651,40.986599216,41.069343723,41.094093537,41.347792735,40.98659798,41.004929593,41.091212336,41.629750095,41.103307017,40.98068115,41.062488282,41.194760164,40.993241116,40.985949801,41.159971819,41.096828583,41.482679245,42.54696015,41.247159049,41.348679124,41.156143438,41.537351238
14.0,40.049971085,40.091644442,40.12035178,40.026224406,40.03764254,39.984397625,40.071096561,40.097029325,40.36285724,39.98439633,40.003603967,40.094010412,40.658300079,40.106683198,39.978196757,40.06391347,40.202508013,39.991356921,39.983717177,40.166056628,40.099895099,40.50419521,41.619385382,40.257412108,40.363786237,40.162045277,40.561482019
14.5,39.075277285,39.118835146,39.148840793,39.05045689,39.062391291,39.006739107,39.09735804,39.124463561,39.402318399,39.006737754,39.026813739,39.12130812,39.711139218,39.134554045,39.00025792,39.089850131,39.234713338,39.014013016,39.006027899,39.196612985,39.127458938,39.550055749,40.715785834,39.292101633,39.403289676,39.192420222,39.609936606
15.0,38.124494079,38.169917287,38.201208126,38.098610946,38.11105633,38.05302161,38.147520385,38.175786768,38.46554962,38.053020199,38.073955584,38.172496182,38.787622538,38.186309451,38.046262999,38.139690962,38.290759805,38.060606885,38.052279958,38.251026916,38.178910438,38.619625393,39.835461079,38.350607756,38.466562792,38.246654558,38.682075975
15.5,37.1970302,37.244297067,37.276858245,37.170096756,37.183047143,37.122657877,37.220991044,37.250404824,37.55194096,37.122656409,37.144441068,37.246980657,37.887123133,37.261354707,37.115625119,37.212843847,37.370046949,37.130550846,37.121886141,37.328700137,37.253655303,37.712286004,38.977733275,37.432326743,37.552995586,37.324150243,37.777278707
16.0,36.292309125,36.341395626,36.375210687,36.264339135,36.277787899,36.215075088,36.317192307,36.347738566,36.660898668,36.215073563,36.237696281,36.344182552,37.009031641,36.359110114,36.20777181,36.30873148,36.471989755,36.223271683,36.214273666,36.429049647,36.351114208,36.827436283,38.141946367,36.536670567,36.661994256,36.424324497,36.894940487
16.5,35.409768697,35.460648656,35.495699671,35.380777157,35.394717081,35.329714498,35.435560926,35.467223411,35.791844741,35.329712917,35.353161478,35.463537439,36.152755722,35.479010591,35.322144653,35.426790984,35.596018255,35.338210289,35.328883824,35.551507329,35.470722425,35.964491292,37.327465331,35.663066488,35.792980753,35.546609408,36.034473606
17.0,34.548860772,34.601506037,34.637773721,34.51886381,34.533287131,34.466031096,34.575547753,34.608308982,34.944216492,34.466029461,34.490290725,34.604495083,35.317719565,34.620505306,34.458198934,34.566473552,34.741577131,34.474821317,34.465171635,34.695519564,34.611929441,35.122881992,36.533675441,34.810956644,34.945392348,34.690451545,35.19530649
17.5,33.70905086,33.763431471,33.800895301,33.678065639,33.692964097,33.623493262,33.73661738,33.77045875,34.117466132,33.623491573,33.648551559,33.766519085,34.503363397,33.783057312,33.615403306,33.727244086,33.908125328,33.632572843,33.622605511,33.860546852,33.774198601,34.302054792,35.759981559,33.979797656,34.118681213,33.855311579,34.376883231
18.0,32.889817786,32.945902131,32.984540454,32.857862415,32.873227294,32.801582439,32.918247794,32.953149676,33.311060364,32.801580697,32.827424654,32.949086527,33.70914302,32.966143191,32.793239462,32.90858086,33.095135685,32.81094603,32.800666922,33.046063451,32.957006756,33.501471113,35.005807462,33.169060243,33.312314014,33.040663924,33.578663144
18.5,32.090653355,32.148408324,32.188198459,32.057746801,32.073568972,31.999792813,32.119930038,32.155871871,32.524479982,31.999791019,32.026403494,32.151687628,32.93452935,32.169252708,31.991201812,32.109975174,32.302094566,32.009434809,31.998850077,32.251557011,32.159843914,32.720606959,34.270595185,32.378228845,32.525771513,32.245996372,32.800120329
19.0,31.311062022,31.370453148,31.411371485,31.277224031,31.293493991,31.217630994,31.34116788,31.378128262,31.757219491,31.21762915,31.244994058,31.373825411,32.179007981,31.391888477,31.208797174,31.330931029,31.528501511,31.227545562,31.21666161,31.476528234,31.382212907,31.958952515,33.553804391,31.606801261,31.758548187,31.470809754,32.040743246
19.5,30.550560581,30.611552175,30.653574269,30.515811598,30.532519506,30.454615717,30.581477491,30.619434262,31.008786734,30.454613823,30.482714509,30.615015378,31.442078755,30.633565629,30.445544465,30.57096481,30.773868883,30.464796815,30.453620276,30.720490532,30.623629066,31.216011739,32.854911769,30.854288292,31.010151851,30.714617598,31.300034309
20.0,29.80867785,29.871233129,29.914333787,29.773038947,29.790174661,29.710277536,29.840387135,29.879317455,30.278702523,29.710275594,29.73909489,29.874785192,30.723255348,29.893811498,29.700974407,29.829604967,30.03772154,29.720718939,29.709256648,29.982969699,29.8836199,30.491301976,32.173410444,30.120213396,30.280103294,29.976945801,30.577509489
20.5,29.084954372,29.149035582,29.193188943,29.048447177,29.066000288,28.98415854,29.117436861,29.157317286,29.566500291,28.98415655,29.013676834,29.152674368,30.022064867,29.172165304,28.974629234,29.106391716,29.319596504,28.994853856,28.983112829,29.263503589,29.161724788,29.784353587,31.508809422,29.404112354,29.567935928,29.257332307,29.872697922
21.0,28.378942117,28.444510647,28.489690268,28.341588753,28.359548612,28.275812062,28.412178204,28.452984761,28.871725747,28.275810027,28.306013276,28.448233974,29.338047461,28.468177854,28.26606241,28.400876743,28.619042645,28.286754756,28.274742169,28.561641804,28.457494676,29.094709574,30.860633043,28.70553294,28.873195443,28.555326801,29.185141542
21.5,27.690204202,27.757220692,27.803399615,27.652027218,27.670382973,27.58480241,27.7241739,27.765882149,28.193936543,27.584800329,27.615668171,27.761026333,28.670755945,27.781411248,27.574838355,27.71262291,27.935620368,27.595985816,27.583708985,27.87694539,27.770491783,28.421925237,30.228420462,28.024034606,28.195439475,27.870490399,28.514394711
22.0,27.018314605,27.08673905,27.133889877,26.979336923,26.99807754,26.910704588,27.0529976,27.095582701,27.532701948,26.910702465,26.942216223,27.090624743,28.019755431,27.111438586,26.900532173,27.041203981,27.268901317,26.922121934,26.909588295,27.208986541,27.100289316,27.765567817,29.611725147,27.359188173,27.534237278,27.202395355,27.860023871
22.5,26.362857896,26.432649742,26.480744699,26.323102751,26.342217047,26.253104041,26.398233595,26.441670368,26.887602534,26.253101876,26.285242617,26.436613192,27.384622972,26.457843693,26.242729391,26.386204341,26.618468078,26.264748461,26.251965552,26.55734831,26.446471187,27.125216171,29.010114394,26.710575528,26.889169414,26.550624775,27.221607202
23.0,25.72342897,25.794547205,25.843558207,25.68291986,25.702396526,25.611596393,25.759476547,25.803739528,26.258229872,25.611594186,25.644342764,25.798586094,26.764947221,25.820220843,25.601025702,25.747218732,25.983913893,25.623460941,25.610436387,25.921624331,25.808631744,26.500460445,28.423168859,26.077789334,26.259827441,25.914772334,26.598734285
23.5,25.099632791,25.172036033,25.221934739,25.058393428,25.078221049,24.985787197,25.136331232,25.181394725,25.644186229,24.985784951,25.019122043,25.176148019,26.160328093,25.198174494,24.975026716,25.123851991,25.364842385,24.997864865,24.98460636,25.301418541,25.186375506,25.890901754,27.850482113,25.460432743,25.645813619,25.294442006,25.991005784
24.0,24.491084135,24.564730711,24.615488585,24.449138395,24.46930548,24.375291692,24.528412278,24.574250411,25.045084283,24.375289407,24.409195557,24.568913438,25.570376444,24.59131903,24.364347716,24.5157188,24.760867286,24.387575424,24.374090714,24.696344918,24.579316904,25.296151884,27.291660203,24.858119119,25.04674062,24.689247796,25.398033134
24.5,23.897407348,23.972255373,24.023843733,23.854779233,23.875274229,23.779734564,23.935343923,23.98193069,24.46054684,23.779732243,23.814187892,23.976506471,24.994713755,23.999278507,23.768613421,23.922443432,24.171612172,23.792217266,23.77851414,24.106027221,23.987080028,24.715832989,26.74632124,24.270471771,24.462231243,24.09881348,24.819438233
25.0,23.318236105,23.394243553,23.44663362,23.274949695,23.295761012,23.198749714,23.356759772,23.404069077,23.89020656,23.198747357,23.233732882,23.398560646,24.432971826,23.42168641,23.187457752,23.343659514,23.596710212,23.211424268,23.197510539,23.530098735,23.409298384,24.149577302,26.214094992,23.69712369,23.891918147,23.52277236,24.254853151
25.5,22.753213177,22.830337948,22.883500893,22.709292596,22.730408621,22.63198003,22.792302556,22.840308262,23.333705691,22.631977639,22.66747338,22.834718654,23.884792483,22.858185408,22.62052361,22.779009793,23.035803912,22.644839307,22.630722802,22.968202029,22.845614656,23.597026859,25.6946225,23.137717291,23.335443577,22.960767009,23.703919841
26.0,22.201990202,22.280190186,22.334097174,22.15745958,22.1788687,22.079077168,22.241623909,22.29029987,22.790695814,22.079074743,22.115061037,22.284632124,23.349827289,22.308427127,22.067462651,22.228145903,22.488544877,22.092114034,22.077802585,22.419988715,22.295680469,23.057833223,25.187555698,22.591904168,22.792459112,22.41244904,23.166289867
26.5,21.664227464,21.743460601,21.798082831,21.619110902,21.640801516,21.539701333,21.70438414,21.753704242,22.260837586,21.539698876,21.576156082,21.747961392,22.827737268,21.772071917,21.527935074,21.690728146,21.954593571,21.552908666,21.538410092,21.885119215,21.759156167,22.531657222,24.692557061,22.059344852,22.26262541,21.877478871,22.641624127
27.0,21.139593678,21.219818012,21.275126755,21.093915217,21.115875753,21.013521072,21.180252017,21.23019021,21.743800498,21.013518585,21.05042711,21.224375283,22.318192632,21.248788636,21.00160941,21.166425271,21.433619092,21.026891765,21.012213868,21.363262534,21.23571059,22.018168692,24.209299247,21.539708574,21.745611965,21.355525497,22.129592596
27.5,20.627765776,20.708939508,20.764906144,20.581549367,20.603768297,20.500213068,20.668904552,20.719434885,21.239262639,20.500210553,20.537550878,20.713550896,21.82087252,20.738254431,20.488162318,20.654914262,20.925298942,20.513740043,20.498890594,20.85409604,20.725020859,21.517046226,23.737464771,21.032673039,21.241096868,20.84626627,21.629874071
28.0,20.128428703,20.210510242,20.26710629,20.081698178,20.104164031,19.999461939,20.170026796,20.221123444,20.746910465,19.999459396,20.0372121,20.215173394,21.335464746,20.240154526,19.987278384,20.155880135,20.429318812,20.01313815,19.998124884,20.357305248,20.226772166,21.027976933,23.276745674,20.537924201,20.748766578,20.349386687,21.142155925
28.5,19.641275218,19.724223223,19.781420375,19.594054266,19.616755639,19.510960043,19.683311633,19.73494893,20.266438571,19.510957473,19.549103252,19.7289358,20.861665551,19.754182021,19.498649928,19.669015731,19.94537237,19.52477849,19.509609092,19.872583611,19.740657569,20.550656204,22.826843216,20.05515605,20.268315695,19.864580176,20.666133865
29.0,19.166005696,19.249779121,19.307549269,19.118317837,19.141243409,19.034407287,19.20845959,19.26061205,19.797549475,19.034404692,19.072924379,19.254538801,20.399179364,19.280037691,19.021976814,19.194021526,19.473161054,19.048361018,19.03304312,19.399632317,19.266377797,20.08478748,22.387467572,19.584070395,19.799446743,19.391547896,20.201511704
29.5,18.70232794,18.78688607,18.845201334,18.654196504,18.677335046,18.569510945,18.745178638,18.797820981,19.339953408,18.569508326,18.608382911,18.791690552,19.947718569,18.817429791,18.556966264,18.730605434,19.01239387,18.583593065,18.568134237,18.938160087,18.80364105,19.630082036,21.958337542,19.124376666,19.34186996,18.929998538,19.748001131
30.0,18.249956995,18.335259485,18.394092238,18.201405097,18.224745483,18.115985471,18.293184009,18.346291186,18.893368102,18.11598283,18.155193476,18.340106485,19.507003281,18.366073867,18.103332676,18.278482623,18.562787197,18.130189148,18.11459689,18.487882985,18.352162814,19.18625876,21.539180271,18.67579171,18.895303084,18.479648132,19.305321493
30.5,17.808614965,17.894621873,17.953944762,17.75966549,17.783196706,17.673552328,17.852198013,17.905745223,18.457518595,17.673549666,17.713077726,17.899509133,19.076761127,17.925692571,17.660797451,17.837375333,18.124064594,17.687870799,17.672152536,18.048524229,17.911665677,18.753043944,21.129730981,18.238039599,18.459471161,18.040219856,18.873199586
31.0,17.378030839,17.464702657,17.524488626,17.328706423,17.352417572,17.241939812,17.421949858,17.475912571,18.032137031,17.24193713,17.28176416,17.469627942,18.656727036,17.496015481,17.22908882,17.407012698,17.695956619,17.256366388,17.240529463,17.619814005,17.481879146,18.330171086,20.729732706,17.81085144,18.034106344,17.611443857,18.451369442
31.5,16.957940318,17.045238002,17.105460311,16.908263331,16.932143647,16.820882886,17.002175482,17.056529453,17.616962474,16.820880184,16.86098796,17.050199103,18.246643028,17.076778927,16.807941675,16.987130575,17.278200642,16.835410956,16.819462627,17.201489293,17.062539478,17.917380686,20.33893604,17.39396519,17.618947705,17.19305707,18.039572132
32.0,16.548085648,16.635970641,16.696602884,16.498078178,16.522117029,16.410123014,16.592617378,16.647338668,17.21174072,16.410120295,16.450490819,16.640965377,17.846258021,16.667725819,16.397097406,16.577471374,16.870540677,16.424746052,16.408693484,16.793293687,16.653389502,17.514420058,19.957098899,16.98712548,17.213741052,16.784803043,17.637555573
32.5,16.148215455,16.236649716,16.297665837,16.097899295,16.122086192,16.009408004,16.193024434,16.248089421,16.816224121,16.009405269,16.050020788,16.241675934,17.455327632,16.268605481,15.996303743,16.177783895,16.472727201,16.024119571,16.007969833,16.394977231,16.25417846,17.121043142,19.583986281,16.590083438,16.818238745,16.386431771,17.245074335
33.0,15.758084589,15.84703061,15.90840492,15.707481226,15.731805827,15.618491851,15.803151773,15.858537166,16.430171408,15.618489101,15.659332112,15.85208619,17.07361399,15.87917349,15.605314598,15.787823165,16.084516995,15.633285599,15.617045659,16.00629625,15.864661842,16.737010323,19.219370042,16.20259652,16.432199525,15.997699531,16.861889458
33.5,15.377453965,15.466874795,15.528581983,15.326584564,15.351036683,15.237134583,15.422760591,15.478443445,16.053347521,15.237131819,15.278185082,15.471957645,16.700885558,15.499191516,15.223889916,15.407350287,15.705672978,15.252004259,15.235680983,15.627013192,15.484601229,16.362088255,18.863028677,15.824428346,16.055388345,15.618368717,16.487768276
34.0,15.006090415,15.095949675,15.157964821,14.954975813,14.97954542,14.865102116,15.051618011,15.107575736,15.685523444,14.865099339,14.906345882,15.101057738,16.336916948,15.128427167,14.851795523,15.036132286,15.335964049,14.880041566,14.863641709,15.256896469,15.113764137,15.99604969,18.514747109,15.45534854,15.687576201,15.248207689,16.12248424
34.5,14.643766538,14.73402844,14.796327027,14.592427232,14.617104462,14.502166106,14.689496933,14.745707304,15.326476048,14.502163317,14.543586449,14.739159691,15.981488754,14.766653846,14.488802988,14.673941958,14.975164933,14.517169276,14.500699485,14.895720308,14.751923872,15.638673313,18.174316483,15.095132571,15.328539973,14.886990615,15.765816754
35.0,14.290260556,14.380889918,14.44344784,14.238716697,14.263491852,14.148103811,14.336175886,14.392617055,14.97598793,14.148101011,14.189684322,14.386042365,15.634387385,14.413650595,14.134689475,14.320557729,14.623056034,14.16316475,14.146631557,14.543264598,14.39885938,15.28974358,17.841533971,14.743561603,14.978062271,14.53449733,15.417551006
35.5,13.945356177,14.036318432,14.099112006,13.893627559,13.918491113,13.802697951,13.991438893,14.048089392,14.633847263,13.802695141,13.844422515,14.04149012,15.295404902,14.069201961,13.789237609,13.975763514,14.279423283,13.817810814,13.801220637,14.199314748,14.054355107,14.949050557,17.516202583,14.400422347,14.635931281,14.190513184,15.077477814
36.0,13.608842456,13.700103666,13.763109637,13.55694851,13.581891111,13.465736575,13.655075327,13.711914079,14.299847648,13.465733757,13.507589372,13.705292674,14.964338859,13.733097852,13.452235345,13.639348579,13.944058001,13.480895625,13.464254762,13.863661546,13.718200861,14.616389775,17.19813098,14.065506915,14.301940617,13.854828907,14.745393471
36.5,13.28051366,13.372040527,13.435236077,13.228473452,13.253485924,13.137012929,13.32687978,13.383886105,13.973787971,13.137010104,13.178978441,13.377244971,14.640992154,13.405133403,13.123475831,13.311107405,13.616756758,13.152212538,13.135527168,13.536101022,13.390191673,14.291562077,16.887133299,13.738612682,13.975889176,13.527240468,14.421099592
37.0,12.960169141,13.051929016,13.115291766,12.908001364,12.933074711,12.816325332,13.006651936,13.063805554,13.655472262,12.8163225,12.858388345,13.057147048,14.325172876,13.085108847,12.802757285,12.990839564,13.297321239,12.831559983,12.814836161,13.216434311,13.070127671,13.974373474,16.58302898,13.419542147,13.657581003,13.207548942,14.104402971
37.5,12.64761321,12.739574096,12.803082116,12.595336178,12.620461586,12.503477044,12.694196435,12.751477473,13.344709561,12.503474207,12.545622655,12.744803904,14.016694165,12.772829381,12.489882869,12.678349585,12.985558113,12.518741332,12.501984994,12.904467529,12.757813949,13.664635008,16.285642602,13.108102803,13.34682515,12.895560382,13.795115439
38.0,12.342655009,12.434785573,12.498417382,12.290286658,12.315455496,12.198276153,12.389322759,12.446711754,13.041313784,12.198273311,12.240489768,12.440025384,13.715374071,12.468105049,12.18466057,12.373446833,12.681278904,12.213564786,12.196781741,12.600011641,12.45306044,13.362162611,15.994803721,12.804107005,13.043435545,12.591085693,13.493053727
38.5,12.045108397,12.137377969,12.201112541,11.992666279,12.0178701,11.900535451,12.091845102,12.149323003,12.745103593,11.900532605,11.942802792,12.142626047,13.421035416,12.17075061,11.886903076,12.075945389,12.384299866,11.915843251,11.899039183,12.302882338,12.155681799,13.066776979,15.710346717,12.507371845,12.747230865,12.293940503,13.19803933
39.0,11.754791825,11.847170408,11.910987174,11.702293106,11.727523651,11.610072319,11.80158226,11.859130431,12.455902274,11.610069471,11.652379424,11.852425055,13.133505667,11.880585428,11.596427668,11.785663932,12.094441867,11.625394223,11.60857469,12.012899919,11.865497282,12.77830344,15.432110644,12.21771903,12.458034409,12.003945048,12.909898382
39.5,11.471528231,11.563986498,11.627865347,11.41898969,11.444238883,11.326708617,11.518357509,11.575957731,12.173537615,11.326705767,11.369041842,11.569246053,12.852616801,11.597433352,11.313056102,11.502425623,11.811530261,11.342039678,11.325210112,11.729889172,11.582330627,12.496571828,15.159939085,11.93497476,12.175673978,11.720924054,12.628461525
40.0,11.195144919,11.287654219,11.351575499,11.142582946,11.167842901,11.050270571,11.241998497,11.299632971,11.897841783,11.050267721,11.092616589,11.29291706,12.57820519,11.321122603,11.036614501,11.226057995,11.535394783,11.065605956,11.048771662,11.453679262,11.306009949,12.221416366,14.893680012,11.658969618,11.899981754,11.444706621,12.35356379
40.5,10.925473456,11.018005815,11.081950335,10.872904055,10.898167071,10.780588668,10.972337137,11.02998848,11.628651216,10.780585818,10.822934471,11.023270356,12.310111469,11.051485666,10.766933248,10.956392841,11.265869432,10.795923661,10.779089817,11.184103616,11.036367622,11.952675543,14.633185653,11.389538448,11.630794187,11.175126113,12.085044477
41.0,10.662349567,10.754877683,10.818826712,10.609788348,10.635046914,10.51749755,10.709209494,10.766860744,11.365806505,10.517494701,10.559830449,10.760142379,12.04818043,10.788359181,10.503846883,10.693266112,11.002792361,10.532827549,10.515999206,10.920999817,10.773240178,11.690192003,14.37831236,11.126520253,11.367951881,10.912020051,11.822747038
41.5,10.405613025,10.498110273,10.562045541,10.353075214,10.378322005,10.260835912,10.452455687,10.510090298,11.109152285,10.260833064,10.303143537,10.503373617,11.7922609,10.531583839,10.247193996,10.43651781,10.746005773,10.276156433,10.259338514,10.664209498,10.516468199,11.433812433,14.128920483,10.869758082,11.111299486,10.655230005,11.566518966
42.0,10.155107557,10.247547986,10.311451681,10.102607992,10.127835868,10.010446403,10.201919784,10.259521629,10.858537135,10.010443558,10.052716701,10.252808506,11.542205633,10.281004281,9.9968171342,10.185991887,10.495355819,10.025753076,10.008950379,10.413578242,10.265896217,11.183387452,13.884874247,10.619098929,10.860685594,10.404601494,11.316211685
42.5,9.9106807445,10.003039074,10.06689384,9.858233874,9.8834358835,9.7661755284,9.9574497084,10.015003075,10.613813467,9.7661726871,9.8083967659,10.008295338,11.297871205,10.036468999,9.7525627005,9.9415361489,10.250692493,9.7814640999,9.7646812941,10.168955475,10.021372617,10.93877151,13.646041636,10.37439363,10.61596263,10.159983881,11.071680447
43.0,9.672183924,9.7644355408,9.8282244801,9.6198038141,9.6449731902,9.5278735571,9.7188971363,9.7763867274,10.37483743,9.52787072,9.5700343139,9.7696861543,11.059117905,9.7978302376,9.5142808605,9.7030021586,10.011869536,9.5431398865,9.5263815175,9.9301943758,9.7827495349,10.699822781,13.41229428,10.135496765,10.376986758,9.9212302834,10.832784224
43.5,9.4394720976,9.5315930546,9.59529972,9.387172431,9.4123025912,9.2953944264,9.4861174082,9.543528338,10.141468813,9.2953915943,9.3374835968,9.5368366602,10.825809638,9.5649439012,9.28182545,9.4702451409,9.778744343,9.3106344877,9.2939049752,9.6971517764,9.5498827681,10.466403068,13.183507339,9.9022665595,10.143617779,9.6881974703,10.59938561
44.0,9.2124038403,9.3043708509,9.3679792458,9.1601979194,9.1852824644,9.0685956536,9.2589694351,9.3162872275,9.9135709456,9.0685928271,9.1106024441,9.3096061287,10.597813824,9.3376694619,9.0550538853,9.2431238929,9.5511778648,9.0838055342,9.0671091735,9.4696880709,9.3226316822,10.238377702,12.959559403,9.6745647941,9.9157190354,9.4607457742,10.371350725
44.5,8.9908412115,9.0826316452,9.1461262204,8.9387419606,8.9637746734,8.8473382476,9.03731561,9.0945261956,9.6910106099,8.8473354275,8.8892521748,9.0878573121,10.375001302,9.1158698701,8.8338270748,9.0215006946,9.329034521,8.8625141474,8.8458551102,9.2476671252,9.1008591218,10.015615452,12.740332384,9.4522567099,9.6931573235,9.2387389996,10.148549117
45.0,8.7746496687,8.866241546,8.9296071956,8.7226696372,8.7476444813,8.6314866235,8.8210217216,8.8781114342,9.473657948,8.6314838105,8.6732975114,8.8714563558,10.157246241,8.8994114669,8.6180093338,8.8052412221,9.1121821107,8.6466248541,8.6300071896,9.0309561891,8.8844313231,9.7979884292,12.525711419,9.2352109214,9.475802798,9.0220443355,9.9308536744
45.5,8.5636979827,8.6550699698,8.7182920275,8.5118493484,8.5367604663,8.4209085188,8.609956869,8.6669124426,9.2613863748,8.4209057136,8.4626064964,8.6602727125,9.9444260435,8.6881638997,8.407468301,8.5942144632,8.9004917264,8.4360055025,8.4194331383,8.8194258104,8.6732178294,9.5853720019,12.315584772,9.0232993294,9.2635288871,8.8105322694,9.7181405326
46.0,8.3578581556,8.4489895582,8.5120537935,8.3061527281,8.3309944397,8.2154749119,8.4039933797,8.4608019444,9.0540724932,8.215472115,8.2570504104,8.4541790599,9.7364212629,8.4820000388,8.2020748567,8.3882926351,8.6938376701,8.2305271806,8.2140039238,8.6129497517,8.4670914081,9.3776447069,12.109843741,8.8163970368,9.0562122063,8.604076504,9.5102889889
46.5,8.1570053409,8.2478760976,8.3107687112,8.1054545649,8.130221366,8.0150599425,8.203006729,8.2596558073,8.8515960108,8.0150571546,8.056503692,8.2530512202,9.5331155162,8.2807958971,8.0017030438,8.1873511037,8.4920973719,8.0300641368,8.0135936753,8.4114049092,8.2659279698,9.174688166,11.908382568,8.6143822664,8.8537324759,8.4025538763,9.3071814177
47.0,7.9610177647,8.0516084408,8.1143160599,7.9096327245,7.9343192845,7.8195408339,8.0068754617,8.0633529643,8.653839659,7.8195380556,7.8608438607,8.0567680813,9.3343954015,8.0844305512,7.8062299898,7.991268306,8.2951513105,7.8344937019,7.8180796057,8.2146712331,8.0696064902,8.9763870041,11.71109835,8.4171362812,8.6559724402,8.2058442783,9.1087031882
47.5,7.7697766501,7.8600684298,7.9225781036,7.7185680731,7.7431692333,7.6287978178,7.8154811157,7.8717753369,8.4606891148,7.6287950497,7.6699514406,7.8652115204,9.1401504176,7.8927860647,7.6155358312,7.7999256728,8.1028829359,7.6436962136,7.6273419361,8.0226316511,7.8780089331,8.7826287698,11.517890955,8.2245433063,8.4628177886,8.0138305795,8.9147425848
48.0,7.5831661423,7.6731408219,7.7354400162,7.5321444039,7.5566551752,7.4427140598,7.6287081477,7.6848077608,8.2720329241,7.4427113025,7.4837098865,7.678266329,8.9502728857,7.7057474135,7.4295036402,7.6132075552,7.9151785934,7.4575549427,7.441263822,7.8351719927,7.6910201759,8.593303858,11.328662941,8.0364904532,8.2741570793,7.8263985523,8.725190729
48.5,7.4010732366,7.4907132165,7.5527898085,7.350248364,7.3746639251,7.2611755881,7.44644386,7.5023379129,8.0877624273,7.2611728421,7.3020055118,7.4958201407,8.7646578736,7.5232024132,7.2480193523,7.4310011514,7.7319274509,7.2759560208,7.2597312813,7.652180916,7.5085279367,8.4083054348,11.143319477,7.852867646,8.0898816648,7.6434367984,8.5399415044
49.0,7.2233877075,7.3126759843,7.3745182574,7.1727693848,7.1970850797,7.0840712227,7.2685783304,7.3242562403,7.9077716869,7.0840684885,7.1247274183,7.3177633598,8.5832031217,7.3450416476,7.0709716962,7.2531964363,7.5530214269,7.0987883703,7.0826331241,7.4735498368,7.3304227032,8.2275293642,10.961768262,7.6735675496,7.9098856197,7.4648366779,8.358891483
49.5,7.05000204,7.1389221982,7.2005188363,6.9995996125,7.0238109483,6.9112925071,7.095004343,7.1504558914,7.7319574168,6.9112897852,6.9517674273,7.1439890923,8.4058089716,7.1711583999,6.8982521254,7.0796860925,7.3783551208,6.9259436356,6.9098608839,7.2991728584,7.1565976638,8.050874137,10.783919456,7.4984854996,7.7340656699,7.2904922392,8.1819398539
50.0,6.8808113621,6.9693475659,7.0306876477,6.8306338415,6.8547364862,6.7427336416,6.9256173206,6.9808326482,7.5602189143,6.7427309325,6.7830200129,6.9743930787,8.232378296,7.0014485851,6.7297547514,6.9103654428,7.207825745,6.7573161162,6.7413087515,7.1289467046,6.9869486401,7.878240802,10.609685606,7.3275194342,7.5623211242,7.1203001517,8.0089883539
50.5,6.7157133797,6.8038503643,6.8649233574,6.6657694488,6.6897592288,6.5782914179,6.7603152594,6.8152848608,7.3924579923,6.5782887222,6.6183822365,6.8088736279,8.0628164311,6.8358106842,6.5653762786,6.7451323849,7.041333059,6.592802702,6.5768735088,6.962770653,6.8213740211,7.709532898,10.438981575,7.1605698278,7.3945538073,6.95415964,7.8399412002
51.0,6.5546083126,6.6423313753,6.7031271304,6.5049063304,6.528779228,6.4178651558,6.5989986652,6.6537133833,7.2285789154,6.4178624739,6.4577536834,6.6473315537,7.8970311107,6.6741456803,6.4050159406,6.5838873276,6.8787793047,6.432302809,6.4164544663,6.8005464711,6.6597746992,7.5446563891,10.271724475,6.9975396263,7.230667995,6.7919724189,7.6747050246
51.5,6.397398832,6.4846938237,6.5452025683,6.347946839,6.3716989901,6.2613566409,6.4415704907,6.4960215113,7.0684883359,6.2613539731,6.3010364006,6.4896701119,7.7349324023,6.516356996,6.2485754382,6.426533128,6.7200691435,6.2757183177,6.2599534001,6.6421783537,6.5020540078,7.3835196007,10.107833603,6.8383341844,7.0705703508,6.6336426314,7.5131888098
52.0,6.2439900002,6.330843316,6.3910556484,6.1947957235,6.2184234148,6.1086700642,6.287936075,6.3421149212,6.9120952323,6.108667411,6.1481348361,6.3357949398,7.5764326449,6.3623504324,6.0959588792,6.2729750314,6.5651095955,6.1229535125,6.1072744923,6.4875728614,6.3481176604,7.2260331576,9.9472303783,6.6828612039,6.9141698645,6.4790767874,7.3553038274
52.5,6.0942892111,6.1806877813,6.2405946645,6.0453600696,6.0688597365,5.9597119632,6.1380030842,6.1919016108,6.7593108499,5.959709325,5.9989557802,6.1856139966,7.4214463882,6.2120341102,5.9470727191,6.1231206116,6.4138099797,5.9739150226,5.9583242713,6.3366388618,6.1978736911,7.0721099237,9.7898382768,6.5310306743,6.7613777919,6.3281837043,7.2009635775
53.0,5.9482061327,6.0341374135,6.0937301687,5.8995492425,5.9229174662,5.8143911642,5.9916814538,6.0452918414,6.6100486416,5.8143885414,5.8534083075,6.039037506,7.2698903343,6.0653184113,5.8018257038,5.9768797132,6.2660818559,5.8285117644,5.8130115545,6.1892874707,6.0512323973,6.9216649437,9.6355827763,6.3827548145,6.6121075969,6.1808744489,7.0500837301
53.5,5.8056526508,5.891104615,5.9503749153,5.7572748306,5.7805083355,5.6726187263,5.8488833321,5.9021980816,6.4642242118,5.6726161193,5.7114037209,5.8959778993,7.1216832802,5.9221159228,5.6601288132,5.8341643955,6.1218389684,5.6866548856,5.6712473925,6.0454319962,5.9081062826,6.774615386,9.4843912969,6.2379480161,6.4662748942,6.037062281,6.9025820681
54.0,5.6665428138,5.7515039414,5.8104438056,5.6184505904,5.6415462416,5.5343078865,5.7095230257,5.7625349522,6.3217552608,5.5343052956,5.5728554968,5.7563497609,6.9767460623,5.7823413818,5.5218952069,5.6948888775,5.9809971905,5.5482577101,5.5329450138,5.9049878837,5.7684100025,6.630880487,9.3361931455,6.0965267884,6.3237973946,5.8966625985,6.7583784317
54.5,5.5307927797,5.6152520484,5.6738538346,5.4829923934,5.5059471939,5.3993740064,5.5735169457,5.6262191727,6.1825615311,5.3993714319,5.4376792318,5.6200697746,6.8350015025,5.6459116222,5.3870401702,5.5589694843,5.8434744712,5.4132356848,5.3980197715,5.7678726617,5.6320603104,6.4903814976,9.1909194619,5.9584097047,6.1845948507,5.7595928834,6.6173946644
55.0,5.3983207636,5.4822676396,5.5405240383,5.3508181735,5.3736292619,5.2677345199,5.4407835553,5.4931695092,6.0465647549,5.2677319622,5.3057925902,5.4870566713,6.6963743555,5.512745522,5.2554810625,5.4263245952,5.7091907829,5.2815063273,5.2663890914,5.6340058902,5.4989760058,6.3530416304,9.0485031665,5.8235173497,6.0485890045,5.6257726499,6.4795545608
55.5,5.2690469869,5.352471415,5.4103754432,5.2218478767,5.2445125242,5.1393088828,5.3112433196,5.3633067233,5.913688603,5.1393063422,5.1771152537,5.3572311782,6.5607912582,5.3827639527,5.1271372663,5.2968745924,5.5780680701,5.1529891753,5.1379724213,5.5033091091,5.3690778828,6.2187860089,8.9088789094,5.6917722687,5.9157035368,5.4951233934,6.3447838152
56.0,5.1428936279,5.2257860221,5.2833310167,5.096003411,5.1185190191,5.0140185228,5.1848186554,5.2365535227,5.7838586355,5.0140159995,5.0515688712,5.2305159691,6.4281806793,5.2558897296,5.0019301374,5.1705418118,5.4500302001,5.0276057369,5.012691181,5.3757057893,5.2422886811,6.0875416178,8.7719830216,5.563098918,5.7858640171,5.3675685407,6.2130099723
56.5,5.0197847729,5.1021360071,5.1593156182,4.9732085985,4.9955726958,4.8917867912,5.0614338828,5.1128345126,5.657002253,4.8917842856,4.929077011,5.1068356164,6.298472872,5.1320475635,4.879782957,5.0472504943,5.3250029143,4.905279442,4.890468714,5.2511212837,5.1185330373,5.9592372543,8.637753467,5.4374236164,5.6589978556,5.2430334017,6.0841623786
57.0,4.8996463697,4.9814477681,5.0382559527,4.8533891277,4.8755993679,4.772538916,4.9410151787,4.9920761486,5.53304865,4.7725364282,4.8095651132,4.9861165433,6.171599826,5.0111640134,4.7606208843,4.9269267389,5.2029137816,4.7859355957,4.7712302409,5.1294827803,4.9977374379,5.8338034818,8.5061297967,5.3146744981,5.5350342558,5.1214451224,5.9581721354
57.5,4.7824061813,4.8636495087,4.9200805243,4.7364725081,4.7585266669,4.6562019555,4.8234905299,4.8742066911,5.4119287684,4.6561994859,4.6929604441,4.8682869784,6.0474952229,4.8931674408,4.6443709103,4.8094984566,5.0836921519,4.6695013319,4.6549028126,5.0107192565,4.879830173,5.7111725835,8.3770531036,5.1947814671,5.4139041689,5.0027326387,5.8349720535
58.0,4.6679937409,4.7486711933,4.8047195916,4.6223880248,4.6442839975,4.5427047538,4.7087896891,4.75915616,5.2935752538,4.5427023026,4.5791920508,4.7532769105,5.926094391,4.7779879645,4.5309618133,4.6948953255,4.9672691118,4.5559055683,4.541415266,4.8947614339,4.7647412921,5.5912785183,8.2504659798,5.0776761521,5.2955402492,4.886826632,5.7144966084
58.5,4.5563403086,4.636444504,4.6921051241,4.5110666952,4.5328024939,4.4319778969,4.5968441308,4.6468562911,5.1779224112,4.4319754643,4.4681907181,4.6410180453,5.8073342627,4.6655574174,4.4203241147,4.5830487474,4.8535774407,4.445078963,4.4306981799,4.781541735,4.6524025599,5.4740568773,8.1263124742,4.9632918631,5.1798768105,4.7736594852,5.5966818968
59.0,4.4473788282,4.5269027969,4.5821707593,4.402441226,4.4240149771,4.3239536698,4.4875870085,4.5372404939,5.0649061632,4.323951256,4.3598889252,4.5314437624,5.6911533323,4.5558093035,4.3123900366,4.4738918046,4.7425515685,4.3369538715,4.3226838324,4.6709942405,4.5427474138,5.3594448416,8.0045380515,4.851563549,5.0668497838,4.6631652405,5.4814655954
59.5,4.3410438863,4.4199810618,4.4748517618,4.2964459719,4.3178559133,4.218566015,4.3809531137,4.4302438096,4.9544640086,4.2185636202,4.2542208046,4.4244890742,5.5774916152,4.4486787566,4.2070934602,4.3673592191,4.6341275343,4.2314643054,4.2173061595,4.5630546481,4.4357109226,5.2473811417,7.8850895531,4.7424277565,4.9563966763,4.5552795576,5.3687869189
60.0,4.237271671,4.3156158806,4.3700849824,4.1930168946,4.2142613735,4.115750492,4.2768788348,4.3258028708,4.8465349824,4.1157481163,4.151122101,4.3200905848,5.4662906081,4.3441024999,4.1043698847,4.2633873115,4.5282429459,4.1285458912,4.1145007139,4.4576602317,4.3312297459,5.137806017,7.7679151585,4.6358225895,4.8484565311,4.4499396737,5.258586581
60.5,4.1359999332,4.2137453887,4.2678088186,4.0920915239,4.1131689939,4.0154442373,4.1753021181,4.2238558623,4.7410596168,4.015441881,4.050530132,4.2181864515,5.3574932507,4.2420188063,4.0041563883,4.1619139614,4.4248369403,4.0281358314,4.0142046258,4.3547498025,4.2292420946,5.0306611774,7.6529643485,4.5316876699,4.7429698883,4.3470843639,5.1508067553
61.0,4.0371679473,4.1143092361,4.1679631767,3.9936089182,4.0145179369,3.9175859263,4.0761624289,4.1243424823,4.6379799029,3.9175835895,3.9523837494,4.1187163452,5.2510438879,4.1423674604,3.9063915888,4.0628785696,4.3238501459,3.9301728652,3.9163565641,4.2542636706,4.1296876925,4.9258897653,7.5401878685,4.4299640998,4.639878747,4.246653903,5.0453910373
61.5,3.940716474,4.0172485498,4.0704894339,3.8975096279,3.9182488541,3.822115735,3.9794007141,4.0272039048,4.5372392539,3.8221134178,3.8566233017,4.0216214138,5.1468882334,4.0450897204,3.8110156066,3.9662220199,4.225224645,3.8345972312,3.8208966989,4.1561436072,4.0325077388,4.8234363188,7.4295376944,4.3305944238,4.5391265278,4.1485900278,4.9422844085
62.0,3.8465877236,3.9225058976,3.9753304017,3.8037356579,3.8243038495,3.7289753034,3.8849593659,3.9323827435,4.4387824692,3.728973006,3.7631905968,3.9268442453,5.0449733341,3.9501282821,3.7179700273,3.8718866424,4.1289039372,3.7413506305,3.7277666642,4.0603328085,3.9376448714,4.7232467362,7.3209669978,4.2335225931,4.4406580376,4.052835901,4.8414331999
62.5,3.7547253204,3.8300252521,3.8824302907,3.7122304319,3.7326264433,3.6381077,3.7927821853,3.8398230158,4.3425556987,3.6381054225,3.6720288669,3.8343288318,4.9452475354,3.857427243,3.6271978664,3.7798161784,4.0348329042,3.6503761908,3.6369095226,3.9667758604,3.8450431316,4.6252682407,7.214430114,4.1386939298,4.3444194337,3.9593360758,4.7427850577
63.0,3.6650742673,3.7397519561,3.7917346757,3.6229387581,3.6431615375,3.5494573862,3.7028143482,3.7494701082,4.2485064094,3.5494551288,3.5830827331,3.7440205354,4.847660448,3.7669320676,3.5386435335,3.689955745,3.9429577752,3.5616184316,3.54826973,3.8754187034,3.7546479291,4.5294493467,7.1098825094,4.0460550931,4.2503581899,3.8680364607,4.6462889095
63.5,3.5775809125,3.6516326887,3.7031904618,3.5358067943,3.5558553816,3.4629701826,3.6150023708,3.6612707421,4.1565833513,3.4629679453,3.4962981711,3.6558660538,4.7521629147,3.6785895535,3.452252799,3.6022518014,3.8532260935,3.4750232298,3.4617931013,3.7862085991,3.6664060079,4.435739827,7.0072807508,3.9555540449,4.1584230635,3.7788842862,4.551894931
64.0,3.4921929158,3.5656154321,3.6167458514,3.4507820155,3.4706555395,3.3785932354,3.5292940769,3.5751729414,4.0667365255,3.3785910183,3.4116224786,3.5698133876,4.6587069791,3.5923477988,3.3679727601,3.5166521158,3.7655866831,3.3905377865,3.3774267774,3.6990940974,3.5802654138,4.3440906803,6.9065824756,3.8671400182,4.0685640622,3.691828072,4.4595545147
64.5,3.4088592168,3.4816494396,3.5323503122,3.3678131809,3.3875108574,3.2962749843,3.4456385654,3.4911259997,3.9789171526,3.2962727875,3.3290042423,3.4858118077,4.5672458542,3.508156169,3.2857518087,3.4331057328,3.6799896175,3.3081105947,3.2951191927,3.6140250046,3.496175462,4.2544541,6.8077463622,3.7807634841,3.9807324132,3.6068175947,4.3692202379
65.0,3.3275300029,3.3996852041,3.4499545458,3.2868503025,3.3063714316,3.2159651302,3.363986179,3.409080449,3.8930776415,3.2159629537,3.2483933063,3.4038118242,4.4777338924,3.4259652666,3.2055395997,3.3515629425,3.5963861879,3.2276914074,3.2148200432,3.5309523516,3.4140867053,4.1667834441,6.7107321022,3.6963761219,3.8948805318,3.5238038565,4.2808458331
65.5,3.2481566787,3.3196744275,3.3695104572,3.2078446146,3.2271885785,3.1376146049,3.2842884732,3.3289880293,3.80917156,3.1376124489,3.1697407418,3.3237651558,4.3901265565,3.3457269001,3.1272870195,3.2719752493,3.5147288733,3.1492312068,3.1364802557,3.449828364,3.3339509041,4.081033205,6.6155003726,3.613930788,3.8109619921,3.4427390552,4.1943861581
66.0,3.1706918362,3.2415699905,3.2909711247,3.1307485434,3.1499148041,3.0611755407,3.2064981868,3.2508016588,3.7271536051,3.0611734052,3.0929988162,3.2456246997,4.3043803906,3.2673940539,3.0509461568,3.194295342,3.4349713106,3.0726821742,3.0600519575,3.3706064323,3.2557209962,3.9971589811,6.5220128093,3.533381487,3.7289314973,3.3635765538,4.1097971673
66.5,3.0950892255,3.1653259242,3.2142907715,3.0555156777,3.0745037748,2.9866012408,3.1305692125,3.1744754045,3.646979575,2.9865991258,3.0181209641,3.1693445027,4.2204529931,3.1909208597,2.9764702722,3.1184770649,3.3570682662,2.9979976608,2.9854884474,3.293241083,3.1793510679,3.9151174486,6.4302319814,3.4546833428,3.6487448514,3.2862708523,4.0270358839
67.0,3.021303726,3.0908973809,3.1394247364,2.9821007406,3.000910289,2.913846151,3.0564565685,3.0999644538,3.5686063411,2.9138440566,2.9450617591,3.0948797326,4.1383029889,3.116262568,2.9038137702,3.0444753892,3.2809756073,2.9251321583,2.9127441665,3.2176879501,3.1047963253,3.8348663339,6.3401213658,3.3777925708,3.5703589319,3.2107775592,3.9460603726
67.5,2.9492913191,3.018240607,3.0663294475,2.9104595614,2.9290902493,2.8428658314,2.9841163708,3.0272250874,3.4919918213,2.8428637575,2.8737768849,3.0221866508,4.0578900041,3.0433755201,2.8329321708,2.972246385,3.2066502752,2.854041272,2.8417746705,3.143903748,3.0320130671,3.7563643874,6.2516453232,3.3026664503,3.493731662,3.1370533637,3.866829713
68.0,2.8790090606,2.9473129159,2.9949623939,2.8405490487,2.859000635,2.7736169291,2.9135058058,2.9562146514,3.4170949535,2.7736148759,2.8042231091,2.9512225852,3.9791746393,2.9722171219,2.7637820822,2.9017471945,3.134050258,2.7846816924,2.7725366024,3.0718462447,2.9609586572,3.6795713573,6.1647690742,3.2292632986,3.4188219854,3.0650560094,3.7893039741
68.5,2.8104150548,2.8780726613,2.9252821006,2.7723271633,2.790599476,2.7060571518,2.8445831047,2.886891532,3.3438756701,2.7060551192,2.7363582558,2.8819459037,3.9021184457,2.9027458168,2.6963211745,2.8329360057,3.063134565,2.7170111697,2.7049876656,3.0014742353,2.8915914987,3.6044479643,6.0794586763,3.1575424443,3.3455898397,2.9947442679,3.7134441889
69.0,2.7434684281,2.810479212,2.8572481022,2.7057528931,2.723845827,2.6401452417,2.7773075168,2.8192151292,3.2722948731,2.6401432298,2.6701411802,2.8143159887,3.8266839004,2.8349210606,2.6305081533,2.7657720263,2.9938632012,2.650988487,2.6390865983,2.9327475172,2.8238710082,3.5309558774,5.9956810021,3.0874642029,3.2739961322,2.9260779136,3.6392123301
69.5,2.6781293044,2.7444929267,2.7908209185,2.6407862275,2.6586997419,2.5758409501,2.7116392854,2.7531458318,3.2023144099,2.5758389588,2.605531743,2.7482932124,3.752834383,2.7687032965,2.5663027344,2.7002154589,2.9261971426,2.5865734351,2.574793148,2.8656268645,2.7577575907,3.4590576894,5.9134037169,3.0189898518,3.2040027153,2.8590176985,3.5665712863
70.0,2.6143587802,2.6800751297,2.7259620295,2.5773881326,2.5951222498,2.5131050127,2.6475396225,2.6886449934,3.1338970494,2.513103042,2.5424907859,2.6838389118,3.6805341526,2.7040539305,2.5036656194,2.6362274763,2.860098312,2.5237267884,2.5120680466,2.8000740046,2.6932126154,3.3887168943,5.8325952585,2.9520816065,3.135572363,2.7935253282,3.495484839
70.5,2.5521189009,2.617188087,2.6626338525,2.5155205276,2.5330753305,2.4518991256,2.5849706855,2.6256749084,3.0670064593,2.4518971754,2.4809801077,2.6209153654,3.6097483255,2.6409353079,2.4425584711,2.5737701979,2.7955295559,2.46241028,2.4508729866,2.7360515939,2.6301983917,3.3198978639,5.7532248161,2.8867025971,3.0686687476,2.7295634384,3.4259176397
71.0,2.4913726374,2.5557949828,2.6007997183,2.4551462613,2.4725218916,2.3921859216,2.5238955536,2.5641987887,3.0016071833,2.392183992,2.4209624405,2.5594857696,3.5404428533,2.5793106898,2.3829438903,2.5128066662,2.7324546213,2.4025865788,2.3911705972,2.6735231956,2.5686781462,3.2525658263,5.6752623108,2.8228168459,3.0032564175,2.6670955718,3.3578351883
71.5,2.4320838634,2.4958598977,2.5404238492,2.3962290893,2.4134257455,2.3339289474,2.4642782056,2.5041807413,2.9376646194,2.3339270384,2.3624014268,2.4995142166,3.4725845023,2.5191442311,2.3247853926,2.4533008241,2.6708381333,2.3442192663,2.3329244218,2.6124532565,2.5086160001,3.1866868441,5.5986783766,2.7603892449,2.9393007754,2.6060861557,3.2912038114
72.0,2.3742173333,2.4373477859,2.4814713366,2.3387336516,2.3557515871,2.2770926412,2.406083497,2.4455857463,2.8751449989,2.2770907527,2.3052615977,2.4409656719,3.4061408324,2.4604009579,2.2680473863,2.3952174928,2.6106455737,2.2872728143,2.2760988952,2.5528070858,2.4499769472,3.1222277935,5.5234443411,2.6993855346,2.8767680568,2.5465004801,3.2259906418
72.5,2.3177386602,2.3802244539,2.4239081199,2.2826254508,2.2994649724,2.2216423109,2.3492771393,2.3883796352,2.8140153649,2.2216404428,2.2495083506,2.3838059532,3.3410801771,2.4030467464,2.2126951502,2.3385223505,2.5518432597,2.2317125631,2.2206593222,2.4945508333,2.3927268321,3.0591563437,5.4495322079,2.6397722826,2.8156253091,2.4883046766,3.1621635982
73.0,2.2626142953,2.3244565398,2.3677009653,2.2278708316,2.2445322971,2.1675441125,2.2938256784,2.33252907,2.7542435528,2.1675422648,2.1951079281,2.3280017088,3.2773716243,2.3470483018,2.1586948125,2.2831819107,2.4943983231,2.1775047003,2.1665718557,2.4376514691,2.3368323298,2.9974409376,5.3769146387,2.5815168632,2.755840372,2.4314656973,3.0996913653
73.5,2.208811507,2.2700114923,2.3128174458,2.1744369592,2.1909207762,2.1147650299,2.2396964742,2.278001523,2.6957981704,2.1147632025,2.1420273974,2.2735203981,3.2149849971,2.2923731382,2.1060133301,2.2291635023,2.4382786903,2.1246162397,2.1138034766,2.3820767632,2.2822609249,2.9370507719,5.3055649362,2.5245874378,2.6973818571,2.375951295,3.0385433747
74.0,2.1562983609,2.2168575515,2.2592259212,2.1222918,2.1385984239,2.063272854,2.1868576807,2.2247652564,2.6386485784,2.0632710469,2.0902346301,2.2203302706,3.1538908352,2.238989558,2.054618468,2.1764352494,2.3834530627,2.0730150016,2.062321973,2.3277952655,2.2289808917,2.8779557784,5.2354570272,2.4689529347,2.6402191291,2.321730003,2.978689786
74.5,2.1050437005,2.1649637286,2.2068955183,2.0714041015,2.0875340335,2.0130361634,2.1352782266,2.1727893035,2.582764872,2.0130343766,2.0396982823,2.1684003475,3.0940603773,2.1868666335,2.0044787796,2.1249660515,2.3298908975,2.0226695927,2.0120959208,2.2747762869,2.1769612749,2.8201266058,5.1665654471,2.4145830307,2.5843222871,2.2687711162,2.9201014689
75.0,2.0550171275,2.1142997879,2.155796113,2.021743373,2.0376971591,1.9640243049,2.0849277959,2.1220434492,2.5281178628,1.9640225383,1.9903877755,2.1177004019,3.0354655432,2.1359741871,1.9555635878,2.0747255648,2.2775623889,1.9735493868,1.9630946642,2.2229898807,2.1261718706,2.7635346017,5.0988653234,2.3614481325,2.5296621461,2.2170446721,2.8627499854
75.5,2.0061889839,2.0648362272,2.1058983109,1.9732798676,1.9890580964,1.9162073749,2.0357768096,2.0724982118,2.4746790606,1.9162056284,1.9422732778,2.0682009408,2.9780789169,2.0862827733,1.9078429656,2.0256841834,2.2264384505,1.9256245063,1.9152882969,2.1724068236,2.0765832078,2.7081517951,5.0323323608,2.3095193585,2.4762102196,2.1665214326,2.8066075724
76.0,1.9585303334,2.0165442609,2.0571734299,1.9259845632,1.9415878645,1.8695562007,1.9877964079,2.0241248249,2.4224206564,1.8695544741,1.8953256858,2.019873187,2.92187373,2.0377636606,1.861287718,1.9778130213,2.1764906968,1.8788658036,1.8686476437,2.1229985989,2.0281665306,2.6539508797,4.9669428266,2.2587685214,2.4239387021,2.1171728664,2.7516471247
76.5,1.9120129438,1.9693958017,2.0095934826,1.8798291453,1.8952581886,1.8240423228,1.9409584318,1.97689522,2.3713155057,1.8240406161,1.8495166065,1.9726890613,2.8668238455,1.990388814,1.8158693642,1.9310838948,2.1276914265,1.8332448433,1.823144243,2.0747373782,1.9808937803,2.6009051972,4.9026735355,2.2091681108,2.3728204522,2.0689711313,2.697842179
77.0,1.8666092697,1.9233634434,1.9631311591,1.8347859893,1.850041482,1.7796379775,1.8952354066,1.930782009,2.3213371116,1.7796362907,1.8048183399,1.9266211658,2.812903742,1.9441308779,1.7715601198,1.8854693052,2.0800136053,1.7887338847,1.7787503286,2.0275960049,1.9347375785,2.5489887212,4.8395018365,2.160691277,2.3228289764,2.0218890572,2.6451668978
77.5,1.8222924359,1.8784204448,1.9177598106,1.7908281438,1.80591083,1.7363160798,1.8506005249,1.885758468,2.2724596093,1.7363144128,1.7612038624,1.8816427665,2.7600884984,1.8989631595,1.7283328802,1.8409424219,2.03343085,1.7453058652,1.7354388135,1.9815479778,1.8896712105,2.4981760416,4.7774055986,2.1133118143,2.2739384129,1.9759001299,2.5935960537
78.0,1.7790362206,1.8345407128,1.8734534328,1.747929314,1.7628399728,1.6940502068,1.8070276301,1.8417985206,2.22465775,1.6940485594,1.7186468098,1.8377277779,2.7083537791,1.8548596121,1.6861612034,1.7974770662,1.9879174118,1.7029343829,1.6931832727,1.9365674348,1.8456686087,2.4484423494,4.7163631977,2.0670041452,2.226123516,1.9309784749,2.5431050145
78.5,1.7368150396,1.7916987867,1.8301866508,1.7060638456,1.72080329,1.6528145815,1.7644912006,1.7988767221,2.1779068861,1.6528129537,1.6771214613,1.7948507462,2.6576758194,1.8117948198,1.6450192944,1.7550476951,1.9434481611,1.6615936813,1.6519579271,1.8926291372,1.802704337,2.3997634215,4.656353504,2.0217433051,2.179359641,1.8870988415,2.4936697282
79.0,1.6956039308,1.7498698229,1.7879347025,1.6652067093,1.6797757843,1.6125840569,1.7229663341,1.7569682442,2.1321829564,1.6125824485,1.6366027239,1.7529868346,2.608031411,1.769743982,1.6048819887,1.713629386,1.8999985725,1.621258633,1.6117376278,1.8497084543,1.7607535752,2.3521156066,4.597355869,1.9775049271,2.1336227295,1.8442365875,2.4452667089
79.5,1.6553785386,1.7090295793,1.7466734249,1.6253334853,1.6397330669,1.5733341006,1.6824287326,1.7160488596,2.0874624713,1.5733325116,1.5970661167,1.7121118075,2.5593978887,1.7286828978,1.5657247375,1.6731978213,1.8575447093,1.5819047241,1.5724978407,1.8077813488,1.719792104,2.3054758109,4.5393501136,1.9342652273,2.0888892944,1.8023676645,2.3978730226
80.0,1.6161150994,1.6691544011,1.7063792384,1.5864203484,1.6006513422,1.53504078,1.6428546874,1.6760949276,2.043722499,1.5350392102,1.5584877563,1.6722020163,2.5117531169,1.6885879518,1.5275235922,1.6337292737,1.8160632098,1.5435080398,1.5342146314,1.766824362,1.6797962901,2.2598214844,4.4823165165,1.8920009907,2.0451364068,1.7614686032,2.3514662736
80.5,1.577790427,1.6302212061,1.667029133,1.5484440535,1.5625073932,1.4976807473,1.604221065,1.6370833795,2.0009406517,1.4976791966,1.5208443418,1.6332343846,2.4650754759,1.6494360995,1.49025519,1.5952005915,1.7755312727,1.5060452494,1.4968646504,1.7268145996,1.640743072,2.2151306075,4.426235802,1.8506895569,2.0023416812,1.7215164993,2.3060245914
81.0,1.5403818982,1.5922074706,1.6286006541,1.5113819214,1.5252785678,1.4612312252,1.5665052925,1.5989917045,1.9590950723,1.4612296935,1.484113141,1.5951863946,2.4193438502,1.6112048534,1.4538967391,1.557589185,1.7359266435,1.4694935918,1.460425119,1.6877297181,1.6026099458,2.1713816776,4.3710891294,1.8103088068,1.9604832631,1.6824889993,2.2615266174
81.5,1.5038674395,1.5550912159,1.5910718892,1.4752118249,1.4889427645,1.4256699933,1.5296853444,1.5617979364,1.9181644214,1.4256684805,1.4482719761,1.558036073,2.3745376151,1.5738722695,1.4184260054,1.520873012,1.6972276012,1.4338308619,1.424873815,1.649547911,1.5653749519,2.1285536972,4.3168580821,1.770837149,1.9195398154,1.6443642875,2.2179514927
82.0,1.4682255132,1.5188509952,1.5544214544,1.4399121754,1.453478419,1.390975374,1.4937397287,1.52548064,1.8781278645,1.39097388,1.41329921,1.5217619779,2.3306366252,1.5374169338,1.3838212982,1.4850305652,1.659412945,1.399035397,1.3901890596,1.6122478959,1.5290166614,2.0866261606,4.2635246563,1.7322535072,1.8794905057,1.6071210724,2.1752788456
82.5,1.4334351047,1.4834658799,1.5186284813,1.4054619094,1.4188644914,1.3571262196,1.4586474744,1.4900188981,1.8389650596,1.3571247442,1.3791737336,1.4863431859,2.2876212025,1.5018179493,1.3500614576,1.4500408586,1.6224619819,1.3650860632,1.3563497036,1.5758089015,1.493514163,2.0455790423,4.2110712518,1.6945373075,1.8403149943,1.5707385744,2.1334887797
83.0,1.3994757091,1.4489154476,1.4836726049,1.3718404762,1.385080453,1.3241018991,1.4243881182,1.4553922988,1.8006561454,1.3241004422,1.3458749526,1.4517592793,2.2454721247,1.4670549235,1.3171258406,1.4158834149,1.586354514,1.3319622428,1.3233351147,1.5402106551,1.4588470507,2.0053927854,4.1594806608,1.6576684659,1.8019934219,1.5351965125,2.0925618622
83.5,1.3663273196,1.4151797693,1.4495339508,1.3390278249,1.3521062738,1.2918822856,1.3909416926,1.4215809236,1.7631817292,1.2918808471,1.3133827747,1.4179903335,2.2041706144,1.4331079559,1.2849943094,1.3825382529,1.5510708265,1.2996438213,1.291125165,1.5054333707,1.4249954112,1.9660482896,4.1087360593,1.6216273767,1.7645063979,1.500475093,2.0524791126
84.0,1.3339704145,1.3822393976,1.4161931236,1.3070043922,1.3199224106,1.260447744,1.3582887133,1.3885653346,1.7265228756,1.2604463237,1.2816775977,1.3850169054,2.1636983279,1.3999576264,1.2536472183,1.3499858757,1.5165916759,1.2681111756,1.259700218,1.4714577368,1.3919398119,1.9275269004,4.0588209965,1.5863949002,1.7278349887,1.4665549969,2.0132219915
84.5,1.3023859456,1.3500753548,1.3836311947,1.2757510908,1.288509795,1.2297791191,1.3264101678,1.3563265633,1.6906610954,1.2297777168,1.2507402971,1.3528200213,2.1240373447,1.3675849829,1.2230654021,1.3182072587,1.4828982784,1.2373451614,1.2290411174,1.4382649048,1.3596612892,1.8898103982,4.0097193865,1.5519523522,1.6919607071,1.4334173685,1.97477239
85.0,1.2715553271,1.3186691213,1.3518296915,1.2452492975,1.2578498214,1.1998577234,1.2952875035,1.324846099,1.6555783347,1.1998563391,1.220552215,1.3213811655,2.0851701573,1.3359715303,1.1932301641,1.2871838378,1.4499722989,1.2073271021,1.1991291748,1.4058364778,1.328141337,1.8528809876,3.9614154987,1.5182814921,1.6568655009,1.4010438044,1.9371126192
85.5,1.2414604235,1.2880026248,1.3207705859,1.2154808418,1.2279243363,1.1706653262,1.2649026168,1.2941058774,1.6212569643,1.1706639598,1.191095148,1.2906822693,2.0470796609,1.3050992193,1.1641232649,1.2568974986,1.4177958396,1.1780387767,1.1699461587,1.3741544997,1.2973618954,1.8167212869,3.9138939495,1.4853645124,1.6225317425,1.3694163419,1.9002253997
86.0,1.2120835393,1.2580582289,1.2904362832,1.1864279951,1.1987156267,1.1421841423,1.2352378418,1.26408827,1.5876797689,1.1421827936,1.1623513365,1.2607056996,2.0097491436,1.2749504354,1.1357269108,1.2273305651,1.3863514301,1.1494624094,1.1414742826,1.3432014441,1.2673053402,1.7813143184,3.8671396933,1.4531840281,1.5889422184,1.3385174488,1.864093852
86.5,1.1834074075,1.2288187228,1.2608096123,1.1580734596,1.1702064099,1.1143968208,1.20627594,1.2347760734,1.554829938,1.1143954896,1.134303454,1.231434249,1.9731622772,1.2455079885,1.1080237433,1.1984657891,1.355622016,1.1215806578,1.113696195,1.3129602043,1.2379544717,1.7466434983,3.8211380148,1.4217230666,1.5560801195,1.3083300125,1.8287014863
87.0,1.1554151802,1.2002673107,1.2318738146,1.130400358,1.1423798223,1.0872864347,1.1780000896,1.2061524987,1.522691055,1.0872851209,1.1069345958,1.2028511248,1.9373031073,1.2167551021,1.0809968283,1.1702863396,1.3255909498,1.0943766031,1.086594968,1.2834140826,1.2092925049,1.7126926272,3.7758745205,1.3909650572,1.5239290307,1.27883733,1.7940321937
87.5,1.1280904171,1.172387602,1.2036125342,1.1033922231,1.1152194098,1.0608364705,1.1503938752,1.1782011617,1.4912470883,1.060835174,1.0802282696,1.1749399389,1.9021560449,1.1886754037,1.0546296456,1.1427757931,1.2962419799,1.0678337395,1.0601540876,1.2545467805,1.1813030589,1.6794458808,3.731335131,1.3608938219,1.4924729219,1.2500230977,1.7600702362
88.0,1.1014170767,1.1451636009,1.1760098084,1.077032988,1.0887091174,1.0350308182,1.1234412783,1.1509060728,1.4604823818,1.0350295389,1.0541683847,1.1476846985,1.8677058569,1.1612529149,1.028906079,1.1159181229,1.2675592422,1.0419359639,1.0343574428,1.2263423893,1.1539701475,1.6468878006,3.6875060733,1.3314935653,1.4616961383,1.2218714019,1.7268002383
88.5,1.0753795058,1.1185796972,1.1490500577,1.0513069757,1.0628332796,1.0098537612,1.0971266672,1.1242516275,1.4303816457,1.0098524989,1.0287392427,1.1210697958,1.833937658,1.1344720412,1.0038104062,1.08969769,1.2395272493,1.0166675661,1.0091893166,1.19878538,1.1272781691,1.6150032855,3.6443738738,1.3027488658,1.4315833913,1.1943667094,1.694207178
89.0,1.0499624302,1.0926206569,1.1227180764,1.0261988905,1.037576611,0.98528996691,1.0714347878,1.0982225969,1.4009299476,0.98528872136,1.0039255274,1.0950799991,1.8008369018,1.1083175636,0.97932728926,1.0640992336,1.2121308828,0.99201321956,0.98463437566,1.1718605945,1.1012118978,1.5837775826,3.6019253504,1.274644666,1.4021197499,1.1674938577,1.662276378
89.5,1.0251509458,1.0672716125,1.0969990241,1.0016938078,1.0129241967,0.96132447708,1.0463507544,1.0728041188,1.372112704,0.96132324822,0.97971229594,1.0697004431,1.7683893733,1.0827746285,0.95544176522,1.0391078614,1.1853553829,0.96795797146,0.96067766132,1.1455532366,1.0757564739,1.5531962793,3.5601476058,1.2471662645,1.3732906317,1.1412380466,1.6309934979
90.0,1.000930509,1.0425180549,1.0718784161,0.9777771658,0.98886148362,0.93794269893,1.0218600406,1.0479816883,1.3439156717,0.9379414866,0.95608496932,1.0449166207,1.7365811802,1.0578287396,0.9321392369,1.0147090413,1.1591863409,0.94448723398,0.93730458029,1.1198488629,1.050897395,1.5232452946,3.5190280209,1.2202993066,1.3450817945,1.1155848292,1.6003445257
90.5,0.97728692841,1.018345824,1.0473421152,0.95443475601,0.96537427132,0.91513039604,0.99794847046,1.0237411497,1.3163249397,0.9151292001,0.93302932373,1.0207143736,1.7053987457,1.0334657486,0.90940546395,0.99088859197,1.1336096898,0.92158677522,0.91450089571,1.0947333744,1.0266205076,1.4939108715,3.4785542475,1.1940297764,1.3174793286,1.0905201029,1.5703157701
91.0,0.95420635594,0.99474110044,1.023376323,0.931652715,0.94244870371,0.89287367972,0.97460221037,1.0000686875,1.2893269211,0.89287250001,0.91053148176,0.99707988423,1.6748288003,1.009671847,0.88722655409,0.9676326748,1.1086116967,0.8992427105,0.89225271848,1.0701930083,1.0029119984,1.4651795689,3.4387142026,1.1683439883,1.2904696479,1.0660301017,1.5408938525
91.5,0.93167527858,0.97169039732,0.99996757206,0.90941751587,0.92007126046,0.87115900042,0.95180776022,0.97695081839,1.2629083454,0.87115783679,0.88857790397,0.97399966717,1.6448583752,0.98643355805,0.86558895467,0.94492778527,1.0841789541,0.87744149389,0.87054649873,1.0462143295,0.97975838573,1.4370382542,3.3994960611,1.1432285791,1.2640394828,1.0421013877,1.5120656997
92.0,0.90968051018,0.94918055212,0.97710271718,0.88771596003,0.89822874888,0.84997313952,0.92955194556,0.95437438294,1.2370562506,0.84997199182,0.86715538062,0.95146056133,1.6154747944,0.96373772815,0.84447944429,0.92276074487,1.0602983724,0.85616990992,0.84936901751,1.0227842229,0.95714651213,1.4094740959,3.3608882507,1.1186705003,1.2381758723,1.0187208429,1.4838185365
92.5,0.88820918349,0.92719871876,0.95476892816,0.86653516919,0.87690829589,0.82930320118,0.9078219096,0.93232653801,1.2117579759,0.82930206925,0.84625102365,0.92944972188,1.5866656682,0.94157151942,0.82388512471,0.90111869319,1.0369571721,0.83541506551,0.82870737874,0.99988988549,0.93506353594,1.3824745561,3.3228794451,1.0946570104,1.2128661564,0.99587566208,1.4561398787
93.0,0.86724874241,0.90573235991,0.93295368191,0.84586257756,0.85609734025,0.80913660447,0.88660510545,0.91079474886,1.1870011547,0.80913548817,0.82585225876,0.90795461265,1.5584188858,0.91992240187,0.803793413,0.87998908015,1.0141428761,0.81516438207,0.80854900125,0.97751881893,0.91349692381,1.3560273838,3.2854585585,1.0711756674,1.1880979693,0.97355334446,1.4290175258
93.5,0.84678693434,0.88476923949,0.91164475501,0.82568592422,0.83578362497,0.78946107569,0.86588928864,0.88976678172,1.162773707,0.78945997486,0.8059468178,0.88696299856,1.5307226094,0.89877814593,0.78419203374,0.85935965844,0.99184330291,0.79540558785,0.78888161114,0.95565882205,0.89243444321,1.3301206078,3.2486147398,1.0482143216,1.1638592319,0.95174168686,1.4024395546
94.0,0.82681180289,0.86429741536,0.89083021644,0.80599324567,0.81595518986,0.77026464081,0.84566250968,0.86923069646,1.1390638332,0.77026355529,0.78652273127,0.86646293834,1.5035652668,0.87812681518,0.76506901158,0.83921847617,0.97004655881,0.77612671039,0.76969323425,0.93429798368,0.87186415508,1.30474253,3.2123373671,1.0257611089,1.140138145,0.93042877631,1.3763943123
94.5,0.80731168058,0.84430523215,0.87049842051,0.78677286861,0.79660036432,0.75153561817,0.82591310696,0.84917483945,1.1158600067,0.75153454782,0.76756832104,0.8464427774,1.4769355459,0.85795675917,0.74641266384,0.81955386966,0.9487410314,0.75731606926,0.7509721888,0.91342467565,0.85177440673,1.2798817191,3.1766160425,1.0038044431,1.1169231827,0.90960298301,1.35087041
95.0,0.78827518183,0.82478131433,0.85063799991,0.7680134028,0.77770776026,0.73326261134,0.80662969969,0.8295878366,1.0931509676,0.733261556,0.7490721932,0.82689114083,1.450822388,0.83825660657,0.72821159339,0.80035445643,0.92791538258,0.73896226887,0.73270707828,0.89302754593,0.83215382489,1.2555270039,3.1414405863,0.98233301027,1.0942030858,0.88925295349,1.3258567168
95.5,0.76969119611,0.80571455937,0.83123785898,0.74970373422,0.75926626523,0.71543450213,0.78780118111,0.81045858661,1.0709257164,0.71543346164,0.73102323115,0.80779692663,1.4252149818,0.81901525831,0.71045468163,0.78160912836,0.90755854203,0.72105419155,0.71488678446,0.87309551193,0.81299130889,1.2316674674,3.1068010325,0.96133576125,1.0719668555,0.86936760395,1.3013423532
96.0,0.75154888123,0.78709413115,0.81228716711,0.73183301833,0.74126503573,0.6980404438,0.76941671181,0.7917762543,1.0491735078,0.69803941801,0.71341058885,0.7891492991,1.4001027579,0.80022188103,0.69313108173,0.76330704504,0.88765970067,0.70358099074,0.69750046056,0.85361775402,0.79427602407,1.2082924404,3.0726876235,0.94080190583,1.0502037467,0.84993611368,1.2773166853
96.5,0.73383765682,0.76890945344,0.79377535231,0.71439067346,0.72369349061,0.6810698544,0.75146571322,0.77353026417,1.0278838444,0.68106884316,0.69622368415,0.77093768233,1.3754753826,0.78186590061,0.67623021193,0.74543762721,0.8682083044,0.68653208437,0.68053752468,0.83458370916,0.77599739535,1.1853914961,3.039090805,0.92072090632,1.0289032627,0.83094791878,1.253769319
97.0,0.71654719795,0.75115020368,0.77569209499,0.69736637443,0.70654130472,0.66451241033,0.7339378613,0.75571029412,1.0070464709,0.66451141349,0.6794521924,0.75315175394,1.3513227526,0.76393699589,0.65974174907,0.72799055047,0.84919404793,0.66989714838,0.66398765326,0.81598306468,0.75814510088,1.1629544438,3.0060012219,0.9010824715,1.0080551485,0.81239270588,1.2306900944
97.5,0.69966742891,0.73380630673,0.75802732177,0.68075004629,0.68979840263,0.64835804,0.71682308035,0.73830626927,0.98665136817,0.6483570574,0.66308604016,0.73578143892,1.3276349897,0.74642509255,0.64365562228,0.71095573904,0.83060686882,0.65366611045,0.64784077477,0.79780575226,0.74070906593,1.1409713236,2.973409713,0.88187655073,0.98764938546,0.79426040612,1.20806908
98.0,0.68318851717,0.71686792894,0.74077119961,0.66453185825,0.67345495262,0.63259691769,0.70011153696,0.721308356,0.96668874794,0.63259594917,0.64711539904,0.71881690362,1.3044024349,0.7293203571,0.62796200682,0.69432335973,0.81243694159,0.63782914383,0.6320870636,0.78004194205,0.7236794569,1.1194324008,2.9413073069,0.86309332817,0.96767618566,0.77654118928,1.1858965674
98.5,0.66710086742,0.70032547225,0.72391412991,0.6487022177,0.65750136068,0.6172194575,0.68379363413,0.70470695606,0.94714904696,0.61721850292,0.63153067973,0.7022485499,1.2816156441,0.71261319109,0.61265131801,0.67808381607,0.79467467204,0.62237666132,0.61671693399,0.76268203685,0.70704667549,1.0983281608,2.9096852175,0.84472321711,0.94812598617,0.75922545794,1.1641630661
99.0,0.65139511588,0.68416956851,0.70744674292,0.63325176441,0.64192826477,0.60221630754,0.66786000556,0.68849270092,0.9280229218,0.60221536674,0.61632252621,0.68606700943,1.2592653821,0.69629422539,0.59771420543,0.66222774252,0.77731069169,0.60729930946,0.6017210342,0.74571666657,0.69080135296,1.0776493034,2.8785348399,0.82675685451,0.92898944383,0.74230384195,1.1428592983
99.5,0.63606212458,0.66839107389,0.69135989214,0.61817136487,0.62672652915,0.58757834418,0.65230151,0.67265644617,0.90930124355,0.587577417,0.60148180997,0.67026313813,1.2373426185,0.68035431463,0.58314154713,0.6467459989,0.76033585234,0.5925879628,0.58709024078,0.72913668272,0.67493434459,1.0573867383,2.8478477457,0.80918509564,0.91025743,0.7257671929,1.1219761939
100.0,0.62109297594,0.65298106345,0.67564464894,0.60345210681,0.61188723887,0.57329666647,0.63710922584,0.65718926608,0.89097509275,0.57329575276,0.58699962453,0.6548280107,1.2158385224,0.66478453181,0.56892444406,0.63162966489,0.74374122077,0.57823371831,0.57281565299,0.71293315307,0.6594367243,1.0375315797,2.8176156796,0.79199900883,0.89192102545,0.70960657879,1.1015048855
100.5,0.60647896738,0.63793082584,0.66029229731,0.58908529375,0.59740169444,0.5593625907,0.62227444576,0.64208244837,0.87303575441,0.55936169032,0.57286728001,0.63975291539,1.1947444578,0.64957616303,0.55505421464,0.61687003471,0.7275180736,0.56422789,0.55888858736,0.69709735648,0.64429977926,1.0180751417,2.7878305551,0.77518987039,0.87397151537,0.69381327881,1.0814367038
101.0,0.59221160612,0.62323185813,0.64529432874,0.57506243977,0.58326140653,0.54576764511,0.60778867152,0.62732748896,0.85547471311,0.5457667579,0.55907629783,0.62502934875,1.1740519792,0.63472070227,0.54152238942,0.60245861191,0.71165789221,0.55056200355,0.54530057236,0.68162077774,0.62951500484,0.99900893359,2.7584844507,0.75874915963,0.85640038451,0.67837877827,1.0617631727
101.5,0.57828260405,0.60887586077,0.63064243715,0.56137526442,0.5694580909,0.53250356468,0.5936436089,0.612916087,0.83828364833,0.53250269049,0.54561840553,0.61064901065,1.1537528271,0.62020984644,0.5283207059,0.58838710429,0.69615235789,0.5372277912,0.53204334327,0.6664951027,0.61507409949,0.98032465505,2.7295696061,0.74266855401,0.83919931246,0.66329476362,1.0424760051
102.0,0.56468387279,0.59485473265,0.61632851407,0.54801568766,0.5559836634,0.5195622861,0.57983116279,0.5988401399,0.82145442975,0.51956142478,0.53248553182,0.59660379934,1.1338389234,0.60603549043,0.51544110348,0.57464741893,0.68099334699,0.52421718666,0.51910883705,0.6517122134,0.60096895988,0.9620141919,2.7010784183,0.72693992439,0.82236016903,0.64855311762,1.0235670981
102.5,0.55140751882,0.58116056631,0.60234464381,0.53497582501,0.54283023512,0.50693594283,0.56634343228,0.5850917386,0.80497911281,0.50693509424,0.5196698016,0.58288580665,1.1143023677,0.59218972236,0.50287571848,0.56123165739,0.66617292627,0.51152232025,0.50648918748,0.63726418332,0.58719167607,0.94406961162,2.6730034388,0.71155533045,0.80587500972,0.63414591463,1.0050285291
103.0,0.53844583876,0.56778564328,0.58868309887,0.52224798281,0.52999010761,0.49461686031,0.55317270605,0.57166316282,0.78884993427,0.49461602428,0.5071635312,0.56948731331,1.0951354324,0.57866481888,0.4906168794,0.54813211097,0.65168334832,0.49913551403,0.49417672033,0.62314327283,0.57373452688,0.92648315911,2.6453373692,0.69650701614,0.78973607134,0.62006541598,0.98685255102
103.5,0.52579131477,0.55472242946,0.57533633536,0.50982465353,0.51745576829,0.48259755121,0.54031145771,0.55854687657,0.77305930794,0.48259672761,0.49495922372,0.55640078438,1.0763305595,0.56545324062,0.47865710215,0.53534125611,0.63751704714,0.48704927715,0.48216394864,0.6093419247,0.56058997529,0.90924725249,2.6180730582,0.68178740532,0.77393576771,0.6063040655,0.96903158878
104.0,0.51343660999,0.5419635707,0.56229698857,0.49769851131,0.5052198859,0.47087071094,0.52775234134,0.54573552363,0.75759982048,0.47086989962,0.48304956446,0.5436188648,1.0578803561,0.55254762779,0.46698908549,0.52285174992,0.62366663378,0.47525630128,0.47044356816,0.59585275968,0.54775066401,0.8923544791,2.5912034985,0.66738909748,0.75846668548,0.59285448514,0.95155823491
104.5,0.50137456423,0.52950188847,0.5495578687,0.48586240747,0.49327530614,0.45942921314,0.51548818714,0.53322192326,0.74246422731,0.45942841394,0.4714274165,0.53113437506,1.0397775908,0.5399407958,0.45560570658,0.51065642579,0.61012489207,0.46374945618,0.45900845293,0.58266857226,0.53520941114,0.87579759147,2.5647218232,0.6533048635,0.74332158007,0.57970947065,0.93442524577
105.0,0.48959818961,0.51733037555,0.53711195659,0.47430936624,0.48161504731,0.4482661053,0.50351199715,0.52099906593,0.72764544867,0.44826531809,0.46008581634,0.51894030693,1.0220151898,0.52762573106,0.44450001661,0.49874828911,0.59688477459,0.4525217853,0.44785165083,0.56978232649,0.52295920593,0.85956950355,2.5386213027,0.63952764164,0.72849337164,0.56686198748,0.91762553772
105.5,0.47810066643,0.50544219196,0.52495239965,0.46303258054,0.47023229617,0.43737460457,0.49181694108,0.50906010921,0.71313656567,0.4373738292,0.44901796969,0.50702981935,1.0045862335,0.51559558683,0.4336652365,0.48712051313,0.5839393985,0.44156650156,0.43696637944,0.55718715193,0.51099320466,0.84366328683,2.5128953419,0.62605053354,0.71397514125,0.55430516664,0.90115218338
106.0,0.46687533906,0.49383066089,0.51307250782,0.45202540789,0.45912040382,0.42674809357,0.48039635227,0.49739837372,0.69893081656,0.42674732989,0.43821724734,0.49539623437,0.98748395266,0.50384367925,0.42309475283,0.47576643488,0.57128204174,0.43087698326,0.42634602179,0.54487633967,0.49930472661,0.82807216678,2.4875374769,0.6128668003,0.69976012702,0.54203230079,0.88499840801
106.5,0.45591571199,0.48248926477,0.50146574968,0.44128136642,0.44827288172,0.41638011637,0.46924372372,0.48600733922,0.68502159299,0.41637936424,0.42767718111,0.48403303324,0.9707017251,0.49236348336,0.41278211373,0.46467955119,0.55890613911,0.42044676995,0.4159841224,0.53284333846,0.48788725012,0.81278951915,2.4625413721,0.59996985874,0.6858417205,0.53003684031,0.86915758599
107.0,0.44521544591,0.47141164143,0.49012574865,0.43079413093,0.4376833978,0.40626437453,0.45835270426,0.47488064073,0.6714024364,0.4062636338,0.41739145999,0.47293385256,0.95423307228,0.4811486293,0.40272102493,0.45385351485,0.54680527854,0.41026955858,0.4058743833,0.52108175093,0.47673440875,0.79780886657,2.4379008176,0.58735327768,0.67221346299,0.51831238959,0.85362323729
107.5,0.43476835397,0.46059158032,0.47904627922,0.4205575291,0.42734577266,0.39639472327,0.44771709473,0.46401206485,0.65806703454,0.39639399381,0.40735392624,0.46209248053,0.93807165599,0.47019289855,0.39290534595,0.44328213084,0.53497319747,0.40033919962,0.39601066016,0.50958532995,0.46583998756,0.78312387506,2.4136097262,0.57501077434,0.65886904207,0.50685270326,0.83838902419
108.0,0.42456839806,0.45002301892,0.46822126334,0.41056553779,0.41725397586,0.3867651677,0.43733084435,0.45339554603,0.64500921799,0.38676444937,0.3975585717,0.45150285327,0.92221127509,0.45949022035,0.38332908631,0.4329593526,0.52340377925,0.3906496933,0.38638695859,0.49834797497,0.45519791945,0.76872835074,2.3896621305,0.56293621082,0.64580228816,0.49565168266,0.82344874791
108.5,0.41460968521,0.4397000391,0.4576447669,0.4008122794,0.40740212231,0.37736985918,0.42718804711,0.44302516309,0.63222295682,0.37736915183,0.38799953411,0.44115905133,0.9066458624,0.44903466804,0.37398640185,0.42287927849,0.5120910497,0.381195186,0.37699743042,0.48736372855,0.4448022816,0.75461623658,2.3660521808,0.55112359067,0.63300717112,0.48470337233,0.80879634546
109.0,0.40488646405,0.42961686368,0.44731099623,0.39129201831,0.39778446873,0.36820309173,0.41728293828,0.43289513567,0.61970235734,0.36820239522,0.3786710936,0.43105529612,0.8913694816,0.4388204557,0.3648715912,0.41303614827,0.50102917368,0.37196996663,0.36783637017,0.47662677296,0.43464729198,0.74078160919,2.3427741419,0.53956705553,0.62047779706,0.47400195652,0.79442588644
109.5,0.39539312144,0.41976785304,0.43721429478,0.3819991575,0.38839541026,0.35925929853,0.40760989099,0.42299982089,0.60744165889,0.35925861273,0.36956766917,0.42118594658,0.87637632427,0.4288419347,0.35597909222,0.40342433967,0.49021245181,0.36296846319,0.35889821156,0.46613142679,0.42472730599,0.72721867577,2.3198223912,0.52826088189,0.60820840506,0.46354175593,0.78033157006
110.0,0.38612417906,0.41014750178,0.42734913976,0.3729282351,0.37922947702,0.35053304857,0.39816341294,0.41333371,0.59543523072,0.35053237334,0.36068381536,0.41154549584,0.86166070692,0.41909359039,0.34730347868,0.39403836507,0.47963531722,0.35418523936,0.35017752407,0.45587214175,0.41503681312,0.71392177107,2.2971914155,0.51719947786,0.59619336414,0.4533172244,0.76650772209
110.5,0.37707429019,0.40075043548,0.41771013899,0.36407392117,0.37028133091,0.34201904328,0.38893814307,0.40389142519,0.58367756896,0.34201837849,0.3520142189,0.40212856799,0.84721706817,0.40957003895,0.33883945686,0.38487286823,0.46929233243,0.3456149912,0.34166900968,0.44584349944,0.40557043377,0.70088535444,2.2748758093,0.50637738009,0.58442717017,0.44332294576,0.75294879196
111.0,0.36823823649,0.39157140759,0.40829202774,0.35543101448,0.36154576239,0.33371211333,0.37992884848,0.39466771642,0.57216329367,0.33371145884,0.34355369551,0.39292991493,0.83303996595,0.40026602417,0.33058186237,0.37592262114,0.45917818625,0.3372525439,0.33336749959,0.43604020831,0.39632291604,0.68810400696,2.2528702719,0.49578925075,0.57290444292,0.43355363068,0.73964934997
111.5,0.35961092494,0.38260529633,0.39908966568,0.34699443936,0.35301768734,0.32560721547,0.37113042127,0.38565745835,0.56088714591,0.32560657113,0.33529718677,0.38394441332,0.81912407477,0.39117641442,0.32252565694,0.36718252088,0.44928769077,0.32909284865,0.32526795109,0.42645710057,0.38728913271,0.67557242863,2.2311696057,0.48542987452,0.56161992316,0.42400411373,0.72660408445
112.0,0.35118738476,0.37384710167,0.39009803389,0.33875924267,0.34469214406,0.31769942941,0.36253787558,0.37685564732,0.54984398494,0.31769879511,0.32723975705,0.37516706154,0.8054641831,0.38229619965,0.31466592537,0.35864758666,0.43961577848,0.32113097955,0.31736544447,0.41708912929,0.37846407823,0.66328543562,2.2097687132,0.47529415571,0.55056846987,0.41466935032,0.71380779908
112.5,0.34296276446,0.36529194242,0.38131223196,0.33072059086,0.33656429028,0.3099839549,0.35414634459,0.36825739848,0.5390287855,0.30998333049,0.31937659048,0.36659297677,0.79205519074,0.3736204885,0.30699787252,0.35031295683,0.43015749936,0.31336213064,0.30965518001,0.4079313655,0.36984286578,0.65123795764,2.1886625955,0.4653771155,0.53974505742,0.4055444139,0.70125541027
113.0,0.33493232898,0.35693505339,0.37272747516,0.322873767,0.32862940028,0.3024561087,0.34595107769,0.35985794288,0.52843663503,0.30245549407,0.31170298811,0.35821739217,0.77889210634,0.3651445054,0.29951682037,0.34217388599,0.42090801815,0.30578161293,0.30213247505,0.39897899539,0.36142072445,0.63942503526,2.16784635,0.45567388909,0.52914477296,0.39662449312,0.68894194455
113.5,0.32709145686,0.34877178254,0.36433909162,0.315214168,0.32088286203,0.29511132181,0.33794743768,0.3516526247,0.51806273114,0.29511071682,0.304214365,0.35003565404,0.76597004487,0.35686358782,0.29221820512,0.33422574222,0.41186261156,0.29838485158,0.29479276117,0.39022731754,0.35319299642,0.62784181744,2.1473151681,0.44617972311,0.51876281373,0.38790488907,0.67686253607
114.0,0.31943563751,0.34079758835,0.35614251971,0.30773730183,0.3133201745,0.28794513662,0.33013089799,0.34363689856,0.50790237899,0.28794454114,0.29690624746,0.34204321916,0.75328422528,0.34877318357,0.28509757448,0.32646400435,0.40301666571,0.29116738312,0.28763158133,0.38167174029,0.34515513426,0.61648355899,2.1270643332,0.43688997293,0.50859448453,0.37938101264,0.66501242414
114.5,0.31196046848,0.33300803708,0.34813330532,0.30043878483,0.3059369449,0.28095320423,0.32249704008,0.33580632684,0.49795098881,0.28095261813,0.28977427036,0.33423565208,0.74082996811,0.34086884814,0.27815058488,0.31888425922,0.39436567344,0.2841248527,0.2806445872,0.37330777911,0.3373026983,0.60534561817,2.107089219,0.42780010013,0.49863519525,0.37104838185,0.65338695084
115.0,0.30466165291,0.32539880022,0.34030709936,0.29331433909,0.29872888614,0.27413128176,0.31504155077,0.32815657709,0.48820407347,0.27413070491,0.28281417447,0.32660862256,0.7286026932,0.3331462421,0.27137299881,0.31148219917,0.38590523187,0.27725301146,0.27382753651,0.36513105402,0.32963135401,0.59442345431,2.0873852874,0.41890567001,0.48888045835,0.36290261937,0.64198155866
115.5,0.29753499693,0.31796565198,0.33265965518,0.28635978986,0.29169181417,0.26747522979,0.30776021977,0.32068341954,0.47865724608,0.26747466207,0.27602180387,0.31915790304,0.71659791745,0.32560112864,0.26476068227,0.30425361942,0.37763103987,0.27054771396,0.26717629042,0.35713728716,0.32213686951,0.58371262552,2.0679480865,0.41020234915,0.47932588656,0.35493945,0.63079178825
116.0,0.2905764072,0.31070446679,0.32518682618,0.27957106307,0.2848216456,0.26098100982,0.30064893714,0.3133827246,0.46930621768,0.26098045111,0.26939310349,0.3118793662,0.70481125265,0.31822937103,0.25830960221,0.29719441562,0.3695388957,0.26400491565,0.26068681103,0.34932230034,0.31481511309,0.57320878639,2.0487732489,0.40168590301,0.46996719053,0.34715469821,0.61981327615
116.5,0.28378188848,0.3036112169,0.31788456338,0.27294418288,0.27811439516,0.25464468181,0.29370369091,0.30625046048,0.46014679498,0.25464413198,0.26292411659,0.30476898251,0.69323840334,0.31102693031,0.25201582409,0.29030058143,0.36162469465,0.25762067037,0.2543551589,0.34168201267,0.30766205081,0.56290768586,2.02985649,0.39335219365,0.46080017655,0.33954428583,0.60904175266
117.0,0.27714754124,0.29668197006,0.3107489131,0.26647526931,0.2715661734,0.24846240177,0.28692056473,0.29928269082,0.4511748781,0.24846186071,0.25661098239,0.2978228179,0.68187516469,0.30398986289,0.24587550943,0.28356820615,0.35388442672,0.25139112802,0.24817749065,0.33421243825,0.30067374416,0.552805165,2.0111936059,0.38519717744,0.45182074434,0.33210422971,0.59847303969
117.5,0.27066955936,0.28991288721,0.30377601469,0.2601605359,0.26517318432,0.24243041945,0.28029573553,0.29247557245,0.44238645849,0.24242988702,0.25044993377,0.2910370315,0.67071742054,0.29711431828,0.23988491349,0.27699347244,0.34631417443,0.24531253216,0.24215005661,0.32690968393,0.29384634779,0.54289715494,1.9927804719,0.37721690286,0.4430248849,0.32483063946,0.58810304866
118.0,0.26434422791,0.28330022022,0.29696209831,0.25399628745,0.25893172315,0.23654507598,0.2738254713,0.28582535312,0.43377761675,0.23654455208,0.24443729494,0.28440787338,0.65976114135,0.29039653687,0.23404038298,0.27057265403,0.33891011061,0.23938121776,0.23626919855,0.31976994709,0.28717610723,0.53317967485,1.974613041,0.36940750833,0.43440867841,0.31771971527,0.57792777853
118.5,0.25816792086,0.27684030978,0.29030348276,0.24797891782,0.25283817413,0.23080280171,0.26750612892,0.27932836931,0.42534452059,0.23080228621,0.23856947923,0.27793168236,0.64900238227,0.28383284777,0.22833835382,0.26430211357,0.33166849628,0.23359360895,0.23053134741,0.31278951353,0.28065935679,0.52364882989,1.956687342,0.36176522013,0.42596829214,0.31076774572,0.5679433138
119.0,0.25213709905,0.27052958318,0.28379657334,0.24210490775,0.24688900833,0.225200114,0.26133415199,0.27298104415,0.41708342286,0.22519960679,0.23284298696,0.27160488391,0.63843728129,0.27741966665,0.22277534896,0.25817830044,0.32458567856,0.22794621687,0.22493302116,0.30596475532,0.27429251737,0.51430080928,1.9389994779,0.35428635033,0.41769997848,0.30397110575,0.55814582256
119.5,0.246248308,0.26436455232,0.27743785984,0.23637082278,0.2410807816,0.21973361509,0.25530606874,0.26677988531,0.40899065952,0.21973311605,0.22725440328,0.26542398807,0.62806205735,0.27115349372,0.21734797626,0.25219774871,0.31765808867,0.22243563752,0.21947082267,0.29929212881,0.2680720944,0.50513188443,1.9215456245,0.34696729478,0.40960007295,0.29732625454,0.54853155464
120.0,0.2404981759,0.25834181163,0.27122391448,0.23077331116,0.23541013247,0.21439999006,0.24941849003,0.26072148299,0.40106264779,0.21439949907,0.22180039612,0.2593855874,0.61787300853,0.26503091166,0.2120529264,0.2463570751,0.31088223991,0.21705854972,0.21414143761,0.29276817263,0.26199467585,0.496138407,1.9043220287,0.33980453117,0.40166499231,0.29082973359,0.53909683975
120.5,0.23488341165,0.2524580361,0.26515138995,0.2253091019,0.22987378021,0.20919600476,0.24366810735,0.25480250795,0.39329588425,0.20919552172,0.21647771419,0.25348635503,0.60786651033,0.2590485837,0.20688697086,0.24065297694,0.30425472577,0.21181171306,0.20894163247,0.28638950568,0.25605693022,0.48731680716,1.8873250073,0.3327946171,0.39389123265,0.2844781647,0.52983808569
121.0,0.22940080286,0.2467099794,0.25921701753,0.21997500275,0.22446852281,0.20411850389,0.23805169086,0.24901970958,0.38568694301,0.20411802867,0.211283185,0.24772304274,0.59803901391,0.25320325165,0.20184695996,0.23508223028,0.29777221802,0.20669196597,0.20386825255,0.28015282534,0.25025560466,0.47866359178,1.870550945,0.32593418825,0.38627536762,0.27826824813,0.52075177658
121.5,0.22404721397,0.24109447191,0.25341760519,0.21476789836,0.21919123512,0.19916440903,0.23256608754,0.243369914,0.37823247394,0.19916394153,0.20621371294,0.24209247905,0.58838704443,0.24749173406,0.19692982093,0.229641688,0.29143146488,0.20169622377,0.19891822005,0.27405490551,0.24458752302,0.47017534272,1.8539962937,0.31921995651,0.37881404662,0.2721967607,0.5118344712
122.0,0.21881958441,0.23560841896,0.24775003574,0.20968474837,0.21403886701,0.1943307168,0.22720821931,0.23785002225,0.37092920094,0.19433025691,0.20126627743,0.2365915674,0.57890719941,0.24191092437,0.192132556,0.22432827791,0.28522928921,0.19682147678,0.19408853221,0.26809259486,0.23904958408,0.46184871509,1.8376575704,0.31264870826,0.37150399305,0.266260554,0.50308280124
122.5,0.2137149268,0.23024879901,0.2422112651,0.2047225856,0.20900844152,0.18961449701,0.22197508126,0.23245700852,0.36377392023,0.18961404462,0.19643793109,0.23121728436,0.5695961471,0.23645778914,0.18745224063,0.21913900101,0.27916258678,0.19206478856,0.18937625945,0.26226281506,0.23363875974,0.45368043568,1.8215313565,0.30621730259,0.36434200265,0.26045655263,0.49449346975
123.0,0.20873032514,0.22501266191,0.23679832054,0.19987851431,0.20409705308,0.18501289087,0.21686373987,0.22718791833,0.35676349869,0.18501244587,0.19172579794,0.22596667788,0.56045062496,0.23112936627,0.18288602165,0.2140709297,0.27322832455,0.18742329404,0.1847785436,0.25656255905,0.22835209327,0.44566730125,1.8056142959,0.29992266964,0.35732494181,0.25478175245,0.48606324947
123.5,0.20386293316,0.21989712715,0.23150829897,0.19514970843,0.19930186586,0.18052310927,0.21187133131,0.22203986691,0.34989487226,0.18052267155,0.18712707169,0.22083686557,0.55146743809,0.22592276334,0.17843111555,0.20912120606,0.26742353898,0.18289419784,0.18029259615,0.25098888934,0.22318669762,0.43780617707,1.7899030941,0.29376180893,0.35044974596,0.24923321894,0.47778898134
124.0,0.19910997258,0.21489938228,0.22633836528,0.1905334099,0.194620112,0.17614243104,0.20699505976,0.21701003749,0.34316504434,0.1761420005,0.18263901405,0.21582503308,0.54264345777,0.22083515594,0.1740848068,0.20428704021,0.26174533444,0.17847477255,0.17591569657,0.2455389364,0.21813975371,0.43009399526,1.7743945167,0.28773178776,0.34371341801,0.2438080855,0.46966757293
124.5,0.1944687315,0.21001668119,0.22128575077,0.18602692704,0.19004909003,0.17186820135,0.2022321958,0.21209567966,0.33657108425,0.17186777788,0.17825895303,0.21092843242,0.53397561998,0.21586378603,0.16984444616,0.19956570861,0.25619088158,0.17416235709,0.17164519063,0.24020989704,0.2132085089,0.42252775341,1.7590853883,0.28182973961,0.33711302679,0.23850355191,0.46169599699
125.0,0.1899365628,0.20524634261,0.21634775153,0.18162763289,0.18558616324,0.16769783003,0.19758007478,0.20729410784,0.33011012576,0.16769741353,0.17398428139,0.20614438041,0.52546092397,0.21100596037,0.16570744904,0.19495455256,0.25075741582,0.16995435506,0.16747848876,0.23499903286,0.2083902753,0.415104513,1.7439725911,0.27605286266,0.33064570552,0.2333168827,0.45387128995
125.5,0.18551088258,0.20058574849,0.2115217269,0.17733296369,0.18122875812,0.16362879003,0.19303609531,0.20260269971,0.32377936556,0.1636283804,0.16981245502,0.20147025712,0.51709643091,0.206259049,0.16167129399,0.19045097654,0.24544223579,0.16584823319,0.16341306454,0.22990366869,0.20368242831,0.40782139808,1.7290530641,0.27039841822,0.32430865042,0.22824540569,0.44619055059
126.0,0.18118916862,0.19603234254,0.20680509798,0.17314041734,0.17697436284,0.15965861588,0.18859771771,0.19801889466,0.31757606187,0.15965821302,0.16574099145,0.19690350437,0.50887926248,0.2016204837,0.15773352107,0.18605244678,0.24024270187,0.16184151981,0.1594464531,0.22492119115,0.19908240507,0.40067559377,1.7143238015,0.26486372932,0.31809911919,0.22328651044,0.43865093856
126.5,0.17696895895,0.19158362874,0.20219534619,0.16904755192,0.17282052577,0.15578490216,0.18426246256,0.19354019239,0.31149753304,0.15578450597,0.16176746831,0.19244162425,0.50080659959,0.19708775652,0.15389173043,0.18175648974,0.23515623477,0.15793180333,0.15557624963,0.22004904717,0.19458770299,0.39366434496,1.6997818519,0.25944617926,0.31201442964,0.21843764683,0.43124967311
127.0,0.17284785031,0.18723716989,0.1976900118,0.1650519842,0.168764854,0.15200530208,0.1800279092,0.18916415144,0.30554115615,0.15200491246,0.15788952187,0.18808217769,0.49287568104,0.19265841839,0.15014358079,0.17756069066,0.23018031408,0.15411673078,0.15180010793,0.21528474257,0.19019587834,0.38678495498,1.6854243169,0.25414321021,0.30605195836,0.21369632365,0.42398403172
127.5,0.16882349685,0.18299058624,0.19328669254,0.16115138826,0.16480501195,0.14831752599,0.17589169442,0.18488838775,0.29970436569,0.14831714284,0.15410484568,0.18382278304,0.48508380228,0.18833007766,0.146486788,0.17346269216,0.22531247692,0.15039400638,0.14811573897,0.21062584068,0.18590454482,0.38003478424,1.6712483505,0.24895232187,0.3002091393,0.20906010717,0.41685134883
128.0,0.16489360864,0.17884155408,0.18898304225,0.15734349408,0.16093871998,0.14471934004,0.17185151099,0.18071057337,0.29398465226,0.14471896326,0.15041118908,0.17966111471,0.47742831418,0.1841003988,0.1429191237,0.16946019286,0.22055031658,0.14676139016,0.1445209095,0.20606996098,0.18171137219,0.37341124902,1.6572511573,0.2438710701,0.29448346256,0.20452661983,0.40984901457
128.5,0.16105595039,0.17478780443,0.18477676955,0.1536260862,0.15716375306,0.14120856479,0.16790510638,0.17662843506,0.28837956131,0.1412081943,0.14680635592,0.17559490187,0.4699066218,0.179967101,0.13943841391,0.16555094606,0.21589148124,0.14321669661,0.14101344066,0.2016147778,0.17761408498,0.36691182021,1.6434299923,0.23889706566,0.28887247304,0.2000935389,0.40297447355
129.0,0.15730834015,0.17082712172,0.18066563655,0.1499970024,0.15347793939,0.1377830739,0.16405028139,0.17263975303,0.28288669186,0.1377827096,0.14328820322,0.17162192708,0.46251618321,0.17592795691,0.13604253773,0.16173275839,0.21133367266,0.1397577933,0.13759120673,0.19725801901,0.17361046113,0.36053402206,1.6297821592,0.23402797295,0.28337376926,0.1957585952,0.39622522366
129.5,0.15364864796,0.16695734255,0.17664745756,0.14645413242,0.1498791592,0.13444079282,0.16028488897,0.16874235962,0.2775036953,0.1344404346,0.13985463986,0.16774002507,0.45525450837,0.17198079139,0.132729426,0.15800348855,0.20687464494,0.13638259965,0.13425213372,0.1929974648,0.16969833077,0.35427543106,1.61630501,0.22926150872,0.27798500207,0.19151957183,0.38959881487
130.0,0.15007479465,0.1631763544,0.17272009785,0.14299541669,0.14636534345,0.13117969752,0.15660683287,0.16493413812,0.27222827423,0.13117934531,0.13650362532,0.16394708147,0.44811915797,0.16812348019,0.12949706009,0.15436104608,0.2025122033,0.13308908563,0.13099419822,0.18883094639,0.16587557492,0.34813367472,1.6029959434,0.22459544091,0.27270387355,0.18737430296,0.38309284811
130.5,0.14658475064,0.15948209444,0.16888147249,0.1396188451,0.1429344726,0.12799781328,0.1530140665,0.16121302151,0.26705818127,0.12799746698,0.13323316849,0.16024103161,0.44110774231,0.16435394885,0.12634347064,0.15080339012,0.1982442029,0.12987527055,0.12781542608,0.1847563449,0.16214012437,0.34210643049,1.5898524044,0.22002758747,0.26752813578,0.18332067261,0.37670497412
131.0,0.14317653467,0.15587254838,0.16512954513,0.13632245585,0.13958457545,0.12489321349,0.14950459168,0.1575769913,0.26199121792,0.12489287301,0.13004132643,0.15661985935,0.4342179203,0.16067017142,0.12326673634,0.14732852823,0.19406854767,0.12673922184,0.12471389128,0.18077159013,0.15848995839,0.33619142463,1.5768718833,0.21555581516,0.26245558977,0.17935661351,0.37043289241
131.5,0.13984821273,0.15234574925,0.16146232686,0.13310433422,0.13631372796,0.12186401844,0.14607645755,0.15402407637,0.25702523351,0.1218636837,0.1269262032,0.15308159591,0.42744739834,0.15707016938,0.12026498279,0.14393451523,0.18998318916,0.12367905389,0.12168771468,0.17687465947,0.15492310366,0.33038643112,1.5640519144,0.21117803849,0.25748408428,0.17548010593,0.36427435015
132.0,0.13659789686,0.14889977634,0.15787787509,0.12996261148,0.13312005211,0.11890839422,0.14272775938,0.15055235185,0.25215812407,0.11890806512,0.12388594874,0.14962431873,0.4207939293,0.15355201048,0.11733638135,0.14061945205,0.18598612547,0.1206929269,0.11873506296,0.17306357673,0.15143763312,0.32468927063,1.5513900756,0.20689221858,0.25261151482,0.17168917658,0.35822714111
132.5,0.13342374408,0.14553275404,0.15437429245,0.12689546378,0.13000171477,0.11602455156,0.13945663751,0.14715993802,0.24738783127,0.11602422802,0.12091875778,0.14624615039,0.41425531155,0.15011380765,0.11447914797,0.13738148467,0.18207540013,0.11777904579,0.11585414741,0.16933641109,0.14803166485,0.3190978095,1.5388839872,0.2026963621,0.24783582256,0.16798189751,0.35228910469
133.0,0.13032395529,0.14224285081,0.15094972576,0.12390111101,0.12695692669,0.11321074479,0.13626127625,0.14384499923,0.24271234145,0.11321042672,0.11802286867,0.14294525756,0.40782938795,0.14675371793,0.11169154218,0.13421880302,0.17824910108,0.11493565906,0.11304322294,0.16569127602,0.14470336104,0.31360995869,1.5265313113,0.19858852023,0.24315499328,0.16435638507,0.3464581249
133.5,0.12729677422,0.13902827813,0.14760236492,0.12097781583,0.12398394136,0.11046527073,0.13313990283,0.14060574286,0.23812968455,0.11046495806,0.11519656242,0.1397198499,0.40151404493,0.14346994143,0.10897186598,0.13112963989,0.17450535961,0.11216105777,0.11030058693,0.16212632827,0.14145092689,0.30822367283,1.5143297508,0.19456678763,0.2385670564,0.16081079886,0.34073212939
134.0,0.12434048643,0.13588728944,0.14433044194,0.11812388257,0.12108105404,0.10778646769,0.13009078639,0.13744041831,0.23363793316,0.10778616032,0.11243816158,0.13656817909,0.39530721148,0.1402607203,0.10631846278,0.12811226998,0.17084234937,0.10945357451,0.10762457825,0.15863976682,0.13827260964,0.30293694927,1.5022770487,0.19062930145,0.23407008401,0.15734334071,0.33510908847
134.5,0.12145341826,0.1328181792,0.14113222994,0.11533765625,0.11824660074,0.10517271444,0.12711223696,0.13434731597,0.22923520158,0.1051724123,0.10974602929,0.13348853778,0.38920685833,0.13712433774,0.10372971647,0.12516500884,0.16725828537,0.10681158234,0.10501357622,0.15522983193,0.13516669756,0.29774782711,1.4903709873,0.18677424034,0.22966218984,0.15395225371,0.32958701424
135.0,0.11863393589,0.12981928185,0.13800604216,0.11261752159,0.11547895721,0.10262242921,0.12420260452,0.1313247663,0.22491964483,0.10262213221,0.10711856829,0.13047925867,0.38321099698,0.13405911704,0.10120405034,0.12228621191,0.16375142306,0.10423349386,0.10246599965,0.15189480416,0.13213151895,0.2926543863,1.4786093873,0.18299982351,0.22534152842,0.15063582122,0.32416395962
135.5,0.11588044436,0.12688897094,0.13495023104,0.10996190208,0.11277653802,0.10013406877,0.12136027799,0.12837113882,0.22068945779,0.10013377684,0.10455421991,0.12753871354,0.37731767884,0.13106342062,0.098739926161,0.11947427357,0.16032005735,0.10171776022,0.09998030584,0.14863300341,0.12916544123,0.28765474676,1.4669901072,0.17930430982,0.22110629409,0.14739236596,0.31883801751
136.0,0.11319138666,0.12402565812,0.13196318728,0.10736925901,0.11013779563,0.097706127454,0.11858368435,0.12548484123,0.21654287427,0.097705840508,0.10205146319,0.12466531229,0.37152499443,0.12813564909,0.09633584326,0.11672762622,0.15696252173,0.099262870191,0.097554989669,0.14544278806,0.12626686999,0.28274706747,1.4555110426,0.17568599684,0.21695472013,0.14422024909,0.31360731989
136.5,0.1105652428,0.1212277923,0.12904333893,0.10483809056,0.10756121944,0.095337136248,0.11587128772,0.12266431848,0.21247816615,0.09533685421,0.099608813938,0.12185750209,0.36583107248,0.12527424038,0.093990337572,0.11404473934,0.15367718735,0.096867349233,0.095188582671,0.14232255399,0.12343424808,0.27792954567,1.4441701251,0.17214321996,0.21288507792,0.14111786927,0.308470037
137.0,0.10800052893,0.11849385872,0.12618915055,0.10236693094,0.10504533494,0.093025661911,0.11322158845,0.1199080519,0.20849364253,0.093025384704,0.097224823847,0.11911376647,0.36023407913,0.12247766883,0.091701980761,0.11142411864,0.15046246217,0.094529758623,0.092879652141,0.13927073377,0.12066605475,0.27320041595,1.4329653222,0.16867435158,0.20889567602,0.13808366183,0.30342437649
137.5,0.10549579648,0.11582237812,0.1233991223,0.099954349509,0.10258870282,0.090770306093,0.11063312231,0.11721455833,0.20458764891,0.090770033643,0.094898079618,0.11643262446,0.35473221716,0.11974444433,0.089469379346,0.10886430517,0.14731679009,0.092248694572,0.090626800263,0.13628579581,0.11796080479,0.26855794949,1.4218946361,0.16527780021,0.20498485942,0.13511609789,0.29846858263
138.0,0.10304963131,0.11321190589,0.12067178912,0.097598949898,0.10018991814,0.08856970449,0.10810445957,0.11458238929,0.20075856635,0.08856943672,0.092627202115,0.11381262972,0.34932372518,0.11707311152,0.087291173848,0.10636387449,0.14423865015,0.090022787379,0.08842866326,0.13336624345,0.11531704766,0.26400045327,1.4109561034,0.16195200966,0.20115100865,0.13221368355,0.29360093549
138.5,0.10066065289,0.11066103124,0.11800571993,0.095299369226,0.09784760949,0.086422526005,0.10563420426,0.11201013015,0.19700481068,0.086422262842,0.090410845534,0.1112523698,0.3440068769,0.11446224891,0.085166037962,0.10392143585,0.14122655568,0.087850700599,0.086283910561,0.13051061423,0.11273336668,0.25952626924,1.4001477939,0.15869545825,0.19739253904,0.12937495905,0.28881975021
139.0,0.098327513487,0.10816837639,0.11539951681,0.09305427727,0.09556043819,0.08432747195,0.1032209933,0.10949639932,0.19332483174,0.084327213321,0.0882476966,0.10875046523,0.33877998032,0.11191046812,0.083092677744,0.10153563135,0.13827905354,0.085731130234,0.084191243996,0.12771747906,0.11020837826,0.25513377361,1.3894678106,0.15550665799,0.19370789992,0.12659849799,0.2841233762
139.5,0.096048897371,0.10573259584,0.11285181422,0.090862375685,0.093327097506,0.082283275245,0.10086349576,0.10703984751,0.18971711263,0.082283021079,0.086136473772,0.10630556884,0.33364137711,0.1094164131,0.081069830822,0.099205135205,0.13539472334,0.083662803947,0.082149397003,0.12498544143,0.10774073107,0.25082137606,1.3789142887,0.15238415387,0.19009557384,0.12388290653,0.27951019645
140.0,0.093823520078,0.10335237553,0.11036127826,0.088722397232,0.09114631188,0.080288699657,0.098560412056,0.1046391569,0.18618016892,0.080288449882,0.084075926478,0.10391636493,0.32858944178,0.10697875934,0.079096265628,0.096928652962,0.13257217666,0.081644480288,0.080157133859,0.12231313668,0.10532910533,0.24658751905,1.368485395,0.14932652305,0.1865540759,0.12122682266,0.27497862675
140.5,0.091650127636,0.10102643216,0.10792660588,0.086633105032,0.089016836181,0.078342539041,0.09631047325,0.10229304046,0.18271254799,0.078342293588,0.082064834362,0.10158156854,0.32362258107,0.10459621315,0.077170780641,0.094704920738,0.12981005635,0.079674947945,0.078213248926,0.11969923125,0.102972212,0.24243067711,1.3581793273,0.14633237414,0.18308195295,0.11862891546,0.27052711505
141.0,0.089527495847,0.098753512405,0.10554652423,0.084593291831,0.086937454976,0.076443616612,0.094112440282,0.10000024118,0.17931282827,0.076443375412,0.080102006551,0.099299924745,0.31873923323,0.10226751092,0.075292203656,0.092532704504,0.12710703578,0.077753025009,0.076316565919,0.11714242193,0.10066879213,0.23834935611,1.3479943139,0.14340034653,0.17967778292,0.11608788436,0.26615414071
141.5,0.087454429569,0.096532392272,0.10321978988,0.082601779293,0.084906981817,0.074590784224,0.091965103278,0.097759531373,0.17597961859,0.074590547209,0.078186280944,0.097070207913,0.31393786737,0.09999141842,0.073459391068,0.090410799371,0.12446181818,0.07587755826,0.074465937192,0.11464143522,0.098417616068,0.23434209261,1.337928613,0.14052910962,0.17634017414,0.11360245843,0.26185821387
142.0,0.085429762025,0.094361876348,0.10094518815,0.080657417296,0.082924258543,0.072782921677,0.089867280848,0.095569711994,0.17271155748,0.07278268878,0.076316523511,0.094891221037,0.3092169828,0.097766730108,0.071671227175,0.088338028897,0.12187313589,0.074047422469,0.072660243037,0.11219502656,0.096217482846,0.23040745319,1.327980512,0.13771736221,0.17306776463,0.11117139571,0.25763787477
142.5,0.083452354122,0.092240797153,0.098721532452,0.078759083258,0.080988154603,0.071018936034,0.087817819414,0.093429611949,0.16950731252,0.07101870719,0.074491627614,0.092761795048,0.3045751084,0.095592268445,0.069926623492,0.086313244407,0.11933974973,0.072261519717,0.070898391004,0.10980197972,0.094067219449,0.22654403382,1.3181483271,0.13496383177,0.16985922146,0.10879348253,0.25349169312
143.0,0.081521093791,0.090168014471,0.096547663626,0.07690568147,0.079097566393,0.069297760956,0.085815592547,0.09133808744,0.16636557969,0.069297536098,0.072710513343,0.090680788155,0.30001080199,0.093466883241,0.068224518092,0.084335324334,0.11686044836,0.070518778731,0.069179315238,0.10746110613,0.091965680178,0.22275045918,1.3084304027,0.13226727382,0.16671324014,0.10646753285,0.24941826746
143.5,0.079634895338,0.08814241471,0.094422449281,0.075096142453,0.07725141661,0.067618356054,0.083859500321,0.089294021323,0.16328508276,0.067618135118,0.070972126868,0.088647085202,0.29552264975,0.091389451015,0.066563874954,0.082403173571,0.1144340476,0.068818154237,0.067501975828,0.10517124421,0.089911746003,0.21902538209,1.2988251107,0.12962647132,0.16362854391,0.10419238764,0.24541622455
144.0,0.077792698816,0.086162910268,0.092344783182,0.073329422325,0.075448653619,0.065979706256,0.081948468684,0.087296322474,0.16026457263,0.065979489179,0.069275439809,0.086659597041,0.29110926559,0.089358874359,0.064943683334,0.08051572284,0.11205938984,0.067158626326,0.065865358178,0.10293125878,0.087904323933,0.21536748287,1.2893308503,0.12704023397,0.16060388322,0.1019669142,0.24148421876
144.5,0.07599346941,0.084228438926,0.090313584631,0.071604502184,0.07368825084,0.064380821193,0.08008144884,0.085343925181,0.1573028268,0.064380607913,0.067619448617,0.084717259913,0.28676929059,0.087374081331,0.063362957143,0.078671928081,0.10973534341,0.065539199838,0.064268472387,0.10074004044,0.0859423464,0.21177546878,1.2799460472,0.1245073977,0.15763803505,0.099790005617,0.2376209315
145.0,0.074236196833,0.082337963239,0.08832779787,0.069920387509,0.071969206147,0.062820734594,0.078257416656,0.08343578854,0.15439864872,0.06282052505,0.066003173974,0.082819034856,0.28250139242,0.085434024853,0.06182073435,0.07687076985,0.107460802,0.063958903759,0.062710352648,0.098596504934,0.084024770664,0.2082480734,1.2706691534,0.12202682401,0.15472980236,0.097660580118,0.23382507062
145.5,0.072519894745,0.08049046996,0.086386391496,0.068276107571,0.070290541279,0.061298503701,0.07647537207,0.081570895874,0.15155086723,0.06129829783,0.064425660206,0.080963907111,0.2783042648,0.083537682125,0.06031607639,0.075111252732,0.10523468405,0.062416790637,0.061190056662,0.096499592644,0.082150578229,0.20478405613,1.2614986463,0.11959739941,0.15187801353,0.095577580511,0.23009536989
146.0,0.070843600176,0.078684969464,0.084488357894,0.066670714862,0.068651301269,0.059813208692,0.074734338524,0.079748254161,0.14875833604,0.059813006436,0.062885974708,0.079150885561,0.27417662696,0.08168405406,0.058848067595,0.07339240477,0.10305593224,0.060911936006,0.059706665065,0.094448267956,0.080318774266,0.20138220154,1.2524330287,0.11721803487,0.14908152177,0.09353997361,0.2264305884
146.5,0.069206372972,0.076920495193,0.082632712675,0.065103284538,0.067050553888,0.058363952128,0.073033362401,0.077966893474,0.14601993313,0.058363753428,0.061383207389,0.077379002165,0.27011722307,0.079872164721,0.057415814634,0.07171327691,0.10092351287,0.05944343783,0.058259280866,0.09244151873,0.078528387061,0.19804131894,1.2434708277,0.11488766523,0.14633920458,0.091546749679,0.22282951005
147.0,0.067607295248,0.075196103109,0.080818494138,0.06357291387,0.065487389098,0.056949858404,0.071371512486,0.07622586644,0.14333456024,0.056949663201,0.059916470124,0.07564731142,0.26612482177,0.07810106078,0.056018445967,0.070072942452,0.098836415349,0.058010415953,0.056847028906,0.090478355757,0.076778467472,0.19476024177,1.2346105949,0.11260524872,0.14364996324,0.08959692189,0.21929094305
147.5,0.066045470855,0.073510871168,0.079044762736,0.062078721717,0.063960918519,0.055570073218,0.069747879432,0.074524247709,0.14070114235,0.055569881455,0.058484896223,0.073954889826,0.26219821564,0.076369810986,0.054655111312,0.068470496519,0.096793651686,0.056612011575,0.055469055324,0.088557812224,0.075068088392,0.19153782712,1.2258509058,0.11036976636,0.14101272224,0.087689525794,0.21581371934
148.0,0.064520024865,0.071863898795,0.077310600557,0.060619848003,0.062470274913,0.054223763051,0.068161575241,0.072861133434,0.13811862715,0.054223574672,0.057087639914,0.072300835372,0.25833622068,0.07467750565,0.05332498113,0.066905055542,0.094794255938,0.055247386723,0.054124527037,0.086678943204,0.073396344238,0.18837295521,1.2171903587,0.10818022152,0.13842642882,0.085823618802,0.21239669416
148.5,0.063030103062,0.070254306383,0.075615110822,0.059195453213,0.061014611675,0.052910114662,0.066611732758,0.071235640766,0.13558598458,0.052909929611,0.055723875831,0.070684267022,0.25453767587,0.073023256134,0.052027246113,0.065375756752,0.092837283725,0.053915723754,0.052812631235,0.084840825143,0.071762350438,0.18526452892,1.2086275754,0.10603563936,0.13589005243,0.083998279682,0.20903874551
149.0,0.061574871449,0.068681234796,0.073957417391,0.057804717896,0.059593102342,0.051628334595,0.06509750518,0.069646907361,0.1331022063,0.051628152817,0.054392798527,0.069104324232,0.25080144267,0.071406194361,0.050761116696,0.063881757682,0.090921811734,0.052616224853,0.051532574888,0.083042555374,0.070165242944,0.18221147328,1.2001611997,0.10393506637,0.13340258427,0.082212608066,0.20573877369
149.5,0.060153515763,0.067143844891,0.072336664275,0.056446842188,0.058204940107,0.050377648694,0.063618065567,0.068094090895,0.13066630521,0.050377470135,0.053093621985,0.067560166459,0.24712640455,0.06982547233,0.049525822571,0.062422235692,0.089046937237,0.051348111559,0.050283584262,0.081283251632,0.068604177744,0.17921273501,1.1917898976,0.10187756987,0.1309630368,0.080465723967,0.20249570083
150.0,0.05876524101,0.065641317041,0.070752015173,0.055121045336,0.056849337349,0.049157301634,0.062172606378,0.066576368595,0.12827731505,0.049157126241,0.051825579154,0.066050972693,0.24351146655,0.068280261651,0.048320612217,0.06099638749,0.087211777626,0.050110624288,0.049064904451,0.079562051583,0.067078330394,0.17626728207,1.1835123569,0.099862237555,0.12857044328,0.078756767309,0.19930847044
150.5,0.057409270998,0.064172850681,0.069202653008,0.053826565242,0.055525525177,0.047966556465,0.060760339007,0.065092936781,0.12593428986,0.047966384185,0.050587921486,0.064575940999,0.23995555483,0.066769753077,0.047144752446,0.05960342868,0.085415469946,0.048903021877,0.047875798914,0.077878112368,0.06558689556,0.1733741032,1.1753272864,0.097888177043,0.1262238573,0.077084897468,0.19617604693
151.0,0.056084847895,0.062737663856,0.067687779482,0.052562658011,0.054232752978,0.04680469416,0.059380493338,0.063643010414,0.12363630359,0.046804524942,0.049379918487,0.063134288066,0.23645761622,0.065293156062,0.045997527949,0.058242593309,0.083657170455,0.047724581136,0.046715549035,0.076230610151,0.064129086565,0.17053220746,1.1672334159,0.09595451541,0.12392235237,0.075449292825,0.1930974152
151.5,0.054791231788,0.061334992786,0.066206614632,0.051328597521,0.052970287983,0.045671013182,0.058032317304,0.062225822663,0.12138244964,0.045670846975,0.048200857286,0.061725248771,0.23301661783,0.06384969832,0.044878240865,0.056913133431,0.081936054181,0.046574596412,0.045583453678,0.074618739686,0.062704134957,0.16774062384,1.1592294956,0.094060398764,0.12166502143,0.073849150325,0.19007158023
152.0,0.053527700259,0.059964091435,0.06475839641,0.050123674988,0.051737414835,0.044564829057,0.056715076461,0.060840624471,0.11917184045,0.044564665811,0.047050042202,0.060348075753,0.22963154659,0.062438625401,0.043786210351,0.055614318678,0.080251314499,0.045452379162,0.044478828767,0.073041713882,0.061311290074,0.16499840079,1.1513142958,0.092204991818,0.11945097648,0.072283685054,0.18709756659
152.5,0.052293547963,0.058624231098,0.063342380258,0.048947198555,0.050533435177,0.043485473957,0.055428053573,0.059486684143,0.11700360708,0.043485313622,0.045926794332,0.059002038988,0.22630140888,0.061059200267,0.042720772171,0.054345435847,0.078602162709,0.044357257537,0.043401006869,0.071498763395,0.059949818633,0.16230460587,1.1434866067,0.090387477467,0.11727934814,0.070752129816,0.1841744181
153.0,0.051088086225,0.057314699988,0.061957838708,0.047798492883,0.049357667245,0.042432296297,0.054170548201,0.058163286936,0.1148768988,0.042432138824,0.044830451144,0.057686425393,0.22302523011,0.059710702892,0.041681278286,0.053105788487,0.076987827632,0.043288575979,0.042349336787,0.069989136211,0.058619004323,0.15965832529,1.1357452376,0.088607056389,0.11514928524,0.069253734731,0.1813011974
153.5,0.049910642645,0.056034802844,0.060604060978,0.046676898756,0.048209445468,0.041404660337,0.052941876308,0.056869734664,0.11279088269,0.041404505679,0.04376036608,0.05640053842,0.21980205434,0.05839242986,0.040667096462,0.051894696508,0.07540755521,0.04224569482,0.041323183165,0.068512097254,0.057318147399,0.15705866352,1.1280890169,0.086862946638,0.11305995442,0.067787766831,0.17847698557
154.0,0.048760560705,0.054783860542,0.059280352585,0.045581772694,0.047088120083,0.040401945798,0.051741369872,0.055605345305,0.11074474325,0.040401793907,0.042715908172,0.055143697669,0.21663094389,0.057103693974,0.039677609885,0.050711495787,0.073860608117,0.041227989902,0.040321926106,0.067066927994,0.056046564304,0.15450474296,1.1205167918,0.085154383264,0.11101053977,0.066353509675,0.1757008817
154.5,0.047637199395,0.05356120971,0.057986034968,0.044512486572,0.045993056759,0.039423547485,0.050568376503,0.054369452625,0.10873768207,0.039423398315,0.041696461662,0.053915238511,0.21351097899,0.055843823886,0.03871221678,0.049555537797,0.072346265379,0.040234852197,0.039344960788,0.06565292607,0.054803587283,0.1519957035,1.1130274278,0.083480617926,0.10900024241,0.064950262969,0.17297200259
155.0,0.046539932841,0.052366202366,0.056720445115,0.043468427258,0.044923636224,0.03846887492,0.04942225908,0.053161405811,0.10676891735,0.038468728425,0.040701425637,0.052714511719,0.21044125737,0.054612163714,0.037770330048,0.04842618923,0.070863822004,0.039265687437,0.038391697103,0.064269404915,0.053588564016,0.14953070218,1.1056198083,0.081840918525,0.10702828016,0.063577342194,0.17028948233
155.5,0.045468149946,0.051198205551,0.055482935202,0.042448996246,0.043879253907,0.037537351981,0.048302395384,0.051980569101,0.10483768368,0.037537208116,0.039730213666,0.051540883103,0.20742089397,0.053408072694,0.036851376907,0.04732283164,0.069412588618,0.038319915763,0.037461559298,0.062915693398,0.052400857255,0.14710891284,1.0982928344,0.080234568837,0.10509388715,0.062234078244,0.16765247194
156.0,0.044421254042,0.050056600981,0.05427287224,0.04145360931,0.042859319587,0.036628416557,0.047208177749,0.050826321442,0.10294323154,0.036628275278,0.038782253454,0.050393733159,0.20444902051,0.052230924815,0.035954798543,0.046244861092,0.067991891111,0.037396971366,0.036553985621,0.061591135466,0.051239844473,0.14472952574,1.0910454247,0.078660868166,0.10319631348,0.06091981707,0.16506013906
156.5,0.043398662538,0.048940784699,0.05308963773,0.04048169616,0.041863257051,0.035741520204,0.04613901272,0.049698056135,0.10108482708,0.035741381467,0.0378569865,0.049272456726,0.20152478523,0.051080108484,0.035080049767,0.045191687816,0.066601070294,0.036496302154,0.035668427986,0.060295089803,0.050104917517,0.14239174724,1.0838765147,0.07711913099,0.10133482486,0.059633919341,0.16251166757
157.0,0.042399806594,0.047850166739,0.051932627327,0.039532700108,0.040890503757,0.034876127812,0.045094320711,0.048595180508,0.099261751706,0.034875991574,0.036953867759,0.048176462649,0.19864735249,0.049955026183,0.034226598686,0.044162735874,0.065239481555,0.035617369411,0.034804351636,0.059026929488,0.048995482274,0.14009479945,1.0767850566,0.075608686627,0.099508702284,0.0583757601,0.16000625724
157.5,0.04142413079,0.046784170802,0.05080125051,0.03860607774,0.039940510509,0.034031717281,0.044073535686,0.047517115582,0.097473301764,0.034031583499,0.036072365322,0.04710517345,0.19581590247,0.048855094144,0.033393926375,0.04315744283,0.063906494537,0.03475964748,0.03396123482,0.057786041671,0.047910958342,0.13783791989,1.0697700193,0.074128878902,0.097717241699,0.057144728438,0.15754312347
158.0,0.040471092805,0.045742233932,0.049694930262,0.0377012986,0.039012741138,0.033207779206,0.043076104831,0.046463295753,0.095718788232,0.033207647839,0.035211960093,0.046058025007,0.19302963087,0.047779742027,0.032581526563,0.042175259433,0.062601492807,0.033922623441,0.033138568474,0.056571827245,0.04685077871,0.13562036121,1.0628303876,0.072679065828,0.095959753677,0.055940227169,0.15512149688
158.5,0.03954016311,0.044723806202,0.048613102758,0.03681784488,0.03810667219,0.032403816564,0.042101488249,0.045433168478,0.093997536395,0.03240368757,0.034372145487,0.045034466246,0.19028774857,0.046728412608,0.031788905322,0.041215649302,0.061323873548,0.0331057968,0.032335855917,0.055383700535,0.045814389444,0.13344139082,1.0559651623,0.071258619285,0.094235563098,0.05476167252,0.15274062306
159.0,0.038630824661,0.043728350415,0.047555217054,0.035955211114,0.037221792625,0.031619344416,0.041149158649,0.044426193971,0.092308885533,0.031619217755,0.033552427118,0.04403395883,0.1875894813,0.045700561471,0.031015580768,0.040278088626,0.060073047248,0.032308679195,0.031552612545,0.054221088991,0.044801249383,0.13130029062,1.0491733597,0.069866924717,0.092544008848,0.053608493821,0.15039976224
159.5,0.037742572603,0.042755341798,0.046520734793,0.035112903882,0.036357603519,0.030853889612,0.040218601055,0.043441844902,0.090652188623,0.030853765244,0.032752322513,0.043055976863,0.18493406941,0.044695656714,0.030261082768,0.039362065863,0.058848437399,0.031530794092,0.030788365537,0.053083432886,0.043810829837,0.12919635668,1.0424540115,0.068503380826,0.090884443508,0.052480133207,0.14809818898
160.0,0.03687491398,0.041804267717,0.045509129913,0.034290441526,0.035513617772,0.030106990503,0.039309312508,0.042479606109,0.089026812043,0.030106868389,0.031971360818,0.042100006598,0.18232076752,0.043713178651,0.029524952649,0.038467081451,0.057649480204,0.030771676506,0.030042653573,0.051970185027,0.042842614301,0.12712889896,1.0358061643,0.067167399281,0.089256233065,0.051376045323,0.14583519191
160.5,0.036027367454,0.040874627389,0.044519888358,0.033487353863,0.034689359833,0.029378196663,0.038420801792,0.041538974313,0.087432135284,0.029378076764,0.03120908252,0.041165546158,0.17974884424,0.042752619534,0.028806742923,0.037592647525,0.056475624293,0.030030872714,0.029315026547,0.050880810464,0.041896098168,0.12509724101,1.0292288795,0.065858404428,0.087658756623,0.05029569704,0.14361007338
161.0,0.035199463026,0.03996593161,0.043552507804,0.032703181912,0.033884365416,0.028667068612,0.037552589147,0.040619457839,0.085867550665,0.028666950891,0.030465039173,0.040252105248,0.17721758191,0.04181348327,0.028106017009,0.036738287642,0.055326330438,0.029307939987,0.0286050453,0.049814786214,0.04097078845,0.12310071967,1.0227212332,0.064575833009,0.086091406116,0.049238567174,0.14142214924
161.5,0.034390741769,0.039077702477,0.042606497385,0.031937477626,0.033098181239,0.027973177556,0.036704206008,0.039720576345,0.084332463061,0.027973061974,0.029738793129,0.039359204897,0.17472627631,0.040895285155,0.027422348974,0.035903536507,0.054201071281,0.028602446319,0.027912281348,0.048771600987,0.04006620351,0.12113868484,1.0162823156,0.06331913389,0.084553586039,0.048204146213,0.13927074853
162.0,0.033600755567,0.038209473128,0.041681377429,0.031189803631,0.032330364756,0.02729610512,0.035875194735,0.038841860561,0.082826289629,0.027295991641,0.029029917278,0.038486377182,0.17227423639,0.039997551603,0.026755323266,0.035087939715,0.053099331069,0.02791397017,0.027236316628,0.047750754919,0.039181872795,0.11921049917,1.0099112308,0.06208776779,0.083044713172,0.047191936055,0.13715521323
162.5,0.032829066853,0.037360787484,0.040776679197,0.030459732968,0.031580483903,0.026635443098,0.035065108359,0.037982852025,0.081348459548,0.026635331686,0.028337994796,0.037633164978,0.16986078402,0.039119819891,0.026104534465,0.03429105349,0.052020605389,0.027242100208,0.02657674324,0.046751759314,0.038317336578,0.11731553782,1.0036070968,0.060881207016,0.08156421632,0.046201449742,0.13507489797
163.0,0.032075248362,0.036531199995,0.039891944633,0.029746848843,0.030848116849,0.025990793206,0.034273510329,0.037143102835,0.07989841376,0.025990683826,0.027662618892,0.036799121701,0.1674852537,0.038261637908,0.025469587035,0.033512444434,0.050964400915,0.026586435067,0.025933163201,0.045774136383,0.037472145706,0.11545318818,0.99736904511,0.059698935214,0.080111536054,0.045232211206,0.13302916979
163.5,0.031338882889,0.035720275397,0.039026726113,0.02905074439,0.030132851751,0.025361766839,0.03349997427,0.036322175402,0.078475604715,0.025361659455,0.027003392566,0.035983811063,0.16514699236,0.037422563903,0.024850095083,0.032751689286,0.049930235158,0.025946583098,0.025305188203,0.044817419006,0.036645861355,0.11362284963,0.99119622051,0.05854044711,0.078686124457,0.044283755025,0.13101740789
164.0,0.030619563043,0.034927588466,0.038180586209,0.028371022424,0.029434286514,0.024747984837,0.032744083736,0.035519642209,0.07707949613,0.024747879414,0.026359928379,0.035186806835,0.16284535906,0.03660216625,0.02424568212,0.032008374679,0.048917636222,0.025322162141,0.024692439379,0.043881150479,0.035838054786,0.11182393329,0.98508778081,0.057405248273,0.077287444883,0.043355626178,0.12903900337
164.5,0.029916891023,0.03415272379,0.037353097446,0.027707295216,0.028752028563,0.024149077251,0.032005431987,0.034735085575,0.075709562742,0.024148973756,0.025731848214,0.034407692606,0.16057972478,0.035800023209,0.02365598084,0.031282096905,0.047926142566,0.024712799287,0.024094547072,0.042964884283,0.035048307113,0.11005586179,0.97904289665,0.056292854867,0.075914971709,0.042447379808,0.127093359
165.0,0.029230478384,0.033395275537,0.036543842079,0.027059184266,0.028085694614,0.023564683126,0.03128362175,0.033968097429,0.074365290078,0.023564581524,0.025118783054,0.03364606156,0.15834947217,0.035015722699,0.023080632887,0.030572461693,0.046955302772,0.02411813066,0.02351115061,0.042068183852,0.034276209075,0.10831806901,0.97306075127,0.055202793427,0.074568190104,0.041558580988,0.12517988898
165.5,0.028559945818,0.03265484723,0.035752411866,0.026426320078,0.02743491045,0.022994450275,0.030578265005,0.033218279082,0.073046174219,0.022994350535,0.024520372765,0.032901516248,0.15615399532,0.034248862071,0.022519288641,0.029879083982,0.046004675318,0.023537801193,0.022941898089,0.041190622342,0.033521360805,0.10660999986,0.9671405403,0.054134600621,0.073246595796,0.040688804501,0.12329801868
166.0,0.027904922937,0.031931051532,0.034978407847,0.025808341949,0.026799310712,0.022438035071,0.029888982761,0.032485241013,0.071751721579,0.02243793716,0.023936265877,0.032173668373,0.15399269954,0.033499047892,0.021971607006,0.029201587704,0.045073828353,0.022971464418,0.022386446158,0.040331782419,0.032783371622,0.10493111006,0.96128147153,0.053087823032,0.071949694848,0.039837634614,0.12144718447
166.5,0.027265048062,0.031223510029,0.034221440131,0.025204897758,0.026178538678,0.021895102236,0.029215404847,0.031768602651,0.070481448682,0.021895006121,0.023366119379,0.031462138573,0.15186500114,0.032765895728,0.021437255199,0.028539605574,0.044162339485,0.022418782254,0.021844459815,0.039491256033,0.032061859808,0.1032808659,0.95548276472,0.052062016941,0.070677003438,0.039004664864,0.11962683344
167.0,0.026639968013,0.030531853025,0.033481127685,0.024615643757,0.025572246067,0.021365324637,0.028557169705,0.031067992171,0.069234881947,0.021365230287,0.022809598511,0.030766556216,0.14977032718,0.032049029939,0.020915908549,0.027892778882,0.043269795564,0.021879424806,0.021315612196,0.038668644214,0.031356452404,0.10165874405,0.94974365137,0.051056748106,0.069428047642,0.038189497847,0.11783642324
167.5,0.026029337916,0.029855719338,0.032757098135,0.024040244376,0.024980092832,0.02084838309,0.027913924186,0.030383046287,0.06801155748,0.020848290476,0.022266376566,0.030086559196,0.14770811532,0.031348083474,0.020407250299,0.02726075729,0.04239579248,0.021353070165,0.020799584384,0.037863556865,0.030666785005,0.10006423132,0.94406337454,0.050071591564,0.068202363225,0.037391745013,0.11607542181
168.0,0.025432820996,0.0291947561,0.032048987558,0.023478372024,0.024401746968,0.020343966167,0.027285323352,0.029713410056,0.066811020864,0.020343875257,0.021736134699,0.029421793732,0.14567781354,0.030662697668,0.019910971414,0.026643198635,0.041539934955,0.020839404217,0.020296065213,0.037075612557,0.029992501565,0.098496824475,0.93844118865,0.049106131416,0.066999495432,0.036611026464,0.1143433072
168.5,0.024850088392,0.028548618565,0.031356440295,0.022929706898,0.023836884315,0.019851770005,0.026671030287,0.029058736681,0.065632826957,0.019851680769,0.021218561731,0.028771914177,0.14367887999,0.029992522053,0.019426770388,0.026039768739,0.04070183635,0.020338120449,0.019804751079,0.036304438338,0.029333254197,0.096956030006,0.93287635927,0.048159960638,0.065818998789,0.035846970758,0.11263956737
169.0,0.024280818969,0.027916969918,0.030679108757,0.022393936799,0.023285188379,0.019371498123,0.026070715904,0.028418687325,0.064476539701,0.019371410532,0.020713353971,0.028136582828,0.14171078276,0.029337214166,0.018954353066,0.025450141218,0.03988111847,0.019848919768,0.019325345756,0.035549669537,0.028688702987,0.095441363958,0.92736816294,0.047232680879,0.064660436908,0.035099214716,0.1109637
169.5,0.023724699132,0.027299481095,0.030016653238,0.02187075695,0.022746350142,0.018902861243,0.025484058762,0.027792930924,0.063341731923,0.018902775268,0.02022021503,0.027515469741,0.1397729997,0.028696439364,0.018493432464,0.024873997299,0.039077411373,0.019371510322,0.018857560218,0.034810949577,0.028058515807,0.093952351719,0.92191588698,0.046323902273,0.063523382287,0.034367403238,0.10931521224
170.0,0.023181422649,0.026695830594,0.029368741736,0.021359869815,0.02222006789,0.018445577113,0.02491074489,0.027181144007,0.062227985149,0.018445492726,0.019738855646,0.026908252549,0.13786501824,0.028069870642,0.018043728589,0.024311025643,0.038290353191,0.018905607321,0.018401112462,0.034087929794,0.027442368139,0.092488527835,0.91651882932,0.045433243253,0.062407416129,0.033651189114,0.10769362061
170.5,0.02265069048,0.026105704309,0.028735049774,0.020860984932,0.021706047035,0.017999370339,0.024350467608,0.026583010519,0.061134889419,0.017999287512,0.019268993513,0.026314616289,0.13598633514,0.027457188457,0.017604968275,0.023760922165,0.037519589944,0.018450932868,0.017955727337,0.033380269254,0.026839942891,0.091049435823,0.91117629829,0.044560330371,0.061312128154,0.032950232852,0.10609845072
171.0,0.022132210599,0.025528795348,0.028115260228,0.020373818737,0.021203999948,0.017563972217,0.023802927357,0.025998221649,0.060062043108,0.017563890922,0.018810353114,0.025734253228,0.1341364564,0.026858080555,0.017176885011,0.023223389871,0.036764775366,0.018007215792,0.01752113638,0.032687634583,0.026250930231,0.089634627985,0.90588761248,0.043704798117,0.060237116419,0.032264202498,0.10452923714
171.5,0.021625697839,0.024964803874,0.027509063156,0.019898094407,0.020713645794,0.017139120567,0.023267831533,0.025426475664,0.059009052749,0.017139040777,0.018362665555,0.025166862693,0.13231489702,0.026272241803,0.016759218783,0.022698138684,0.036025570736,0.017574191484,0.01709707765,0.032009699792,0.025675027415,0.088243665236,0.90065210054,0.042866288746,0.059181987142,0.031592773467,0.10298552322
172.0,0.021130873717,0.024413436935,0.026916155637,0.019433541692,0.020234710367,0.01672455958,0.022744894323,0.02486747774,0.057975532858,0.016724481269,0.017925668406,0.024612150911,0.13052118081,0.025699374026,0.016351715913,0.022184885286,0.035301644704,0.017151601738,0.016683295571,0.031346146111,0.025111938627,0.086876116923,0.89546910103,0.04204445211,0.05814635453,0.030935628376,0.1014668609
172.5,0.020647466289,0.023874408308,0.026336241603,0.018979896761,0.019766925937,0.016320039659,0.022233836545,0.024320939808,0.056961105771,0.0163199628,0.017499105547,0.024069830846,0.12875484027,0.025139185841,0.015954128906,0.021683352955,0.034592673131,0.016739194594,0.016279540777,0.030696661828,0.024561374812,0.085531560657,0.89033796223,0.041238945489,0.05712984061,0.030292456882,0.09997281054
173.0,0.020175209985,0.023347438337,0.025769031688,0.018536902049,0.019310031093,0.015925317268,0.021734385495,0.02378658039,0.055965401474,0.015925241836,0.017082727013,0.023539622044,0.1270154164,0.024591392505,0.015566216297,0.021193271415,0.033898338927,0.016336724192,0.01588556996,0.030060942128,0.024023053524,0.084209582146,0.88525804199,0.040449433432,0.056132075063,0.029662955524,0.098502940749
173.5,0.019713845463,0.022832253787,0.02521424307,0.018104306106,0.018863770594,0.015540154789,0.021246274793,0.023264124453,0.054988057443,0.015540080758,0.016676288847,0.023021250478,0.12530245851,0.024055715761,0.015187742507,0.02071437668,0.033218331894,0.015943950619,0.015501145725,0.029438688938,0.023496698774,0.08290977503,0.88022870758,0.039675587597,0.055152695064,0.029046827562,0.097056828233
174.0,0.019263119463,0.02232858769,0.024671599322,0.017681863454,0.018427895222,0.01516432037,0.020769244235,0.022753303256,0.054028718486,0.015164247716,0.016279552955,0.022514448402,0.12361552409,0.023531883686,0.014818477696,0.020246410908,0.032552348572,0.015560639764,0.015126036442,0.028829610771,0.022982040874,0.08163174072,0.87524933552,0.038917086592,0.054191345123,0.028443782831,0.095634057627
174.5,0.018822784659,0.021836179204,0.024140830267,0.017269334441,0.018002161638,0.014797587795,0.020303039651,0.022253854204,0.053087036591,0.014797516493,0.015892286965,0.022018954202,0.12195417863,0.023019630547,0.014458197626,0.019789122259,0.03190009209,0.015186563183,0.01476001611,0.028233422587,0.022478816301,0.080375088244,0.87031931141,0.038173615831,0.053247676932,0.027853537589,0.094234221334
175.0,0.018392599523,0.021354773464,0.02362167183,0.016866485102,0.017586332246,0.014439736337,0.019847412758,0.021765520708,0.052162670772,0.014439666363,0.015514264087,0.021534512257,0.12031799549,0.022518696656,0.014106683523,0.019342264748,0.03126127202,0.014821497958,0.014402864218,0.027649845635,0.021986767544,0.079139434089,0.86543802983,0.03744486738,0.052321349212,0.027275814376,0.092856919376
175.5,0.017972328185,0.02088412145,0.023113865904,0.016473087026,0.017180175051,0.014090550631,0.01940212103,0.021288052043,0.051255286923,0.014090481961,0.015145262983,0.021060872798,0.11870655571,0.022028828233,0.013763721944,0.018905598114,0.030635604234,0.01446522656,0.014054365613,0.027078607324,0.021505642972,0.077924402056,0.86060489412,0.036730539814,0.051412027568,0.026710341866,0.091501759241
176.0,0.017561740301,0.020423979849,0.022617160206,0.016088917222,0.016783463531,0.013749820542,0.018966927557,0.020821203216,0.050364557671,0.013749753153,0.01478506763,0.020597791772,0.1171194479,0.021549777268,0.013429104648,0.018478887681,0.030022810761,0.014117536726,0.013714310366,0.026519441074,0.021035196697,0.076729623107,0.85581931628,0.036030338074,0.050519384341,0.026156854735,0.090168355734
176.5,0.017160610924,0.01997411092,0.022131308152,0.015713757989,0.016395976504,0.013417341036,0.018541600915,0.020364734827,0.049490162239,0.013417274905,0.014433467196,0.020145030711,0.11555626808,0.02108130139,0.013102628466,0.018061904231,0.029422619655,0.013778221325,0.013382493649,0.025972086186,0.020575188437,0.075554735227,0.85108071684,0.035343973331,0.049643098472,0.02561509352,0.088856330831
177.0,0.016768720373,0.01953428237,0.021656068719,0.015347396791,0.016017498004,0.013092912059,0.018125915039,0.019918412947,0.048631786304,0.013092847164,0.014090255912,0.019702356602,0.11401661953,0.020623163733,0.01278409518,0.017654423872,0.028834764856,0.013447078235,0.01305871561,0.02543628771,0.020125383393,0.074399383276,0.84638852468,0.034671162848,0.048782855356,0.025084804494,0.087565313543
177.5,0.016385854109,0.019104267221,0.02119120632,0.014989626132,0.015647817154,0.012776338413,0.017719649097,0.019482008988,0.047789121863,0.012776274731,0.013755232954,0.01926954176,0.11250011263,0.020175132814,0.012473311404,0.017256227915,0.028258986065,0.013123910224,0.012742781249,0.024911796313,0.019685552116,0.073263218859,0.84174217689,0.03401162985,0.047938346713,0.024565739528,0.086294939771
178.0,0.016011802618,0.018683843695,0.020736490682,0.014640243439,0.015286728047,0.01246742964,0.017322587369,0.019055299577,0.046961867101,0.01246736715,0.013428202318,0.018846363707,0.11100636478,0.019736982405,0.012170088462,0.016867102751,0.027695028613,0.012808524828,0.012434500304,0.024398368153,0.019255470388,0.072145900184,0.83714111869,0.033365103393,0.047109270455,0.024057655972,0.085044852171
178.5,0.015646361289,0.018272795085,0.020291696722,0.014299050942,0.014934029628,0.012165999906,0.016934519125,0.018638066441,0.046149726262,0.012165938587,0.013108972709,0.018432605047,0.10953500022,0.019308491417,0.011874242274,0.016486839733,0.027142643338,0.01250073424,0.012133687135,0.02389576476,0.018834919099,0.071047091932,0.83258480323,0.032731318237,0.046295330554,0.02356031653,0.083814700025
179.0,0.015289330297,0.017870909645,0.019856604428,0.013965855558,0.01458952558,0.011871867889,0.016555238508,0.018230096283,0.04535240952,0.011871807719,0.012797357426,0.018028053352,0.10808564991,0.018889443775,0.011585593247,0.016115235061,0.02660158646,0.012200355191,0.011840160608,0.023403752909,0.018423684129,0.069966465131,0.82807269151,0.032110014724,0.045496236916,0.023073489136,0.082604139105
179.5,0.014940514494,0.017477980469,0.019430998743,0.013640468785,0.014253024208,0.011584856669,0.016184544424,0.017831180674,0.044569632859,0.011584797627,0.01249317425,0.017632501049,0.10665795141,0.018479628308,0.011303966163,0.015752089664,0.026071619465,0.011907208846,0.011553743991,0.022922104506,0.018021556235,0.068903697022,0.82360425222,0.031500938657,0.044711705258,0.022596946843,0.08141283155
180.0,0.014599723295,0.017093805384,0.019014669453,0.013322706585,0.013924338335,0.011304793619,0.015822240427,0.017441115933,0.043801117948,0.011304735686,0.012196245338,0.0172457453,0.10525154873,0.018078838634,0.011029190072,0.015397209094,0.025552508988,0.011621120694,0.011274264841,0.022450596473,0.017628330935,0.067858470942,0.81917896162,0.030903841178,0.043941456987,0.022130467701,0.080240445737
180.5,0.014266770575,0.016718186837,0.018607411076,0.013012389286,0.013603285188,0.011031510305,0.015468134614,0.017059703023,0.043046592025,0.01103145346,0.011906397115,0.016867587902,0.10386609224,0.017686873051,0.010761098191,0.015050403412,0.0250440267,0.01134192044,0.011001554905,0.021989010634,0.017243808401,0.066830476199,0.81479630344,0.030318478658,0.043185219081,0.02167383465,0.079086656163
181.0,0.013941474558,0.016350931789,0.018209022754,0.012709341471,0.013289686301,0.010764842381,0.015122039513,0.016686747442,0.042305787779,0.010764786605,0.011623460174,0.016497835172,0.10250123852,0.017303534428,0.010499527799,0.014711487091,0.024545949192,0.011069441911,0.010735450016,0.021537133606,0.016867793352,0.065819407953,0.81045576874,0.029744612581,0.042442723973,0.021226835406,0.077951143321
181.5,0.013623657718,0.015991851612,0.017819308144,0.012413391879,0.012983367406,0.010504629489,0.014783771987,0.016322059118,0.041578443239,0.010504574763,0.011347269174,0.016136297848,0.10115665027,0.016928630101,0.010244320138,0.014380278902,0.024058057873,0.010803522948,0.010475789992,0.021094756691,0.016500094947,0.0648249671,0.80615685576,0.029182009432,0.041713709436,0.020789262357,0.076833593584
182.0,0.01331314668,0.015640761984,0.017438075321,0.012124373308,0.012684158339,0.010250715166,0.014453153128,0.015965452306,0.04086430166,0.010250661469,0.011077662743,0.015782790983,0.099831996143,0.016561971769,0.0099953203191,0.014056601824,0.02358013886,0.010544005312,0.010222418542,0.020661675771,0.016140526683,0.063846860159,0.80189906986,0.028630440593,0.040997918476,0.020360912458,0.075733699091
182.5,0.013009772118,0.015297482793,0.017065136671,0.011842122517,0.01239189294,0.010002946743,0.014130008157,0.015616745491,0.040163111417,0.010002894058,0.010814483381,0.015437133849,0.098526950696,0.016203375397,0.0097523772269,0.013740282937,0.023111982874,0.010290734591,0.0099751831695,0.020237691207,0.015788906297,0.062884799157,0.79768192339,0.028089682234,0.040295099217,0.019941587126,0.074651157634
183.0,0.012713368666,0.014961838037,0.016700308798,0.011566480128,0.012106408957,0.0097611752595,0.013814166335,0.015275761287,0.039474625898,0.0097611235682,0.010557577369,0.015099149836,0.097241194234,0.015852661115,0.0095153434266,0.013431153329,0.022653385139,0.010043560104,0.0097339350802,0.019822607737,0.015445055667,0.061938501524,0.79350493554,0.02755951521,0.039605004802,0.019531092143,0.073585672546
183.5,0.012423774817,0.014633655731,0.016343412424,0.011297290541,0.011827547958,0.0095252553693,0.013505460859,0.014942326346,0.038798603398,0.0095252046534,0.010306794676,0.014768666359,0.095974412713,0.015509653121,0.009284075075,0.013129048006,0.022204145283,0.0098023348121,0.0094985290932,0.019416234378,0.015108800717,0.061007689985,0.78936763228,0.027039724961,0.038927393284,0.019129237555,0.072536952595
184.0,0.012140832839,0.014312767812,0.015994272295,0.011034401838,0.011555155235,0.0092950452537,0.013203728779,0.014616271259,0.038134807021,0.0092949954955,0.01006198887,0.014445514765,0.094726297637,0.015174179594,0.0090584318331,0.012833805794,0.021764067242,0.0095669152304,0.0092688235527,0.019018384333,0.014779971323,0.060092092452,0.7852695462,0.026530101413,0.038262027523,0.018735837581,0.071504711879
184.5,0.01186438868,0.013999010051,0.015652717094,0.010777665698,0.011289079719,0.0090704065357,0.012908810902,0.014297430472,0.037483004576,0.0090703577178,0.0098230170335,0.014129530243,0.093496545945,0.014846072596,0.0088382767806,0.012545269254,0.021332959163,0.0093371613418,0.0090446802416,0.018628874893,0.014458401224,0.059191441925,0.78121021647,0.026030438882,0.037608675094,0.018350710514,0.070488669719
185.0,0.011594291888,0.013692221962,0.015318579345,0.010526937313,0.011029173895,0.0088512041966,0.012620551708,0.013985642193,0.036842968483,0.0088511563019,0.009589739677,0.013820551732,0.092284859915,0.014525167986,0.008623476332,0.012263284592,0.020910633313,0.0091129365127,0.0088259642988,0.018247527349,0.014143927931,0.058305476388,0.77718918865,0.025540535976,0.03696710818,0.017973678635,0.06948855056
185.5,0.011330395521,0.013392246718,0.014991695329,0.010282075299,0.010775293713,0.008637306494,0.012338799263,0.013680748305,0.036214475678,0.0086372595057,0.0093620206573,0.01351842184,0.091090947062,0.014211305334,0.0084139001563,0.011987701577,0.020496905988,0.0088941074116,0.008612544137,0.017874166903,0.013836392642,0.057433938715,0.77320601467,0.025060195509,0.036337103484,0.01760456812,0.068504083872
186.0,0.011072556066,0.013098931064,0.014671904998,0.01004294162,0.010527298512,0.0084285848826,0.012063405135,0.013382594284,0.035597307515,0.0084285387841,0.0091397270969,0.013222986754,0.089914520034,0.013904327834,0.0082094210966,0.011718373454,0.020091597424,0.0086805439286,0.0084042913635,0.017508622578,0.013535640157,0.056576576571,0.76926025268,0.024589224405,0.035718442131,0.017243208954,0.067535004049
186.5,0.01082063336,0.012812125237,0.014359051893,0.009809401506,0.010285050936,0.0082249139362,0.011794224314,0.013091029116,0.034991249681,0.0082248687114,0.0089227293051,0.012934096161,0.088755296521,0.01360408222,0.0080099150937,0.011455156865,0.01969453171,0.0084721190977,0.0082010807025,0.017150727135,0.013241518793,0.055733142316,0.76535146695,0.024127433612,0.03511090958,0.016889434849,0.066581050319
187.0,0.010574490509,0.012531682885,0.014052983056,0.0095813233757,0.010048416856,0.0080261712722,0.011531115132,0.012805905213,0.034396092101,0.0080261269049,0.0087109007017,0.012651603166,0.08761299916,0.013310418688,0.0078152611097,0.011197911771,0.019305536707,0.0082687090207,0.0080027899189,0.016800316989,0.012953880306,0.054903392917,0.76147922781,0.023674638016,0.034514295532,0.016543083156,0.065641966646
187.5,0.010333993812,0.012257460985,0.013753548961,0.0093585787598,0.0098172652947,0.0078322374772,0.011273939184,0.01252707834,0.033811628856,0.0078321939519,0.0085041177419,0.012375364215,0.086487355437,0.013023190816,0.0076253410552,0.01094650137,0.018924443959,0.0080701927927,0.0078092997451,0.016457232127,0.012672579811,0.054087089853,0.7576431115,0.023230656353,0.033928393844,0.016203994785,0.064717501643
188.0,0.010099012685,0.011989319773,0.013460603424,0.009141042228,0.0095914683522,0.0076429960353,0.011022561251,0.012254407531,0.033237658092,0.0076429533367,0.0083022598433,0.012105239015,0.0853780976,0.012742255484,0.0074400397168,0.010700792025,0.018551088618,0.00787645243,0.0076204938083,0.016121316029,0.012397475706,0.05328399903,0.75384270013,0.022795311134,0.033353002445,0.015872014128,0.063807408477
188.5,0.0098694195908,0.011727122662,0.013174003537,0.0089285913163,0.0093709011321,0.0074583332577,0.01077684923,0.01198775502,0.032673981942,0.0074582913704,0.0081052093148,0.011841090461,0.084284962571,0.012467472802,0.0072592446871,0.01046065319,0.01818530936,0.0076873727989,0.0074362585604,0.01579241559,0.012128429594,0.05249389069,0.75007758154,0.022368428555,0.032787923247,0.015546988978,0.062911444785
189.0,0.0096450899633,0.011470736173,0.012893609588,0.0087211064565,0.0091554416713,0.0072781382135,0.010536674059,0.011726986163,0.032120406437,0.0072780971228,0.0079128512869,0.011582784564,0.083207691853,0.012198706034,0.0070828462968,0.010225957336,0.017826948314,0.007502841547,0.0072564832095,0.015470381045,0.011865306211,0.051716539332,0.74634734926,0.021949838425,0.032232962069,0.015228770458,0.062029372586
189.5,0.0094259021403,0.011220029862,0.01261928499,0.0085184709074,0.0089449708703,0.0071023026633,0.010301909646,0.01147196937,0.031576741434,0.0071022623545,0.0077250736439,0.011330190374,0.08214603145,0.011935821525,0.0069107375471,0.0099965798838,0.017475850979,0.0073227490361,0.0070810596524,0.015155065892,0.011607973355,0.050951723622,0.74265160238,0.021539374085,0.031687928554,0.014917212939,0.061160958198
190.0,0.0092117372946,0.010974876252,0.01235089621,0.0083205706873,0.0087393724255,0.0069307209935,0.0100724328,0.011222576032,0.03104280053,0.0069306814523,0.0075417669575,0.011083179919,0.08109973178,0.011678688633,0.0067428140456,0.00977239913,0.017131866156,0.007146988276,0.0069098824098,0.014846326823,0.011356301815,0.050199226316,0.73898994545,0.021136872336,0.031152636091,0.014612173976,0.060305972156
190.5,0.0090024793673,0.01073515076,0.012088312698,0.0081272945091,0.0085385327634,0.0067632901526,0.0098481231629,0.010978680454,0.030518400991,0.0067632513648,0.0073628244225,0.010841628127,0.080068547592,0.011427179661,0.006578973942,0.0095532961846,0.016794845873,0.0069754548608,0.0067428485623,0.01454402365,0.011110165302,0.049458834181,0.73536198846,0.020742173358,0.030626901736,0.014313514232,0.059464189128
191.0,0.0087980150029,0.010500731636,0.011831406823,0.0079385337155,0.0083423409759,0.0065999095889,0.0096288631474,0.010740159787,0.030003363674,0.0065998715407,0.0071881417933,0.010605412765,0.079052237888,0.011181169783,0.0064191178664,0.0093391549038,0.016464645316,0.0068080469059,0.0065798576881,0.014248019237,0.010869440381,0.04873033791,0.73176734669,0.020355120647,0.030110546143,0.014021097409,0.058635387841
191.5,0.0085982334859,0.010271499895,0.011580053805,0.0077541822167,0.0081506887572,0.0064404811898,0.0094145378681,0.010506893965,0.029497512953,0.0064404438676,0.0070176173228,0.010374414373,0.078050565842,0.010940536989,0.0062631488689,0.0091298618253,0.016141122758,0.0066446649877,0.0064208118025,0.013958179432,0.010634006411,0.048013532055,0.72820564066,0.019975560936,0.029603393481,0.013734790183,0.057819350996
192.0,0.0084030266786,0.010047339253,0.011334131647,0.0075741364299,0.0079634703425,0.0062849092226,0.0092050350809,0.010278765637,0.029000676648,0.006284872613,0.0068511517021,0.0101485162,0.077063298722,0.010705162011,0.0061109723608,0.0089253061069,0.015824139494,0.0064852120835,0.0062656152985,0.013674373001,0.010403745472,0.047308214943,0.72467649603,0.019603344134,0.029105271372,0.013454462136,0.057015865199
192.5,0.0082122889607,0.0098281360671,0.011093521078,0.0073982952189,0.0077805824481,0.0061331002768,0.0090002451214,0.010055660112,0.028512685956,0.0061330643666,0.0066886480017,0.0099276041411,0.076090207815,0.010474928265,0.0059624960565,0.0087253794647,0.015513559771,0.0063295935133,0.0061141748894,0.013396471563,0.010178542312,0.046614188609,0.72117954354,0.019238323249,0.028616010813,0.013179985692,0.056224720883
193.0,0.0080259171706,0.0096137792716,0.010858105485,0.0072265598368,0.0076019242124,0.0059849632073,0.008800060845,0.0098374652882,0.028033375378,0.0059849279836,0.0065300116146,0.0097115666765,0.075131068353,0.010249721791,0.0058176299179,0.0085299761137,0.01520925073,0.0061777168835,0.0059663995519,0.013124349527,0.0099582842801,0.045931258719,0.71771441892,0.018880354331,0.02813544611,0.012911236052,0.055445712235
193.5,0.0078438105469,0.0094041603217,0.01062777086,0.0070588338685,0.0074273971393,0.0058404090799,0.0086043775684,0.0096240716026,0.027562582657,0.00584037453,0.0063751502004,0.009500294814,0.074185659438,0.010029431189,0.0056762860996,0.0083389927097,0.014911082337,0.0060294920317,0.0058222004713,0.01285788403,0.0097428612673,0.045259234505,0.7142807628,0.018529296399,0.027663414812,0.012648091135,0.054678637125
194.0,0.007665870673,0.0091991731345,0.010402405732,0.006895023176,0.0072569050417,0.0056993511171,0.0084130930122,0.0094153719675,0.027100148707,0.0056993172286,0.0062239736307,0.0092936820296,0.073253763972,0.0098139475646,0.005538378895,0.0081523282923,0.014618927323,0.0058848309719,0.0056814909881,0.012596954875,0.0095321656515,0.044597928689,0.71087822067,0.018185011386,0.027199757641,0.012390431517,0.053923297037
194.5,0.0074920014214,0.0089987140324,0.010181901119,0.0067350358439,0.0070903539875,0.0055617046462,0.0082261072457,0.0092112617162,0.026645917549,0.0055616714068,0.0060763939361,0.0090916242112,0.072335168587,0.0096031644698,0.0054038246847,0.0079698842296,0.014332661126,0.0057436478429,0.0055441865454,0.012341444475,0.0093260922379,0.043947157423,0.70750644276,0.017847364071,0.026744318431,0.012138140372,0.053179496997
195.0,0.0073221089005,0.0088026816878,0.0099661504647,0.0065787821267,0.0069276522463,0.0054273870477,0.0080433226318,0.0090116385463,0.026199736253,0.0054273544454,0.0059323252542,0.0088940196033,0.071429663574,0.0093969778476,0.0052725418855,0.0077915641635,0.014052161829,0.0056058588559,0.0054102046377,0.012091237793,0.0091245382046,0.043306740217,0.70416508401,0.017516222019,0.026296944062,0.011891103411,0.05244704551
195.5,0.0071561014018,0.0086109770695,0.0097550495858,0.0064261743974,0.006768710237,0.0052963177061,0.0078646437743,0.0088164024665,0.025761454868,0.005296285729,0.0057916837789,0.0087007687531,0.070537042818,0.0091952859778,0.0051444509003,0.0076172739575,0.013777310106,0.0054713822453,0.0052794647613,0.011846222286,0.008927403048,0.042676499874,0.70085380395,0.017191455525,0.025857484401,0.011649208832,0.05172575449
196.0,0.006993889349,0.0084235033899,0.0095484966194,0.0062771270972,0.0066134404779,0.0051684179603,0.0076899774657,0.0086254557433,0.025330926368,0.0051683865969,0.0056543877113,0.0085117744577,0.069657103731,0.0089979894236,0.0050194740707,0.0074469216445,0.013507989161,0.0053401382189,0.0051518883657,0.01160628785,0.0087345885302,0.042056262431,0.69757226668,0.016872937555,0.025425792239,0.01141234726,0.051015439199
196.5,0.0068353852481,0.0082401660533,0.0093463919695,0.0061315566862,0.0064617575365,0.005043611057,0.0075192326365,0.0084387028495,0.024908006588,0.0050435802959,0.0055203572111,0.0083269417123,0.068789647187,0.0088049909796,0.0048975356288,0.0072804173764,0.013244084677,0.0052120489109,0.005027398806,0.011371326766,0.0085459986268,0.041445857093,0.69432014078,0.016560543687,0.025001723229,0.011180411696,0.050315918179
197.0,0.0066805036383,0.0080608726061,0.0091486382562,0.0059893815957,0.0063135779813,0.004921822104,0.0073523203058,0.0082560504134,0.02449255417,0.0049217919339,0.0053895143497,0.0081461776603,0.067934477459,0.0086161956213,0.0047785616515,0.007117673375,0.012985484761,0.0050870383347,0.0049059212964,0.011141233648,0.0083615394767,0.040845116172,0.6910970992,0.016254152058,0.024585135837,0.01095329746,0.049627013195
197.5,0.0065291610445,0.0078855326873,0.008955140265,0.0058505221816,0.006168820335,0.0048029780251,0.0071891535327,0.0080774071702,0.024084430503,0.004802948435,0.0052617830644,0.0079693915437,0.067091402155,0.0084315104553,0.0046624800158,0.0069586038835,0.012732079888,0.0049650323379,0.0047873828656,0.01091590539,0.0081811193326,0.040253875029,0.68790281927,0.015953643309,0.024175891273,0.010730902146,0.048948549172
198.0,0.006381275931,0.0077140579807,0.0087658048986,0.0057149006784,0.0060274050278,0.0046870075158,0.0070296473691,0.007902683913,0.023683499668,0.004686978495,0.0051370891135,0.0077964946554,0.066260232159,0.0082508446707,0.0045492203545,0.00680312512,0.012483762856,0.0048459585576,0.0046717123123,0.010695241116,0.0080046485128,0.039671972013,0.68473698258,0.01565890053,0.023773853445,0.010513125568,0.048280354135
198.5,0.0062367686557,0.0075463621679,0.0085805411287,0.0055824411545,0.005889254353,0.0045738410005,0.0068737188137,0.0077317934467,0.023289628384,0.0045738125383,0.0050153600323,0.0076274002921,0.065440781569,0.0080741094919,0.0044387140137,0.0066511552312,0.012240428732,0.0047297463775,0.0045588401623,0.010479142132,0.0078320393539,0.039099248406,0.68159927492,0.015369809214,0.023378888901,0.01029986971,0.047622259148
199.0,0.0060955614262,0.007382360883,0.0083992599495,0.0054530694695,0.0057542924228,0.0044634105906,0.0067212867668,0.0075646505413,0.022902685955,0.0044633826766,0.0048965250909,0.0074620237084,0.06463286764,0.0079012181326,0.0043308940108,0.0065026142478,0.0120019748,0.0046163268852,0.0044486986267,0.010267511877,0.0076632061651,0.038535548366,0.67848938624,0.015086257199,0.022990866774,0.010091038681,0.046974098264
199.5,0.0059575782561,0.0072219716675,0.0082218743318,0.0053267132308,0.0056224451256,0.0043556500432,0.0065722719864,0.0074011718873,0.022522544215,0.0043556226672,0.0047805152522,0.0073002820722,0.063836310727,0.0077320857499,0.0042256949944,0.0063574240405,0.011768300518,0.0045056328315,0.0043412215606,0.010060255875,0.007498065183,0.037980718869,0.67540701056,0.014808134624,0.022609658731,0.0098865386653,0.046335708461
200.0,0.005822744923,0.0070651139264,0.0080482991788,0.0052033017527,0.0054936400839,0.0042504947216,0.0064265970449,0.0072412760522,0.022149077484,0.0042504678735,0.0046672631312,0.0071420944208,0.063050934226,0.0075666294011,0.0041230532035,0.0062155082777,0.01153930747,0.0043975985896,0.0042363444238,0.0098572816927,0.0073365345277,0.037434609661,0.67235184592,0.014535333876,0.022235138923,0.0096862778787,0.045706929592
200.5,0.0056909889271,0.0069117088862,0.0078784512822,0.0050827660157,0.0053678066136,0.0041478815558,0.0062841862877,0.0070848834369,0.021782162507,0.0041478552258,0.0045567029557,0.0069873816185,0.062276564519,0.0074047679997,0.0040229064299,0.0060767923832,0.011314899316,0.0042921601164,0.004134004241,0.0096584988885,0.0071785341599,0.036897073198,0.66932359435,0.014267749547,0.021867183934,0.0094901665221,0.045087604328
201.0,0.0055622394509,0.006761679553,0.00771224928,0.0049650386273,0.0052448756842,0.004047749005,0.0061449657916,0.0069319162348,0.021421678414,0.0040477231833,0.0044487705273,0.0068360663142,0.061513030922,0.0072464222738,0.0039251939796,0.0059412034957,0.011094981752,0.004189254914,0.0040341395647,0.0094638189738,0.007023985839,0.0363679646,0.66632196172,0.014005278384,0.021505672732,0.0092981167389,0.04447757811
201.5,0.00543642732,0.0066149506713,0.0075496136142,0.0048500537829,0.0051247798798,0.00395003702,0.0060088633251,0.00678229839,0.02106750667,0.0039500116971,0.0043434031836,0.0066880729015,0.060760165632,0.0070915147247,0.0038298566361,0.0058086704291,0.010879462463,0.0040888219924,0.0039366904373,0.0092731553677,0.0068728130822,0.035847141596,0.66334665781,0.013747819243,0.02115048662,0.0091100425712,0.043876699089
202.0,0.0053134849643,0.0064714486851,0.0073904664913,0.0047377472289,0.0050074533608,0.0038546870073,0.0058758083093,0.0066359555583,0.020719531025,0.0038546621739,0.0042405397614,0.0065433274779,0.060017803668,0.0069399695869,0.0037368366244,0.0056791236336,0.01066825108,0.0039908018328,0.0038415983554,0.0090864233556,0.0067249411242,0.035334464478,0.66039739612,0.013495273051,0.020801509191,0.0089258599187,0.043284818083
202.5,0.0051933463812,0.0063311016983,0.0072347318414,0.0046280562252,0.0048928318273,0.0037616417937,0.0057457317793,0.0064928150673,0.020377637471,0.0037616174406,0.0041401205607,0.0064017578069,0.059285782831,0.0067917127884,0.0036460775763,0.0055524951574,0.010461259141,0.0038951363523,0.0037488062343,0.008903540048,0.0065802968786,0.034829796048,0.65747389392,0.013247542753,0.020458626279,0.0087454864972,0.042701788523
203.0,0.005075947098,0.0061938394372,0.0070823352801,0.0045209195099,0.0047808524825,0.0036708455917,0.0056185663477,0.006352805879,0.020041714195,0.0036708217098,0.0040420873097,0.0062632932791,0.058563943642,0.0066466719128,0.0035575244952,0.00542871861,0.010258400046,0.0038017688692,0.0036582583737,0.0087244243404,0.0064388088991,0.034333001575,0.65457587214,0.013004533276,0.020121725917,0.0085688417989,0.042127466408
203.5,0.0049612241369,0.0060595932133,0.0069332040705,0.004416277264,0.0046714539974,0.003582243966,0.0054942461673,0.0062158585523,0.019711651536,0.0035822205466,0.0039463831304,0.0061278648757,0.057852129303,0.0065047761612,0.0034711237238,0.005307729126,0.010059589018,0.003710644069,0.0035699004239,0.008548996874,0.0063004073428,0.033843948742,0.65170305531,0.012766151486,0.019790698293,0.0083958470531,0.04156171025
204.0,0.0048491159798,0.0059282958873,0.0067872670859,0.0043140710774,0.0045645764763,0.0034957838008,0.0053727068961,0.0060819052064,0.019387341942,0.0034957608351,0.003852952505,0.0059954051319,0.057150185641,0.0063659563162,0.0033868229105,0.0051894633294,0.0098647430646,0.0036217079713,0.0034836793531,0.0083771799975,0.0061650239334,0.033362507606,0.64885517154,0.012532306147,0.019465435703,0.0082264251882,0.041004381036
204.5,0.0047395625343,0.0057998818332,0.0066444547739,0.0042142439152,0.004460161423,0.0034114132674,0.0052538856622,0.0059508794858,0.019068679928,0.0034113907468,0.0037617412435,0.0058658481015,0.056457961066,0.0062301447057,0.0033045709782,0.0050738592994,0.0096737809399,0.0035349078977,0.0033995434154,0.0082088977296,0.0060325919256,0.032888550551,0.64603195245,0.012302907879,0.019145832513,0.008060500794,0.040455342175
205.0,0.0046325050999,0.0056742869044,0.0065046991208,0.0041167400856,0.004358151708,0.0033290817932,0.0051377210302,0.0058227165252,0.018755562033,0.0033290597095,0.003672696452,0.0057391293224,0.05577530652,0.0060972751678,0.0032243180931,0.0049608565365,0.0094866231049,0.0034501924405,0.0033174421198,0.008044075722,0.0059030460704,0.032421952241,0.64323313311,0.012077869124,0.018831785115,0.0078980000855,0.039914459458
205.5,0.0045278863364,0.0055514483995,0.0063679336171,0.0040215052078,0.0042584915362,0.0032487400315,0.0050241529676,0.0056973529156,0.01844788678,0.0032487183763,0.0035857665011,0.0056151857827,0.055102075435,0.0059672830171,0.0031460156343,0.0048503959296,0.0093031916921,0.0033675114315,0.003237326199,0.0078826412241,0.005776322581,0.031962589581,0.64045845199,0.011857104102,0.018523191886,0.0077388508668,0.039381601008
206.0,0.0044256502313,0.0054313050296,0.0062340932236,0.003928486181,0.0041611264157,0.003170339831,0.0049131228131,0.0055747266715,0.018145554637,0.0031703185963,0.003500900996,0.0054939558876,0.054438123687,0.0058401050108,0.0030696161643,0.0047424197239,0.0091234104692,0.0032868159123,0.0031591475807,0.0077245230477,0.0056523590999,0.031510341672,0.63770765092,0.011640528777,0.018219953151,0.0075829824965,0.038856637245
206.5,0.0043257420693,0.0053137968857,0.0061031143387,0.0038376311543,0.0040660031271,0.0030938342077,0.0048045732441,0.0054547771981,0.017848467979,0.0030938133855,0.0034180507465,0.0053753794272,0.053783309552,0.0057156793162,0.0029950734003,0.0046368714894,0.0089472048039,0.0032080581054,0.0030828593579,0.0075696515328,0.005531094666,0.031065089771,0.63498047505,0.011428060822,0.017921971143,0.0074303258535,0.038339440834
207.0,0.0042281084016,0.0051988654079,0.0059749347659,0.0037488894966,0.0039730696934,0.0030191773157,0.0046984482467,0.00533744526,0.017556531047,0.0030191568983,0.0033371677386,0.0052593975451,0.053137493662,0.0055939454791,0.002922342186,0.0045336960902,0.0087745016296,0.003131191385,0.0030084157607,0.0074179585138,0.0054124696832,0.030626717249,0.63227667276,0.011219619578,0.017629149963,0.0072808133035,0.037829886652
207.5,0.004132697017,0.005086453354,0.0058494936821,0.0036622117685,0.0038822753509,0.0029463244203,0.0045946930847,0.0052226729501,0.017269649915,0.0029463043999,0.003258205106,0.0051459527073,0.052500538965,0.0054748443923,0.0028513784641,0.0044328396548,0.0086052294115,0.0030561702498,0.002935772129,0.0072693772875,0.0052964258893,0.030195109553,0.62959599565,0.011015126025,0.017341395544,0.0071343786664,0.03732785174
208.0,0.0040394569122,0.0049765047697,0.0057267316074,0.0035775496935,0.003793570521,0.0028752318706,0.0044932542709,0.0051104036598,0.016987732447,0.0028752122398,0.0031811171024,0.0050349886723,0.051872310683,0.0053583182654,0.0027821392495,0.0043342495463,0.0084393181139,0.0029829502954,0.0028648848852,0.0071238425803,0.0051829063261,0.029770154162,0.6269381985,0.010814502743,0.017058615617,0.0069909571845,0.03683321527
208.5,0.0039483382643,0.0048689649595,0.0056065903741,0.0034948561307,0.0037069067819,0.0028058570734,0.0043940795379,0.0050005820488,0.016710688269,0.0028058378249,0.0031058590749,0.0049264504616,0.051252676269,0.0052443105946,0.0027145826035,0.0042378743346,0.008276699168,0.002911488188,0.0027957115082,0.0069812905176,0.0050718553091,0.029351740558,0.62430303918,0.010617673881,0.016780719671,0.0068504854913,0.036345858499
209.0,0.0038592924029,0.0047637804575,0.0054890130982,0.0034140850479,0.0036222368417,0.0027381584675,0.0042971178099,0.0048931540172,0.016438428729,0.0027381395939,0.0030323874379,0.0048202843311,0.050641505372,0.0051327661345,0.0026486676077,0.0041436637675,0.0081173054403,0.0028417416385,0.0027282105075,0.0068416585925,0.0049632183994,0.028939760177,0.62169027865,0.010424565126,0.01650761892,0.0067129015808,0.035865664734
209.5,0.0037722717833,0.0046608990002,0.0053739441501,0.0033351914955,0.0035395145115,0.0026720954986,0.0042023191755,0.0047880666765,0.016170866864,0.0026720769929,0.0029606596472,0.004716437743,0.050038669792,0.0050236308688,0.0025843543399,0.0040515687445,0.007961071202,0.0027736693772,0.0026623413986,0.0067048856366,0.004856942375,0.028534106382,0.61909968087,0.010235103664,0.016239226268,0.006578144778,0.035392519296
210.0,0.0036872299605,0.0045602694982,0.0052613291265,0.0032581315807,0.0034586946801,0.0026076285949,0.004109634861,0.0046852683228,0.015907917365,0.0026076104501,0.002890634175,0.0046148593382,0.049444043446,0.004916851983,0.0025216038494,0.0039615412893,0.0078079320987,0.0027072311293,0.0025980646779,0.0065709117903,0.0047529752033,0.028134674421,0.6165310128,0.010049218158,0.015975456279,0.0064461557095,0.03492630948
210.5,0.003604121563,0.0044618420101,0.0051511148231,0.0031828624428,0.0033797332881,0.0025447191434,0.0040190172037,0.0045847084094,0.015649496547,0.0025447013526,0.0028222704861,0.0045154989098,0.048857502331,0.0048123778373,0.0024603781331,0.0038735345244,0.007657825121,0.0026423875908,0.0025353417996,0.0064396784743,0.0046512660145,0.027741361393,0.61398404433,0.0098668387092,0.015716225137,0.0063168762754,0.034466924518
211.0,0.0035229022685,0.0043655677164,0.0050432492079,0.0031093422283,0.0033025873037,0.0024833294663,0.0039304196268,0.0044863375209,0.015395522316,0.0024833120228,0.0027555290133,0.0044183073766,0.048278924483,0.00471015794,0.0024006401131,0.0037875026453,0.0075106885757,0.002579100405,0.0024741351522,0.0063111283619,0.0045517650746,0.027354066215,0.61145854826,0.0096878968327,0.015461450621,0.0061902496208,0.034014255547
211.5,0.0034435287787,0.0042713988937,0.0049376813946,0.0030375300677,0.0032272146981,0.0024234227988,0.0038437966142,0.0043901073475,0.015145914135,0.002423405696,0.0026903711348,0.004323236758,0.047708189942,0.0046101429217,0.0023423536137,0.0037034008959,0.0073664620575,0.0025173321397,0.0024144080355,0.0061852053513,0.0044544237606,0.026972689587,0.60895430021,0.0095123254247,0.01521105207,0.0060662201091,0.033568195572
212.0,0.0033659587961,0.0041792888898,0.0048343616173,0.0029673860518,0.0031535744223,0.0023649632664,0.0037591036863,0.0042959706596,0.014900592997,0.0023649464978,0.0026267591514,0.0042302401484,0.047145180721,0.0045122845097,0.0022854833393,0.0036211855443,0.0072250864219,0.0024570462648,0.002356124639,0.006061854539,0.0043591945344,0.026597133957,0.60647107865,0.0093400587348,0.01496495035,0.0059447332953,0.033128639431
212.5,0.0032901510002,0.0040891920996,0.0047332412053,0.0028988712092,0.0030816263839,0.0023079158639,0.0036762973756,0.004203881284,0.01465948139,0.0023078994232,0.0025646562641,0.0041392716933,0.046589780766,0.0044165355039,0.0022299948535,0.003540813859,0.0070865037577,0.0023982071306,0.0022992500201,0.0059410221939,0.0042660309189,0.026227303491,0.6040086648,0.0091710323382,0.014723067829,0.0058257358997,0.032695483765
213.0,0.0032160650253,0.0040010639411,0.0046342725586,0.0028319474841,0.003011331425,0.0022522464338,0.0035953352042,0.0041137940792,0.014422503273,0.0022522303147,0.0025040265531,0.0040502865654,0.046041875923,0.004322849752,0.0021758545577,0.0034622440861,0.0069506573607,0.0023407799466,0.0022437500828,0.0058226557315,0.0041748874739,0.025863104039,0.6015668426,0.0090051831076,0.014485328343,0.0057091757828,0.03226862698
213.5,0.0031436614375,0.0039148608321,0.0045374091241,0.0027665777148,0.0029426512997,0.002197921646,0.0035161756606,0.0040256649126,0.014189584041,0.0021979058423,0.0024448349562,0.0039632409409,0.045501353906,0.0042311821262,0.0021230296709,0.0033854354261,0.0068174917085,0.0022847307604,0.0021895915575,0.0057067036889,0.0040857197725,0.025504443105,0.5991453987,0.0088424491865,0.01425165717,0.00559500192,0.03184796922
214.0,0.0030729017137,0.003830540168,0.004442605372,0.0027027256122,0.0028755486532,0.0021449089776,0.0034387781773,0.0039394506376,0.013960650503,0.0021448934834,0.0023870472483,0.0038780919773,0.044968104262,0.0041414885003,0.0020714882097,0.0033103480127,0.0066869524344,0.0022300264379,0.0021367419808,0.0055931157006,0.0039984843782,0.025151229815,0.5967441224,0.008682769963,0.014021980998,0.0054831643778,0.031433412329
214.5,0.0030037482199,0.0037480602987,0.0043498167732,0.0026403557396,0.0028099870008,0.0020931766936,0.0033631031097,0.0038551090707,0.013735630847,0.0020931615029,0.0023306300218,0.0037947977907,0.044442018343,0.0040537257267,0.002021198969,0.0032369428906,0.0065589863034,0.0021766346433,0.0020851696761,0.0054818424745,0.0039131388228,0.024803374889,0.59436280561,0.0085260860436,0.013796227901,0.0053736142895,0.031024859829
215.0,0.0029361641911,0.0036673805079,0.004258999777,0.0025794334923,0.0027459307074,0.0020426938273,0.0032891117144,0.0037725989707,0.01351445462,0.0020426789345,0.0022755506665,0.0037133174342,0.043922989267,0.003967851615,0.001972131503,0.0031651819946,0.0064335411878,0.0021245238199,0.0020348437341,0.0053728357684,0.0038296415842,0.024460790608,0.59200124282,0.008372339228,0.013574327309,0.0052663038321,0.03062221688
215.5,0.0028701137104,0.0035884609912,0.0041701117887,0.0025199250782,0.0026833449674,0.0019934301623,0.0032167661285,0.0036918800166,0.013297052696,0.0019934155615,0.0022217773509,0.0036336108768,0.043410911894,0.0038838249098,0.0019242561067,0.0030950281295,0.0063105660435,0.0020736631712,0.0019857339947,0.0052660483674,0.0037479520652,0.024123390787,0.58965923106,0.0082214724849,0.013356209983,0.0051611862038,0.030225390257
216.0,0.0028055616897,0.0035112628357,0.0040831111491,0.0024617974984,0.0026221957858,0.0019453562137,0.0031460293499,0.0036129127869,0.013083357253,0.0019453418994,0.002169279003,0.0035556389827,0.042905682792,0.0038016052701,0.0018775437977,0.0030264449496,0.0061900108873,0.0020240226427,0.0019378110284,0.0051614340616,0.0036680305726,0.023791090748,0.58733656985,0.0080734299269,0.013141807987,0.0050582156014,0.029834288317
216.5,0.0027424738504,0.0034357480001,0.0039979571131,0.0024050185285,0.0025624499586,0.0018984432107,0.0030768652167,0.0035356587398,0.012873301743,0.0018984291774,0.002118025293,0.0034793634907,0.042407200208,0.0037211532488,0.001831966299,0.0029593969389,0.0060718267739,0.0019755729038,0.0018910461188,0.005058947624,0.0035898382968,0.023463807288,0.5850330612,0.0079281567876,0.012931054665,0.0049573471987,0.029448820974
217.0,0.0026808167042,0.0033618792941,0.0039146098294,0.0023495567005,0.0025040750548,0.0018526630793,0.0030092383888,0.0034600801925,0.012666820874,0.0018526493216,0.0020679866145,0.0034047469946,0.041915364037,0.0036424302724,0.0017874960214,0.0028938493928,0.0059559657737,0.0019282853306,0.0018454112454,0.0049585447893,0.0035133372919,0.023141458657,0.58274850956,0.0077855993981,0.012723884613,0.0048585371254,0.029068899666
217.5,0.0026205575354,0.0032896203599,0.0038330303209,0.0022953812848,0.0024470393977,0.0018079884251,0.0029431143285,0.0033861403026,0.012463850578,0.0018079749377,0.002019134068,0.0033317529241,0.041430075797,0.0035653986213,0.001744106047,0.0028297683985,0.005842380952,0.0018821319886,0.0018008790663,0.0048601822331,0.003438490456,0.022823964527,0.58048272174,0.0076457051643,0.012520233656,0.0047617424461,0.02869443733
218.0,0.0025616643823,0.0032189356532,0.0037531804646,0.0022424622726,0.0023913120479,0.0017643925172,0.0028784592821,0.0033138030486,0.012264327992,0.001764379295,0.0019714394435,0.0032603455253,0.040951238597,0.003490021411,0.0017017701128,0.0027671208174,0.0057310263467,0.001837085616,0.0017574229021,0.0047638175514,0.0033652615126,0.022511245967,0.57823550694,0.0075084225449,0.012320038824,0.0046669211398,0.028325348378
218.5,0.0025041060199,0.0031497904244,0.0036750229732,0.0021907703593,0.0023368627854,0.001721849272,0.0028152402621,0.0032430332114,0.012068191434,0.0017218363099,0.0019248752041,0.0031904898427,0.040478757109,0.0034162625729,0.0016604625948,0.0027058742668,0.0056218569486,0.0017931196077,0.0017150167199,0.0046694092406,0.0032936149916,0.022203225418,0.57600667671,0.0073737010293,0.012123238328,0.0045740320806,0.027961548662
219.0,0.0024478519431,0.0030821507008,0.0035985213763,0.0021402769276,0.0022836620932,0.0016803332373,0.0027534250296,0.0031737963564,0.011875380375,0.0016803205302,0.0018794144701,0.0031221517011,0.040012537546,0.0033440868365,0.0016201584922,0.0026459971029,0.0055148286807,0.0017502079995,0.0016736351172,0.0045769166782,0.0032235162114,0.021899826666,0.57379604485,0.0072414911166,0.011929771536,0.0044830350178,0.027602955459
219.5,0.0023928723494,0.0030159832692,0.003523640002,0.0020909540314,0.0022316811405,0.0016398195771,0.0026929820771,0.0031060588159,0.011685835422,0.0016398071202,0.0018350310028,0.0030552976879,0.039552487628,0.0032734597109,0.0015808334127,0.0025874584033,0.0054098983785,0.0017083254521,0.0016332533071,0.0044863001034,0.0031549312608,0.02160097482,0.57160342748,0.0071117442949,0.011739578953,0.0043938905567,0.027249487437
220.0,0.002339138123,0.0029512556586,0.0034503439596,0.0020427743799,0.0021808917672,0.0016002840569,0.0026338806117,0.0030397876712,0.011499498296,0.0016002718453,0.0017916991899,0.0029898951356,0.039098516561,0.003204347468,0.0015424635571,0.002530227951,0.0053070237704,0.0016674472369,0.001593847103,0.0043975205986,0.0030878269822,0.021306596283,0.56942864291,0.0069844130207,0.011552602195,0.0043065601407,0.026901064631
220.5,0.0022866208187,0.0028879361232,0.0033785991216,0.0019957113222,0.0021312664673,0.0015617030287,0.0025760905388,0.0029749507365,0.011316311804,0.0015616910578,0.0017493940297,0.0029259121054,0.038650535011,0.0031367171247,0.0015050257054,0.0024742762176,0.0052061634592,0.0016275492202,0.001555392904,0.0043105400712,0.003022170954,0.021016618736,0.56727151168,0.0068594506988,0.011368783971,0.0042210060326,0.026557608422
221.0,0.0022352926462,0.0028259936262,0.0033083721073,0.0019497388323,0.0020827783745,0.0015240534173,0.0025195824459,0.0029115165417,0.011136219823,0.0015240416824,0.0017080911168,0.0028633173706,0.038208455074,0.0030705364266,0.0014684972024,0.0024195743478,0.0051072769034,0.00158860785,0.0015178676813,0.0042253212357,0.0029579314744,0.020730971105,0.56513185649,0.0067368116634,0.011188068059,0.0041371912968,0.026219041513
221.5,0.0021851264555,0.0027653978239,0.0032396302661,0.0019048314939,0.0020354012465,0.0014873127058,0.0024643275875,0.0028494543168,0.01095916728,0.0014873012023,0.0016677666282,0.0028020804002,0.037772190258,0.0030057738318,0.001432855944,0.0023660941437,0.0050103243988,0.0015506001409,0.0014812489634,0.004141827596,0.0028950775454,0.020449583546,0.56300950218,0.0066164511582,0.011010399287,0.0040550797823,0.025885287899
222.0,0.002136095721,0.0027061190496,0.0031723416608,0.0018609644868,0.0019891094512,0.0014514589225,0.002410297869,0.0027887339757,0.010785100128,0.001451447646,0.0016283973087,0.0027421713439,0.037341655453,0.0029423984945,0.0013980803637,0.0023138080498,0.0049152670613,0.0015135036611,0.0014455148235,0.0040600234288,0.0028335788563,0.020172387418,0.56090427571,0.0064983253184,0.010835723511,0.0039746361053,0.025556272851
222.5,0.0020881745279,0.0026481282988,0.0031064750526,0.0018181135724,0.0019438779515,0.0014164706276,0.0023574658327,0.002729326101,0.010613965326,0.0014164595738,0.001589960458,0.0026835610158,0.036916766911,0.0028803802499,0.0013641494197,0.0022626891383,0.0048220668088,0.0014772965189,0.0014106438655,0.0039798737666,0.0027734057691,0.019899315263,0.55881600611,0.006382391152,0.010663987596,0.003895825633,0.02523192289
223.0,0.0020413375579,0.0025913972139,0.0030419998848,0.0017762550797,0.001899682292,0.0013823269003,0.0023058046425,0.002671201929,0.010445710824,0.0013823160648,0.0015524339167,0.0026262208804,0.036497442219,0.0028196895985,0.0013310425822,0.0022127110945,0.0047306863451,0.0014419573495,0.0013766152118,0.0039013443813,0.0027145293027,0.019630300783,0.55674452448,0.0062686065219,0.010495139396,0.0038186144668,0.024912165764
223.5,0.0019955600747,0.0025358980696,0.0029788862681,0.0017353658926,0.0018564985853,0.001349007326,0.00225528807,0.0026143333348,0.010280285538,0.0013489967047,0.0015157960541,0.002570123037,0.03608360028,0.0027602976916,0.0012987398205,0.0021638482027,0.0046410891426,0.0014074653024,0.0013434084901,0.0038244017686,0.0026569211184,0.019365278822,0.55468966394,0.0061569301286,0.010329127735,0.0037429694269,0.024596930428
224.0,0.0019508179116,0.0024816037588,0.0029171049657,0.0016954234363,0.0018143034987,0.0013164919846,0.0022058904807,0.0025586928183,0.010117639336,0.0013164815732,0.0014800257548,0.0025152402062,0.035675161286,0.0027021763165,0.0012672215912,0.0021160753325,0.0045532394264,0.0013738000292,0.0013110038218,0.003749013132,0.0026005535054,0.019104185339,0.55265125958,0.0060473214926,0.010165902387,0.0036688580365,0.024286147021
224.5,0.0019070874571,0.0024284877786,0.0028566273788,0.001656405665,0.001773074241,0.0012847614376,0.0021575868201,0.0025042534895,0.0099577230147,0.0012847512322,0.0014451024072,0.0024615457153,0.0352720467,0.0026452978823,0.0012364688263,0.0020693679256,0.0044671021583,0.0013409416711,0.0012793818095,0.0036751463677,0.0025453993669,0.018846957395,0.55062914851,0.0059397409381,0.01000541406,0.0035962485066,0.023979746847
225.0,0.0018643456429,0.0023765242166,0.0027974255326,0.0016182910488,0.0017327885503,0.0012537967175,0.0021103526008,0.0024509890555,0.0098004882867,0.001253786714,0.0014110058907,0.002409013485,0.034874179231,0.0025896354063,0.0012064629216,0.0020237019821,0.0043826430211,0.0013088708474,0.0012485235255,0.0036027700495,0.0024914322061,0.018593533127,0.54862316973,0.0058341495763,0.0098476143765,0.0035251097214,0.02367766235
225.5,0.0018225699311,0.0023256877376,0.0027394720621,0.0015810585622,0.0016934246811,0.0012235793155,0.0020641638891,0.0023988738063,0.009645887759,0.0012235695101,0.0013777165643,0.0023576180157,0.034481482816,0.0025351624997,0.0011771857255,0.0019790540481,0.0042998284038,0.0012775686436,0.0012184105005,0.0035318534145,0.0024386261128,0.018343851733,0.54663316418,0.0057305092892,0.0096924558542,0.0034554112233,0.0233798271
226.0,0.0017817383016,0.0022759535704,0.0026827401992,0.0015446876719,0.0016549613927,0.0011940911709,0.0020189972929,0.0023478826026,0.0094938749171,0.0011940815597,0.0013452152553,0.0023073343749,0.034093882594,0.0024818533553,0.0011486195277,0.0019354012032,0.0042186253863,0.0012470166007,0.0011890247124,0.0034623663488,0.0023869557502,0.018097853448,0.5446589747,0.0056287827139,0.0095398918913,0.0033871231991,0.023086175766
226.5,0.0017418292406,0.0022272974955,0.0026272037588,0.0015091583252,0.0016173779371,0.00116531466,0.0019748299486,0.0022979908623,0.0093444041078,0.0011653052392,0.0013134832477,0.002258138184,0.033711304891,0.0024296827337,0.0011207470487,0.0018927210479,0.004139001725,0.0012171967039,0.0011603485755,0.003394279373,0.0023363963422,0.017855479531,0.54270044596,0.0055289332275,0.0093898767483,0.0033202164658,0.022796644104
227.0,0.0017028217283,0.0021796958324,0.0025728371264,0.0014744509388,0.0015806540476,0.0011372325856,0.00193163951,0.002249174548,0.0091974305225,0.0011372233515,0.0012825022716,0.0022100056059,0.033333677196,0.002378625951,0.0010935514292,0.0018509916919,0.0040609258386,0.0011880913717,0.00113236493,0.0033275636291,0.0022869236604,0.017616672239,0.5407574245,0.0054309249313,0.0092423655312,0.0032546624572,0.02251116893
227.5,0.0016646952279,0.0021331254273,0.0025196152453,0.0014405463878,0.0015447699277,0.0011098281666,0.0018894041354,0.0022014101552,0.009052910181,0.0011098191157,0.0012522544924,0.0021629133332,0.032960928142,0.0023286588662,0.0010670162202,0.0018101917423,0.003984366794,0.0011596834459,0.0011050570313,0.003262190867,0.0022385140126,0.017381374818,0.53882975865,0.0053347226367,0.0090973141755,0.0031904332107,0.022229688108
228.0,0.0016274296743,0.0020875636415,0.0024675136041,0.0014074259945,0.0015097062397,0.0010830850281,0.0018481024768,0.0021546747,0.0089107999153,0.0010830761568,0.0012227225005,0.0021168385757,0.032592987488,0.0022797578695,0.0010411253723,0.0017703002924,0.0039092942929,0.0011319561809,0.0010784085405,0.0031981334314,0.0021911442299,0.017149531476,0.53691729854,0.0052402918503,0.00895467943,0.0031275013537,0.021952140526
228.5,0.0015910054631,0.0020429883399,0.0024165082251,0.0013750715185,0.0014754440945,0.0010569871914,0.0018077136686,0.0021089457075,0.0087710573541,0.0010569784961,0.0011938893008,0.0020717590493,0.032229786098,0.00223189987,0.0010158632269,0.0017312969104,0.0038356786581,0.0011048932343,0.0010524035142,0.0031353642487,0.0021447916556,0.016921087373,0.53501989605,0.00514759876,0.0088144188413,0.0030658400916,0.021678466083
229.0,0.0015554034401,0.0019993778791,0.002366575652,0.0013434651461,0.0014419650408,0.0010315190642,0.0017682173162,0.0020642012004,0.0086336409074,0.0010315105416,0.0011657383033,0.0020276529643,0.031871255923,0.0021850622841,0.00099121450594,0.0016931616282,0.0037634908207,0.0010784786566,0.0010270263947,0.0030738568152,0.0020994341333,0.016695988598,0.53313740481,0.0050566102206,0.0086764907381,0.0030054231951,0.021408605668
229.5,0.0015206048906,0.001956711097,0.0023176929385,0.0013125894801,0.0014092510551,0.0010066654317,0.0017295934857,0.0020204196877,0.0084985097513,0.0010066570784,0.0011382533131,0.0019844990142,0.031517329981,0.0021392230247,0.00096716430285,0.0016558749315,0.0036927023075,0.0010526968823,0.0010022620013,0.0030135851841,0.0020550499963,0.016474182157,0.53126968016,0.0049672937411,0.0085408542167,0.0029462249878,0.021142501142
230.0,0.0014865915294,0.0019149673016,0.0022698376373,0.0012824275302,0.0013772845313,0.00098241144722,0.0016918226928,0.0019775801541,0.0083656238136,0.00098240325992,0.0011114185209,0.0019422763654,0.031167942344,0.0020943604897,0.0009436980737,0.0016194177486,0.0036232852278,0.0010275327202,0.00097809552071,0.0029545239541,0.0020116180558,0.016255615953,0.52941657913,0.0048796174705,0.0084074691256,0.0028882203345,0.020880095323
230.5,0.0014533454911,0.0018741262604,0.0022229877888,0.0012529627035,0.0013460482717,0.00095874262314,0.0016548858932,0.001935662049,0.0082349437592,0.00095873459862,0.0010852184942,0.0019009646459,0.030823028112,0.0020504535513,0.0009208016282,0.0015837714409,0.003555212262,0.0010029713444,0.00095451249812,0.0028966482574,0.001969117591,0.016040238773,0.52757796043,0.0047935501853,0.0082762960515,0.0028313846297,0.020621331969
231.0,0.0014208493199,0.0018341681902,0.0021771219106,0.001224178795,0.0013155254765,0.00093564482242,0.0016187644723,0.0018946452764,0.0081064309756,0.00093563695752,0.0010596381678,0.0018605439353,0.030482523404,0.0020074815455,0.00089846112114,0.0015489177926,0.0034884566491,0.00097899828589,0.00093149882868,0.0028399337483,0.0019275283381,0.015828000269,0.52575368439,0.0047090612767,0.0081472963049,0.0027756937859,0.02036615576
231.5,0.0013890859605,0.0017950737471,0.0021322189865,0.0011960599785,0.0012856997355,0.00091310425,0.0015834402353,0.0018545101843,0.0079800475595,0.0009130965416,0.0010346628351,0.0018209947546,0.030146365335,0.0019654242615,0.00087666304397,0.001514839001,0.0034229921751,0.00095559942355,0.00090904074899,0.0027843565922,0.0018868304804,0.015618850943,0.523943613,0.0046261207378,0.0080204319063,0.0027211242226,0.020114512282
232.0,0.0013580387485,0.0017568240162,0.0020882584567,0.0011685907977,0.0012565550182,0.00089110744456,0.0015488953977,0.0018152375552,0.007855756303,0.00089109988962,0.00101027814,0.0017822980563,0.029814492002,0.0019242619323,0.00085539421663,0.0014815176673,0.0033587931616,0.00093276097593,0.00088712482876,0.0027298934544,0.001847004638,0.015412742134,0.52214760983,0.0045446991518,0.0078956655726,0.0026676528556,0.019866348014
232.5,0.001327691402,0.0017194005025,0.0020452202077,0.0011417561577,0.0012280756657,0.0008696412704,0.001515112576,0.001776808596,0.0077335206803,0.00086963386592,0.00098647006798,0.0017444352147,0.029486842465,0.0018839752238,0.00083464177956,0.0014489367871,0.0032958344546,0.000910469493,0.00086573796277,0.0026765214894,0.0018080318584,0.015209626001,0.52036554002,0.0044647676798,0.0077729607037,0.0026152570861,0.019621610308
233.0,0.0012980280119,0.0016827851211,0.0020030845619,0.0011155413161,0.0012002463812,0.00084869290958,0.0014820747785,0.001739204929,0.0076133048345,0.00084868565263,0.00096322493818,0.0017073880164,0.029163356734,0.0018445452262,0.00081439318587,0.0014170797417,0.0032340914132,0.00088871184825,0.00084486736301,0.0026242183308,0.0017698936067,0.01500945551,0.5185972703,0.0043862980492,0.0076522813695,0.0025639147902,0.019380247376
233.5,0.001269033034,0.001646960188,0.0019618322689,0.0010899318753,0.0011730522223,0.00082824985421,0.0014497653964,0.0017024085819,0.007495073565,0.00082824274191,0.00094052939543,0.0016711386512,0.028843975751,0.001805953444,0.00079463619377,0.0013859302889,0.0031735398995,0.0008674752308,0.00082450055095,0.0025729620805,0.0017325717561,0.014812184417,0.51684266891,0.0043092625419,0.0075335922968,0.002513604309,0.019142208277
234.0,0.0012406912802,0.0016119084114,0.0019214444953,0.0010649137736,0.0011464785924,0.00080829989893,0.0014181681953,0.0016664019792,0.007378792315,0.00080829292845,0.00091837040245,0.0016356697029,0.028528641374,0.0017681817866,0.00077535885912,0.0013554725544,0.0031141562674,0.00084674713786,0.0008046253501,0.0025227312991,0.0016960485795,0.014617767255,0.51510160563,0.0042336339835,0.0074168588574,0.0024643044386,0.018907442898
234.5,0.0012129879103,0.0015776128826,0.0018819028158,0.0010404732782,0.0011205112326,0.00078883113361,0.0013872673061,0.0016311679335,0.0072644271587,0.00078882430218,0.00089673523222,0.0016009641404,0.028217296365,0.0017312125599,0.00075654952819,0.0013256910237,0.0030559173528,0.00082651536725,0.00078522987862,0.0024735049958,0.0016603067397,0.014426159322,0.51337395172,0.0041593857321,0.0073020470551,0.0024159944199,0.018675901943
235.0,0.0011859084242,0.0015440570673,0.0018431892043,0.0010165969768,0.001095136214,0.00076983193618,0.0013570472173,0.0015966896362,0.00715194479,0.00076982524108,0.00087561146065,0.0015670053095,0.027909884368,0.0016950284572,0.00073819683062,0.0012965705338,0.0029988004633,0.00080676801022,0.00076630254223,0.002425262619,0.0016253292813,0.014237316665,0.51165957993,0.0040864916677,0.0071891235138,0.0023686539298,0.018447536916
235.5,0.0011594386538,0.0015112247978,0.0018052860252,0.00099327177023,0.0010703399298,0.00075129096564,0.0013274927667,0.0015629506496,0.0070413125101,0.00075128440421,0.00085498695928,0.0015337769239,0.027606349903,0.0016596125504,0.00072028967247,0.0012680962647,0.0029427833684,0.00078749344434,0.00074783202723,0.0023779840471,0.0015910996218,0.014051196067,0.50995836446,0.0040149261811,0.0070780554661,0.0023222630712,0.01822230011
236.0,0.0011335647552,0.0014791002641,0.0017681760244,0.00097048486543,0.001046109088,0.00073319715531,0.0012985891331,0.0015299348983,0.0069324982162,0.00073319072493,0.00083484988824,0.0015012630573,0.027306638343,0.0016249482818,0.00070281722955,0.0012402537322,0.0028878442898,0.0007686803266,0.00072980729371,0.0023316495786,0.0015576015436,0.013867755036,0.50827018094,0.0039446641644,0.0069688107412,0.0022768023643,0.018000144592
236.5,0.0011082732018,0.001447668006,0.0017318423214,0.00094822376785,0.0010224307041,0.0007155397061,0.001270321829,0.0014976266613,0.0068254703901,0.00071553340421,0.00081518868938,0.0014694481353,0.027010695906,0.0015910194561,0.00068576894084,0.0012130287798,0.0028339618922,0.0007503175867,0.00071221756887,0.0022862399241,0.0015248191858,0.013686951787,0.50659490645,0.0038756810003,0.0068613577537,0.0022322527374,0.017781024188
237.0,0.0010835507763,0.0014169129059,0.0016962684006,0.00092647627464,0.00099929209366,0.00069830808011,0.0012426766929,0.0014660105639,0.0067201980868,0.00069830190418,0.00079599207952,0.0014383169274,0.026718469639,0.0015578102317,0.00066913450207,0.0011864075716,0.0027811152736,0.00073239442044,0.00069505234061,0.0022417361968,0.001492737036,0.013508745238,0.50493241944,0.0038079525523,0.0067556654927,0.0021885955184,0.017564893472
237.5,0.001059384564,0.0013868201801,0.0016614381039,0.00090523046773,0.00097668086558,0.00068149199426,0.0012156398815,0.00143507157,0.0066166509243,0.00068148594183,0.00077724904389,0.0014078545395,0.026429907401,0.0015253051138,0.00065290385948,0.0011603765842,0.0027292839569,0.00071490028338,0.00067830135118,0.0021981199042,0.0014613399228,0.013333094987,0.50328259975,0.0037414551552,0.0066517035104,0.0021458124261,0.017351707753
238.0,0.0010357619458,0.0013573753722,0.001627335622,0.00088447470724,0.00095458491517,0.00066508141413,0.0011891978632,0.0014047949749,0.0065147990721,0.00066507548277,0.00075894882975,0.0013780464062,0.026144957855,0.0014934889456,0.00063706720374,0.0011349226007,0.0026784478804,0.00069782488452,0.00066195459102,0.0021553729396,0.0014306130081,0.01315996131,0.5016453286,0.0036761656053,0.0065494419119,0.0021038855618,0.017141423062
238.5,0.001012670591,0.0013285643453,0.0015939454876,0.00086419762483,0.00093299241749,0.00064906654794,0.0011633374104,0.0013751663972,0.0064146132413,0.00064906073528,0.00074108094011,0.0013488782835,0.02586357045,0.0014623469019,0.00062161496399,0.0011100327026,0.0026285873897,0.0006811581802,0.00064600229277,0.0021134775739,0.0014005417798,0.012989305141,0.50002048853,0.0036120611516,0.0064488513444,0.0020627974014,0.016933996137
239.0,0.00099009845111,0.001300373275,0.0015612525675,0.00084438811742,0.00091189182083,0.00063343784067,0.0011380455927,0.0013461717724,0.0063160646739,0.00063343214438,0.00072363512762,0.0013203362418,0.025585695413,0.001431864481,0.00060653780205,0.0010856942637,0.0025796832289,0.00066489036818,0.00063043492535,0.0020724164476,0.0013711120443,0.012821088066,0.49840796342,0.0035491194861,0.0063499029872,0.0020225307871,0.016729384414
239.5,0.00096803375309,0.0012727886424,0.001529242055,0.00082503534094,0.00089127184041,0.00061818596835,0.0011133097704,0.001317797345,0.0062191251331,0.00061818038615,0.00070660138865,0.0012924066584,0.025311283728,0.0014020274978,0.00059182660673,0.0010618949432,0.0025317165324,0.00064901188182,0.00061524318829,0.002032172563,0.0013423099195,0.012655272307,0.49680763847,0.0034873187353,0.0062525685412,0.0019830689198,0.016527546016
240.0,0.00094646499306,0.0012457972271,0.0014978994633,0.00080612870424,0.00087112145209,0.00060330183243,0.0010891175878,0.0012900296625,0.0061237668932,0.00060329636207,0.00068996995743,0.0012650762113,0.025040287132,0.0013728220767,0.00057747248834,0.0010386226792,0.0024846688167,0.00063351338434,0.00060041800613,0.0019927292762,0.0013141218281,0.012491820716,0.49521940015,0.0034266374513,0.0061568202194,0.0019443953512,0.016328439737
240.5,0.00092538093012,0.0012193861008,0.0014672106182,0.00078765786317,0.00085142988636,0.00058877655435,0.0010654569666,0.0012628555677,0.0060299627302,0.00058877119363,0.00067373130042,0.0012383318719,0.024772658099,0.001344234645,0.0005634667733,0.0010158656821,0.0024385219726,0.00061838576339,0.00058595052295,0.0019540702901,0.0012865344906,0.012330696758,0.49364313624,0.0033670546032,0.0060626307372,0.0019064939767,0.016132025032
241.0,0.00090477058024,0.0011935426207,0.001437161651,0.00076961271477,0.00083218662241,0.0005746014702,0.0010423160996,0.0012362621931,0.005937685912,0.00057459621696,0.00065787611072,0.0012121608987,0.024508349827,0.0013162519258,0.00054980099886,0.00099361242897,0.0023932582576,0.00060362012555,0.00057183209707,0.0019161796464,0.0012595349185,0.012171864504,0.49207873576,0.003308549569,0.0059699733024,0.0018693490276,0.015938262007
241.5,0.00088462321038,0.0011682544228,0.0014077389923,0.00075198339166,0.00081338138235,0.00056076812552,0.0010196834449,0.0012102369537,0.0058469101891,0.00056076297766,0.00064239530271,0.0011865508311,0.024247316225,0.001288860932,0.00053646690798,0.00097185165681,0.0023488602877,0.00058920779113,0.00055805429584,0.0018790417189,0.0012331104084,0.012015288621,0.49052608896,0.0032511021271,0.0058788216069,0.0018329450643,0.015747111409
242.0,0.00086492833269,0.0011435094161,0.0013789293652,0.00073476025645,0.00079500412554,0.00054726827026,0.00099754771957,0.0011847675408,0.0057576097858,0.00054726322569,0.00062728000676,0.0011614894826,0.023989511907,0.0012620489591,0.00052345644434,0.00095057235706,0.0023053110306,0.00057514028897,0.00054460889063,0.0018426412062,0.0012072485351,0.011860934356,0.48898508734,0.0031946924485,0.0057891498163,0.0017972669693,0.01555853461
242.5,0.00084567569889,0.0011192957763,0.0013507197787,0.00071793389642,0.00077704504312,0.00053409385379,0.00097589789372,0.0011598419164,0.005669759391,0.00053408891048,0.00061252156404,0.0011369649353,0.023734892174,0.0012358035797,0.00051076174745,0.00092976376964,0.0022625937979,0.00056140935145,0.0005314878518,0.0018069631248,0.0011819371455,0.011708767534,0.4874556236,0.0031393010886,0.0057009325622,0.0017622999401,0.015372493602
243.0,0.00082685529471,0.0010956019398,0.0013230975218,0.00070149511818,0.00075949455256,0.00052123702009,0.00095472318502,0.0011354483066,0.0055833341497,0.00052123217605,0.00059811152156,0.0011129655333,0.023483413005,0.0012101126371,0.00049837514786,0.0009094153773,0.0022206922385,0.00054800690958,0.00051868334397,0.0017719928025,0.001157164353,0.011558754541,0.48593759164,0.0030849089799,0.0056141449326,0.0017280294825,0.015188950981
243.5,0.00080845733452,0.0010724165979,0.0012960501572,0.0006854349426,0.00074234329247,0.00050869010305,0.00093401305291,0.0011115751957,0.005498309654,0.00050868535632,0.0005840416272,0.0010894798774,0.023235031049,0.0011849642393,0.00048628916257,0.0008895169001,0.0021795903311,0.00053492508822,0.00050618772127,0.0017377158717,0.0011329185312,0.011410862318,0.48443088655,0.0030314974243,0.0055287624634,0.0016944414044,0.015007869943
244.0,0.00079047225611,0.0010497286912,0.0012695655152,0.00066974459973,0.00072558211741,0.00049644562186,0.00091375719318,0.0010882113211,0.0054146619351,0.00049644097052,0.00057030382496,0.001066496819,0.022989703607,0.0011603467529,0.00047449649044,0.00087005829001,0.0021392723776,0.00052215620143,0.00049399352273,0.0017041182631,0.0011091883079,0.011265058349,0.48293540456,0.0029790480856,0.0054447611305,0.001661521809,0.014829214266
244.5,0.00077289071547,0.0010275274041,0.0012436316881,0.00065441552395,0.00070920209291,0.00048449627653,0.00089394553262,0.0010653456669,0.0053323674548,0.0004844917187,0.00055689025027,0.0010440054548,0.02274738863,0.0011362487981,0.00046299000778,0.0008510297256,0.0020997229966,0.00050969274786,0.00048209346787,0.0016711861988,0.0010859625602,0.011121310653,0.48145104306,0.0029275429823,0.005362117341,0.0016292570888,0.014652948308
245.0,0.00075570358182,0.0010058021589,0.0012182370244,0.00063943934914,0.00069319449053,0.00047283494352,0.00087456822375,0.001042967459,0.0052514030974,0.00047283047735,0.00054379322541,0.0010219951211,0.0225080447,0.0011126592422,0.00045176276406,0.00083242160692,0.0020609271164,0.00049752740639,0.00047048045225,0.0016389061871,0.0010632304082,0.010979587775,0.4799777006,0.0028769644808,0.0052808079251,0.0015976339191,0.014479036992
245.5,0.00073890193272,0.00098454261125,0.0011933701228,0.00062480790402,0.00067755078313,0.00046145467144,0.00085561563974,0.0010210661593,0.0051717461621,0.00046145029512,0.00053100525509,0.0010004553886,0.022271631025,0.0010895671949,0.00044080797767,0.0008142245504,0.0020228699692,0.00048565303171,0.00045914754327,0.0016072650155,0.00104098121,0.010839858774,0.4785152768,0.0028272952881,0.0052008101287,0.0015666392525,0.014307445797
246.0,0.00072247704923,0.00096373864417,0.0011690198275,0.00061051320762,0.00066226264015,0.00045034867693,0.00083707836942,0.00099963146078,0.0050933743547,0.00045034438868,0.00051851902208,0.00097937605703,0.022038107429,0.0010669620026,0.00043011903183,0.00079642938399,0.0019855370841,0.00047406265015,0.00044808797598,0.0015762497454,0.0010192045566,0.010702093218,0.47706367244,0.002778518445,0.0051221016051,0.0015362603124,0.01413814075
246.5,0.00070642041125,0.00094338036353,0.0011451752222,0.00059654746477,0.00064732192306,0.00043951034054,0.00081894721236,0.00097865328213,0.0050162657805,0.00043950613863,0.00050632738296,0.00095874715031,0.021807434338,0.001044833243,0.00041968947056,0.0007790271423,0.0019489142816,0.00046274945551,0.00043729514901,0.001545847706,0.00099789026613,0.010566261171,0.47562278935,0.0027306173198,0.0050446604073,0.0015064845879,0.013971088418
247.0,0.00069072369296,0.00092345809284,0.001121825625,0.00058290306178,0.00063272068092,0.00042893320283,0.00080121317415,0.00095812176292,0.0049403989363,0.00042892908554,0.00049442336399,0.00093855891134,0.021579572773,0.0010231707206,0.00040951299479,0.00076200906194,0.0019129876673,0.00045170680505,0.00042676262063,0.0015160464888,0.00097702837948,0.01043233319,0.47419253047,0.0026835756015,0.0049684649811,0.0014772998277,0.013806255893
247.5,0.00067537875834,0.00090396236845,0.0010989605837,0.00056957256218,0.00061845114599,0.00041861096042,0.0007838674617,0.00093802725861,0.0048657527036,0.00041860692608,0.00048280015708,0.00091880179722,0.02135448434,0.0010019644611,0.00039958345852,0.00074536657686,0.001877743626,0.00044092821556,0.00041648410489,0.0014868339419,0.00095660915495,0.010300280309,0.47277279977,0.0026373772933,0.004893494157,0.0014486940347,0.01364361079
248.0,0.00066037765683,0.00088488393483,0.00107656987,0.0005565487026,0.00060450572954,0.00040853746229,0.0007669014787,0.00091836033574,0.004792306341,0.00040853350925,0.00047145111579,0.00089946647447,0.021132131222,0.00098120470676,0.00038989486513,0.00072909131394,0.001843168816,0.00043040735949,0.00040645346782,0.0014581981647,0.00093662306357,0.010170074037,0.4713635023,0.0025920067068,0.0048197271439,0.0014206554608,0.013483121234
248.5,0.00064571261903,0.00086621373988,0.0010546434755,0.00054382438868,0.00059087701761,0.00039870670602,0.00075030682118,0.00089911176732,0.0047200394774,0.00039870283268,0.00046036975156,0.00088054381437,0.020912476166,0.0009608819117,0.00038044136372,0.00071317508855,0.0018092501635,0.00042013806126,0.00039666472378,0.0014301275026,0.00091706078442,0.010041686347,0.46996454413,0.0025474484554,0.004747143521,0.0013931726014,0.013324755853
249.0,0.00063137605256,0.00084794293046,0.0010331716062,0.00053139269112,0.00057755776706,0.00038911283425,0.00073407527315,0.00088027252817,0.0046489321049,0.00038910903904,0.00044954972986,0.00086202488844,0.020695482475,0.00094098673713,0.00037121724557,0.00069760990027,0.0017759748571,0.00041011429353,0.00038711203184,0.0014026105418,0.00089791319996,0.0099150896678,0.46857583237,0.0025036874485,0.0046757232318,0.0013662341904,0.013168483769
249.5,0.00061736053802,0.00083006284794,0.0010121446782,0.00051924684185,0.00056454090152,0.00037975013116,0.00071819880236,0.00086183379052,0.0045789645721,0.00037974641252,0.00043898486659,0.00084390096393,0.020481114003,0.00092151004685,0.00036221694071,0.00068238792874,0.0017433303423,0.0004003301737,0.0003777896923,0.001375636104,0.00087917139157,0.0097902568771,0.46719727512,0.0024607088856,0.0046054465768,0.0013398291951,0.013014274589
250.0,0.00060365882496,0.00081256502385,0.00099155331311,0.00050738023022,0.00055181950756,0.00037061301902,0.00070266955613,0.00084378691958,0.0045101175777,0.00037060937543,0.00042866912445,0.00082616349952,0.02026933514,0.00090244290276,0.00035343501449,0.00066750152952,0.0017113043162,0.0003907799604,0.00036869214327,0.0013491932419,0.00086082663515,0.0096671612932,0.46582878149,0.0024184982506,0.0045362942069,0.001313946811,0.012862098399
250.5,0.00059026382804,0.00079544117567,0.00097138833338,0.00049578639934,0.00053938683092,0.00036169605488,0.00068747985731,0.0008261234693,0.0044423721635,0.00036169248484,0.00041859660949,0.00080880414108,0.020060110808,0.00088377656048,0.00034486616435,0.00065294323013,0.0016798847225,0.00038145805007,0.00035981395732,0.0013232712337,0.00084287039679,0.0095457766676,0.46447026158,0.0023770413061,0.0044682471173,0.0012885764577,0.012711925753
251.0,0.00057716862324,0.00077868320273,0.00095164075811,0.00048445904248,0.00052723627282,0.00035299392726,0.00067262220032,0.00080883517817,0.0043757097083,0.00035299042933,0.00040876156764,0.00079181471746,0.01985340645,0.00086550246517,0.00033650521656,0.00063870572614,0.0016490597463,0.0003723589737,0.00035114983822,0.0012978595791,0.00082529432861,0.0094260771772,0.46312162645,0.0023363240878,0.0044012866404,0.0012637077733,0.012563727667
251.5,0.00056436644414,0.00076228318209,0.00093230179867,0.00047339199956,0.00051536138632,0.00034450145305,0.00065808924725,0.00079191396514,0.0043101119219,0.00034449802579,0.00039915838143,0.00077518723647,0.019649188023,0.00084761224727,0.00032834712312,0.00062478187732,0.0016188178089,0.00036347739354,0.00034269461779,0.0012729479939,0.0008080902646,0.0093080374173,0.46178278814,0.0022963328993,0.0043353944401,0.0012393306103,0.012417475612
252.0,0.00055185067831,0.00074623336464,0.00091336285457,0.0004625792537,0.00050375587285,0.00033621357432,0.00064387382411,0.00077535192562,0.0042455608383,0.00033621021633,0.00038978156669,0.00075891388092,0.019447421987,0.00083009771851,0.0003203869587,0.00061116470396,0.0015891475637,0.00035480809997,0.00033444325278,0.001248526406,0.00079125021667,0.0091916323941,0.46045365961,0.0022570543066,0.0042705525052,0.001215435031,0.012273141504
252.5,0.00053961486378,0.00073052617125,0.00089481550933,0.0004520149279,0.00049241357875,0.00032812535536,0.00062996891709,0.0007591413276,0.0041820388102,0.00032812206525,0.00038062576941,0.0007429870047,0.019248075302,0.00081295086785,0.00031261991761,0.0005978473832,0.0015600378906,0.00034634600841,0.00032639082187,0.0012245849505,0.00077476637065,0.009076837518,0.45913415479,0.0022184751329,0.0042067431441,0.001192011303,0.012130697697
253.0,0.00052765268559,0.00071515418894,0.00087665152653,0.00044169328175,0.00048132849191,0.00032023197967,0.00061636766899,0.00074327460778,0.004119528503,0.0003202287561,0.00037168576265,0.00072739912901,0.019051115415,0.00079616385766,0.00030504131097,0.00058482324549,0.0015314778918,0.00033808615632,0.00031853252267,0.0012011139658,0.00075863108249,0.0089636285962,0.45782418851,0.0021805824537,0.0041439489779,0.001169049895,0.011990116979
253.5,0.0005159579724,0.00070011016726,0.00085886284584,0.00043160870826,0.00047049473849,0.0003125287471,0.00060306337565,0.0007277443679,0.0040580128887,0.00031252558875,0.00036295644348,0.00071214293865,0.018856510255,0.00077972901985,0.0002976465638,0.00057208577107,0.0015034568872,0.00033002370026,0.00031086366889,0.0011781039888,0.00074283687449,0.0088519818263,0.45652367652,0.0021433635917,0.0040821529353,0.0011465414721,0.01185137256
254.0,0.00050452469324,0.00068538701462,0.00084144157922,0.00042175573072,0.00045990657974,0.00030501107106,0.0005900494825,0.00071254337105,0.0039974752408,0.00030500797662,0.00035443283002,0.00069721127839,0.018664228223,0.00076363885222,0.00029043121228,0.00055962858662,0.0014759644097,0.00032215391302,0.00030337968752,0.0011555457514,0.00072737643166,0.008741873789,0.45523253547,0.0021068061118,0.0040213382468,0.0011244768925,0.011714438068
254.5,0.00049334695423,0.00067097779479,0.00082438000719,0.00041212899965,0.00044955840884,0.00029767447571,0.00057731958124,0.00069766453812,0.0039378991281,0.00029767144392,0.00034611005862,0.00068259714943,0.018474238188,0.00074788601472,0.00028339090107,0.00054744546191,0.0014489902012,0.00031447218083,0.00029607611606,0.0011334301757,0.00071224259809,0.0086332814425,0.45395068291,0.0020708978164,0.0039614884389,0.0011028472026,0.011579287541
255.0,0.00048241899549,0.00065687572345,0.00080767057514,0.00040272328987,0.00043944474787,0.00029051459334,0.00056486740645,0.0006831009443,0.0038792684097,0.00029051162295,0.000337983381,0.00066829370593,0.018286509475,0.000732463326,0.00027652138061,0.00053553030659,0.0014225242082,0.00030697400063,0.00028894859988,0.0011117483704,0.00069742837346,0.008526182115,0.45267803727,0.0020356267411,0.0039025873287,0.0010816436335,0.01144589542
255.5,0.00047173518806,0.00064307416485,0.00079130588979,0.00039353349754,0.00042956024483,0.00028352716175,0.00055268683247,0.00066884581569,0.0038215672293,0.00028352425153,0.00033004816148,0.00065429425163,0.018101011863,0.00071736375986,0.00026981850461,0.00052387716697,0.0013965565774,0.00029965497743,0.0002819928896,0.0010904916268,0.00068292690962,0.0084205534991,0.45141451784,0.0020009811493,0.0038446190188,0.001060857597,0.011314236544
256.0,0.00046129003085,0.00062956662846,0.00077527871564,0.00038455463736,0.00041989967069,0.00027670802165,0.00054077187016,0.00065489252595,0.0037647800101,0.0002767051704,0.00032229987437,0.00064059223653,0.017917715573,0.00070258044187,0.00026327822751,0.00051248022296,0.0013710776518,0.00029251082166,0.00027520483852,0.0010696514151,0.00066873150724,0.0083163736451,0.45016004476,0.0019669495284,0.0037875678917,0.0010404806818,0.01118428614
256.5,0.0004510781478,0.00061634676578,0.00075958197162,0.0003757818398,0.00041045791659,0.00027005311422,0.00052911666389,0.00064123459306,0.0037088914499,0.00027005032077,0.0003147341013,0.00062718125367,0.017736591262,0.00068810664605,0.00025689660204,0.00050133378503,0.0013460779667,0.0002855373467,0.00026858040017,0.0010492193804,0.00065483561249,0.0082136209553,0.44891453904,0.0019335205852,0.0037314186048,0.0010205046498,0.01105601982
257.0,0.00044109428492,0.0006034083672,0.00074420872766,0.00036721034838,0.00040122999102,0.00026355847867,0.0005177154885,0.00062786567611,0.0036538865156,0.00026355574186,0.00030734652868,0.00061405503595,0.017557610019,0.00067393579161,0.00025066977681,0.00049043229125,0.0013215482457,0.00027873046635,0.00026211562587,0.0010291873391,0.0006412328139,0.0081122741776,0.44767792251,0.0019006832414,0.0036761560852,0.0010009214322,0.010929413573
257.5,0.00043133330758,0.00059074535892,0.00072915220146,0.00035883551705,0.00039221101715,0.00025722024984,0.00050656274639,0.00061477957222,0.0035997504383,0.00025721756855,0.0003001329452,0.00060120745303,0.017380743355,0.00066006143976,0.00024459399401,0.00047977030442,0.0012974793971,0.00027208619244,0.00025580666235,0.0010095472756,0.00062791683916,0.0080123123999,0.44645011783,0.0018684266296,0.003621765525,0.00098172312663,0.010804443758
258.0,0.00042179019771,0.00057835179991,0.00071440575532,0.0003506528076,0.00038339623014,0.00025103465593,0.00049565296461,0.00060197021347,0.0035464687089,0.00025103202904,0.00029308923942,0.00058863250833,0.017205963198,0.00064647729064,0.00023866558712,0.00046934250922,0.0012738625094,0.00026560063248,0.00024964974946,0.00099029133833,0.00061488155213,0.0079137150441,0.44523104848,0.001836740089,0.0035682323761,0.00096290199278,0.010681087099
258.5,0.00041246005117,0.00056622187902,0.00069996289293,0.00034265778713,0.00037478097454,0.00024499801621,0.00048498079207,0.00058943166391,0.0034940270728,0.00024499544265,0.00028621139737,0.00057632433606,0.017033241885,0.00063317718022,0.00023288097867,0.00045914370946,0.0012506888488,0.00025926998735,0.00024364121791,0.00097141183663,0.00060212094976,0.0078164618606,0.44402063874,0.0018056131614,0.0035155423459,0.00094445044961,0.01055932068
259.0,0.00040333807514,0.00055434991207,0.00068581725636,0.00033484612564,0.00036636070183,0.00023910673885,0.00047454099684,0.0005771581167,0.0034424115253,0.00023910421754,0.00027949550023,0.00056427719833,0.016862552156,0.00062015507739,0.00022723667812,0.00044916882539,0.0012279498543,0.00025309054906,0.00023777748707,0.00095290123728,0.00058962915924,0.0077205329227,0.44281881369,0.0017750355874,0.0034636813918,0.0009263610718,0.010439121936
259.5,0.00039441958554,0.00054273033905,0.00067196262309,0.00032721359356,0.00035813096786,0.00023335731872,0.00046432846338,0.00056514389122,0.0033916083075,0.00023335484862,0.0002729377221,0.00055248548233,0.01669386715,0.000607405081,0.00022172927971,0.00043941289108,0.0012056371352,0.00024705869854,0.00023205506284,0.00093475216122,0.00057740043509,0.0076259086209,0.44162549919,0.001744997302,0.0034126357177,0.00090862658646,0.010320468652
260.0,0.0003857000046,0.00053135772137,0.00065839290301,0.00031975605947,0.00035008743049,0.00022774633536,0.00045433819002,0.00055338343032,0.003341603901,0.00022774391544,0.00026653432775,0.00054094369756,0.016527160393,0.00059492141707,0.00021635546042,0.00042987105178,0.0011837424672,0.00024117090354,0.00022647053552,0.00091695738032,0.00056542915636,0.0075325696578,0.4404406219,0.0017154884314,0.0033623917684,0.00089123987001,0.010203338949
260.5,0.00037717485837,0.00052022673919,0.00064510213559,0.00031246948777,0.00034222584725,0.00022227045086,0.00044456528633,0.00054187129757,0.0032923850243,0.00022226808012,0.00026028167049,0.00052964647312,0.0163624058,0.00058269843594,0.00021111197793,0.00042053856151,0.0011622577888,0.00023542371651,0.00022102057781,0.00089950981423,0.00055370982393,0.0074404970427,0.43926410922,0.0016864992889,0.003312936226,0.000874193945,0.01008771129
261.0,0.00036883977438,0.00050933218876,0.00063208448712,0.00030534993645,0.00033454207297,0.00021692640792,0.00043500497064,0.00053060217462,0.0032439386277,0.00021692408538,0.00025417619004,0.00051858855512,0.016199577661,0.00057073060964,0.0002059956687,0.0004114107805,0.0011411751985,0.00022981377258,0.0002157019428,0.00088240252729,0.00054223705779,0.0073496720862,0.43809588932,0.0016580203713,0.0032642560051,0.00085748197706,0.0099735644634
261.5,0.0003606904793,0.00049866897989,0.00061933424789,0.00029839355494,0.00032703205759,0.0002117110279,0.00042565256763,0.00051957085861,0.0031962518899,0.00021170875259,0.0002482144105,0.00050776480402,0.01603865064,0.00055901252915,0.00020100344602,0.00040248317285,0.0011204869511,0.00022433778758,0.000210511462,0.00086562872554,0.00053100559447,0.0072600763955,0.43693589112,0.0016300423552,0.0032163382488,0.00084109727191,0.009860877584
262.0,0.0003527227967,0.00048823213341,0.00060684582957,0.00029159658191,0.00031969184394,0.00020662120886,0.00041650350586,0.0005087722596,0.0031493122129,0.00020661897984,0.00024239293834,0.00049717019218,0.015879599767,0.00054753890186,0.00019613229816,0.00039375130416,0.0011001854549,0.00021899255608,0.00020544604349,0.0008491817537,0.00052001028444,0.0071716918691,0.43578404427,0.0016025560938,0.0031691703243,0.00082503327243,0.0097496300861
262.5,0.00034493264481,0.00047801677876,0.00059461376256,0.00028495534329,0.00031251756561,0.00020165392378,0.00040755331553,0.00049820139812,0.0031031072187,0.00020165174011,0.00023670846044,0.00048679980135,0.015722400433,0.00053630454901,0.00019137928655,0.00038521083926,0.001080263268,0.00021377494951,0.00020050267004,0.00083305509235,0.00050924608961,0.007084500692,0.43464027916,0.0015755526131,0.003122739819,0.00080928355577,0.0096398017177
263.0,0.00033731603435,0.00046801815154,0.00058263269345,0.00027846625011,0.00030550544483,0.0001968062187,0.00039879762614,0.00048785340272,0.0030576247449,0.00019680407948,0.00023115774214,0.00047664882027,0.015567028384,0.00052530440318,0.00018674154397,0.00037685753991,0.0010607130962,0.00020868191433,0.00019567839731,0.00081724235503,0.00049870808093,0.006998485331,0.4335045269,0.0015490231087,0.0030770345363,0.00079384183058,0.0095313725361
263.5,0.00032986906645,0.00045823159119,0.00057089738248,0.00027212579664,0.00029865179044,0.00019207521097,0.00039023216427,0.00047772350758,0.0030128528407,0.00019207311531,0.00022573762545,0.0004667125423,0.015413459717,0.00051453350591,0.00018221627287,0.00036868726268,0.001041527789,0.00020371047018,0.00019097035206,0.00080173728551,0.00048839143594,0.0069136285294,0.43237671931,0.0015229589426,0.003032042492,0.00077870193421,0.0094243229024
264.0,0.00032258793058,0.00044865253871,0.00055940270112,0.00026593055836,0.00029195299589,0.00018745808754,0.0003818527514,0.00046780705024,0.0029687797633,0.00018745603456,0.00022044502717,0.00045698636316,0.015261670871,0.00050398700529,0.00017780074363,0.00036069595679,0.0010227003373,0.00019885770817,0.00018637573049,0.00078653375508,0.00047829143649,0.0068299133032,0.43125678892,0.0014973516396,0.00298775191,0.00076385783008,0.0093186334766
264.5,0.00031546890248,0.00043927653438,0.00054814362965,0.0002598771901,0.00028540553729,0.00018295210323,0.0003736553018,0.00045809946926,0.0029253939739,0.00018295009208,0.00021527693713,0.00044746577862,0.015111638626,0.00049366015363,0.00017349229292,0.00035287966196,0.0010042238704,0.00019412078916,0.0001818917965,0.00077162575988,0.00046840346639,0.0067473229357,0.43014466895,0.0014721928844,0.0029441512188,0.00074930360499,0.0092142852129
265.0,0.00030850834225,0.00043009921562,0.00053711525482,0.00025396242422,0.00027900597149,0.00017855457915,0.00036563582042,0.00044859630207,0.0028826841344,0.00017855260899,0.00021023041644,0.00043814638231,0.014963340095,0.00048354830522,0.00016928832211,0.00034523450647,0.00098609165304,0.00018949694203,0.00017751588008,0.00075700741828,0.00045872300924,0.0066658409736,0.42904029332,0.0014474745185,0.0029012290477,0.00073503346659,0.0091112593547
265.5,0.00030170269242,0.00042111631483,0.00052631276755,0.00024818306873,0.00027275093422,0.00017426290107,0.00035779040086,0.00043929318273,0.0028406391029,0.00017426097107,0.00020530259585,0.00042902386361,0.014816752717,0.00047364691409,0.00016518629568,0.00033775670507,0.00096829708295,0.00018498346213,0.00017324537573,0.00074267296839,0.00044924564618,0.0065854512222,0.4279435966,0.0014231885371,0.002858974223,0.00072104174082,0.0090095374299
266.0,0.00029504847601,0.00041232365724,0.00051573146071,0.00024253600561,0.0002666371383,0.00017007451784,0.00035011522343,0.00043018583987,0.0027992479311,0.0001700726272,0.00020049067401,0.00042009400546,0.014671854258,0.00046395153181,0.00016118373968,0.00033044255708,0.00095083368787,0.0001805777096,0.00016907774086,0.00072861676552,0.00043996705383,0.0065061377413,0.42685451406,0.001399327086,0.0028173757649,0.00070732286949,0.0089091012465
266.5,0.00028854229477,0.00040371715898,0.00050536672689,0.00023701818904,0.0002606613718,0.0001659869399,0.00034260655312,0.00042127009459,0.0027584998602,0.00016598508782,0.00019579191593,0.00041135268239,0.014528622799,0.00045445780544,0.00015727824024,0.00032328844446,0.00093369512309,0.00017627710788,0.00016501049429,0.00071483327978,0.00043088300211,0.006427884841,0.42577298163,0.0013758824587,0.0027764228833,0.00069387140779,0.0088099328878
267.0,0.00028218082733,0.00039529282494,0.00049521405625,0.00023162664371,0.00025482049637,0.00016199773777,0.00033526073777,0.00041254185842,0.0027183843176,0.00016199592348,0.00019120365137,0.00040279585845,0.014387036737,0.00044516147536,0.00015346744211,0.00031629082996,0.00091687516879,0.00017207914215,0.00016104121477,0.00070131709366,0.00042198935227,0.006350677077,0.42469893587,0.0013528470938,0.0027361049749,0.00068068202202,0.0087120147079
267.5,0.00027596082746,0.00038704674693,0.00048526903449,0.00022635846321,0.00024911144551,0.00015810454058,0.00032807420621,0.00040399713133,0.0026788909136,0.00015810276332,0.0001867232733,0.00039441958525,0.014247074774,0.00043605837332,0.00014974904726,0.0003094462553,0.00090036772759,0.00016798135786,0.00015716753952,0.00068806289975,0.00041328205486,0.0062744992473,0.42363231403,0.0013302135716,0.0026964116196,0.00066774948721,0.0086153293276
268.0,0.00026987912238,0.00037897510171,0.00047552734068,0.00022121080842,0.00024353122291,0.00015430503471,0.00032104346638,0.00039563199984,0.002640009438,0.00015430329374,0.00018234823641,0.00038622000006,0.014108715918,0.00042714442039,0.00014612081343,0.00030275133937,0.000884166822,0.00016398135928,0.0001533871628,0.00067506549838,0.00040475714777,0.0061993363874,0.42257305396,0.001307974612,0.0026573325773,0.00065506868486,0.0085198596297
268.5,0.00026393261104,0.00037107414911,0.00046598474537,0.00021618090591,0.00023807690084,0.00015059696236,0.00031416510365,0.00038744263507,0.0026017298568,0.00015059525694,0.00017807605565,0.00037819332388,0.013971939477,0.00041841562505,0.00014258055284,0.00029620277651,0.00086826659206,0.0001600768081,0.0001496978346,0.00066231979546,0.00039641075436,0.0061251737668,0.42152109416,0.0012861230715,0.0026188577844,0.00064263460076,0.0084255887552
269.0,0.00025811826251,0.00036334023024,0.00045663710852,0.00021126604647,0.00023274561859,0.00014697812019,0.00030743577902,0.0003794252909,0.0025640423092,0.00014697644961,0.00017390430478,0.00037033585967,0.013836725051,0.00040986808129,0.00013912613083,0.00028979733479,0.00085266129294,0.00015626542203,0.00014609735918,0.00064982080022,0.00038823908153,0.006051996885,0.42047637374,0.0012646519405,0.0025809773509,0.00063044232278,0.0083325000986
269.5,0.0002524331144,0.00035576976567,0.00044748037765,0.00020646358354,0.00022753458089,0.00014344635807,0.00030085222745,0.00037157630218,0.0025269371043,0.00014344472163,0.00016983061497,0.00036264399047,0.01370305253,0.00040149796675,0.00013575546456,0.00028353185439,0.00083734529262,0.00015254497348,0.00014258359388,0.00063756362313,0.00038023841794,0.0059797914675,0.41943883246,0.0012435543406,0.0025436815571,0.00061848703878,0.0082405773041
270.0,0.00024687427126,0.00034835925369,0.00043851058594,0.00020177093183,0.00022244105642,0.00013999957772,0.0002944112562,0.00036389208292,0.0024904047183,0.00013999797472,0.00016585267348,0.0003551141777,0.01357090209,0.00039330154088,0.00013246652178,0.00027740324593,0.00082231306963,0.00014891328821,0.00013915444773,0.00062554347377,0.00037240513221,0.0059085434623,0.41840841066,0.0012228235225,0.0025069608504,0.00060676403452,0.0081498042618
270.5,0.00024143890308,0.00034110526862,0.00042972385036,0.00019718556584,0.00021746237633,0.0001366357315,0.00028810974323,0.0003563691246,0.002454435791,0.00013663416128,0.00016196822227,0.00034774295942,0.013440254187,0.00038527514319,0.0001292573196,0.0002714084889,0.00080755921079,0.00014536824409,0.00013580788028,0.00061375565877,0.00036473567117,0.005838239036,0.41738504928,0.001202452863,0.0024708058429,0.00059526869161,0.0080601651032
271.0,0.0002361242438,0.00033400445909,0.00042111636992,0.00019270501848,0.00021259593281,0.00013335282117,0.00028194463558,0.00034900399442,0.0024190211233,0.00013335128306,0.00015817505675,0.00034052694866,0.013311089556,0.00037741519151,0.00012612592325,0.00026554463013,0.00079307840907,0.00014190776983,0.00013254190033,0.00060219557983,0.00035722655817,0.0057688645705,0.41636868987,0.001182435863,0.0024352073074,0.00058399648554,0.0079716441978
271.5,0.00023092758981,0.00032705354648,0.00041268442385,0.00018832687974,0.0002078391777,0.0001301488967,0.00027591294786,0.0003417933337,0.0023841516741,0.00013014739006,0.00015447102446,0.00033346283174,0.013183389202,0.00036971818025,0.00012307044496,0.00025980878224,0.00077886546145,0.00013852984374,0.00012935456475,0.00059085873172,0.00034987439137,0.0057004066587,0.41535927458,0.0011627661445,0.0024001561756,0.00057294298372,0.0078842261488
272.0,0.00022584629861,0.00032024932323,0.00040442436995,0.00018404879532,0.00020318962106,0.00012702205513,0.00027001176072,0.00033473385621,0.0023498185575,0.00012702057932,0.0001508540239,0.0003265473667,0.013057134398,0.0003621806788,0.00012008904278,0.00025419812217,0.00076491526679,0.00013523249259,0.00012624397735,0.00057974070039,0.00034267584216,0.0056328521021,0.4143567461,0.0011434374491,0.0023656435346,0.00056210384358,0.0077978957898
272.5,0.00022087778733,0.00031358865138,0.00039633264284,0.00017986846535,0.00019864482991,0.00012397043938,0.0002642382194,0.00032782234662,0.00231601304,0.00012396899378,0.00014732200326,0.00031977738172,0.012932306683,0.00035479932987,0.0001171799195,0.00024870988977,0.00075122282383,0.00013201379039,0.00012320828768,0.00056883716105,0.0003356276535,0.0055661879062,0.41336104774,0.001124443635,0.0023316606239,0.0005514748107,0.007712638181
273.0,0.00021601953143,0.00030706846095,0.00038840575235,0.00017578364316,0.00019420242684,0.00012099223718,0.00025858953223,0.00032105565893,0.0022827265377,0.00012099082118,0.00014387295926,0.00031314977357,0.012808887853,0.00034757084789,0.00011434132154,0.00024334138633,0.00073778322913,0.0001288718573,0.00012024569,0.00055814387634,0.00032872663843,0.005500401278,0.41237212335,0.001105778675,0.0022981988336,0.00054105171698,0.0076284386051
273.5,0.00021126906337,0.00030068574851,0.0003806402819,0.00017179213397,0.00018986008879,0.00011808568,0.00025306296928,0.00031443071497,0.0022499506139,0.00011808429299,0.00014050493601,0.00030666150611,0.012686859963,0.00034049201748,0.00011157153788,0.00023808997322,0.00072459167517,0.0001258048585,0.00011735442215,0.00054765669453,0.00032196967849,0.0054354796222,0.41138991735,0.0010874366542,0.0022652497006,0.00053083047886,0.0075452825646
274.0,0.00020662397126,0.00029443757569,0.00037303288691,0.00016789179377,0.00018561554577,0.00011524904193,0.00024765586096,0.0003079445029,0.002217676976,0.00011524768335,0.00013721602388,0.00030030960883,0.012566205319,0.00033355969191,0.00010886889907,0.00023295307056,0.00071164344838,0.00012281100309,0.00011453276448,0.00053737154775,0.00031535372224,0.0053714105383,0.41041437471,0.0010694117681,0.0022328049068,0.00052080709555,0.0074631557773
274.5,0.00020208189768,0.00028832106774,0.00036558029327,0.00016408052806,0.00018146657964,0.00011248063874,0.00024236559666,0.00030159407577,0.0021858974733,0.000112479308,0.0001340043584,0.00029409117541,0.012446906474,0.00032677079161,0.00010623177616,0.00022792815587,0.00069893392724,0.0001198885431,0.0001117790389,0.00052728445025,0.0003088757838,0.0053081818168,0.40944544096,0.0010516983201,0.0022008562761,0.00051097764733,0.0073820441737
275.0,0.00019764053834,0.00028233341218,0.00035827929584,0.00016035629075,0.00017741102292,0.0001097788268,0.00023718962344,0.00029537655012,0.0021546040943,0.00010977752333,0.00013086811918,0.00028800336231,0.012328946228,0.00032012230276,0.00010365857979,0.0002230127628,0.0006864585805,0.0001170357724,0.0001090916078,0.00051739149672,0.00030253294144,0.0052457814367,0.40848306215,0.0010342907199,0.0021693957717,0.00050133829388,0.0073019338931
275.5,0.00019329764097,0.0002764718574,0.00035112675696,0.00015671708303,0.00017344675766,0.00010714200212,0.00023212544474,0.00028928910456,0.002123788964,0.00010714072538,0.00012780552888,0.00028204338739,0.01221230762,0.00031361127578,0.00010114775914,0.00021820447985,0.00067421296531,0.00011425102571,0.00010646887308,0.0005076888606,0.00029632233615,0.0051841975622,0.40752718489,0.0010171834807,0.0021384154943,0.00049188527263,0.0072228112804
276.0,0.00018905100406,0.00027073371132,0.000344119605,0.00015316095223,0.00016957171422,0.00010456859942,0.00022717061915,0.00028332897843,0.0020934443421,0.00010456734886,0.00012481485218,0.00027620852859,0.012096973925,0.00030723482403,9.8697801062e-05,0.00021350094915,0.00066219272546,0.00011153267763,0.00010390927526,0.00049817279251,0.00029024117029,0.0051234185393,0.4065777563,0.0010003712181,0.0021079076788,0.00048261489713,0.0071446628829
276.5,0.00018489847575,0.0002651163401,0.00033725483296,0.00014968599081,0.00016578387026,0.00010205709115,0.00022232275914,0.00027749347049,0.0020635626198,0.00010205586624,0.00012189439476,0.00027049612257,0.011982928655,0.0003009901224,9.6307229149e-05,0.00020889986526,0.00065039358969,0.00010887914168,0.00010141129246,0.0004888396186,0.00028428670627,0.0050634328933,0.40563472403,0.00098384864748,0.0020778646925,0.00047352355551,0.0070674754471
277.0,0.00018083795269,0.00025961716688,0.00033052949709,0.00014629033528,0.00016208124955,9.9605986613e-05,0.00021757952986,0.00027177993762,0.0020341363181,9.9604786845e-05,0.0001190425024,0.0002649035635,0.011870155548,0.00029487440597,9.3974602821e-05,0.000204398974,0.00063881136993,0.00010628886936,9.8973439555e-05,0.00047968573906,0.00027845626522,0.0050042293257,0.40469803625,0.00096761058241,0.0020482790324,0.00046460770893,0.0069912359151
277.5,0.00017686737894,0.0002542336705,0.00032394071553,0.00014297216516,0.00015846192101,9.721383107e-05,0.00021293864799,0.00026618579352,0.002005158085,9.7212655928e-05,0.00011625755994,0.00025942830171,0.011758638571,0.00028888496875,9.1698516478e-05,0.00019999607126,0.00062744195966,0.00010376034927,9.6594267244e-05,0.00047070762651,0.00027274722573,0.0049457967111,0.40376764165,0.00095165193263,0.0020191433232,0.00045586389006,0.0069159314223
278.0,0.00017298474486,0.00024896338428,0.00031748566698,0.00013972970202,0.00015492399759,9.4879204855e-05,0.00020839788059,0.0002607085075,0.0019766206937,9.487805384e-05,0.00011353799041,0.00025406784256,0.011648361914,0.00028301916237,8.9477598637e-05,0.00019568900191,0.00061628133229,0.00010129210615,9.4272361216e-05,0.00046190182461,0.00026715702258,0.0048881240947,0.4028434894,0.00093596770224,0.0019904503147,0.00044728870161,0.0068415492937
278.5,0.00016918808612,0.00024380389487,0.00031116158943,0.00013656120846,0.0001514656353,9.2600722541e-05,0.00020395504395,0.00025534560329,0.0019485170398,9.2599595165e-05,0.00011088225411,0.00024881974514,0.011539309985,0.00027727439484,8.731051111e-05,0.00019147565871,0.00060532553957,9.8882700082e-05,9.2006341291e-05,0.00045326494652,0.00026168314554,0.0048312006894,0.40192552918,0.00092055298792,0.0019621928798,0.0004388788149,0.0067680770409
279.0,0.00016547548261,0.00023875284102,0.00030496577887,0.0001334649872,0.00014808503222,9.0377032113e-05,0.00019960800251,0.00025009465779,0.0019208401398,9.0375927895e-05,0.00010828884772,0.00024368162118,0.01143146741,0.00027164812936,8.5195948192e-05,0.00018735398121,0.00059457071,9.6530725618e-05,8.9794860591e-05,0.00044479367351,0.00025632313816,0.0047750158727,0.40101371117,0.0009054029771,0.0019343640121,0.00043063096841,0.0066955023594
279.5,0.0001618450575,0.0002338079125,0.00029889558808,0.00013043938013,0.00014478042753,8.8206814156e-05,0.00019535466781,0.00024495329999,0.0018935831284,8.8205732627e-05,0.00010575630345,0.00023865113386,0.011324819026,0.00026613788307,8.3132635872e-05,0.0001833219547,0.00058401304728,9.4234810943e-05,8.7636604745e-05,0.00043648475353,0.00025107459661,0.0047195591848,0.40010798604,0.0008905129463,0.0019069568242,0.00042254196644,0.0066238131259
280.0,0.00015829497617,0.00022896684894,0.00029294842538,0.00012748276738,0.00014155010056,8.6088781071e-05,0.00019119299737,0.00023991920976,0.0018667392565,8.6087721772e-05,0.00010328318817,0.00023372599667,0.011219349883,0.00026074122597,8.1119331065e-05,0.00017937760921,0.0005736488289,9.1993617081e-05,8.5530291097e-05,0.0004283349999,0.00024593516855,0.004664820325,0.39920830493,0.00087587825934,0.0018799645448,0.00041460867771,0.0065529973947
280.5,0.00015482344534,0.00022422743877,0.00028712175347,0.00012459356648,0.00013839236985,8.4021676307e-05,0.00018712099376,0.0002349901168,0.0018403018894,8.4020638786e-05,0.00010086810264,0.00022890397237,0.011115045235,0.00025545577969,7.9154820858e-05,0.00017551901848,0.00056347440455,8.9805837103e-05,8.347466794e-05,0.00042034128989,0.00024090255196,0.0046107891501,0.39831461947,0.00086149436574,0.0018533805175,0.00040682803407,0.0064830433956
281.0,0.00015142871209,0.00021958751813,0.00028141308826,0.00012177023145,0.0001353055923,8.2004273612e-05,0.00018313670353,0.00023016379953,0.0018142645047,8.2003257426e-05,9.850968064e-05,0.00022418287184,0.011011890541,0.00025027921643,7.7237921781e-05,0.00017174429901,0.00055348619478,8.7670195358e-05,8.1468513773e-05,0.00041250056346,0.00023597449413,0.0045574556708,0.39742688174,0.00084735679906,0.0018271981984,0.00039919702917,0.0064139395308
281.5,0.00014810906292,0.00021504496983,0.00027581999777,0.00011901125197,0.00013228816225,8.0035376296e-05,0.00017923821623,0.00022543808403,0.0017886206899,8.0034381013e-05,9.6206588254e-05,0.0002195605531,0.01090987146,0.00024520925787,7.5367479088e-05,0.00016805160907,0.00054368068951,8.5585446725e-05,7.9510636566e-05,0.00040480982196,0.0002311487905,0.0045048100501,0.39654504431,0.00083346117526,0.0018014111537,0.00039171271722,0.0063456743723
282.0,0.00014486282291,0.00021059772235,0.00027034010096,0.00011631515256,0.00012933851063,7.8113816526e-05,0.00017542366351,0.00022081084301,0.0017633641409,7.811284172e-05,9.3957523057e-05,0.00021503492024,0.010808973848,0.00024024367408,7.354236606e-05,0.00016443914778,0.00053405444674,8.3550375879e-05,7.759987305e-05,0.00039726612689,0.00022642328369,0.0044528426003,0.3956690602,0.0008198031912,0.0017760130585,0.00038437221169,0.0062782366592
282.5,0.0001416883548,0.00020624374883,0.00026497106669,0.00011368049174,0.00012645510413,7.623845462e-05,0.00017169121811,0.0002162799948,0.0017384886602,7.6237499877e-05,9.1761213385e-05,0.00021060392242,0.010709183757,0.00023538028247,7.1761483326e-05,0.00016090515418,0.00052460409109,8.1563796577e-05,7.5735088023e-05,0.00038986659861,0.00022179586244,0.0044015437808,0.39479888288,0.00080637862302,0.0017509976944,0.00037717268417,0.0062116152949
283.0,0.00013858405818,0.00020198106608,0.00025971061263,0.00011110586129,0.00012363644434,7.4408178376e-05,0.00016803909302,0.00021184350235,0.0017139881544,7.4407243287e-05,8.9616417608e-05,0.00020626555292,0.01061048743,0.0002306169468,7.0023758198e-05,0.00015744790638,0.00051532631255,7.9624550961e-05,7.3915173671e-05,0.00038260841521,0.00021726446061,0.0043509041956,0.39393446628,0.0007931833247,0.0017263589476,0.00037011136312,0.0061457993448
283.5,0.0001355483686,0.00019780773365,0.00025455650426,0.00010858988545,0.00012088106702,7.2621902403e-05,0.00016446554052,0.00020749937224,0.0016898566328,7.2620986568e-05,8.7521923418e-05,0.00020201784813,0.010512871298,0.00022595157618,6.8328144021e-05,0.00015406572064,0.00050621786516,7.7731508875e-05,7.2139048905e-05,0.00037548881127,0.00021282705622,0.004300914591,0.39307576477,0.00078021322652,0.0017020908075,0.00036318553269,0.0060807780337
284.0,0.00013257975679,0.00019372185289,0.0002495065538,0.00010613122016,0.00011818754127,7.0878567475e-05,0.00016096885133,0.0002032456538,0.0016660882058,7.0877670502e-05,8.5476547127e-05,0.00019785888664,0.010416321978,0.00022138212406,6.6673619543e-05,0.00015075695052,0.00049727556574,7.5883567206e-05,7.0405658719e-05,0.00036850507673,0.00020848167046,0.0042515658534,0.39222273316,0.00076746433365,0.0016781873643,0.00035639253163,0.006016540743
284.5,0.00012967672786,0.00018972156603,0.00024455861927,0.00010372855234,0.00011555446874,6.91771399e-05,0.00015754735379,0.0001990804381,0.0016426770825,6.9176261406e-05,8.3479133e-05,0.00019378678833,0.010320826272,0.0002169065873,6.5059188299e-05,0.00014751998607,0.00048849629262,7.4079649231e-05,6.8713973557e-05,0.00036165455575,0.00020422636682,0.0042028490068,0.3913753267,0.00075493272468,0.0016546428075,0.00034972975214,0.0059530770089
285.0,0.00012683782052,0.0001858050553,0.00023971060345,0.00010138059918,0.00011298048295,6.7516610903e-05,0.00015419941295,0.0001950018571,0.0016196175694,6.7515750511e-05,8.1528552584e-05,0.00018979971343,0.010226371161,0.00021252300524,6.3483878004e-05,0.00014435325299,0.00047987698446,7.2318703986e-05,6.7062988699e-05,0.00035493464561,0.00020005925008,0.0041547552108,0.39053350106,0.00074261455028,0.0016314514243,0.00034319463875,0.0058903765191
285.5,0.00012406160629,0.00018197054203,0.00023496045301,9.9086107416e-05,0.00011046424851,6.5895996025e-05,0.00015092342984,0.00019100808273,0.0015969040685,6.5895153368e-05,7.9623704065e-05,0.0001858958617,0.010132943805,0.00020822945877,6.1946739973e-05,0.00014125521185,0.00047141463902,7.0599705649e-05,6.5451723662e-05,0.00034834279561,0.0001959784655,0.0041072757584,0.38969721234,0.00073050603179,0.0016086075974,0.00033678468729,0.0058284291112
286.0,0.00012134668882,0.00017821628585,0.0002303061575,9.6843852652e-05,0.00010800446044,6.4314334538e-05,0.00014771784059,0.00018709732605,0.001574531076,6.4313509254e-05,7.7763511639e-05,0.00018207347152,0.010040531536,0.00020402406944,6.044684854e-05,0.00013822435731,0.000463106312,6.8921652934e-05,6.3879221611e-05,0.00034187650603,0.00019198219791,0.0040604020737,0.38886641706,0.00071860345988,0.0015861058041,0.00033049744382,0.00576722477
286.5,0.0001186917031,0.0001745405838,0.0002257457485,9.4652638703e-05,0.00010559984343,6.2770688868e-05,0.00014458111572,0.00018326783638,0.0015524931798,6.2769880603e-05,7.594692489e-05,0.00017833081907,0.009949121863,0.00019990499861,5.8983300504e-05,0.00013525921733,0.0004549491159,6.7283568509e-05,6.2344548795e-05,0.00033553332704,0.00018806867084,0.0040141257099,0.38804107216,0.00070690319327,0.0015639406137,0.00032433050358,0.0057067536251
287.0,0.00011609531476,0.00017094176956,0.00022127729868,9.2511296933e-05,0.00010324915119,6.1264144039e-05,0.00014151175932,0.00017951790047,0.001530785059,6.1263352446e-05,7.4172918198e-05,0.00017466621752,0.0098587024617,0.00019587044655,5.7555214585e-05,0.00013235835247,0.00044694021889,6.5684498417e-05,6.0846793982e-05,0.00032931085776,0.0001842361457,0.0039684383472,0.38722113499,0.00069540165739,0.0015421066867,0.00031828151003,0.0056470059491
287.5,0.00011355621943,0.0001674182126,0.00021689892096,9.0418685617e-05,0.00010095116581,5.9793807126e-05,0.00013850830834,0.00017584584171,0.0015094014813,5.9793031866e-05,7.2440490142e-05,0.0001710780162,0.0097692611766,0.00019191865164,5.6161730884e-05,0.00012952035511,0.00043907684368,6.4123511517e-05,5.938506792e-05,0.00032320674518,0.00018048292099,0.0039233317908,0.38640656329,0.00068409534315,0.0015205987727,0.00031234815381,0.0055879721549
288.0,0.00011107314197,0.00016396831747,0.00021260876765,8.8373689317e-05,9.8704697052e-05,5.8358806726e-05,0.00013556933185,0.00017225001932,0.0014883373021,5.8358047465e-05,7.0748662935e-05,0.00016756459984,0.009680786017,0.00018804788953,5.4802010373e-05,0.00012674384878,0.00043135626649,6.2599698936e-05,5.7958502801e-05,0.00031721868324,0.00017680733142,0.0038787979688,0.38559731524,0.0006729808057,0.0014994117091,0.00030652817181,0.0055296427938
288.5,0.00010864483591,0.00016059052296,0.00020840502959,8.6375218275e-05,9.650858175e-05,5.6958292435e-05,0.00013269343033,0.00016872882757,0.0014675874626,5.6957548848e-05,6.9096481859e-05,0.00016412438777,0.0095932651548,0.00018425647236,5.3475234381e-05,0.00012402748747,0.00042377581597,6.1112173539e-05,5.6566251752e-05,0.00031134441185,0.00017320774721,0.0038348289304,0.38479334937,0.00066205466318,0.0014785404193,0.00030081934622,0.0054720085531
289.0,0.00010627008271,0.00015728330142,0.00020428593536,8.4422207821e-05,9.4361683193e-05,5.5591434343e-05,0.00012987923496,0.00016528069503,0.0014471469886,5.5590706109e-05,6.7483014722e-05,0.00016075583321,0.0095066869219,0.00018054274797,5.2180604104e-05,0.0001213699549,0.00041633287214,5.9660069404e-05,5.520748832e-05,0.00030558171594,0.00016968257327,0.0037914168437,0.38399462464,0.00065131359558,0.0014579799116,0.00029521950359,0.0054150602543
289.5,0.00010394769119,0.00015404515799,0.00020024975048,8.2513617786e-05,9.2262890506e-05,5.4257422539e-05,0.00012712540696,0.00016190408382,0.0014270109885,5.4256709345e-05,6.5907351323e-05,0.0001574574225,0.0094210398081,0.0001769050991,5.0917340119e-05,0.0001187699639,0.00040902486543,5.8242541316e-05,5.3881405983e-05,0.00029992842459,0.00016623024849,0.003748553994,0.38320110038,0.00064075434351,0.0014377252772,0.00028972651392,0.0053587888509
290.0,0.00010167649688,0.0001508746299,0.00019629477662,8.0648431938e-05,9.0211118067e-05,5.2955466629e-05,0.00012443063691,0.00015859748891,0.0014071746527,5.2954768167e-05,6.4368602933e-05,0.00015422767439,0.0093363124587,0.0001733419427,4.9684681919e-05,0.00011622625575,0.00040184927561,5.685876427e-05,5.258721767e-05,0.00029438241007,0.00016284924496,0.003706232782,0.38241273631,0.00063037370713,0.0014177716891,0.0002843382898,0.0053031854261
290.5,9.9455361443e-05,0.00014777028577,0.00019241935081,7.8825657432e-05,8.8205304925e-05,5.1684795263e-05,0.0001217936441,0.00015535943736,0.0013876332513,5.1684111233e-05,6.2865901786e-05,0.00015106513935,0.0092524936722,0.00016985172915,4.8481887446e-05,0.00011373759954,0.0003948036309,5.5507932988e-05,5.1324155291e-05,0.00028894158702,0.00015953806729,0.0036644457216,0.38162949252,0.00062016854494,0.0013981144008,0.00027905278552,0.0052482411913
291.0,9.7283172038e-05,0.00014473072493,0.00018862184475,7.7044324261e-05,8.6244414238e-05,5.0444655679e-05,0.00011921317591,0.00015218848766,0.0013683821332,5.0443985787e-05,6.1398400581e-05,0.00014796839884,0.0091695723979,0.00016643294157,4.730823265e-05,0.00011130279154,0.00038788550693,5.4189261443e-05,5.0091469275e-05,0.00028360391153,0.0001562952519,0.0036231854386,0.3808513295,0.00061013577276,0.0013787487444,0.00027386799621,0.0051939474838
291.5,9.5158840792e-05,0.00014175457675,0.000184900664,7.5303484733e-05,8.4327432719e-05,4.9234313252e-05,0.00011668800715,0.00014908322906,0.0013494167246,4.9233657208e-05,5.9965272004e-05,0.00014493606472,0.009087537734,0.0001630840951,4.6163011047e-05,0.00010892065463,0.00038109252589,5.2901982402e-05,4.8888428126e-05,0.00027836738034,0.00015311936634,0.0035824446684,0.38007820809,0.00060027236258,0.0013596701297,0.00026878195703,0.0051402957647
292.0,9.3081304208e-05,0.0001388405,0.00018125424733,7.3602212953e-05,8.2453370097e-05,4.8053051056e-05,0.0001142169395,0.00014604228086,0.0013307325276,4.8052408578e-05,5.8565708246e-05,0.0001419667785,0.0090063789251,0.00015980373623,4.5045533295e-05,0.00010659003765,0.00037442235555,5.1645346973e-05,4.7714317988e-05,0.00027323003002,0.00015000900858,0.0035422162546,0.3793100895,0.00059057534157,0.0013408740426,0.00026379274235,0.0050872776173
292.5,9.1049522625e-05,0.00013598718218,0.00017768106599,7.1939604321e-05,8.0621258594e-05,4.690016944e-05,0.00011179880088,0.00014306429182,0.0013123251191,4.6899540249e-05,5.7198920548e-05,0.00013905921075,0.0089260853602,0.00015659044211,4.3955126777e-05,0.00010430981488,0.00036787270837,5.0418624167e-05,4.6568442215e-05,0.00026818993611,0.00014696280642,0.0035024931472,0.3785469353,0.00058104179096,0.0013223560439,0.00025889846492,0.0050348847453
293.0,8.9062479674e-05,0.00013319333892,0.00017417962302,7.0314775035e-05,7.8830152408e-05,4.5774985606e-05,0.00010943244488,0.00014014793947,0.0012941901492,4.5774369432e-05,5.586413875e-05,0.00013621206046,0.0088466465708,0.00015344281991,4.2891135196e-05,0.00010207888542,0.00036144134065,4.9221100468e-05,4.5450120958e-05,0.00026324521237,0.00014397941678,0.0034632684009,0.37778870745,0.0005716688451,0.0013041117678,0.00025409727513,0.0049831089706
293.5,8.7119181755e-05,0.00013045771339,0.00017074845257,6.8726861614e-05,7.7079127209e-05,4.467683321e-05,0.0001071167502,0.00013729192952,0.00127632334,4.4676229785e-05,5.4560610848e-05,0.00013342405442,0.0087680522284,0.00015035950617,4.1852918174e-05,9.9896172699e-05,0.00035512605166,4.8052079415e-05,4.4358690762e-05,0.00025839401002,0.00014105752513,0.0034245351734,0.37703536821,0.00056245369042,0.0012861369209,0.00024938736022,0.0049319422315
294.0,8.5218657521e-05,0.00012777907564,0.00016738611927,6.7175020427e-05,7.5367279651e-05,4.3605061955e-05,0.00010485062007,0.00013449499523,0.0012587204846,4.360447102e-05,5.3287602565e-05,0.00013069394662,0.0086902921426,0.00014733916617,4.0839850875e-05,9.7760623858e-05,0.00034892468276,4.6910881193e-05,4.3293504163e-05,0.00025363451692,0.00013819584483,0.0033862867238,0.37628688025,0.00055339356444,0.0012684272807,0.00024476694353,0.0048813765813
294.5,8.3359957375e-05,0.00012515622208,0.00016409121758,6.5658427232e-05,7.3693726893e-05,4.2559037215e-05,0.00010263298174,0.00013175589686,0.0012413774456,4.2558458514e-05,5.2044396935e-05,0.00012802051766,0.0086133562595,0.00014438049332,3.9851323616e-05,9.5671209281e-05,0.00034283511661,4.5796842237e-05,4.2253929309e-05,0.00024896495687,0.00013539311656,0.0033485164109,0.37554320655,0.00054448575486,0.0012509786947,0.00024023428377,0.0048314041862
295.0,8.1542152982e-05,0.00012258797487,0.00016086237112,6.4176276732e-05,7.2057606125e-05,4.1538139649e-05,0.00010046278592,0.00012907342102,0.0012242901539,4.153757293e-05,5.0830293891e-05,0.00012540257417,0.0085372346589,0.00014148220856,3.888674151e-05,9.3626922049e-05,0.00033685527635,4.4709314839e-05,4.123934958e-05,0.00024438358889,0.00013264810772,0.003311217692,0.37480431044,0.00053572759855,0.0012337870786,0.0002357876743,0.0047820173238
295.5,7.9764336786e-05,0.00012007318139,0.0001576982321,6.2727782133e-05,7.0458074117e-05,4.0541764834e-05,9.8339006296e-05,0.00012644638015,0.0012074546076,4.0541209853e-05,4.9644609863e-05,0.00012283894827,0.0084619175532,0.00013864305976,3.7945524097e-05,9.1626777444e-05,0.00033098312481,4.364766677e-05,4.0249163221e-05,0.00023988870648,0.00012995961185,0.0032743841206,0.37407015561,0.00052711648069,0.0012168484158,0.00023142544244,0.004733208381
296.0,7.802562154e-05,0.00011761071365,0.00015459748071,6.1312174719e-05,6.8894306768e-05,3.9569322908e-05,9.6260638974e-05,0.00012387361196,0.001190866871,3.9568779424e-05,4.8486677395e-05,0.00012032849698,0.0083873952849,0.00013586182116,3.7027105003e-05,8.9669812453e-05,0.0003252166637,4.2611280909e-05,3.9282782983e-05,0.00023547863692,0.00012732644808,0.0032380093457,0.37334070605,0.00051864983382,0.0012001587557,0.00022714594874,0.0046849698529
296.5,7.6325139854e-05,0.00011519946781,0.00015155882452,5.9928703433e-05,6.7365498668e-05,3.8620238215e-05,9.4226702023e-05,0.00012135397885,0.0011745230729,3.8619705992e-05,4.7355844756e-05,0.00011787010172,0.0083136583249,0.00013313729278,3.613093159e-05,8.7755085282e-05,0.0003195539329,4.1599554883e-05,3.8339635772e-05,0.00023115174061,0.00012474746056,0.0032020871098,0.37261592612,0.00051032513698,0.0011837142129,0.00022294758635,0.0046372943406
297.0,7.4662043738e-05,0.00011283836361,0.00014858099789,5.8576634471e-05,6.5870862674e-05,3.7693948965e-05,9.2236234973e-05,0.00011888636743,0.0011584194064,3.7693427773e-05,4.6251475573e-05,0.00011546266775,0.0082406972707,0.00013046829991,3.5256464628e-05,8.5881674889e-05,0.00031399300966,4.061190071e-05,3.741916231e-05,0.00022690641039,0.00012222151795,0.0031666112476,0.37189578049,0.00050213991484,0.0011675109659,0.00021882878034,0.0045901745499
297.5,7.3035504172e-05,0.00011052634391,0.00014566276143,5.7255250879e-05,6.4409629491e-05,3.6789906898e-05,9.0288298346e-05,0.00011646968794,0.0011425521267,3.6789396511e-05,4.5172948466e-05,0.00011310512368,0.0081685028446,0.00012785369253,3.4403177967e-05,8.4048680516e-05,0.00030853200789,3.9647744459e-05,3.6520816797e-05,0.00022274107087,0.00011974751288,0.0031315756844,0.37118023416,0.0004940917368,0.001151545256,0.00021478798703,0.0045436032898
298.0,7.1444710674e-05,0.00010826237412,0.00014280290143,5.5963852168e-05,6.2981047266e-05,3.590757696e-05,8.8381973191e-05,0.00011410287381,0.001126917551,3.5907077157e-05,4.4119656697e-05,0.00011079642095,0.0080970658917,0.00012529234482,3.357055822e-05,8.2255221244e-05,0.00030316907747,3.8706525909e-05,3.5644066592e-05,0.00021865417781,0.00011732436142,0.003096974435,0.37046925244,0.00048617821621,0.0011358133863,0.00021082369339,0.0044975734705
298.5,6.9888870883e-05,0.00010604544177,0.00014000022934,5.4701753934e-05,6.1584381187e-05,3.5046436982e-05,8.6516360629e-05,0.00011178488109,0.0011115120568,3.5045947544e-05,4.3091007817e-05,0.00010853553334,0.0080263773782,0.00012278315461,3.2758104454e-05,8.0500435548e-05,0.00029790240348,3.7787698226e-05,3.4788391888e-05,0.00021464421748,0.0001149510026,0.0030628016017,0.36976280098,0.00047839700953,0.0011203117206,0.00020693441641,0.0044520781023
299.0,6.8367210152e-05,0.00010387455602,0.0001372535812,5.3468287482e-05,6.0218913098e-05,3.4205977369e-05,8.4690581413e-05,0.000109514688,0.0010963320811,3.4205498084e-05,4.2086423336e-05,0.00010632145649,0.0079564283898,0.00012032504289,3.1965327885e-05,7.8783480866e-05,0.00029273020559,3.6890727636e-05,3.395328541e-05,0.00021070970602,0.0001126263979,0.0030290513736,0.36906084574,0.00047074581552,0.0011050366822,0.00020311870248,0.0044071102938
299.5,6.6878971146e-05,0.00010174874716,0.00013456181716,5.2262799469e-05,5.8883941114e-05,3.3385700799e-05,8.2903775492e-05,0.00010729129446,0.0010813741193,3.3385231459e-05,4.1105338388e-05,0.00010415320744,0.0078872101298,0.00011791695332,3.1191751587e-05,7.7103533179e-05,0.00028765073731,3.601509312e-05,3.3138252105e-05,0.0002068491889,0.00011034953078,0.0029957180249,0.36836335297,0.00046322237443,0.0010899847532,0.0001993751268,0.0043626632507
300.0,6.5423413453e-05,9.9667066211e-05,0.00013192382097,5.1084651546e-05,5.7578779255e-05,3.2585121927e-05,8.1155101589e-05,0.00010511372161,0.0010666347244,3.2584662327e-05,4.0147201409e-05,0.00010202982414,0.0078187139174,0.00011555785174,3.04369102e-05,7.5459786598e-05,0.00028266228537,3.5160286101e-05,3.2342808854e-05,0.00020306124025,0.00010811940621,0.0029627959136,0.36767028925,0.00045582446727,0.0010751524732,0.0001957022928,0.004318730274
300.5,6.3999813205e-05,9.762858441e-05,0.00012933849945,4.9933220011e-05,5.6302757079e-05,3.1803767092e-05,7.9443736786e-05,0.00010298101135,0.0010521105057,3.1803317033e-05,3.9211473828e-05,9.9950365019e-05,0.0077509311863,0.00011324672571,2.9700349654e-05,7.385145296e-05,0.00027776316909,3.4325810153e-05,3.1566484178e-05,0.00019934446234,0.00010593505019,0.0029302794799,0.36698162146,0.00044854991501,0.0010605364386,0.00019209883156,0.0042753047587
301.0,6.2607462701e-05,9.5632392822e-05,0.00012680478206,4.8807895475e-05,5.505521933e-05,3.1041174042e-05,7.7768876119e-05,0.00010089222588,0.0010377981281,3.1040733328e-05,3.8297629753e-05,9.7913908546e-05,0.0076838534827,0.00011098258402,2.898162689e-05,7.2277761438e-05,0.00027295173969,3.3511180703e-05,3.0808817963e-05,0.000195697485,0.00010379550932,0.0028981632457,0.36629731678,0.00044139657785,0.0010461333011,0.00018856340127,0.0042323801923
301.5,6.1245670045e-05,9.3677601893e-05,0.00012432162036,4.7708082528e-05,5.3835525591e-05,3.0296891654e-05,7.6129732183e-05,9.8846447316e-05,0.0010236943109,3.0296460092e-05,3.7405155676e-05,9.5919552784e-05,0.007617472464,0.00010876445627,2.8280309597e-05,7.073795815e-05,0.00026822637969,3.2715924756e-05,3.006936118e-05,0.00019211896504,0.00010169985033,0.0028664418125,0.3656173427,0.00043436235452,0.0010319397673,0.00018509468666,0.0041899501537
302.0,5.9913758792e-05,9.1763341031e-05,0.00012188798759,4.663319942e-05,5.2643049943e-05,2.9570479666e-05,7.4525534744e-05,9.6842777203e-05,0.001009795827,2.9570057069e-05,3.6533550179e-05,9.3966414977e-05,0.0075517798968,0.00010659139241,2.7595975947e-05,6.9231305788e-05,0.00026358550233,3.193958061e-05,2.9347675621e-05,0.00018860758573,9.9647159707e-05,0.0028351098605,0.36494166697,0.0004274451815,0.0010179525977,0.00018169139846,0.0041480083114
302.5,5.8611067598e-05,8.9888758202e-05,0.0001195028782,4.5582677742e-05,5.1477180639e-05,2.8861508416e-05,7.2955530361e-05,9.488033613e-05,0.00099609950211,2.88610946e-05,3.5682323648e-05,9.2053631133e-05,0.0074867676559,0.00010446246229,2.6928214344e-05,6.7757083249e-05,0.00025902755093,3.1181697589e-05,2.8643333638e-05,0.00018516205627,9.7636543193e-05,0.0028041621475,0.36427025769,0.00042064303235,0.0010041686053,0.0001783522729,0.0041065484226
303.0,5.7336949877e-05,8.8053019523e-05,0.00011716530743,4.455596212e-05,5.033731978e-05,2.816955859e-05,7.1418982014e-05,9.2958263312e-05,0.0009826022136,2.8169153373e-05,3.4850997996e-05,9.0180355622e-05,0.0074224277223,0.00010237675529,2.6276623176e-05,6.6314585273e-05,0.00025455099832,3.0441835781e-05,2.7955917886e-05,0.00018178111124,9.5667125434e-05,0.0027735935074,0.36360308318,0.00041395391705,0.00099058465534,0.00017507607117,0.0040655643313
303.5,5.6090773478e-05,8.6255308875e-05,0.0001148743108,4.3552509914e-05,4.9222882995e-05,2.7494220964e-05,6.9915168746e-05,9.1075716192e-05,0.00096930088975,2.749382417e-05,3.4039106388e-05,8.8345760781e-05,0.0073587521818,0.00010033337983,2.5640810568e-05,6.4903122093e-05,0.00025015434626,2.9719565776e-05,2.7285021077e-05,0.00017846351013,9.3738049546e-05,0.0027433988493,0.36294011211,0.00040737588128,0.00097719766387,0.00017186157895,0.0040250499675
304.0,5.4871920348e-05,8.4494827517e-05,0.00011262894379,4.2571790927e-05,4.8133299138e-05,2.683509617e-05,6.8443385306e-05,8.9231870049e-05,0.00095619250885,2.6834707625e-05,3.3246192978e-05,8.6549036522e-05,0.0072957332235,9.8331463043e-05,2.502039415e-05,6.3522019093e-05,0.00024583612489,2.901446842e-05,2.6630245735e-05,0.0001752080368,9.1848476731e-05,0.0027135731561,0.36228131339,0.00040090700575,0.00096400459723,0.00016870760586,0.0039849993458
304.5,5.3679786227e-05,8.2770793713e-05,0.00011042828133,4.1613287113e-05,4.7068009983e-05,2.6191794452e-05,6.7002941806e-05,8.7425917612e-05,0.00094327409837,2.6191413987e-05,3.2471812647e-05,8.4789389962e-05,0.0072333631387,9.6370150307e-05,2.4415000826e-05,6.2170616467e-05,0.00024159489218,2.8326134565e-05,2.5991203961e-05,0.00017201349902,8.9997585882e-05,0.0026841114835,0.36162665623,0.00039454540561,0.00095100247103,0.00016561298504,0.0039454065638
305.0,5.2513780328e-05,8.1082442363e-05,0.00010827141743,4.0676492302e-05,4.6026469934e-05,2.5563935437e-05,6.5593163377e-05,8.5657068692e-05,0.00093054273408,2.5563562886e-05,3.1715530751e-05,8.3066045044e-05,0.0071716343186,9.4448604906e-05,2.3824266547e-05,6.0848268896e-05,0.00023742923336,2.7654164831e-05,2.5367517202e-05,0.00016887872798,8.8184573211e-05,0.0026550089587,0.36097611011,0.00038828922975,0.00093818834935,0.00016257657262,0.0039062658014
305.5,5.1373325039e-05,7.9429024645e-05,0.0001061574648,3.9760911923e-05,4.500814573e-05,2.4951147909e-05,6.4213389848e-05,8.392454981e-05,0.00091799553925,2.4950783108e-05,3.0976922875e-05,8.1378242181e-05,0.0071105392537,9.2566007631e-05,2.3247836093e-05,5.9554345224e-05,0.00023333776041,2.6998169375e-05,2.4758816023e-05,0.0001658025778,8.6408651876e-05,0.0026262607797,0.36032964478,0.0003821366602,0.00092555934393,0.0001595972473,0.003867571319
306.0,5.0257855626e-05,7.7809807668e-05,0.0001040855544,3.8866062737e-05,4.4012516173e-05,2.4353069587e-05,6.2862975411e-05,8.2227603841e-05,0.00090562968385,2.4352712376e-05,3.0255574588e-05,7.9725237902e-05,0.0070500705321,9.0721556408e-05,2.2685362858e-05,5.8288228145e-05,0.00022931911155,2.6357767658e-05,2.4164739891e-05,0.0001627839251,8.4669051617e-05,0.0025978622137,0.35968723028,0.00037608591152,0.00091311261333,0.00015667390986,0.0038293174567
306.5,4.9166819944e-05,7.622407412e-05,0.00010205483514,3.7991472577e-05,4.3039071846e-05,2.3769346909e-05,6.1541288317e-05,8.0565489665e-05,0.00089344238372,2.3768997134e-05,2.9551081211e-05,7.8106304499e-05,0.0069902208381,8.8914465936e-05,2.2136508639e-05,5.7049313894e-05,0.00022537195071,2.5732588226e-05,2.3584936957e-05,0.00015982166854,8.2965018405e-05,0.0025698085961,0.35904883688,0.00037013523018,0.00090084536212,0.00015380548275,0.003791498633
307.0,4.8099678151e-05,7.4671121942e-05,0.00010006447341,3.7136680094e-05,4.208731485e-05,2.3199634827e-05,6.0247710555e-05,7.8937481821e-05,0.00088143089983,2.3199292332e-05,2.8863047585e-05,7.6520729698e-05,0.0069309829506,8.7143967333e-05,2.1600943439e-05,5.583701195e-05,0.00022149496706,2.5122268493e-05,2.3019063849e-05,0.00015691472835,8.1295814093e-05,0.00254209533,0.35841443516,0.00036428289399,0.00088875484016,0.00015099090963,0.0037541093435
307.5,4.7055902436e-05,7.3150263992e-05,9.8113652789e-05,3.6301234503e-05,4.1156758536e-05,2.2643596593e-05,5.8981637562e-05,7.7342870173e-05,0.00086959253747,2.264326123e-05,2.8191087846e-05,7.4967816317e-05,0.0068723497422,8.5409307783e-05,2.1078345258e-05,5.4650744741e-05,0.00021768687448,2.4526454525e-05,2.2466785465e-05,0.00015406204596,7.9660716077e-05,0.0025147178844,0.35778399594,0.00035852721151,0.00087683834178,0.00014822915495,0.0037171441601
308.0,4.6034976746e-05,7.166082773e-05,9.6201573657e-05,3.5484695344e-05,4.0246927256e-05,2.2100903567e-05,5.7742477914e-05,7.5780959582e-05,0.00085792464553,2.2100575188e-05,2.7534825207e-05,7.3446881951e-05,0.0068143141776,8.3709750201e-05,2.0568399908e-05,5.3489947358e-05,0.00021394641111,2.3944800838e-05,2.1927774775e-05,0.00015126258349,7.8059016963e-05,0.0024876717936,0.3571574903,0.00035286652149,0.00086509320501,0.00014551920351,0.0036805977292
308.5,4.5036396521e-05,7.0202154897e-05,9.4327452835e-05,3.4686632244e-05,3.9357356107e-05,2.1571235018e-05,5.6529653051e-05,7.4251069583e-05,0.00084642461577,2.157091348e-05,2.689389174e-05,7.1957258648e-05,0.0067568693126,8.2044572894e-05,2.0070800816e-05,5.2354067274e-05,0.00021027233888,2.3376970192e-05,2.1401712626e-05,0.00014851532342,7.6490024246e-05,0.0024609526563,0.35653488957,0.00034729919228,0.0008535168109,0.00014286006011,0.0036444647715
309.0,4.4059668438e-05,6.8773601213e-05,9.2490523255e-05,3.3906624682e-05,3.848759069e-05,2.1054277933e-05,5.5342596983e-05,7.2752534076e-05,0.00083508988202,2.1053963093e-05,2.6267928174e-05,7.0498292602e-05,0.0067000082922,8.0413069238e-05,1.9585248845e-05,5.1242564067e-05,0.00020666344302,2.2822633395e-05,2.0888287554e-05,0.00014581926812,7.4953059989e-05,0.0024345561342,0.35591616536,0.00034182362135,0.00084210658273,0.00014025074909,0.00360874008
309.5,4.3104310157e-05,6.7374536075e-05,9.0690033616e-05,3.3144261765e-05,3.7637186868e-05,2.0549726832e-05,5.4180756021e-05,7.1284701011e-05,0.00082391791957,2.0549418553e-05,2.5656583684e-05,6.9069343849e-05,0.0066437243499,7.8814547357e-05,1.9111452111e-05,5.015490916e-05,0.00020311853167,2.2281469113e-05,2.0387195595e-05,0.00014317343949,7.3447460511e-05,0.0024084779514,0.3553012895,0.00033643823468,0.00083085998533,0.00013769031396,0.0035734185196
310.0,4.2169850078e-05,6.6004342261e-05,8.8925248059e-05,3.2399142004e-05,3.6805710535e-05,2.0057283587e-05,5.3043588502e-05,6.9846932095e-05,0.00081290624439,2.0056981734e-05,2.5059515695e-05,6.766978597e-05,0.0065880108065,7.7248329812e-05,1.8649125805e-05,4.9090585551e-05,0.00019963643536,2.1753163679e-05,1.9898140105e-05,0.00014057687855,7.1972576086e-05,0.0023827138933,0.35469023409,0.00033114148628,0.00081977452437,0.00013517781699,0.0035384950255
310.5,4.1255827094e-05,6.4662415645e-05,8.7195445841e-05,3.1670873101e-05,3.5992737388e-05,1.9576657243e-05,5.193056453e-05,6.8438602492e-05,0.00080205241245,1.9576361683e-05,2.4476389685e-05,6.6299005798e-05,0.0065328610683,7.5713753295e-05,1.8197992027e-05,4.804908756e-05,0.00019621600663,2.1237410909e-05,1.9420831586e-05,0.00013802864506,7.0527770647e-05,0.0023572598056,0.35408297147,0.00032593185765,0.00080884774564,0.00013271233891,0.0035039646027
311.0,4.0361790361e-05,6.3348164913e-05,8.549992102e-05,3.0959071731e-05,3.5197852703e-05,1.9107563847e-05,5.0841165712e-05,6.7059100539e-05,0.0007913540191,1.910727445e-05,2.3906879e-05,6.4956403139e-05,0.0064782686265,7.4210168327e-05,1.7757779613e-05,4.7029920579e-05,0.0001928561196,2.0733911927e-05,1.8954987512e-05,0.00013552781715,6.9112421487e-05,0.0023321115934,0.35347947422,0.00032080785729,0.00079807723443,0.00013029297843,0.0034698223246
311.5,3.9487299063e-05,6.2061011289e-05,8.3837982147e-05,3.0263363342e-05,3.4420651115e-05,1.8649726279e-05,4.9774884911e-05,6.5707827462e-05,0.00078080869833,1.8649442917e-05,2.3350664663e-05,6.3641390488e-05,0.0064242270556,7.2736938969e-05,1.7328223972e-05,4.6032600827e-05,0.00018955566952,2.0242374986e-05,1.850033216e-05,0.00013307349096,6.7725918983e-05,0.0023072652206,0.35287971518,0.00031576802022,0.0007874606148,0.00012791885197,0.003436063332
312.0,3.8631922191e-05,6.0800388264e-05,8.2208951965e-05,2.9583381952e-05,3.3660736411e-05,1.8202874087e-05,4.8731225995e-05,6.4384197103e-05,0.00077041412217,1.8202596635e-05,2.2807435194e-05,6.2353392762e-05,0.0063707300126,7.1293442536e-05,1.6909066931e-05,4.505665511e-05,0.00018631357241,1.9762515302e-05,1.8056596448e-05,0.00013066478025,6.6367666312e-05,0.0022827167083,0.3522836674,0.00031081090742,0.00077699554898,0.00012558909325,0.0034026828321
312.5,3.7795238322e-05,5.9565741338e-05,8.0612167106e-05,2.8918769948e-05,3.2917721317e-05,1.7766743323e-05,4.7709703598e-05,6.3087635648e-05,0.00076016800001,1.7766471661e-05,2.2276886436e-05,6.109184703e-05,0.0063177712356,6.9879069311e-05,1.6500056574e-05,4.4101620587e-05,0.00018312876462,1.9294054883e-05,1.7623517771e-05,0.0001283008161,6.5037079182e-05,0.0022584621347,0.35169130419,0.00030593510546,0.00076667973669,0.00012330285299,0.0033696760979
313.0,3.6976835403e-05,5.8356527753e-05,7.904697781e-05,2.8269177896e-05,3.2191227297e-05,1.7341076395e-05,4.6709842882e-05,6.1817581366e-05,0.00075006807802,1.7340810402e-05,2.1758721381e-05,5.9856202256e-05,0.0062653445425,6.8493222277e-05,1.6100947094e-05,4.3167044542e-05,0.00018000020246,1.8836722369e-05,1.720083985e-05,0.00012598074652,6.373358556e-05,0.0022344976338,0.35110259908,0.00030113922592,0.00075651091451,0.00012105929851,0.0033370384667
313.5,3.617631054e-05,5.7172216249e-05,7.7512747635e-05,2.7634264355e-05,3.1480884354e-05,1.6925621904e-05,4.5731179306e-05,6.0573484349e-05,0.00074011213846,1.6925361463e-05,2.1252649998e-05,5.864591904e-05,0.0062134438304,6.7135316846e-05,1.5711498641e-05,4.225248416e-05,0.00017692686179,1.8390252874e-05,1.6788312578e-05,0.00012370373612,6.2456625417e-05,0.0022108193945,0.35051752584,0.00029642190502,0.00074648685529,0.00011885761345,0.0033047653394
314.0,3.5393269795e-05,5.6012286814e-05,7.6008853184e-05,2.7013695689e-05,3.0786330836e-05,1.6520134501e-05,4.4773258404e-05,5.935480626e-05,0.00073029799916,1.6519879497e-05,2.0758389075e-05,5.7460469375e-05,0.0061620630739,6.5804780595e-05,1.5331477182e-05,4.1357506307e-05,0.00017390773768,1.795438783e-05,1.6385691866e-05,0.00012146896579,6.1205650469e-05,0.00218742366,0.34993605846,0.00029178180312,0.0007366053675,0.00011669699744,0.0032728521796
314.5,3.4627327986e-05,5.4876230442e-05,7.4534683829e-05,2.6407145889e-05,3.0107213247e-05,1.612437474e-05,4.3835635561e-05,5.8161020088e-05,0.00072062351282,1.6124125061e-05,2.0275662052e-05,5.6299336399e-05,0.0061111963246,6.4501053012e-05,1.4960654357e-05,4.0481687319e-05,0.00017094184402,1.7528874836e-05,1.5992739507e-05,0.00011927563238,5.9980123927e-05,0.0021643067269,0.34935817117,0.00028721760429,0.00072686429466,0.00011457666572,0.0032412945126
315.0,3.3878108487e-05,5.3763548899e-05,7.3089641447e-05,2.5814296401e-05,2.9443186061e-05,1.5738108935e-05,4.2917875795e-05,5.6991609902e-05,0.00071108656651,1.573786447e-05,1.9804198867e-05,5.5162014154e-05,0.0060608377096,6.3223585241e-05,1.4598807341e-05,3.9624612791e-05,0.00016802821316,1.7113467511e-05,1.5609223025e-05,0.00011712294837,5.8779520256e-05,0.0021414649443,0.34878383841,0.00028272801588,0.00071726151474,0.00011249584892,0.0032100879246
315.5,3.3145243038e-05,5.267375449e-05,7.1673140161e-05,2.5234835948e-05,2.8793911541e-05,1.5361109019e-05,4.2019553551e-05,5.5846070621e-05,0.00070168508107,1.5360869661e-05,1.9343735804e-05,5.4048007361e-05,0.0060109814306,6.1971839839e-05,1.4245718712e-05,3.8785877371e-05,0.00016516589553,1.6707925351e-05,1.5234915544e-05,0.00011501014155,5.7603324929e-05,0.002118894713,0.34821303485,0.00027831176806,0.00070779493959,0.00011045379267,0.0031792280615
316.0,3.2428371561e-05,5.1606369835e-05,7.0284606081e-05,2.4668460371e-05,2.8159059564e-05,1.4993152415e-05,4.1140252492e-05,5.4723907778e-05,0.0006924170105,1.4992918057e-05,1.8894015341e-05,5.2956831183e-05,0.0059616217628,6.0745290535e-05,1.3901176317e-05,3.7965084565e-05,0.00016235395934,1.6312013587e-05,1.4869595649e-05,0.00011293645476,5.6451034203e-05,0.0020965924849,0.34764573538,0.00027396761348,0.00069846251434,0.00010844975736,0.0031487106285
316.5,3.172714197e-05,5.0560927646e-05,6.892347706e-05,2.4114872455e-05,2.7538307444e-05,1.4634021897e-05,4.0279565298e-05,5.3624637295e-05,0.00068328034146,1.4633792437e-05,1.8454786006e-05,5.1888011008e-05,0.0059127530542,5.954342199e-05,1.3564973146e-05,3.7161846536e-05,0.00015959149022,1.5925503048e-05,1.4513047256e-05,0.00011090114552,5.5322154879e-05,0.002074554762,0.3470819151,0.00026969432676,0.0006892622169,0.0001064830178,0.0031185313888
317.0,3.1041209999e-05,4.9536970513e-05,6.7589202446e-05,2.3573781781e-05,2.693133977e-05,1.4283505466e-05,3.9437093465e-05,5.2547785262e-05,0.0006742730927,1.4283280802e-05,1.8025802233e-05,5.0841082227e-05,0.005864369724,5.8365729573e-05,1.323690721e-05,3.6375783918e-05,0.00015687759086,1.5548170029e-05,1.4165059481e-05,0.0001089034858,5.4216204087e-05,0.0020527780958,0.34652154935,0.00026549070419,0.00068019205735,0.00010455286297,0.0030886861632
317.5,3.0370239023e-05,4.853405069e-05,6.6281242842e-05,2.304490456e-05,2.6337848233e-05,1.3941396221e-05,3.8612447118e-05,5.1492887722e-05,0.00066539331451,1.3941176254e-05,1.7606824222e-05,4.981559002e-05,0.0058164662621,5.721171913e-05,1.2916781411e-05,3.5606525625e-05,0.00015421138072,1.5179796158e-05,1.382542652e-05,0.0001069427617,5.3132709061e-05,0.0020312590863,0.34596461364,0.00026135556323,0.00067125007746,0.00010265859572,0.0030591708286
318.0,2.9713899885e-05,4.7551729889e-05,6.4999069878e-05,2.2527963488e-05,2.5757531471e-05,1.3607492237e-05,3.7805244818e-05,5.0459490455e-05,0.0006566390882,1.3607276869e-05,1.7197617806e-05,4.8811089151e-05,0.005769037228,5.6080906765e-05,1.2604403434e-05,3.4853708672e-05,0.00015159199567,1.4820168272e-05,1.3493947521e-05,0.0001050182732,5.2071206926e-05,0.0020099943817,0.34541108374,0.0002572877422,0.0006624343501,0.00010079953248,0.0030299813178
318.5,2.9071870736e-05,4.6589579081e-05,6.3742165973e-05,2.202268759e-05,2.5190094908e-05,1.3281596447e-05,3.7015113379e-05,4.9447148774e-05,0.00064800852562,1.3281385583e-05,1.6797954316e-05,4.7827143758e-05,0.0057220772498,5.4972818623e-05,1.2299585621e-05,3.4116977994e-05,0.00014901858773,1.4469078287e-05,1.3170426466e-05,0.00010312933383,5.1031244489e-05,0.0019889806774,0.34486093558,0.0002532860999,0.00065374297876,9.8975003005e-05,0.0030011136186
319.0,2.8443836864e-05,4.564717829e-05,6.251002412e-05,2.1528812083e-05,2.4635250603e-05,1.2963516522e-05,3.6241687687e-05,4.8455427323e-05,0.00063949976857,1.2963310069e-05,1.6407610453e-05,4.6863327159e-05,0.0056755810232,5.3886990682e-05,1.2002144865e-05,3.3395986272e-05,0.00014649032469,1.4126323083e-05,1.2854672058e-05,0.00010127527046,5.0012378035e-05,0.0019682147151,0.34431414534,0.00024934951517,0.00064517409705,9.7184350121e-05,0.0029725637726
319.5,2.7829490538e-05,4.4724116408e-05,6.130214766e-05,2.1046078225e-05,2.4092717095e-05,1.265306476e-05,3.5484610524e-05,4.7483899875e-05,0.00063111098838,1.2652862626e-05,1.6026368159e-05,4.5919221648e-05,0.0056295433107,5.2822968541e-05,1.1711902496e-05,3.2690393762e-05,0.00014400638986,1.379170438e-05,1.2546497602e-05,9.945542301e-05,4.9014173122e-05,0.0019476932824,0.34377068937,0.00024547688659,0.00063672586815,9.5426929441e-05,0.0029443278747
320.0,2.7228530853e-05,4.3819991e-05,6.0118050068e-05,2.0574233183e-05,2.3562219263e-05,1.235005797e-05,3.4743532395e-05,4.6532149141e-05,0.00062284038538,1.2349860066e-05,1.5654014498e-05,4.4994418311e-05,0.0055839589407,5.1780307219e-05,1.1428684176e-05,3.1999868131e-05,0.00014156598177,1.3465028627e-05,1.2245720897e-05,9.7669144171e-05,4.8036204387e-05,0.0019274132123,0.34323054425,0.0002416671321,0.00062839648436,9.3702109121e-05,0.0029164020724
320.5,2.6640663572e-05,4.293440812e-05,5.8957254747e-05,2.0113029895e-05,2.3043488174e-05,1.205431737e-05,3.4018111357e-05,4.5599766577e-05,0.0006146861884,1.2054123608e-05,1.5290341528e-05,4.4088516836e-05,0.0055388228062,5.075857096e-05,1.1152319792e-05,3.1324084288e-05,0.00013916831384,1.3146106886e-05,1.195216413e-05,9.591579919e-05,4.7078055353e-05,0.0019073713818,0.34269368675,0.00023791918863,0.0006201841666,9.2009269613e-05,0.002888782565
321.0,2.6065600985e-05,4.206698213e-05,5.7819294818e-05,1.9662226937e-05,2.253626095e-05,1.1765668474e-05,3.3308012861e-05,4.4686352202e-05,0.00060664665433,1.1765478768e-05,1.4935146193e-05,4.3201125329e-05,0.0054941298646,4.9757333034e-05,1.0882643352e-05,3.0662724232e-05,0.00013681261415,1.2834754721e-05,1.1665653763e-05,9.4194765597e-05,4.6139318241e-05,0.0018875647119,0.34216009382,0.00023423201178,0.00061208716391,9.0347803416e-05,0.0028614656025
321.5,2.5503061755e-05,4.121733552e-05,5.6703712919e-05,1.9221588392e-05,2.2040280626e-05,1.1483940994e-05,3.2612909582e-05,4.3791514412e-05,0.00059872006763,1.148375526e-05,1.45882302e-05,4.2331860133e-05,0.0054498751362,4.877617555e-05,1.061949289e-05,3.0015476887e-05,0.00013449812512,1.2530792094e-05,1.1386020438e-05,9.250543297e-05,4.5219593785e-05,0.0018679901667,0.34162974265,0.00023060457548,0.00060410375304,8.8717114839e-05,0.0028344474855
322.0,2.4952770781e-05,4.038509874e-05,5.5610061009e-05,1.8790883728e-05,2.1555296018e-05,1.1208968736e-05,3.1932481266e-05,4.2914869806e-05,0.0005909047399,1.1208786891e-05,1.4249399909e-05,4.1480345656e-05,0.0054060537037,4.7814689271e-05,1.0362710364e-05,2.9382037959e-05,0.00013222410323,1.2234043257e-05,1.1113098872e-05,9.0847202694e-05,4.4318491054e-05,0.0018486447529,0.34110261057,0.00022703587163,0.00059623223794,8.7116619763e-05,0.0028077245639
322.5,2.4414459056e-05,3.9569910023e-05,5.4537900173e-05,1.8369887672e-05,2.1081061593e-05,1.0940589501e-05,3.1266414575e-05,4.2056043009e-05,0.0005831990094,1.0940411465e-05,1.3918466227e-05,4.0646214196e-05,0.0053626607111,4.6872473429e-05,1.0112141561e-05,2.876210978e-05,0.00012998981879,1.1944336652e-05,1.0846727759e-05,8.9219487728e-05,4.3435627271e-05,0.0018295255187,0.34057867515,0.00022352490979,0.00058847094932,8.5545745417e-05,0.0027812932365
323.0,2.3887863533e-05,3.8771415224e-05,5.3486800436e-05,1.7958380089e-05,2.0617337338e-05,1.0678644991e-05,3.0614402935e-05,4.12146665e-05,0.00057560124059,1.0678470685e-05,1.3595244495e-05,3.9829105777e-05,0.0053196913631,4.594913555e-05,9.8676360084e-06,2.8155401165e-05,0.00012779455565,1.1661504807e-05,1.0586749675e-05,8.7621712377e-05,4.2570627646e-05,0.0018106295537,0.34005791412,0.00022007071689,0.00058081824422,8.4003930147e-05,0.0027551499501
323.5,2.337272699e-05,3.7989267655e-05,5.2456340574e-05,1.7556145862e-05,2.0163888638e-05,1.0422980713e-05,2.9976146391e-05,4.0390380453e-05,0.00056810982376,1.042281006e-05,1.3279554388e-05,3.902866798e-05,0.0052771409241,4.5044291277e-05,9.629046877e-06,2.7561627268e-05,0.00012563761094,1.1385384244e-05,1.0333010984e-05,8.6053312066e-05,4.1723125202e-05,0.0017919539883,0.33954030541,0.00021667233686,0.00057327250555,8.2490623198e-05,0.0027292911989
324.0,2.2868797899e-05,3.7223127927e-05,5.1446107936e-05,1.7162974784e-05,1.9720486152e-05,1.017344589e-05,2.9351351457e-05,3.9582832563e-05,0.00056072317455,1.0173278813e-05,1.2971219813e-05,3.8244555784e-05,0.0052350047174,4.4157564203e-05,9.3962308977e-06,2.6980509444e-05,0.00012351829483,1.1115815378e-05,1.0085361747e-05,8.4513733121e-05,4.0892760614e-05,0.0017734959924,0.33902582714,0.00021332883035,0.00056583214169,8.1005284498e-05,0.002703713524
324.5,2.2375830303e-05,3.6472663792e-05,5.0455698267e-05,1.6778661437e-05,1.9286905695e-05,9.9298933683e-06,2.8739730982e-05,3.8791677896e-05,0.00055343973353,9.929729793e-06,1.2670068805e-05,3.747643141e-05,0.0051932781247,4.3288585701e-05,9.169048273e-06,2.6411775114e-05,0.00012143593028,1.0852642428e-05,9.8436556338e-06,8.3002432555e-05,4.0079182043e-05,0.0017552527757,0.33851445761,0.00021003927443,0.00055849558604,7.9547384445e-05,0.0026784135123
325.0,2.1893583687e-05,3.5737549996e-05,4.9484715529e-05,1.6403005088e-05,1.886292812e-05,9.6921795321e-06,2.8141004007e-05,3.8016578727e-05,0.00054625796583,9.692019386e-06,1.2375933436e-05,3.6723964164e-05,0.0051519565846,4.2436994762e-05,8.947362593e-06,2.5855157625e-05,0.00011938985277,1.0595713324e-05,9.6077498339e-06,8.1518877857e-05,3.9282044982e-05,0.0017372215864,0.33800617531,0.0002068027623,0.00055126129663,7.8116403699e-05,0.0026533877963
325.5,2.142182286e-05,3.5017468121e-05,4.8532771737e-05,1.6035809578e-05,1.8448339204e-05,9.4601642183e-06,2.755489563e-05,3.7257204388e-05,0.00053917636069,9.4600074302e-06,1.2088649714e-05,3.5986830289e-05,0.0051110355928,4.1602437835e-05,8.7310407535e-06,2.531039613e-05,0.00011737941011,1.0344879619e-05,9.3775049737e-06,8.0062546781e-05,3.8501012098e-05,0.0017193997112,0.33750095889,0.00020361840296,0.0005441277557,7.6711832983e-05,0.0026286330532
326.0,2.0960317832e-05,3.431210645e-05,4.7599486791e-05,1.567688322e-05,1.8042929536e-05,9.2337106333e-06,2.6981136879e-05,3.6513231122e-05,0.00053219343106,9.2335571333e-06,1.1808057496e-05,3.5264712816e-05,0.0050705107003,4.0784568672e-05,8.5199528756e-06,2.4777235452e-05,0.00011540396216,1.0099996403e-05,9.1527850324e-06,7.8632927149e-05,3.7735753082e-05,0.0017017844743,0.33699878721,0.00020048532098,0.0005370934693,7.5333172876e-05,0.0026041460041
326.5,2.0508843704e-05,3.3621159815e-05,4.6684488312e-05,1.5326038695e-05,1.7646494413e-05,9.0126852715e-06,2.6419464574e-05,3.5784341931e-05,0.00052530771326,9.0125349913e-06,1.1534000392e-05,3.4557301422e-05,0.0050303775135,3.9983048171e-05,8.3139722277e-06,2.4255425962e-05,0.00011346288061,9.8609222198e-06,8.933457262e-06,7.722951665e-05,3.6985944499e-05,0.0016843732369,0.33649963928,0.00019740265617,0.00053015696691,7.3979933626e-05,0.0025799234138
327.0,2.006718055e-05,3.2944329463e-05,4.5787411481e-05,1.4983092952e-05,1.7258833725e-05,8.7969578365e-06,2.5869621211e-05,3.5070226438e-05,0.00051851776653,8.7968107092e-06,1.1266325681e-05,3.3864292285e-05,0.0049906316929,3.9197544232e-05,8.112975149e-06,2.374472346e-05,0.00011155554879,9.62751898e-06,8.7193921083e-06,7.5851822647e-05,3.6251269644e-05,0.0016671633969,0.33600349431,0.00019436956333,0.00052331680104,7.2651634954e-05,0.0025559620897
327.5,1.9635113305e-05,3.2281322917e-05,4.4907898888e-05,1.4647867109e-05,1.6879751858e-05,8.5864011638e-06,2.5331354831e-05,3.4370580743e-05,0.0005118221727,8.5862571236e-06,1.1004884222e-05,3.3185387948e-05,0.0049512689528,3.8427731605e-05,7.9168409752e-06,2.324488905e-05,0.00010968136142,9.3996518854e-06,8.5104631337e-06,7.4499361983e-05,3.5531418403e-05,0.001650152388,0.33551033166,0.00019138521198,0.00051657154685,7.1347805867e-05,0.0025322588817
328.0,1.9212431663e-05,3.1631853844e-05,4.4045600374e-05,1.432018636e-05,1.6509057591e-05,8.3808911452e-06,2.48044189e-05,3.3685107289e-05,0.0005052195358,8.3807501281e-06,1.0749530372e-05,3.2520297184e-05,0.00491228506,3.7673291749e-05,7.7254519658e-06,2.2755689031e-05,0.00010783972436,9.1771893485e-06,8.3065469424e-06,7.3171660798e-05,3.4826087107e-05,0.0016333376796,0.33502013088,0.00018844878608,0.00050991980179,7.0067984475e-05,0.0025088106812
328.5,1.8798929963e-05,3.0995641923e-05,4.3200172882e-05,1.3999879881e-05,1.6146563994e-05,8.1803066557e-06,2.4288572194e-05,3.3013514725e-05,0.00049870848169,8.1801685986e-06,1.0500121902e-05,3.1868734864e-05,0.0048736758338,3.693391269e-05,7.538693233e-06,2.2276894775e-05,0.00010603005449,8.9600029155e-06,8.1075231068e-06,7.1868254344e-05,3.4134978401e-05,0.0016167167759,0.33453287169,0.00018555948379,0.00050336018522,6.8811717814e-05,0.0024856144204
329.0,1.839440709e-05,3.0372412716e-05,4.2371280315e-05,1.3686780736e-05,1.5792088333e-05,7.9845294811e-06,2.3783578683e-05,3.2355517777e-05,0.0004922876577,7.9843943224e-06,1.0256519917e-05,3.1230421828e-05,0.0048354371446,3.6209288888e-05,7.3564526727e-06,2.1808282623e-05,0.00010425177939,8.7479671925e-06,7.9132740966e-06,7.0588686808e-05,3.3457801111e-05,0.0016002872155,0.33404853396,0.00018271651718,0.00049689133805,6.7578561662e-05,0.0024626670722
329.5,1.7998666374e-05,2.9761897547e-05,4.1558593386e-05,1.3380725792e-05,1.5445451975e-05,7.7934442484e-06,2.3289207416e-05,3.1710837119e-05,0.00048595573229,7.7933119278e-06,1.0018588777e-05,3.0605084755e-05,0.0047975649138,3.5499121095e-05,7.1786208972e-06,2.134963377e-05,0.00010250433725,8.5409597717e-06,7.7236852083e-06,6.9332511134e-05,3.2794270111e-05,0.001584046571,0.33356709776,0.00017991911203,0.00049051192241,6.6368080377e-05,0.0024399656494
330.0,1.7611515489e-05,2.9163833373e-05,4.0761789483e-05,1.3081555629e-05,1.5106480296e-05,7.6069383574e-06,2.2805232409e-05,3.1079199244e-05,0.0004797113947,7.6068088158e-06,9.7861960221e-06,2.9992456044e-05,0.0047600551127,3.4803116231e-05,7.0050911689e-06,2.0900734162e-05,0.00010078717656,8.3388611603e-06,7.5386444976e-06,6.809928885e-05,3.2144106198e-05,0.0015679924483,0.33308854329,0.00017716650754,0.00048422062128,6.5179846717e-05,0.002417507204
330.5,1.7232766358e-05,2.8577962671e-05,3.9980552529e-05,1.2789114456e-05,1.4775002589e-05,7.4249019136e-06,2.2331432542e-05,3.0460336347e-05,0.0004735533546,7.4247750931e-06,9.5592122973e-06,2.9392273688e-05,0.004722903762,3.4120987247e-05,6.8357593363e-06,2.0461374392e-05,9.9099755994e-05,8.1415547114e-06,7.3580427129e-06,6.6888589903e-05,3.1507035966e-05,0.0015521224862,0.33261285094,0.00017445795611,0.00047801613813,6.4013441684e-05,0.0023952888266
331.0,1.6862235055e-05,2.8004033316e-05,3.9214572845e-05,1.2503250029e-05,1.4450851976e-05,7.2472276636e-06,2.186759145e-05,2.98539862e-05,0.00046748034176,7.2471035076e-06,9.337511278e-06,2.880428116e-05,0.0046861069311,3.3452453008e-05,6.6705237714e-06,2.0031349597e-05,9.7441544194e-05,7.9489265554e-06,7.18177323e-06,6.5699992491e-05,3.0882791683e-05,0.001536434356,0.33214000125,0.00017179272309,0.00047189719663,6.2868454352e-05,0.0023733076462
331.5,1.6499741717e-05,2.744179847e-05,3.8463547024e-05,1.2223813567e-05,1.4133865322e-05,7.0738109312e-06,2.141349742e-05,2.9259892035e-05,0.00046149110572,7.073689384e-06,9.1209696003e-06,2.8228227292e-05,0.0046496607376,3.2797238163e-05,6.5092853082e-06,1.9610459356e-05,9.5812019567e-05,7.7608655342e-06,7.0097319896e-06,6.4533082902e-05,3.0271111176e-05,0.001520925761,0.33166997492,0.00016917008656,0.00046586254029,6.1744481716e-05,0.0023515608293
332.0,1.6145110451e-05,2.6891016465e-05,3.7727177798e-05,1.1950659676e-05,1.382388315e-05,6.9045495554e-06,2.0968943289e-05,2.867780243e-05,0.00045558441546,6.9044305627e-06,8.9094667907e-06,2.7663866168e-05,0.0046135613463,3.2155073023e-05,6.3519471833e-06,1.9198507598e-05,9.4210670113e-05,7.5772631363e-06,6.8418174348e-06,6.3387455354e-05,2.9671737705e-05,0.0015055944358,0.33120275282,0.00016658933711,0.00045991093213,6.0641128532e-05,0.0023300455796
332.5,1.5798169246e-05,2.6351450697e-05,3.7005173911e-05,1.1683646268e-05,1.3520749558e-05,6.73934383e-06,2.0533726348e-05,2.8107471196e-05,0.00044975905912,6.7392273386e-06,8.7028851984e-06,2.7110957004e-05,0.0045778049689,3.152569345e-05,6.1984149775e-06,1.8795302503e-05,9.2636993241e-05,7.3980134339e-06,6.6779304512e-06,6.2262711843e-05,2.908441986e-05,0.0014904381463,0.33073831598,0.00016404977758,0.0004540411544,5.9558007165e-05,0.0023087591373
333.0,1.5458749887e-05,2.5822869517e-05,3.6297249998e-05,1.1422634489e-05,1.3224312139e-05,6.5780964445e-06,2.0107648241e-05,2.7548657263e-05,0.00044401384362,6.5779824022e-06,8.5011099286e-06,2.6569264047e-05,0.0045423878634,3.0908840734e-05,6.048596559e-06,1.8400656409e-05,9.1090495595e-05,7.2230130209e-06,6.5179743082e-06,6.1158461985e-05,2.850891144e-05,0.0014754546887,0.33027664555,0.00016155072288,0.0004482520082,5.8494737438e-05,0.0022876987789
333.5,1.5126687869e-05,2.5305046127e-05,3.5603126462e-05,1.1167488643e-05,1.2934421903e-05,6.4207124266e-06,1.9690514875e-05,2.7001124579e-05,0.0004383475944,6.4206007822e-06,8.3040287782e-06,2.6038556467e-05,0.0045073063331,3.0304261484e-05,5.9024020279e-06,1.8014385722e-05,8.9570692874e-05,7.0521609529e-06,6.3618546011e-06,6.0074322871e-05,2.7944971347e-05,0.0014606418893,0.32981772289,0.00015909149974,0.00044254231325,5.7450946487e-05,0.0022668618161
334.0,1.4801822317e-05,2.4797758475e-05,3.4922529358e-05,1.0918076119e-05,1.2650933196e-05,6.2670990854e-06,1.9282136323e-05,2.6464641998e-05,0.00043275915512,6.2669897891e-06,8.1115321722e-06,2.5518608247e-05,0.0044725567263,2.9711707512e-05,5.7597436623e-06,1.7636310829e-05,8.8077109663e-05,6.8853586885e-06,6.2094791957e-06,5.9009918919e-05,2.7392363478e-05,0.0014459976043,0.32936152947,0.00015667144653,0.00043691090752,5.6426268616e-05,0.0022462455958
334.5,1.4483995904e-05,2.4300789157e-05,3.425519027e-05,1.0674267323e-05,1.2373703632e-05,6.1171659574e-06,1.8882326739e-05,2.5938983178e-05,0.00042724738735,6.1170589601e-06,7.9235131021e-06,2.500919809e-05,0.0044381354358,2.9130935733e-05,5.6205358651e-06,1.7266256004e-05,8.6609279267e-05,6.7225100322e-06,6.0607581732e-06,5.7964881732e-05,2.6850856623e-05,0.0014315197189,0.32890804693,0.00015428991302,0.00043135664697,5.5420345158e-05,0.0022258474996
335.0,1.4173054771e-05,2.3813925316e-05,3.3600846208e-05,1.0435935605e-05,1.2102594009e-05,5.970824752e-06,1.8490904264e-05,2.5423926481e-05,0.00042181117025,5.9707200057e-06,7.7398670654e-06,2.4510109312e-05,0.0044040388979,2.856170805e-05,5.4846951129e-06,1.6904049331e-05,8.5166743547e-05,6.5635210778e-06,5.915603777e-06,5.6938849956e-05,2.6320224356e-05,0.0014172061473,0.32845725705,0.00015194626022,0.00042587840525,5.4432824334e-05,0.0022056649431
335.5,1.3868848451e-05,2.3336958547e-05,3.2959239486e-05,1.0202957197e-05,1.1837468248e-05,5.8279892999e-06,1.8107690941e-05,2.4919254874e-05,0.00041644940035,5.8278867576e-06,7.560492007e-06,2.4021129749e-05,0.0043702635923,2.8003791253e-05,5.3521399054e-06,1.6549522617e-05,8.3749052754e-05,6.4083001545e-06,5.7739303606e-06,5.593146914e-05,2.580024494e-05,0.001403054832,0.32800914178,0.00014963986013,0.0004204750734,5.3463361119e-05,0.0021856953753
336.0,1.3571229795e-05,2.2869684801e-05,3.2330117621e-05,9.9752111422e-06,1.1578193315e-05,5.6885755018e-06,1.7732512633e-05,2.442475583e-05,0.00041116099121,5.6884751175e-06,7.3852882613e-06,2.3542051659e-05,0.0043368060412,2.7456956919e-05,5.2227907167e-06,1.6202511307e-05,8.2355765376e-05,6.2567577733e-06,5.6356543369e-06,5.4942391607e-05,2.5290701226e-05,0.0013890637434,0.32756368319,0.00014737009557,0.00041514555958,5.2511617112e-05,0.0021659362786
336.5,1.3280054895e-05,2.2411904295e-05,3.1713233223e-05,9.7525792339e-06,1.1324639155e-05,5.5525012783e-06,1.7365198938e-05,2.3940221237e-05,0.00040594487316,5.552403007e-06,7.2141584966e-06,2.3072671629e-05,0.0043036628087,2.6920981312e-05,5.0965699472e-06,1.5862854413e-05,8.0986447981e-05,6.1088065748e-06,5.5006941286e-06,5.3971276317e-05,2.4791380558e-05,0.0013752308796,0.32712086351,0.00014513635998,0.0004098887888,5.15772604e-05,0.0021463851678
337.0,1.2995183014e-05,2.1963421422e-05,3.1108343888e-05,9.5349459509e-06,1.1076678624e-05,5.4196865222e-06,1.7005583106e-05,2.3465447298e-05,0.00040079999304,5.4195903197e-06,7.0470076595e-06,2.2612790485e-05,0.0042708305006,2.6395645281e-05,4.9734018767e-06,1.5530394428e-05,7.9640675064e-05,5.9643612786e-06,5.3689701196e-06,5.3017788737e-05,2.4302074677e-05,0.0013615542657,0.32668066512,0.00014293805725,0.00040470370263,5.0659965437e-05,0.0021270395902
337.5,1.2716476517e-05,2.1524044658e-05,3.0515212101e-05,9.3221983969e-06,1.0834187426e-05,5.29005305e-06,1.6653501964e-05,2.3000234449e-05,0.00039572531392,5.2899588731e-06,6.8837429224e-06,2.2162213199e-05,0.0042383057635,2.5880734171e-05,4.8532126195e-06,1.5204977254e-05,7.8318028902e-05,5.8233386338e-06,5.2404046082e-06,5.2081600717e-05,2.3822579631e-05,0.0013480319538,0.32624307053,0.00014077460149,0.00039958925892,4.9759412915e-05,0.0021078971245
338.0,1.2443800797e-05,2.1093586482e-05,2.9933605132e-05,9.1142262404e-06,1.0597044045e-05,5.1635245563e-06,1.6308795837e-05,2.2544387262e-05,0.00039071981484,5.1634323627e-06,6.7242736302e-06,2.1720748807e-05,0.0042060852844,2.5376037724e-05,4.7359300791e-06,1.4886452125e-05,7.7018099402e-05,5.6856573703e-06,5.1149217604e-06,5.1162390364e-05,2.3352695681e-05,0.0013346620221,0.3258080624,0.00013864541691,0.00039454443158,4.8875289645e-05,0.0020889553809
338.5,1.2177024215e-05,2.0671863285e-05,2.936329494e-05,8.910921656e-06,1.0365129684e-05,5.0400265686e-06,1.5971308471e-05,2.2097714365e-05,0.00038578249053,5.0399363168e-06,6.5685112499e-06,2.1288210317e-05,0.0041741657901,2.4881349991e-05,4.6214839057e-06,1.4574671539e-05,7.5740483961e-05,5.551238152e-06,4.9924475657e-06,5.025984192e-05,2.2892227218e-05,0.0013214425749,0.32537562353,0.00013654993758,0.00038956821028,4.8007288433e-05,0.0020702120006
339.0,1.1916018027e-05,2.0258695292e-05,2.8804058075e-05,8.7121792671e-06,1.0138328206e-05,4.9194864027e-06,1.5640886958e-05,2.166002835e-05,0.00038091235122,4.9193980522e-06,6.4163693206e-06,2.0864414629e-05,0.0041425440467,2.439646924e-05,4.509805453e-06,1.4269491179e-05,7.4484787324e-05,5.4200035302e-06,4.8729097925e-06,4.9373645641e-05,2.2440982672e-05,0.0013083717422,0.32494573684,0.00013448760727,0.0003846596002,4.7155107967e-05,0.0020516646548
339.5,1.1660656324e-05,1.9853906478e-05,2.8255675585e-05,8.5178960902e-06,9.916526069e-06,4.8018331204e-06,1.5317381668e-05,2.1231145694e-05,0.00037610842231,4.8017466314e-06,6.2677634049e-06,2.0449182454e-05,0.0041112168594,2.392119787e-05,4.4008277376e-06,1.3970769852e-05,7.3250621449e-05,5.2918778991e-06,4.7562379458e-06,4.8503497681e-05,2.1998774429e-05,0.0012954476793,0.32451838543,0.00013245787933,0.00037981762181,4.6318452698e-05,0.0020333110452
340.0,1.141081597e-05,1.9457324492e-05,2.7717932925e-05,8.3279714799e-06,9.6996122726e-06,4.6869974871e-06,1.5000646172e-05,2.0810886678e-05,0.00037136974417,4.6869128206e-06,6.1226110412e-06,2.004233823e-05,0.0040801810713,2.3455342324e-05,4.2944853983e-06,1.3678369414e-05,7.2037605368e-05,5.1667874514e-06,4.642363225e-06,4.7649099979e-05,2.1565418748e-05,0.001282668566,0.32409355249,0.00013046021643,0.00037504131057,4.5497032731e-05,0.0020151489027
340.5,1.1166376534e-05,1.9068780575e-05,2.7190619865e-05,8.1423070759e-06,9.4874782978e-06,4.5749119307e-06,1.469053718e-05,2.0399075302e-05,0.00036669537189,4.5748290487e-06,5.9808316975e-06,1.9643710044e-05,0.0040494335635,2.2998713007e-05,4.190714657e-06,1.3392154706e-05,7.0845365056e-05,5.0446601357e-06,4.5312184835e-06,4.6810160142e-05,2.114073568e-05,0.0012700326071,0.32367122138,0.00012849409048,0.00037032971675,4.4690563712e-05,0.0019971759877
341.0,1.0927220239e-05,1.8688109486e-05,2.6673530402e-05,7.9608067505e-06,9.2800180521e-06,4.465510502e-06,1.4386914464e-05,1.9995539214e-05,0.00036208437505,4.4654293671e-06,5.8423467259e-06,1.9253129559e-05,0.0040189712543,2.25511242e-05,4.0894532801e-06,1.311199349e-05,6.9673533301e-05,4.9254256146e-06,4.4227381885e-06,4.598639134e-05,2.0724548988e-05,0.0012575380312,0.32325137557,0.0001265589824,0.00036568190514,4.3898766718e-05,0.001979390089
341.5,1.0693231896e-05,1.831514943e-05,2.6166462675e-05,7.7833765577e-06,9.0771278146e-06,4.3587288354e-06,1.4089640801e-05,1.9600109626e-05,0.00035753583746,4.3586494112e-06,5.7070793188e-06,1.8870431935e-05,0.003988791099,2.2112393983e-05,3.9906405412e-06,1.2837756385e-05,6.8521749577e-05,4.8090152238e-06,4.3168583825e-06,4.5177512191e-05,2.031668607e-05,0.001245183091,0.32283399867,0.000124654382,0.00036109695483,4.3121368156e-05,0.001961789024
342.0,1.0464298849e-05,1.7949741982e-05,2.5669218878e-05,7.6099246835e-06,8.8787061829e-06,4.254504111e-06,1.3798581902e-05,1.9212621245e-05,0.00035304885697,4.2544263616e-06,5.574954465e-06,1.8495455753e-05,0.003958890089,2.1682344154e-05,3.8942171848e-06,1.2569316801e-05,6.7389659916e-05,4.6953619323e-06,4.2135166451e-06,4.4383246663e-05,1.9916977884e-05,0.0012329660623,0.32241907444,0.00012277978782,0.00035657395902,4.2358099655e-05,0.0019443706382
342.5,1.0240310921e-05,1.7591732016e-05,2.518160518e-05,7.4403613973e-06,8.6846540204e-06,4.1527750173e-06,1.3513606349e-05,1.8832912197e-05,0.00034862254519,4.1526989076e-06,5.4458989083e-06,1.8128042951e-05,0.0039292652518,2.1260800153e-05,3.8001253901e-06,1.2306550883e-05,6.6276916789e-05,4.5844003033e-06,4.1126520564e-06,4.3603323963e-05,1.9525258869e-05,0.0012208852444,0.32200658673,0.00012093470694,0.00035211202472,4.1608697964e-05,0.0019271328044
343.0,1.0021160354e-05,1.7240967637e-05,2.4703431641e-05,7.274599004e-06,8.4948744059e-06,4.0534817149e-06,1.3234585535e-05,1.8460823955e-05,0.00034425602734,4.0534072106e-06,5.3198411058e-06,1.7768038746e-05,0.0038999136498,2.0847590986e-05,3.7083087369e-06,1.2049337449e-05,6.5183178983e-05,4.4760664562e-06,4.0142051604e-06,4.2837478439e-05,1.9141366881e-05,0.0012089389592,0.32159651956,0.00011911865488,0.00034771027259,4.0872904855e-05,0.0019100734227
343.5,9.8067417604e-06,1.6897300114e-05,2.4234512135e-05,7.1125517979e-06,8.3092725834e-06,3.9565658013e-06,1.2961393603e-05,1.8096201271e-05,0.00033994844197,3.9564928688e-06,5.1967111876e-06,1.7415291568e-05,0.003870832381,2.0442549151e-05,3.6187121709e-06,1.1797557932e-05,6.4108111485e-05,4.3702980301e-06,3.91811793e-06,4.208544948e-05,1.876514311e-05,0.0011971255511,0.32118885704,0.00011733115541,0.00034336783668,4.015046702e-05,0.0018931904202
344.0,9.5969520683e-06,1.6560583808e-05,2.3774664268e-05,6.9541360172e-06,8.1277559135e-06,3.8619702761e-06,1.2693907386e-05,1.7738892104e-05,0.00033569894076,3.8618988824e-06,5.0764409182e-06,1.706965299e-05,0.0038420185773,2.0045510567e-05,3.5312819713e-06,1.1551096322e-05,6.3051385365e-05,4.2670341465e-06,3.8243337328e-06,4.1346981417e-05,1.839643202e-05,0.0011854433867,0.32078358345,0.00011557174044,0.00033908386426,3.9441135983e-05,0.0018764817501
344.5,9.3916904698e-06,1.6230676113e-05,2.3323709308e-05,6.7992697996e-06,7.9502338256e-06,3.7696395075e-06,1.2432006348e-05,1.7388747556e-05,0.00033150668833,3.7695696204e-06,4.9589636575e-06,1.6730977668e-05,0.0038134694048,1.9656314499e-05,3.4459657181e-06,1.1309839112e-05,6.201267766e-05,4.1662153749e-06,3.7327972971e-06,4.0621823426e-05,1.8035081276e-05,0.0011738908544,0.32038068315,0.00011383994982,0.00033485751554,3.8744667996e-05,0.0018599453921
345.0,9.1908583715e-06,1.5907437388e-05,2.2881472106e-05,6.6478731392e-06,7.7766177718e-06,3.6795191992e-06,1.2175572528e-05,1.7045621803e-05,0.00032737086202,3.6794507873e-06,4.8442143236e-06,1.6399123267e-05,0.0037851820633,1.9274803492e-05,3.3627122606e-06,1.1073675244e-05,6.0991671269e-05,4.0677836981e-06,3.6434546798e-06,3.9909729438e-05,1.7680941679e-05,0.001162466364,0.31998014065,0.00011213533128,0.00033068796354,3.8060823955e-05,0.0018435793514
345.5,8.9943593451e-06,1.5590730895e-05,2.2447781022e-05,6.4998678437e-06,7.6068211808e-06,3.5915563587e-06,1.1924490484e-05,1.6709372035e-05,0.00032329065169,3.5914893909e-06,4.7321293562e-06,1.6073950407e-05,0.0037571537855,1.8900823306e-05,3.2814716869e-06,1.0842496053e-05,5.9988054836e-05,3.9716824781e-06,3.5562532337e-06,3.9210458043e-05,1.7333867098e-05,0.0011511683466,0.31958194057,0.0001104574402,0.00032657439384,3.7389369305e-05,0.0018273816585
346.0,8.8020990799e-06,1.528042274e-05,2.2022467859e-05,6.3551774935e-06,7.440759414e-06,3.5056992653e-06,1.167864724e-05,1.6379858387e-05,0.0003192652595,3.5056337114e-06,4.622646681e-06,1.5755322593e-05,0.0037293818371,1.8534222841e-05,3.2021952934e-06,1.0616195216e-05,5.9001522649e-05,3.8778564237e-06,3.4711415768e-06,3.85237724e-05,1.6993714409e-05,0.0011399952543,0.31918606768,0.00010880583956,0.00032251600437,3.6730073955e-05,0.0018113503691
346.5,8.6139853355e-06,1.497638181e-05,2.1605367785e-05,6.2137274012e-06,7.2783497218e-06,3.4218974401e-06,1.1437932232e-05,1.6056943882e-05,0.00031529389974,3.4218332705e-06,4.5157056748e-06,1.5443106161e-05,0.0037018635158,1.8174854079e-05,3.1248355561e-06,1.0394668702e-05,5.8031774531e-05,3.7862515582e-06,3.3880695617e-06,3.7849440152e-05,1.666034343e-05,0.0011289455596,0.31879250683,0.00010718009974,0.00031851200524,3.6082712186e-05,0.0017954835636
347.0,8.4299278962e-06,1.4678479718e-05,2.1196319273e-05,6.0754445718e-06,7.1195112012e-06,3.3401016159e-06,1.1202237255e-05,1.574049437e-05,0.00031137579861,3.3400388015e-06,4.4112471315e-06,1.5137170213e-05,0.0036745961512,1.7822572019e-05,3.0493461016e-06,1.0177814721e-05,5.707851574e-05,3.6968151881e-06,3.306988246e-06,3.7187233335e-05,1.6333616861e-05,0.0011180177555,0.31840124301,0.00010557979844,0.00031456161854,3.5447062572e-05,0.0017797793464
347.5,8.2498385259e-06,1.4386590742e-05,2.0795164025e-05,5.9402576646e-06,6.9641647543e-06,3.2602637081e-06,1.0971456411e-05,1.5430378467e-05,0.00030751019407,3.2602022205e-06,4.3092132288e-06,1.4837386564e-05,0.0036475771046,1.7477234613e-05,2.9756816791e-06,9.9655336765e-06,5.6141456865e-05,3.6094958727e-06,3.2278498632e-06,3.6536928295e-05,1.6013400223e-05,0.0011072103549,0.31801226134,0.00010400452051,0.00031066407813,3.4822907893e-05,0.0017642358464
348.0,8.0736309245e-06,1.4100591771e-05,2.0401746914e-05,5.8080969549e-06,6.8122330476e-06,3.1823367863e-06,1.0745486064e-05,1.5126467497e-05,0.00030369633561,3.1822765977e-06,4.2095474956e-06,1.4543629679e-05,0.0036208037681,1.7138702704e-05,2.9037981339e-06,9.7577281162e-06,5.5220313728e-05,3.524243394e-06,3.1506077944e-06,3.5898305604e-05,1.56995618e-05,0.0010965218904,0.31762554702,0.00010245385785,0.0003068186295,3.4210035051e-05,0.0017488512159
348.5,7.9012206853e-06,1.382036225e-05,2.0015915914e-05,5.6788942979e-06,6.6636404726e-06,3.1062750465e-06,1.0524224787e-05,1.4828635439e-05,0.00029993348407,3.1062161297e-06,4.1121947806e-06,1.4255776625e-05,0.0035942735645,1.6806839969e-05,2.83365238e-06,9.5543026861e-06,5.4314807287e-05,3.4410087277e-06,3.0752165407e-06,3.527114998e-05,1.5391972582e-05,0.0010859509142,0.31724108541,0.00010092740929,0.0003030245295,3.3608234997e-05,0.0017336236305
349.0,7.7325252524e-06,1.3545784125e-05,1.9637522039e-05,5.552583092e-06,6.518313107e-06,3.0320337842e-06,1.0307573315e-05,1.4536758865e-05,0.00029622091149,3.0319761125e-06,4.0171012212e-06,1.3973707008e-05,0.0035679839468,1.6481512861e-05,2.7652023747e-06,9.3551640849e-06,5.3424663541e-05,3.3597440148e-06,3.0016316964e-06,3.4655250203e-05,1.5090506205e-05,0.0010754959975,0.31685886196,9.9424780427e-05,0.00029928104625,3.3017302646e-05,0.0017185512889
349.5,7.5674638807e-06,1.3276741792e-05,1.9266419283e-05,5.4290982443e-06,6.3761786767e-06,2.9595693677e-06,1.00954345e-05,1.4250716894e-05,0.00029255790091,2.9595129149e-06,3.9242142136e-06,1.3697302927e-05,0.0035419323979,1.6162590547e-05,2.6984070934e-06,9.1602210193e-06,5.2549613434e-05,3.2804025337e-06,2.9298099226e-06,3.4050399042e-05,1.47950389e-05,0.0010651557304,0.31647886224,9.7945583566e-05,0.0002955874589,3.2437036803e-05,0.0017036324127
350.0,7.405957595e-06,1.3013122045e-05,1.8902464555e-05,5.3083761355e-06,6.2371665188e-06,2.8888392125e-06,9.8877132641e-06,1.3970391132e-05,0.00028894374621,2.8887839531e-06,3.8334823824e-06,1.3426448919e-05,0.0035161164304,1.5849944856e-05,2.6332265043e-06,8.9693841603e-06,5.1689392765e-05,3.2029386733e-06,2.8597089213e-06,3.3456393172e-05,1.4505449438e-05,0.0010549287219,0.31610107192,9.6489437555e-05,0.00029194305748,3.1867240086e-05,0.0016888652455
350.5,7.2479291514e-06,1.2754814023e-05,1.8545517625e-05,5.190354587e-06,6.1012075454e-06,2.8198017561e-06,9.6843165545e-06,1.3695665623e-05,0.00028537775189,2.819747665e-06,3.7448555531e-06,1.3161031905e-05,0.0034905335855,1.5543450222e-05,2.5696215453e-06,8.7825661006e-06,5.08437421e-05,3.1273079065e-06,2.791287411e-06,3.2873033103e-05,1.4221619076e-05,0.001044813599,0.31572547679,9.5055967695e-05,0.00028834714273,3.1307718853e-05,0.0016742480535
351.0,7.0933029987e-06,1.2501709165e-05,1.8195441059e-05,5.0749728277e-06,5.9682342087e-06,2.7524164335e-06,9.4851533012e-06,1.3426426798e-05,0.00028185923297,2.7523634862e-06,3.6582847227e-06,1.2900941144e-05,0.0034651814336,1.5242983633e-05,2.5075540996e-06,8.5996813127e-06,5.0012406678e-05,3.0534667642e-06,2.7245051014e-06,3.2300123105e-05,1.3943431506e-05,0.0010348090071,0.31535206278,9.3644805615e-05,0.00028479902592,3.0758283131e-05,0.0016597791242
351.5,6.9420052414e-06,1.225370116e-05,1.7852100171e-05,4.9621714622e-06,5.8381804657e-06,2.6866436531e-06,9.2901343735e-06,1.3162563424e-05,0.00027838751477,2.6865918255e-06,3.5737220331e-06,1.2646068184e-05,0.0034400575732,1.4948424574e-05,2.4469869734e-06,8.4206461083e-06,4.9195136329e-05,2.9813728105e-06,2.6593226704e-06,3.1737471134e-05,1.3670772803e-05,0.0010249136093,0.31498081587,9.2255589168e-05,0.00028129802866,3.0218746542e-05,0.0016454567671
352.0,6.7939636026e-06,1.2010685898e-05,1.751536296e-05,4.8518924393e-06,5.710981745e-06,2.6224447734e-06,9.0991725384e-06,1.2903966558e-05,0.00027496193279,2.622394042e-06,3.491120744e-06,1.2396306811e-05,0.0034151596308,1.465965498e-05,2.3878838732e-06,8.245378598e-06,4.8391685388e-05,2.9109846177e-06,2.5957017401e-06,3.1184888763e-05,1.3403531379e-05,0.0010151260862,0.31461172221,9.0887962317e-05,0.0002778434828,2.9688926236e-05,0.0016312793124
352.5,6.6491073886e-06,1.1772561426e-05,1.7185100057e-05,4.7440790214e-06,5.5865749134e-06,2.5597820801e-06,8.9121824197e-06,1.2650529494e-05,0.0002715818325,2.5597324219e-06,3.4104352065e-06,1.2151553004e-05,0.0033904852606,1.4376559181e-05,2.3302093841e-06,8.0737986526e-06,4.7601812612e-05,2.8422617423e-06,2.5336048545e-06,3.0642191109e-05,1.314159793e-05,0.001005445136,0.31424476801,8.9541575033e-05,0.00027443473021,2.9168642819e-05,0.0016172451116
353.0,6.5073674538e-06,1.1539227902e-05,1.6861184676e-05,4.6386757548e-06,5.4648982439e-06,2.4986187638e-06,8.729080458e-06,1.2402147723e-05,0.00026824656921,2.4985701563e-06,3.3316208379e-06,1.1911704891e-05,0.003366032144,1.4099023857e-05,2.2739289487e-06,7.9058278646e-06,4.6825281094e-05,2.7751647019e-06,2.4729954574e-06,3.0109196771e-05,1.2884865392e-05,0.00099586947374,0.31387993961,8.8216083185e-05,0.00027107112263,2.865772029e-05,0.0016033525367
353.5,6.3686761667e-06,1.131058755e-05,1.6543492555e-05,4.53562844e-06,5.3458913842e-06,2.4389188985e-06,8.5497848719e-06,1.2158718882e-05,0.00026495550794,2.4388713196e-06,3.2546340963e-06,1.1676662699e-05,0.0033417979895,1.3826937986e-05,2.219008846e-06,7.741389511e-06,4.6061858188e-05,2.7096549522e-06,2.4138378704e-06,2.9585727755e-05,1.2633228891e-05,0.00098639783156,0.31351722346,8.6911148442e-05,0.00026775202155,2.8155985976e-05,0.00158959998
354.0,6.2329673761e-06,1.1086544619e-05,1.6231901911e-05,4.434884104e-06,5.2294953254e-06,2.3806474201e-06,8.3742156194e-06,1.1920142711e-05,0.0002617080232,2.3806008481e-06,3.1794324565e-06,1.1446328716e-05,0.003317780532,1.3560192798e-05,2.1654161713e-06,7.5804085168e-06,4.531131543e-05,2.6456948644e-06,2.3560972721e-06,2.9071609414e-05,1.2386585702e-05,0.00097702895806,0.3131566061,8.5626438167e-05,0.00026447679801,2.7663270463e-05,0.0015759858541
354.5,6.1001763786e-06,1.0867005336e-05,1.5926293383e-05,4.3363909714e-06,5.1156523726e-06,2.3237701057e-06,8.2022943606e-06,1.1686321011e-05,0.00025850349889,2.3237245196e-06,3.1059743864e-06,1.1220607242e-05,0.0032939775327,1.3298681731e-05,2.1131188165e-06,7.4228114189e-06,4.4573428456e-05,2.5832477037e-06,2.2997396772e-06,2.8566670382e-05,1.2144835201e-05,0.00096776161827,0.31279807418,8.4361625319e-05,0.00026124483247,2.7179407537e-05,0.0015625085911
355.0,5.9702398869e-06,1.0651877869e-05,1.562654999e-05,4.2400984381e-06,5.0043061149e-06,2.2682535537e-06,8.0339444213e-06,1.1457157598e-05,0.00025534132816,2.2682089326e-06,3.034219323e-06,1.0999404553e-05,0.0032703867786,1.3042300379e-05,2.0620854506e-06,7.2685263314e-06,4.384797693e-05,2.5222776079e-06,2.2447319168e-06,2.8070742512e-05,1.1907878822e-05,0.00095859459339,0.31244161446,8.3116388359e-05,0.00025805551467,2.670423412e-05,0.0015491666428
355.5,5.843095998e-06,1.0441072285e-05,1.5332557078e-05,4.1459570438e-06,4.8954013967e-06,2.2140651635e-06,7.869090757e-06,1.1232558261e-05,0.00025222091322,2.2140214872e-06,2.9641276506e-06,1.0782628854e-05,0.0032470060827,1.2790946457e-05,2.0122855012e-06,7.1174829116e-06,4.3134744469e-05,2.4627495667e-06,2.1910416184e-06,2.7583660811e-05,1.1675620014e-05,0.00094952668052,0.31208721378,8.1890411148e-05,0.00025490824347,2.623759021e-05,0.0015359584804
356.0,5.7186841632e-06,1.0234500509e-05,1.5044202276e-05,4.0539184468e-06,4.7888842897e-06,2.161173117e-06,7.7076599178e-06,1.1012430726e-05,0.00024914166523,2.1611303656e-06,2.8956606778e-06,1.0570190243e-05,0.0032238332827,1.2544519748e-05,1.9636891356e-06,6.9696123262e-06,4.2433518571e-05,2.4046294013e-06,2.1386371869e-06,2.7105263383e-05,1.14479642e-05,0.00094055669249,0.3117348591,8.0683382858e-05,0.00025180242671,2.5779318825e-05,0.0015228825938
356.5,5.5969451579e-06,1.0032076286e-05,1.4761375446e-05,3.9639353977e-06,4.6847020654e-06,2.109546359e-06,7.5495800143e-06,1.0796684608e-05,0.00024610300414,2.1095045131e-06,2.8287806164e-06,1.036200067e-05,0.0032008662415,1.2302922067e-05,1.9162672435e-06,6.8248472184e-06,4.1744090541e-05,2.3478837446e-06,2.0874877859e-06,2.6635391368e-05,1.1224818738e-05,0.00093168345759,0.31138453749,7.9494997877e-05,0.00024873748108,2.5329265937e-05,0.001509937492
357.0,5.4778210526e-06,9.8337151443e-06,1.4483968641e-05,3.8759617155e-06,4.582803168e-06,2.0591545797e-06,7.3947806842e-06,1.0585231379e-05,0.00024310435857,2.0591136201e-06,2.7634505601e-06,1.0157973897e-05,0.0031781028468,1.2066057215e-05,1.869991419e-06,6.6831216766e-06,4.1066255422e-05,2.2924800223e-06,2.0375633195e-06,2.6173888882e-05,1.1006092875e-05,0.00092290581941,0.31103623609,7.8324955718e-05,0.00024571283195,2.4887280425e-05,0.0014971217023
357.5,5.361255184e-06,9.6393343541e-06,1.4211876061e-05,3.7899522626e-06,4.4831371885e-06,2.0099681959e-06,7.2431930592e-06,1.0377984323e-05,0.00024014516567,2.0099281041e-06,2.6996344638e-06,9.9580254615e-06,0.0031555410103,1.1833830943e-05,1.8248339439e-06,6.5443712024e-06,4.0399811927e-05,2.2383864332e-06,1.9888344143e-06,2.5720602964e-05,1.0791697716e-05,0.00091422263656,0.31068994216,7.7172960931e-05,0.00024272791328,2.445321401e-05,0.0014844337702
358.0,5.2471921275e-06,9.4488528954e-06,1.3944994005e-05,3.7058629212e-06,4.3856548387e-06,1.9619583344e-06,7.094749733e-06,1.0174858504e-05,0.00023722487098,1.9619190921e-06,2.6372971233e-06,9.7620726395e-06,0.0031331786678,1.1606150906e-05,1.7807677707e-06,6.4085326804e-06,3.974456237e-05,2.1855719316e-06,1.9412724025e-06,2.5275383516e-05,1.0581546176e-05,0.00090563278251,0.31034564305,7.6038723016e-05,0.00023978216743,2.4026921205e-05,0.0014718722595
358.5,5.1355776697e-06,9.2621914199e-06,1.3683220835e-05,3.6236505705e-06,4.2903079261e-06,1.9150968144e-06,6.9493847303e-06,9.9757707252e-06,0.00023434292828,1.9150584038e-06,2.5764041561e-06,9.570034409e-06,0.0031110137789,1.1382926628e-05,1.7377665067e-06,6.2755443479e-06,3.91003126e-05,2.1340062091e-06,1.8948493042e-06,2.483808325e-05,1.0375552952e-05,0.00089713514535,0.3100033262,7.4921956335e-05,0.00023687504507,2.360825926e-05,0.0014594357514
359.0,5.0263587815e-06,9.0792722167e-06,1.342645693e-05,3.5432730636e-06,4.1970493297e-06,1.8693561311e-06,6.8070334754e-06,9.780639494e-06,0.0002314987995,1.8693185345e-06,2.5169219815e-06,9.3818314143e-06,0.0030890443265,1.1164069463e-05,1.6958043979e-06,6.1453457662e-06,3.8466871938e-05,2.0836596767e-06,1.8495378116e-06,2.4408557635e-05,1.0173634478e-05,0.00088872862762,0.30966297915,7.3822380028e-05,0.00023400600506,2.3197088112e-05,0.001447122845
359.5,4.9194835926e-06,8.9000191778e-06,1.3174604647e-05,3.4646892057e-06,4.1058329756e-06,1.8247094392e-06,6.6676327628e-06,9.5893849868e-06,0.00022869195457,1.8246726396e-06,2.4588178023e-06,9.1973859315e-06,0.0030672683166,1.0949492556e-05,1.6548563136e-06,6.0178777911e-06,3.784405311e-05,2.0345034482e-06,1.8053112723e-06,2.3986664841e-05,9.9757088962e-06,0.00088041214606,0.30932458955,7.2739717933e-05,0.00023117451425,2.2793270327e-05,0.0014349321564
360.0,4.8149013651e-06,8.7243577646e-06,1.2927568279e-05,3.3878587322e-06,4.0166138138e-06,1.7811305376e-06,6.5311207275e-06,9.401929014e-06,0.00022592187128,1.7810945181e-06,2.4020595864e-06,9.0166218341e-06,0.0030456837781,1.0739110807e-05,1.6148977314e-06,5.8930825456e-06,3.7231672186e-05,1.986509323e-06,1.7621436739e-06,2.3572265692e-05,9.7816960155e-06,0.00087218463147,0.30898814512,7.1673698501e-05,0.00022838004745,2.2396671057e-05,0.0014228623189
360.5,4.7125624695e-06,8.5522149755e-06,1.2685254018e-05,3.3127422878e-06,3.9293477952e-06,1.7385938532e-06,6.3974368163e-06,9.2181949865e-06,0.0002231880352,1.7385585974e-06,2.3466160488e-06,8.8394645604e-06,0.0030242887623,1.0532840836e-05,1.5759047221e-06,5.7709033921e-06,3.6629548519e-05,1.9396497702e-06,1.7200096284e-06,2.316522361e-05,9.5915172806e-06,0.00086404502847,0.30865363369,7.0624054716e-05,0.00022562208723,2.2007157983e-05,0.0014109119825
361.0,4.6124183596e-06,8.3835193133e-06,1.2447569918e-05,3.2393014057e-06,3.8439918493e-06,1.6970744264e-06,6.2665217598e-06,9.0381078819e-06,0.00022048993951,1.6970399183e-06,2.292456634e-06,8.6658410803e-06,0.0030030813429,1.0330600947e-05,1.537853936e-06,5.6512849057e-06,3.6037504683e-05,1.8938979124e-06,1.6788843573e-06,2.2765404569e-05,9.4050957371e-06,0.0008559922953,0.30832104318,6.959052402e-05,0.00022290012384,2.1624601274e-05,0.0013990798141
361.5,4.5144215489e-06,8.2182007538e-06,1.2214425853e-05,3.1674984875e-06,3.7605038623e-06,1.6565478962e-06,6.1383175445e-06,8.8615942124e-06,0.00021782708491,1.6565141201e-06,2.2395514992e-06,8.4956798633e-06,0.0029820596154,1.0132311091e-05,1.5007225882e-06,5.5341728481e-06,3.5455366417e-05,1.8492275103e-06,1.638743677e-06,2.2372677046e-05,9.2223559985e-06,0.00084802540368,0.30799036158,6.8572848234e-05,0.00022021365508,2.1248873532e-05,0.0013873644968
362.0,4.4185255871e-06,8.0561907153e-06,1.1985733483e-05,3.0972967834e-06,3.6788426554e-06,1.6169904858e-06,6.0127673866e-06,8.6885819929e-06,0.0002151989795,1.6169574261e-06,2.1878714974e-06,8.3289108481e-06,0.002961221697,9.9378928379e-06,1.4644884454e-06,5.4195141417e-06,3.4882962563e-05,1.8056129474e-06,1.5995639843e-06,2.198691197e-05,9.0432242138e-06,0.00084014333859,0.307661577,6.757077348e-05,0.00021756218617,2.087984975e-05,0.0013757647298
362.5,4.3246850378e-06,7.8974220286e-06,1.1761406219e-05,3.028660373e-06,3.5989679644e-06,1.5783789885e-06,5.8898157048e-06,8.5190007098e-06,0.00021260513865,1.5783466301e-06,2.1373881614e-06,8.165465411e-06,0.0029405657265,9.7472693371e-06,1.429129812e-06,5.3072568445e-06,3.4320125013e-05,1.7630292153e-06,1.5613222425e-06,2.1607982681e-05,8.8676280357e-06,0.00083234509808,0.30733467762,6.658405011e-05,0.00021494522965,2.0517407265e-05,0.0013642792283
363.0,4.2328554556e-06,7.7418289069e-06,1.1541359187e-05,2.9615541465e-06,3.5208404188e-06,1.5406907539e-06,5.7694080953e-06,8.3527812903e-06,0.00021004508491,1.5406590822e-06,2.0880736874e-06,8.0052763366e-06,0.0029200898636,9.5603652893e-06,1.3946255177e-06,5.1973501258e-06,3.376668865e-05,1.7214518991e-06,1.523995968e-06,2.1235764876e-05,8.6954965896e-06,0.00082462969309,0.30700965173,6.561243263e-05,0.00021236230526,2.0161425712e-05,0.0013529067233
363.5,4.1429933644e-06,7.5893469176e-06,1.1325509191e-05,2.8959437863e-06,3.444421522e-06,1.5039036751e-06,5.651491306e-06,8.1898560729e-06,0.00020751834786,1.5038726755e-06,2.0399009201e-06,7.8482777884e-06,0.0028997922891,9.377106913e-06,1.3609549045e-06,5.0897442421e-06,3.3222491294e-05,1.6808571635e-06,1.4875632169e-06,2.0870136573e-05,8.5267604431e-06,0.00081699614731,0.30668648768,6.4655679632e-05,0.00020981293983,1.981178698e-05,0.0013416459614
364.0,4.0550562365e-06,7.4399129536e-06,1.1113774683e-05,2.8317957489e-06,3.3696736319e-06,1.467996175e-06,5.5360132122e-06,8.0301587778e-06,0.00020502446406,1.4679658333e-06,1.992843337e-06,7.6944052802e-06,0.0028796712044,9.197421914e-06,1.3280978142e-06,4.9843905134e-06,3.2687373651e-05,1.6412217388e-06,1.4520025718e-06,2.0510978058e-05,8.3613515764e-06,0.00080944349695,0.30636517392,6.3713553721e-05,0.00020729666716,1.9468375171e-05,0.0013304957043
364.5,3.9690024713e-06,7.2934652061e-06,1.0906075727e-05,2.7690772474e-06,3.2965599415e-06,1.4329471939e-06,5.4229227925e-06,7.8736244785e-06,0.00020256297688,1.4329174962e-06,1.9468750339e-06,7.5435956474e-06,0.002859724831,9.0212394547e-06,1.2960345763e-06,4.8812413004e-06,3.2161179255e-05,1.6025229075e-06,1.4172931295e-06,2.0158171848e-05,8.1992033529e-06,0.0008019707906,0.306045699,6.2785821444e-05,0.00020481302792,1.9131076556e-05,0.0013194547291
365.0,3.8847913751e-06,7.1499431369e-06,1.0702333967e-05,2.7077562345e-06,3.2250444606e-06,1.398736177e-06,5.3121701047e-06,7.7201895739e-06,0.00020013343643,1.3987071098e-06,1.9019707103e-06,7.3957870206e-06,0.0028399514109,8.8484901243e-06,1.2647459964e-06,4.7802499823e-06,3.1643754421e-05,1.5647384912e-06,1.3834144883e-06,1.9811602648e-05,8.0402504909e-06,0.00079457708903,0.30572805154,6.1872253227e-05,0.00020236156957,1.8799779531e-05,0.0013085218276
365.5,3.8023831409e-06,7.0092874526e-06,1.0502472598e-05,2.6478013854e-06,3.155091997e-06,1.3653430624e-06,5.2037062634e-06,7.5697917604e-06,0.00019773539944,1.3653146124e-06,1.8581056555e-06,7.2509187978e-06,0.0028203492056,8.6791059098e-06,1.2342133446e-06,4.6813709341e-06,3.1134948192e-05,1.5278468379e-06,1.3503467364e-06,1.9471157303e-05,7.8844290354e-06,0.00078726146506,0.30541222024,6.0972623303e-05,0.00019994184618,1.8474374583e-05,0.0012976958063
366.0,3.7217388294e-06,6.8714400783e-06,1.0306416331e-05,2.5891820816e-06,3.0866681394e-06,1.3327482691e-06,5.097483417e-06,7.4223700054e-06,0.00019536842918,1.3327204232e-06,1.8152557345e-06,7.1089316183e-06,0.0028009164965,8.5130201672e-06,1.2044183441e-06,4.5845595057e-06,3.063461229e-05,1.4918268092e-06,1.3180704395e-06,1.9136724767e-05,7.7316763309e-06,0.00078002300337,0.3050981939,6.008670965e-05,0.00019755341841,1.8154754242e-05,0.0012869754865
366.5,3.6428203496e-06,6.7363441321e-06,1.0114091363e-05,2.5318683951e-06,3.0197392394e-06,1.3009326855e-06,4.9934547256e-06,7.2778645209e-06,0.00019303209531,1.300905431e-06,1.7733973746e-06,6.9697673372e-06,0.0027816515843,8.3501675936e-06,1.1753431602e-06,4.4897720008e-06,3.0142601065e-05,1.4566577683e-06,1.28656663e-06,1.8808196056e-05,7.5819309947e-06,0.00077286080035,0.30478596139,5.9214293925e-05,0.00019519585335,1.7840813049e-05,0.0012763597036
367.0,3.5655904402e-06,6.6039439006e-06,9.9254253512e-06,2.4758310722e-06,2.9542723947e-06,1.2698776582e-06,4.8915743394e-06,7.136216738e-06,0.00019072597385,1.2698509826e-06,1.7325075526e-06,6.8333689997e-06,0.0027625527887,8.1904841998e-06,1.14697039e-06,4.3969656561e-06,2.9658771451e-05,1.4223195682e-06,1.2558167952e-06,1.8485464208e-05,7.4351328904e-06,0.0007657739639,0.30447551168,5.8355161403e-05,0.00019286872448,1.7532447511e-05,0.0012658473073
367.5,3.4900126514e-06,6.4741848144e-06,9.7403473785e-06,2.4210415188e-06,2.8902354321e-06,1.2395649809e-06,4.7917973776e-06,6.9973692811e-06,0.00018844964701,1.239538872e-06,1.6925637815e-06,6.6996808169e-06,0.0027436184484,8.0339072836e-06,1.1192830514e-06,4.3060986212e-06,2.9182982914e-05,1.3887925395e-06,1.2258028669e-06,1.8168424251e-05,7.2912231024e-06,0.00075876161333,0.3041668338,5.750910091e-05,0.00019057161149,1.7229556069e-05,0.001255437161
368.0,3.4160513269e-06,6.3470134241e-06,9.5587879277e-06,2.3674717849e-06,2.827596892e-06,1.2099768838e-06,4.6940799077e-06,6.8612659439e-06,0.00018620270316,1.2099513296e-06,1.6535440983e-06,6.5686481411e-06,0.0027248469208,7.8803754031e-06,1.0922645734e-06,4.2171299391e-06,2.871509741e-05,1.3560574798e-06,1.1965072102e-06,1.7856973159e-05,7.1501439108e-06,0.00075182287917,0.30385991687,5.6675904767e-05,0.00018830410025,1.6932039059e-05,0.0012451281421
368.5,3.3436715868e-06,6.2223773774e-06,9.3806788531e-06,2.3150945505e-06,2.7663260116e-06,1.1810960229e-06,4.5983789252e-06,6.7278516648e-06,0.00018398473668,1.1810710118e-06,1.6154270514e-06,6.4402174426e-06,0.0027062365815,7.7298283514e-06,1.0658987857e-06,4.1300195268e-06,2.8254979339e-05,1.3240956421e-06,1.1679126135e-06,1.7551009818e-05,7.0118387664e-06,0.000744956903,0.30355475011,5.5855368727e-05,0.0001860657827,1.6639798675e-05,0.0012349191417
369.0,3.2728393105e-06,6.1002253958e-06,9.2059533522e-06,2.2638831111e-06,2.7063927098e-06,1.1529054702e-06,4.5046523338e-06,6.5970725033e-06,0.00018179534789,1.1528809906e-06,1.578191689e-06,6.3143362861e-06,0.0026877858247,7.5822071313e-06,1.0401699095e-06,4.0447281563e-06,2.7802495496e-05,1.2928887239e-06,1.1400022781e-06,1.725043499e-05,6.8762522672e-06,0.00073816283735,0.30325132278,5.5047291919e-05,0.00018385625672,1.6352738934e-05,0.001224809064
369.5,3.2035211198e-06,5.9805072529e-06,9.0345459397e-06,2.2138113635e-06,2.647767572e-06,1.1253887032e-06,4.4128589259e-06,6.4688756171e-06,0.00017963414297,1.1253647439e-06,1.5418175474e-06,6.1909533083e-06,0.0026694930623,7.4374539303e-06,1.0150625475e-06,3.9612174368e-06,2.7357515035e-05,1.2624188572e-06,1.1127598085e-06,1.6955151274e-05,6.7433301345e-06,0.00073143984549,0.30294962426,5.4251476787e-05,0.0001816751261,1.6070765642e-05,0.0012147968267
370.0,3.1356843627e-06,5.8631737517e-06,8.8663924202e-06,2.1648537927e-06,2.5904218351e-06,1.0985295955e-06,4.3229583638e-06,6.3432092391e-06,0.00017750073386,1.0985061455e-06,1.5062846391e-06,6.0700181955e-06,0.0026513567239,7.295512097e-06,9.9056167495e-07,3.8794497957e-06,2.6919909418e-05,1.2326685974e-06,1.0861692023e-06,1.6665063076e-05,6.6130191895e-06,0.00072478710134,0.30264964398,5.3467729035e-05,0.0001795220004,1.5793786359e-05,0.0012048813605
370.5,3.0692970974e-06,5.7481767039e-06,8.7014298629e-06,2.1169854581e-06,2.5343273728e-06,1.072312407e-06,4.234911161e-06,6.2200226554e-06,0.00017539473816,1.0722894556e-06,1.4715734425e-06,5.9514816619e-06,0.0026333752567,7.1563261168e-06,9.6665263068e-07,3.7993884617e-06,2.6489552381e-05,1.203620914e-06,1.0602148413e-06,1.6380076571e-05,6.4852673311e-06,0.00071820378926,0.30235137146,5.2695857569e-05,0.00017739649488,1.5521710366e-05,0.0011950616088
371.0,3.0043280772e-06,5.6354689088e-06,8.5395965763e-06,2.0701819808e-06,2.4794566819e-06,1.0467217753e-06,4.1486786642e-06,6.0992661837e-06,0.00017331577905,1.0466993119e-06,1.4376648902e-06,5.8352954284e-06,0.0026155471255,7.0198415892e-06,9.4332110813e-07,3.7209974475e-06,2.6066319887e-05,1.1752591801e-06,1.0348814817e-06,1.610009967e-05,6.3600235136e-06,0.00071168910398,0.3020547963,5.1935674447e-05,0.00017529823041,1.5254448633e-05,0.001185336528
371.5,2.9407467344e-06,5.5250041325e-06,8.3808320829e-06,2.0244195308e-06,2.4257828681e-06,1.0217427056e-06,4.0642230354e-06,5.9808911514e-06,0.00017126348521,1.0217207199e-06,1.4045403589e-06,5.7214122017e-06,0.0025978708118,6.8860052048e-06,9.2055314685e-07,3.6442415324e-06,2.5650090085e-05,1.1475671634e-06,1.0101542457e-06,1.582504199e-05,6.2372377251e-06,0.00070524225039,0.30175990817,5.1186994821e-05,0.00017322683339,1.4991913784e-05,0.001175705087
372.0,2.8785231661e-06,5.416737088e-06,8.2250770954e-06,1.9796748143e-06,2.3732796321e-06,9.9736056288e-07,3.9815072343e-06,5.8648498757e-06,0.00016923749074,9.9733904482e-07,1.3721816589e-06,5.6097856537e-06,0.0025803448143,6.7547647234e-06,8.9833512411e-07,3.5690862464e-06,2.5240743275e-05,1.1205290162e-06,9.8601861217e-07,1.5554814817e-05,6.1168609659e-06,0.00069886244346,0.3014666968,5.0449636883e-05,0.00017118193563,1.4734020068e-05,0.001166166267
372.5,2.8176281195e-06,5.3106234156e-06,8.0722734924e-06,1.9359250621e-06,2.3219212569e-06,9.7356106261e-07,3.9004950019e-06,5.7510956424e-06,0.00016723743506,9.7354000227e-07,1.3405710239e-06,5.5003704019e-06,0.0025629676481,6.6260689518e-06,8.7665374673e-07,3.4954978537e-06,2.4838161867e-05,1.0941292668e-06,9.6246040849e-07,1.5289331079e-05,5.9988452281e-06,0.00069254890805,0.30117515204,4.9723421819e-05,0.00016916317434,1.448068333e-05,0.0011567190615
373.0,2.7580329774e-06,5.2066196637e-06,7.9223642955e-06,1.8931480173e-06,2.2716825947e-06,9.5033026261e-07,3.8211508431e-06,5.6395826863e-06,0.00016526296283,9.5030965032e-07,1.309691101e-06,5.3931219896e-06,0.002545737845,6.4998677228e-06,8.5549604307e-07,3.4234433369e-06,2.4442230341e-05,1.0683528104e-06,9.3946580192e-07,1.5028505313e-05,5.8831434751e-06,0.00068630087883,0.30088526376,4.9008173751e-05,0.00016717019196,1.4231820976e-05,0.001147362476
373.5,2.6997097444e-06,5.1046832696e-06,7.7752936461e-06,1.8513219237e-06,2.2225390538e-06,9.276545548e-07,3.743440011e-06,5.5302661716e-06,0.00016331372389,9.2763438108e-07,1.2795249415e-06,5.2879968665e-06,0.0025286539531,6.3761118742e-06,8.3484935531e-07,3.3528903817e-06,2.405283521e-05,1.0431849001e-06,9.1702129153e-07,1.4772253631e-05,5.7697096217e-06,0.00068011760009,0.30059702195,4.8303719693e-05,0.00016520263616,1.3987351945e-05,0.001138095528
374.0,2.6426310334e-06,5.0047725415e-06,7.6310067834e-06,1.8104255147e-06,2.1744665868e-06,9.0552065716e-07,3.6673284907e-06,5.4231021728e-06,0.00016138937315,9.0550091272e-07,1.2500559909e-06,5.1849523705e-06,0.0025117145365,6.2547532284e-06,8.1470133179e-07,3.2838073617e-06,2.3669864987e-05,1.018611139e-06,8.9511370024e-07,1.4520493698e-05,5.6584985143e-06,0.00067399832565,0.30031041664,4.7609889496e-05,0.00016326015968,1.3747196683e-05,0.0011289172468
374.5,2.586770052e-06,4.9068466403e-06,7.4894500219e-06,1.7704380021e-06,2.1274416779e-06,8.8391560588e-07,3.5927829838e-06,5.3180476557e-06,0.00015948957055,8.8389628165e-07,1.2212680802e-06,5.0839467091e-06,0.0024949181752,6.1357445723e-06,7.9503991962e-07,3.2161633236e-06,2.3293210141e-05,9.9461747108e-07,8.7373016703e-07,1.4273144696e-05,5.5494659122e-06,0.00066794231872,0.30002543796,4.6926515804e-05,0.00016134242034,1.3511277109e-05,0.0011198266731
375.0,2.5321005898e-06,4.8108655617e-06,7.3505707304e-06,1.7313390653e-06,2.0814413316e-06,8.6282674781e-07,3.5197708929e-06,5.2150604595e-06,0.00015761398095,8.628078349e-07,1.1931454163e-06,4.9849389411e-06,0.0024782634649,6.0190396377e-06,7.7585335745e-07,3.1499279727e-06,2.2922763071e-05,9.7119017388e-07,8.5285813934e-07,1.4030127297e-05,5.4425684687e-06,0.00066194885177,0.29974207608,4.6253434006e-05,0.00015944908089,1.3279516592e-05,0.0011108228593
375.5,2.4785970053e-06,4.7167901193e-06,7.2143173106e-06,1.6931088407e-06,2.0364430606e-06,8.4224173293e-07,3.4482603071e-06,5.1140992784e-06,0.00015576227406,8.4222322263e-07,1.165672574e-06,4.8878889597e-06,0.0024617490169,5.9045930822e-06,7.5713016843e-07,3.0850716588e-06,2.2558418062e-05,9.4831585007e-07,8.3248536567e-07,1.3791363638e-05,5.3377637126e-06,0.00065601720639,0.29946032127,4.5590482186e-05,0.00015757980896,1.3051839919e-05,0.0011019048689
376.0,2.4262342138e-06,4.6245819271e-06,7.0806391768e-06,1.6557279113e-06,1.9924248749e-06,8.221485071e-07,3.378219987e-06,5.0151236441e-06,0.00015393412438,8.2213039089e-07,1.1388344866e-06,4.7927574744e-06,0.0024453734575,5.7923604703e-06,7.3885915329e-07,3.0215653623e-06,2.2200071259e-05,9.2598141996e-07,8.1259988835e-07,1.3556777287e-05,5.2350100306e-06,0.0006501466732,0.29918016386,4.493750108e-05,0.00015573427699,1.2828173274e-05,0.0010930717768
376.5,2.374987675e-06,4.5342033836e-06,6.9494867354e-06,1.6191772968e-06,1.9493652706e-06,8.0253530496e-07,3.3096193507e-06,4.9180939089e-06,0.00015212921113,8.025175745e-07,1.1126164382e-06,4.699505995e-06,0.0024291354286,5.6822982549e-06,7.2102938364e-07,2.9593806807e-06,2.1847620628e-05,9.0417411385e-07,7.9319003648e-07,1.3326293224e-05,5.1342666492e-06,0.00064433655169,0.29890159425,4.4294334032e-05,0.00015391216217,1.2608444205e-05,0.0010843226687
377.0,2.3248333811e-06,4.4456176549e-06,6.8208113652e-06,1.5834384434e-06,1.9072432189e-06,7.8339064303e-07,3.2424284594e-06,4.8229712283e-06,0.00015034721814,7.8337329015e-07,1.087004055e-06,4.6080968145e-06,0.0024130335867,5.5743637594e-06,7.0363019542e-07,2.8984898153e-06,2.1500965923e-05,8.8288146472e-07,7.7424441905e-07,1.3099837807e-05,5.0354936181e-06,0.00063858615014,0.2986246029,4.3660826947e-05,0.00015211314634,1.2392581601e-05,0.0010756566413
377.5,2.275747845e-06,4.3587886594e-06,6.694565398e-06,1.5484932145e-06,1.8660381557e-06,7.6470331291e-07,3.1766180043e-06,4.7297175449e-06,0.00014858783384,7.6468632961e-07,1.0619832977e-06,4.5184929932e-06,0.0023970666032,5.4685151599e-06,6.8665118248e-07,2.8388655582e-06,2.116000866e-05,8.6209130102e-07,7.5575191822e-07,1.287733875e-05,4.9386517931e-06,0.00063289478546,0.29834918036,4.3036828247e-05,0.00015033691591,1.2180515669e-05,0.0010670728019
378.0,2.2277080893e-06,4.2736810517e-06,6.5707020996e-06,1.5143238811e-06,1.8257299712e-06,7.4646237468e-07,3.1121592927e-06,4.6382955722e-06,0.00014685075114,7.4644575314e-07,1.0375404535e-06,4.4306583427e-06,0.002381233164,5.3647114682e-06,6.7008219036e-07,2.7804812798e-06,2.0824652075e-05,8.4179173966e-07,7.3770168275e-07,1.2658725099e-05,4.8437028192e-06,0.00062726178311,0.29807531722,4.2422188834e-05,0.00014858316184,1.1972177905e-05,0.0010585702685
378.5,2.1806916348e-06,4.1902602077e-06,6.4491756512e-06,1.4809131126e-06,1.7862989999e-06,7.2865715051e-07,3.0490242352e-06,4.5486687783e-06,0.00014513566736,7.2864088307e-07,1.0136621286e-06,4.3445574105e-06,0.0023655319696,5.2629125142e-06,6.5391331018e-07,2.7233109161e-06,2.0494801103e-05,8.2197117916e-07,7.200831216e-07,1.2443927201e-05,4.7506091151e-06,0.00062168647697,0.29780300417,4.1816762038e-05,0.00014685157953,1.1767501072e-05,0.0010501481697
379.0,2.1346764899e-06,4.1084922097e-06,6.3299411311e-06,1.4482439676e-06,1.7477260107e-06,7.112772183e-07,2.9871853326e-06,4.460801371e-06,0.00014344228423,7.1126129745e-07,9.9033524036e-07,4.260155465e-06,0.0023499617344,5.1630789301e-06,6.3813487272e-07,2.6673289567e-06,2.0170362341e-05,8.0261829295e-07,7.028858977e-07,1.2232876685e-05,4.659333857e-06,0.0006161682092,0.29753223194,4.1220403588e-05,0.00014514186877,1.1566419175e-05,0.001041805644
379.5,2.0896411394e-06,4.0283438314e-06,6.2129544968e-06,1.4162998856e-06,1.7099921968e-06,6.9431240562e-07,2.9266156637e-06,4.3746582823e-06,0.00014177030772,6.9429682402e-07,9.6754701075e-07,4.1774184802e-06,0.0023345211872,5.0651721335e-06,6.2273744257e-07,2.6125104331e-06,1.9851244021e-05,7.8372202286e-07,6.8609992183e-07,1.2025506435e-05,4.569840963e-06,0.00061070633019,0.29726299134,4.0632971561e-05,0.00014345373366,1.1368867438e-05,0.0010335418406
380.0,2.0455645347e-06,3.9497825242e-06,6.0981725678e-06,1.3850646779e-06,1.6730791671e-06,6.7775278366e-07,2.8672888728e-06,4.2902051536e-06,0.00014011944806,6.7773753413e-07,9.4528495862e-07,4.0963131215e-06,0.0023192090706,4.9691543119e-06,6.0771181255e-07,2.5588309068e-06,1.9537355978e-05,7.6527157275e-07,6.6971534668e-07,1.182175057e-05,4.4820950784e-06,0.00060530019838,0.29699527324,4.0054326347e-05,0.00014178688255,1.1174782281e-05,0.0010253559183
380.5,2.0024260834e-06,3.8727764027e-06,5.9855530078e-06,1.3545225195e-06,1.6369689361e-06,6.6158866143e-07,2.8091791577e-06,4.2074083212e-06,0.00013848941966,6.6157373692e-07,9.2353689303e-07,4.0168067316e-06,0.0023040241408,4.8749884068e-06,5.9304899812e-07,2.5062664579e-06,1.9228609625e-05,7.4725640224e-07,6.5372256104e-07,1.1621544414e-05,4.3960615602e-06,0.00059994918021,0.29672906859,3.948433061e-05,0.00014014102798,1.0984101297e-05,0.0010172470462
381.0,1.960205639e-06,3.7972942311e-06,5.8750543086e-06,1.3246579405e-06,1.6016439156e-06,6.4581058002e-07,2.752261258e-06,4.1262348017e-06,0.00013687994099,6.4579597365e-07,9.0229090648e-07,3.9388673159e-06,0.0022889651676,4.7826380985e-06,5.78740232e-07,2.4547936743e-06,1.8924917921e-05,7.2966622071e-07,6.3811218414e-07,1.142482448e-05,4.3117064631e-06,0.00059465264998,0.29646436838,3.8922849248e-05,0.00013851588662,1.0796763231e-05,0.001009214403
381.5,1.9188834918e-06,3.7233054101e-06,5.7666357731e-06,1.2954558188e-06,1.5670869053e-06,6.3040930708e-07,2.6965104435e-06,4.0466522787e-06,0.0001352907346,6.303950121e-07,8.8153536824e-07,3.8624635296e-06,0.0022740309343,4.6920677913e-06,5.6477695895e-07,2.4043896406e-06,1.8626195345e-05,7.1249098132e-07,6.2287506012e-07,1.1231528446e-05,4.228996525e-06,0.00058940998974,0.29620116369,3.8369749358e-05,0.0001369111792,1.0612707956e-05,0.0010012571771
382.0,1.8784403585e-06,3.6507799633e-06,5.6602574995e-06,1.2669013715e-06,1.5332810844e-06,6.1537583134e-07,2.6419025032e-06,3.9686290885e-06,0.00013372152699,6.1536184116e-07,8.6125891795e-07,3.7875646639e-06,0.0022592202375,4.6032425988e-06,5.511508306e-07,2.3550319274e-06,1.8332357867e-05,6.9572087523e-07,6.0800225258e-07,1.104159513e-05,4.1478991529e-06,0.00058422058922,0.29593944563,3.7824900195e-05,0.00013532663044,1.0431876454e-05,0.00099337456641
382.5,1.8388573738e-06,3.5796885246e-06,5.5558803653e-06,1.2389801475e-06,1.5002100033e-06,6.0070135734e-07,2.5884137339e-06,3.892134207e-06,0.0001321720486,6.0068766548e-07,8.4145045926e-07,3.7141406331e-06,0.0022445318866,4.5161283292e-06,5.3785370045e-07,2.3066985811e-06,1.8043322925e-05,6.7934632597e-07,5.9348503941e-07,1.0854964471e-05,4.0683824096e-06,0.0005790838457,0.29567920542,3.7288173138e-05,0.00013376196902,1.0254210794e-05,0.00098556577842
383.0,1.8001160806e-06,3.5100023258e-06,5.4534660119e-06,1.2116780202e-06,1.4678575753e-06,5.8637730023e-07,2.5360209298e-06,3.8171372366e-06,0.00013064203372,5.8636390037e-07,8.2209915372e-07,3.6421619614e-06,0.0022299647041,4.4306914718e-06,5.2487761902e-07,2.2593681133e-06,1.7759009394e-05,6.6335798391e-07,5.7931490754e-07,1.067157751e-05,3.990415e-06,0.00057399916391,0.29542043429,3.6759441654e-05,0.00013221692747,1.0079654112e-05,0.00097783002981
383.5,1.7621984215e-06,3.4416931836e-06,5.3529768295e-06,1.18498118e-06,1.4362080682e-06,5.7239528074e-07,2.4847013716e-06,3.7436083933e-06,0.00012913122044,5.7238216669e-07,8.0319441473e-07,3.5715997709e-06,0.0022155175253,4.3468991829e-06,5.1221482904e-07,2.2130194914e-06,1.7479337563e-05,6.4774672087e-07,5.65483548e-07,1.0491376366e-05,3.9139662583e-06,0.00056896595593,0.29516312358,3.6238581262e-05,0.00013069124216,9.9081505894e-06,0.00097016654647
384.0,1.7250867296e-06,3.3747334883e-06,5.2543759418e-06,1.1588761272e-06,1.405246097e-06,5.5874712025e-07,2.4344328164e-06,3.6715184942e-06,0.0001276393506,5.5873428594e-07,7.847259017e-07,3.5024257691e-06,0.002201189198,4.2647192721e-06,4.9985776079e-07,2.1676321284e-06,1.7204229108e-05,6.3250362488e-07,5.5198285099e-07,1.0314304216e-05,3.8390061347e-06,0.00056398364111,0.29490726467,3.57254695e-05,0.00012918465323,9.7396454358e-06,0.00096257456338
384.5,1.6887637206e-06,3.3090961915e-06,5.157627192e-06,1.1333496647e-06,1.3749566158e-06,5.4542483596e-07,2.3851934877e-06,3.6008389452e-06,0.00012616616971,5.4541227546e-07,7.6668351427e-07,3.4346122366e-06,0.0021869785826,4.1841201897e-06,4.8779902763e-07,2.1231858736e-06,1.6933607071e-05,6.1761999502e-07,5.388049011e-07,1.0140305278e-05,3.7655051833e-06,0.00055905164596,0.29465284899,3.521998589e-05,0.00012769690453,9.5740848675e-06,0.00095505332445
385.0,1.6532124839e-06,3.2447547947e-06,5.0626951284e-06,1.1083888918e-06,1.3453249101e-06,5.3242063621e-07,2.3369620652e-06,3.5315417288e-06,0.00012471142694,5.3240834371e-07,7.4905738678e-07,3.3681320157e-06,0.0021728845517,4.1050710132e-06,4.7603142148e-07,2.0796610029e-06,1.666739583e-05,6.0308733644e-07,5.2594197263e-07,9.969324787e-06,3.6934345496e-06,0.00055416940406,0.29439986804,3.4722011903e-05,0.00012622774352,9.4114160898e-06,0.00094760208247
385.5,1.6184164748e-06,3.1816833378e-06,4.96954499e-06,1.0839811969e-06,1.3163365902e-06,5.197269159e-07,2.2897176755e-06,3.4635993924e-06,0.00012327487501,5.1971488571e-07,7.3183788272e-07,3.3029584986e-06,0.0021589059901,4.0275414349e-06,4.6454790859e-07,2.0370382103e-06,1.6405521078e-05,5.8889735548e-07,5.1338652509e-07,9.8013089815e-06,3.6227659583e-06,0.00054933635594,0.29414831339,3.423143093e-05,0.00012477692132,9.2515872776e-06,0.00094022009892
386.0,1.5843595063e-06,3.1198563882e-06,4.8781426932e-06,1.0601142515e-06,1.2879775829e-06,5.07336252e-07,2.2434398822e-06,3.3969850368e-06,0.00012185627019,5.0732447855e-07,7.1501558944e-07,3.2390656163e-06,0.0021450417946,3.9515017495e-06,4.5334162523e-07,1.9952985984e-06,1.6147909799e-05,5.7504195484e-07,5.0113119869e-07,9.6362050804e-06,3.5534717018e-06,0.00054455194903,0.29389817667,3.3748128246e-05,0.00012334419254,9.0945475579e-06,0.00093290664393
386.5,1.5510257415e-06,3.0592490301e-06,4.7884548184e-06,1.0367760032e-06,1.2602341256e-06,4.9524139921e-07,2.1981086771e-06,3.3316723049e-06,0.00012045537219,4.9522987706e-07,6.9858131292e-07,3.1764278275e-06,0.002131290874,3.8769228417e-06,4.4240587366e-07,1.9544236697e-06,1.5894490248e-05,5.6151322898e-07,4.8916881004e-07,9.4739612662e-06,3.4855246284e-06,0.00053981563754,0.29364944954,3.3271990982e-05,0.0001219293153,8.9402469911e-06,0.00092566099613
387.0,1.5183996857e-06,2.9998368533e-06,4.7004485964e-06,1.01395467e-06,1.2330927585e-06,4.8343528568e-07,2.1537044708e-06,3.2676353704e-06,0.00011907194415,4.8342400948e-07,6.8252607267e-07,3.1150201075e-06,0.0021176521487,3.8037761746e-06,4.3173411805e-07,1.9143953186e-06,1.564519192e-05,5.4830345954e-07,4.774923479e-07,9.3145266669e-06,3.4188981311e-06,0.00053512688238,0.29340212375,3.2802908089e-05,0.00012053205115,8.7886365544e-06,0.00091848244254
387.5,1.4864661791e-06,2.9415959432e-06,4.6140918962e-06,9.9163873416e-07,1.2065403185e-06,4.7191100885e-07,2.1102080839e-06,3.2048489273e-06,0.0001177057526,4.7189997339e-07,6.6684109674e-07,3.054817938e-06,0.0021041245507,3.7320337777e-06,4.2131998061e-07,1.8751958221e-06,1.5399945538e-05,5.3540511089e-07,4.6609496908e-07,9.1578513384e-06,3.3535661364e-06,0.00053048515107,0.2931561911,3.2340770312e-05,0.00011915216505,8.6396681236e-06,0.00091137027849
388.0,1.4552103897e-06,2.8845028707e-06,4.5293532115e-06,9.6981693582e-07,1.1805639323e-06,4.6066183139e-07,2.0676007384e-06,3.1432881788e-06,0.00011635656735,4.6065103156e-07,6.5151781691e-07,2.9957972964e-06,0.0020907070236,3.6616682359e-06,4.1115723771e-07,1.8368078326e-06,1.5158683025e-05,5.2281082584e-07,4.5496999437e-07,9.0038862471e-06,3.2895030937e-06,0.00052588991765,0.29291164344,3.188547016e-05,0.00011778942526,8.493294457e-06,0.00090432380749
388.5,1.4246178057e-06,2.8285346818e-06,4.4462016492e-06,9.4847826764e-07,1.1551510098e-06,4.4968117729e-07,2.0258640493e-06,3.0829288276e-06,0.00011502416149,4.4967060807e-07,6.3654786389e-07,2.9379346459e-06,0.0020773985222,3.592652678e-06,4.0123981623e-07,1.799214369e-06,1.4921337481e-05,5.1051342134e-07,4.4411090461e-07,8.8525832529e-06,3.2266839641e-06,0.0005213406626,0.29266847268,3.1436901871e-05,0.00011644360333,8.3494691784e-06,0.00089734234115
389.0,1.3946742288e-06,2.7736688881e-06,4.3646069167e-06,9.2761196891e-07,1.1302892386e-06,4.3896262789e-07,1.984980016e-06,3.0237470647e-06,0.00011370831134,4.3895228439e-07,6.219230627e-07,2.8812069253e-06,0.0020641980124,3.5249607657e-06,3.9156178984e-07,1.7623988097e-06,1.468784317e-05,4.9850588441e-07,4.3351133688e-07,8.7038950925e-06,3.1650842108e-06,0.00051683687274,0.29242667079,3.0994961391e-05,0.00011511447408,8.2081467612e-06,0.00089042519903
389.5,1.3653657674e-06,2.7198834573e-06,4.2845393102e-06,9.0720751999e-07,1.1059665767e-06,4.2849991822e-07,1.9449310143e-06,2.9657195606e-06,0.00011240879637,4.2848979564e-07,6.0763542815e-07,2.8255915393e-06,0.0020511044715,3.458566683e-06,3.8211737549e-07,1.7263448842e-06,1.4458135488e-05,4.8678136806e-07,4.2316508072e-07,8.5577753629e-06,3.1046797882e-06,0.00051237804116,0.2921862298,3.0559546337e-05,0.00011380181547,8.0692825121e-06,0.00088357170862
390.0,1.33667883e-06,2.6671568037e-06,4.2059697029e-06,8.8725463692e-07,1.0821712476e-06,4.1828693324e-07,1.9056997888e-06,2.9088234545e-06,0.00011112539919,4.182770269e-07,5.9367716045e-07,2.7710663491e-06,0.0020381168874,3.3934451256e-06,3.7290092994e-07,1.6910366659e-06,1.4232150955e-05,4.7533318739e-07,4.1306607449e-07,8.4141785057e-06,3.0454471321e-06,0.00050796366714,0.29194714178,3.0130555976e-05,0.00011250540862,7.9328325557e-06,0.00087678120516
390.5,1.3086001182e-06,2.6154677789e-06,4.1288695339e-06,8.6774326609e-07,1.0588917336e-06,4.0831770428e-07,1.8672694443e-06,2.8530363453e-06,0.00010985790548,4.0830800957e-07,5.800406408e-07,2.717609663e-06,0.0020252342589,3.3295712909e-06,3.6390694636e-07,1.656458565e-06,1.4009827184e-05,4.6415481572e-07,4.0320840178e-07,8.2730597911e-06,2.9873631501e-06,0.00050359325607,0.29170939887,2.9707891194e-05,0.00011122503775,7.7987538193e-06,0.00087005303159
391.0,1.2811166208e-06,2.5647956631e-06,4.0532107969e-06,8.4866357905e-07,1.0361167706e-06,3.9858640552e-07,1.829623439e-06,2.7983362821e-06,0.00010860610392,3.9857691794e-07,5.667184273e-07,2.665200227e-06,0.0020124555956,3.2669208673e-06,3.5513005107e-07,1.6225953207e-06,1.3791102869e-05,4.5323988084e-07,3.9358628795e-07,8.1343753026e-06,2.9304052121e-06,0.00049926631933,0.29147299326,2.9291454471e-05,0.00010996049012,7.6670040175e-06,0.00086338653842
391.5,1.2542156075e-06,2.5151201559e-06,3.9789660289e-06,8.3000596744e-07,1.0138353423e-06,3.8908735057e-07,1.7927455765e-06,2.744701755e-06,0.00010736978623,3.8907806573e-07,5.5370325072e-07,2.6138172163e-06,0.0019997799173,3.2054700249e-06,3.4656500025e-07,1.5894319949e-06,1.3575917762e-05,4.4258216136e-07,3.8419409671e-07,7.9980819216e-06,2.8745511403e-06,0.00049498237427,0.2912379172,2.888114985e-05,0.00010871155599,7.5375416378e-06,0.00085678108369
392.0,1.2278846224e-06,2.4664213682e-06,3.9061083e-06,8.1176103804e-07,9.9203667442e-07,3.7981498913e-07,1.7566199989e-06,2.6921116861e-06,0.00010614874702,3.7980590271e-07,5.4098801052e-07,2.563440226e-06,0.0019872062547,3.1451954054e-06,3.3820667689e-07,1.5569539648e-06,1.3364212657e-05,4.3217558311e-07,3.750263268e-07,7.8641373131e-06,2.8197792007e-06,0.0004907409441,0.29100416297,2.8476882918e-05,0.00010747802857,7.4103259261e-06,0.00085023603279
392.5,1.2021114786e-06,2.4186798134e-06,3.8346112024e-06,7.939196079e-07,9.7071022985e-07,3.7076390372e-07,1.7212311792e-06,2.6405454207e-06,0.00010494278382,3.707550115e-07,5.2856577097e-07,2.5140492629e-06,0.0019747336484,3.0860741129e-06,3.3005008762e-07,1.5251469162e-06,1.3155929367e-05,4.2201421568e-07,3.6607760878e-07,7.7324999104e-06,2.7660680939e-06,0.00048654155782,0.29077172293,2.8078560772e-05,0.00010625970399,7.2853168724e-06,0.00084375075846
393.0,1.1768842518e-06,2.3718763992e-06,3.7644488407e-06,7.7647269964e-07,9.4984570307e-07,3.6192880652e-07,1.6865639146e-06,2.5899827188e-06,0.00010375169701,3.6192010438e-07,5.1642975722e-07,2.4656247369e-06,0.0019623611494,3.0280837045e-06,3.2209035982e-07,1.4939968373e-06,1.2951010711e-05,4.1209226899e-07,3.5734270183e-07,7.6031289014e-06,2.7133969458e-06,0.00048238375013,0.2905405895,2.7686092002e-05,0.00010505638124,7.1624751968e-06,0.00083732464063
393.5,1.152191275e-06,2.3259924195e-06,3.6955958209e-06,7.5941153679e-07,9.294330151e-07,3.5330453623e-07,1.6526033199e-06,2.5404037464e-06,0.00010257528977,3.5329602012e-07,5.0457335163e-07,2.4181474528e-06,0.0019500878187,2.9712021811e-06,3.1432273861e-07,1.4634900118e-06,1.2749400493e-05,4.0240408995e-07,3.4881649068e-07,7.4759842142e-06,2.6617452998e-06,0.00047826706139,0.29031075511,2.7299386661e-05,0.00010386786216,7.0417623361e-06,0.00083095706636
394.0,1.1280211325e-06,2.2810095465e-06,3.6280272414e-06,7.427275393e-07,9.0946230849e-07,3.4488605507e-07,1.6193348202e-06,2.4917890674e-06,0.00010141336806,3.4487772104e-07,4.9299009007e-07,2.3715986022e-06,0.0019379127273,2.9154079786e-06,3.0674258406e-07,1.4336130129e-06,1.2551043486e-05,3.9294415924e-07,3.404939826e-07,7.3510265037e-06,2.6110931077e-06,0.00047419103749,0.29008221229,2.691835624e-05,0.00010269395133,6.9231404305e-06,0.00082464742974
394.5,1.104362655e-06,2.2369098231e-06,3.5617186827e-06,7.2641231908e-07,8.8992394241e-07,3.3666844579e-07,1.5867441446e-06,2.4441196355e-06,0.00010026574057,3.3666028996e-07,4.8167365837e-07,2.3259597556e-06,0.0019258349558,2.8606799592e-06,2.993453684e-07,1.404352697e-06,1.2355885413e-05,3.8370708813e-07,3.3237030446e-07,7.2282171375e-06,2.5614207217e-06,0.00047015522983,0.28985495359,2.6542913648e-05,0.00010153445613,6.8065723099e-06,0.00081839513181
395.0,1.0812049137e-06,2.1936756551e-06,3.4966461982e-06,7.1045767571e-07,8.7080848786e-07,3.2864690881e-07,1.5548173202e-06,2.3973767864e-06,9.9132218659e-05,3.2863892739e-07,4.7061788881e-07,2.2812128549e-06,0.0019138535948,2.8069974026e-06,2.9212667329e-07,1.3756961976e-06,1.2163872932e-05,3.7468761538e-07,3.2444069987e-07,7.1075181836e-06,2.5127088861e-06,0.00046615919525,0.28962897162,2.6172973188e-05,0.00010038918659,6.6920214817e-06,0.00081219958048
395.5,1.0585372154e-06,2.1512898037e-06,3.4327863048e-06,6.9485559219e-07,8.5210672298e-07,3.2081675937e-07,1.5235406652e-06,2.3515422297e-06,9.8012616351e-05,3.2080894865e-07,4.5981675674e-07,2.2373402051e-06,0.0019019677443,2.754339998e-06,2.8508218717e-07,1.3476309196e-06,1.1974953618e-05,3.658806042e-07,3.1670052637e-07,6.9888923964e-06,2.4649387296e-06,0.00046220249588,0.28940425904,2.5808450529e-05,9.9257955425e-05,6.5794521179e-06,0.00080606019042
396.0,1.036349097e-06,2.1097353785e-06,3.3701159737e-06,6.7959823086e-07,8.3380962848e-07,3.1317342483e-07,1.4929007831e-06,2.3065980416e-06,9.6906750269e-05,3.1316578118e-07,4.4926437719e-07,2.1943244679e-06,0.001890176514,2.7026878355e-06,2.782077027e-07,1.3201445335e-06,1.178907595e-05,3.5728103933e-07,3.0914525267e-07,6.8723032048e-06,2.4180917573e-06,0.0004582846992,0.28918080858,2.5449262688e-05,9.8140577979e-05,6.4688290423e-06,0.000799976383
396.5,1.0146303212e-06,2.0689958302e-06,3.3086126214e-06,6.646779293e-07,8.1590838312e-07,3.0571244192e-07,1.4628845566e-06,2.2625266571e-06,9.5814439605e-05,3.0570496178e-07,4.3895500171e-07,2.1521486536e-06,0.0018784790226,2.6520213984e-06,2.7149911424e-07,1.2932249693e-06,1.1606189288e-05,3.4888402416e-07,3.0177045605e-07,6.757714699e-06,2.3721498432e-06,0.00045440537784,0.28895861299,2.5095328007e-05,9.7036872169e-05,6.3601177193e-06,0.00079394758618
397.0,9.9337087075e-07,2.0290549435e-06,3.2482541013e-06,6.5008719645e-07,7.9839435937e-07,2.9842945416e-07,1.4334791416e-06,2.2193108632e-06,9.4735506085e-05,2.9842213405e-07,4.2888301511e-07,2.1107961143e-06,0.0018668743985,2.6023215549e-06,2.6495241536e-07,1.2668604117e-06,1.1426243866e-05,3.4068477787e-07,2.945718197e-07,6.6450916188e-06,2.3270952227e-06,0.00045056410959,0.28873766507,2.4746566131e-05,9.5946658461e-05,6.253284241e-06,0.00078797323446
397.5,9.7256094434e-07,1.9898968305e-06,3.1890186947e-06,6.358187087e-07,7.8125911911e-07,2.9132020929e-07,1.4046719619e-06,2.1769337913e-06,9.3669773927e-05,2.913130458e-07,4.1904293242e-07,2.070250537e-06,0.001855361779,2.553569551e-06,2.5856369645e-07,1.241039294e-06,1.1249190771e-05,3.3267863275e-07,2.8754513019e-07,6.5343993413e-06,2.2829104853e-06,0.00044676047734,0.28851795771,2.4402897983e-05,9.4869759828e-05,6.1482953161e-06,0.00078205276879
398.0,9.5219095156e-07,1.9515059238e-06,3.1308851024e-06,6.2186530618e-07,7.6449440944e-07,2.8438055678e-07,1.3764507028e-06,2.1353789106e-06,9.2617069805e-05,2.8437354659e-07,4.094293958e-07,2.0304959366e-06,0.0018439403105,2.505747002e-06,2.5232914243e-07,1.2157502933e-06,1.1074981928e-05,3.2486103147e-07,2.8068627502e-07,6.4256038692e-06,2.2395785673e-06,0.00044299406896,0.28829948379,2.4064245747e-05,9.3806001715e-05,6.0451182581e-06,0.00077618563645
398.5,9.322515084e-07,1.91386697e-06,3.0738324368e-06,6.0821998903e-07,7.4809215858e-07,2.7760644539e-07,1.3488033064e-06,2.0946300207e-06,9.1577222816e-05,2.7759958522e-07,4.0003717165e-07,1.9915166492e-06,0.0018326091483,2.4588358863e-06,2.4624503036e-07,1.1909823251e-06,1.0903570088e-05,3.1722752449e-07,2.7399124017e-07,6.3186718189e-06,2.197082745e-06,0.00043926447727,0.28808223629,2.3730532848e-05,9.2755212002e-05,5.9437209744e-06,0.00077037129104
399.0,9.1273343282e-07,1.8769650235e-06,3.0178402135e-06,5.9487591384e-07,7.3204447189e-07,2.7099392079e-07,1.3217179655e-06,2.0546712456e-06,9.0550064439e-05,2.7098720744e-07,3.9086114767e-07,1.9532973259e-06,0.0018213674568,2.4128185371e-06,2.4030772732e-07,1.1667245381e-06,1.0734908812e-05,3.0977376749e-07,2.6745610773e-07,6.2135704098e-06,2.1554066277e-06,0.00043557129998,0.28786620821,2.3401683925e-05,9.1717220967e-05,5.8440719549e-06,0.00076460919234
399.5,8.9362774028e-07,1.8407854399e-06,2.9628883434e-06,5.818263901e-07,7.1634362794e-07,2.6453912322e-07,1.2951831189e-06,2.0154870264e-06,8.9535428504e-05,2.6453255358e-07,3.8189633007e-07,1.9158229258e-06,0.0018102144087,2.3676776356e-06,2.3451368817e-07,1.1429663096e-06,1.0568952456e-05,3.024955189e-07,2.6107705363e-07,6.1102674525e-06,2.114534151e-06,0.0004319141396,0.2876513926,2.3077624818e-05,9.069186125e-05,5.7461402613e-06,0.00075889880628
400.0,8.7492563955e-07,1.8053138698e-06,2.9089571251e-06,5.6906487679e-07,7.0098207465e-07,2.5823828526e-07,1.2691874458e-06,1.9770621154e-06,8.8533151156e-05,2.5823185626e-07,3.7313784078e-07,1.8790787103e-06,0.0017991491857,2.3233962044e-06,2.2885945344e-07,1.1196972403e-06,1.0405656158e-05,2.9538863742e-07,2.5485034538e-07,6.0087313382e-06,2.0744495703e-06,0.0004282926034,0.28743778257,2.2758282546e-05,8.9678967822e-05,5.6498955165e-06,0.00075323960484
400.5,8.5661852843e-07,1.7705362531e-06,2.8560272371e-06,5.5658497901e-07,6.8595242561e-07,2.5208772961e-07,1.2437198609e-06,1.9393815695e-06,8.7543070821e-05,2.5208143825e-07,3.6458091479e-07,1.8430502366e-06,0.0017881709779,2.2799576003e-06,2.2334164725e-07,1.0969071497e-06,1.0244975824e-05,2.884490797e-07,2.4877233985e-07,5.9089310278e-06,2.035137454e-06,0.00042470630336,0.28722537126,2.2443585284e-05,8.8678377948e-05,5.5553078945e-06,0.00074763106596
401.0,8.386979897e-07,1.736438813e-06,2.8040797306e-06,5.4438044469e-07,6.7124745638e-07,2.460838669e-07,1.2187695094e-06,1.9024307443e-06,8.656502817e-05,2.4607771026e-07,3.5622089751e-07,1.8077233518e-06,0.0017772789839,2.2373455076e-06,2.1795697532e-07,1.0745860714e-06,1.0086868112e-05,2.8167289798e-07,2.4283948115e-07,5.8108360418e-06,1.9965826777e-06,0.00042115485607,0.28701415186,2.2133462349e-05,8.7689931152e-05,5.4623481093e-06,0.00074207267349
401.5,8.211557871e-07,1.7030080499e-06,2.7530960217e-06,5.324451614e-07,6.5686010093e-07,2.4022319363e-07,1.1943257624e-06,1.8661952875e-06,8.5598866093e-05,2.4021716883e-07,3.480532422e-07,1.7730841868e-06,0.0017664724106,2.1955439316e-06,2.1270222297e-07,1.0527242485e-06,9.9312904252e-06,2.7505623783e-07,2.3704829853e-07,5.7144164494e-06,1.9587704176e-06,0.00041763788269,0.28680411762,2.1827844178e-05,8.6713469186e-05,5.3709874058e-06,0.00073656391714
402.0,8.0398386138e-07,1.6702307362e-06,2.7030578848e-06,5.2077315317e-07,6.4278344811e-07,2.3450229007e-07,1.1703782117e-06,1.8306611338e-06,8.4644429657e-05,2.344963943e-07,3.4007350747e-07,1.7391191508e-06,0.0017557504732,2.1545371925e-06,2.0757425317e-07,1.0313121295e-06,9.7782008909e-06,2.6859533598e-07,2.3139540435e-07,5.6196428587e-06,1.9216861444e-06,0.00041415500892,0.28659526182,2.1526662311e-05,8.5748835997e-05,5.2811975495e-06,0.00073110429234
402.5,7.8717432652e-07,1.6380939102e-06,2.6539474454e-06,5.093585775e-07,6.2901073828e-07,2.2891781829e-07,1.1469166656e-06,1.7958144982e-06,8.3701566081e-05,2.289120488e-07,3.3227735481e-07,1.7058149256e-06,0.0017451123949,2.1143099186e-06,2.0257000474e-07,1.0103403634e-06,9.6275583535e-06,2.6228651807e-07,2.2587749207e-07,5.5264864066e-06,1.8853156178e-06,0.00041070586489,0.2863875778,2.1229849371e-05,8.4795877696e-05,5.192950817e-06,0.00072569330024
403.0,7.7071946589e-07,1.6065848714e-06,2.6057471728e-06,4.9819572229e-07,6.1553535992e-07,2.2346652017e-07,1.1239311439e-06,1.7616418711e-06,8.2770124703e-05,2.2346087427e-07,3.2466054624e-07,1.67315846e-06,0.0017345574071,2.0748470405e-06,1.9768649044e-07,9.8979979579e-07,9.4793223593e-06,2.5612619665e-07,2.204913343e-07,5.4349187493e-06,1.8496448803e-06,0.00040729008514,0.28618105892,2.0937339051e-05,8.3854442523e-05,5.1062199862e-06,0.00072033044759
403.5,7.5461172866e-07,1.5756911745e-06,2.558439874e-06,4.8727900294e-07,6.023508464e-07,2.1814521552e-07,1.1014118741e-06,1.7281300121e-06,8.1849956946e-05,2.1813969057e-07,3.1721894192e-07,1.6411369641e-06,0.0017240847492,2.0361337848e-06,1.9292079522e-07,9.6968146457e-07,9.3334531452e-06,2.5011086905e-07,2.1523378096e-07,5.3449120526e-06,1.8146602513e-06,0.00040390730855,0.28597569862,2.0649066089e-05,8.2924380817e-05,5.0209783276e-06,0.0007150152467
404.0,7.3884372616e-07,1.5454006245e-06,2.5120086868e-06,4.7660295949e-07,5.8945087274e-07,2.1295080019e-07,1.0793492862e-06,1.6952659449e-06,8.0940916292e-05,2.1294539362e-07,3.0994849792e-07,1.6097379045e-06,0.0017136936684,1.9981556686e-06,1.8827007445e-07,9.4997659592e-07,9.1899116257e-06,2.4423711539e-07,2.1010175733e-07,5.2564389823e-06,1.7803483223e-06,0.00040055717827,0.28577149035,2.0364966256e-05,8.2005544988e-05,4.9371995947e-06,0.00070974721536
404.5,7.234082284e-07,1.5157012715e-06,2.4664370731e-06,4.6616225383e-07,5.7682925253e-07,2.0788024425e-07,1.0577340092e-06,1.6630369522e-06,8.0042858248e-05,2.0787495353e-07,3.0284526394e-07,1.5789489988e-06,0.0017033834196,1.9608984931e-06,1.8373155226e-07,9.3067660026e-07,9.0486593817e-06,2.3850159663e-07,2.0509226234e-07,5.1694726954e-06,1.7466959504e-06,0.00039723934171,0.28556842763,2.0084976339e-05,8.1097789485e-05,4.854858015e-06,0.00070452587677
405.0,7.0829816058e-07,1.486581406e-06,2.421708813e-06,4.5595166695e-07,5.6447993482e-07,2.0293059024e-07,1.0365568667e-06,1.6314305696e-06,7.9155640318e-05,2.0292541289e-07,2.9590538119e-07,1.5487582103e-06,0.0016931532656,1.9243483386e-06,1.7930251981e-07,9.1177306835e-07,8.9096586485e-06,2.3290105264e-07,2.0020236674e-07,5.0839868306e-06,1.7136902539e-06,0.00039395345043,0.285366504,1.9809034122e-05,8.0200970763e-05,4.7739282819e-06,0.00069935075948
405.5,6.935065998e-07,1.4580295535e-06,2.3778079982e-06,4.4596609625e-07,5.5239700118e-07,1.9809895138e-07,1.0158088723e-06,1.6004345815e-06,7.8279121974e-05,1.98093885e-07,2.8912508021e-07,1.5191537436e-06,0.0016830024767,1.8884915585e-06,1.7498033375e-07,8.9325776745e-07,8.7728723043e-06,2.2743230034e-07,1.954292114e-07,4.9999555e-06,1.6813186063e-06,0.00039069916013,0.28516571307,1.9537078371e-05,7.931494726e-05,4.6943855453e-06,0.00069422139733
406.0,6.790267717e-07,1.43003447e-06,2.334719026e-06,4.3620055297e-07,5.4057466276e-07,1.9338250996e-07,9.9548122646e-07,1.5700370154e-06,7.7413164628e-05,1.9337755217e-07,2.8250067885e-07,1.490124039e-06,0.0016729303307,1.8533147737e-06,1.7076241457e-07,8.7512263761e-07,8.6382638593e-06,2.2209223188e-07,1.9077000564e-07,4.9173532798e-06,1.6495686317e-06,0.00038747613056,0.28496604847,1.9269048818e-05,7.8439579362e-05,4.6162054035e-06,0.00068913732936
406.5,6.648520473e-07,1.4025851374e-06,2.2924265935e-06,4.2665015961e-07,5.2900725742e-07,1.8877851559e-07,9.7556531199e-07,1.5402261371e-06,7.65576316e-05,1.8877366408e-07,2.7602858018e-07,1.4616577683e-06,0.0016629361129,1.8188048678e-06,1.6664624509e-07,8.57359788e-07,8.5057974438e-06,2.1687781284e-07,1.8622202557e-07,4.8361552023e-06,1.6184281992e-06,0.00038428402551,0.28476750388,1.9004886143e-05,7.757472938e-05,4.539363895e-06,0.00068409809979
407.0,6.5097593983e-07,1.3756707588e-06,2.2509156917e-06,4.1731014745e-07,5.1768924695e-07,1.8428428367e-07,9.5605269042e-07,1.5109904462e-06,7.5712388096e-05,1.8427953617e-07,2.6970527056e-07,1.4337438298e-06,0.0016530191159,1.7849489816e-06,1.6262936893e-07,8.3996149328e-07,8.3754377983e-06,2.1178608052e-07,1.8178261251e-07,4.756336747e-06,1.5878854187e-06,0.00038112251273,0.28457007303,1.8744531964e-05,7.6720261517e-05,4.4638374904e-06,0.00067910325792
407.5,6.3739210166e-07,1.3492807539e-06,2.2101715994e-06,4.0817585406e-07,5.0661521435e-07,1.7989719377e-07,9.3693509822e-07,1.4823186709e-06,7.4877301176e-05,1.7989254806e-07,2.6352731768e-07,1.4063713437e-06,0.0016431786395,1.7517345079e-06,1.5870938909e-07,8.2292019017e-07,8.2471502622e-06,2.0681414221e-07,1.7744917139e-07,4.677873833e-06,1.5579286353e-06,0.00037799126387,0.28437374967,1.8487928814e-05,7.5876041844e-05,4.3896030839e-06,0.00067415235806
408.0,6.2409432126e-07,1.3234047545e-06,2.170179878e-06,3.9924272101e-07,4.9577986111e-07,1.7561468811e-07,9.1820444317e-07,1.4541997639e-06,7.4052239727e-05,1.7561014201e-07,2.5749136868e-07,1.3795296477e-06,0.0016334139908,1.7191490864e-06,1.5488396643e-07,8.0622847392e-07,8.1209007634e-06,2.0195917356e-07,1.7321916928e-07,4.6007428102e-06,1.5285464252e-06,0.00037488995447,0.28417852763,1.8235020132e-05,7.5041938272e-05,4.3166379864e-06,0.00066924495952
408.5,6.1107652031e-07,1.2980326007e-06,2.1309263657e-06,3.9050629142e-07,4.8517800466e-07,1.7143427004e-07,8.998528007e-07,1.4266228974e-06,7.3237074442e-05,1.7142982143e-07,2.5159414831e-07,1.3532082926e-06,0.001623724484,1.6871805992e-06,1.5115081837e-07,7.8987909505e-07,7.9966558081e-06,1.9721841692e-07,1.6909013384e-07,4.5249204522e-06,1.4997275905e-06,0.00037181826388,0.28398440073,1.7985750246e-05,7.4217820525e-05,4.2449199168e-06,0.0006643806265
409.0,5.9833275077e-07,1.2731543361e-06,2.0923971725e-06,3.819622078e-07,4.7480457579e-07,1.6735350261e-07,8.8187241047e-07,1.399577459e-06,7.2431677785e-05,1.6734914941e-07,2.4583245709e-07,1.3273970379e-06,0.0016141094403,1.6558171655e-06,1.4750771743e-07,7.7386495599e-07,7.8743824709e-06,1.9258917983e-07,1.6505965194e-07,4.4503839478e-06,1.4714611552e-06,0.00036877587519,0.28379136288,1.7740064358e-05,7.3403560111e-05,4.1744269954e-06,0.00065955892806
409.5,5.8585719208e-07,1.2487602039e-06,2.0545786744e-06,3.7360620974e-07,4.6465461612e-07,1.6337000712e-07,8.6425567283e-07,1.3730530472e-06,7.1635923972e-05,1.6336574729e-07,2.4020316962e-07,1.3020858475e-06,0.0016045681877,1.6250471372e-06,1.4395248997e-07,7.581791079e-07,7.7540483844e-06,1.8806883342e-07,1.6112536816e-07,4.3771108939e-06,1.4437363603e-06,0.00036576247526,0.283599408,1.7497908532e-05,7.2599030302e-05,4.1051377358e-06,0.00065477943802
410.0,5.7364414844e-07,1.2248406428e-06,2.0174575084e-06,3.6543413176e-07,4.5472327573e-07,1.5948146172e-07,8.4699514553e-07,1.3470394671e-06,7.0849688945e-05,1.5947729327e-07,2.347032328e-07,1.277264886e-06,0.0015951000614,1.594859094e-06,1.4048301484e-07,7.428147475e-07,7.6356217297e-06,1.836548109e-07,1.5728498347e-07,4.3050792878e-06,1.4165426597e-06,0.00036277775458,0.28340853007,1.7259229676e-05,7.1804106104e-05,4.037031038e-06,0.00065004173496
410.5,5.6168804603e-07,1.2013862832e-06,1.9810205674e-06,3.5744190118e-07,4.4500581068e-07,1.5568560006e-07,8.3008354038e-07,1.3215267264e-06,7.0072850342e-05,1.5568152104e-07,2.2932966416e-07,1.2529245138e-06,0.0015857044031,1.5652418393e-06,1.3709722214e-07,7.27765214e-07,7.5190712269e-06,1.7934460614e-07,1.5353625386e-07,4.2342675198e-06,1.3898697158e-06,0.00035982140729,0.28321872308,1.7023975532e-05,7.1018664233e-05,3.9700861814e-06,0.00064534540214
411.0,5.4998343047e-07,1.1783879431e-06,1.9452549955e-06,3.4962553606e-07,4.3549758078e-07,1.5198020998e-07,8.1351372005e-07,1.2965050312e-06,6.9305287479e-05,1.5197621847e-07,2.2407955027e-07,1.2290552841e-06,0.0015763805613,1.5361843952e-06,1.3379309197e-07,7.1302398608e-07,7.4043661257e-06,1.751357722e-07,1.49876989e-07,4.1646543662e-06,1.3637073953e-06,0.0003568931311,0.28302998109,1.6792094661e-05,7.0242583091e-05,3.9042828173e-06,0.0006406900274
411.5,5.3852496415e-07,1.1558366241e-06,1.9101481827e-06,3.4198114314e-07,4.261940472e-07,1.4836313216e-07,7.9727869488e-07,1.2719647819e-06,6.8546881321e-05,1.483592263e-07,2.1895004506e-07,1.2056479383e-06,0.0015671278911,1.5076759986e-06,1.3056865322e-07,6.9858467896e-07,7.2914761959e-06,1.7102591992e-07,1.4630505097e-07,4.0962189822e-06,1.3380457652e-06,0.00035399262726,0.28284229818,1.6563536429e-05,6.9475742739e-05,3.8396009626e-06,0.00063607520318
412.0,5.2730742379e-07,1.1337235083e-06,1.8756877602e-06,3.3450491586e-07,4.1709077034e-07,1.4483225891e-07,7.8137161983e-07,1.2478965698e-06,6.779751446e-05,1.4482843687e-07,2.139383683e-07,1.1826934026e-06,0.0015579457542,1.4797060969e-06,1.274219824e-07,6.8444104146e-07,7.1803717186e-06,1.6701271658e-07,1.4281835304e-07,4.0289408948e-06,1.3128750889e-06,0.00035111960051,0.28265566849,1.6338250995e-05,6.8718024876e-05,3.776020993e-06,0.00063150052639
412.5,5.163256979e-07,1.112039954e-06,1.8418615958e-06,3.2719313242e-07,4.0818340755e-07,1.4138553291e-07,7.6578579144e-07,1.2242911724e-06,6.7057071093e-05,1.413817929e-07,2.090418041e-07,1.1601827838e-06,0.0015488335187,1.4522643432e-06,1.2435120246e-07,6.7058695324e-07,7.0710234771e-06,1.6309388456e-07,1.3941485837e-07,3.9627999962e-06,1.2881858219e-06,0.00034827375904,0.28247008617,1.6116189297e-05,6.7969312816e-05,3.713523636e-06,0.00062696559843
413.0,5.0557478441e-07,1.0907774925e-06,1.8086577892e-06,3.2004215389e-07,3.9946771109e-07,1.3802094599e-07,7.5051464484e-07,1.2011395504e-06,6.6325436993e-05,1.3801728626e-07,2.0425769936e-07,1.1381073662e-06,0.0015397905593,1.4253405934e-06,1.2135448172e-07,6.5701642198e-07,6.9634027485e-06,1.592672e-07,1.3609257888e-07,3.8977765369e-06,1.2639686083e-06,0.00034545481442,0.28228554544,1.589730304e-05,6.722949146e-05,3.6520899648e-06,0.00062247002508
413.5,4.950497883e-07,1.0699278244e-06,1.7760646678e-06,3.1304842234e-07,3.9093952595e-07,1.34736538e-07,7.3555175089e-07,1.1784328436e-06,6.5602499494e-05,1.3473295683e-07,1.9958346232e-07,1.1164586078e-06,0.0015308162569,1.3989249008e-06,1.1843003272e-07,6.4372358071e-07,6.8574812945e-06,1.5553049158e-07,1.3284957405e-07,3.8338511196e-06,1.2402142766e-06,0.0003426624816,0.28210204052,1.5681544684e-05,6.6498447279e-05,3.5917013921e-06,0.00061801341644
414.0,4.8474591928e-07,1.0494828163e-06,1.7440707817e-06,3.0620845904e-07,3.8259478788e-07,1.3153039561e-07,7.2089081334e-07,1.1561623676e-06,6.4888147464e-05,1.3152689131e-07,1.9501656119e-07,1.0952281364e-06,0.0015219099987,1.3730075134e-06,1.1557611117e-07,6.3070268515e-07,6.7532313536e-06,1.5188163923e-07,1.2968394977e-07,3.7710046921e-06,1.2169138366e-06,0.00033989647886,0.28191956571,1.5468867432e-05,6.5776068287e-05,3.5323396634e-06,0.00061359538695
414.5,4.7465848953e-07,1.0294344973e-06,1.7126648999e-06,2.9951886266e-07,3.7442952138e-07,1.2840065121e-07,7.0652566601e-07,1.13431961e-06,6.4182271283e-05,1.2839722215e-07,1.9055452271e-07,1.0744077468e-06,0.001513071178,1.3475788691e-06,1.1279101494e-07,6.1794811108e-07,6.6506256325e-06,1.4831857297e-07,1.2659385726e-07,3.7092185415e-06,1.1940584752e-06,0.00033715652772,0.28173811532,1.5259225215e-05,6.506224402e-05,3.473986851e-06,0.00060921555526
415.0,4.6478291148e-07,1.0097750558e-06,1.6818360057e-06,2.9297630759e-07,3.664398377e-07,1.2534548183e-07,6.9245027012e-07,1.1128962269e-06,6.3484762822e-05,1.253421264e-07,1.8619493078e-07,1.0539893971e-06,0.0015042991944,1.3226295927e-06,1.1007308297e-07,6.0545435189e-07,6.549637298e-06,1.4483927166e-07,1.2357749198e-07,3.6484742882e-06,1.1716395533e-06,0.00033444235296,0.2815576837,1.5052572684e-05,6.4356865515e-05,3.4166253485e-06,0.00060487354421
415.5,4.5511469569e-07,9.9049683633e-07,1.6515732926e-06,2.8657754218e-07,3.5862193301e-07,1.2236310805e-07,6.786587116e-07,1.0918840399e-06,6.2795515422e-05,1.2235982468e-07,1.8193542519e-07,1.0339652053e-06,0.0014955934535,1.2981504916e-06,1.0742069436e-07,5.93216016e-07,6.4502399688e-06,1.414417619e-07,1.2063309254e-07,3.5887538789e-06,1.1496486019e-06,0.00033175368255,0.28137826525,1.4848865196e-05,6.3659825288e-05,3.3602378643e-06,0.00060056898079
416.0,4.4564944868e-07,9.715923362e-07,1.6218661605e-06,2.8031938714e-07,3.5097208645e-07,1.1945179297e-07,6.6514519852e-07,1.0712750324e-06,6.2114423872e-05,1.1944858011e-07,1.7777370028e-07,1.0143274465e-06,0.0014869533668,1.2741325524e-06,1.0483226732e-07,5.8122782449e-07,6.3524077081e-06,1.3812411687e-07,1.1775893968e-07,3.5300395819e-06,1.128077319e-06,0.00032909024761,0.28119985438,1.4648058804e-05,6.2971017313e-05,3.3048074161e-06,0.00059630149608
416.5,4.3638287088e-07,9.5305420256e-07,1.5927042113e-06,2.7419873387e-07,3.434866584e-07,1.1660984119e-07,6.5190405848e-07,1.0510613464e-06,6.1441384388e-05,1.1660669734e-07,1.7370750368e-07,9.9506854911e-07,0.0014783783519,1.2505669374e-06,1.0230625829e-07,5.694846087e-07,6.2561150157e-06,1.3488445524e-07,1.149533553e-07,3.4723139801e-06,1.1069175664e-06,0.00032645178237,0.28102244557,1.4450110244e-05,6.2290336999e-05,3.2503173253e-06,0.0005920707252
417.0,4.2731075463e-07,9.3487522932e-07,1.5640772452e-06,2.6821254294e-07,3.3616208859e-07,1.1383559781e-07,6.3892973617e-07,1.0312352794e-06,6.0776294595e-05,1.1383252149e-07,1.6973463509e-07,9.7618109225e-07,0.001469867832,1.2274449813e-06,9.9841160968e-08,5.5798130794e-07,6.1613368201e-06,1.3172094009e-07,1.1221470141e-07,3.4155599659e-06,1.0861613657e-06,0.00032383802413,0.28084603332,1.4254976925e-05,6.1617681172e-05,3.1967512111e-06,0.00058787630725
417.5,4.1842898215e-07,9.1704835417e-07,1.5359752568e-06,2.6235784248e-07,3.2899489444e-07,1.1112744748e-07,6.2621679091e-07,1.0117892815e-06,6.0119053502e-05,1.1112443724e-07,1.6585294506e-07,9.5765780256e-07,0.0014614212365,1.2047581872e-06,9.7435505447e-08,5.4671296714e-07,6.0680484717e-06,1.2863177786e-07,1.0954137921e-07,3.3597607357e-06,1.0658008961e-06,0.00032124871325,0.28067061215,1.4062616918e-05,6.0952948056e-05,3.1440929857e-06,0.0005837178853
418.0,4.0973352366e-07,8.995666557e-07,1.5083884313e-06,2.566317267e-07,3.2198166933e-07,1.0848381343e-07,6.1375989422e-07,9.9271595187e-07,5.9469561487e-05,1.0848086787e-07,1.6206033381e-07,9.3949155117e-07,0.0014530380001,1.1824982239e-06,9.5087857308e-08,5.3567473468e-07,5.9762257347e-06,1.2561521732e-07,1.0693182813e-07,3.3048997837e-06,1.0458284903e-06,0.00031868359306,0.28049617664,1.3872988948e-05,6.0296037246e-05,3.0923268483e-06,0.00057959510629
418.5,4.0122043542e-07,8.8242335051e-07,1.4813071408e-06,2.5103135443e-07,3.1511908089e-07,1.0590315657e-07,6.0155382754e-07,9.7400803597e-07,5.8827720275e-05,1.0590027429e-07,1.5835475007e-07,9.2167535085e-07,0.0014447175634,1.1606569224e-06,9.2796816773e-08,5.2486186019e-07,5.8858447808e-06,1.2266954858e-07,1.0438452495e-07,3.2509608972e-06,1.0262366322e-06,0.00031614240987,0.2803227214,1.3686052376e-05,5.9646849698e-05,3.0414372799e-06,0.00057550762102
419.0,3.9288585793e-07,8.6561179043e-07,1.4547219408e-06,2.4555394764e-07,3.0840386945e-07,1.0338397456e-07,5.8959347992e-07,9.5565842274e-07,5.8193432919e-05,1.0338115421e-07,1.5473419001e-07,9.0420235315e-07,0.0014364593725,1.1392262724e-06,9.0561017872e-08,5.1426969241e-07,5.7968821814e-06,1.1979310211e-07,1.0189798287e-07,3.1979281508e-06,1.0070179535e-06,0.0003136249129,0.28015024107,1.3501767197e-05,5.9005287702e-05,2.9914090388e-06,0.00057145508412
419.5,3.847260141e-07,8.4912545983e-07,1.4286235664e-06,2.4019679003e-07,3.0183284634e-07,1.0092480096e-07,5.7787384573e-07,9.376601416e-07,5.7566603782e-05,1.0092204122e-07,1.5119669604e-07,8.8706584557e-07,0.0014282628792,1.1181984196e-06,8.8379127616e-08,5.0389367713e-07,5.7093149012e-06,1.1698424775e-07,9.9470750635e-08,3.1457859013e-06,9.881652307e-07,0.00031113085427,0.27997873032,1.3320094026e-05,5.8371254867e-05,2.9422271546e-06,0.00056743715394
420.0,3.7673720746e-07,8.3295797287e-07,1.4030029292e-06,2.3495722569e-07,2.9540289244e-07,9.8524204356e-08,5.6639002252e-07,9.2000635961e-07,5.6947138515e-05,9.8521503932e-08,1.4774035584e-07,8.7025924885e-07,0.0014201275406,1.0975656624e-06,8.6249845209e-08,4.9372935508e-07,5.6231202912e-06,1.1424139386e-07,9.7101411713e-08,3.0945187829e-06,9.6967138236e-07,0.00030865998893,0.27980818386,1.3140994087e-05,5.7744656099e-05,2.8938769242e-06,0.00056345349257
420.5,3.6891582042e-07,8.1710307093e-07,1.3778511135e-06,2.2983265769e-07,2.8911095657e-07,9.6180787533e-08,5.5513720885e-07,9.0269037879e-07,5.6334944043e-05,9.6178145151e-08,1.4436330123e-07,8.5377611428e-07,0.0014120528193,1.0773204489e-06,8.4171901265e-08,4.8377236001e-07,5.5382760818e-06,1.1156298633e-07,9.4788583446e-08,3.0441117015e-06,9.5152946625e-07,0.00030621207469,0.27963859643,1.2964429206e-05,5.7125397587e-05,2.8463439059e-06,0.00055950376577
421.0,3.6125831262e-07,8.0155462002e-07,1.353159373e-06,2.2482054682e-07,2.8295405405e-07,9.3893186639e-08,5.4411070218e-07,8.8570563337e-07,5.5729928545e-05,9.3890601057e-08,1.4106370722e-07,8.3761012109e-07,0.0014040381834,1.0574553739e-06,8.2144057049e-08,4.7401841666e-07,5.4547603767e-06,1.089475077e-07,9.2530916239e-08,2.9945498305e-06,9.3373267651e-07,0.00030378687208,0.27946996283,1.2790361797e-05,5.6513386779e-05,2.7996139156e-06,0.00055558764292
421.5,3.537612192e-07,7.8630660827e-07,1.3289191279e-06,2.1991841026e-07,2.7692926519e-07,9.1660070401e-08,5.3330589682e-07,8.6904568712e-07,5.5132001434e-05,9.1657540404e-08,1.3783979095e-07,8.2175507383e-07,0.0013960831059,1.0379631763e-06,8.0165103741e-08,4.6446333888e-07,5.3725516462e-06,1.0639347637e-07,9.0327092771e-08,2.9458186052e-06,9.1627434099e-07,0.00030138414442,0.27930227784,1.2618754859e-05,5.590853237e-05,2.7536730215e-06,0.00055170479699
422.0,3.4642114922e-07,7.7135314347e-07,1.3051219611e-06,2.1512382034e-07,2.7103373392e-07,8.9480139343e-08,5.2271828188e-07,8.5270423081e-07,5.4541073345e-05,8.947766374e-08,1.3468981073e-07,8.062048999e-07,0.0013881870654,1.0188367357e-06,7.8233861705e-08,4.5510302776e-07,5.2916287208e-06,1.0389944564e-07,8.817582722e-08,2.8979037188e-06,8.9914791853e-07,0.00029900365773,0.27913553633,1.2449571961e-05,5.5310744279e-05,2.7085075397e-06,0.00054785490448
422.5,3.3923478408e-07,7.5668845062e-07,1.2817596157e-06,2.104344033e-07,2.6526466637e-07,8.7352125024e-08,5.1234343937e-07,8.3667507965e-07,5.395705611e-05,8.7349702651e-08,1.316120651e-07,7.9095364706e-07,0.0013803495457,1.0000690702e-06,7.6349179792e-08,4.4593346976e-07,5.2119707852e-06,1.0146400298e-07,8.6075864515e-08,2.8507911173e-06,8.823469964e-07,0.0002966451807,0.27896973317,1.2282777234e-05,5.4719933636e-05,2.6641040296e-06,0.00054403764541
423.0,3.321988759e-07,7.4230686961e-07,1.2588239913e-06,2.0584783808e-07,2.5961932948e-07,8.5274789297e-08,5.0217704216e-07,8.2095217076e-07,5.3379862747e-05,8.5272419013e-08,1.2860489189e-07,7.7599548098e-07,0.0013725700354,9.8165333314e-07,7.4509934647e-08,4.3695073494e-07,5.1335573719e-06,9.9085769174e-08,8.4025979589e-08,2.8044669948e-06,8.6586528768e-07,0.00029430848467,0.27880486326,1.2118335365e-05,5.4136012762e-05,2.6204492895e-06,0.00054025270324
423.5,3.2531024607e-07,7.2820285289e-07,1.2363071413e-06,2.0136185517e-07,2.5409504971e-07,8.3246923582e-08,4.922148522e-07,8.0552956079e-07,5.2809407441e-05,8.3244604273e-08,1.2566666731e-07,7.6132468292e-07,0.0013648480285,9.6358281096e-07,7.2715030037e-08,4.2815097521e-07,5.0563683556e-06,9.6763397533e-08,8.2024976672e-08,2.7589177894e-06,8.4969662882e-07,0.00029199334361,0.27864092156,1.1956211584e-05,5.3558895152e-05,2.5775303525e-06,0.00053649976486
424.0,3.1856578373e-07,7.1437096317e-07,1.2142012699e-06,1.9697423543e-07,2.4868921172e-07,8.1267348163e-08,4.8245271858e-07,7.9040142348e-07,5.2245605527e-05,8.1265078737e-08,1.2279580505e-07,7.4693564738e-07,0.0013571830238,9.4585092016e-07,7.09633962e-08,4.1953042257e-07,4.980383947e-06,9.4495573145e-08,8.0071688581e-08,2.7141301785e-06,8.3383497714e-07,0.00028969953403,0.27847790303,1.1796371657e-05,5.298849546e-05,2.5353344817e-06,0.00053277852053
424.5,3.119624443e-07,7.0080587124e-07,1.1924987292e-06,1.9268280896e-07,2.4339925707e-07,7.9334911496e-08,4.7288657577e-07,7.7556204736e-07,5.1688373475e-05,7.9332690883e-08,1.1999075543e-07,7.3282287984e-07,0.0013495745253,9.2845120496e-07,6.92539892e-08,4.1108538744e-07,4.9055846871e-06,9.228101211e-08,7.8164976041e-08,2.6700910747e-06,8.1827440842e-07,0.00028742683503,0.27831580269,1.1638781878e-05,5.2424729482e-05,2.4938491665e-06,0.00052908866385
425.0,3.0549724807e-07,6.8750235377e-07,1.1711920161e-06,1.8848545402e-07,2.38222683e-07,7.7448489532e-08,4.6351244181e-07,7.6100583341e-07,5.1137628873e-05,7.7446316688e-08,1.1725000453e-07,7.1898099449e-07,0.0013420220416,9.1137733469e-07,6.7585790307e-08,4.0281225704e-07,4.8319514415e-06,9.0118460814e-08,7.6303727013e-08,2.6267876211e-06,8.0300911459e-07,0.00028517502819,0.27815461557,1.1483409061e-05,5.1867514139e-05,2.4530621182e-06,0.00052542989171
425.5,2.9916727882e-07,6.7445529118e-07,1.15027377e-06,1.8438009598e-07,2.3315704121e-07,7.5606985065e-08,4.5432641659e-07,7.4672729287e-07,5.0593290409e-05,7.5604858966e-08,1.145720734e-07,7.054047121e-07,0.0013345250863,8.9462310135e-07,6.5957805385e-08,3.9470749373e-07,4.759465395e-06,8.8006695208e-08,7.4486856046e-08,2.5842071878e-06,7.8803340135e-07,0.0002829438976,0.27799433675,1.133022053e-05,5.1316767462e-05,2.4129612662e-06,0.00052180190429
426.0,2.9296968243e-07,6.6165966554e-07,1.1297367695e-06,1.803647062e-07,2.2819993664e-07,7.3809327088e-08,4.4532468015e-07,7.3272104496e-07,5.0055277861e-05,7.3807246732e-08,1.119555172e-07,6.9208885787e-07,0.0013270831778,8.7818241721e-07,6.4369064301e-08,3.8676763347e-07,4.6881080459e-06,8.5944520113e-08,7.2713303635e-08,2.5423373672e-06,7.7334168597e-07,0.00028073322981,0.27783496133,1.117918411e-05,5.0772408575e-05,2.3735347537e-06,0.00051820440494
426.5,2.8690166555e-07,6.4911055854e-07,1.10957393e-06,1.7643730105e-07,2.2334902633e-07,7.2054470164e-08,4.3650349102e-07,7.1898181482e-07,4.9523512077e-05,7.205243457e-08,1.0939892444e-07,6.790283593e-07,0.0013196958394,8.6204931241e-07,6.2818620341e-08,3.7898928424e-07,4.6178612004e-06,8.3930768536e-08,7.0982035608e-08,2.5011659702e-06,7.5892849502e-07,0.00027854281376,0.27767648443,1.1030268124e-05,5.0234357684e-05,2.3347709342e-06,0.00051463710024
427.0,2.8096049433e-07,6.3680314947e-07,1.0897783013e-06,1.7259594092e-07,2.1860201828e-07,7.0341393818e-08,4.2785918454e-07,7.0550443129e-07,4.8997914961e-05,7.0339402028e-08,1.0690091621e-07,6.6621824418e-07,0.0013123625987,8.4621793268e-07,6.1305549649e-08,3.7136912456e-07,4.548706968e-06,8.1964301004e-08,6.9292042511e-08,2.4606810225e-06,7.4478846223e-07,0.00027637244082,0.27751890124,1.0883441377e-05,4.9702536053e-05,2.2966583674e-06,0.00051109969989
427.5,2.7514349307e-07,6.2473271328e-07,1.0703430643e-06,1.688387292e-07,2.1395667032e-07,6.866910194e-08,4.1938817136e-07,6.9228382493e-07,4.8478409457e-05,6.8667153015e-08,1.0446014542e-07,6.5365363855e-07,0.0013050829883,8.3068253703e-07,5.9828950672e-08,3.6390390197e-07,4.4806277557e-06,8.0044004912e-08,6.7642339021e-08,2.4208707602e-06,7.3091632636e-07,0.0002742219047,0.27736220693,1.0738673158e-05,4.9176865999e-05,2.2591858156e-06,0.00050759191671
428.0,2.6944804305e-07,6.1289461861e-07,1.0512615293e-06,1.6516381132e-07,2.09410789e-07,6.70366222e-08,4.1108693577e-07,6.7931502594e-07,4.7964919538e-05,6.7034715221e-08,1.0207529604e-07,6.4132976475e-07,0.0012978565453,8.1543749555e-07,5.8387943618e-08,3.565904316e-07,4.4136062631e-06,7.8168793894e-08,6.6031963368e-08,2.3817236266e-06,7.1730692909e-07,0.00027209100146,0.27720639674,1.0595933223e-05,4.8657270869e-05,2.22234224e-06,0.00050411346658
428.5,2.6387158126e-07,6.0128432596e-07,1.0325271329e-06,1.6156937386e-07,2.0496222857e-07,6.5443005481e-08,4.0295203424e-07,6.6659316218e-07,4.7457370187e-05,6.5441139549e-08,9.9745082415e-08,6.2924193946e-07,0.0012906828112,8.004772872e-07,5.6981669938e-08,3.4942559478e-07,4.3476254773e-06,7.6337607196e-08,6.4459976772e-08,2.343228268e-06,7.0395521299e-07,0.00026997952948,0.27705146592,1.0455191793e-05,4.8143675032e-05,2.1861167971e-06,0.00050066406842
429.0,2.584115992e-07,5.8989738581e-07,1.0141334359e-06,1.5805364358e-07,2.006088899e-07,6.3887325325e-08,3.9498009391e-07,6.5411345723e-07,4.6955687385e-05,6.388549956e-08,9.7468248561e-08,6.1738557186e-07,0.0012835613322,7.8579649769e-07,5.5609291807e-08,3.4240633758e-07,4.2826686682e-06,7.4549409073e-08,6.292546289e-08,2.3053735303e-06,6.9085621953e-07,0.00026788728938,0.27689740976,1.0316419547e-05,4.7636003858e-05,2.150498835e-06,0.00049724344417
429.5,2.5306564176e-07,5.7872943679e-07,9.9607412065e-07,1.5461488656e-07,1.9634871949e-07,6.2368677391e-08,3.8716781109e-07,6.4187122849e-07,4.6459798099e-05,6.2366890931e-08,9.5243567451e-08,6.0575616173e-07,0.0012764916588,7.7138981738e-07,5.4269991623e-08,3.3552966953e-07,4.2187193832e-06,7.2803188202e-08,6.1427527281e-08,2.2681484552e-06,6.7800508708e-07,0.00026581408406,0.27674422357,1.017958761e-05,4.7134183711e-05,2.1154778903e-06,0.00049385131872
430.0,2.47831306e-07,5.6777620398e-07,9.7834298902e-07,1.5125140728e-07,1.9217970842e-07,6.0886178924e-08,3.7951194987e-07,6.2986188529e-07,4.5969630263e-05,6.0884430926e-08,9.3069840363e-08,5.9434929765e-07,0.0012694733459,7.5725203921e-07,5.2962971523e-08,3.2879266222e-07,4.1557614432e-06,7.1097957098e-08,5.9965296882e-08,2.2315422769e-06,6.6539704902e-07,0.00026375971865,0.2765919027,1.0044667552e-05,4.663814193e-05,2.0810436842e-06,0.00049048741988
430.5,2.4270624011e-07,5.5703349709e-07,9.6093395986e-07,1.4796154782e-07,1.8809989142e-07,5.943896824e-08,3.7200934068e-07,6.1808092705e-07,4.5485112768e-05,5.943725788e-08,9.0945896223e-08,5.8316065525e-07,0.0012625059528,7.433780567e-07,5.1687452902e-08,3.2219244804e-07,4.0937789371e-06,6.9432751559e-08,5.8537919496e-08,2.1955444184e-06,6.5302743186e-07,0.00026172400045,0.27644044252,9.9116313746e-06,4.6147806816e-05,2.0471861197e-06,0.00048715147837
431.0,2.3768814224e-07,5.4649720882e-07,9.4384106687e-07,1.4474368698e-07,1.8410734593e-07,5.8026204226e-08,3.6465687895e-07,6.0652394154e-07,4.5006175449e-05,5.8024530696e-08,8.8870590964e-08,5.7218599541e-07,0.0012555890432,7.2976286199e-07,5.044267595e-08,3.157262189e-07,4.0327562177e-06,6.7806630109e-08,5.7144563292e-08,2.1601444884e-06,6.4089165335e-07,0.00025970673894,0.27628983843,9.7804515097e-06,4.5663107621e-05,2.0138952778e-06,0.00048384322777
431.5,2.3277475949e-07,5.3616331317e-07,9.270584563e-07,1.4159623948e-07,1.8020019108e-07,5.6647065844e-08,3.5745152371e-07,5.9518660304e-07,4.453274907e-05,5.6645428354e-08,8.6842806899e-08,5.6142116262e-07,0.0012487221847,7.1640154387e-07,4.9227899196e-08,3.0939122496e-07,3.972677897e-06,6.6218673463e-08,5.5784416318e-08,2.1253322778e-06,6.2898522071e-07,0.00025770774576,0.27614008587,9.6511008095e-06,4.5183974531e-05,1.9811614145e-06,0.00048056240451
432.0,2.2796388682e-07,5.260278638e-07,9.1058038488e-07,1.3851765516e-07,1.7637658689e-07,5.530075165e-08,3.5039029632e-07,5.8406467069e-07,4.4064765309e-05,5.5299149428e-08,8.4861452116e-08,5.5086208324e-07,0.0012419049495,7.032892859e-07,4.8042399067e-08,3.0318477344e-07,3.9135288421e-06,6.4667984007e-08,5.4456686025e-08,2.0910977562e-06,6.1730372886e-07,0.00025572683465,0.2759911803,9.5235525406e-06,4.4710338657e-05,1.9489749579e-06,0.00047730874777
432.5,2.2325336603e-07,5.1608699245e-07,8.9440121765e-07,1.3550641818e-07,1.7263473328e-07,5.3986479333e-08,3.4347027915e-07,5.7315398676e-07,4.3602156753e-05,5.3984911621e-08,8.2925459875e-08,5.4050476394e-07,0.0012351369138,6.9042136456e-07,4.6885469455e-08,2.9710422739e-07,3.8552941703e-06,6.3153685279e-08,5.3160598806e-08,2.0574310691e-06,6.0584285864e-07,0.00025376382143,0.2758431172,9.3977803774e-06,4.4242132018e-05,1.9173265045e-06,0.00047408199955
433.0,2.1864108478e-07,5.0633690737e-07,8.7851542587e-07,1.3256104627e-07,1.6897286928e-07,5.2703485248e-08,3.3668861433e-07,5.6245047501e-07,4.3144856874e-05,5.2701951306e-08,8.1033788031e-08,5.3034529003e-07,0.0012284176579,6.7779314742e-07,4.5756421295e-08,2.9114700455e-07,3.7979592452e-06,6.1674921477e-08,5.1895399536e-08,2.0243225346e-06,5.9459837516e-07,0.00025181852401,0.2756958921,9.2737583958e-06,4.3779287533e-05,1.8862068168e-06,0.00047088190454
433.5,2.1412497559e-07,4.9677389176e-07,8.6291758501e-07,1.2968009e-07,1.6538927208e-07,5.1451023978e-08,3.3004250251e-07,5.5195013906e-07,4.2692800027e-05,5.1449523082e-08,7.9185418461e-08,5.2037982391e-07,0.0012217467661,6.6540009134e-07,4.4654582153e-08,2.8531057618e-07,3.7415096727e-06,6.0230856965e-08,5.0660351137e-08,1.9917626399e-06,5.8356612608e-07,0.00024989076233,0.27554950054,9.1514610665e-06,4.3321739001e-05,1.8556068198e-06,0.00046770821015
434.0,2.0970301486e-07,4.8739430231e-07,8.4760237275e-07,1.2686213199e-07,1.6188225631e-07,5.0228367895e-08,3.2352920164e-07,5.4164906082e-07,4.2245921432e-05,5.0226899335e-08,7.7379356513e-08,5.1060460353e-07,0.001215123827,6.5323774077e-07,4.3579295826e-08,2.7959246597e-07,3.6859312961e-06,5.88206758e-08,4.9454734141e-08,1.9597420391e-06,5.7274204002e-07,0.00024798035833,0.27540393808,9.0308632492e-06,4.2869421099e-05,1.8255175984e-06,0.00046456066646
434.5,2.0537322198e-07,4.7819456768e-07,8.3256456698e-07,1.2410578628e-07,1.5845017311e-07,4.9034806733e-08,3.171460258e-07,5.3154339891e-07,4.1804157161e-05,4.9033369815e-08,7.5614630458e-08,5.010159409e-07,0.0012085484328,6.4130172597e-07,4.2529921945e-08,2.7399024888e-07,3.6312101928e-06,5.7443581265e-08,4.8277846272e-08,1.9282515494e-06,5.6212212494e-07,0.00024608713598,0.27525920034,8.9119401859e-06,4.2422269359e-05,1.7959303942e-06,0.00046143902617
435.0,2.0113365835e-07,4.6917118712e-07,8.1779904394e-07,1.2140969754e-07,1.5509140941e-07,4.7869647178e-08,3.10890344e-07,5.2162938715e-07,4.1367444132e-05,4.7868241222e-08,7.3890290963e-08,4.9161022058e-07,0.0012020201801,6.2958776137e-07,4.1505835601e-08,2.6850155017e-07,3.5773326703e-06,5.6098795417e-08,4.7129002032e-08,1.8972821485e-06,5.5170246657e-07,0.00024421092117,0.27511528294,8.7946674953e-06,4.1980220164e-05,1.766836603e-06,0.00045834304462
435.5,1.9698242653e-07,4.6032072896e-07,8.0330077626e-07,1.1877254046e-07,1.5180438712e-07,4.6732212457e-08,3.047595791e-07,5.1190333308e-07,4.093572009e-05,4.67308368e-08,7.2205410574e-08,4.8238389824e-07,0.0011955386689,6.1809164393e-07,4.0506426963e-08,2.6312404422e-07,3.5242852616e-06,5.4785558643e-08,4.6007532302e-08,1.866824972e-06,5.4147922685e-07,0.00024235154177,0.27497218154,8.6790211666e-06,4.1543210733e-05,1.7382277718e-06,0.0004552724797
436.0,1.9291766934e-07,4.5163982934e-07,7.890648312e-07,1.1619301906e-07,1.4858756236e-07,4.5621841948e-08,2.9875120665e-07,5.0236161644e-07,4.0508923601e-05,4.5620495939e-08,7.0559083206e-08,4.7333349927e-07,0.0011891035034,6.0680925148e-07,3.953110092e-08,2.5785545362e-07,3.4720547221e-06,5.3503129226e-08,4.4912783948e-08,1.83687131e-06,5.3144864248e-07,0.00024050882755,0.27482989181,8.5649775536e-06,4.1111179109e-05,1.7100955964e-06,0.00045222709185
436.5,1.8893756897e-07,4.4312519076e-07,7.7508636874e-07,1.1366986602e-07,1.4543942472e-07,4.4537890792e-08,2.9286275382e-07,4.9300068782e-07,4.0086994038e-05,4.4536573793e-08,6.8950423652e-08,4.6445561734e-07,0.0011827142915,5.9573654118e-07,3.8579276721e-08,2.5269354808e-07,3.4206280253e-06,5.2250782925e-08,4.384411944e-08,1.8074126047e-06,5.2160702338e-07,0.00023868261017,0.27468840948,8.4525133692e-06,4.0684064149e-05,1.682431918e-06,0.00044920664405
437.0,1.850403462e-07,4.3477358081e-07,7.613606399e-07,1.1120184204e-07,1.4235849654e-07,4.3479729515e-08,2.8709179833e-07,4.8381706718e-07,3.9669871569e-05,4.3478440904e-08,6.7378567102e-08,4.5574691307e-07,0.0011763706449,5.8486954796e-07,3.7650387632e-08,2.4763614347e-07,3.3699923596e-06,5.1027812559e-08,4.2800916479e-08,1.7784404478e-06,5.1195075127e-07,0.0002368727232,0.27454773026,8.3416056795e-06,4.026180551e-05,1.6552287215e-06,0.00044621090175
437.5,1.8122425952e-07,4.2658183082e-07,7.4788298492e-07,1.0878773526e-07,1.3934333218e-07,4.2446743662e-08,2.814359674e-07,4.7480734251e-07,3.9257497148e-05,4.244548283e-08,6.5842668665e-08,4.4720411271e-07,0.0011700721791,5.7420438299e-07,3.6743880595e-08,2.4268110088e-07,3.3201351242e-06,4.9833527607e-08,4.1782567632e-08,1.7499465773e-06,5.0247627826e-07,0.00023507900201,0.27440784993,8.2322318982e-06,3.9844343643e-05,1.6284781323e-06,0.00044323963288
438.0,1.7748760433e-07,4.1854683463e-07,7.3464883161e-07,1.0642636061e-07,1.3639251731e-07,4.1438333439e-08,2.7589293673e-07,4.6596816848e-07,3.8849812504e-05,4.1437099789e-08,6.4341902918e-08,4.3882400678e-07,0.0011638185131,5.637372322e-07,3.5859215898e-08,2.3782632563e-07,3.2710439257e-06,4.8667253814e-08,4.0788479976e-08,1.7219228756e-06,4.9318012546e-07,0.00023330128383,0.27426876427,8.1243697814e-06,3.9431619775e-05,1.602172414e-06,0.00044029260776
438.5,1.738287122e-07,4.1066554731e-07,7.2165369363e-07,1.041165592e-07,1.3350466826e-07,4.045391336e-08,2.7046042951e-07,4.5729626509e-07,3.8446760129e-05,4.0452706308e-08,6.2875463445e-08,4.3060344883e-07,0.0011576092698,5.534643548e-07,3.4995866854e-08,2.3306976637e-07,3.2227065745e-06,4.7528332807e-08,3.9818074752e-08,1.6943613662e-06,4.8405888158e-07,0.0002315394077,0.2741304691,8.0179974219e-06,3.9023575904e-05,1.5763039657e-06,0.00043736959918
439.0,1.7024595001e-07,4.0293498394e-07,7.0889316887e-07,1.0185719781e-07,1.3067843134e-07,3.9492911908e-08,2.6513621541e-07,4.4878841642e-07,3.8048283267e-05,3.9491730882e-08,6.1442562408e-08,4.225393542e-07,0.0011514440755,5.4338208187e-07,3.4153319485e-08,2.2840941418e-07,3.1751110815e-06,4.6416121719e-08,3.8870787023e-08,1.6672542118e-06,4.7510920166e-07,0.00022979321443,0.27399296025,7.9130932439e-06,3.8620154786e-05,1.5508653198e-06,0.00043447038224
439.5,1.667377193e-07,3.9535221843e-07,6.9636293784e-07,9.9647168221e-08,1.2791248214e-07,3.8554771199e-08,2.5991810964e-07,4.4044146932e-07,3.7654325905e-05,3.8553615641e-08,6.004243011e-08,4.1462869872e-07,0.0011453225602,5.3348681497e-07,3.3331072217e-08,2.2384330168e-07,3.1282456547e-06,4.5329992824e-08,3.794606535e-08,1.6405937113e-06,4.6632780569e-07,0.00022806254658,0.2738562336,7.809635998e-06,3.8221299926e-05,1.5258491398e-06,0.00043159473445
440.0,1.6330245542e-07,3.8791438233e-07,6.840587621e-07,9.748538674e-08,1.2520552498e-07,3.7638946659e-08,2.5480397201e-07,4.3225233217e-07,3.7264832761e-05,3.7637816021e-08,5.8674314581e-08,4.0686851758e-07,0.0011392443575,5.2377502471e-07,3.2528635576e-08,2.1936950213e-07,3.0820986955e-06,4.4269333182e-08,3.7043371464e-08,1.6143722977e-06,4.5771147739e-07,0.0002263472485,0.27372028503,7.707604756e-06,3.7826955563e-05,1.5012482172e-06,0.00042874243559
440.5,1.5993862689e-07,3.8061866365e-07,6.7197648268e-07,9.5370793613e-08,1.2255629219e-07,3.6744906702e-08,2.4979170601e-07,4.2421797371e-07,3.6879749278e-05,3.674380045e-08,5.7337481166e-08,3.9925590411e-07,0.0011332091043,5.1424324945e-07,3.1745531903e-08,2.1498612862e-07,3.036658796e-06,4.3233544284e-08,3.6162179949e-08,1.5885825356e-06,4.4925706292e-07,0.0002246471662,0.27358511047,7.6069789058e-06,3.7437066666e-05,1.4770554702e-06,0.00042591326778
441.0,1.5664473467e-07,3.7346230578e-07,6.601120186e-07,9.3302352505e-08,1.1996354357e-07,3.5872132426e-08,2.448792579e-07,4.1633542176e-07,3.6499021609e-05,3.5871050034e-08,5.6031212123e-08,3.9178800863e-07,0.0011272164412,5.0488809398e-07,3.0981295061e-08,2.1069133325e-07,2.9919147353e-06,4.2222041719e-08,3.5301977942e-08,1.563217119e-06,4.4096146964e-07,0.00022296214744,0.27345070584,7.5077381462e-06,3.7051578921e-05,1.4532639404e-06,0.00042310701539
441.5,1.5341931143e-07,3.6644260638e-07,6.4846136535e-07,9.1279049978e-08,1.1742606576e-07,3.5020117301e-08,2.4006461583e-07,4.0860176214e-07,3.6122596607e-05,3.5019058257e-08,5.4754806238e-08,3.8446203732e-07,0.001121266012,4.957062282e-07,3.0235470163e-08,2.0648330625e-07,2.9478554765e-06,4.1234254834e-08,3.4462264827e-08,1.5382688686e-06,4.3282166495e-07,0.00022129204163,0.27331706712,7.4098624825e-06,3.667043872e-05,1.4298667916e-06,0.00042032346503
442.0,1.5026092093e-07,3.5955691626e-07,6.3702059345e-07,8.9299894981e-08,1.1494267164e-07,3.4188366883e-08,2.3534580898e-07,4.0101413743e-07,3.5750421822e-05,3.4187330686e-08,5.3507578436e-08,3.7727525111e-07,0.001115357464,4.8669438585e-07,2.9507613296e-08,2.0236027526e-07,2.9044701637e-06,4.0269626415e-08,3.3642551943e-08,1.51373073e-06,4.2483467506e-07,0.00021963669985,0.2731841903,7.3133322214e-06,3.6293593154e-05,1.4068573067e-06,0.00041756240553
442.5,1.4716815731e-07,3.5280263833e-07,6.25785847e-07,8.7363918355e-08,1.125121998e-07,3.337639852e-08,2.307209067e-07,3.9356974595e-07,3.5382445483e-05,3.3375384677e-08,5.2288859414e-08,3.7022496457e-07,0.001109490448,4.7784936329e-07,2.879729126e-08,1.9832050448e-07,2.8617481187e-06,3.9327612367e-08,3.28423623e-08,1.4895957712e-06,4.1699758384e-07,0.00021799597482,0.2730520714,7.2181279661e-06,3.5920989999e-05,1.3842288861e-06,0.00041482362792
443.0,1.4413964446e-07,3.461772266e-07,6.1475334232e-07,8.5470172343e-08,1.1013351394e-07,3.258374107e-08,2.261880177e-07,3.8626584057e-07,3.5018616494e-05,3.2582749102e-08,5.1097995275e-08,3.6330854487e-07,0.0011036646178,4.6916801827e-07,2.8104081304e-08,1.9436229398e-07,2.8196788383e-06,3.8407681405e-08,3.2061230299e-08,1.4658571805e-06,4.093075317e-07,0.00021636972089,0.27292070645,7.124230612e-06,3.5552577713e-05,1.3619750457e-06,0.00041210692541
443.5,1.4117403541e-07,3.3967818511e-07,6.0391936651e-07,8.3617730117e-08,1.0780550234e-07,3.1809934628e-08,2.2174528925e-07,3.7909972766e-07,3.4658884424e-05,3.1808964064e-08,4.9934347169e-08,3.5652341075e-07,0.0010978796308,4.6064726871e-07,2.7427570879e-08,1.9048397889e-07,2.7782519909e-06,3.7509314751e-08,3.1298701457e-08,1.4425082643e-06,4.0176171449e-07,0.00021475779398,0.27279009151,7.0316213422e-06,3.518830542e-05,1.3400894143e-06,0.00040941209333
444.0,1.3827001163e-07,3.3330306697e-07,5.9328027615e-07,8.1805685315e-08,1.0552707732e-07,3.1054530259e-08,2.1739090632e-07,3.7206876606e-07,3.4303199495e-05,3.1053580639e-08,4.8797290952e-08,3.4986703145e-07,0.0010921351474,4.5228409157e-07,2.6767357389e-08,1.8668392869e-07,2.7374574142e-06,3.6632005842e-08,3.0554332146e-08,1.4195424452e-06,3.9435738236e-07,0.00021316005163,0.27266022268,6.9402816223e-06,3.4828122906e-05,1.318565732e-06,0.00040673892913
444.5,1.3542628253e-07,3.2704947334e-07,5.8283249595e-07,8.0033151581e-08,1.0329717474e-07,3.0317089732e-08,2.1312309089e-07,3.65170366e-07,3.3951512576e-05,3.0316160606e-08,4.7686216839e-08,3.4333692571e-07,0.0010864308314,4.4407552168e-07,2.6123047951e-08,1.8296054651e-07,2.6972851119e-06,3.5775260039e-08,2.982768933e-08,1.3969532597e-06,3.8709183874e-07,0.00021157635292,0.27253109608,6.8501931968e-06,3.4471980606e-05,1.2973978481e-06,0.00040408723238
445.0,1.3264158478e-07,3.2091505254e-07,5.7257251747e-07,7.8299262124e-08,1.0111475344e-07,2.9597185267e-08,2.0894010114e-07,3.5840198812e-07,3.3603775175e-05,2.9596276193e-08,4.6600529079e-08,3.3693066086e-07,0.0010807663498,4.360186506e-07,2.549425916e-08,1.793122684e-07,2.6577252509e-06,3.4938594345e-08,2.9118350314e-08,1.3747343562e-06,3.7996243926e-07,0.00021000655847,0.27240270782,6.7613380842e-06,3.4119829599e-05,1.2765797191e-06,0.0004014568047
445.5,1.2991468177e-07,3.1489749902e-07,5.6249689784e-07,7.6603169286e-08,9.8978794781e-08,2.8894399285e-08,2.0484023069e-07,3.5176114246e-07,3.3259939424e-05,2.8893509833e-08,4.5539645626e-08,3.3064585175e-07,0.0010751413725,4.2811062555e-07,2.4880616863e-08,1.7573756266e-07,2.6187681588e-06,3.4121537133e-08,2.8425902494e-08,1.3528794932e-06,3.7296659075e-07,0.00020845053045,0.27227505408,6.6736985732e-06,3.3771621594e-05,1.256105407e-06,0.00039884744977
446.0,1.2724436301e-07,3.0899455253e-07,5.5260225851e-07,7.4944044111e-08,9.6888302137e-08,2.8208324165e-08,2.0082180791e-07,3.4524538746e-07,3.2919958079e-05,2.8207453913e-08,4.4502997826e-08,3.2448015989e-07,0.0010695555728,4.2034864829e-07,2.4281755931e-08,1.7223492919e-07,2.5804043211e-06,3.3323627876e-08,2.7749943118e-08,1.3313825372e-06,3.6610175021e-07,0.00020690813252,0.27214813103,6.5872572177e-06,3.3427308927e-05,1.2359690769e-06,0.00039625897328
446.5,1.246294436e-07,3.0320399716e-07,5.4288528401e-07,7.3321075937e-08,9.4842300418e-08,2.7538562006e-08,1.9688319518e-07,3.3885232905e-07,3.2583784504e-05,2.753771054e-08,4.3490030105e-08,3.1843129248e-07,0.0010640086268,4.1272997409e-07,2.3697320044e-08,1.6880289877e-07,2.5426243785e-06,3.2544416887e-08,2.709007905e-08,1.3102374607e-06,3.5936542385e-07,0.00020537922982,0.27202193488,6.5019968336e-06,3.3086844549e-05,1.2161649959e-06,0.00039369118293
447.0,1.2206876369e-07,2.9752366047e-07,5.333427208e-07,7.1733471982e-08,9.28398356e-08,2.6884724392e-08,1.9302278819e-07,3.3257961968e-07,3.2251372668e-05,2.6883891309e-08,4.2500199671e-08,3.1249700152e-07,0.001058500214,4.0525191069e-07,2.3126961479e-08,1.6544003249e-07,2.5054191243e-06,3.1783465061e-08,2.644592654e-08,1.2894383405e-06,3.5275516608e-07,0.00020386368899,0.27189646186,6.4179004939e-06,3.2750182016e-05,1.1966875306e-06,0.00039114388841
447.5,1.1956118791e-07,2.9195141265e-07,5.2397137604e-07,7.0180456956e-08,9.087997427e-08,2.624643217e-08,1.8923901527e-07,3.2642495742e-07,3.1922677134e-05,2.6245617074e-08,4.1532976214e-08,3.0667508293e-07,0.0010530300167,3.9791181723e-07,2.2570340901e-08,1.6214492105e-07,2.4687795017e-06,3.1040343626e-08,2.5817110998e-08,1.2689793559e-06,3.4626857862e-07,0.0002023613781,0.27177170822,6.3349515253e-06,3.2417275487e-05,1.1775311457e-06,0.00038861690135
448.0,1.1710560488e-07,2.8648516563e-07,5.1476811646e-07,6.8661272665e-08,8.8961803175e-08,2.5623315227e-08,1.8553033671e-07,3.2038608506e-07,3.1597653051e-05,2.5622517731e-08,4.0587841622e-08,3.0096337567e-07,0.0010475977201,3.9070710334e-07,2.2027127159e-08,1.589161842e-07,2.4326966015e-06,3.0314633902e-08,2.5203266779e-08,1.2488547866e-06,3.3990330952e-07,0.00020087216666,0.27164767024,6.2531335038e-06,3.2088079709e-05,1.1586904022e-06,0.00038611003533
448.5,1.1470092669e-07,2.8112287229e-07,5.0572986722e-07,6.7175177637e-08,8.7084428785e-08,2.5015012274e-08,1.8189524409e-07,3.1446078921e-07,3.1276256146e-05,2.5014231999e-08,3.9664289698e-08,2.9535976086e-07,0.0010422030126,3.8363522808e-07,2.1496997094e-08,1.5575247012e-07,2.3971616597e-06,2.9605927058e-08,2.4604036965e-08,1.2290590111e-06,3.3365705229e-07,0.00019939592563,0.2715243442,6.1724302512e-06,3.1762550011e-05,1.1401599556e-06,0.00038362310583
449.0,1.123460884e-07,2.7586252561e-07,4.9685361081e-07,6.5721446748e-08,8.5246976861e-08,2.4421170635e-08,1.7833225965e-07,3.0864689944e-07,3.0958442717e-05,2.442040721e-08,3.8761825884e-08,2.8986216099e-07,0.0010368455854,3.7669369902e-07,2.0979635338e-08,1.5265245478e-07,2.3621660547e-06,2.8913823885e-08,2.4019073158e-08,1.2095865049e-06,3.2752754499e-07,0.00019793252733,0.27140172643,6.0928258309e-06,3.1440642301e-05,1.1219345542e-06,0.00038115593022
449.5,1.1004004753e-07,2.7070215791e-07,4.8813638597e-07,6.429937086e-08,8.3448592041e-08,2.384144604e-08,1.7483993566e-07,3.0294228746e-07,3.0644169625e-05,2.3840699104e-08,3.7879966995e-08,2.844685391e-07,0.0010315251325,3.6988007129e-07,2.0474734133e-08,1.4961484145e-07,2.3277013052e-06,2.8237934567e-08,2.3448035278e-08,1.190431839e-06,3.2151256934e-07,0.00019648184549,0.27127981327,6.0143045444e-06,3.1122313049e-05,1.1040090376e-06,0.00037870832776
450.0,1.0778178363e-07,2.6563984005e-07,4.7957528658e-07,6.2908256469e-08,8.1688437422e-08,2.327550243e-08,1.714168538e-07,2.9734486626e-07,3.0333394286e-05,2.3274771627e-08,3.7018240954e-08,2.7917689793e-07,0.0010262413508,3.6319194666e-07,1.9981993144e-08,1.4663836005e-07,2.2937590676e-06,2.7577878457e-08,2.2890591361e-08,1.1715896778e-06,3.1560994991e-07,0.00019504375522,0.27115860109,5.9368509274e-06,3.0807519286e-05,1.0863783349e-06,0.00037628011955
450.5,1.0557029777e-07,2.6067368063e-07,4.7116746067e-07,6.1547425354e-08,7.9965694165e-08,2.2723011753e-08,1.6806162456e-07,2.9185258932e-07,3.0026074663e-05,2.2722296736e-08,3.6176186538e-08,2.7398527918e-07,0.0010209939403,3.5662697265e-07,1.9501119281e-08,1.4372176666e-07,2.2603311341e-06,2.6933283865e-08,2.2346417367e-08,1.1530547778e-06,3.0981755322e-07,0.00019361813296,0.27103808626,5.8604497466e-06,3.0496218597e-05,1.0690374634e-06,0.00037387112849
451.0,1.0340461208e-07,2.5580182531e-07,4.6291010935e-07,6.0216214243e-08,7.8279561099e-08,2.218365378e-08,1.6477288665e-07,2.8646344978e-07,2.9722169259e-05,2.2182954208e-08,3.5353353124e-08,2.6889176271e-07,0.0010157826035,3.5018284158e-07,1.9031826522e-08,1.4086384292e-07,2.2274094299e-06,2.6303787844e-08,2.1815196991e-08,1.1348219858e-06,3.0413328697e-07,0.00019220485651,0.2709182652,5.7850859953e-06,3.0188369107e-05,1.0519815264e-06,0.00037148117934
451.5,1.0128376933e-07,2.5102245603e-07,4.5480048582e-07,5.8913974475e-08,7.6629254337e-08,2.1657115913e-08,1.6154930638e-07,2.811754797e-07,2.9421637109e-05,2.1656431455e-08,3.4549300449e-08,2.6389446581e-07,0.0010106070457,3.4385728981e-07,1.8573835745e-08,1.3806339553e-07,2.1949860115e-06,2.5689035986e-08,2.1296621478e-08,1.1168862374e-06,2.9855509922e-07,0.00019080380498,0.27079913432,5.7107448909e-06,2.988392948e-05,1.0352057126e-06,0.00036911009861
452.0,9.9206832481e-08,2.4633379029e-07,4.468358944e-07,5.7640071684e-08,7.5014006905e-08,2.1143093007e-08,1.5838957717e-07,2.7598674928e-07,2.9124437774e-05,2.1142423336e-08,3.376359837e-08,2.5899154245e-07,0.0010054669752,3.3764809677e-07,1.8126874559e-08,1.3531925574e-07,2.1630530641e-06,2.5088682219e-08,2.0790389439e-08,1.0992425553e-06,2.9308097756e-07,0.00018941485878,0.27068069009,5.6374118705e-06,2.9582858909e-05,1.0187052937e-06,0.00036675771458
452.5,9.7172884238e-08,2.4173408044e-07,4.3901368951e-07,5.6393885477e-08,7.3433068365e-08,2.0641287188e-08,1.5529241893e-07,2.7089536607e-07,2.8830531335e-05,2.0640631987e-08,3.2995826627e-08,2.5418118255e-07,0.0010003621026,3.3155308423e-07,1.7690677145e-08,1.3263027881e-07,2.1316028996e-06,2.450238861e-08,2.0296206682e-08,1.081886048e-06,2.877089484e-07,0.00018803789964,0.27056292897,5.565072588e-06,2.9285117109e-05,1.0024756235e-06,0.0003644238573
453.0,9.5181026651e-08,2.3722161304e-07,4.3133127479e-07,5.5174809125e-08,7.1885704466e-08,2.0151407683e-08,1.5225657754e-07,2.6589947431e-07,2.853987838e-05,2.015076664e-08,3.224557462e-08,2.4946161127e-07,0.0009952921416,3.2557011539e-07,1.7264984094e-08,1.2999534353e-07,2.1006279545e-06,2.3929825176e-08,1.9813786032e-08,1.064811908e-06,2.8243707617e-07,0.00018667281054,0.27044584745,5.4937129107e-06,2.8990664311e-05,9.8651213604e-07,0.00036210835852
453.5,9.3230380693e-08,2.327947081e-07,4.2378610211e-07,5.3982249261e-08,7.0371196786e-08,1.967317065e-08,1.4928082431e-07,2.6099725414e-07,2.8252440005e-05,1.967254346e-08,3.1512441182e-08,2.4483108831e-07,0.00099025680834,3.1969709415e-07,1.6849542252e-08,1.2741335173e-07,2.0701207877e-06,2.3370669693e-08,1.9342847171e-08,1.0480154103e-06,2.7726346257e-07,0.00018531947573,0.27032944205,5.4233189159e-06,2.8699461252e-05,9.7081034463e-07,0.00035981105173
454.0,9.132008586e-08,2.2845171849e-07,4.1637567069e-07,5.2815625584e-08,6.888884239e-08,1.9206299009e-08,1.4636395547e-07,2.5618692095e-07,2.7968177802e-05,1.9205685374e-08,3.0796034365e-08,2.4028790725e-07,0.00098525582164,3.1393196428e-07,1.6444104573e-08,1.2488322779e-07,2.0400740788e-06,2.2824607517e-08,1.8883116468e-08,1.0314919115e-06,2.7218624587e-07,0.00018397778071,0.2702137093,5.3538768876e-06,2.8411469171e-05,9.5536584003e-07,0.00035753177209
454.5,8.944929978e-08,2.2419102923e-07,4.0909752618e-07,5.167437057e-08,6.7437953494e-08,1.8750522285e-08,1.4350479165e-07,2.5146672463e-07,2.7687053853e-05,1.8749921913e-08,3.0095971225e-08,2.3583039485e-07,0.00098028890294,3.0827270866e-07,1.6048429968e-08,1.2240391818e-07,2.0104806255e-06,2.2291331403e-08,1.8434326821e-08,1.0152368476e-06,2.6720360017e-07,0.00018264761221,0.27009864575,5.2853733136e-06,2.8126649804e-05,9.4017428929e-07,0.00035527035643
455.0,8.761719782e-08,2.2001105691e-07,4.0194925982e-07,5.0557929188e-08,6.6017857137e-08,1.830557645e-08,1.4070217738e-07,2.4683494894e-07,2.7409030724e-05,1.8304989054e-08,2.9411877616e-08,2.3145691043e-07,0.00097535577626,3.0271734853e-07,1.5662283162e-08,1.1997439102e-07,1.9813333421e-06,2.1770541328e-08,1.7996217505e-08,9.9924573308e-07,2.6231373473e-07,0.00018132885817,0.26998424798,5.2177948818e-06,2.784496537e-05,9.2523143433e-07,0.00035302664323
455.5,8.5822972719e-08,2.1591024901e-07,3.9492850752e-07,4.9465758624e-08,6.4627894857e-08,1.7871203765e-08,1.379549806e-07,2.4228991084e-07,2.7134071461e-05,1.7870629067e-08,2.8743387987e-08,2.2716584519e-07,0.00097045616814,2.9726394276e-07,1.5285434555e-08,1.1759363558e-07,1.9526252576e-06,2.1261944328e-08,1.7568534014e-08,9.8351415944e-07,2.5751489323e-07,0.00018002140775,0.26987051258,5.1511284778e-06,2.7566378573e-05,9.1053309067e-07,0.00035080047263
456.0,8.4065834212e-08,2.1188708333e-07,3.8803294908e-07,4.8397328009e-08,6.3267422375e-08,1.7447152635e-08,1.3526209218e-07,2.378299598e-07,2.6862139577e-05,1.744659036e-08,2.8090145182e-08,2.229556216e-07,0.0009655898077,2.9191058707e-07,1.4917660084e-08,1.152606619e-07,1.9243495133e-06,2.0765254326e-08,1.7151027913e-08,9.6803779374e-07,2.5280535317e-07,0.00017872515129,0.26975743617,5.0853611811e-06,2.729085259e-05,8.9607514603e-07,0.00034859168636
456.5,8.234500867e-08,2.0794006737e-07,3.8126030732e-07,4.7352118159e-08,6.1935809294e-08,1.7033177458e-08,1.3262242545e-07,2.334534772e-07,2.6593199052e-05,1.703262734e-08,2.7451800249e-08,2.1882469279e-07,0.00096075642653,2.8665541339e-07,1.4558741087e-08,1.1297450033e-07,1.8964993613e-06,2.0280191969e-08,1.6743456698e-08,9.5281237735e-07,2.4818342513e-07,0.00017743998029,0.26964501538,5.0204802629e-06,2.7018351066e-05,8.8185355917e-07,0.00034640012775
457.0,8.0659738748e-08,2.0406773774e-07,3.7460834727e-07,4.6329621308e-08,6.0632438791e-08,1.6629038488e-08,1.3003491576e-07,2.291588757e-07,2.6327214324e-05,1.6628500263e-08,2.6828012249e-08,2.1477154193e-07,0.0009559557587,2.814965891e-07,1.4208464179e-08,1.1073420111e-07,1.8690681628e-06,1.9806484475e-08,1.6345583649e-08,9.3783372462e-07,2.4364745219e-07,0.00017616578745,0.26953324687,4.9564731825e-06,2.6748838109e-05,8.6786435854e-07,0.00034422564172
457.5,7.900928304e-08,2.0026865958e-07,3.6807487539e-07,4.5329340866e-08,5.9356707324e-08,1.6234501686e-08,1.2749851999e-07,2.2494459861e-07,2.6064150284e-05,1.62339751e-08,2.6218448074e-08,2.1079468167e-07,0.00095118754072,2.7643231639e-07,1.3866621117e-08,1.0853883394e-07,1.8420493858e-06,1.9343865472e-08,1.5957177695e-08,9.230977216e-07,2.3919580925e-07,0.00017490246658,0.26942212731,4.8933275846e-06,2.6482278281e-05,8.5410364109e-07,0.00034206807476
458.0,7.7392915738e-08,1.9654142604e-07,3.6165773876e-07,4.4350791163e-08,5.8108024347e-08,1.5849338595e-08,1.2501221613e-07,2.208091193e-07,2.5803972266e-05,1.5848823395e-08,2.5622782263e-08,2.0689265349e-07,0.00094645151155,2.7146083157e-07,1.3533008682e-08,1.0638748762e-07,1.8154366037e-06,1.8892074853e-08,1.5578013276e-08,9.0860032479e-07,2.3482690246e-07,0.00017364991264,0.2693116534,4.8310312966e-06,2.6218636596e-05,8.4056757104e-07,0.00033992727488
458.5,7.5809926304e-08,1.9288465764e-07,3.5535482435e-07,4.3393497209e-08,5.6885812023e-08,1.5473326196e-08,1.2257500286e-07,2.167509406e-07,2.5546646047e-05,1.5472822138e-08,2.5040696829e-08,2.0306402722e-07,0.00094174741253,2.6658040439e-07,1.3207428555e-08,1.0427926962e-07,1.7892234936e-06,1.8450858624e-08,1.5207870214e-08,8.9433755989e-07,2.3053916854e-07,0.00017240802173,0.26920182185,4.7695723257e-06,2.5957878509e-05,8.2725237872e-07,0.00033780309164
459.0,7.4259619142e-08,1.8929700183e-07,3.4916405826e-07,4.2456994464e-08,5.5689504955e-08,1.5106246787e-08,1.201858991e-07,2.1276859425e-07,2.5292137837e-05,1.510575363e-08,2.4471881083e-08,1.9930740042e-07,0.00093707498739,2.6178933745e-07,1.2889687198e-08,1.0221330571e-07,1.763403834e-06,1.8019968759e-08,1.4846533585e-08,8.8030552058e-07,2.2633107424e-07,0.00017117669102,0.26909262939,4.7089388561e-06,2.5699969913e-05,8.1415435938e-07,0.0003356953761
459.5,7.2741313284e-08,1.8577713237e-07,3.4308340493e-07,4.1540828597e-08,5.451854991e-08,1.474788785e-08,1.1784394362e-07,2.088606403e-07,2.5040414275e-05,1.474740536e-08,2.3916031472e-08,1.9562139784e-07,0.0009324339822,2.570859655e-07,1.2579595742e-08,1.0018873957e-07,1.737971504e-06,1.7599163066e-08,1.449379359e-08,8.6650036735e-07,2.2220111574e-07,0.00016995581881,0.26898407278,4.6491192462e-06,2.5444877134e-05,8.0126987204e-07,0.00033360398083
460.0,7.1254342079e-08,1.8232374887e-07,3.371108665e-07,4.0644555268e-08,5.3372405558e-08,1.4398041933e-08,1.1554819463e-07,2.0502566658e-07,2.4791442421e-05,1.4397569878e-08,2.3372851407e-08,1.9200467092e-07,0.00092782414535,2.5246865488e-07,1.2276969869e-08,9.8204732413e-08,1.7129204808e-06,1.7188205043e-08,1.4149445436e-08,8.5291832631e-07,2.1814781808e-07,0.00016874530446,0.2688761488,4.590102026e-06,2.5192566922e-05,7.8859533839e-07,0.00033152875986
460.5,6.979805289e-08,1.7893557625e-07,3.3124448204e-07,3.9767739903e-08,5.2250542216e-08,1.4056506521e-08,1.1329772935e-07,2.0126228813e-07,2.4545189753e-05,1.4056044678e-08,2.284205111e-08,1.8845589724e-07,0.00092324522757,2.4793580287e-07,1.1981629707e-08,9.6260462648e-08,1.6882448387e-06,1.6786863745e-08,1.3813289213e-08,8.3955568805e-07,2.1416973456e-07,0.00016754504842,0.26876885422,4.5318758947e-06,2.4943006448e-05,7.7612724163e-07,0.0003294695687
461.0,6.8371806795e-08,1.7561136423e-07,3.2548232686e-07,3.890995748e-08,5.1152441592e-08,1.3723083929e-08,1.1109164368e-07,1.9756914671e-07,2.4301624159e-05,1.3722632077e-08,2.2323347451e-08,1.8497377999e-07,0.00091869698182,2.4348583711e-07,1.1693399722e-08,9.4355125501e-08,1.663938747e-06,1.6394913658e-08,1.3485129783e-08,8.2640880649e-07,2.1026544625e-07,0.00016635495219,0.26866218586,4.4744297176e-06,2.4696163299e-05,7.6386212548e-07,0.00032742626429
461.5,6.6974978297e-08,1.7234988689e-07,3.1982251188e-07,3.8070792318e-08,5.0077596539e-08,1.3397581176e-08,1.0892905175e-07,1.9394491022e-07,2.4060713935e-05,1.33971391e-08,2.18164638e-08,1.815570475e-07,0.00091417916335,2.3911721502e-07,1.1412108611e-08,9.2487932676e-08,1.6399964688e-06,1.6012134565e-08,1.316477666e-08,8.134740978e-07,2.0643356142e-07,0.00016517491831,0.26855614055,4.4177525241e-06,2.4452005468e-05,7.51796593e-07,0.000325398705
462.0,6.560695504e-08,1.6914994213e-07,3.1426318287e-07,3.7249837866e-08,4.9025510817e-08,1.3079809881e-08,1.0680908563e-07,1.9038827225e-07,2.3822427774e-05,1.307937737e-08,2.1321129872e-08,1.7820445272e-07,0.00090969152964,2.3482842321e-07,1.1137589201e-08,9.065811201e-08,1.6164123592e-06,1.5638311423e-08,1.2852043901e-08,8.0074803929e-07,2.0267271499e-07,0.00016400485035,0.26845071513,4.3618335046e-06,2.4210501352e-05,7.3992730564e-07,0.00032338675063
462.5,6.426713753e-08,1.6601035124e-07,3.0880251989e-07,3.6446696509e-08,4.7995698852e-08,1.2769586149e-08,1.0473089486e-07,1.8689795152e-07,2.3586734767e-05,1.2769162996e-08,2.0837081586e-08,1.7491477276e-07,0.00090523384037,2.3061797695e-07,1.0869678351e-08,8.8864907143e-08,1.593180864e-06,1.5273234246e-08,1.254675e-08,7.8822716835e-07,1.9898156804e-07,0.00016284465293,0.26834590648,4.3066620087e-06,2.3971619749e-05,7.2825098217e-07,0.00032139026237
463.0,6.2954938862e-08,1.6292995842e-07,3.0343873656e-07,3.5660979363e-08,4.6987685508e-08,1.2466730464e-08,1.026936462e-07,1.8347269145e-07,2.3353604393e-05,1.2466316468e-08,2.0364060919e-08,1.7168680839e-07,0.00090080585741,2.2648441959e-07,1.0608216851e-08,8.7107577191e-08,1.5702965178e-06,1.4916697977e-08,1.2248717778e-08,7.7590808139e-07,1.953588073e-07,0.00016169423164,0.26824171147,4.2522275422e-06,2.3735329845e-05,7.1676439764e-07,0.0003194091028
463.5,6.1669784456e-08,1.5990763034e-07,2.981700795e-07,3.4892306088e-08,4.600100586e-08,1.2171067587e-08,1.0069652321e-07,1.8011125961e-07,2.3123006515e-05,1.217066255e-08,1.9901815768e-08,1.685193836e-07,0.00089640734482,2.2242632201e-07,1.0353049331e-08,8.5385396422e-08,1.547753943e-06,1.4568502381e-08,1.1957774282e-08,7.637874328e-07,1.9180314464e-07,0.0001605534931,0.268138127,4.1985197649e-06,2.3501601218e-05,7.0546438247e-07,0.00031744313585
464.0,6.041111179e-08,1.5694225567e-07,2.9299482764e-07,3.4140304694e-08,4.5035204972e-08,1.1882426452e-08,9.8738725899e-08,1.7681244731e-07,2.2894911377e-05,1.1882030181e-08,1.9450099813e-08,1.654113451e-07,0.00089203806876,2.1844228212e-07,1.0104024168e-08,8.3697653947e-08,1.5255478482e-06,1.4228451924e-08,1.1673750685e-08,7.5186193397e-07,1.8831331657e-07,0.00015942234491,0.26803515,4.1455284885e-06,2.3270403826e-05,6.9434782141e-07,0.00031549222682
464.5,5.9178370152e-08,1.5403274469e-07,2.879112917e-07,3.3404611361e-08,4.4089837684e-08,1.1600640068e-08,9.6819470456e-08,1.7357506907e-07,2.2669289594e-05,1.1600252373e-08,1.9008672383e-08,1.6236156194e-07,0.00088769779755,2.1453092435e-07,9.8609933913e-09,8.2043653412e-08,1.5036730266e-06,1.3896355668e-08,1.1396482184e-08,7.4012835228e-07,1.848880838e-07,0.00015830069563,0.2679327774,4.0932436738e-06,2.3041708003e-05,6.8341165259e-07,0.00031355624234
465.0,5.7971020383e-08,1.5117802884e-07,2.829178135e-07,3.2684870255e-08,4.3164468397e-08,1.1325545419e-08,9.4937988855e-08,1.7039796225e-07,2.2446112154e-05,1.1325166116e-08,1.857729833e-08,1.5936892503e-07,0.00088338630161,2.1069089908e-07,9.6238126003e-09,8.0422712697e-08,1.4821243547e-06,1.3572027159e-08,1.1125807908e-08,7.2858351008e-07,1.8152623073e-07,0.00015718845481,0.26783100617,4.0416554288e-06,2.2815484458e-05,6.7265286661e-07,0.00031163505038
465.5,5.6788534639e-08,1.4837706028e-07,2.7801276544e-07,3.1980733356e-08,4.2258670868e-08,1.1056983373e-08,9.3093528563e-08,1.6727998652e-07,2.2225350407e-05,1.1056612281e-08,1.8155747895e-08,1.5643234669e-07,0.00087910335341,2.0692088223e-07,9.3923408741e-09,7.8834163621e-08,1.460896791e-06,1.3255284324e-08,1.086157082e-08,7.172242838e-07,1.7822656501e-07,0.00015608553292,0.26772983326,3.9907540063e-06,2.2591704266e-05,6.6206850563e-07,0.0003097285202
466.0,5.5630396145e-08,1.4562881153e-07,2.7319454991e-07,3.1291860278e-08,4.1372028006e-08,1.0794798587e-08,9.1285352218e-08,1.642200235e-07,2.2006976063e-05,1.0794435528e-08,1.7743796591e-08,1.535507603e-07,0.0008748487275,2.0321957467e-07,9.1664406893e-09,7.7277351656e-08,1.4399853746e-06,1.2945949366e-08,1.060361763e-08,7.0604760295e-07,1.7498791707e-07,0.00015499184141,0.26762925568,3.9405298017e-06,2.2370338863e-05,6.5165566239e-07,0.00030783652237
466.5,5.4496098967e-08,1.4293227504e-07,2.6846159869e-07,3.061791811e-08,4.0504131675e-08,1.0538839416e-08,8.9512737318e-08,1.6121697626e-07,2.1790961186e-05,1.0538484217e-08,1.7341225077e-08,1.507231198e-07,0.00087062220047,1.9958570182e-07,8.9459778377e-09,7.5751635647e-08,1.4193852239e-06,1.2643848664e-08,1.0351798702e-08,6.9505044924e-07,1.7180913972e-07,0.00015390729264,0.26752927043,3.8909733509e-06,2.2151360044e-05,6.4141147943e-07,0.00030595892872
467.0,5.3385147776e-08,1.402864628e-07,2.6381237248e-07,2.9958581243e-08,3.9654582502e-08,1.0288957827e-08,8.777497592e-08,1.5826976896e-07,2.157727819e-05,1.0288610318e-08,1.6947819042e-08,1.4794839936e-07,0.00086642355093,1.9601801316e-07,8.7308213465e-09,7.4256387529e-08,1.3990915351e-06,1.2348812676e-08,1.0105967968e-08,6.8422985563e-07,1.6868910767e-07,0.00015283179988,0.26742987454,3.8420753281e-06,2.1934739956e-05,6.3133314811e-07,0.00030409561237
467.5,5.2297057631e-08,1.3769040595e-07,2.5924536026e-07,2.9313531214e-08,3.8822989684e-08,1.0045009311e-08,8.6071374343e-08,1.5537734641e-07,2.1365899835e-05,1.0044669327e-08,1.6563369088e-08,1.4522559296e-07,0.00086225255946,1.9251528173e-07,8.5208434e-09,7.2790992063e-08,1.3790995812e-06,1.2060675839e-08,9.8659828414e-09,6.7358290545e-07,1.6562671711e-07,0.00015176527734,0.26733106505,3.7938265436e-06,2.1720451095e-05,6.2141790783e-07,0.0003022464477
468.0,5.1231353753e-08,1.3514315442e-07,2.5475907884e-07,2.8682456542e-08,3.8008970805e-08,9.806852802e-09,8.4401252876e-08,1.5253867368e-07,2.1156799222e-05,9.8065201795e-09,1.6187670618e-08,1.4255371398e-07,0.00085810900866,1.8907630373e-07,8.3159192635e-09,7.1354846571e-08,1.3594047107e-06,1.1779276482e-08,9.6317041378e-09,6.6310673155e-07,1.6262088533e-07,0.0001507076401,0.26723283903,3.746217942e-06,2.15084663e-05,6.1166304515e-07,0.00030041131029
468.5,5.0187571312e-08,1.3264377656e-07,2.5035207231e-07,2.8065052584e-08,3.7212151656e-08,9.5743505895e-09,8.2763945494e-08,1.4975273567e-07,2.0949949786e-05,9.57402517e-09,1.5820523725e-08,1.3993179483e-07,0.00085399268305,1.8569989806e-07,8.115927209e-09,6.9947360672e-08,1.340002346e-06,1.1504456728e-08,9.4029959894e-09,6.5279851538e-07,1.5967055027e-07,0.00014965880416,0.26713519354,3.6992405999e-06,2.1298758748e-05,6.02065893e-07,0.00029859007698
469.0,4.9165255221e-08,1.3019135875e-07,2.4602291149e-07,2.7461021374e-08,3.6432166053e-08,9.3473682437e-09,8.1158799582e-08,1.4701853678e-07,2.0745325297e-05,9.3470498717e-09,1.5461733084e-08,1.3735888661e-07,0.00084990336911,1.8238490584e-07,7.9207484429e-09,6.8567956035e-08,1.3208879827e-06,1.1236062408e-08,9.179725768e-09,6.4265548622e-07,1.5677467014e-07,0.00014861868637,0.26703812568,3.6528857238e-06,2.1091301952e-05,5.926238298e-07,0.00029678262582
469.5,4.8163959921e-08,1.2778500509e-07,2.4177019351e-07,2.6870071481e-08,3.5668655669e-08,9.1257745349e-09,7.9585175656e-08,1.4433510051e-07,2.0542899848e-05,9.1254630581e-09,1.5111107846e-08,1.348340587e-07,0.00084584085522,1.7913019007e-07,7.7302670347e-09,6.7216066124e-08,1.302057188e-06,1.0973942972e-08,8.9617640072e-09,6.3267492027e-07,1.5393222302e-07,0.00014758720447,0.26694163257,3.6071446486e-06,2.0886069753e-05,5.8333427875e-07,0.00029498883605
470.0,4.718324919e-08,1.2542383701e-07,2.3759254123e-07,2.6291917863e-08,3.4921269859e-08,8.9094413575e-09,7.8042447103e-08,1.4170146905e-07,2.0342647858e-05,8.909136627e-09,1.4768461536e-08,1.3235639843e-07,0.00084180493167,1.7593463512e-07,7.5443698485e-09,6.5891135961e-08,1.2835055997e-06,1.0717951407e-08,8.7489843273e-09,6.228541399e-07,1.5114220648e-07,0.00014656427705,0.26684571132,3.5620088352e-06,2.0683036319e-05,5.7419470698e-07,0.0002932085881
470.5,4.6222695937e-08,1.2310699295e-07,2.3348860285e-07,2.5726281729e-08,3.4189665498e-08,8.6982436555e-09,7.6529999911e-08,1.3911670297e-07,2.0144544064e-05,8.6979455257e-09,1.4433611954e-08,1.2992501071e-07,0.00083779539064,1.7279714641e-07,7.3629464751e-09,6.4592621881e-08,1.2652289251e-06,1.046794415e-08,8.5412633609e-09,6.1319051279e-07,1.4840363722e-07,0.00014554982356,0.2667503591,3.5174698688e-06,2.0482176139e-05,5.6520262482e-07,0.00029144176358
471.0,4.5281882015e-08,1.2083362802e-07,2.2945705134e-07,2.5172890397e-08,3.3473506819e-08,8.49205935e-09,7.5047232419e-08,1.3657988083e-07,1.9948563518e-05,8.4917676784e-09,1.4106381074e-08,1.275390177e-07,0.00083381202615,1.6971664992e-07,7.1858891666e-09,6.3319991306e-08,1.2472229396e-06,1.0223781009e-08,8.3384806816e-09,6.036814512e-07,1.4571555064e-07,0.00014454376427,0.26665557304,3.4735194569e-06,2.0283464019e-05,5.56355585e-07,0.00028968824526
471.5,4.4360398028e-08,1.1860291369e-07,2.2549658405e-07,2.4631477161e-08,3.2772465249e-08,8.2907692683e-09,7.3593555062e-08,1.3409009883e-07,1.975468158e-05,8.2904839153e-09,1.3786594946e-08,1.2519755848e-07,0.00082985463406,1.6669209187e-07,7.0130927721e-09,6.207272251e-08,1.2294834858e-06,9.9853250834e-09,8.1405187337e-09,5.9432441115e-07,1.4307700054e-07,0.00014354602029,0.26656135034,3.4301494276e-06,2.0086875077e-05,5.4765118198e-07,0.00028794791704
472.0,4.3457843149e-08,1.1641403743e-07,2.2160592222e-07,2.4101781161e-08,3.208621926e-08,8.0942570742e-09,7.2168390129e-08,1.3164647051e-07,1.9562873919e-05,8.0939779034e-09,1.3474083611e-08,1.2289978869e-07,0.00082592301209,1.6372243827e-07,6.8444546748e-09,6.0850304402e-08,1.2120064725e-06,9.7524426852e-09,7.9472627634e-09,5.8511689168e-07,1.4048705876e-07,0.00014255651357,0.26646768819,3.3873517275e-06,1.9892384742e-05,5.3908705115e-07,0.00028622066399
472.5,4.2573824938e-08,1.1426620245e-07,2.1778381054e-07,2.3583547251e-08,3.1414454211e-08,7.9024092007e-09,7.0771171516e-08,1.2924812633e-07,1.9373116504e-05,7.9021360785e-09,1.3168680998e-08,1.2064488023e-07,0.00082201695972,1.6080667461e-07,6.6798747314e-09,5.9652236299e-08,1.1947878733e-06,9.5250032659e-09,7.7586007523e-09,5.760564341e-07,1.3794481479e-07,0.00014157516685,0.26637458378,3.3451184204e-06,1.9699968745e-05,5.3066086816e-07,0.00028450637228
473.0,4.1707959165e-08,1.1215862734e-07,2.1402901673e-07,2.3076525875e-08,3.0756862206e-08,7.7151147842e-09,6.9401344495e-08,1.2689421344e-07,1.9185385604e-05,7.7148475799e-09,1.2870224844e-08,1.1843202093e-07,0.00081813627826,1.5794380541e-07,6.5192552118e-09,5.847802772e-08,1.1778237257e-06,9.3028793407e-09,7.5744233516e-09,5.6714062128e-07,1.3544937545e-07,0.00014060190367,0.26628203436,3.3034416849e-06,1.9509603119e-05,5.2237034821e-07,0.00028280492919
473.5,4.0859869637e-08,1.1009054581e-07,2.1034033107e-07,2.2580472946e-08,3.011314194e-08,7.5322655994e-09,6.8058365481e-08,1.2458389526e-07,1.8999657781e-05,7.5320041852e-09,1.2578556601e-08,1.1626041427e-07,0.00081428077075,1.5513285393e-07,6.3625007416e-09,5.7327198169e-08,1.1611101301e-06,9.0859464172e-09,7.3946238192e-09,5.5836707688e-07,1.3299986456e-07,0.00013963664838,0.26619003716,3.2623138131e-06,1.9321264194e-05,5.1421324533e-07,0.00028111622312
474.0,4.0029188026e-08,1.0806120634e-07,2.0671656601e-07,2.2095149718e-08,2.9482998565e-08,7.3537559971e-09,6.6741701804e-08,1.2231635125e-07,1.8815909887e-05,7.3535002478e-09,1.2293521351e-08,1.1412927902e-07,0.000810450242,1.5237286175e-07,6.2095182447e-09,5.6199276936e-08,1.1446432488e-06,8.8740829248e-09,7.2190979566e-09,5.4973346469e-07,1.3059542262e-07,0.0001386793261,0.26609858943,3.2217272088e-06,1.9134928592e-05,5.0618735175e-07,0.00027944014355
474.5,3.9215553708e-08,1.0606987195e-07,2.0315655576e-07,2.1620322678e-08,2.8866143546e-08,7.1794828425e-09,6.5450831491e-08,1.2009077653e-07,1.8634119062e-05,7.1792326358e-09,1.2014967727e-08,1.1203784899e-07,0.00080664449858,1.4966288848e-07,6.0602168881e-09,5.509380289e-08,1.1284193047e-06,8.667170146e-09,7.0477440487e-09,5.412374879e-07,1.2823520648e-07,0.00013772986274,0.26600768845,3.1816743858e-06,1.8950573224e-05,4.982904972e-07,0.00027777658102
475.0,3.8418613597e-08,1.041158199e-07,1.9965915585e-07,2.1155763423e-08,2.8262294526e-08,7.0093454552e-09,6.4185243044e-08,1.1790638162e-07,1.8454262727e-05,7.0091006712e-09,1.1742747825e-08,1.0998537271e-07,0.00080286334873,1.4700201135e-07,5.9145080278e-09,5.4010324284e-08,1.1124345807e-06,8.4650921495e-09,6.8804628046e-09,5.3287688846e-07,1.2591838898e-07,0.00013678818497,0.26591733151,3.1421479661e-06,1.8768175286e-05,4.9052054827e-07,0.00027612542717
475.5,3.7638021985e-08,1.0219834137e-07,1.9622324279e-07,2.0701248551e-08,2.7671175191e-08,6.8432455509e-09,6.2944435232e-08,1.1576239211e-07,1.8276318583e-05,6.8430060725e-09,1.147671713e-08,1.0797111316e-07,0.00079910660242,1.4438932494e-07,5.7723051561e-09,5.2948398562e-08,1.0966854186e-06,8.2677357242e-09,6.7171572994e-09,5.2464944635e-07,1.2364415873e-07,0.0001358542202,0.26582751591,3.1031406785e-06,1.8587712256e-05,4.8287540776e-07,0.00027448657465
476.0,3.6873440389e-08,1.0031674124e-07,1.928477136e-07,2.0256559551e-08,2.7092515144e-08,6.6810871841e-09,6.172791688e-08,1.1365804841e-07,1.8100264607e-05,6.6808528967e-09,1.1216734434e-08,1.0599434746e-07,0.0007953740713,1.4182394079e-07,5.6335238499e-09,5.1907592172e-08,1.0811682178e-06,8.074990316e-09,6.5577329181e-09,5.1655297899e-07,1.2141171973e-07,0.00013492789663,0.26573823896,3.0646453568e-06,1.840916189e-05,4.7535301406e-07,0.00027285991719
476.5,3.6124537399e-08,9.8470337787e-08,1.895314855e-07,1.9821482695e-08,2.6526049774e-08,6.5227766927e-09,6.0535206665e-08,1.1159260541e-07,1.7926079046e-05,6.522547484e-09,1.0962661762e-08,1.0405436662e-07,0.0007916655687,1.3930498712e-07,5.4980817205e-09,5.0887480376e-08,1.0658794348e-06,7.8867479644e-09,6.4020973002e-09,5.0858534053e-07,1.192202911e-07,0.00013400914316,0.26564949801,3.0266549384e-06,1.8232502217e-05,4.6795134053e-07,0.00027124534953
477.0,3.5390988527e-08,9.665846245e-08,1.8627349551e-07,1.939580893e-08,2.5971520131e-08,6.3682226431e-09,5.9365832914e-08,1.0956533224e-07,1.7753740417e-05,6.3679984033e-09,1.07143643e-08,1.0215047528e-07,0.00078798090956,1.3683160849e-07,5.3658983645e-09,4.9887647075e-08,1.0508155821e-06,7.7029032424e-09,6.2501602861e-09,5.0074442128e-07,1.170691068e-07,0.00013309788946,0.2655612904,2.9891624624e-06,1.8057711537e-05,4.6066839488e-07,0.00026964276744
477.5,3.4672476059e-08,9.4880459545e-08,1.8307270005e-07,1.897933378e-08,2.5428672804e-08,6.2173357775e-09,5.8219333415e-08,1.0757551196e-07,1.7583227501e-05,6.2171163993e-09,1.0471710316e-08,1.0028199141e-07,0.0007843199105,1.344029655e-07,5.236895316e-09,4.8907684627e-08,1.0359732274e-06,7.5233531962e-09,6.1018338643e-09,4.93028147e-07,1.1495741533e-07,0.00013219406588,0.26547361349,2.9521610687e-06,1.7884768417e-05,4.5350221859e-07,0.0002680520677
478.0,3.396868892e-08,9.313568603e-08,1.7992807463e-07,1.857185724e-08,2.4897259807e-08,6.070028962e-09,5.7095255217e-08,1.0562244134e-07,1.741451934e-05,6.0698143401e-09,1.0234571096e-08,9.8448246065e-08,0.00078068238973,1.3201823446e-07,5.110996e-09,4.7947193674e-08,1.0213489924e-06,7.3479972876e-09,5.9570321207e-09,4.8543447839e-07,1.1288447944e-07,0.00013129760354,0.26538646467,2.9156439957e-06,1.7713651687e-05,4.464508863e-07,0.00026647314808
478.5,3.3279322525e-08,9.1423511255e-08,1.7683861345e-07,1.8173183681e-08,2.4377038452e-08,5.9262171356e-09,5.5993154447e-08,1.0370543053e-07,1.7247595233e-05,5.9260071673e-09,1.0002820871e-08,9.6648583145e-08,0.00077706816708,1.2967660714e-07,4.9881256865e-09,4.7005782972e-08,1.0069395521e-06,7.1767373369e-09,5.815671188e-09,4.7796141039e-07,1.1084957587e-07,0.00013040843422,0.26529984133,2.8796045795e-06,1.7544340438e-05,4.3951250526e-07,0.00026490590734
479.0,3.2604078648e-08,8.9743316718e-08,1.7380332908e-07,1.7783121755e-08,2.3867771245e-08,5.7858172614e-09,5.4912596124e-08,1.0182380286e-07,1.7082434736e-05,5.7856118461e-09,9.7763367501e-09,9.4882359122e-08,0.00077347706395,1.2737729041e-07,4.8682114462e-09,4.6083069226e-08,9.9274163414e-07,7.0094774673e-09,5.6776691971e-09,4.7060697167e-07,1.0885199508e-07,0.00012952649043,0.26521374087,2.8440362519e-06,1.7376814016e-05,4.3268521475e-07,0.00026335024523
479.5,3.1942665288e-08,8.8094495828e-08,1.7082125213e-07,1.7401484296e-08,2.3369225767e-08,5.6487482781e-09,5.3853153982e-08,9.9976894545e-08,1.6919017653e-05,5.6485473172e-09,9.5549986541e-09,9.314894281e-08,0.00076990890332,1.25119506e-07,4.7511821069e-09,4.5178676924e-08,9.7875201754e-07,6.8461240514e-09,5.5429462295e-09,4.6336922398e-07,1.06891041e-07,0.00012865170536,0.26512816073,2.8089325393e-06,1.7211052021e-05,4.2596718552e-07,0.00026180606245
480.0,3.1294796534e-08,8.6476453672e-08,1.6789143086e-07,1.7028088232e-08,2.2881174569e-08,5.5149310527e-09,5.2814410288e-08,9.8164054459e-08,1.6757324038e-05,5.51473445e-09,9.3386892517e-09,9.1447715119e-08,0.00076636350972,1.2290249022e-07,4.6369682114e-09,4.4292238182e-08,9.6496753218e-07,6.6865856577e-09,5.4114242705e-09,4.5624626164e-07,1.0496603072e-07,0.0001277840129,0.26504309833,2.7742870614e-06,1.7047034305e-05,4.1935661926e-07,0.00026027326067
480.5,3.0660192441e-08,8.4888606788e-08,1.6501293091e-07,1.6662754492e-08,2.2403395063e-08,5.3842883351e-09,5.1795955673e-08,9.6384643873e-08,1.6597334189e-05,5.3840959963e-09,9.1272938962e-09,8.9778068822e-08,0.00076284070923,1.2072549365e-07,4.5255019761e-09,4.342339258e-08,9.5138505782e-07,6.5307729992e-09,5.2830271643e-09,4.4923621093e-07,1.030762943e-07,0.0001269233476,0.26495855113,2.7400935292e-06,1.6884740963e-05,4.1285174804e-07,0.00025875174251
481.0,3.0038578902e-08,8.3330382941e-08,1.6218483495e-07,1.6305307921e-08,2.1935669417e-08,5.2567447125e-09,5.0797388963e-08,9.4638036227e-08,1.6439028645e-05,5.2565565454e-09,8.9207005635e-09,8.8139408322e-08,0.00075934032945,1.1858778088e-07,4.4167172504e-09,4.2571787016e-08,9.3800152335e-07,6.378598883e-09,5.157680569e-09,4.4233722957e-07,1.0122117447e-07,0.00012606964468,0.2648745166,2.7063457443e-06,1.6724152336e-05,4.064508338e-07,0.00025724141149
481.5,2.9429687527e-08,8.1801220903e-08,1.5940624236e-07,1.5955577193e-08,2.1477784452e-08,5.1322265666e-09,4.9818317009e-08,9.292361689e-08,1.6282388184e-05,5.1320424809e-09,8.7187997921e-09,8.6531149429e-08,0.00075586219948,1.1648863027e-07,4.3105494776e-09,4.1737075551e-08,9.2481390595e-07,6.2299781611e-09,5.0353119137e-09,4.3554750618e-07,9.9400026409e-08,0.00012522284003,0.26479099222,2.6730375972e-06,1.6565249005e-05,4.0015216785e-07,0.00025574217211
482.0,2.8833255518e-08,8.0300570239e-08,1.5667626894e-07,1.5613394725e-08,2.1029531547e-08,5.0106620298e-09,4.8858354531e-08,9.1240782929e-08,1.6127393818e-05,5.0104819374e-09,8.5214846243e-09,8.4952719136e-08,0.00075240614994,1.1442733364e-07,4.2069356563e-09,4.0918919266e-08,9.1181923033e-07,6.0848276824e-09,4.9158503565e-09,4.2886525971e-07,9.7612217519e-08,0.0001243828702,0.26470797548,2.640163066e-06,1.6408011787e-05,3.9395407032e-07,0.00025425392976
482.5,2.8249025561e-08,7.8827891096e-08,1.5399404658e-07,1.5278596597e-08,2.0590706534e-08,4.8919809444e-09,4.7917123951e-08,8.9588942885e-08,1.5974026792e-05,4.8918047587e-09,8.3286505488e-09,8.3403555402e-08,0.0007489720129,1.1240319607e-07,4.1058143028e-09,4.0116986114e-08,8.9901456796e-07,5.9430662456e-09,4.7992267426e-09,4.2228873897e-07,9.5857127161e-08,0.00012354967237,0.26462546389,2.6077162152e-06,1.6252421735e-05,3.8785488968e-07,0.00025277659073
483.0,2.7676745698e-08,7.7382653996e-08,1.5135872298e-07,1.4951022468e-08,2.0161109606e-08,4.7761148213e-09,4.6994255244e-08,8.7967516551e-08,1.582226858e-05,4.7759424579e-09,8.1401954443e-09,8.188310694e-08,0.00074555962192,1.104155356e-07,4.0071254151e-09,3.9330950783e-08,8.8639703631e-07,5.8046145535e-09,4.6853735646e-09,4.1581622209e-07,9.413414644e-08,0.00012272318439,0.26454345497,2.5756911942e-06,1.6098460131e-05,3.8185300227e-07,0.00025131006221
483.5,2.7116169227e-08,7.5964339636e-08,1.4876946136e-07,1.4630515504e-08,1.9740545221e-08,4.6629968005e-09,4.608938578e-08,8.6375934752e-08,1.5672100883e-05,4.6628281766e-09,7.956019525e-09,8.0390833007e-08,0.000742168812,1.0846368301e-07,3.9108104362e-09,3.8560494554e-08,8.7396379808e-07,5.6693951682e-09,4.5742249231e-09,4.0944601601e-07,9.2442677978e-08,0.00012190334471,0.26446194627,2.5440822363e-06,1.5946108487e-05,3.7594681177e-07,0.0002498542523
484.0,2.6567054581e-08,7.4572438687e-08,1.4622544013e-07,1.4316922293e-08,1.9328822015e-08,4.5525616121e-09,4.5202160178e-08,8.4813639137e-08,1.5523505622e-05,4.5523966468e-09,7.7760252866e-09,7.8926203201e-08,0.00073879941958,1.0654698156e-07,3.8168122201e-09,3.7805305171e-08,8.6171206052e-07,5.5373324676e-09,4.4657164881e-09,4.03176456e-07,9.0782135694e-08,0.00012109009242,0.26438093533,2.5128836572e-06,1.5795348539e-05,3.701347488e-07,0.00024840906996
484.5,2.6029165228e-08,7.3206451601e-08,1.4372585269e-07,1.4010092774e-08,1.8925752706e-08,4.4447455387e-09,4.433223016e-08,8.3280081964e-08,1.5376464942e-05,4.4445841529e-09,7.6001174543e-09,7.7488697257e-08,0.00073545128253,1.0466478679e-07,3.7250749976e-09,3.7065076703e-08,8.4963907464e-07,5.4083526023e-09,4.359785462e-09,3.9700590516e-07,8.9151944583e-08,0.00012028336723,0.26430041972,2.482089854e-06,1.5646162245e-05,3.6441527036e-07,0.00024697442502
485.0,2.5502269558e-08,7.186588842e-08,1.4126990707e-07,1.3709880166e-08,1.8531154009e-08,4.3394863783e-09,4.3479254401e-08,8.1774725899e-08,1.5230961203e-05,4.3393284946e-09,7.4282029317e-09,7.6077804854e-08,0.00073212424012,1.0281646623e-07,3.6355443426e-09,3.6339509418e-08,8.3774213456e-07,5.2823834545e-09,4.2563705427e-09,3.9093275396e-07,8.7551540508e-08,0.00011948310947,0.26422039701,2.4516953038e-06,1.5498531783e-05,3.5878685948e-07,0.00024555022817
485.5,2.4986140787e-08,7.0550268589e-08,1.388568257e-07,1.3416140889e-08,1.8144846552e-08,4.2367234082e-09,4.2642898397e-08,8.0297043815e-08,1.5086976982e-05,4.2365689506e-09,7.2601907504e-09,7.4693025421e-08,0.00072881813301,1.0100139924e-07,3.5481671406e-09,3.5628309656e-08,8.2601857679e-07,5.159354597e-09,4.1554118879e-09,3.8495541976e-07,8.5980369987e-08,0.00011868926006,0.26414086481,2.4216945625e-06,1.5352439547e-05,3.5324802467e-07,0.00024413639096
486.0,2.448055685e-08,6.9259120775e-08,1.3648584514e-07,1.3128734499e-08,1.7766654788e-08,4.1363973496e-09,4.1822834322e-08,7.8846518596e-08,1.4944495065e-05,4.1362462441e-09,7.0959920216e-09,7.3333867947e-08,0.00072553280328,9.9218976707e-08,3.4628915561e-09,3.4931189702e-08,8.1446577951e-07,5.0391972533e-09,4.0568510807e-09,3.7907234635e-07,8.4437889991e-08,0.00011790176052,0.2640618207,2.3920822639e-06,1.5207868146e-05,3.4779729956e-07,0.00024273282577
486.5,2.3985300304e-08,6.7991982683e-08,1.3415621582e-07,1.2847523618e-08,1.7396406917e-08,4.0384503335e-09,4.1018740893e-08,7.7422642939e-08,1.4803498448e-05,4.0383025076e-09,6.9355198881e-09,7.1999850795e-08,0.00072226809433,9.7468600909e-08,3.3796670026e-09,3.4247867667e-08,8.0308116197e-07,4.9218442593e-09,3.9606310953e-09,3.7328200348e-07,8.2923567745e-08,0.00011712055299,0.26398326231,2.3628531182e-06,1.5064800398e-05,3.424332424e-07,0.00024133944583
487.0,2.3500158232e-08,6.6748400885e-08,1.3186720175e-07,1.2572373867e-08,1.70339348e-08,3.9428258672e-09,4.0230303241e-08,7.6024919172e-08,1.4663970335e-05,3.9426812497e-09,6.7786894779e-09,7.0690501523e-08,0.00071902385095,9.5749685238e-08,3.2984441121e-09,3.357806737e-08,7.9186218377e-07,4.8072300253e-09,3.8666962636e-09,3.6758288646e-07,8.1436880525e-08,0.00011634558016,0.26390518728,2.3340019111e-06,1.4923219331e-05,3.3715443571e-07,0.00023995616519
487.5,2.3024922145e-08,6.5527930643e-08,1.2961808034e-07,1.2303153797e-08,1.6679073886e-08,3.849468801e-09,3.9457212779e-08,7.4652859063e-08,1.4525894132e-05,3.8493273226e-09,6.6254178586e-09,6.9405356704e-08,0.00071579991925,9.4061654016e-08,3.2191747055e-09,3.2921518215e-08,7.8080634422e-07,4.6952904985e-09,3.7749922435e-09,3.6197351568e-07,7.9977315475e-08,0.00011557678531,0.26382759324,2.3055235024e-06,1.4783108177e-05,3.3195948579e-07,0.00023858289869
488.0,2.2559387892e-08,6.4330135745e-08,1.2740814207e-07,1.2039734829e-08,1.6331663131e-08,3.7583252967e-09,3.8699167075e-08,7.3305983639e-08,1.4389253447e-05,3.7581868894e-09,6.4756239931e-09,6.8143961753e-08,0.00071259614669,9.2403942281e-08,3.1418117646e-09,3.2277955084e-08,7.699111817e-07,4.5859631276e-09,3.6854659866e-09,3.5645243618e-07,7.8544369408e-08,0.00011481411231,0.26375047786,2.2774128253e-06,1.4644450371e-05,3.2684702235e-07,0.00023721956202
488.5,2.2103355567e-08,6.3154588335e-08,1.2523669031e-07,1.1781991189e-08,1.5991544927e-08,3.6693427963e-09,3.795586973e-08,7.1983823012e-08,1.4254032086e-05,3.6692073936e-09,6.3292286957e-09,6.6905870752e-08,0.00070941238204,9.077599559e-08,3.0663094035e-09,3.1647118222e-08,7.5917427305e-07,4.4791868271e-09,3.5980657077e-09,3.5101821727e-07,7.7137548628e-08,0.00011405750557,0.2636738388,2.249664885e-06,1.450722955e-05,3.218156981e-07,0.00023586607164
489.0,2.1656629421e-08,6.2000868752e-08,1.2310304105e-07,1.1529799846e-08,1.5658565022e-08,3.5824699914e-09,3.7227030253e-08,7.0685916197e-08,1.412021405e-05,3.5823375283e-09,6.1861545902e-09,6.5690646287e-08,0.00070624847536,8.9177269811e-08,2.9926228416e-09,3.1028753124e-08,7.4859323291e-07,4.3749019432e-09,3.5127408548e-09,3.4566945207e-07,7.5756368745e-08,0.00011330691008,0.26359767376,2.2222747577e-06,1.4371429546e-05,3.1686418835e-07,0.00023452234481
489.5,2.1219017776e-08,6.086856537e-08,1.2100652268e-07,1.1283040454e-08,1.5332572452e-08,3.4976567935e-09,3.6512363945e-08,6.9411810947e-08,1.3987783536e-05,3.4975272063e-09,6.0463260679e-09,6.449785928e-08,0.00070310427802,8.7607230938e-08,2.9207083769e-09,3.0422610434e-08,7.3816571315e-07,4.2730502198e-09,3.4294420793e-09,3.4040475714e-07,7.4400354496e-08,0.00011256227138,0.26352198042,2.1952375896e-06,1.423703439e-05,3.1199119061e-07,0.00023318829957
490.0,2.0790332935e-08,5.9757274445e-08,1.1894647576e-07,1.1041595288e-08,1.5013419472e-08,3.4148543049e-09,3.581159178e-08,6.8161063581e-08,1.385672493e-05,3.4147275313e-09,5.9096692475e-09,6.3327088831e-08,0.00069997964266,8.6065354891e-08,2.8505233599e-09,2.9828445835e-08,7.2788940225e-07,4.173574766e-09,3.3481212076e-09,3.3522277203e-07,7.3069039573e-08,0.00011182353555,0.2634467565,2.168548596e-06,1.4104028302e-05,3.0719542425e-07,0.00023186385474
490.5,2.0370391104e-08,5.8666599957e-08,1.1692225278e-07,1.0805349194e-08,1.4700961481e-08,3.3340147904e-09,3.5124440293e-08,6.6933238821e-08,1.3727022807e-05,3.3338907695e-09,5.7761119353e-09,6.2177922055e-08,0.00069687442319,8.4551127333e-08,2.7820261684e-09,2.924601995e-08,7.1776202471e-07,4.0764200237e-09,3.268731213e-09,3.3012215895e-07,7.176196645e-08,0.00011109064922,0.26337199971,2.1422030597e-06,1.3972395693e-05,3.0247563007e-07,0.0002305489299
491.0,1.9959012307e-08,5.7596153464e-08,1.1493321797e-07,1.0574189525e-08,1.4395056962e-08,3.2550916498e-09,3.4450641465e-08,6.572790963e-08,1.3598661928e-05,3.2549703219e-09,5.6455835863e-09,6.1049953932e-08,0.00069378847478,8.3064043484e-08,2.7151761828e-09,2.8675098235e-08,7.0778134047e-07,3.9815317368e-09,3.1912261885e-09,3.2510160233e-07,7.0478686213e-08,0.00011036355954,0.2632977078,2.1161963309e-06,1.3842121163e-05,2.9783056997e-07,0.00022924344539
491.5,1.9556020306e-08,5.6545553953e-08,1.1297874706e-07,1.0348006093e-08,1.4095567408e-08,3.1780393905e-09,3.3789932614e-08,6.4544657052e-08,1.3471627238e-05,3.1779206974e-09,5.5180152671e-09,5.9942787151e-08,0.00069072165383,8.1603607942e-08,2.6499337615e-09,2.8115450887e-08,6.9794514435e-07,3.8888569202e-09,3.1155613199e-09,3.2015980848e-07,6.9218758401e-08,0.00010964221423,0.26322387852,2.0905238254e-06,1.3713189496e-05,2.9325902657e-07,0.00022794732231
492.0,1.9161242526e-08,5.5514427698e-08,1.1105822705e-07,1.0126691109e-08,1.3802357265e-08,3.1028136014e-09,3.314205629e-08,6.338307006e-08,1.3345903862e-05,3.1026974859e-09,5.3933396182e-09,5.8856031966e-08,0.00068767381798,8.0169334502e-08,2.5862602178e-09,2.7566852744e-08,6.8825126549e-07,3.7983438302e-09,3.0416928598e-09,3.1529550519e-07,6.7981750838e-08,0.00010892656149,0.26315050961,2.065181024e-06,1.3585585661e-05,2.8875980286e-07,0.00022666048248
492.5,1.8774509971e-08,5.4502408113e-08,1.0917105606e-07,9.9101391337e-09,1.3515293863e-08,3.0293709271e-09,3.2506760165e-08,6.2242745401e-08,1.3221477105e-05,3.0292573334e-09,5.2714908183e-09,5.7789306043e-08,0.00068464482608,7.8760745989e-08,2.5241177968e-09,2.7029083188e-08,6.7869756677e-07,3.709941935e-09,2.9695781022e-09,3.1050744135e-07,6.6767239478e-08,0.00010821655006,0.26307759885,2.0401634715e-06,1.3459294804e-05,2.8433172185e-07,0.00022538284848
493.0,1.8395657159e-08,5.3509135621e-08,1.0731664308e-07,9.6982470261e-09,1.3234247356e-08,2.9576690428e-09,3.1883796936e-08,6.1123287447e-08,1.309833245e-05,2.9575579163e-09,5.1524045491e-09,5.6742234322e-08,0.0006816345382,7.7377374081e-08,2.4634696527e-09,2.6501926059e-08,6.6928194432e-07,3.6236018868e-09,2.8991753578e-09,3.0579438666e-07,6.5574808251e-08,0.00010751212919,0.26300514403,2.0154667758e-06,1.3334302253e-05,2.7997362622e-07,0.0002241143436
493.5,1.8024522039e-08,5.2534257514e-08,1.0549440777e-07,9.4909138916e-09,1.2959090662e-08,2.8876666297e-09,3.1272924216e-08,6.002430805e-08,1.2976455553e-05,2.887557917e-09,5.0360179608e-09,5.5714448877e-08,0.00067864281559,7.6018759146e-08,2.4042798271e-09,2.5985169555e-08,6.6000232692e-07,3.5392754937e-09,2.8304439295e-09,3.0115513119e-07,6.4404048905e-08,0.00010681324863,0.26293314294,1.9910866069e-06,1.3210593511e-05,2.7568437799e-07,0.00022285489186
494.0,1.7660945925e-08,5.1577427818e-08,1.0370378028e-07,9.2880410337e-09,1.2689699404e-08,2.819323351e-09,3.0673904444e-08,5.8945426397e-08,1.2855832242e-05,2.8192169998e-09,4.9222696383e-09,5.4705588774e-08,0.0006756695207,7.4684450076e-08,2.3465132275e-09,2.5478606152e-08,6.5085667554e-07,3.4569156924e-09,2.7633440891e-09,2.9658848509e-07,6.3254560864e-08,0.00010611985865,0.2628615934,1.967018696e-06,1.3088154252e-05,2.714628582e-07,0.00022160441798
494.5,1.7304773423e-08,5.0638307168e-08,1.0194420107e-07,9.0895319057e-09,1.242595185e-08,2.7525998289e-09,3.0086504779e-08,5.788626887e-08,1.2736448514e-05,2.752495788e-09,4.8110995685e-09,5.3715299939e-08,0.00067271451715,7.3374004126e-08,2.2901356066e-09,2.4982032509e-08,6.4184298279e-07,3.376476522e-09,2.6978370538e-09,2.9209327822e-07,6.2125951075e-08,0.00010543191,0.26279049322,1.9432588343e-06,1.2966970326e-05,2.6730796655e-07,0.00022036284741
495.0,1.6955852362e-08,4.9716562675e-08,1.0021512066e-07,8.8952920636e-09,1.216772886e-08,2.6874576212e-09,2.9510497012e-08,5.6846468906e-08,1.2618290538e-05,2.6873558405e-09,4.7024491083e-09,5.2743235026e-08,0.0006697776697,7.2086986759e-08,2.2351135418e-09,2.449524939e-08,6.3295927241e-07,3.2979130981e-09,2.6338849639e-09,2.8766835983e-07,6.101783387e-08,0.00010474935393,0.26271984023,1.919802873e-06,1.2847027749e-05,2.6321862112e-07,0.00021913010627
495.5,1.661403373e-08,4.8811867802e-08,9.8515999528e-08,8.7052291197e-09,1.1914913825e-08,2.6238591994e-09,2.8945657469e-08,5.5825666866e-08,1.2501344644e-05,2.6237596299e-09,4.5962609529e-09,5.1789053285e-08,0.0006668588443,7.0822971488e-08,2.1814144151e-09,2.4018061574e-08,6.2420359878e-07,3.2211815874e-09,2.5714508609e-09,2.8331259824e-07,5.9929830821e-08,0.00010407214216,0.26264963228,1.8966467212e-06,1.2728312707e-05,2.5919375804e-07,0.00021790612138
496.0,1.6279171603e-08,4.7923902243e-08,9.6846307863e-08,8.519252698e-09,1.1667392619e-08,2.561767927e-09,2.8391766921e-08,5.4823509898e-08,1.2385597328e-05,2.5616705208e-09,4.4924791054e-09,5.0852420438e-08,0.000663957908,6.9581539727e-08,2.1290063944e-09,2.3550277777e-08,6.1557404644e-07,3.1462391829e-09,2.5104986659e-09,2.7902488047e-07,5.8861570602e-08,0.00010340022691,0.26257986723,1.8737863461e-06,1.2610811547e-05,2.5523233115e-07,0.00021669082025
496.5,1.5951123082e-08,4.70523518e-08,9.5205525415e-08,8.33727439e-09,1.1425053539e-08,2.5011480379e-09,2.7848610495e-08,5.3839651808e-08,1.2271035248e-05,2.5010527481e-09,4.3910488468e-09,4.9933008552e-08,0.00066107472899,6.836228064e-08,2.0778584136e-09,2.3091710569e-08,6.0706872959e-07,3.0730440804e-09,2.4509931586e-09,2.7480411197e-07,5.7812688856e-08,0.00010273356086,0.26251054294,1.8512177715e-06,1.2494510784e-05,2.5133331175e-07,0.00021548413107
497.0,1.5629748232e-08,4.6196908265e-08,9.359314131e-08,8.1592077113e-09,1.118778726e-08,2.4419646162e-09,2.7315977584e-08,5.2873752935e-08,1.2157645219e-05,2.441871397e-09,4.2919167066e-09,4.9030495916e-08,0.00065820917661,6.7164790997e-08,2.0279401552e-09,2.2642176299e-08,5.9868579162e-07,3.0015554542e-09,2.3928999567e-09,2.7064921629e-07,5.6782828062e-08,0.00010207209718,0.2624416573,1.8289370773e-06,1.237939709e-05,2.4749568827e-07,0.00021428598267
497.5,1.5314910018e-08,4.5357269306e-08,9.2008653885e-08,7.9849680599e-09,1.095548678e-08,2.3841835755e-09,2.6793661766e-08,5.1925480021e-08,1.2045414215e-05,2.384092382e-09,4.1950304345e-09,4.8144566925e-08,0.00065536112126,6.5988675028e-08,1.9792220312e-09,2.2201495015e-08,5.9042340464e-07,2.9317334346e-09,2.3361854964e-09,2.6655913479e-07,5.5771637402e-08,0.00010141578948,0.26237320819,1.8069403985e-06,1.2265457298e-05,2.4371846599e-07,0.00021309630458
498.0,1.5006474243e-08,4.453313835e-08,9.045157051e-08,7.8144726749e-09,1.0728047371e-08,2.3277716396e-09,2.6281460716e-08,5.0994506093e-08,1.1934329367e-05,2.3276824279e-09,4.1003389721e-09,4.7274911956e-08,0.00065253043446,6.4833544287e-08,1.9316751664e-09,2.1769490389e-08,5.8227976903e-07,2.8635390856e-09,2.2808170124e-09,2.6253282627e-07,5.4778772636e-08,0.00010076459185,0.26230519352,1.7852239244e-06,1.2152678397e-05,2.4000066673e-07,0.00021191502696
498.5,1.4704309493e-08,4.3724224476e-08,8.8921407431e-08,7.6476405958e-09,1.0505366529e-08,2.2726963228e-09,2.5779176123e-08,5.008051034e-08,1.1824377956e-05,2.2726090498e-09,4.0077924259e-09,4.642122726e-08,0.00064971698882,6.369901751e-08,1.8852713807e-09,2.1345989646e-08,5.74253113e-07,2.7969343826e-09,2.2267625192e-09,2.5856926679e-07,5.3803895975e-08,0.00010011845881,0.2622376112,1.763783898e-06,1.2041047531e-05,2.363413286e-07,0.00021074208063
499.0,1.4408287075e-08,4.2930242301e-08,8.7417689599e-08,7.4843926237e-09,1.0287343929e-08,2.2189259113e-09,2.5286613613e-08,4.9183177996e-08,1.1715547418e-05,2.2188405351e-09,3.9173420405e-09,4.5583214845e-08,0.00064692065802,6.2584720481e-08,1.8399831726e-09,2.0930823488e-08,5.6634169211e-07,2.731882191e-09,2.1739907923e-09,2.5466744926e-07,5.284667596e-08,9.9477345364e-05,0.26217045916,1.7426166149e-06,1.1930551997e-05,2.327395057e-07,0.00020957739706
499.5,1.4118280959e-08,4.2150911879e-08,8.5939950518e-08,7.3246512823e-09,1.0073881377e-08,2.1664294448e-09,2.4803582669e-08,4.8302200224e-08,1.1607825335e-05,2.1663459242e-09,3.8289401727e-09,4.4760582364e-08,0.0006441413168,6.1490285903e-08,1.7957837027e-09,2.0523826026e-08,5.5854378887e-07,2.6683462459e-09,2.1224713503e-09,2.5082638324e-07,5.1906787338e-08,9.8841206931e-05,0.26210373533,1.7217184229e-06,1.1821179242e-05,2.2919426785e-07,0.00020842090833
500.0,1.3834167728e-08,4.1385958588e-08,8.4487732081e-08,7.1683407802e-09,9.8648827663e-09,2.1151766987e-09,2.4329896551e-08,4.7437274005e-08,1.150119944e-05,2.1150949935e-09,3.7425402657e-09,4.3953043011e-08,0.00064137884097,6.0415353262e-08,1.7526467777e-09,2.0124834707e-08,5.5085771226e-07,2.6062911311e-09,2.0721744369e-09,2.470450946e-07,5.0983910949e-08,9.8209999385e-05,0.26203743767,1.7010857209e-06,1.1712916865e-05,2.2570470032e-07,0.00020727254718
