Time,C_B_target,CYP3A4_1A_n1_OCT,CYP3A4_1A_n2_OCT,CYP3A4_1A_n3_OCT,CYP3A4_1A_n4_OCT,CYP3A4_2_n1_OCT,CYP3A4_3_n1_OCT,CYP3A4_4_n1_OCT,CYP3A4_5_n1_OCT,CYP3A4_7_n1_OCT,CYP3A4_8_n1_OCT,CYP3A4_9_n1_OCT,CYP3A4_10_n1_OCT,CYP3A4_11_n1_OCT,CYP3A4_12_n1_OCT,CYP3A4_13_n1_OCT,CYP3A4_14_n1_OCT,CYP3A4_15_n1_OCT,CYP3A4_15_n3_OCT,CYP3A4_15_n4_OCT,CYP3A4_16_n1_OCT,CYP3A4_17_n1_OCT,CYP3A4_18_n1_OCT,CYP3A4_19_n1_OCT,CYP3A4_20_n1_OCT,CYP3A4_21_n1_OCT,CYP3A4_23_n1_OCT,CYP3A4_24_n1_OCT,CYP3A4_28_n1_OCT,CYP3A4_29_n1_OCT,CYP3A4_29_n2_OCT,CYP3A4_29_n3_OCT,CYP3A4_29_n4_OCT,CYP3A4_31_n1_OCT,CYP3A4_32_n1_OCT,CYP3A4_33_n1_OCT,CYP3A4_34_n1_OCT,CYP3A4_34_n3_OCT,CYP3A4_34_n4_OCT
0.0,0.504,0.0,0.0,0.0,0.0,0.0,0.0,0.0,0.0,0.0,0.0,0.0,0.0,0.0,0.0,0.0,0.0,0.0,0.0,0.0,0.0,0.0,0.0,0.0,0.0,0.0,0.0,0.0,0.0,0.0,0.0,0.0,0.0,0.0,0.0,0.0,0.0,0.0,0.0
5.0,0.49727701733,0.49659226966,0.49659580117,0.49659580117,0.49659580116,0.13124802268,0.18442152872,0.21808499336,0.10006420062,0.11506884237,0.050195730352,0.15874218314,0.19097288266,0.42039475036,0.050195559081,0.071646241925,0.1873393888,0.55691062484,0.55691062469,0.51352671035,0.20250471515,0.04406338192,0.14953973261,0.30124319825,0.057569191806,0.049502120371,0.26673724561,0.1944036361,0.4956918353,0.73715140336,0.73007246304,0.72870771084,0.73656454733,0.34758679373,0.42113513318,0.26286648757,0.52048900168,0.52048900168,0.52014056637
10.0,0.49064338652,0.48996774,0.48997122456,0.48997122456,0.48997122456,0.13098729422,0.1838626441,0.21726790414,0.099924856189,0.11487562688,0.050178436767,0.15834273107,0.19036832971,0.41628209646,0.050178265717,0.071587036857,0.18676043382,0.54739914847,0.54739914832,0.50475341332,0.20181454396,0.044055049649,0.14919022965,0.2994963799,0.057539315448,0.049485909779,0.2654327239,0.19377431056,0.48910712433,0.7073772013,0.70058225714,0.69927226096,0.70681388762,0.34509492105,0.41700435429,0.26160643659,0.51284002559,0.51284002559,0.51249668482
15.0,0.4840979287,0.48343126323,0.48343470147,0.48343470147,0.48343470147,0.13072708367,0.18330545243,0.21645387541,0.099785705786,0.11468273575,0.05016114914,0.15794428385,0.18976568948,0.41220965413,0.050160978311,0.071527880706,0.18618326698,0.53804947034,0.5380494702,0.49612945114,0.20112672303,0.044046718955,0.14884154321,0.29775968015,0.057509454594,0.049469704495,0.26413457517,0.19314702116,0.48260942728,0.67879774485,0.67227555271,0.67101814429,0.67825704153,0.34262087195,0.41291401271,0.26035241516,0.50530289447,0.50530289447,0.5049645745
20.0,0.47763948032,0.47698167736,0.4769850699,0.4769850699,0.4769850699,0.13046739002,0.18274994858,0.21564289573,0.09964674914,0.11449016842,0.050143867469,0.15754683893,0.18916495595,0.40817703062,0.050143696861,0.071468773432,0.18560788277,0.52885886002,0.52885885988,0.48765230052,0.20044124436,0.044038389836,0.1484936714,0.29603304051,0.057479609236,0.049453504518,0.26284276834,0.19252176131,0.47619760628,0.65136571131,0.64510546052,0.64389855521,0.65084672227,0.34016451952,0.40886371416,0.2591043945,0.49787598923,0.49787598923,0.49754261735
25.0,0.47126689294,0.47061783553,0.47062118296,0.47062118296,0.47062118296,0.13020821223,0.18219612746,0.21483495367,0.099507985979,0.11429792437,0.050126591751,0.15715039381,0.18856612308,0.40418383702,0.050126421364,0.071409714995,0.1850342757,0.51982463239,0.51982463225,0.4793194802,0.1997581,0.044030062291,0.1481466123,0.29431640281,0.057449779367,0.049437309846,0.2615572725,0.19189852444,0.46987053806,0.62503560381,0.61902690137,0.61786849507,0.62453746759,0.33772573774,0.40485306816,0.25786234602,0.49055771373,0.49055771373,0.49022921829
30.0,0.46497903311,0.46433860576,0.46434190869,0.46434190869,0.46434190868,0.12994954928,0.18164398396,0.21403003788,0.099369416035,0.11410600305,0.050109321986,0.15675494597,0.18796918486,0.40022968819,0.050109151819,0.071350705353,0.18446244027,0.51094414695,0.51094414681,0.47112855021,0.199077282,0.044021736322,0.14780036404,0.29260970925,0.057419964978,0.049421120477,0.26027805689,0.19127730402,0.46362711369,0.59976368468,0.59399653998,0.59288470621,0.59928557317,0.3353044015,0.40088168802,0.25662624122,0.48334649452,0.48334649452,0.48302280487
35.0,0.45877478208,0.45814287085,0.45814612985,0.45814612985,0.45814612985,0.12969140015,0.181093513,0.21322813701,0.099231039039,0.11391440391,0.05009205817,0.15636049291,0.18737413531,0.39631420277,0.050091888224,0.071291744468,0.18389237103,0.50221480709,0.50221480696,0.46307711129,0.19839878245,0.044013411926,0.1474549247,0.29091290233,0.057390166061,0.04940493641,0.2590050909,0.19065809354,0.45746623849,0.57550791095,0.56997272094,0.56890560801,0.57504902816,0.33290038656,0.39694919077,0.25539605177,0.47624078046,0.47624078046,0.47592182697
40.0,0.45265303571,0.4520295281,0.45203274377,0.45203274377,0.45203274376,0.12943376382,0.18054470954,0.21242923978,0.099092854722,0.11372312642,0.050074800302,0.15596703211,0.18678096845,0.39243700311,0.050074630575,0.071232832298,0.18332406253,0.49363405941,0.49363405928,0.45516280416,0.19772259348,0.044005089105,0.1471102924,0.28922592491,0.057360382608,0.049388757642,0.25773834405,0.19004088649,0.45138683179,0.55222787192,0.54691540686,0.54589123503,0.55178745278,0.33051356957,0.39305519718,0.25417174945,0.46923904247,0.46923904247,0.46892475648
45.0,0.44661270421,0.44599748922,0.44600066211,0.44600066211,0.44600066211,0.12917663926,0.17999756851,0.21163333496,0.098954862816,0.11353217003,0.050057548379,0.15557456109,0.18618967834,0.38859771522,0.050057378873,0.071173968803,0.18275750933,0.48519939299,0.48519939286,0.44738330889,0.19704870723,0.043996767858,0.14676646527,0.28754872016,0.057330614611,0.049372584172,0.25647778603,0.18942567641,0.44538782681,0.5298847288,0.52478611835,0.52380317724,0.52946203804,0.32814382802,0.38919933165,0.25295330619,0.46233977321,0.46233977321,0.46203008704
50.0,0.440652712,0.44004568006,0.44004881075,0.44004881075,0.44004881075,0.12892002547,0.17945208489,0.21084041132,0.098817063053,0.11334153421,0.0500403024,0.15518307736,0.18560025905,0.38479596878,0.050040133113,0.071115153943,0.18219270602,0.47690833871,0.47690833858,0.43973634427,0.19637711586,0.043988448184,0.14642344141,0.28588123157,0.057300862062,0.049356415999,0.25522338666,0.18881245684,0.43946817044,0.50844115632,0.50354787623,0.50260452217,0.50803548736,0.32579104031,0.38538122225,0.25174069403,0.45554148676,0.45554148677,0.45523633372
55.0,0.43477199752,0.43417304051,0.43417612955,0.43417612955,0.43417612955,0.12866392142,0.17890825365,0.21005045772,0.098679455165,0.11315121842,0.050023062362,0.15479257844,0.18501270467,0.38103139708,0.050022893295,0.071056387678,0.18162964719,0.46875846859,0.46875846847,0.43221966719,0.19570781159,0.043980130083,0.14608121895,0.28422340299,0.057271124954,0.04934025312,0.25397511592,0.18820122134,0.4336268231,0.48786128633,0.48316514544,0.48225979904,0.48747196018,0.32345508565,0.38160050064,0.25053388518,0.44884271839,0.44884271839,0.4485420327
60.0,0.42896951307,0.42837852424,0.4283815722,0.4283815722,0.42838157219,0.12840832611,0.17836606981,0.20926346304,0.098542038886,0.11296122212,0.050005828264,0.15440306185,0.18442700929,0.37730363696,0.050005659417,0.070997669968,0.18106832748,0.46074739514,0.46074739501,0.42483107201,0.19504078662,0.043971813555,0.14573979603,0.28257517855,0.057241403277,0.049324095534,0.25273294393,0.1875919635,0.42786275858,0.46811065324,0.46360378102,0.46273492471,0.46773701748,0.32113584414,0.37785680203,0.24933285194,0.4422420242,0.4422420242,0.44194574104
65.0,0.42324422459,0.42266109862,0.42266410602,0.42266410602,0.42266410602,0.12815323852,0.17782552837,0.20847941619,0.098404813948,0.11277154478,0.049988600104,0.15401452512,0.18384316705,0.37361232883,0.049988431475,0.070939000772,0.18050874151,0.45287277064,0.45287277052,0.41756838994,0.19437603322,0.0439634986,0.14539917078,0.28093650273,0.057211697024,0.049307943239,0.25149684096,0.18698467693,0.42217496386,0.44915614135,0.44483097585,0.44399715157,0.44879756915,0.31883319671,0.37414976519,0.24813756677,0.43573798087,0.43573798087,0.43544603633
70.0,0.41759511153,0.41701974445,0.41702271184,0.41702271184,0.41702271184,0.12789865765,0.17728662437,0.20769830615,0.098267780086,0.11258218586,0.049971377878,0.15362696579,0.18326117208,0.36995711658,0.049971209469,0.070880380052,0.17995088393,0.44513228657,0.44513228645,0.41042948846,0.19371354366,0.043955185217,0.14505934133,0.27930732033,0.057182006188,0.049291796233,0.25026677741,0.18637935527,0.41656243893,0.43096593402,0.42681521018,0.42601501713,0.43062182315,0.31654702514,0.37047903238,0.24694800225,0.42932918537,0.42932918537,0.42904151647
75.0,0.41202116665,0.41145345587,0.41145638377,0.41145638377,0.41145638376,0.12764458249,0.17674935284,0.20692012192,0.098130937033,0.11239314482,0.049954161587,0.1532403814,0.18268101855,0.36633764761,0.049953993396,0.070821807765,0.17939474942,0.43752367294,0.43752367282,0.40341227071,0.19305331023,0.043946873407,0.14472030582,0.27768757645,0.057152330759,0.049275654515,0.24904272384,0.18577599215,0.41102419669,0.41350946452,0.40952620295,0.40875829542,0.41317923642,0.31427721203,0.36684424932,0.24576413109,0.4230142547,0.4230142547,0.42273079934
80.0,0.40652139587,0.40596124012,0.40596412905,0.40596412905,0.40596412905,0.12739101203,0.17621370884,0.20614485254,0.097994284524,0.11220442114,0.049936951226,0.1528547695,0.18210270064,0.3627535727,0.049936783254,0.070763283873,0.17884033264,0.43004469765,0.43004469754,0.39651467494,0.19239532528,0.043938563168,0.14438206241,0.27607721651,0.05712267073,0.049259518083,0.24782465095,0.18517458125,0.40555926272,0.39675736865,0.39293486477,0.39219795005,0.39644046754,0.31202364082,0.36324506517,0.24458592614,0.41679182556,0.41679182556,0.41651252255
85.0,0.40109481809,0.40054211744,0.40054496792,0.40054496792,0.40054496792,0.12713794528,0.17567968745,0.2053724871,0.097857822293,0.11201601427,0.049919746795,0.15247012764,0.18152621255,0.3592045461,0.049919579041,0.070704808336,0.17828762832,0.42269316591,0.4226931658,0.3897346739,0.19173958115,0.0439302545,0.14404460925,0.27447618627,0.057093026094,0.049243386934,0.24661252957,0.18457511626,0.40016667515,0.38068143899,0.37701325256,0.37630608893,0.38037733101,0.30978619578,0.35968113247,0.24341336035,0.41066055417,0.41066055417,0.41038534317
90.0,0.39574046504,0.39519512085,0.39519793339,0.39519793339,0.39519793339,0.12688538122,0.17514728377,0.20460301473,0.097721550076,0.1118279237,0.049902548291,0.15208645339,0.18095154849,0.35569022537,0.049902380755,0.070646381113,0.17773663116,0.41546691961,0.4154669195,0.38307027429,0.19108607023,0.043921947403,0.14370794448,0.27288443177,0.057063396841,0.049227261069,0.24540633068,0.18397759089,0.39484548452,0.36525458082,0.36173452585,0.36105592058,0.36496275317,0.30756476199,0.35615210717,0.24224640684,0.40461911591,0.40461911591,0.40434793745
95.0,0.39045738109,0.38991929602,0.38992207112,0.38992207112,0.38992207112,0.12663331887,0.17461649288,0.2038364246,0.097585467607,0.11164014888,0.049885355712,0.15170374432,0.1803787027,0.35221027146,0.049885188395,0.070588002165,0.17718733589,0.40836383672,0.40836383661,0.37651951623,0.19043478492,0.043913641878,0.14337206627,0.27130189937,0.057033782965,0.049211140484,0.24420602541,0.18338199887,0.38959475362,0.3504507695,0.34707290449,0.34642171204,0.35017072966,0.30535922533,0.3526576485,0.24108503882,0.3986662051,0.3986662051,0.39839900056
100.0,0.38524462312,0.3847137011,0.38471643926,0.38471643926,0.38471643926,0.12638175723,0.17408730991,0.20307270592,0.097449574623,0.1114526893,0.049868169056,0.15132199799,0.17980766943,0.3487643486,0.049868001957,0.070529671452,0.17663973727,0.40138183071,0.4013818306,0.37008047266,0.18978571765,0.043905337922,0.14303697278,0.26972853575,0.057004184456,0.049195025178,0.24301158502,0.18278833395,0.38441355732,0.3362450095,0.33300362806,0.33237874821,0.33597628442,0.30316947251,0.34919741904,0.23992922964,0.39280053473,0.39280053473,0.39253724634
105.0,0.38010126034,0.37957740655,0.37958010826,0.37958010826,0.37958010825,0.1261306953,0.17355973,0.20231184794,0.09731387086,0.11126554441,0.049850988321,0.15094121199,0.17923844295,0.34535212429,0.04985082144,0.070471388934,0.17609383005,0.39451884998,0.39451884987,0.36375124885,0.18913886089,0.043897035537,0.14270266218,0.26816428789,0.056974601308,0.049178915149,0.2418229809,0.1821965899,0.37930098243,0.32261329481,0.31950291662,0.31890329274,0.32235543019,0.30099539103,0.34577108462,0.23877895279,0.38702083621,0.38702083621,0.38676140702
110.0,0.37502637414,0.374509495,0.37451216074,0.37451216074,0.37451216074,0.12588013209,0.17303374829,0.20155383995,0.097178356055,0.11107871369,0.049833813505,0.1505613839,0.17867101756,0.34197326929,0.049833646841,0.070413154571,0.17554960903,0.38777287728,0.38777287717,0.37454741305,0.18849420711,0.043888734722,0.14236913265,0.26660910307,0.056945033512,0.049162810395,0.24064018461,0.18160676051,0.37425612754,0.30953257081,0.3065479329,0.30597255026,0.30928513036,0.29883686918,0.34237831432,0.23763418187,0.38132585912,0.38132585912,0.38107023298
115.0,0.37001905791,0.36950906109,0.36951169134,0.36951169134,0.36951169133,0.12563006661,0.17250935994,0.20079867128,0.097043029944,0.11089219662,0.049816644607,0.15018251132,0.17810538755,0.33862745757,0.04981647816,0.070354968324,0.175007069,0.38114192914,0.38114192903,0.41310762421,0.18785174883,0.043880435477,0.14203638235,0.26506292888,0.05691548106,0.049146710916,0.23946316781,0.1810188396,0.36927810292,0.29698069756,0.29411674587,0.29356463006,0.29674326231,0.29669379605,0.33901878042,0.2364948906,0.37571437092,0.37571437092,0.3754624925
120.0,0.36507841695,0.36457521131,0.36457780653,0.36457780653,0.36457780652,0.12538049787,0.17198656013,0.2000463313,0.096907892265,0.11070599266,0.049799481623,0.14980459184,0.17754154725,0.33531436626,0.049799315394,0.070296830152,0.17446620477,0.37462405533,0.37462405523,0.40604475571,0.18721147858,0.043872137801,0.14170440948,0.26352571322,0.056885943944,0.049130616708,0.23829190232,0.180432821,0.36436603031,0.28493641438,0.2821882957,0.28165851101,0.284708582,0.29456606151,0.33569215837,0.23536105285,0.37018515675,0.37018515675,0.3699369715
125.0,0.36020356825,0.35970706383,0.35970962449,0.35970962449,0.35970962449,0.12513142489,0.17146534405,0.19929680942,0.096772942756,0.1105201013,0.049782324552,0.14942762306,0.17697949102,0.33203367566,0.04978215854,0.070238740016,0.17392701118,0.36821733833,0.36821733823,0.39910228274,0.18657338892,0.043863841694,0.14137321221,0.26199740427,0.056856422157,0.049114527771,0.2371263601,0.17984869856,0.35951904282,0.27337930574,0.2707423599,0.27023400786,0.27316068992,0.2924535562,0.3323981268,0.23423264258,0.36473701915,0.36473701915,0.36449247333
130.0,0.35539364037,0.35490374841,0.35490627496,0.35490627496,0.35490627496,0.12488284667,0.17094570691,0.19855009508,0.096638181154,0.11033452201,0.049765173392,0.1490516026,0.1764192132,0.32878506917,0.049765007597,0.070180697876,0.17338948306,0.36191989275,0.36191989265,0.39227816508,0.18593747244,0.043855547156,0.14104278873,0.26047795053,0.05682691569,0.049098444102,0.23596651323,0.17926646614,0.35473628476,0.26228976845,0.2597595208,0.25927173871,0.26207999824,0.29035617155,0.32913636744,0.2331096339,0.35936877784,0.35936877784,0.35912781846
135.0,0.35064777328,0.35016440618,0.35016689908,0.35016689908,0.35016689908,0.12463476224,0.17042764393,0.19780617779,0.096503607197,0.11014925426,0.049748028141,0.14867652808,0.17586070817,0.3255682333,0.049747862562,0.070122703693,0.17285361527,0.35572986485,0.35572986475,0.3855703967,0.18530372174,0.043847254186,0.14071313725,0.25896730077,0.056797424535,0.0490823657,0.23481233394,0.17868611764,0.35001691152,0.25164898001,0.24922113422,0.24875309374,0.25144769924,0.28827379974,0.32590656509,0.23199200103,0.35407926948,0.35407926948,0.3538418443
140.0,0.34596511824,0.34548818954,0.34549064924,0.34549064924,0.34549064924,0.12438717062,0.16991115035,0.19706504706,0.096369220626,0.10996429753,0.049730888797,0.1483023971,0.17530397035,0.3223828576,0.049730723435,0.070064757427,0.17231940271,0.34964543199,0.34964543189,0.37897700517,0.18467212946,0.043838962784,0.14038425594,0.25746540408,0.056767948684,0.049066292564,0.23366379458,0.17810764697,0.34536008944,0.24143886817,0.23910929922,0.23866020508,0.24124573488,0.28620633374,0.32270840764,0.23087971833,0.3488673474,0.3488673474,0.34863340496
145.0,0.34134483763,0.34087426202,0.34087668895,0.34087668895,0.34087668895,0.12414007082,0.16939622141,0.19632669246,0.096235021178,0.1097796513,0.049713755358,0.14792920731,0.17474899412,0.31922863466,0.049713590211,0.070006859039,0.17178684025,0.34366480214,0.34366480204,0.37249605113,0.18404268826,0.04383067295,0.14005614303,0.25597220985,0.05673848813,0.04905022469,0.23252086766,0.17753104807,0.34076499564,0.23164208161,0.22940682915,0.2289759178,0.23145676749,0.28415366724,0.31954158599,0.22977276024,0.34373188144,0.34373188144,0.34350137098
150.0,0.33678610482,0.33632179808,0.33632419268,0.33632419268,0.33632419268,0.12389346188,0.16888285237,0.1955911036,0.096101008594,0.10959531505,0.049696627821,0.14755695633,0.17419577394,0.31610526006,0.049696462891,0.069949008488,0.17125592281,0.33778621336,0.33778621327,0.36612562772,0.18341539083,0.043822384684,0.13972879671,0.25448766772,0.056709042865,0.049034162079,0.2313835258,0.17695631487,0.3362308179,0.22224196175,0.22009722358,0.21968376198,0.2220641516,0.28211569471,0.31640579406,0.22867110138,0.33867175762,0.33867175762,0.33844462915
155.0,0.33228810402,0.33182998306,0.33183234575,0.33183234576,0.33183234575,0.1236473428,0.16837103853,0.19485827013,0.095967182612,0.10941128825,0.049679506185,0.14718564181,0.17364430424,0.31301243235,0.049679341471,0.069891205736,0.17072664531,0.33200793332,0.33200793323,0.35986386007,0.18279022987,0.043814097985,0.13940221519,0.25301172766,0.05667961288,0.049018104727,0.23025174176,0.17638344135,0.33175675454,0.21322251557,0.21116464148,0.21076792589,0.21305190677,0.28009231137,0.31330072871,0.22757471643,0.33368587802,0.33368587802,0.33346208225
160.0,0.32785003013,0.32739801294,0.32740034416,0.32740034416,0.32740034416,0.12340171264,0.16786077516,0.19412818172,0.095833542974,0.1092275704,0.049662390448,0.14681526138,0.1730945795,0.30994985303,0.049662225949,0.069833450742,0.1701990027,0.32632825881,0.32632825872,0.35370890475,0.18216719812,0.043805812853,0.13907639669,0.25154433992,0.056650198167,0.049002052634,0.22912548842,0.1758124215,0.32734201428,0.20456838946,0.20259387526,0.20221323011,0.20440469153,0.27808341315,0.31022608977,0.22648358024,0.32877316047,0.32877316047,0.32855264881
165.0,0.32347108863,0.32302509429,0.32302739445,0.32302739445,0.32302739444,0.1231565704,0.16735205758,0.19340082811,0.09570008942,0.10904416097,0.049645280607,0.14644581271,0.1725465942,0.3069172265,0.049645116324,0.069775743468,0.16967298992,0.32074551524,0.32074551515,0.34765894931,0.18154628834,0.043797529288,0.13875133943,0.25008545503,0.05662079872,0.048986005797,0.22800473883,0.17524324932,0.32298581609,0.19626484416,0.19437032591,0.19400510264,0.19610777821,0.27608889675,0.30718157999,0.22539766776,0.32393253838,0.32393253838,0.32371526294
170.0,0.31915049545,0.31871044408,0.31871271359,0.31871271359,0.31871271359,0.12291191512,0.1668448811,0.19267619905,0.095566821691,0.10886105944,0.049628176661,0.14607729345,0.17200034284,0.30391426006,0.049628012594,0.069718083874,0.16914860195,0.31525805619,0.31525805611,0.34171221169,0.18092749332,0.043789247289,0.13842704163,0.24863502379,0.056591414529,0.048969964215,0.22688946612,0.17467591885,0.31868738909,0.18829773048,0.18647997898,0.18612955504,0.18814702882,0.27410865959,0.30416690497,0.22431695404,0.31916296049,0.31916296049,0.3189488741
175.0,0.31488747678,0.31445328957,0.31445552884,0.31445552884,0.31445552883,0.12266774584,0.16633924107,0.19195428434,0.095433739528,0.10867826529,0.049611078608,0.14570970126,0.17145581994,0.30094066384,0.049610914755,0.069660471921,0.16862583377,0.30986426296,0.30986426288,0.3358669398,0.18031080585,0.043780966856,0.13810350151,0.24719299733,0.056562045587,0.048953927886,0.22577964359,0.17411042412,0.3144459724,0.18065346611,0.17890938158,0.17857315936,0.18050887175,0.27214259981,0.3011817732,0.22324141427,0.31446339071,0.31446339071,0.31425244684
180.0,0.31068126901,0.31025286817,0.31025507759,0.31025507759,0.31025507759,0.12242406159,0.16583513282,0.19123507381,0.095300842673,0.10849577802,0.049593986445,0.14534303382,0.17091302003,0.29799615083,0.049593822807,0.069602907569,0.16810468039,0.30456254407,0.30456254399,0.33012141097,0.17969621878,0.043772687989,0.13778071731,0.245759327,0.056532691887,0.048937896808,0.22467524466,0.17354675921,0.31026081502,0.1733190132,0.17164562016,0.171323026,0.17318027947,0.27019061628,0.29822589601,0.22217102377,0.30983280782,0.30983280782,0.30962496063
185.0,0.30653111853,0.3061084273,0.30611060727,0.30611060728,0.30611060727,0.1221808614,0.16533255173,0.19051855736,0.095168130867,0.1083135971,0.049576900171,0.14497728879,0.17037193768,0.2950804368,0.049576736748,0.069545390779,0.16758513682,0.29935133484,0.29935133475,0.32447393149,0.17908372496,0.043764410687,0.13745868727,0.24433396449,0.056503353419,0.04892187098,0.22357624286,0.17298491821,0.30613117572,0.16628185684,0.16467629921,0.1643667825,0.16614874697,0.26825260857,0.2952989875,0.22110575794,0.30527020534,0.30527020534,0.30506540964
190.0,0.30243628165,0.30201922428,0.3020213752,0.3020213752,0.3020213752,0.12193814432,0.16483149317,0.18980472488,0.095035603854,0.10813172203,0.049559819783,0.14461246385,0.16983256744,0.29219324029,0.049559656575,0.069487921512,0.1670671981,0.29422909693,0.29422909685,0.31892283614,0.17847331728,0.04375613495,0.13713740962,0.24291686173,0.056474030176,0.0489058504,0.22248261188,0.1724248952,0.3020563229,0.15952998441,0.15798952076,0.15769255298,0.15940227113,0.26632847699,0.29240076457,0.22004559233,0.30077459129,0.30077459129,0.30057280256
195.0,0.29839602447,0.29798452621,0.29798664845,0.29798664845,0.29798664845,0.12169590938,0.16433195254,0.18909356633,0.094903261376,0.10795015228,0.04954274528,0.1442485567,0.16929490392,0.28933428261,0.049542582286,0.069430499728,0.16655085928,0.28919431795,0.28919431787,0.31346648769,0.17786498862,0.043747860779,0.1368168826,0.24150797093,0.056444722151,0.048889835066,0.2213943255,0.17186668433,0.29803553446,0.15305186562,0.15157386465,0.15128893852,0.15292933079,0.26441812253,0.28953094688,0.21899050259,0.29634498799,0.29634498799,0.29614616233
200.0,0.29440962272,0.29400360978,0.29400570374,0.29400570374,0.29400570374,0.12145415563,0.16383392523,0.1883850717,0.094771103175,0.10776888735,0.049525676659,0.14388556503,0.1687589417,0.28650328776,0.049525513879,0.069373125388,0.16603611541,0.28424551095,0.28424551088,0.30810327649,0.17725873194,0.043739588172,0.13649710447,0.2401072446,0.056415429335,0.048873824977,0.22031135767,0.17131027972,0.29406809771,0.14683643346,0.1454183696,0.14514499822,0.14671886769,0.26252144689,0.2866892568,0.21794046449,0.29198043184,0.29198043184,0.291784526
205.0,0.29047636165,0.29007576124,0.29007782729,0.29007782729,0.29007782728,0.12121288212,0.16333740666,0.18767923101,0.094639128997,0.10758792672,0.049508613919,0.14352348654,0.16822467542,0.28369998246,0.049508451353,0.069315798453,0.16552296157,0.27938121408,0.27938121401,0.30283161995,0.17665454017,0.043731317129,0.13617807347,0.23871463549,0.056386151721,0.04885782013,0.21923368244,0.17075567555,0.29015330923,0.14087306571,0.13951251495,0.13925023101,0.14076026806,0.26063835247,0.28387541939,0.21689545391,0.28767997318,0.28767997318,0.28748694452
210.0,0.28659553594,0.28620027621,0.28620231471,0.28620231471,0.28620231471,0.12097208788,0.16284239228,0.18697603432,0.094507338583,0.10740726989,0.049491557057,0.14316231892,0.16769209972,0.28092409607,0.049491394705,0.069258518885,0.16501139287,0.27459999013,0.27459999005,0.29764996215,0.17605240631,0.043723047651,0.13585978786,0.23733009666,0.0563568893,0.048841820525,0.21816127398,0.17020286598,0.28629047474,0.13515156736,0.1338462032,0.13359455816,0.13504334496,0.25876874236,0.28108916241,0.21585544685,0.28344267602,0.28344267602,0.28325248253
215.0,0.28276644953,0.28237645959,0.28237847091,0.28237847091,0.2823784709,0.12073177196,0.16234887752,0.18627547175,0.094375731679,0.10722691634,0.049474506071,0.14280205989,0.16716120924,0.27817536061,0.049474343933,0.069201286643,0.16450140441,0.26990042611,0.26990042603,0.29255677337,0.17545232334,0.043714779736,0.1355422459,0.2359535814,0.056327642064,0.048825826159,0.21709410661,0.16965184523,0.28247890902,0.12966215357,0.12840974312,0.12816830653,0.12955832129,0.25691252034,0.27833021624,0.21482041943,0.27926761789,0.27926761789,0.27908021815
220.0,0.27898841553,0.2786036254,0.2786056099,0.2786056099,0.2786056099,0.12049193342,0.16185685785,0.18557753342,0.094244308029,0.10704686557,0.04945746096,0.14244270717,0.16663199867,0.27545351072,0.049457299035,0.069144101688,0.1639929913,0.26528113289,0.26528113282,0.28755054965,0.17485428429,0.043706513384,0.13522544586,0.23458504331,0.056298410007,0.04880983703,0.21603215475,0.1691026075,0.27871793576,0.12439543331,0.12319383361,0.12296219232,0.1242958135,0.25506959086,0.27559831389,0.21379034786,0.27515388965,0.27515388965,0.27496924286
225.0,0.27526075608,0.27488109672,0.27488305476,0.27488305476,0.27488305476,0.12025257131,0.16136632874,0.18488220951,0.094113067378,0.10686711706,0.049440421721,0.14208425847,0.16610446269,0.27275828361,0.04944026001,0.069086963982,0.1634861487,0.26074074478,0.26074074471,0.28262981239,0.17425828221,0.043698248596,0.13490938599,0.23322443622,0.05626919312,0.048793853137,0.21497539297,0.16855514704,0.27500688748,0.11934239376,0.11818954814,0.11796730566,0.11924681591,0.25323985905,0.27289319097,0.21276520849,0.27110059528,0.27110059528,0.27091866121
230.0,0.27158280226,0.27120820554,0.27121013747,0.27121013747,0.27121013747,0.12001368468,0.16087728567,0.18418949023,0.093982009471,0.10668767032,0.049423388352,0.14172671153,0.16557859601,0.27008941907,0.049423226854,0.069029873486,0.16298087176,0.25627791914,0.25627791907,0.27779310791,0.17366431018,0.04368998537,0.13459406459,0.23187171425,0.056239991394,0.048777874479,0.21392379594,0.16800945809,0.27134510538,0.11449438513,0.11338831979,0.1131750956,0.11440268561,0.25142323073,0.27021458567,0.21174497777,0.26710685173,0.26710685173,0.26692759073
235.0,0.26795389396,0.26758429263,0.2675861988,0.2675861988,0.2675861988,0.11977527259,0.16038972416,0.18349936583,0.093851134053,0.10650852482,0.049406360852,0.14137006407,0.16505439335,0.26744665942,0.049406199567,0.06897283016,0.16247715563,0.251891336,0.25189133594,0.27303900706,0.17307236128,0.043681723707,0.13427947991,0.23052683178,0.056210804823,0.048761901053,0.21287733847,0.16746553493,0.26773193926,0.10984310622,0.10878192693,0.10857735586,0.10975512799,0.24961961237,0.26756223871,0.21072963226,0.26317178868,0.26317178868,0.2629951617
240.0,0.26437337975,0.26400870746,0.26401058821,0.26401058821,0.26401058821,0.11953733409,0.15990363971,0.18281182659,0.093720440871,0.10632968008,0.049389339218,0.14101431384,0.16453184945,0.26482974951,0.049389178145,0.068915833966,0.16197499551,0.24757969769,0.24757969763,0.26836610477,0.17248242864,0.043673463606,0.13396563024,0.22918974346,0.056181633399,0.048745932857,0.21183599547,0.16692337186,0.26416674741,0.1053805905,0.10436247941,0.10416621099,0.10529618285,0.2478289111,0.26493589333,0.20971914863,0.25929454843,0.25929454843,0.25912051695
245.0,0.2608406168,0.26048080808,0.26048266375,0.26048266375,0.26048266374,0.11929986824,0.15941902786,0.18212686284,0.093589929671,0.10615113558,0.049372323448,0.14065945858,0.16401095906,0.26223843667,0.049372162588,0.068858884865,0.1614743866,0.24334172846,0.24334172839,0.26377301968,0.1718945054,0.043665205068,0.13365251386,0.22786040417,0.056152477112,0.048729969891,0.21079974201,0.16638296317,0.26064889646,0.1010991927,0.10012240529,0.099934103219,0.10101821101,0.24605103473,0.26233529528,0.20871350367,0.25547428567,0.25547428567,0.25530281175
250.0,0.25735497075,0.25699996098,0.25700179189,0.25700179189,0.25700179189,0.11906287411,0.15893588414,0.18144446492,0.0934596002,0.10597289082,0.04935531354,0.14030549603,0.16349171697,0.25967247068,0.049355152893,0.068801982817,0.1609753241,0.2391761741,0.23917617403,0.25925839378,0.17130858473,0.04365694809,0.13334012906,0.2265387691,0.056123335957,0.048714012152,0.20976855324,0.16584430321,0.25717776134,0.096991575999,0.096054438133,0.095873779662,0.096913881474,0.2442858917,0.25976019279,0.20771267428,0.25171016732,0.25171016732,0.25154121356
255.0,0.25391581558,0.253565541,0.2535673475,0.2535673475,0.25356734749,0.11882635075,0.15845420411,0.18076462324,0.093329452204,0.10579494529,0.049338309493,0.13995242396,0.16297411795,0.2571316038,0.049338149058,0.068745127784,0.16047780326,0.23508180162,0.23508180156,0.25482089193,0.17072465981,0.043648692675,0.13302847414,0.22522479365,0.056094209924,0.048698059639,0.20874240446,0.16530738631,0.25375272513,0.093050699643,0.092151604765,0.091978280178,0.092976159092,0.24253339111,0.25721033651,0.20671663745,0.24800137235,0.24800137235,0.24783490189
260.0,0.25052253357,0.25017693125,0.25017871365,0.25017871365,0.25017871365,0.11859029724,0.15797398335,0.18008732823,0.093199485431,0.1056172985,0.049321311304,0.13960024012,0.16245815682,0.25461559068,0.04932115108,0.068688319728,0.1599818193,0.23105739889,0.23105739882,0.25045920159,0.17014272385,0.04364043882,0.13271754739,0.22391843351,0.056065099006,0.04868211235,0.20772127108,0.16477220685,0.25037317895,0.089269807109,0.088407213529,0.088240925613,0.089198292719,0.24079344271,0.25468547955,0.20572537031,0.24434709164,0.24434709164,0.24418306816
265.0,0.24717451509,0.24683352295,0.24683528157,0.24683528157,0.24683528157,0.11835471264,0.15749521742,0.17941257034,0.093069699629,0.10543994995,0.049304318971,0.13924894228,0.16194382839,0.25212418837,0.049304158959,0.068631558608,0.15948736748,0.22710177424,0.22710177417,0.24617203235,0.1695627701,0.043632186526,0.1324073471,0.22261964461,0.056036003195,0.048666170282,0.20670512862,0.1642387592,0.2470385219,0.085642414703,0.084814842995,0.084655306543,0.085573803823,0.23906595688,0.25218537741,0.20473885007,0.24074652776,0.24074652776,0.24058491547
270.0,0.2438711586,0.24353471535,0.24353645051,0.24353645051,0.24353645051,0.11811959601,0.15701790194,0.17874034007,0.092940094545,0.10526289912,0.049287332492,0.13889852822,0.16143112751,0.2496571563,0.049287172692,0.068574844387,0.15899444308,0.22321375618,0.22321375612,0.24195811563,0.1689847918,0.043623935792,0.13209787159,0.22132838314,0.056006922483,0.048650233436,0.20569395273,0.16370703777,0.24374816091,0.082162300621,0.081368331128,0.081215272456,0.082096475556,0.23735084463,0.24970978795,0.20375705406,0.23719889485,0.23719889485,0.23703965847
275.0,0.24061187046,0.24027991564,0.24028162766,0.24028162766,0.24028162765,0.11788494643,0.1565420325,0.17807062797,0.092810669929,0.10508614553,0.049270351865,0.13854899571,0.16092004903,0.24721425623,0.049270192276,0.068518177026,0.15850304139,0.21939219304,0.21939219298,0.23781620426,0.16840878224,0.043615686619,0.13178911916,0.22004460554,0.055977856863,0.048634301808,0.20468771919,0.16317703697,0.24050151067,0.078823494442,0.078061764875,0.077914921358,0.078760342251,0.23564801763,0.24725847142,0.20277995973,0.23370341844,0.23370341844,0.2335465232
280.0,0.23739606488,0.23706853883,0.23707022801,0.23707022801,0.237070228,0.11765076298,0.15606760473,0.17740342461,0.092681425528,0.10490968867,0.049253377088,0.13820034254,0.16041058782,0.24479525228,0.049253217711,0.068461556486,0.1580131577,0.21563595263,0.21563595257,0.23374507218,0.16783473472,0.043607439005,0.13148108812,0.2187682685,0.055948806327,0.048618375397,0.20368640386,0.16264875124,0.23729799353,0.075620267034,0.074889470167,0.074748589797,0.075559679343,0.23395738815,0.24483119038,0.20180754462,0.23025933526,0.23025933527,0.23010474691
285.0,0.2342231638,0.23390000765,0.23390167428,0.23390167428,0.23390167428,0.11741704472,0.15559461427,0.17673872059,0.092552361092,0.10473352805,0.04923640816,0.13785256649,0.15990273877,0.24239991083,0.049236248994,0.068404982728,0.15752478734,0.21194392194,0.21194392188,0.22974351405,0.16726264257,0.043599192951,0.13117377679,0.21749932898,0.055919770866,0.048602454201,0.20268998277,0.16212217504,0.23413703938,0.07254712086,0.071846002321,0.071710843277,0.072488993675,0.23227886909,0.24242770972,0.20083978638,0.22686589315,0.22686589315,0.2267135779
290.0,0.2310925968,0.23077375243,0.23077539682,0.23077539682,0.23077539682,0.11718379073,0.15512305676,0.17607650655,0.09242347637,0.10455766317,0.049219445077,0.13750566535,0.15939649678,0.24002800058,0.049219286122,0.068348455714,0.15703792562,0.20831500679,0.20831500674,0.2258103449,0.16669249914,0.043590948456,0.13086718349,0.21623774415,0.055890750473,0.04858653822,0.20169843201,0.16159730285,0.23101808557,0.069598780673,0.068926136816,0.068796467059,0.069543014206,0.23061237396,0.2400477966,0.19987666277,0.22352235081,0.22352235081,0.2233722754
295.0,0.22800380097,0.22768921105,0.2276908335,0.2276908335,0.2276908335,0.11695100009,0.15465292787,0.17541677316,0.092294771113,0.10438209353,0.049202487839,0.13715963694,0.15889185677,0.23767929246,0.049202329094,0.068291975405,0.1565525679,0.20474813154,0.20474813148,0.22194439984,0.16612429779,0.043582705521,0.13056130654,0.21498347145,0.05586174514,0.04857062745,0.20071172784,0.16107412914,0.22794057683,0.066770184576,0.066124860442,0.066000457318,0.066716683075,0.2289578169,0.23769122046,0.19891815165,0.22022797773,0.22022797773,0.22008010937
300.0,0.22495622084,0.22464582879,0.2246474296,0.2246474296,0.2246474296,0.11671867187,0.15418422327,0.17475951116,0.09216624507,0.10420681864,0.049185536442,0.13681447905,0.15838881367,0.23535355965,0.049185377908,0.068235541763,0.15606870953,0.20124223876,0.2012422387,0.21814453365,0.16555803193,0.043574464144,0.13025614427,0.21373646857,0.055832754859,0.04855472189,0.19972984659,0.16055264844,0.22490396513,0.064056475441,0.063437362798,0.063318012661,0.064005147029,0.22731511266,0.23535775298,0.197964231,0.21698205397,0.21698205397,0.21683636034
305.0,0.22194930829,0.22164305829,0.22164463773,0.22164463773,0.22164463773,0.11648680517,0.15371693865,0.17410471126,0.092037897992,0.104031838,0.049168590886,0.1364701895,0.15788736244,0.23305057755,0.049168432562,0.068179154748,0.15558634588,0.19779628893,0.19779628887,0.21440962052,0.16499369497,0.043566224325,0.129951695,0.21249669344,0.055803779623,0.048538821539,0.19875276474,0.16003285527,0.22190770963,0.061452992666,0.06085902813,0.060744525981,0.061403749182,0.22568417657,0.23304716807,0.19701487888,0.21378387008,0.21378387008,0.21364031932
310.0,0.21898252244,0.21868035938,0.21868191774,0.21868191774,0.21868191774,0.11625539906,0.15325106971,0.17345236427,0.091909729629,0.10385715112,0.049151651167,0.1361267661,0.15738749804,0.23077012373,0.049151493054,0.068122814324,0.15510547235,0.19440926016,0.19440926011,0.2107385537,0.16443128034,0.043557986065,0.12964795709,0.21126410422,0.055774819424,0.048522926395,0.19778045885,0.15951474416,0.21895127659,0.058955264265,0.05838542749,0.058275576628,0.058908021117,0.22406492459,0.23075924183,0.19607007347,0.21063272686,0.21063272686,0.21049128761
315.0,0.21605532952,0.21575719905,0.21575873662,0.21575873662,0.21575873661,0.11602445262,0.15278661217,0.17280246099,0.091781739734,0.10368275751,0.049134717285,0.13578420668,0.15688921547,0.22851197796,0.049134559382,0.06806652045,0.15462608433,0.19108014787,0.19108014782,0.20713024515,0.1638707815,0.043549749362,0.12934492885,0.21003865934,0.055745874254,0.048507036456,0.19681290564,0.15899830969,0.21603413922,0.056558999266,0.056012311216,0.0559069229,0.056513675288,0.22245727326,0.22849375255,0.19512979306,0.20752793531,0.20752793531,0.20738857662
320.0,0.21316720287,0.21287305133,0.21287456838,0.21287456838,0.21287456838,0.11579396496,0.15232356174,0.17215499228,0.091653928056,0.10350865667,0.049117789237,0.13544250906,0.1563925097,0.22627592214,0.049117631544,0.068010273088,0.15414817724,0.18780796451,0.18780796446,0.20358362528,0.16331219195,0.043541514217,0.12904260864,0.20882031743,0.055716944104,0.04849115172,0.19585008189,0.15848354643,0.21315577767,0.054260080422,0.0537356017,0.053634494835,0.054216597733,0.22086113971,0.22625048068,0.19419401603,0.20446881641,0.20446881641,0.2043315078
325.0,0.21031762274,0.21002739721,0.21002889401,0.21002889401,0.21002889401,0.11556393514,0.15186191418,0.17150994901,0.091526294349,0.10333484812,0.04910086702,0.13510167107,0.15589737577,0.22406174031,0.049100709537,0.067954072201,0.15367174651,0.18459173928,0.18459173923,0.20009764262,0.16275550519,0.043533280629,0.12874099481,0.20760903739,0.055688028968,0.048475272186,0.19489196454,0.15797044898,0.21031567889,0.052054557207,0.05155138646,0.051454387283,0.052012841079,0.21927644168,0.22402920882,0.19326272087,0.20145470101,0.20145470101,0.20131941244
330.0,0.2075060763,0.20721972452,0.20722120134,0.20722120134,0.20722120134,0.11533436228,0.15140166524,0.17086732211,0.091398838365,0.10316133135,0.049083950634,0.13476169056,0.1554038087,0.22186921861,0.04908379336,0.06789791775,0.15319678759,0.18143051784,0.18143051779,0.1966712635,0.16220071473,0.043525048598,0.1284400857,0.20640477834,0.055659128838,0.048459397852,0.19393853061,0.15745901195,0.20751333654,0.049938639089,0.049455911473,0.049362853259,0.049898617823,0.21770309747,0.22182972165,0.19233588617,0.19848492968,0.19848492968,0.19835163156
335.0,0.20473205745,0.20444952789,0.204450985,0.204450985,0.204450985,0.11510524544,0.15094281068,0.17022710253,0.091271559855,0.10298810589,0.049067040076,0.13442256537,0.15491180354,0.21969814528,0.049066883011,0.067841809695,0.15272329592,0.17832336203,0.17832336198,0.19330347177,0.16164781414,0.043516818123,0.12813987968,0.20520749966,0.055630243705,0.048443528716,0.19298975725,0.15694922998,0.20474825096,0.047908689082,0.047445574787,0.047356297569,0.047870293881,0.21614102597,0.21965180599,0.19141349061,0.1955588526,0.1955588526,0.19542751576
340.0,0.20199506681,0.20171630861,0.20171774627,0.20171774627,0.20171774627,0.11487658374,0.15048534627,0.16958928125,0.091144458574,0.10281517124,0.049050135343,0.13408429334,0.15442135535,0.21754831062,0.049049978488,0.067785748,0.15225126699,0.17526934962,0.17526934957,0.18999326853,0.16109679698,0.043508589205,0.12784037508,0.20401716093,0.055601373562,0.048427664777,0.19204562172,0.15644109772,0.20201992899,0.045961217545,0.045516920385,0.045431270673,0.045924382401,0.21459014665,0.21749525073,0.190495513,0.19267582937,0.19267582937,0.19254642506
345.0,0.19929461162,0.19901957458,0.19902099304,0.19902099304,0.19902099304,0.11464837627,0.15002926782,0.1689538493,0.091017534274,0.10264252692,0.049033236435,0.13374687234,0.1539324592,0.21541950699,0.049033079789,0.067729732626,0.15178069627,0.17226757402,0.17226757397,0.18673967177,0.16054765684,0.043500361843,0.12754157029,0.202833722,0.055572518401,0.048411806033,0.19110610136,0.15593460982,0.19932788398,0.044092876238,0.043666632291,0.043584462817,0.044057537818,0.21305037954,0.21535984678,0.18958193222,0.18983522892,0.18983522892,0.1897077288
350.0,0.1966302056,0.19635884019,0.19636023972,0.19636023972,0.19636023972,0.11442062212,0.14957457112,0.16832079772,0.090890786709,0.10247017244,0.049016343348,0.13341030022,0.15344511019,0.21331152875,0.049016186911,0.067673763534,0.15131157927,0.16931714402,0.16931714398,0.18354171616,0.16000038734,0.043492136037,0.12724346367,0.20165714291,0.055543678215,0.048395952482,0.19017117368,0.15542976098,0.19667163565,0.042300452609,0.041891528914,0.041812698379,0.042266550147,0.21152164525,0.21324538714,0.18867272727,0.18703642934,0.18703642934,0.18691080551
355.0,0.19400136894,0.19373362629,0.19373500713,0.19373500713,0.19373500713,0.11419332039,0.14912125199,0.16769011761,0.090764215632,0.10229810731,0.048999456082,0.13307457485,0.15295930344,0.21122417229,0.048999299853,0.067617840687,0.15084391151,0.16641718356,0.16641718351,0.18039845275,0.15945498212,0.043483911786,0.12694605358,0.20048738397,0.055514852995,0.048380104123,0.18924081624,0.15492654589,0.19405071002,0.040580864319,0.040188557624,0.040112930458,0.04054833951,0.21000386496,0.2111516668,0.18776787724,0.1842788178,0.1842788178,0.18415504274
360.0,0.19140762815,0.19114346003,0.19114482244,0.19114482244,0.19114482244,0.1139664702,0.14866930627,0.16706180008,0.090637820799,0.10212633104,0.048982574633,0.13273969409,0.15247503405,0.209157236,0.048982418613,0.067561964045,0.1503776885,0.16356683142,0.16356683138,0.17730894865,0.15891143484,0.04347568909,0.1266493384,0.1993244057,0.055486042734,0.048364260953,0.18831500674,0.15442495927,0.19146463936,0.038931153975,0.038554789541,0.038482235667,0.03889995088,0.20849696038,0.20907848275,0.18686736133,0.18156179036,0.18156179036,0.18143983696
365.0,0.18884851603,0.18858787485,0.18858921907,0.18858921907,0.18858921907,0.11374007063,0.14821872978,0.16643583629,0.090511601963,0.10195484316,0.048965699001,0.13240565584,0.15199229717,0.20711052021,0.048965543189,0.067506133571,0.14991290579,0.16076524104,0.160765241,0.17427228683,0.15836973916,0.043467467949,0.1263533165,0.19816816884,0.055457247424,0.048348422972,0.18739372299,0.15392499586,0.18891296204,0.037348484086,0.036987414529,0.036917809147,0.037318549033,0.20700085382,0.20702563396,0.18597115883,0.17888475188,0.17888475188,0.17876459344
370.0,0.18632357155,0.18606641036,0.18606773663,0.18606773663,0.18606773663,0.11351412079,0.1477695184,0.16581221743,0.09038555888,0.10178364318,0.048948829182,0.13207245796,0.15151108796,0.20508382721,0.048948673578,0.067450349228,0.14944955893,0.15801158021,0.15801158017,0.17128756581,0.1578298888,0.043459248363,0.12605798628,0.19701863438,0.055428467057,0.048332590177,0.18647694289,0.15342665041,0.18639522252,0.035830132213,0.035483736403,0.035416959771,0.035801413707,0.20551546809,0.20499292136,0.18507924913,0.1762471159,0.1762471159,0.17612872607
375.0,0.18383233978,0.18357861224,0.18357992081,0.18357992081,0.18357992081,0.11328861979,0.14732166798,0.1651909347,0.090259691306,0.10161273061,0.048931965175,0.13174009834,0.15103140159,0.20307696123,0.048931809779,0.067394610975,0.14898764349,0.15530503087,0.15530503082,0.16835389942,0.15729187748,0.043451030331,0.12576334611,0.19587576351,0.055399701626,0.048316762566,0.18556464447,0.15292991768,0.18391097124,0.034373486318,0.034041168314,0.033977105549,0.034345934952,0.2040407266,0.20298014783,0.18419161171,0.17364830447,0.17364830447,0.17353165733
380.0,0.18137437183,0.18112403223,0.18112532332,0.18112532332,0.18112532332,0.11306356675,0.1468751744,0.16457197938,0.090133998994,0.10144210497,0.048915106979,0.13140857488,0.15055323324,0.20108972842,0.04891495179,0.067338918777,0.14852715506,0.15264478884,0.1526447888,0.16547041652,0.15675569893,0.043442813853,0.12546939438,0.19473951767,0.055370951123,0.048300940139,0.18465680585,0.15243479247,0.18145976454,0.032976040301,0.032657228333,0.032595769211,0.032949608672,0.20257655327,0.20098711817,0.18330822617,0.17108774808,0.17108774808,0.17097281806
385.0,0.17894922475,0.17870222796,0.17870350181,0.17870350181,0.17870350181,0.11283896076,0.14643003356,0.16395534273,0.090008481703,0.10127176578,0.04889825459,0.13107788547,0.1500765781,0.19912193678,0.048898099609,0.067283272594,0.14806808923,0.15003006363,0.15003006359,0.16263626076,0.15622134693,0.043434598929,0.12517612948,0.1936098585,0.05534221554,0.048285122893,0.18375340526,0.15194126957,0.17904116461,0.031635389713,0.031329535205,0.031270573972,0.031610032341,0.20112287258,0.19901363906,0.18242907218,0.16856488552,0.16856488552,0.16845164742
390.0,0.17655646144,0.17631276294,0.17631401978,0.17631401978,0.17631401978,0.11261480094,0.14598624136,0.16334101608,0.089883139187,0.10110171257,0.048881408007,0.13074802802,0.14960143141,0.19717339625,0.048881253233,0.067227672388,0.14761044161,0.14746007817,0.14746007813,0.15985059035,0.15568881525,0.043426385558,0.12488354981,0.19248674786,0.055313494869,0.048269310826,0.18285442103,0.1514493438,0.17665473936,0.030349227643,0.030055804274,0.029999239467,0.030324900892,0.19967960953,0.1970595191,0.18155412953,0.16607916374,0.16607916374,0.16596759274
395.0,0.17419565062,0.17395520648,0.17395644654,0.17395644654,0.17395644654,0.11239108641,0.14554379372,0.16272899078,0.089757971205,0.10093194484,0.048864567228,0.13041900043,0.14912778838,0.19524391857,0.048864412661,0.067172118122,0.14715420782,0.1449340686,0.14493406856,0.15711257777,0.15515809772,0.04341817374,0.12459165378,0.19137014787,0.055284789102,0.048253503938,0.18195983162,0.15095901001,0.17430006242,0.029115340772,0.028833843575,0.028779577848,0.029092002777,0.19824668966,0.19512456873,0.18068337809,0.16363003776,0.16363003776,0.16352010939
400.0,0.17186636669,0.17162913357,0.17163035706,0.17163035706,0.17163035706,0.11216781628,0.14510268656,0.16211925821,0.089632977512,0.10076246212,0.048847732251,0.13009080062,0.14865564426,0.19333331734,0.048847577891,0.067116609758,0.1466993835,0.14245128404,0.142451284,0.15442140957,0.15462918814,0.043409963475,0.12430043977,0.19026002081,0.055256098233,0.048237702226,0.18106961556,0.15047026304,0.17197671301,0.027931605583,0.027661550081,0.027609490038,0.027909216179,0.19682403905,0.19320860026,0.17981679783,0.16121697055,0.16121697055,0.16110866071
405.0,0.16956818971,0.16933412483,0.16933533199,0.16933533199,0.16933533199,0.11194498967,0.14466291584,0.16151180979,0.089508157866,0.10059326394,0.048830903074,0.12976342651,0.14818499432,0.19144140799,0.048830748921,0.067061147257,0.14624596429,0.14001098638,0.14001098635,0.15177628614,0.15410208039,0.043401754763,0.12400990621,0.18915632922,0.055227422253,0.048221905688,0.18018375152,0.14998309776,0.16968427587,0.026795984729,0.026536906105,0.027835838549,0.026774505379,0.19541158429,0.19131142782,0.17895436883,0.1588394329,0.1588394329,0.15873271783
410.0,0.16730070531,0.16706976647,0.1670709575,0.1670709575,0.1670709575,0.11172260569,0.14422447749,0.16090663696,0.089383512025,0.10042434982,0.048814079694,0.12943687601,0.14771583383,0.18956800775,0.048813925748,0.067005730583,0.14579394587,0.13761245007,0.13761245003,0.14917642142,0.15357676831,0.043393547603,0.12372005151,0.18805903584,0.055198761154,0.048206114323,0.17930221824,0.14949750905,0.16742234123,0.02570652354,0.02545797584,0.24431193535,0.025685917272,0.1940092525,0.18943286735,0.17809607123,0.15649690332,0.15649690332,0.15639175962
415.0,0.16506350459,0.16483565014,0.16483682527,0.16483682527,0.16483682527,0.11150066347,0.1437873675,0.1603037312,0.089259039746,0.10025571927,0.048797262111,0.12911114707,0.14724815807,0.18771293562,0.048797108372,0.066950359696,0.1453433239,0.13525496188,0.13525496184,0.14662104274,0.1530532458,0.043385341994,0.12343087407,0.18696810363,0.055170114928,0.048190328129,0.17842499459,0.14901349183,0.16519050471,0.024661346676,0.024422902047,0.2343988335,0.024641578019,0.19261697133,0.18757273659,0.1772418853,0.15418886793,0.15418886793,0.15408527252
420.0,0.16285618409,0.16263137294,0.16263253237,0.16263253237,0.16263253237,0.11127916213,0.14335158183,0.15970308402,0.089134740789,0.10008737182,0.048780450322,0.12878623761,0.14678196236,0.18587601238,0.048780296789,0.066895034559,0.14489409409,0.13293782073,0.13293782069,0.14410939054,0.15253150679,0.043377137938,0.12314237231,0.18588349576,0.055141483569,0.048174547105,0.17755205953,0.148531041,0.16298836722,0.023658654915,0.023429902871,0.22488708692,0.023639689836,0.19123466891,0.18573085506,0.17639179139,0.15191482033,0.15191482033,0.1518127505
425.0,0.1606783457,0.16045653729,0.16045768124,0.16045768124,0.16045768124,0.1110581008,0.14291711647,0.15910468696,0.089010614911,0.099919307008,0.048763644324,0.12846214557,0.14631724202,0.18405706056,0.048763490997,0.066839755135,0.14444625212,0.13066033745,0.13066033741,0.14164071819,0.15201154518,0.043368935432,0.12285454467,0.18480517561,0.055112867068,0.048158771248,0.17668339212,0.14805015151,0.16081553496,0.022696722067,0.022477268784,0.21576051522,0.022678527916,0.18986227391,0.18390704403,0.17554576993,0.14967426155,0.14967426155,0.14957369488
430.0,0.15852959657,0.1583107509,0.15831187957,0.15831187957,0.15831187956,0.1108374786,0.14248396744,0.15850853161,0.088886661873,0.099751524344,0.048746844117,0.1281388689,0.14585399237,0.18225590442,0.048746690996,0.066784521385,0.14399979372,0.12842183462,0.12842183458,0.13921429176,0.15149335495,0.043360734478,0.12256738956,0.18373310679,0.055084265417,0.048143000558,0.17581897153,0.1475708183,0.1586716193,0.021773892017,0.1564294779,0.20700358479,0.02175643747,0.1884997155,0.18210112655,0.17470380148,0.14746669985,0.14746669985,0.14736761428
435.0,0.15640954908,0.15619362666,0.15619474025,0.15619474025,0.15619474025,0.11061729465,0.14205213074,0.15791460955,0.088762881432,0.099584023361,0.048730049698,0.12781640554,0.14539220878,0.18047236995,0.048729896782,0.066729333272,0.14355471461,0.12622164631,0.12622164628,0.13682938978,0.15097693006,0.043352535074,0.12228090541,0.1826672531,0.05505567861,0.048127235032,0.17495877703,0.14709303635,0.15655623673,0.020888575884,0.22876755592,0.19860138342,0.020871830887,0.18714692336,0.18031292734,0.17386586664,0.14529165071,0.14529165071,0.14519402448
440.0,0.15431782073,0.15410478261,0.15410588133,0.15410588133,0.15410588133,0.11039754809,0.1416216024,0.15732291244,0.08863927335,0.099416803585,0.048713261064,0.12749475346,0.14493188659,0.17870628482,0.048713108354,0.066674190758,0.14311101054,0.12405911797,0.12405911794,0.13448530305,0.1504622645,0.043344337221,0.12199509066,0.18160757855,0.055027106637,0.048111474668,0.17410278798,0.14661680063,0.15446900879,0.020039249298,0.21948383776,0.19053959582,0.020023185018,0.18580382766,0.17854227288,0.17303194616,0.14314863665,0.14314863665,0.14305244834
445.0,0.15225403412,0.15204384186,0.15204492589,0.15204492589,0.15204492589,0.11017823805,0.14119237846,0.15673343194,0.088515837386,0.099249864545,0.048696478215,0.12717391061,0.1444730212,0.17695747839,0.04869632571,0.066619093806,0.14266867727,0.12193360616,0.12193360612,0.13218133446,0.14994935229,0.043336140918,0.12170994374,0.18055404737,0.054998549492,0.048095719466,0.17325098387,0.14614210614,0.152409562,0.01922444978,0.21057609905,0.18280448008,0.019209038555,0.18447035907,0.17678899132,0.17220202083,0.14103718719,0.14103718719,0.14094241568
450.0,0.15021781684,0.15001043249,0.15001150205,0.15001150205,0.15001150205,0.10995936367,0.14076445497,0.15614615975,0.0883925733,0.099083205769,0.048679701147,0.12685387496,0.144015608,0.1752257817,0.048679548848,0.066564042377,0.14222771056,0.11984447838,0.11984447835,0.12991679874,0.14943818747,0.043327946165,0.1214254631,0.17950662398,0.054970007166,0.048079969423,0.17240334425,0.14566894791,0.15037752783,0.018442774238,0.20202917396,0.1753828451,0.018427989529,0.18314644876,0.1750529125,0.17137607157,0.13895683871,0.13895683871,0.13886346317
455.0,0.14820880141,0.14800418757,0.14800524283,0.14800524283,0.14800524283,0.10974092407,0.14033782799,0.15556108759,0.088269480853,0.098916826786,0.048662929859,0.12653464447,0.14355964239,0.17351102742,0.048662777766,0.066509036435,0.1417881062,0.11779111295,0.11779111291,0.12769102228,0.14892876408,0.043319752962,0.12114164718,0.17846527303,0.054941479653,0.048064224537,0.17155984879,0.14519732097,0.14837254256,0.017692876559,0.19382850359,0.16826202876,0.017678692905,0.18183202837,0.1733338679,0.17055407936,0.13690713435,0.13690713435,0.13681513429
460.0,0.14622662526,0.14602474498,0.14602578614,0.14602578614,0.14602578614,0.10952291839,0.13991249359,0.15497820724,0.088146559806,0.098750727129,0.04864616435,0.12621621712,0.1431051198,0.17181304988,0.048646012461,0.066454075941,0.14134985998,0.11577289872,0.11577289869,0.12550334294,0.14842107621,0.043311561308,0.12085849442,0.17742995935,0.054912966944,0.048048484807,0.17072047727,0.14472722036,0.1463942473,0.016973465294,0.18596011205,0.16142987706,0.016959858267,0.18052703005,0.17163169066,0.1697360253,0.13488762393,0.13488762393,0.13479697915
465.0,0.14427093059,0.14407174744,0.14407277469,0.14407277469,0.14407277469,0.10930534577,0.13948844787,0.15439751048,0.088023809921,0.098584906327,0.048629404616,0.1258985909,0.14265203567,0.170131685,0.048629252932,0.066399160859,0.1409129677,0.11378923498,0.11378923494,0.12335310984,0.14791511794,0.043303371203,0.12057600329,0.17640064798,0.054884469032,0.048032750232,0.16988520954,0.14425864114,0.14444228788,0.016283301444,0.17841058345,0.15487472395,0.016270247611,0.17923138642,0.16994621556,0.16892189055,0.13289786387,0.13289786387,0.13280855445
470.0,0.14234136439,0.1421448424,0.14214585593,0.14214585593,0.14214585593,0.10908820536,0.13906568693,0.15381898913,0.087901230959,0.098419363912,0.048612650657,0.12558176379,0.14220038544,0.16846677033,0.048612499177,0.06634429115,0.1404774252,0.11183953123,0.1118395312,0.12123968319,0.1474108834,0.043295182646,0.12029417222,0.17537730418,0.054855985908,0.048017020809,0.16905402558,0.14379157841,0.14251631481,0.015621196334,0.17116703981,0.14858537199,0.01560867321,0.17794503058,0.16827727897,0.16811165639,0.13093741705,0.13093741705,0.13084942336
475.0,0.1404375783,0.140243682,0.14024468199,0.140244682,0.14024468199,0.10887149628,0.13864420686,0.15324263506,0.087778822682,0.098254099418,0.048595902469,0.12526573378,0.14175016458,0.16681814499,0.048595751194,0.066289466778,0.14004322829,0.10992320707,0.10992320704,0.11916243409,0.14690836671,0.043286995638,0.12001299969,0.17435989337,0.054827517566,0.048001296537,0.16822690544,0.14332602725,0.14061598318,0.014986009569,0.16421711977,0.14255107378,0.014973995585,0.17666789611,0.16662471888,0.16730530416,0.12900585273,0.12900585273,0.12891915544
480.0,0.13855922861,0.13836792299,0.13836890963,0.13836890963,0.13836890963,0.1086552177,0.13822400379,0.15266844014,0.087656584852,0.098089112379,0.048579160052,0.12495049886,0.14130136857,0.16518564967,0.04857900898,0.066234687704,0.13961037284,0.10803969193,0.1080396919,0.11712074433,0.14640756204,0.043278810178,0.11973248415,0.17334838122,0.054799063998,0.047985577414,0.16740382929,0.14286198277,0.13874095267,0.014376647077,0.15754895814,0.13676151407,0.014365121538,0.17539991707,0.16498837483,0.16650281532,0.12710274649,0.12710274649,0.12701732656
485.0,0.13670597617,0.13651722669,0.13651820014,0.13651820014,0.13651820013,0.10843936874,0.13780507387,0.15209639629,0.087534517233,0.097924402327,0.048562423402,0.12463605704,0.14085399291,0.16356912664,0.048562272535,0.066179953891,0.13917885469,0.10618842499,0.10618842497,0.11511400625,0.14590846355,0.043270626266,0.11945262407,0.17234273356,0.054770625195,0.047969863439,0.16658477737,0.14239944011,0.13689088742,0.013792059226,0.15115116629,0.13120679254,0.01378100228,0.17414102797,0.16336808798,0.16570417138,0.12522768011,0.12522768011,0.12514351875
490.0,0.13487748632,0.13469125889,0.13469221933,0.13469221933,0.13469221933,0.10822394856,0.13738741322,0.15152649545,0.087412619588,0.0977599688,0.048545692519,0.12432240632,0.1404080331,0.16196841968,0.048545541855,0.066125265302,0.13874866972,0.10436885501,0.10436885498,0.11314162253,0.14541106544,0.043262443901,0.11917341792,0.17134291643,0.054742201151,0.04795415461,0.16576973005,0.14193839441,0.13506545601,0.013231239028,0.14501281315,0.12587740736,0.013220631628,0.1728911638,0.16176370098,0.16490935398,0.12338024147,0.12338024147,0.12329732019
495.0,0.13307342885,0.13288968984,0.13289063745,0.13289063745,0.13289063744,0.10800895631,0.13697101801,0.1509587296,0.087290891679,0.097595811332,0.048528967399,0.12400954471,0.13996348467,0.16038337411,0.04852881694,0.0660706219,0.13831981382,0.10258044009,0.10258044006,0.11120300603,0.14491536192,0.043254263084,0.11889486418,0.17034889607,0.054713791857,0.047938450924,0.16495866776,0.14147884083,0.13326433139,0.0126932204,0.13912340713,0.12076423923,0.012683044273,0.17165026001,0.16017505806,0.16411834481,0.12156002449,0.12156002449,0.12147832507
500.0,0.13129347795,0.13111219417,0.13111312911,0.13111312911,0.13111312911,0.10779439113,0.13655588441,0.15039309074,0.08716933327,0.09743192946,0.048512248042,0.12369747022,0.13952034315,0.15881383678,0.048512097786,0.066016023647,0.13789228288,0.10082264761,0.10082264758,0.10929757959,0.14442134723,0.043246083814,0.11861696131,0.16936063891,0.054685397307,0.047922752381,0.16415157105,0.14102077454,0.13148719084,0.012177076511,0.13347287861,0.11585853619,0.012167314127,0.17041825251,0.15860200495,0.16333112567,0.11976662903,0.11976662903,0.1196861335
505.0,0.12953731211,0.12935845082,0.12935937327,0.12935937327,0.12935937327,0.10758025218,0.1361420086,0.14982957091,0.087047944126,0.097268322723,0.048495534445,0.12338618089,0.1390786041,0.157259656,0.048495384392,0.065961470506,0.13746607282,0.099094954008,0.099094953981,0.1074247759,0.14392901562,0.04323790609,0.1183397078,0.16837811157,0.054657017492,0.047907058979,0.16334842056,0.14056419073,0.12973371589,0.011681918183,0.12805156315,0.11115189894,0.011672552723,0.16919507766,0.1570443889,0.16254767845,0.1179996608,0.1179996608,0.11792035146
510.0,0.12780461412,0.12762814301,0.12762905313,0.12762905313,0.12762905313,0.1073665386,0.13572938676,0.14926816218,0.08692672401,0.097104990657,0.048478826606,0.12307567473,0.13863826309,0.15572068159,0.048478676756,0.06590696244,0.13704117954,0.097396844653,0.097396844626,0.10558403731,0.14343836137,0.043229729913,0.11806310214,0.16740128089,0.054628652404,0.047891370716,0.16254919703,0.1401090846,0.12800359228,0.011206892368,0.12285018534,0.10663626673,0.011197907698,0.16798067229,0.15550205865,0.16176798509,0.11625873128,0.11625873128,0.1161805907
515.0,0.12609507097,0.12592095815,0.12592185611,0.12592185611,0.12592185611,0.10715324957,0.1353180151,0.14870885663,0.086805672688,0.096941932803,0.048462124523,0.12276594977,0.13819931568,0.15419676483,0.048461974877,0.065852499411,0.136617599,0.095727813685,0.09572781366,0.10377481569,0.14294937876,0.043221555281,0.1177871428,0.16643011386,0.054600302037,0.04787568759,0.16175388126,0.13965545139,0.12629650988,0.010751180678,0.11785984336,0.10230390391,0.010742561317,0.16677497366,0.15397486441,0.16099202767,0.11454345764,0.11454345764,0.11446646862
520.0,0.12440837381,0.12423658783,0.12423747379,0.12423747379,0.12423747379,0.10694038423,0.13490788985,0.14815164639,0.086684789925,0.096779148699,0.048445428194,0.12245700406,0.13776175747,0.15268775845,0.048445278751,0.065798081382,0.13619532714,0.094087363872,0.094087363846,0.10199657222,0.14246206211,0.043213382196,0.11751182828,0.16546457768,0.054571966382,0.0478600096,0.16096245419,0.13920328633,0.12461216269,0.010313997976,0.11307199399,0.098147386814,0.010305729076,0.16557791948,0.15246265785,0.16021978831,0.11285346264,0.11285346264,0.11277760826
525.0,0.12274421788,0.12257472771,0.12257560183,0.12257560183,0.12257560183,0.10672794173,0.13449900721,0.14759652361,0.086564075485,0.096616637888,0.048428737618,0.12214883562,0.13732558407,0.15119351663,0.048428588377,0.065743708316,0.13577435992,0.092475006457,0.092475006432,0.10024877729,0.14197640575,0.043205210656,0.11723715708,0.16450463975,0.054543645432,0.047844336744,0.16017489682,0.13875258467,0.12295024872,0.0098945910334,0.10847843835,0.094159591382,0.0098866583465,0.16438944792,0.15096529212,0.15945124925,0.11118837457,0.11118837457,0.11111363814
530.0,0.12110230251,0.12093507751,0.12093593995,0.12093593995,0.12093593995,0.10651592125,0.13409136343,0.14704348048,0.086443529134,0.096454399909,0.048412052792,0.12184144251,0.1368907911,0.14971389495,0.048411903753,0.065689380176,0.1353546933,0.09089026102,0.090890260995,0.098530910304,0.14149240403,0.043197040661,0.1169631277,0.16355026765,0.054515339179,0.04782866902,0.15939119027,0.13830334167,0.12131046999,0.0094922372261,0.10407130814,0.090333681092,0.0094846270844,0.16320949758,0.14948262175,0.15868639277,0.10954782717,0.10954782717,0.10947419225
535.0,0.11948233099,0.11931734094,0.11931819186,0.11931819186,0.11931819186,0.10630432194,0.13368495476,0.14649250921,0.086323150639,0.096292434305,0.048395373713,0.12153482278,0.1364573742,0.14824875043,0.048395224877,0.065635096925,0.13493632329,0.089332655334,0.08933265531,0.096842459541,0.14101005131,0.043188872211,0.11668973862,0.16260142914,0.054487047615,0.047813006427,0.15861131572,0.13785555262,0.11969253245,0.0091062432967,0.099843052386,0.086663095467,0.0090989425879,0.16203800749,0.14801450275,0.15792520129,0.10793145952,0.10793145952,0.10785890991
540.0,0.11788401056,0.11772122565,0.11772206519,0.11772206519,0.11772206519,0.10609314297,0.13327977746,0.14594360204,0.086202939766,0.096130740619,0.048378700381,0.12122897447,0.13602532901,0.14679794147,0.048378551747,0.065580858526,0.13451924586,0.087801725228,0.087801725205,0.095182922008,0.14052934199,0.043180705306,0.11641698837,0.16165809218,0.054458770734,0.047797348963,0.15783525446,0.13740921282,0.11809614593,0.0087359441608,0.095786424794,0.083141539,0.0087289403051,0.16087491712,0.1465607925,0.15716765727,0.10633891601,0.10633891601,0.10626743575
545.0,0.11630705236,0.11614644318,0.11614727149,0.11614727149,0.11614727149,0.1058823835,0.1328758278,0.14539675124,0.086082896281,0.095969318395,0.048362032794,0.12092389566,0.1355946512,0.14536132787,0.048361884361,0.065526664941,0.13410345704,0.086297014448,0.086297014425,0.093551803288,0.14005027047,0.043172539945,0.11614487544,0.16072022489,0.054430508526,0.047781696626,0.15706298787,0.13696431758,0.11652102412,0.0083807017623,0.091894471515,0.079762970521,0.0083739826915,0.15972016638,0.14512134979,0.15641374327,0.10476984623,0.10476984623,0.10469941959
550.0,0.11475117138,0.11459270888,0.11459352613,0.11459352613,0.11459352612,0.10567204269,0.13247310206,0.14485194911,0.085963019951,0.095808167177,0.048345370948,0.12061958441,0.13516533644,0.14393877077,0.048345222718,0.065472516134,0.13368895285,0.084818074522,0.084818074499,0.091948617395,0.13957283118,0.043164376128,0.11587339835,0.15978779561,0.054402260986,0.047766049415,0.15629449743,0.13652086223,0.11496688445,0.0080399039767,0.088160519442,0.076521592994,0.0080334581128,0.15857369559,0.14369603478,0.15566344194,0.10322390488,0.10322390488,0.10315451636
555.0,0.11321608637,0.11305974191,0.11306054824,0.11306054824,0.11306054824,0.10546211972,0.13207159654,0.14430918798,0.085843310544,0.09564728651,0.048328714843,0.12031603878,0.13473738042,0.14253013271,0.048328566814,0.065418412068,0.13327572932,0.083364464632,0.08336446461,0.090372886628,0.13909701857,0.043156213854,0.11560255561,0.15886077283,0.054374028104,0.047750407328,0.15552976468,0.13607884211,0.11343344814,0.0077129635569,0.084578164955,0.073411843704,0.0077067797927,0.15743544551,0.14228470899,0.154916736,0.10170075175,0.10170075175,0.10163238609
560.0,0.11170151984,0.11154726517,0.11154806072,0.11154806072,0.11154806072,0.10525261376,0.13167130754,0.1437684602,0.085723767826,0.09548667594,0.048312064476,0.12001325685,0.13431077884,0.14113527753,0.048311916649,0.065364352705,0.13286378249,0.08193575148,0.081935751458,0.088824141437,0.1386228271,0.043148053124,0.11533234574,0.15793912525,0.054345809874,0.047734770363,0.15476877129,0.13563825259,0.11192044004,0.0073993171235,0.081141263113,0.070428384848,0.0073933848031,0.15630535732,0.14088723533,0.15417360825,0.10020005161,0.10020005161,0.10013269374
565.0,0.110207198,0.11005500522,0.11005579014,0.11005579014,0.11005579013,0.10504352398,0.13127223137,0.14322975816,0.085604391567,0.095326335015,0.048295419846,0.1197112367,0.13388552742,0.13975407043,0.048295272219,0.065310338009,0.13245310843,0.080531509163,0.080531509141,0.08730192028,0.13815025124,0.043139893938,0.11506276727,0.15702282173,0.054317606288,0.047719138519,0.15401149898,0.13519908902,0.11042758868,0.0070984241952,0.077843917272,0.067566094487,0.0070927330957,0.15518337262,0.139503478,0.15343404158,0.098721474117,0.098721474117,0.098655109226
570.0,0.10873285068,0.10858269228,0.1085834667,0.1085834667,0.1085834667,0.10483484955,0.13087436438,0.14269307427,0.085485181535,0.095166263281,0.04827878095,0.11940997642,0.1334616219,0.13838637791,0.048278633524,0.065256367944,0.1320437032,0.079151319045,0.079151319024,0.085805769487,0.13767928552,0.043131736294,0.11479381872,0.15611183132,0.054289417338,0.047703511793,0.1532579296,0.13476134682,0.10895462617,0.006809766258,0.07468046911,0.064820057866,0.0068043065723,0.15406943341,0.13813330257,0.15269801898,0.097264693791,0.097264693792,0.097199307266
575.0,0.10727821132,0.10713006014,0.10713082421,0.10713082421,0.10713082421,0.10462658964,0.13047770289,0.14215840098,0.085366137497,0.095006460286,0.048262147786,0.11910947409,0.13303905801,0.1370320678,0.048262000561,0.065202442471,0.1316355629,0.077794769636,0.077794769615,0.08433524313,0.13720992443,0.043123580193,0.11452549862,0.15520612325,0.054261243016,0.047687890185,0.15250804505,0.13432502137,0.10750128816,0.0065328458739,0.071645489062,0.062185559079,0.0065276081933,0.15296348213,0.1367765759,0.15196552347,0.095829389917,0.095829389917,0.095764967361
580.0,0.10584301689,0.10569684615,0.10569760001,0.10569760001,0.10569760001,0.10441874344,0.13008224325,0.14162573075,0.085247259223,0.09484692558,0.048245520353,0.11880972781,0.13261783151,0.13569100919,0.048245373329,0.065148561554,0.1312286836,0.076461456469,0.076461456448,0.082889902887,0.13674216253,0.043115425634,0.1142578055,0.15430566691,0.054233083316,0.047672273692,0.15176182733,0.13389010809,0.10606731378,0.0062671858238,0.068733767114,0.059658073058,0.006262161122,0.1518654616,0.13543316615,0.15123653821,0.094415246479,0.094415246479,0.094351773708
585.0,0.10442700787,0.10428279114,0.10428353492,0.10428353492,0.10428353491,0.10421131012,0.12968798182,0.14109505608,0.085128546482,0.094687658713,0.048228898648,0.11851073568,0.13219793817,0.13436307246,0.048228751824,0.065094725156,0.13082306143,0.075150981982,0.075150981961,0.081469317918,0.13627599437,0.043107272617,0.1139907379,0.1534104319,0.054204938229,0.047656662314,0.15101925855,0.13345660242,0.10465244565,0.0060123282864,0.065940303982,0.057233257892,0.0060075079041,0.15077531508,0.13410294279,0.15051104639,0.093021952094,0.093021952095,0.092959415131
590.0,0.10302992819,0.10288763938,0.10288837322,0.10288837322,0.10288837322,0.10400428885,0.12929491498,0.14056636951,0.085009999044,0.094528659234,0.048212282669,0.1182124958,0.13177937378,0.13304812928,0.048212136046,0.065040933241,0.13041869251,0.073862955397,0.073862955377,0.080073064732,0.13581141453,0.043099121141,0.11372429435,0.15252038796,0.054176807749,0.047641056047,0.15028032088,0.13302449981,0.10325642976,0.0057678340501,0.063260302629,0.054906947447,0.0057632096801,0.14969298621,0.13278577655,0.14978903132,0.091649199945,0.091649199945,0.091587585017
595.0,0.10165152519,0.10151113858,0.1015118626,0.1015118626,0.1015118626,0.10379767884,0.12890303911,0.14003966358,0.084891616678,0.094369926696,0.048195672415,0.11791500627,0.13136213414,0.13174605255,0.048195525993,0.064987185772,0.13001557295,0.072596992613,0.072596992593,0.078700727067,0.1353484176,0.043090971207,0.1134584734,0.15163550504,0.054148691866,0.047625454891,0.14954499658,0.13259379572,0.10187901549,0.0055332817571,0.060689160127,0.052675144278,0.0055288454297,0.14861841904,0.13148153942,0.14907047636,0.090296687713,0.090296687713,0.090235981251
600.0,0.10029154957,0.10015303976,0.1001537541,0.1001537541,0.1001537541,0.10359147924,0.12851235061,0.13951493088,0.084773399154,0.09421146065,0.048179067884,0.11761826522,0.13094621505,0.1304567164,0.048178921661,0.064933482713,0.12961369891,0.071352716081,0.071352716062,0.077351895766,0.13488699819,0.043082822815,0.1131932736,0.15075575322,0.054120590574,0.047609858844,0.14881326802,0.13216448562,0.1005199555,0.0053082671776,0.058222459839,0.050534012831,0.0053040112471,0.14755155802,0.13019010466,0.14835536497,0.088964117512,0.088964117512,0.088904306145
605.0,0.098949755353,0.098813097284,0.098813802078,0.098813802078,0.098813802077,0.10338568926,0.12812284587,0.13899216401,0.084655346244,0.094053260649,0.048162469073,0.11732227076,0.13053161233,0.12917999623,0.04816232305,0.064879824025,0.12921306653,0.070129754703,0.070129754684,0.076026168655,0.13442715094,0.043074675963,0.11292869349,0.14988110281,0.054092503866,0.047594267904,0.14808511762,0.13173656501,0.099179005771,0.0050924025139,0.055855963914,0.048479872909,0.0050883196455,0.146492348,0.12891134675,0.14764368068,0.087651195824,0.087651195824,0.087592266377
610.0,0.097625899821,0.097491068778,0.09749176415,0.09749176415,0.097491764149,0.10318030808,0.12773452131,0.13847135563,0.084537457718,0.093895326246,0.048145875981,0.117027021,0.13011832183,0.12791576863,0.048145730158,0.064826209674,0.128813672,0.068927743717,0.068927743698,0.074723150425,0.1339688705,0.043066530651,0.11266473163,0.14901152423,0.054064431733,0.047578682069,0.14736052791,0.13131002939,0.097855925478,0.0048853157331,0.053585606085,0.046509193407,0.00488139889,0.14544073421,0.12764514141,0.14693540708,0.086357633438,0.086357633438,0.08629957293
615.0,0.0963197435,0.096186715093,0.096187401168,0.096187401168,0.096187401167,0.10297533487,0.12734737336,0.13795249838,0.084419733347,0.093737656996,0.048129288605,0.11673251409,0.12970633939,0.1266639114,0.048129142981,0.064772639621,0.12841551148,0.067746324588,0.06774632457,0.073442452518,0.13351215152,0.04305838688,0.11240138657,0.14814698812,0.054036374168,0.047563101339,0.14663948151,0.13088487428,0.096550476998,0.0046866499258,0.051407484748,0.044618586296,0.0046828923576,0.14439666228,0.12639136558,0.14623052788,0.085083145384,0.085083145384,0.085025941023
620.0,0.095031050101,0.094899800263,0.094900477165,0.094900477165,0.094900477164,0.10277076885,0.12696139846,0.13743558496,0.084302172902,0.093580252454,0.048112706944,0.11643874815,0.12929566089,0.12542430353,0.04811256152,0.064719113831,0.12801858116,0.066585144908,0.06658514489,0.072183693006,0.1330569887,0.043050244649,0.11213865688,0.14728746526,0.054008331163,0.04754752571,0.1459219611,0.13046109523,0.095262425855,0.0044960626924,0.049317856323,0.042804800839,0.0044924579227,0.14336007823,0.12514989737,0.14552902684,0.083827450872,0.083827450872,0.083771090055
625.0,0.093759586478,0.093630091463,0.093630759315,0.093630759315,0.093630759314,0.10256660919,0.12657659305,0.13692060811,0.084184776155,0.093423112176,0.048096130995,0.11614572131,0.12888628218,0.12419682522,0.04809598577,0.064665632268,0.12762287725,0.065443858286,0.065443858268,0.070946496485,0.13260337675,0.043042103957,0.11187654111,0.14643292662,0.053980302712,0.047531955182,0.14520794947,0.13003868777,0.093991540677,0.0043132255525,0.047313128879,0.041064718056,0.0043097673684,0.14233092845,0.12392061614,0.14483088779,0.082590273233,0.082590273233,0.082534743541
630.0,0.092505122591,0.092377358969,0.092378017892,0.092378017892,0.092378017891,0.10236285509,0.1261929536,0.13640756055,0.084067542879,0.093266235717,0.048079560758,0.11585343173,0.12847819917,0.1229813578,0.048079415732,0.064612194893,0.12722839597,0.064322124247,0.064322124229,0.06973049396,0.13215131037,0.043033964805,0.11161503784,0.14558334332,0.053952288805,0.047516389753,0.14449742947,0.12961764748,0.092737593155,0.0041378233799,0.045389856014,0.039395345393,0.0041345058212,0.14130915974,0.12270340237,0.14413609466,0.081371339856,0.081371339856,0.081316629053
635.0,0.091267431462,0.091141376116,0.091142026229,0.091142026229,0.091142026228,0.10215950574,0.12581047656,0.13589643507,0.083950472846,0.093109622636,0.048062996229,0.11556187754,0.12807140775,0.12177778379,0.048062851402,0.064558801672,0.12683513353,0.063219608134,0.063219608117,0.068535322738,0.13170078432,0.043025827192,0.11135414562,0.14473868665,0.053924289437,0.047500829421,0.14379038405,0.12919796992,0.091500358007,0.0039695538598,0.043544730978,0.037793811618,0.0039663712084,0.14029471925,0.12149813775,0.14344463143,0.080170382132,0.080170382132,0.080116478162
640.0,0.090046289136,0.089921919255,0.089922560675,0.089922560675,0.089922560675,0.10195656034,0.12542915843,0.13538722446,0.083833565828,0.09295327249,0.048046437407,0.11527105689,0.12766590385,0.12058598685,0.048046292778,0.064505452567,0.12644308617,0.062135981006,0.06213598099,0.06736062632,0.13125179335,0.043017691117,0.11109386304,0.14389892808,0.053896304599,0.047485274184,0.14308679625,0.1287796507,0.090279612933,0.0038081269678,0.041774581037,0.036257361918,0.0038050737381,0.13928755453,0.12030470511,0.14275648219,0.078987135394,0.078987135394,0.078934026376
645.0,0.088841474638,0.088718767718,0.088719400561,0.088719400561,0.088719400561,0.10175401808,0.12504899569,0.13487992157,0.083716821599,0.092797184838,0.048029884289,0.11498096795,0.12726168338,0.11940585178,0.048029739859,0.064452147542,0.12605225015,0.061070919543,0.061070919527,0.066206054294,0.13080433224,0.043009556581,0.11083418868,0.14306403923,0.053868334284,0.047469724042,0.14238664916,0.12836268543,0.089075138579,0.0036532644707,0.040076362058,0.034783353187,0.0036503354002,0.13828761348,0.11912298843,0.14207163108,0.077821338857,0.077821338857,0.077769013086
650.0,0.08765276994,0.087531703772,0.087532328154,0.087532328154,0.087532328153,0.10155187818,0.12466998484,0.13437451923,0.083600239932,0.092641359239,0.048013336874,0.11469160887,0.12685874229,0.1182372645,0.048013192643,0.064398886561,0.12566262172,0.060024105948,0.060024105932,0.065071262236,0.13035839577,0.043001423583,0.1105751211,0.14223399189,0.053840378484,0.047454178991,0.14168992599,0.12794706971,0.087886718498,0.0035046994471,0.038447153314,0.033369249515,0.0035018894872,0.1372948444,0.11795287282,0.14139006232,0.076672735568,0.076672735568,0.076621181509
655.0,0.086479959913,0.086360512588,0.086361128621,0.086361128621,0.08636112862,0.10135013981,0.1242921224,0.13387101034,0.0834838206,0.092485795254,0.047996795161,0.11440297781,0.12645707654,0.11708011205,0.047996651127,0.064345669588,0.12527419716,0.058995227854,0.058995227838,0.063955911604,0.12991397876,0.042993292124,0.1103166589,0.14140875802,0.053812437191,0.047438639031,0.14099661002,0.12753279919,0.086714139111,0.0033621758276,0.036884152494,0.032012617849,0.003359480135,0.13630919593,0.11679424453,0.14071176021,0.075541072342,0.075541072342,0.075490278632
660.0,0.085322832297,0.085204982196,0.085205589991,0.085205589991,0.08520558999,0.1011488022,0.12391540489,0.1333693878,0.083367563378,0.092330492444,0.047980259146,0.11411507295,0.12605668208,0.11593428257,0.04798011531,0.064292496585,0.12488697274,0.057983978232,0.057983978216,0.062859669638,0.12947107604,0.042985162201,0.11005880066,0.14058830972,0.053784510399,0.04742310416,0.14030668459,0.12711986951,0.08555718967,0.0032254479539,0.035384670921,0.03071112383,0.0032228618823,0.1353306171,0.11564699091,0.14003670912,0.074426099714,0.074426099714,0.074376055156
665.0,0.084181177658,0.084064903449,0.084065503117,0.084065503117,0.084065503116,0.10094786454,0.12353982883,0.13286964455,0.08325146804,0.09217545037,0.047963728828,0.11382789245,0.12565755491,0.11479966529,0.04796358519,0.064239367516,0.12450094477,0.056990055301,0.056990055285,0.061782209264,0.12902968245,0.042977033816,0.10980154496,0.13977261927,0.053756598099,0.047407574376,0.13962013316,0.12670827635,0.084415662219,0.0030942801556,0.03394612895,0.029462527803,0.0030917992474,0.13435905729,0.11451100041,0.13936489351,0.07332757188,0.07332757188,0.073278265441
670.0,0.083054789351,0.082940069988,0.082940661636,0.082940661637,0.082940661636,0.10074732604,0.12316539079,0.13237177355,0.083135534361,0.092020668595,0.047947204205,0.1135414345,0.125259691,0.11367615054,0.047947060765,0.064186282346,0.12411610954,0.056013162435,0.056013162419,0.060723208997,0.12858979285,0.042968906968,0.10954489041,0.13896165912,0.053728700285,0.047392049677,0.13893693923,0.12629801537,0.083289351561,0.002968446344,0.032566051565,0.028264680982,0.002966066323,0.13339446625,0.11338616257,0.13869629788,0.072245246648,0.072245246648,0.072196667456
675.0,0.081943463484,0.081830278201,0.081830861938,0.081830861938,0.081830861937,0.10054718591,0.12279208729,0.13187576779,0.083019762115,0.091866146681,0.047930685275,0.11325569728,0.12486308637,0.11256362971,0.047930542033,0.064133241039,0.12373246338,0.055053008079,0.055053008064,0.059682352844,0.12815140214,0.042960781657,0.1092888356,0.13815540185,0.053700816948,0.047376530063,0.1382570864,0.12588908227,0.082178055217,0.0028477296228,0.031242064145,0.027115521773,0.0028454463865,0.13243679408,0.11227236803,0.13803090684,0.071178885379,0.071178885379,0.071131022723
680.0,0.080846998884,0.080735327191,0.080735903121,0.080735903122,0.080735903121,0.10034744335,0.12241991492,0.13138162028,0.082904151077,0.091711884194,0.047914172036,0.11297067898,0.12446773703,0.11146199525,0.047914028991,0.064080243557,0.12335000262,0.054109305662,0.054109305647,0.05865933021,0.12771450519,0.042952657883,0.10903337913,0.13735382021,0.053672948081,0.04736101553,0.13758055836,0.12548147276,0.081081573394,0.0027319219143,0.029971888397,0.026013072239,0.0027297315272,0.13148599123,0.11116950848,0.13736870506,0.070128252942,0.070128252942,0.070081096268
685.0,0.079765197055,0.079655018735,0.079655586964,0.079655586964,0.079655586963,0.10014809757,0.12204887025,0.13088932407,0.082788701024,0.091557880696,0.047897664487,0.11268637779,0.12407363902,0.11037114066,0.047897521638,0.064027289864,0.12296872359,0.05318177351,0.053181773496,0.05765383581,0.12727909694,0.042944535644,0.10877851959,0.13655688713,0.053645093676,0.047345506078,0.13690733887,0.12507518254,0.079999708948,0.0026208236012,0.028753338465,0.024955434719,0.0026187222877,0.13054200853,0.11007747667,0.13670967728,0.069093117656,0.069093117657,0.069046656566
690.0,0.078697862148,0.078589157254,0.078589717884,0.078589717884,0.078589717883,0.099949147793,0.12167894986,0.13039887221,0.082673411731,0.091404135755,0.047881162624,0.1124027919,0.12368078837,0.1092909605,0.047881019973,0.063974379925,0.12258862265,0.052270134765,0.052270134751,0.056665569574,0.12684517232,0.042936414941,0.10852425561,0.13576457567,0.053617253727,0.047330001705,0.13623741175,0.12467020736,0.078932267349,0.0025142431824,0.027584317181,0.023940788572,0.0025122273205,0.12960479713,0.10899616642,0.13605380831,0.068073251248,0.068073251248,0.068027475494
695.0,0.077644800922,0.077537549774,0.077538102906,0.077538102906,0.077538102906,0.099750593224,0.12131015035,0.12991025781,0.082558282974,0.091250648935,0.047864666447,0.11211991952,0.12328918114,0.10822135033,0.047864523992,0.063921513703,0.12220969616,0.0513741173,0.051374117287,0.055694236562,0.12641272626,0.042928295774,0.10827058577,0.13497685904,0.053589428225,0.047314502408,0.13557076094,0.12426654296,0.077879056646,0.0024119969432,0.026462812481,0.022967387056,0.0024100630581,0.12867430855,0.10792547257,0.13540108304,0.067068428794,0.067068428794,0.067023328281
700.0,0.076605822714,0.076500005891,0.076500551627,0.076500551627,0.076500551626,0.09955243308,0.12094246831,0.12942347398,0.08244331453,0.091097419804,0.047848175952,0.11183775885,0.12289881339,0.10716220675,0.047848033694,0.063868691163,0.12183194049,0.050493453643,0.050493453629,0.054739546874,0.12598175375,0.042920178143,0.10801750871,0.13419371064,0.053561617164,0.047299008188,0.13490737042,0.12386418511,0.076839887436,0.0023139086388,0.025386893954,0.02203355434,0.0023120533968,0.12775049465,0.10686529099,0.13475148643,0.066078428677,0.066078428677,0.066033993457
705.0,0.0755807394,0.075476337742,0.075476876179,0.075476876179,0.075476876178,0.099354666577,0.12057590038,0.12893851386,0.082328506175,0.090944447929,0.047831691139,0.1115563081,0.12250968122,0.10611342738,0.047831549078,0.063815912267,0.12145535204,0.049627880892,0.049627880878,0.053801215565,0.12555224976,0.042912062046,0.10776502303,0.13341510399,0.053533820535,0.047283519041,0.13424722427,0.12346312957,0.075814572827,0.0022198091903,0.024354709536,0.021137682622,0.0022180293937,0.12683330763,0.10581551857,0.1341050035,0.065103032534,0.065103032534,0.065059252807
710.0,0.074569365363,0.074466359965,0.074466891201,0.074466891201,0.0744668912,0.099157292934,0.12021044317,0.12845537063,0.082213857688,0.090791732878,0.047815212006,0.11127556549,0.1221217807,0.10507491083,0.047815070141,0.063763176981,0.12107992718,0.048777140641,0.048777140628,0.05287896256,0.1251242093,0.042903947484,0.10751312736,0.13264101278,0.053506038331,0.047268034967,0.13359030664,0.12306337214,0.074802928408,0.002129536394,0.023364482339,0.02027822938,0.0021278289747,0.12592270003,0.10477605323,0.13346161937,0.064142025213,0.064142025213,0.06409889132
715.0,0.07357151746,0.07346988967,0.073470413801,0.073470413801,0.073470413801,0.09896031137,0.11984609332,0.12797403747,0.082099368844,0.090639274221,0.04779873855,0.11099552924,0.12173510794,0.10404655669,0.04779859688,0.063710485268,0.12070566234,0.047940978904,0.047940978891,0.051972512574,0.12469762738,0.042895834456,0.1072618203,0.13187141084,0.053478270544,0.047252555962,0.13293660175,0.12266490861,0.073804772211,0.0020429346414,0.022414507602,0.01945371472,0.0020412966562,0.12501862473,0.10374679386,0.1328213192,0.063195194721,0.063195194721,0.063152697149
720.0,0.072587014992,0.072486746405,0.072487263526,0.072487263526,0.072487263525,0.098763721107,0.11948284748,0.12749450762,0.081985039422,0.090487071526,0.047782270769,0.11071619757,0.12134965906,0.10302826554,0.047782129295,0.063657837091,0.12033255393,0.047119146035,0.047119146022,0.051081595025,0.12427249904,0.042887722963,0.1070111005,0.13110627217,0.053450517168,0.047237082027,0.13228609392,0.1222677348,0.072819924686,0.0019598546511,0.021503149769,0.018662718839,0.0019582832766,0.12412103496,0.10272764035,0.13218408824,0.062262332183,0.062262332184,0.062220461555
725.0,0.071615679664,0.071516752121,0.071517262326,0.071517262326,0.071517262325,0.098567521366,0.11912070231,0.12701677432,0.081870869201,0.090335124366,0.047765808661,0.1104375687,0.12096543019,0.10201993895,0.047765667384,0.063605232416,0.11996059839,0.046311396659,0.046311396646,0.05020594396,0.12384881933,0.042879613003,0.10676096658,0.13034557091,0.053422778194,0.047221613159,0.13163876751,0.12187184654,0.071848208663,0.0018801532119,0.020628839688,0.017903879591,0.0018786457394,0.12322988426,0.10171849358,0.1315499118,0.061343231793,0.061343231793,0.061301978871
730.0,0.070657335563,0.070559731147,0.070560234528,0.070560234528,0.070560234527,0.098371711374,0.11875965446,0.12654083083,0.081756857957,0.09018343231,0.047749352225,0.11015964088,0.12058241748,0.10102147943,0.047749211143,0.063552671206,0.11958979214,0.045517489597,0.045517489584,0.049345297969,0.12342658333,0.042871504577,0.10651141716,0.12958928134,0.053395053616,0.047206149357,0.130994607,0.12147723967,0.070889449326,0.0018036929357,0.019790071914,0.017175890145,0.0018022467666,0.12234512651,0.1007192554,0.13091877527,0.060437690768,0.060437690768,0.060397046451
735.0,0.069711809117,0.06961551015,0.069616006798,0.069616006798,0.069616006798,0.098176290354,0.11839970063,0.12606667046,0.08164300547,0.09003199493,0.047732901459,0.10988241233,0.12020061706,0.10003279044,0.047732760572,0.063500153425,0.11922013164,0.044737187793,0.044737187781,0.048499400115,0.1230057861,0.042863397684,0.10626245089,0.1288373779,0.053367343425,0.047190690618,0.13035359692,0.12108391005,0.069943474177,0.0017303420209,0.01898540213,0.016477496743,0.0017289546622,0.12146671594,0.09972982859,0.1302906641,0.059545509309,0.059545509309,0.059505464628
740.0,0.06877892907,0.068683918111,0.068684408116,0.068684408116,0.068684408116,0.097981257535,0.11804083749,0.12559428652,0.08152931152,0.089880811799,0.04771645636,0.1096058813,0.11982002512,0.099053776415,0.047716315669,0.063447679038,0.11885161336,0.043970258248,0.043970258236,0.047667997853,0.12258642277,0.042855292324,0.10601406641,0.12808983517,0.053339647614,0.047175236942,0.12971572186,0.12069185355,0.069010113008,0.0016599740252,0.018213444668,0.015807496551,0.0016586430855,0.12059460708,0.098750116923,0.12966556381,0.058666490551,0.058666490551,0.058627036671
745.0,0.067858526451,0.067764786289,0.06776526974,0.06776526974,0.067765269739,0.097786612146,0.11768306173,0.12512367237,0.081415775884,0.089729882491,0.047700016926,0.10933004604,0.11944063782,0.09808434269,0.04769987643,0.063395248008,0.11848423377,0.043216471946,0.043216471934,0.046850842956,0.12216848845,0.042847188497,0.10576626235,0.1273466279,0.053311966176,0.047159788326,0.12908096652,0.12030106604,0.068089197869,0.0015924676478,0.01747287013,0.015164735587,0.0015911908328,0.11972875479,0.097780025091,0.12904345999,0.057800440526,0.057800440526,0.057761568739
750.0,0.066950434539,0.066857948193,0.066858425178,0.066858425179,0.066858425178,0.097592353417,0.11732637008,0.12465482137,0.081302398343,0.089579206579,0.047683583157,0.10905490479,0.11906245135,0.097124395543,0.047683442856,0.0633428603,0.11811798936,0.042475603788,0.042475603776,0.046047691443,0.12175197826,0.042839086202,0.10551903736,0.12660773096,0.053284299104,0.047144344769,0.12844931566,0.11991154342,0.067180563042,0.0015277065204,0.016762403109,0.014548106745,0.0015264816497,0.11886911426,0.096819458727,0.12842433831,0.056947168115,0.056947168115,0.056908869844
755.0,0.066054488838,0.065963239556,0.065963710161,0.065963710161,0.06596371016,0.09739848058,0.11697075925,0.12418772693,0.081189178677,0.089428783638,0.047667155049,0.10878045581,0.11868546193,0.096173842165,0.047667014943,0.063290515877,0.1177528766,0.041747432526,0.041747432515,0.045258303504,0.12133688738,0.042830985439,0.10527239008,0.12587311937,0.053256646389,0.04712890627,0.1278207541,0.1195232816,0.066284045008,0.0014655790063,0.016080819993,0.01395654789,0.094735529646,0.118015641,0.095868324383,0.1278081845,0.056106485012,0.056106485012,0.056068751804
760.0,0.065170527046,0.065080498296,0.065080962606,0.065080962606,0.065080962606,0.097204992868,0.11661622595,0.12372238245,0.081076116666,0.089278613244,0.047650732601,0.10850669735,0.11830966576,0.095232590655,0.047650592689,0.063238214705,0.11738889203,0.041031740697,0.041031740686,0.04448244343,0.12092321095,0.042822886208,0.10502631917,0.1251427683,0.053229008025,0.047113472826,0.12719526676,0.11913627651,0.065399482418,0.0014059780084,0.015426946873,0.013389040032,0.090886240101,0.11716829084,0.094926529531,0.12719498435,0.055278205677,0.055278205677,0.055241029204
765.0,0.064298389024,0.064209564496,0.064210022596,0.064210022596,0.064210022596,0.097011889517,0.11626276694,0.1232587814,0.08096321209,0.089128694972,0.04763431581,0.10823362769,0.11793505906,0.094300550009,0.047634176093,0.063185956748,0.11702603214,0.040328314558,0.040328314547,0.043719879546,0.12051094417,0.042814788509,0.10478082328,0.12441665306,0.053201384003,0.047098044435,0.12657283861,0.11875052408,0.064526716067,0.0013488007848,0.014799657518,0.012844605579,0.087193220952,0.1163270199,0.093993982545,0.12658472372,0.054462147301,0.054462147301,0.054425519358
770.0,0.063437916769,0.063350280373,0.063350732345,0.063350732345,0.063350732344,0.096819169762,0.11591037895,0.12279691724,0.08085046473,0.0889790284,0.047617904676,0.10796124509,0.11756163808,0.093377630114,0.047617765153,0.063133741969,0.11666429347,0.03963694402,0.039636944009,0.042970384137,0.12010008225,0.04280669234,0.10453590107,0.12369474911,0.053173774317,0.047082621098,0.12595345471,0.11836602025,0.063665588864,0.001293948771,0.014197871447,0.012322306655,0.083650140274,0.11549178464,0.093070592699,0.12597738856,0.053658129761,0.053658129761,0.053622042263
775.0,0.062588954388,0.062502490244,0.06250293617,0.06250293617,0.06250293617,0.096626832843,0.11555905874,0.12233678345,0.080737874368,0.088829613105,0.047601499195,0.10768954782,0.11718939906,0.092463741739,0.047601359866,0.063081570333,0.11630367255,0.038957422592,0.038957422581,0.042233733383,0.11969062039,0.042798597703,0.1042915512,0.12297703205,0.05314617896,0.047067202811,0.12533710019,0.11798276099,0.062815945802,0.0012413274107,0.01362055207,0.011821243489,0.080250920159,0.11466254184,0.092156270153,0.12537296486,0.052865975585,0.052865975585,0.052830420567
780.0,0.061751348064,0.061666040507,0.061666480468,0.061666480468,0.061666480468,0.096434877998,0.11520880308,0.12187837358,0.080625440784,0.088680448666,0.047585099367,0.10741853416,0.11681833828,0.091558796524,0.047584960232,0.063029441804,0.11594416594,0.038289547313,0.038289547302,0.041509707292,0.11928255383,0.042790504597,0.10404777233,0.12226347761,0.053118597923,0.047051789572,0.12472376024,0.11760074227,0.061977633936,0.0011908459926,0.013066704906,0.011340552864,0.076989728302,0.11383924855,0.09125092595,0.12477143868,0.052085509911,0.052085509911,0.052050479523
785.0,0.060924946034,0.060840779606,0.060841213682,0.060841213682,0.060841213682,0.096243304469,0.11485960875,0.12142168114,0.080513163761,0.088531534661,0.047568705188,0.10714820239,0.11644845199,0.090662706974,0.047568566247,0.062977356347,0.1155857702,0.037633118695,0.037633118685,0.040798089638,0.11887587782,0.04278241302,0.10380456313,0.12155406167,0.053091031199,0.047036381381,0.12411342013,0.11721996008,0.06115050235,0.0011424174941,0.012535375876,0.01087940664,0.073860968141,0.11302186216,0.090354472002,0.12417279616,0.051316560448,0.051316560448,0.051282046958
790.0,0.060109598557,0.060026558008,0.060026986278,0.060026986278,0.060026986278,0.096052111499,0.11451147253,0.12096669973,0.08040104308,0.08838287067,0.047552316658,0.10687855079,0.11607973648,0.08977538645,0.04755217791,0.062925313927,0.11522848188,0.036987940665,0.036987940655,0.040098667891,0.11847058763,0.042774322974,0.10356192227,0.12084876026,0.05306347878,0.047020978236,0.12350606521,0.11684041041,0.060334402134,0.0010959584313,0.012025649664,0.010437010325,0.070859269383,0.11221034036,0.089466821084,0.1235770235,0.050558957441,0.050558957441,0.050524953228
795.0,0.059305157893,0.059223228176,0.059223650717,0.059223650717,0.059223650716,0.09586129833,0.11416439121,0.12051342291,0.080289078524,0.088234456273,0.047535933773,0.10660957765,0.11571218806,0.088896749159,0.047535795219,0.062873314507,0.11487229758,0.036353820503,0.036353820493,0.039411233158,0.11806667854,0.042766234458,0.10331984842,0.12014754952,0.053035940661,0.047005580135,0.12290168089,0.1164620893,0.059529186354,0.001051388715,0.011536648141,0.01001260171,0.067979478909,0.11140464112,0.088587886826,0.12298410697,0.049812533631,0.049812533631,0.049779031188
800.0,0.058511478271,0.058430644539,0.058431061427,0.058431061427,0.058431061427,0.09567086421,0.1138183616,0.12006184432,0.080177269875,0.088086291052,0.047519556533,0.10634128127,0.11534580302,0.088026710147,0.047519418172,0.062821358053,0.11451721389,0.035730568786,0.035730568776,0.03873558012,0.11766414584,0.042758147471,0.10307834025,0.11945040575,0.053008416832,0.046990187076,0.12230025266,0.11608499274,0.058734710031,0.0010086315129,0.011067528858,0.0096054495617,0.065216652036,0.11060472274,0.087717583704,0.12239403288,0.049077124219,0.049077124219,0.04904411615
805.0,0.057728415865,0.057648663469,0.05764907478,0.05764907478,0.05764907478,0.095480808384,0.11347338052,0.11961195759,0.080065616917,0.087938374589,0.047503184935,0.10607365995,0.1149805777,0.087165185292,0.047503046767,0.062769444528,0.1141632274,0.035117999334,0.035117999325,0.038071506969,0.11726298486,0.042750062013,0.10283739644,0.11875730538,0.052980907286,0.046974799058,0.12170176608,0.1157091168,0.057950830109,0.00096761311699,0.010617483595,0.0092148523579,0.062566044133,0.10981054379,0.08685582703,0.12180678765,0.048352566833,0.048352566833,0.048320045849
810.0,0.056955828767,0.056877143254,0.056877549064,0.056877549064,0.056877549063,0.095291130102,0.11312944479,0.11916375638,0.079954119432,0.087790706465,0.047486818978,0.10580671198,0.11461650841,0.086312091294,0.047486681003,0.062717573897,0.11381033473,0.034515929154,0.034515929145,0.037418815352,0.11686319092,0.042741978085,0.10259701569,0.11806822498,0.052953412017,0.046959416079,0.12110620676,0.11533445752,0.057177405437,0.00092826281653,0.010185736974,0.0088401370873,0.060023102569,0.10902206316,0.086002532947,0.12122235772,0.047638701488,0.047638701488,0.047606660408
815.0,0.056193576965,0.056115944075,0.056116344456,0.056116344456,0.056116344455,0.095101828614,0.11278655124,0.11871723439,0.079842777205,0.087643286265,0.047470458659,0.10554043568,0.11425359151,0.085467345667,0.047470320876,0.062665746125,0.11345853251,0.033924178381,0.033924178372,0.036777310309,0.11646475937,0.042733895684,0.10235719666,0.11738314126,0.052925931017,0.046944038138,0.12051356041,0.11496101096,0.056414296734,0.0008905127763,0.0097715451247,0.0084806580886,0.057583458976,0.10823924003,0.08515761842,0.12064072963,0.046935370553,0.046935370553,0.046903802303
820.0,0.055441522313,0.055364927976,0.055365323001,0.055365323001,0.055365323,0.094912903171,0.11244469672,0.11827238531,0.079731590018,0.087496113571,0.047454103976,0.10527482935,0.11389182335,0.084630866733,0.047453966386,0.062613961177,0.11310781736,0.033342570232,0.033342570223,0.036146800215,0.11606768556,0.042725814813,0.10211793806,0.11670203105,0.052898464277,0.046928665232,0.11992381279,0.1145887732,0.055661366575,0.00085429791955,0.0093741944037,0.0081357959405,0.055242921828,0.10746203385,0.084321001227,0.12006188996,0.046242418719,0.04624241872,0.046211316327
825.0,0.054699528509,0.054623958844,0.054624348583,0.054624348583,0.054624348583,0.094724353026,0.11210387808,0.11782920289,0.079620557656,0.08734918797,0.047437754927,0.10500989131,0.1135312003,0.083802573611,0.04743761753,0.062562219016,0.11275818592,0.032770930947,0.032770930938,0.035527096726,0.11567196489,0.042717735469,0.10187923857,0.11602487133,0.052871011792,0.04691329736,0.11933694974,0.11421774033,0.054918479359,0.00081955581588,0.0089930001692,0.007804956396,0.052997469316,0.10669040437,0.08349259995,0.11948582537,0.045559692961,0.045559692961,0.045529049558
830.0,0.05396746107,0.05389290238,0.053893286905,0.053893286905,0.053893286905,0.094536177434,0.11176409219,0.11738768088,0.079509679904,0.087202509045,0.047421411511,0.10474561987,0.11317171872,0.082982386213,0.047421274306,0.062510519608,0.11240963486,0.03220908974,0.032209089731,0.034918014719,0.11527759274,0.042709657653,0.10164109688,0.1153516392,0.052843573553,0.046897934521,0.11875295717,0.11384790845,0.054185501286,0.00078622657363,0.0086273056024,0.0074875693599,0.0508432425,0.10592431166,0.08267233397,0.11891252257,0.044887042504,0.044887042504,0.044856851324
835.0,0.05324518731,0.053171626079,0.05317200546,0.05317200546,0.05317200546,0.094348375651,0.11142533591,0.11694781307,0.079398956547,0.087056076383,0.047405073726,0.10448201337,0.11281337502,0.082170225233,0.047404936713,0.062458862918,0.11206216083,0.031656878749,0.031656878741,0.03431937224,0.11488456451,0.042701581364,0.10140351169,0.1146823119,0.052816149553,0.046882576712,0.11817182104,0.11347927369,0.053462300337,0.00075425273665,0.0082764805773,0.0071830879077,0.048776538745,0.10516371602,0.081860123458,0.11834196835,0.044224318795,0.044224318795,0.044194573169
840.0,0.052532576309,0.052459999205,0.052460373511,0.052460373511,0.05246037351,0.094160946934,0.11108760613,0.11650959326,0.079288387368,0.08690988957,0.04738874157,0.10421907013,0.1124561656,0.08136601214,0.047388604749,0.062407248909,0.11171576051,0.031114132986,0.031114132978,0.033730990448,0.11449287564,0.042693506603,0.1011664817,0.1140168668,0.052788739785,0.046867223933,0.11759352741,0.11311183215,0.052748746246,0.00072357918526,0.0079399205772,0.0068909873445,0.046793805411,0.10440857807,0.081055889367,0.11777414954,0.043571375467,0.043571375467,0.043542068825
845.0,0.051829498898,0.051757892765,0.051758262063,0.051758262063,0.051758262062,0.093973890542,0.11075089974,0.11607301527,0.079177972155,0.086763948195,0.04737241504,0.10395678849,0.11210008686,0.080569669173,0.04737227841,0.062355677548,0.11137043059,0.030580690285,0.030580690276,0.033152693563,0.11410252157,0.042685433368,0.10093000563,0.11335528139,0.052761344242,0.046851876181,0.11701806237,0.11274558,0.052044710479,0.00069415304124,0.007617045654,0.0066107643017,0.044891633801,0.10365885871,0.080259553423,0.11720905306,0.042928068306,0.042928068306,0.042899194176
850.0,0.051135827632,0.051065179489,0.051065543846,0.051065543846,0.051065543846,0.093787205736,0.11041521364,0.11563807296,0.079067710691,0.086618251845,0.047356094135,0.10369516676,0.11174513523,0.07978111933,0.047355957697,0.062304148798,0.11102616776,0.030056391256,0.030056391248,0.032584308815,0.11371349774,0.042677361661,0.10069408216,0.11269753332,0.052733962915,0.046836533455,0.11644541211,0.11238051337,0.05135006621,0.0006659235767,0.0073072994307,0.006341935871,0.043066753349,0.1029145191,0.079471038122,0.11664666587,0.042294255222,0.042294255222,0.042265807226
855.0,0.050451436764,0.050381733805,0.050382093288,0.050382093288,0.050382093287,0.093600891777,0.11008054474,0.1152047602,0.078957602764,0.086472800108,0.047339778852,0.10343420331,0.11139130714,0.079000286361,0.047339642606,0.062252662624,0.11068296872,0.029541079239,0.029541079231,0.032025666389,0.11332579964,0.042669291479,0.10045871001,0.11204360034,0.052706595798,0.046821195754,0.11587556288,0.11201662844,0.050664688302,0.00063884212663,0.0070101481438,0.0060840387732,0.041316026045,0.1021755207,0.078690266715,0.116086975,0.041669796216,0.041669796216,0.04164176807
860.0,0.04977620223,0.049707431818,0.049707786492,0.049707786492,0.049707786491,0.093414947929,0.10974688996,0.11477307089,0.07884764816,0.086327592575,0.047323469191,0.10317389647,0.11103859904,0.078227094765,0.047323333136,0.062201218992,0.11034083018,0.029034600254,0.029034600246,0.031476599376,0.11293942274,0.042661222824,0.1002238879,0.11139346035,0.052679242883,0.046805863075,0.11530850098,0.11165392137,0.049988453278,0.00061286200502,0.0067250797249,0.0058366285603,0.039636441072,0.10144182522,0.07791716321,0.11552996755,0.04105455335,0.04105455335,0.041026938863
865.0,0.049110001618,0.049042151287,0.049042501215,0.049042501215,0.049042501215,0.093229373458,0.10941424622,0.11434299894,0.078737846664,0.086182628835,0.047307165148,0.10291424459,0.11068700739,0.077461469776,0.047307029285,0.062149817865,0.10999974889,0.028536802958,0.028536802951,0.030936943725,0.11255436255,0.042653155694,0.099989614537,0.11074709134,0.052651904162,0.046790535417,0.1147442128,0.11129238837,0.049321239304,0.00058793842436,0.0064516029187,0.0055992788507,0.038025109677,0.10071339468,0.077151652355,0.11497563066,0.040448390718,0.040448390718,0.040421183789
870.0,0.048452714153,0.048385771601,0.048386116847,0.048386116847,0.048386116847,0.093044167628,0.10908261048,0.1139145383,0.078628198064,0.08603790848,0.047290866723,0.10265524602,0.11033652865,0.076703337362,0.04729073105,0.06209845921,0.10965972156,0.0280475386,0.028047538592,0.030406538194,0.11217061459,0.04264509009,0.099755888641,0.11010447149,0.05262457963,0.046775212778,0.11418268478,0.11093202563,0.048662926168,0.00056402841849,0.0061892464385,0.0053715805951,0.03647926023,0.099990191335,0.07639365964,0.11442395157,0.039851174413,0.039851174413,0.039824369033
875.0,0.04780422067,0.047738173761,0.047738514388,0.047738514389,0.047738514388,0.092859329708,0.10875197966,0.11348768293,0.078518702148,0.0858934311,0.047274573913,0.10239689913,0.10998715931,0.075952624213,0.047274438431,0.06204714299,0.10932074495,0.027566660972,0.027566660964,0.0298852243,0.11178817439,0.04263702601,0.099522708934,0.10946557904,0.052597269277,0.046759895157,0.11362390343,0.11057282936,0.048013395254,0.00054109076851,0.005937558154,0.0051531413725,0.034996233492,0.099272177729,0.07564311128,0.11387491754,0.039262772501,0.039262772501,0.039236362747
880.0,0.047164403598,0.047099240356,0.047099576426,0.047099576426,0.047099576426,0.092674858966,0.10842235073,0.11306242683,0.078409358701,0.085749196288,0.047258286716,0.10213920226,0.10963889585,0.075209257736,0.047258151424,0.061995869171,0.10898281581,0.027094026372,0.027094026365,0.029372846271,0.1114070375,0.042628963456,0.09929007414,0.1088303924,0.052569973097,0.046744582552,0.11306785533,0.11021479581,0.047372529524,0.00051908593169,0.0056961043135,0.0049435847137,0.033573478069,0.098559316668,0.074899934217,0.1133285159,0.038683054989,0.038683054989,0.038657035028
885.0,0.046533146931,0.046468855543,0.046469187117,0.046469187117,0.046469187116,0.092490754675,0.10809372066,0.11263876399,0.078300167513,0.085605203638,0.04724200513,0.1018821538,0.10929173478,0.074473166051,0.047241870029,0.061944637718,0.1086459309,0.026629493558,0.026629493551,0.028869251004,0.11102719947,0.042620902426,0.099057982986,0.1081988901,0.052542691083,0.046729274961,0.11251452712,0.10985792119,0.046740213497,0.0004979759734,0.0054644687971,0.0047425494543,0.032208546052,0.097851571227,0.074164056108,0.11278473407,0.038111893802,0.038111893802,0.038086257883
890.0,0.045910336216,0.045846905025,0.045847232162,0.045847232162,0.045847232162,0.092307016105,0.10776608641,0.11221668846,0.078191128371,0.085461452741,0.047225729153,0.1016257521,0.10894567261,0.073744277977,0.047225594242,0.061893448596,0.10831008701,0.026172923706,0.026172923699,0.028374288018,0.11064865589,0.042612842921,0.098826434202,0.10757105077,0.052515423226,0.046713972383,0.11196390551,0.10950220176,0.046116333228,0.00047772450163,0.0052422524002,0.0045496891117,0.030899088828,0.097148904742,0.073435405318,0.11224355949,0.037549162745,0.037549162745,0.037523905206
895.0,0.045295858528,0.045233276031,0.045233598792,0.045233598792,0.045233598791,0.092123642531,0.10743944498,0.11179619429,0.078082241064,0.085317943194,0.047209458784,0.10136999553,0.10860070586,0.073022523031,0.047209324063,0.061842301769,0.10797528091,0.025724180368,0.025724180361,0.027887809404,0.11027140235,0.04260478494,0.098595426522,0.10694685319,0.05248816952,0.046698674816,0.11141597728,0.1091476338,0.045500776288,0.00045829660431,0.0050290721461,0.004364671289,0.029642853062,0.096451280813,0.072713910916,0.11170497968,0.036994737487,0.036994737487,0.036969852746
900.0,0.044689602446,0.044627857297,0.044628175739,0.044628175739,0.044628175738,0.091940633227,0.10711379336,0.11137727555,0.077973505379,0.085174674589,0.04719319402,0.10111488249,0.10825683107,0.07230783142,0.047193059489,0.061791197204,0.10764150941,0.025283129433,0.025283129426,0.027409669789,0.10989543446,0.042596728482,0.098364958682,0.10632627624,0.052460929958,0.046683382258,0.11087072926,0.10879421356,0.044893431741,0.00043965878911,0.0048245606269,0.0041871771026,0.028437676846,0.0957586633,0.071999502663,0.11116898223,0.036448495525,0.036448495525,0.036423978084
905.0,0.04409145804,0.044030539043,0.044030853224,0.044030853224,0.044030853223,0.091757987469,0.10678912854,0.11095992635,0.077864921107,0.085031646525,0.047176934859,0.10086041134,0.10791404478,0.071600134033,0.047176800518,0.061740134864,0.1073087693,0.024849639087,0.02484963908,0.026939726288,0.10952074783,0.042588673548,0.09813502942,0.10570929895,0.052433704531,0.046668094709,0.11032814836,0.10844193734,0.04429419013,0.00042177892571,0.0046283653705,0.0040169006326,0.02728148599,0.095071016319,0.071292111012,0.11063555476,0.03591031616,0.03591031616,0.035886160602
910.0,0.043501316849,0.043441212956,0.043441522933,0.043441522933,0.043441522932,0.091575704536,0.10646544755,0.1105441408,0.077756488035,0.084888858595,0.047160681301,0.10060658048,0.10757234355,0.070899362435,0.047160547149,0.061689114716,0.10697705741,0.024423579771,0.024423579764,0.02647783846,0.10914733811,0.042580620137,0.09790563748,0.10509590044,0.052406493234,0.046652812165,0.10978822153,0.10809080144,0.043702943452,0.00040462619041,0.0044401482339,0.0038535483966,0.026172290476,0.094388304247,0.070591667095,0.11010468497,0.035380080473,0.035380080473,0.035356281459
915.0,0.042919071857,0.042859772168,0.042860077998,0.042860077998,0.042860077998,0.091393783707,0.10614274739,0.11012991304,0.077648205955,0.084746310399,0.047144433341,0.10035338829,0.10723172396,0.07020544886,0.047144299379,0.061638136724,0.10664637055,0.024004824147,0.02400482414,0.026023868271,0.10877520096,0.042572568248,0.097676781606,0.10448605998,0.052379296057,0.046637534626,0.10925093581,0.10774080217,0.04311958514,0.00038817101301,0.0042595848207,0.0036968388434,0.025108181048,0.093710491711,0.069898102721,0.10957636063,0.034857671294,0.034857671294,0.034834223566
920.0,0.042344617478,0.042286111242,0.042286412979,0.042286412979,0.042286412979,0.091212224263,0.1058210251,0.10971723725,0.077540074654,0.084604001532,0.04712819098,0.10010083317,0.10689218256,0.069518326204,0.047128057207,0.061587200853,0.10631670556,0.023593247056,0.023593247049,0.025577680051,0.10840433203,0.042564517883,0.097448460546,0.10387975694,0.052352112995,0.04662226209,0.10871627829,0.10739193585,0.042544010048,0.00037238502582,0.0040863639225,0.0035465018689,0.02408732594,0.093037543594,0.069211350365,0.10905056953,0.03434297318,0.03434297318,0.034319871556
925.0,0.041777849539,0.041720126144,0.041720423844,0.041720423844,0.041720423843,0.091031025485,0.10550027772,0.10930610762,0.077432093924,0.084461931594,0.047111954214,0.099848913507,0.10655371597,0.068837928023,0.047111820631,0.061536307068,0.10598805929,0.023188725482,0.023188725476,0.02513914045,0.108034727,0.042556469039,0.09722067305,0.10327697082,0.052324944039,0.046606994555,0.10818423613,0.10704419882,0.041976114426,0.00035724101477,0.0039201869831,0.0034022783501,0.023107967738,0.092369425028,0.068531343167,0.10852729956,0.033835872389,0.033835872389,0.033813111764
930.0,0.041218665254,0.041161714232,0.041162007949,0.041162007949,0.041162007948,0.090850186658,0.1051805023,0.10889651834,0.077324263555,0.084320100183,0.047095723042,0.099597627715,0.10621632077,0.068164188518,0.047095589648,0.061485455336,0.10566042859,0.022791138518,0.022791138512,0.024708118404,0.10766638159,0.042548421718,0.096993417873,0.10267768124,0.052297789183,0.04659173202,0.10765479654,0.10669758742,0.041415795905,0.0003427128725,0.003760767584,0.0032639196994,0.022168420369,0.091706101397,0.067858014919,0.10800653864,0.033336256853,0.033336256853,0.033313832197
935.0,0.040666963213,0.040610774236,0.040611064022,0.040611064022,0.040611064022,0.090669707066,0.10486169589,0.10848846365,0.077216583338,0.0841785069,0.047079497462,0.099346974196,0.10587999357,0.067497042536,0.047079364257,0.061434645621,0.10533381033,0.022400367324,0.022400367318,0.024284485091,0.10729929149,0.042540375918,0.096766693771,0.10208186791,0.052270648418,0.046576474483,0.10712794681,0.10635209801,0.04086295348,0.00032877555333,0.0036078309512,0.0031311874359,0.021267066206,0.09104753833,0.067191300064,0.10748827475,0.032844016157,0.032844016157,0.032821922513
940.0,0.040122643359,0.040067206236,0.040067492144,0.040067492145,0.040067492144,0.090489585996,0.10454385555,0.1080819378,0.077109053063,0.084037151344,0.047063277472,0.099096951358,0.105544731,0.066836425563,0.047063144455,0.061383877888,0.10500820137,0.022016295097,0.022016295091,0.023868113898,0.10693345243,0.04253233164,0.096540499504,0.1014895107,0.052243521739,0.046561221942,0.10660367427,0.10600772696,0.040317487487,0.00031540503012,0.0034611134822,0.0030038527749,0.020402353297,0.090393701703,0.066531133689,0.10697249595,0.03235904151,0.03235904151,0.032337273996
945.0,0.039585606971,0.039530911648,0.039531193731,0.039531193731,0.03953119373,0.090309822736,0.10422697836,0.10767693506,0.077001672522,0.083896033116,0.047047063071,0.098847557617,0.10521052969,0.066182273713,0.047046930242,0.061333152103,0.1046835986,0.021638807036,0.02163880703,0.023458880376,0.10656886015,0.042524288883,0.096314833834,0.10090058958,0.052216409136,0.046545974396,0.10608196633,0.10566447066,0.039779299591,0.00030257825284,0.0033203622913,0.0028816962335,0.019572792704,0.089744557635,0.065877451513,0.10645919032,0.031881225726,0.031881225727,0.031859779531
950.0,0.039055756649,0.039001793204,0.039002071513,0.039002071513,0.039002071512,0.090130416574,0.1039110614,0.10727344974,0.076894441506,0.083755151819,0.047030854255,0.098598791388,0.10487738629,0.065534523726,0.047030721614,0.061282468231,0.10435999892,0.021267790302,0.021267790297,0.023056662212,0.10620551041,0.042516247646,0.096089695527,0.10031508461,0.052189310604,0.046530731843,0.10556281047,0.10532232549,0.039248292764,0.00029027310881,0.0031853347747,0.0027645072527,0.018776955946,0.089100072489,0.06523018989,0.10594834604,0.031410463198,0.031410463198,0.031389333581
955.0,0.03853299629,0.038479754937,0.038480029522,0.038480029522,0.038480029521,0.089951366802,0.10359610177,0.10687147614,0.076787359807,0.083614507054,0.047014651023,0.098350651095,0.10454529744,0.064893112961,0.047014518571,0.061231826237,0.10403739922,0.020903133993,0.020903133988,0.037937207892,0.10584339897,0.042508207931,0.095865083351,0.099732976014,0.052162226135,0.046515494281,0.10504619419,0.10498128787,0.03872437127,0.00027846838462,0.0030557981922,0.0026520838347,0.018013472547,0.088460212867,0.064589285794,0.10543995132,0.030946649873,0.030946649873,0.030925832164
960.0,0.038017231078,0.03796470216,0.037964973071,0.037964973071,0.03796497307,0.089772672712,0.10328209657,0.10647100861,0.076680427217,0.083474098424,0.046998453374,0.098103135163,0.10421425981,0.06425797939,0.04699832111,0.061181226087,0.10371579642,0.020544729104,0.020544729099,0.041521156424,0.10548252163,0.042500169735,0.095640996077,0.099154244087,0.052135155721,0.046500261709,0.1045321051,0.10464135421,0.038207440648,0.00026714372954,0.0029315292662,0.0025442321947,0.017281027689,0.08782494561,0.063954676821,0.10493399441,0.030489683233,0.030489683233,0.030469172831
965.0,0.037508367463,0.037456541452,0.037456808737,0.037456808737,0.037456808737,0.089594333597,0.1029690429,0.1060720415,0.076573643529,0.083333925534,0.046982261305,0.097856242022,0.10388427007,0.063629061592,0.046982129229,0.061130667747,0.10339518744,0.020192468497,0.020192468492,0.040809342552,0.10512287417,0.04249213306,0.095417432478,0.098578869262,0.052108099356,0.046485034125,0.10402053083,0.10430252094,0.037697407691,0.00025627962043,0.0028123137973,0.002440766427,0.016578359949,0.087194237796,0.063326301174,0.10443046366,0.03003946227,0.03003946227,0.03001925464
970.0,0.037006313144,0.036955180639,0.036955444348,0.036955444348,0.036955444348,0.089416348752,0.10265693788,0.10567456919,0.076467008534,0.083193987987,0.046966074815,0.097609970104,0.10355532491,0.063006298744,0.046965942926,0.061080151181,0.10307556921,0.01984624687,0.019846246865,0.040109727947,0.10476445241,0.042484097904,0.095194391332,0.098006832077,0.052081057031,0.046469811528,0.10351145911,0.1039647845,0.037194180437,0.00024585732812,0.0026979462953,0.002341508185,0.015904259137,0.086568056741,0.062704097666,0.10392934745,0.029595887464,0.029595887464,0.029575978141
975.0,0.036510977053,0.03646052878,0.036460788959,0.036460788959,0.036460788959,0.089238717473,0.10234577864,0.10527858609,0.076360522028,0.083054285389,0.046949893901,0.097364317848,0.10322742103,0.062389630622,0.0469497622,0.061029676356,0.10275693867,0.019505960724,0.019505960718,0.03942210366,0.10440725218,0.042476064267,0.094971871419,0.097438113185,0.052054028741,0.046454593916,0.10300487769,0.10362814134,0.036697668145,0.00023585888507,0.0025882296246,0.0022462863735,0.015257564216,0.085946369991,0.062088005708,0.10343063421,0.029158860762,0.029158860762,0.029139245344
980.0,0.03602226934,0.035972496146,0.035972752844,0.035972752844,0.035972752844,0.089061439058,0.10203556231,0.10488408661,0.076254183801,0.082914817345,0.046933718562,0.097119283695,0.10290055512,0.061778997588,0.046933587048,0.060979243236,0.10243929278,0.019171508332,0.019171508327,0.038746264314,0.10405126931,0.04246803215,0.09474987152,0.09687269335,0.052027014476,0.046439381287,0.10250077441,0.10329258792,0.036207781284,0.00022626705445,0.0024829746655,0.0021549368543,0.014637161309,0.085329145326,0.061477965305,0.10293431243,0.028728285556,0.028728285556,0.028708959707
985.0,0.035540101352,0.03549099421,0.035491247473,0.035491247473,0.035491247473,0.088884512807,0.10172628604,0.1044910652,0.076147993649,0.082775583461,0.046917548795,0.096874866091,0.10257472391,0.061174340589,0.046917417468,0.060928851788,0.10212262848,0.018842789711,0.018842789706,0.038082008048,0.10369649967,0.042460001552,0.094528390422,0.096310553448,0.052000014231,0.046424173639,0.10199913715,0.10295812072,0.035724431512,0.00021706530038,0.0023819999877,0.002067302163,0.014041981786,0.084716350757,0.06087391705,0.10244037067,0.028304066662,0.028304066662,0.02828502611
990.0,0.035064385625,0.035015935626,0.035016185499,0.0350161855,0.035016185499,0.088707938019,0.10141794698,0.10409951632,0.076041951364,0.082636583345,0.046901384599,0.096631063484,0.10224992413,0.06057560115,0.04690125346,0.060878501976,0.10180694274,0.01851970659,0.018519706585,0.037429136451,0.10334293911,0.042451972472,0.094307426913,0.095751674467,0.051973027997,0.046408970972,0.10149995386,0.10262473622,0.035247531667,0.00020823775946,0.0022851315378,0.0019832312382,0.013471000428,0.084107954522,0.060275802121,0.10194879752,0.027886110298,0.027886110298,0.027867350833
995.0,0.03459503586,0.034547234215,0.034547480745,0.034547480745,0.034547480744,0.088531713996,0.10111054229,0.10370943446,0.075936056742,0.082497816604,0.046885225972,0.096387874328,0.1019261525,0.059982721366,0.046885095019,0.060828193767,0.10149223256,0.018202162381,0.018202162376,0.036787454512,0.10299058353,0.04244394491,0.094086979783,0.095196037501,0.051946055768,0.046393773283,0.10100321254,0.10229243092,0.034776995743,0.00019976921341,0.0021922023394,0.0019025791605,0.012923233662,0.083503925089,0.059683562269,0.10145958164,0.027474324063,0.027474324063,0.027455841538
1000.0,0.034131966913,0.03408480495,0.034085048181,0.034085048181,0.03408504818,0.088355840042,0.10080406915,0.10332081412,0.075830309576,0.082359282846,0.046869072912,0.096145297081,0.10160340579,0.0593956439,0.046868942146,0.060777927126,0.10117849491,0.017890062151,0.017890062147,0.036156770552,0.10263942882,0.042435918866,0.093867047826,0.094643623757,0.051919097536,0.046378580571,0.10050890126,0.10196120134,0.034312738884,0.00019164506281,0.0021030522058,0.0018252069033,0.012397737876,0.082904231148,0.059097139819,0.10097271176,0.027068616921,0.027068616921,0.02705040725
1005.0,0.033675094777,0.03362856394,0.033628803916,0.033628803916,0.033628803915,0.088180315462,0.10049852473,0.10293364982,0.075724709661,0.082220981681,0.046852925417,0.095903330202,0.10128168073,0.058814311975,0.046852794838,0.060727702019,0.10086572678,0.017583312594,0.017583312589,0.035536896176,0.10228947089,0.04242789434,0.09364762984,0.09409441455,0.051892153294,0.046363392833,0.10001700814,0.10163104398,0.033854677358,0.00018385130199,0.0020175274632,0.0017509810933,0.011893607796,0.082308841616,0.058516477661,0.10048817662,0.026668899175,0.026668899175,0.026650958332
1010.0,0.033224336567,0.033178428414,0.033178665179,0.033178665179,0.033178665178,0.08800513956,0.10019390621,0.10254793612,0.075619256792,0.082082912718,0.046836783485,0.095661972156,0.10096097411,0.058238669371,0.046836653092,0.060677518412,0.1005539252,0.017281822,0.017281821995,0.034927646208,0.10194070566,0.042419871332,0.093428724623,0.093548391302,0.051865223035,0.04634821007,0.099527521369,0.10130195539,0.033402728554,0.00017637449483,0.0019354806869,0.00167977378,0.011409974926,0.081717725632,0.057941519243,0.10000596505,0.026275082451,0.026275082451,0.026257406469
1015.0,0.032779610507,0.032734316709,0.032734550305,0.032734550305,0.032734550305,0.087830311646,0.099890210798,0.10216366758,0.075513950765,0.081945075567,0.046820647115,0.095421221413,0.1006412827,0.057668660416,0.046820516907,0.060627376269,0.10024308716,0.016985500231,0.016985500227,0.034328838647,0.10159312908,0.04241184984,0.093210330978,0.093005535545,0.051838306752,0.046333032278,0.099040429173,0.10097393209,0.032956810956,0.00016920175162,0.0018567704462,0.001611462216,0.010946006059,0.081130852553,0.05737220857,0.099526065917,0.025887079678,0.025887079678,0.025869664649
1020.0,0.032340835911,0.032296148251,0.032296378721,0.032296378721,0.032296378721,0.087655831027,0.099587435691,0.10178083879,0.075408791374,0.08180746984,0.046804516303,0.095181076445,0.10032260329,0.057104229984,0.046804386282,0.060577275558,0.0999332097,0.016694258696,0.016694258692,0.0337402946,0.10124673709,0.042403829865,0.09299244771,0.092465828916,0.051811404437,0.046317859456,0.098555719851,0.10064697066,0.032516844137,0.00016232070685,0.0017812610616,0.0015459286451,0.010500901844,0.080548191959,0.056808490196,0.099048468155,0.025504805068,0.025504805068,0.025487647141
1025.0,0.031907933173,0.031863843544,0.03186407093,0.03186407093,0.03186407093,0.087481697014,0.099285578104,0.10139944434,0.075303778416,0.081670095147,0.046788391049,0.094941535729,0.10000493268,0.056545323487,0.046788261214,0.060527216243,0.099624289848,0.016408010318,0.016408010313,0.033161838241,0.10090152566,0.042395811407,0.092775073627,0.091929253158,0.051784516082,0.046302691603,0.098073381757,0.10032106764,0.032082748738,0.00015571949786,0.0017088223704,0.0014830600992,0.010073895411,0.079969713644,0.056250309218,0.098573160738,0.025128174097,0.025128174097,0.025111269479
1030.0,0.031480823753,0.031437324155,0.031437548497,0.031437548498,0.031437548497,0.087307908917,0.098984635258,0.10101947888,0.075198911687,0.081532951101,0.04677227135,0.094702597743,0.099688267669,0.055991886872,0.046772141701,0.060477198291,0.099316324646,0.016126669513,0.016126669508,0.03259329675,0.10055749078,0.042387794465,0.092558207539,0.09139579012,0.051757641682,0.046287528717,0.097593403298,0.099996219625,0.03165444646,0.00014938674444,0.0016393295026,0.0014227482041,0.0096642510505,0.079395387622,0.055697611271,0.098100132697,0.024757103488,0.024757103488,0.024740448441
1035.0,0.031059430155,0.031016512696,0.031016734037,0.031016734037,0.031016734036,0.087134466051,0.09868460438,0.10064093705,0.075094190984,0.081396037315,0.046756157205,0.094464260973,0.099372605086,0.055443866615,0.046756027741,0.060427221667,0.099009311148,0.015850152163,0.015850152159,0.032034500265,0.10021462843,0.042379779039,0.092341848261,0.090865421758,0.051730781228,0.046272370796,0.097115772941,0.09967242319,0.031231860044,0.00014331152917,0.0015726626659,0.0013648889921,0.0092712629505,0.078825184119,0.055150342523,0.097629373115,0.024391511191,0.024391511191,0.024375102033
1040.0,0.030643675925,0.030601332817,0.030601551195,0.030601551195,0.030601551195,0.086961367729,0.09838548271,0.10026381351,0.074989616102,0.081259353403,0.046740048611,0.094226523906,0.099057941755,0.054901209715,0.046739919333,0.060377286337,0.098703246413,0.015578375592,0.015578375588,0.031485281834,0.099872934628,0.042371765129,0.092125994607,0.090338130131,0.051703934713,0.04625721784,0.096640479209,0.099349674937,0.030814913261,0.00013748337859,0.0015087069389,0.0013093827235,0.0088942539818,0.078259073574,0.054608449672,0.097160871129,0.024031316366,0.024031316366,0.030238481806
1045.0,0.030233485625,0.030191709186,0.030191924642,0.030191924642,0.030191924642,0.086788613268,0.098087267494,0.099888102957,0.074885186839,0.081122898978,0.046723945568,0.093989385034,0.098744274515,0.054363863688,0.046723816474,0.060327392268,0.098398127511,0.015311258541,0.015311258537,0.03094547736,0.099532405386,0.042363752734,0.091910645397,0.0898138974,0.051677102131,0.046242069845,0.096167510678,0.099027971474,0.030403530898,0.0001318922452,0.0014473520734,0.0012561337142,0.0085325745332,0.077697026638,0.054071879936,0.096694615925,0.023676439364,0.023676439364,0.03028336182
1050.0,0.029828784829,0.029787567479,0.029787780051,0.029787780051,0.029787780051,0.086616201983,0.097789955985,0.099513800092,0.074780902993,0.080986673656,0.046707848071,0.093752842852,0.098431600216,0.053831776567,0.046707719163,0.060277539424,0.098093951522,0.01504872114,0.015048721136,0.030414925555,0.099193036742,0.042355741854,0.091695799453,0.089292705833,0.051650283473,0.04622692681,0.095696855984,0.09870730942,0.029997638742,0.0001265284901,0.001388492304,0.001205050171,0.0081856013937,0.077139014173,0.053540581053,0.096230596742,0.023326801712,0.023326801712,0.029836186564
1055.0,0.029429500105,0.029388834364,0.029389044092,0.029389044092,0.029389044091,0.086444133193,0.097493545446,0.099140899644,0.07467676436,0.080850677052,0.046691756121,0.093516895859,0.098119915715,0.05330489689,0.046691627398,0.060227727773,0.097790715534,0.014790684891,0.014790684887,0.029893467892,0.098854824742,0.042347732489,0.0914814556,0.088774537798,0.051623478732,0.046211788735,0.095228503815,0.098387685408,0.029597163571,0.00012138286635,0.0013320261662,0.0011560440333,0.0078527366805,0.076585007248,0.053014501273,0.095768802872,0.022982326092,0.022982326092,0.029395612531
1060.0,0.029035559001,0.02899543749,0.028995644411,0.028995644411,0.028995644411,0.086272406218,0.097198033149,0.098769396361,0.074572770739,0.080714908781,0.046675669715,0.093281542559,0.097809217882,0.052783173701,0.046675541176,0.060177957279,0.097488416642,0.01453707264,0.014537072636,0.029380948559,0.098517765449,0.042339724639,0.091267612663,0.088259375766,0.051596687902,0.046196655616,0.094762442916,0.098069096078,0.029202033136,0.0001164465031,0.0012778563215,0.0011090308215,0.0075334068103,0.07603497714,0.052493589352,0.095309223656,0.022642936326,0.022642936326,0.028961542331
1065.0,0.028646890034,0.028607305474,0.028607509626,0.028607509626,0.028607509625,0.086101020379,0.096903416372,0.098399285008,0.074468921928,0.080579368462,0.046659588851,0.093046781458,0.097499503594,0.05226655654,0.046659460496,0.06012822791,0.097187051953,0.014287808553,0.014287808549,0.028877214409,0.098181854936,0.042331718303,0.091054269474,0.087747202309,0.051569910976,0.046181527454,0.094298662087,0.097751538082,0.02881217615,0.00011171089022,0.0012258893894,0.0010639294914,0.0072270615121,0.075488895331,0.05197779455,0.094851848486,0.02230855736,0.02230855736,0.028533880006
1070.0,0.028263422678,0.028224367885,0.028224569304,0.028224569304,0.028224569304,0.085929974998,0.096609692403,0.098030560371,0.074365217724,0.080444055711,0.046643513527,0.092812611066,0.09719076974,0.051754995442,0.046643385357,0.06007853963,0.096886618583,0.014042818097,0.014042818093,0.028382114918,0.097847089293,0.042323713481,0.090841424865,0.087238000101,0.051543147945,0.046166404245,0.093837150181,0.097435008084,0.028427522279,0.00010716786368,0.0011760357866,0.001020662294,0.0069331728805,0.074946733508,0.051467066626,0.094396666805,0.021979115247,0.021979115247,0.028112531017
1075.0,0.027885087347,0.027846555234,0.027846753958,0.027846753958,0.027846753958,0.085759269399,0.096316858537,0.097663217257,0.074261657927,0.080308970146,0.046627443741,0.092579029898,0.096883013218,0.051248440931,0.046627315755,0.060028892406,0.096587113654,0.013802028016,0.013802028012,0.027895502139,0.097513464619,0.042315710172,0.090629077672,0.086731751916,0.051516398803,0.046151285988,0.093377896107,0.097119502758,0.028048002123,0.00010280959146,0.0011282095727,0.00097915464245,0.0066512344671,0.074408463558,0.050961355828,0.093943668108,0.02165453713,0.02165453713,0.027697402214
1080.0,0.027511815387,0.027473798962,0.027473995027,0.027473995027,0.027473995026,0.085588902907,0.09602491208,0.09729725049,0.074158242336,0.080174111386,0.046611379491,0.092346036472,0.096576230936,0.050746844016,0.04661125169,0.059979286205,0.096288534299,0.01356536631,0.013565366306,0.027417230658,0.097180977029,0.042307708377,0.090417226732,0.086228440626,0.051489663542,0.046136172683,0.092920888828,0.096805018789,0.027673547207,9.8628560045e-05,0.001082328302,0.00093933498255,0.0063807604085,0.073874057573,0.050460612897,0.093492841938,0.021334751225,0.021334751225,0.027288401821
1085.0,0.027143539061,0.027106031426,0.027106224866,0.027106224866,0.027106224866,0.085418874849,0.095733850342,0.096932654915,0.07405497075,0.08003947905,0.046595320776,0.092113629309,0.096270419812,0.050250156182,0.046595193158,0.059929720991,0.095990877659,0.01333276221,0.013332762206,0.02694715755,0.096849622651,0.042299708095,0.090205870886,0.085728049205,0.051462942156,0.046121064326,0.09246611736,0.096491552872,0.027304089968,9.4617561481e-05,0.0010383128812,0.00090113466999,0.0061212845906,0.073343487842,0.049964789052,0.093044177889,0.021019686808,0.021019686808,0.026885439416
1090.0,0.026780191538,0.026743185885,0.026743376737,0.026743376737,0.026743376736,0.085249184552,0.095443670643,0.096569425396,0.073951842968,0.079905072758,0.046579267593,0.091881806935,0.095965576772,0.049758329391,0.04657914016,0.059880196732,0.095694140885,0.013104146163,0.013104146159,0.026485142336,0.096519397626,0.042291709325,0.089995008978,0.085230560724,0.051436234637,0.046105960917,0.092013570774,0.096179101713,0.026939563745,9.0769680935e-05,0.00099608743362,0.00086448785185,0.0058723598457,0.072816726854,0.049473835995,0.092597665605,0.020709274197,0.020709274197,0.026488425909
1095.0,0.02642170688,0.026385196494,0.026385384791,0.026385384791,0.026385384791,0.085079831345,0.095154370312,0.096207556815,0.073848858791,0.079770892132,0.046563219941,0.091650567878,0.095661698755,0.049271316076,0.046563092691,0.059830713394,0.095398321136,0.012879449804,0.012879449801,0.026031046944,0.096190298107,0.042283712068,0.089784639855,0.084735958351,0.051409540978,0.046090862454,0.091563238193,0.09586766203,0.026579902763,8.7078284789e-05,0.00095557916773,0.00082933135312,0.005633557183,0.072293747294,0.048987705899,0.092153294778,0.020403444739,0.020403444739,0.026097273522
1100.0,0.026068020029,0.026031998284,0.026032184061,0.026032184061,0.026032184061,0.084910814559,0.094865946686,0.095847044074,0.073746018017,0.079636936791,0.046547177818,0.091419910672,0.095358782707,0.048789069133,0.046547050751,0.059781270942,0.09510341558,0.012658605944,0.012658605941,0.025584735666,0.095862320262,0.042275716324,0.089574762364,0.084244225354,0.051382861171,0.046075768935,0.091115108793,0.095557230549,0.026225042123,8.3537009192e-05,0.00091671825224,0.00079560456779,0.0054044650502,0.071774522041,0.048506351406,0.091711055151,0.020102130791,0.020102130791,0.025711895772
1105.0,0.0257190668,0.025683527159,0.025683710449,0.025683710449,0.025683710449,0.084742133526,0.094578397108,0.095487882096,0.073643320448,0.079503206358,0.046531141221,0.091189833854,0.095056825584,0.048311541919,0.046531014338,0.059731869344,0.094809421392,0.012441548542,0.012441548538,0.025146075116,0.095535460271,0.042267722091,0.089365375358,0.083755345096,0.05135619521,0.046060680358,0.090669171805,0.095247804009,0.025874917794,8.0139749101e-05,0.00087943769549,0.00076324935444,0.0051846886245,0.071259024172,0.048029725626,0.091270936515,0.019805265711,0.019805265711,0.025332207452
1110.0,0.025374783862,0.025339719875,0.025339900713,0.025339900713,0.025339900712,0.084573787577,0.094291718931,0.095130065819,0.073540765885,0.079369700456,0.04651511015,0.090960335962,0.094755824353,0.047838688249,0.04651498345,0.059682508564,0.094516335759,0.012228212689,0.012228212685,0.024714934194,0.095209714327,0.04225972937,0.089156477691,0.083269301037,0.051329543087,0.046045596723,0.090225416509,0.094939379158,0.025529466595,7.6880647744e-05,0.00084367323002,0.00073220993595,0.0049738491331,0.070747226953,0.047557782124,0.090832928711,0.019512783835,0.019512783835,0.024958124607
1115.0,0.025035108734,0.025000514038,0.025000692455,0.025000692455,0.025000692454,0.084405776049,0.094005909516,0.094773590204,0.073438354127,0.079236418708,0.046499084601,0.090731415542,0.094455775988,0.047370462389,0.046498958084,0.05963318857,0.094224155874,0.012018534589,0.012018534585,0.024291184042,0.094885078635,0.042251738161,0.08894806822,0.082786076733,0.051302904796,0.046030518027,0.089783832241,0.094631952755,0.025188626188,7.3754086534e-05,0.00080936320181,0.00070243280341,0.0047715832011,0.070239103843,0.047090474925,0.090397021627,0.019224620472,0.019224620472,0.024589564524
1120.0,0.024699979769,0.024665848084,0.024666024113,0.024666024113,0.024666024113,0.084238098277,0.093720966231,0.094418450228,0.073336084977,0.079103360736,0.046483064573,0.09050307114,0.094156677477,0.046906819052,0.046482938239,0.059583909328,0.093932878939,0.011812451539,0.011812451536,0.023874698011,0.094561549414,0.042243748462,0.088740145804,0.082305655834,0.051276280328,0.046015444269,0.089344408387,0.09432552157,0.024852335065,7.0754675374e-05,0.00077644846403,0.0006738666239,0.0045775422256,0.069734628492,0.046627758502,0.0899632052,0.018940711882,0.018940711882,0.024226445707
1125.0,0.024369336144,0.024335661276,0.024335834949,0.024335834949,0.024335834949,0.084070753597,0.093436886453,0.094064640888,0.073233958235,0.078970526167,0.046467050065,0.090275301308,0.093858525812,0.046447713395,0.046466923913,0.059534670804,0.093642502167,0.011609901911,0.011609901908,0.023465351621,0.094239122897,0.042235760275,0.088532709306,0.081828022087,0.051249669678,0.046000375447,0.088907134385,0.094020082383,0.024520532538,6.7877243373e-05,0.00074487227505,0.00064646215194,0.0043913917754,0.069233774737,0.046169587777,0.089531469415,0.018660995267,0.018660995267,0.023868687861
1130.0,0.024043117849,0.024009893686,0.024010065035,0.024010065035,0.024010065035,0.083903741348,0.093153667565,0.093712157199,0.073131973704,0.078837914624,0.046451041074,0.0900481046,0.093561317999,0.045993101012,0.046450915105,0.059485472964,0.093353022776,0.011410825133,0.01141082513,0.023063022521,0.093917795328,0.042227773598,0.08832575759,0.08135315933,0.051223072837,0.045985311559,0.088471999724,0.093715631983,0.024193158729,6.5116829925e-05,0.00071458020066,0.0006201721447,0.0042128110151,0.068736516601,0.045715918112,0.089101804304,0.018385408754,0.018385408754,0.023516211877
1135.0,0.023721265676,0.023688486189,0.023688655244,0.023688655244,0.023688655244,0.08373706087,0.09287130696,0.093360994197,0.073030131185,0.078705525734,0.046435037598,0.089821479575,0.093265051051,0.045542937933,0.046434911811,0.059436315775,0.093064437995,0.011215161669,0.011215161666,0.022667590458,0.093597562963,0.042219788431,0.088119289525,0.080881051498,0.051196489798,0.045970252605,0.088038993946,0.093412167173,0.023870154555,6.2468676159e-05,0.00068552002026,0.00059495128047,0.0040414921529,0.068242828297,0.045266705308,0.088674199949,0.018113891382,0.018113891383,0.023168939811
1140.0,0.023403721211,0.023371380449,0.023371547241,0.023371547241,0.023371547241,0.083570711503,0.092589802038,0.093011146934,0.072928430481,0.078573359123,0.046419039636,0.089595424795,0.092969721991,0.045097180618,0.046418914031,0.059387199204,0.092776745062,0.011022853007,0.011022853004,0.022278937237,0.093278422074,0.042211804774,0.087913303981,0.080411682617,0.051169920555,0.045955198582,0.087608106643,0.093109684763,0.023551461724,5.9928216737e-05,0.00065764163682,0.00057075608062,0.0038771399098,0.06775268422,0.0448219056,0.088248646478,0.017846383092,0.017846383092,0.022826794867
1145.0,0.023090426817,0.023058518911,0.023058683471,0.023058683471,0.023058683471,0.083404692591,0.092309150207,0.09266261048,0.072826871394,0.078441414417,0.046403047185,0.089369938826,0.092675327852,0.044655785953,0.046402921763,0.059338123216,0.09248994122,0.010833841635,0.010833841632,0.021896946686,0.092960368943,0.042203822627,0.08770779983,0.079945036806,0.0511433651,0.045940149488,0.087179327458,0.092808181573,0.023237022719,5.7491071983e-05,0.00063089699052,0.00054754483459,0.0037194710117,0.067266058948,0.044381475651,0.087825134065,0.017582824708,0.017582824708,0.022489701382
1150.0,0.022781325631,0.022749844789,0.022750007147,0.022750007147,0.022750007147,0.083239003476,0.092029348883,0.092315379927,0.072725453728,0.078309691244,0.046387060244,0.089145020237,0.092381865675,0.044218711245,0.046386935004,0.059289087779,0.092204023726,0.010648071027,0.010648071024,0.021521504627,0.092643399865,0.042195841989,0.087502775948,0.079481098275,0.051116823426,0.045925105323,0.086752646084,0.092507654437,0.022926780788,5.5153040329e-05,0.00060523997595,0.00052527752805,0.0035682137011,0.066782927242,0.043945372552,0.087403652933,0.017323157927,0.017323157927,0.022157584811
1155.0,0.022476361549,0.022445302057,0.022445462242,0.022445462242,0.022445462242,0.083073643503,0.091750395491,0.091969450382,0.072624177284,0.078178189233,0.046371078811,0.0889206676,0.092089332513,0.04378591422,0.046370953752,0.059240092858,0.091918989839,0.010465485626,0.010465485623,0.021152498831,0.092327511148,0.04218786286,0.087298231213,0.079019851327,0.051090295526,0.045910066084,0.086328052265,0.092208100196,0.022620679938,5.2910091076e-05,0.0005806263626,0.00050391577387,0.0034231072692,0.066303264043,0.043513553813,0.08698419335,0.017067325307,0.017067325307,0.021830371704
1160.0,0.022175479218,0.022144835438,0.022144993479,0.022144993479,0.022144993479,0.082908612019,0.09147228746,0.091624816971,0.072523041867,0.078046908012,0.046355102884,0.088696879492,0.091797725426,0.043357353015,0.046354978006,0.05919113842,0.091634836833,0.010286030827,0.010286030824,0.020789818997,0.092012699112,0.04217988524,0.087094164506,0.078561280355,0.051063781392,0.04589503177,0.085905535795,0.091909515702,0.022318664922,5.0758357446e-05,0.00055701371865,0.00048342274599,0.0032839016068,0.065827044473,0.043085977359,0.086566745631,0.016815270254,0.016815270254,0.021507989697
1165.0,0.021878624022,0.021848390393,0.021848546319,0.021848546319,0.021848546319,0.082743908371,0.091195022231,0.09128147484,0.07242204728,0.077915847211,0.04633913246,0.088473654493,0.091507041483,0.04293298618,0.046339007764,0.059142224433,0.091351561986,0.010109652962,0.010109652959,0.02043335671,0.091698960092,0.042171909128,0.08689057471,0.078105369843,0.051037281018,0.045880002379,0.085485086518,0.091611897817,0.022020681227,4.8694129911e-05,0.00053436133779,0.00046376311593,0.0031503567735,0.06535424383,0.042662601533,0.08615130014,0.016566937007,0.016566937007,0.021190367492
1170.0,0.02158574208,0.021555913113,0.021556066952,0.021556066952,0.021556066952,0.082579531908,0.09091859725,0.090939419152,0.072321193327,0.077785006459,0.046323167539,0.088250991187,0.091217277764,0.042512772669,0.046323043024,0.059093350861,0.091069162585,0.0099362992803,0.0099362992776,0.020083005412,0.091386290431,0.042163934525,0.086687460711,0.077652104364,0.051010794397,0.04586497791,0.085066694326,0.091315243414,0.021726675068,4.67138498e-05,0.00051263016909,0.00044490299187,0.003022242584,0.064884837589,0.042243385081,0.085737847282,0.016322270629,0.016322270629,0.020877434843
1175.0,0.021296780228,0.021267350509,0.021267502289,0.021267502289,0.021267502289,0.08241548198,0.090643009972,0.090598645087,0.072220479813,0.077654385388,0.046307208118,0.088028888161,0.090928431357,0.042096671837,0.046307083784,0.059044517673,0.090787635926,0.0097659179377,0.009765917935,0.019738660371,0.091074686489,0.04215596143,0.086484821397,0.077201468581,0.05098432152,0.04584995836,0.084650349164,0.091019549376,0.021436593379,4.4814103166e-05,0.00049178274966,0.00042680986026,0.0028993382122,0.064418801404,0.041828287159,0.085326377511,0.016081216992,0.016081216992,0.020569122538
1180.0,0.021011686014,0.020982650202,0.02098279995,0.02098279995,0.020982799949,0.082251757939,0.09036825786,0.090259147844,0.072119906541,0.077523983628,0.046291254195,0.087807344006,0.090640499359,0.041684643436,0.046291130042,0.058995724835,0.090506979315,0.0095984579772,0.0095984579746,0.019400218649,0.090764144635,0.042147989842,0.086282655661,0.076753447247,0.050957862382,0.04583494373,0.084236041021,0.090724812594,0.021150383798,4.29916149e-05,0.00047178314009,0.00040945252976,0.0027814318103,0.063956111098,0.041417267319,0.084916881328,0.015843722767,0.015843722767,0.020265362387
1185.0,0.020730407688,0.020701760511,0.020701908254,0.020701908254,0.020701908254,0.082088359136,0.090094338384,0.089920922641,0.072019473317,0.077393800812,0.046275305769,0.087586357315,0.090353478878,0.041276647615,0.046275181797,0.058946972312,0.090227190064,0.0094338693156,0.009433869313,0.019067579071,0.090454661252,0.042140019762,0.086080962395,0.0763080252,0.050931416975,0.045819934016,0.08382375994,0.090431029972,0.020867994663,4.1243243082e-05,0.00045259686248,0.00039280107745,0.002668320144,0.063496742672,0.041010285513,0.084509349275,0.015609735413,0.015609735413,0.019966087207
1190.0,0.020452894191,0.020424630448,0.020424776215,0.020424776215,0.020424776214,0.081925284927,0.089821249021,0.089583964712,0.071919179946,0.077263836571,0.046259362837,0.087365926687,0.09006736703,0.04087264491,0.046259239046,0.058898260073,0.089948265493,0.0092721027278,0.0092721027253,0.018740642194,0.090146232736,0.042132051189,0.085879740496,0.075865187369,0.050904985292,0.045804929217,0.083413496008,0.090138198422,0.020589375,3.9565973567e-05,0.00043419084103,0.0003768267973,0.0025598082424,0.063040672296,0.040607302086,0.084103771944,0.015379203163,0.015379203163,0.019671230803
1195.0,0.020179095147,0.020151209709,0.020151353524,0.020151353524,0.020151353524,0.081762534665,0.089548987258,0.089248269311,0.071819026232,0.07713409054,0.046243425398,0.087146050723,0.089782160939,0.040472596244,0.046243301787,0.058849588083,0.089670202932,0.0091131098326,0.0091131098301,0.018419310279,0.089838855492,0.042124084123,0.085678988863,0.075424918768,0.050878567326,0.045789929332,0.083005239364,0.089846314867,0.020314474515,3.7956914789e-05,0.000416533345,0.00036150215063,0.0024557090619,0.062587876311,0.040208277771,0.083700139969,0.015152075013,0.015152075013,0.019380727958
1200.0,0.019908960854,0.019881448658,0.019881590548,0.019881590548,0.019881590548,0.081600107709,0.089277550586,0.088913831708,0.071719011982,0.077004562352,0.046227493449,0.086926728027,0.08949785774,0.040076462922,0.046227370019,0.05880095631,0.089392999719,0.0089568430779,0.0089568430755,0.018103487262,0.089532525941,0.042116118563,0.085478706397,0.074987204501,0.050852163069,0.045774934358,0.082598980194,0.08955537624,0.020043243583,3.6413292774e-05,0.00039959393403,0.00034680071868,0.0023558431641,0.062138331228,0.039813173685,0.083298444029,0.014928300712,0.014928300712,0.020073548128
1205.0,0.019642442274,0.019615298326,0.019615438317,0.019615438317,0.019615438317,0.081438003415,0.089006936507,0.088580647192,0.071619137001,0.07687525164,0.046211566989,0.086707957208,0.089214454575,0.039684206629,0.046211443739,0.058752364721,0.089116653199,0.0088032557267,0.0088032557243,0.017793078724,0.089227240514,0.042108154509,0.085278892002,0.074552029754,0.050825772515,0.045759944295,0.082194708731,0.089265379482,0.019775633241,3.493244636e-05,0.00038334340568,0.00033269715704,0.0022600384066,0.061692013727,0.039421951331,0.082898674848,0.014707830752,0.014707830752,0.019777106729
1210.0,0.019379491026,0.019352710398,0.019352848516,0.019352848516,0.019352848515,0.081276221142,0.088737142528,0.088248711067,0.071519401095,0.076746158041,0.046195646017,0.086489736878,0.088931948597,0.039295789422,0.046195522946,0.058703813281,0.088841160726,0.008652301843,0.0086523018406,0.017487991863,0.088922995656,0.042100191962,0.085079544585,0.074119379803,0.050799395656,0.045744959141,0.081792415256,0.088976321548,0.019511595182,3.3511822606e-05,0.00036775374504,0.00031916715199,0.0021681296465,0.061248900653,0.039034572585,0.082500823195,0.014490616353,0.014490616353,0.019485040622
1215.0,0.019120059374,0.019093637206,0.019093773475,0.019093773475,0.019093773474,0.081114760252,0.088468166166,0.087918018658,0.071419804071,0.07661728119,0.046179730529,0.086272065652,0.088650336968,0.038911173732,0.046179607638,0.058655301958,0.088566519662,0.008503936278,0.0085039362757,0.017188135467,0.088619787821,0.04209223092,0.084880663056,0.073689240006,0.050773032486,0.045729978894,0.081392090099,0.088688199398,0.019251081738,3.2148972397e-05,0.0003527980765,0.00030618737855,0.0020799584555,0.060808969019,0.038650999699,0.082104879883,0.014276609455,0.014276609455,0.01919728689
1220.0,0.018864100224,0.018838031718,0.018838166162,0.018838166162,0.018838166162,0.080953620105,0.088200004944,0.087588565306,0.071320345735,0.076488620723,0.046163820525,0.08605494215,0.088369616856,0.038530322357,0.046163697814,0.058606830719,0.088292727378,0.0083581146571,0.0083581146548,0.016893419888,0.088317613478,0.042084271383,0.084682246324,0.073261595807,0.050746682997,0.045715003553,0.080993723635,0.088401010004,0.018994045879,3.0841546213e-05,0.00033845061736,0.00029373546031,0.0019953728475,0.060372196,0.038271195297,0.081710835767,0.014065762709,0.014065762709,0.018913781886
1225.0,0.018611567107,0.018585847531,0.018585980176,0.018585980176,0.018585980176,0.080792800064,0.087932656392,0.08726034637,0.071221025894,0.076360176276,0.046147916001,0.085838364992,0.088089785443,0.038153198458,0.04614779347,0.058558399531,0.088019781251,0.0082147933658,0.0082147933636,0.016603757011,0.088016469107,0.042076313352,0.084484293306,0.072836432736,0.050720347182,0.045700033115,0.080597306288,0.08811475035,0.018740441203,2.9587290088e-05,0.00032468663345,0.00028178993082,0.0019142270161,0.059938558938,0.037895122367,0.081318681749,0.013858029463,0.013858029463,0.018634462899
1230.0,0.018362414179,0.018337038864,0.018337169733,0.018337169733,0.018337169733,0.080632299494,0.087666118049,0.086933357224,0.071121844356,0.076231947488,0.046132016957,0.085622332805,0.087810839914,0.037779765557,0.046131894605,0.05851000836,0.087747678668,0.0080739295376,0.0080739295354,0.016319060232,0.087716351199,0.042068356825,0.084286802918,0.072413736404,0.050694025034,0.04568506758,0.080202828527,0.087829417425,0.018490221926,2.8384041717e-05,0.00031148239643,0.00027033019661,0.0018363810836,0.059508035334,0.037522744263,0.080928408771,0.013653363753,0.013653363753,0.018359268146
1235.0,0.018116596208,0.018091560547,0.018091689665,0.018091689665,0.018091689664,0.080472117761,0.08740038746,0.086607593263,0.071022800927,0.076103933996,0.046116123391,0.085406844218,0.087532777468,0.037409987533,0.046116001218,0.058461657174,0.087476417024,0.0079354810404,0.0079354810383,0.016039244432,0.087417256258,0.042060401803,0.084089774079,0.071993492506,0.050667716546,0.045670106945,0.079810280868,0.087545008233,0.018243342872,2.7229726731e-05,0.00029881514292,0.00025933650169,0.0017617008601,0.059080602852,0.037154024696,0.080540007821,0.013451720294,0.013451720294,0.018088136752
1240.0,0.017874068568,0.017849368015,0.017849495404,0.017849495404,0.017849495404,0.080312254229,0.087135462178,0.086283049896,0.070923895416,0.075976135438,0.0461002353,0.085191897864,0.087255595311,0.037043828619,0.046100113307,0.058413345939,0.087205993721,0.0077994064646,0.0077994064624,0.015764225948,0.087119180801,0.042052448286,0.08389320571,0.071575686822,0.05064142171,0.04565515121,0.079419653874,0.087261519783,0.01799975947,2.6122355121e-05,0.00028666303527,0.00024878989347,0.0016900576122,0.058656239315,0.036788927734,0.080153469929,0.013253054469,0.013253054469,0.017821008742
1245.0,0.017634787227,0.017610417299,0.017610542983,0.017610542983,0.017610542983,0.080152708269,0.086871339764,0.085959722552,0.070825127631,0.075848551455,0.046084352683,0.084977492378,0.086979290656,0.036681253396,0.046084230868,0.058365074623,0.086936406169,0.00766566511,0.0076656651079,0.015493922552,0.086822121354,0.042044496272,0.083697096737,0.071160305212,0.050615140521,0.045640200372,0.079030938155,0.086978949096,0.017759427743,2.5060017808e-05,0.00027500512389,0.00023867219012,0.001621327841,0.058234922706,0.0364274178,0.079768786168,0.01305732232,0.01305732232,0.017557825024
1250.0,0.017398708745,0.017374665017,0.017374789019,0.017374789019,0.017374789018,0.079993479248,0.086608017786,0.085637606675,0.070726497379,0.075721181686,0.046068475538,0.084763626401,0.086703860727,0.036322226794,0.046068353902,0.058316843192,0.086667651787,0.0075342169744,0.0075342169723,0.015228253423,0.086526074457,0.042036545762,0.083501446085,0.07074733362,0.05058887297,0.04562525443,0.078644124364,0.086697293203,0.0175223043,2.4040883348e-05,0.00026382131113,0.00022896594919,0.0015553930692,0.057816631165,0.036069459663,0.079385947653,0.012864480537,0.012864480537,0.017298527381
1255.0,0.017165790261,0.017142068368,0.01714219071,0.01714219071,0.01714219071,0.079834566537,0.086345493819,0.085316697727,0.070628004469,0.075594025771,0.046052603863,0.084550298575,0.086429302757,0.035966714085,0.046052482405,0.058268651614,0.086399728002,0.007405022741,0.007405022739,0.014967139127,0.086231036661,0.042028596755,0.083306252685,0.070336758068,0.050562619051,0.045610313383,0.078259203201,0.086416549143,0.017288346329,2.3063194782e-05,0.00025309231666,0.0002196544376,0.0014921396376,0.057401342988,0.035715018438,0.079004945543,0.012674486447,0.012674486447,0.017043058449
1260.0,0.016935989489,0.016912585124,0.016912705828,0.016912705828,0.016912705828,0.079675969508,0.086083765445,0.084996991186,0.070529648711,0.075467083351,0.046036737656,0.084337507546,0.086155613986,0.03561468088,0.046036616377,0.058220499855,0.086132632248,0.0072780437671,0.0072780437651,0.014710501589,0.085937004529,0.042020649251,0.083111515469,0.069928564664,0.050536378756,0.045595377228,0.077876165413,0.086136713967,0.017057511587,2.2125266599e-05,0.00024279964423,0.0002107216027,0.0014314585082,0.056989036627,0.035364059585,0.078625771037,0.012487298011,0.012487298011,0.016791361716
1265.0,0.016709264707,0.016686173621,0.016686292709,0.016686292709,0.016686292709,0.079517687534,0.085822830255,0.084678482549,0.070431429912,0.075340354069,0.046020876915,0.084125251965,0.085882791665,0.035266093128,0.046020755814,0.058172387883,0.085866361968,0.0071532420722,0.0071532420703,0.014458264073,0.085643974636,0.04201270325,0.082917233369,0.069522739591,0.050510152079,0.045580445964,0.07749500179,0.085857784732,0.016829758397,2.1225481834e-05,0.00023292554976,0.00020215204471,0.0013732450771,0.05657969069,0.035016548901,0.07824841538,0.012302873807,0.012302873807,0.0165433815
1270.0,0.016485574752,0.016462792752,0.016462910246,0.016462910246,0.016462910246,0.079359719989,0.085562685846,0.084361167327,0.070333347883,0.075213837565,0.046005021638,0.083913530483,0.08561083305,0.03492091711,0.046004900716,0.058124315665,0.08560091461,0.0070305803271,0.0070305803252,0.014210351156,0.085351943567,0.042004758752,0.082723405324,0.069119269116,0.050483939012,0.04556551959,0.077115703168,0.085579758509,0.016605045636,2.0362289283e-05,0.00022345301078,0.00019393099007,0.0013173989939,0.056173283935,0.034672452519,0.077872869854,0.012121173025,0.012121173025,0.016299062941
1275.0,0.01626487901,0.01624240196,0.016242517883,0.016242517883,0.016242517882,0.079202066248,0.085303329821,0.084045041051,0.070235402433,0.075087533484,0.045989171824,0.083702341759,0.085339735411,0.034579119437,0.045989051079,0.058076283168,0.085336287635,0.0069100218422,0.0069100218403,0.01396668871,0.085060907921,0.041996815756,0.082530030273,0.068718139584,0.050457739549,0.045550598103,0.076738260428,0.085302632373,0.016383332729,1.9534200822e-05,0.00021436569707,0.00018604426605,0.0012638239888,0.055769795275,0.034331736905,0.077499125786,0.011942155457,0.011942155457,0.016058351989
1280.0,0.016047137413,0.016024961233,0.016025075603,0.016025075603,0.016025075603,0.079044725688,0.085044759793,0.083730099266,0.070137593372,0.074961441469,0.04597332747,0.083491684451,0.085069496021,0.034240667048,0.045973206903,0.05802829036,0.085072478507,0.006791530557,0.0067915305552,0.013727203875,0.084770864306,0.041988874262,0.082337107157,0.06831933742,0.050431553682,0.045535681503,0.076362664494,0.085026403414,0.016164579645,1.8739788848e-05,0.00020564794252,0.00017847827627,0.0012124277067,0.055369203772,0.033994368852,0.077127174544,0.01176578149,0.01176578149,0.015821195392
1285.0,0.015832310427,0.01581043109,0.015810543929,0.015810543929,0.015810543929,0.078887697688,0.084786973381,0.083416337535,0.070039920509,0.074835561163,0.045957488575,0.083281557223,0.084800112166,0.033905527205,0.045957368186,0.057980337206,0.0848094847,0.006675071029,0.0066750710272,0.01349182504,0.084481809345,0.04198093427,0.082144634921,0.067922849127,0.050405381404,0.045520769788,0.075988906336,0.084751068728,0.015948746883,1.7977683815e-05,0.00019728471811,0.00017121997727,0.001163121548,0.05497148864,0.033660315482,0.076757007536,0.011592012094,0.011592012094,0.015587540681
1290.0,0.015620359047,0.01559877258,0.015598883909,0.015598883909,0.015598883909,0.078730981625,0.084529968211,0.083103751438,0.069942383656,0.074709892212,0.045941655137,0.083071958742,0.084531581138,0.033573667489,0.045941534925,0.057932423676,0.084547303696,0.0065606084234,0.0065606084216,0.013260481822,0.084193739668,0.041972995779,0.081952612511,0.067528661286,0.050379222708,0.045505862955,0.075616976967,0.084476625422,0.015735795471,1.7246571873e-05,0.00018926160599,0.00016425685605,0.0011158205158,0.054576629241,0.033329544238,0.076388616212,0.011420808814,0.011420808814,0.015357336163
1295.0,0.01541124479,0.015389947274,0.015390057113,0.015390057113,0.015390057113,0.078574576881,0.084273741916,0.08279233657,0.069844982623,0.07458443426,0.045925827154,0.082862887677,0.084263900239,0.033245055798,0.045925707119,0.057884549735,0.084285932984,0.0064481085024,0.0064481085006,0.013033105041,0.083906651921,0.041965058789,0.081761038877,0.067136760555,0.050353077587,0.045490961004,0.075246867446,0.08420307061,0.015525686956,1.6545192604e-05,0.00018156477466,0.00015757690846,0.0010704430697,0.054184605083,0.033002022883,0.076021992064,0.011252133765,0.011252133765,0.015130530908
1300.0,0.015204929688,0.015183917256,0.015184025625,0.015184025625,0.015184025625,0.078418482837,0.084018292137,0.082482088545,0.06974771722,0.074459186953,0.045910004624,0.082654342701,0.083997066778,0.032919660348,0.045909884766,0.057836715351,0.084025370061,0.0063375376151,0.0063375376134,0.012809626706,0.083620542758,0.0419571233,0.08156991297,0.066747133672,0.050326946034,0.045476063933,0.074878568872,0.083930401418,0.015318383399,1.5872336847e-05,0.00017418095512,0.00015116861854,0.001026910985,0.053795395825,0.032677719496,0.075657126621,0.01108594962,0.01108594962,0.014907074735
1305.0,0.015001376281,0.014980645117,0.014980752035,0.014980752035,0.014980752035,0.078262698876,0.083763616521,0.08217300299,0.069650587259,0.074334149939,0.045894187544,0.082446322493,0.083731078075,0.032597449661,0.045894067864,0.057788920493,0.083765612433,0.0062288626875,0.0062288626858,0.01258997999,0.083335408846,0.041949189312,0.081379233744,0.066359767449,0.050300828043,0.045461171741,0.074512072391,0.08365861498,0.015113847366,1.5226844616e-05,0.00016709741796,0.00014502093864,0.00098514921802,0.053408981267,0.03235660247,0.075294011457,0.010922219602,0.010922219602,0.014686918207
1310.0,0.014800547608,0.01478009395,0.014780199436,0.014780199436,0.014780199436,0.078107224382,0.083509712723,0.081865075551,0.069553592552,0.074209322863,0.045878375914,0.08223882573,0.083465931456,0.03227839257,0.045878256411,0.057741165126,0.083506657611,0.0061220512127,0.006122051211,0.01237409921,0.083051246863,0.041941256824,0.081189000156,0.065974648775,0.050274723605,0.045446284425,0.07414736919,0.083387708439,0.014912041921,1.4607603098e-05,0.00016030195145,0.00013912327041,0.00094508577663,0.053025341358,0.032038640508,0.074932638184,0.010760907478,0.010760907478,0.014470012613
1315.0,0.014602407206,0.014582227338,0.014582331413,0.014582331413,0.014582331413,0.07795205874,0.083256578405,0.08155830189,0.06945673291,0.074084705373,0.045862569732,0.082031851098,0.083201624256,0.031962458212,0.045862450405,0.057693449218,0.083248503115,0.0060170712407,0.0060170712391,0.012161919809,0.082768053498,0.041933325836,0.080999211165,0.065591764618,0.050248632715,0.045431401984,0.0737844505,0.083117678949,0.014712930623,1.4013544736e-05,0.00015378284047,0.00013346544647,0.00090665159627,0.052644456187,0.031723802619,0.074572998453,0.010601977549,0.010601977549,0.014256309962
1320.0,0.014406919097,0.014387009356,0.014387112038,0.014387112038,0.014387112038,0.077797201336,0.083004211236,0.081252677684,0.069360008145,0.073960297119,0.045846768995,0.081825397281,0.082938153819,0.031649616026,0.045846649845,0.057645772737,0.082991146474,0.0059138913695,0.0059138913679,0.011953378337,0.082485825452,0.041925396347,0.080809865732,0.065211102016,0.050222555364,0.045416524417,0.073423307595,0.082848523671,0.014516477516,1.3443645388e-05,0.00014752884634,0.00012803771296,0.00086978042089,0.052266305989,0.031412058119,0.074215083958,0.010445394643,0.010445394643,0.01404576297
1325.0,0.014214047785,0.014194404556,0.014194505863,0.014194505863,0.014194505863,0.077642651559,0.082752608892,0.080948198628,0.069263418069,0.073836097747,0.045830973702,0.081619462971,0.082675517498,0.031339835751,0.045830854728,0.05759813565,0.082734585223,0.0058124807354,0.0058124807338,0.01174841243,0.082204559437,0.041917468358,0.080620962821,0.064832648087,0.050196491546,0.045401651721,0.073063931791,0.082580239776,0.014322647123,1.2896922563e-05,0.0001415291874,0.00012283071265,0.00083440868872,0.051890871138,0.031103376622,0.073858886431,0.010291124107,0.010291124107,0.013838325054
1330.0,0.01402375825,0.014004377966,0.014004477917,0.014004477917,0.014004477917,0.077488408798,0.082501769056,0.080644860431,0.069166962495,0.073712106909,0.04581518385,0.08141404686,0.082413712653,0.031033087421,0.045815065052,0.057550537925,0.082478816905,0.0057128090035,0.005712809002,0.011546960795,0.081924252176,0.041909541868,0.080432501398,0.064456390022,0.050170441254,0.045386783896,0.072706314447,0.082312824445,0.014131404442,1.2372433722e-05,0.00013577352047,0.00011783546887,0.00080047542274,0.05151813215,0.030797728043,0.073504397642,0.010139131799,0.010139131799,0.013633950314
1335.0,0.013836015939,0.01381689508,0.013816993693,0.013816993693,0.013816993693,0.077334472442,0.082251689417,0.08034265882,0.069070641235,0.073588324253,0.045799399438,0.081209147644,0.082152736653,0.030729341363,0.045799280817,0.057502979528,0.082223839071,0.0056148463593,0.0056148463577,0.011348963186,0.081644900402,0.041901616877,0.080244480432,0.064082315084,0.050144404481,0.04537192094,0.072350446963,0.082046274867,0.013942714935,1.1869274661e-05,0.000130251923,0.00011304336999,0.00076792212559,0.05114806968,0.03049508259,0.073151609404,0.0099893840828,0.0099893840828,0.013432593529
1340.0,0.013650786762,0.013631921856,0.013632019149,0.013632019149,0.013632019149,0.077180841883,0.082002367674,0.080041589537,0.068974454102,0.073464749431,0.045783620464,0.081004764025,0.081892586875,0.030428568196,0.045783502019,0.057455460429,0.081969649278,0.005518563499,0.0055185634975,0.011154360393,0.081366500861,0.041893693385,0.080056898893,0.063710410614,0.05011838122,0.045357062851,0.071996320783,0.08178058824,0.013756544527,1.1386577945e-05,0.00012495487595,0.0001084461546,0.00073669267868,0.050780664522,0.030195410765,0.072800513565,0.0098418478163,0.0098418478163,0.013234210147
1345.0,0.013468037084,0.013449424707,0.013449520697,0.013449520697,0.013449520697,0.077027516513,0.08175380153,0.07974164834,0.06887840091,0.073341382094,0.045767846927,0.080800894704,0.081633260705,0.030130738824,0.045767728657,0.057407980593,0.081716245093,0.0054239316216,0.0054239316201,0.010963094217,0.08108905031,0.041885771391,0.079869755756,0.063340664022,0.050092371464,0.045342209627,0.07164392739,0.081515761772,0.013572859597,1.0923511417e-05,0.00011987324742,0.00010403589726,0.00070673324555,0.050415897608,0.02989868336,0.072451102016,0.0096964903478,0.0096964903478,0.01303875627
1350.0,0.013287733721,0.013269370492,0.013269465198,0.013269465198,0.013269465198,0.076874495727,0.081505988695,0.079442831003,0.068782481473,0.073218221892,0.045752078824,0.080597538387,0.081374755536,0.029835824438,0.045751960729,0.057360539989,0.081463624088,0.0053309224195,0.0053309224181,0.01077510746,0.080812545515,0.041877850895,0.079683049996,0.062973062795,0.050066375205,0.045327361267,0.071293258312,0.081251792679,0.013391626971,1.0479276762e-05,0.00011499827684,9.9804994838e-05,0.00067799217899,0.050053750006,0.029604871453,0.072103366684,0.0095532795071,0.0095532795071,0.012846188651
1355.0,0.013109843933,0.013091726519,0.013091819957,0.013091819957,0.013091819957,0.076721778918,0.081258926889,0.079145133316,0.068686695603,0.073095268479,0.045736316153,0.080394693785,0.081117068771,0.02954379651,0.045736198234,0.057313138585,0.081211783845,0.0052395080705,0.0052395080691,0.010590343903,0.080536983255,0.041869931896,0.079496780592,0.06260759449,0.050040392437,0.04531251777,0.070944305116,0.080988678188,0.01321281392,1.005310813e-05,0.00011032155994,9.5746153399e-05,0.00065041993208,0.049694202919,0.029313946404,0.071757299535,0.0094121835991,0.0094121835991,0.012656464679
1360.0,0.012934335418,0.012916460528,0.012916552715,0.012916552715,0.012916552715,0.076569365484,0.081012613835,0.078848551084,0.068591043115,0.072972521508,0.045720558912,0.080192359611,0.08086019782,0.029254626791,0.045720441169,0.057265776347,0.080960721952,0.0051496612294,0.005149661228,0.010408748288,0.080262360319,0.041862014395,0.079310946523,0.062244246736,0.050014423153,0.045297679133,0.070597059411,0.080726415532,0.013036388151,9.6442708173e-06,0.00010583503423,9.1852375633e-05,0.00062396897273,0.049337237686,0.029025879858,0.071412892575,0.0092731713963,0.0092731713963,0.012469542371
1365.0,0.012761176306,0.012743540694,0.012743631647,0.012743631647,0.012743631647,0.076417254822,0.080767047265,0.078553080129,0.068495523824,0.072849980632,0.0457048071,0.079990534579,0.080604140101,0.028968287308,0.045704689532,0.057218453244,0.080710436004,0.0050613550197,0.0050613550183,0.010230266307,0.079988673507,0.041854098392,0.079125546774,0.061883007235,0.049988467346,0.045282845356,0.070251512847,0.080465001955,0.012862317799,9.2520599974e-06,0.00010153096509,8.8116948797e-05,0.00059859370181,0.048982835779,0.028740643736,0.071070137847,0.0091362121322,0.0091362121322,0.012285380367
1370.0,0.012590335152,0.012572935616,0.012573025351,0.012573025351,0.012573025351,0.07626544633,0.080522224918,0.078258716287,0.068400137543,0.072727645505,0.045689060715,0.07978921741,0.08034889304,0.028684750363,0.045688943322,0.057171169243,0.080460923604,0.0049745630256,0.0049745630243,0.010054844582,0.079715919631,0.041846183885,0.078940580328,0.061523863759,0.049962525009,0.045268016436,0.069907657114,0.080204434709,0.012690571427,8.8757995088e-06,9.7401932444e-05,8.4533433135e-05,0.0005742503745,0.048630978805,0.028458210234,0.070729027431,0.0090012754943,0.0090012754943,0.012103937914
1375.0,0.012421780934,0.012404614314,0.012404702849,0.012404702849,0.012404702848,0.076113939408,0.080278144539,0.077965455412,0.068304884088,0.072605515781,0.045673319755,0.079588406825,0.080094454074,0.028403988528,0.045673202537,0.057123924311,0.080212182363,0.0048892592844,0.0048892592831,0.0098824306493,0.079444095513,0.041838270874,0.078756046175,0.061166804153,0.049936596135,0.045253192372,0.069565483943,0.079944711056,0.012521118017,8.5148406873e-06,9.3440817981e-05,8.109565078e-05,0.0005508970249,0.048281648498,0.028178551823,0.070389553448,0.0088683316177,0.0088683316177,0.011925174861
1380.0,0.012255483044,0.012238546223,0.012238633572,0.012238633572,0.012238633572,0.075962733458,0.080034803881,0.077673293371,0.068209763273,0.072483591117,0.045657584218,0.079388101552,0.079840820644,0.028125974644,0.045657467175,0.057076718418,0.079964209899,0.0048054182783,0.004805418277,0.0097129729449,0.079173197985,0.04183035936,0.078571943304,0.060811816329,0.049910680716,0.045238373162,0.069224985107,0.079685828266,0.012353926964,8.1685612489e-06,8.964079287e-05,7.7797675106e-05,0.00052849339369,0.047934826727,0.027901641243,0.070051708053,0.0087373510781,0.0087373510781,0.011749051652
1385.0,0.012091411283,0.012074701185,0.012074787365,0.012074787365,0.012074787365,0.07581182788,0.079792200702,0.077382226048,0.068114774915,0.072361871167,0.045641854102,0.079188300317,0.079587990201,0.027850681818,0.045641737233,0.05702955153,0.079717003836,0.0047230149271,0.0047230149258,0.009546420788,0.07890322389,0.041822449342,0.078388270708,0.060458888272,0.049884778747,0.045223558806,0.068886152417,0.079427783617,0.012188968072,7.8363642162e-06,8.599530599e-05,7.4633820504e-05,0.00050700085875,0.047590495491,0.027627451501,0.069715483442,0.0086083048857,0.0086083048857,0.011575529311
1390.0,0.011929535857,0.011913049448,0.011913134474,0.011913134474,0.011913134474,0.075661222079,0.079550332769,0.077092249341,0.068019918828,0.072240355588,0.045626129406,0.078989001854,0.079335960204,0.027578083418,0.045626012711,0.056982423615,0.079470561808,0.0046420245803,0.004642024579,0.0093827243669,0.078634170084,0.04181454082,0.078205027381,0.060108008036,0.049858890219,0.0452087493,0.068548977724,0.079170574398,0.012026211546,7.5176768893e-06,8.2498072641e-05,7.1598632587e-05,0.00048638236857,0.047248636915,0.027355955872,0.069380871846,0.0084811644785,0.0084811644785,0.011404569439
1395.0,0.011769827369,0.011753561655,0.011753645543,0.011753645543,0.011753645543,0.075510915459,0.079309197853,0.076803359166,0.067925194828,0.072119044037,0.045610410127,0.078790204898,0.079084728121,0.027308153075,0.045610293606,0.056935334641,0.079224881454,0.0045624230102,0.004562423009,0.0092218347231,0.07836603343,0.041806633793,0.07802221232,0.059759163743,0.049833015126,0.045193944644,0.068213452921,0.078914197904,0.011865627991,7.2119498592e-06,7.9143063703e-05,6.8686878785e-05,0.00046660237838,0.046909233255,0.02708712789,0.069047865533,0.0083559017161,0.0083559017161,0.011236134204
1400.0,0.011612256818,0.011596208845,0.01159629161,0.01159629161,0.01159629161,0.075360907426,0.079068793735,0.076515551452,0.067830602732,0.071997936172,0.045594696263,0.078591908187,0.078834291426,0.027040864678,0.045594579917,0.056888284575,0.078979960421,0.0044841864046,0.0044841864034,0.0090637037377,0.078098810805,0.041798728262,0.077839824526,0.059412343585,0.049807153461,0.045179144837,0.067879569938,0.078658651442,0.011707188402,6.9186560597e-06,7.5924495245e-05,6.5893539323e-05,0.00044762678889,0.046572266892,0.02682094135,0.06871645681,0.0082324888735,0.0082324888735,0.011070186333
1405.0,0.011456795589,0.011440962443,0.0114410441,0.0114410441,0.0114410441,0.075211197386,0.078829118199,0.076228822143,0.067736142356,0.071877031651,0.045578987813,0.078394110463,0.078584647603,0.02677619237,0.045578871641,0.056841273387,0.078735796364,0.0044072913593,0.0044072913581,0.0089082841162,0.077832499096,0.041790824225,0.077657862999,0.059067535822,0.049781305217,0.045164349875,0.067547320746,0.078403932324,0.011550864164,6.6372898594e-06,7.2836818556e-05,6.3213798567e-05,0.00042942288749,0.046237720335,0.026557370305,0.06838663802,0.008110898635,0.008110898635,0.0109066891
1410.0,0.011303415449,0.011287794255,0.011287874819,0.011287874819,0.011287874819,0.075061784748,0.07859016904,0.075943167199,0.067641813516,0.071756330131,0.045563284775,0.07819681047,0.078335794141,0.026514110548,0.045563168777,0.056794301043,0.078492386943,0.0043317148715,0.0043317148703,0.0087555293749,0.077567095197,0.041782921683,0.077476326745,0.058724728782,0.049755470387,0.045149559759,0.067216697356,0.078150037874,0.011396627039,6.3673661897e-06,6.9874710577e-05,6.0643036724e-05,0.00041195929187,0.045905576217,0.026296389062,0.06805840154,0.007991104088,0.007991104088,0.010745606324
1415.0,0.011152088546,0.011136676466,0.011136755952,0.011136755952,0.011136755952,0.074912668921,0.078351944056,0.075658582596,0.06754761603,0.071635831274,0.045547587147,0.078000006957,0.078087728541,0.02625459386,0.045547471322,0.056747367511,0.078249729829,0.0042574343325,0.0042574343313,0.0086053938266,0.077302596018,0.041775020635,0.077295214769,0.058383910861,0.049729648965,0.045134774486,0.066887691815,0.077896965424,0.01124444917,6.1084197087e-06,6.7033064723e-05,5.8176821877e-05,0.00039520589595,0.045575817298,0.02603797218,0.067731739788,0.0078730787172,0.0078730787172,0.010586902357
1420.0,0.011002787398,0.010987581634,0.010987660055,0.010987660055,0.010987660055,0.074763849315,0.078114441053,0.075375064325,0.067453549714,0.071515534738,0.045531894927,0.077803698674,0.077840448309,0.0259976172,0.045531779276,0.05670047276,0.078007822697,0.0041844275216,0.0041844275204,0.0084578325673,0.077038998477,0.041767121081,0.077114526081,0.058045070522,0.049703840942,0.045119994054,0.066560296212,0.077644712312,0.01109430307,5.8600039988e-06,6.4306982083e-05,5.5810902343e-05,0.00037913381794,0.045248426458,0.025782094469,0.067406645216,0.0077567963988,0.0077567963988,0.010430542076
1425.0,0.01085548489,0.010840482681,0.010840560052,0.010840560052,0.010840560052,0.074615325343,0.077877657844,0.07509260839,0.067359614386,0.071395440184,0.045516208114,0.077607884376,0.07759395096,0.02574315571,0.045516092636,0.056653616757,0.077766663229,0.0041126725987,0.0041126725976,0.0083128014628,0.0767762995,0.041759223021,0.076934259691,0.057708196295,0.049678046312,0.045105218463,0.066234502672,0.077393275887,0.010946161618,5.6216907974e-06,6.1691762972e-05,5.3541199347e-05,0.00036371535058,0.044923386702,0.025528730985,0.067083110311,0.0076422313945,0.0076422313945,0.010276490879
1430.0,0.010710154274,0.010695352894,0.01069542923,0.01069542923,0.01069542923,0.074467096415,0.077641592249,0.074811210811,0.067265809863,0.071275547273,0.045500526704,0.07741256282,0.077348234016,0.025491184774,0.0455004114,0.05660679947,0.077526249117,0.0040421480983,0.0040421480973,0.0081702571351,0.076514496028,0.041751326455,0.076754414613,0.057373276776,0.049652265069,0.04509044771,0.065910303362,0.077142653507,0.010799998057,5.3930692581e-06,5.918289883e-05,5.1363799985e-05,0.00034892391336,0.044600681157,0.02527785703,0.066761127597,0.0075293583461,0.0075293583461,0.010124714671
1435.0,0.010566769155,0.010552165917,0.010552241231,0.010552241231,0.010552241231,0.074319161948,0.077406242093,0.074530867623,0.067172135963,0.071155855666,0.045484850697,0.077217732767,0.077103295008,0.025241680017,0.045484735566,0.056560020868,0.077286578058,0.0039728329231,0.003972832922,0.0080301569497,0.07625358501,0.041743431381,0.076574989863,0.057040300628,0.049626497205,0.045075681794,0.065587690483,0.076892842537,0.010655785984,5.1737452429e-06,5.6776064449e-05,4.9274950483e-05,0.00033473400672,0.044280293069,0.025029448148,0.066440689635,0.0074181522695,0.0074181522695,0.0099751798645
1440.0,0.010425303494,0.010410895746,0.010410970051,0.010410970051,0.010410970051,0.074171521355,0.07717160521,0.074251574878,0.067078592505,0.071036365025,0.045469180091,0.077023392979,0.076859131474,0.024994617304,0.045469065133,0.056513280918,0.077047647757,0.0039047063371,0.003904706336,0.0078924590032,0.075993563405,0.041735537801,0.076395984459,0.056709256578,0.049600742713,0.045060920713,0.065266656278,0.076643840351,0.010513499351,4.9633406425e-06,5.4467110516e-05,4.7271049724e-05,0.00032112116808,0.043962205807,0.024783480123,0.066121789019,0.0073085885496,0.0073085885496,0.0098278533639
1445.0,0.010285731599,0.010271516724,0.010271590035,0.010271590035,0.010271590035,0.074024174054,0.076937679437,0.073973328638,0.066985179307,0.070917075014,0.045453514884,0.076829542225,0.076615740959,0.024749972733,0.045453400098,0.056466579589,0.076809455924,0.0038377479601,0.003837747959,0.00775712211,0.075734428184,0.041727645713,0.07621739742,0.05638013342,0.049575001586,0.045046164467,0.064947193025,0.076395644332,0.010373112456,4.7614927242e-06,5.2252056462e-05,4.534864304e-05,0.00030806192966,0.043646402856,0.024539928976,0.065804418382,0.0072006429346,0.0072006429346,0.0096827025641
1450.0,0.010148028124,0.010134003541,0.01013407587,0.01013407587,0.01013407587,0.07387711946,0.076704462621,0.073696124985,0.066891896187,0.070797985295,0.045437855074,0.076636179273,0.076373121018,0.024507722639,0.04543774046,0.056419916848,0.07657200028,0.0037719377611,0.0037719377601,0.0076241057909,0.075476176326,0.041719755118,0.07603922777,0.056052920013,0.049549273818,0.045031413052,0.064629293041,0.076148251871,0.010234599941,4.5678535072e-06,5.0127083597e-05,4.3504416254e-05,0.00029553377807,0.043332867822,0.024298770966,0.065488570388,0.0070942915307,0.0070942915307,0.0095396953407
1455.0,0.010012168059,0.0099983312207,0.0099984025822,0.0099984025822,0.0099984025821,0.073730356993,0.076471952613,0.073419960012,0.066798742965,0.070679095532,0.045422200658,0.076443302897,0.076131269212,0.024267843588,0.045422086218,0.056373292664,0.076335278549,0.0037072560529,0.0037072560519,0.0074933702601,0.075218804823,0.041711866014,0.075861474534,0.05572760528,0.049523559402,0.045016666468,0.06431294868,0.075901660368,0.010097936785,4.3820891619e-06,4.8088528528e-05,4.1735189973e-05,0.00028351511543,0.043021584427,0.024059982582,0.065174237739,0.0069895107969,0.0069895107969,0.0093988000435
1460.0,0.0098781267314,0.0098644751248,0.009864545531,0.009864545531,0.0098645455309,0.073583886074,0.076240147274,0.073144829827,0.066705719458,0.07056040539,0.045406551636,0.076250911872,0.07589018311,0.024030312373,0.045406437368,0.056326707004,0.076099288464,0.0036436834854,0.0036436834844,0.007364876414,0.074962310675,0.041703978403,0.075684136738,0.055404178207,0.04949785833,0.045001924713,0.063998152334,0.07565586723,0.0099630983014,4.2038794352e-06,4.6132876844e-05,4.0037914097e-05,0.0002719852222,0.04271253651,0.023823540546,0.064861413171,0.0068862775397,0.0068862775397,0.0092599854894
1465.0,0.0097458797973,0.0097324109431,0.0097324804068,0.0097324804068,0.0097324804067,0.073437706121,0.076009044466,0.072870730554,0.066612825488,0.070441914533,0.045390908006,0.076059004978,0.075649860289,0.023795106017,0.045390793909,0.056280159838,0.075864027765,0.0035812010405,0.0035812010395,0.0072385858194,0.074706690893,0.041696092283,0.075507213412,0.055082627847,0.049472170596,0.044987187785,0.063684896433,0.075410869875,0.0098300601337,4.0329170975e-06,4.4256757057e-05,3.8409662571e-05,0.00026092422144,0.042405708027,0.023589421808,0.064550089456,0.0067845689078,0.0067845689079,0.0091232209557
1470.0,0.0096154032387,0.0096021146909,0.0096021832246,0.0096021832246,0.0096021832246,0.073291816558,0.075778642063,0.072597658332,0.066520060873,0.070323622627,0.045375269764,0.075867580997,0.075410298334,0.023562201767,0.04537515584,0.056233651133,0.075629494199,0.0035197900261,0.0035197900251,0.0071144607017,0.074451942499,0.041688207654,0.075330703589,0.054762943312,0.049446496192,0.044972455684,0.063373173441,0.075166665725,0.0096987982495,3.8689074141e-06,4.2456934788e-05,3.6847628332e-05,0.00025031304453,0.042101083047,0.023357603544,0.064240259398,0.0066843623877,0.0066843623877,0.0089884761729
1475.0,0.0094866733594,0.0094735627044,0.0094736303207,0.0094736303207,0.0094736303206,0.073146216808,0.075548937943,0.072325609312,0.066427425434,0.070205529338,0.045359636911,0.075676638713,0.075171494836,0.023331577091,0.045359523158,0.056187180857,0.075395685519,0.0034594320705,0.0034594320696,0.0069924639338,0.074198062523,0.041680324516,0.075154606301,0.054445113781,0.049420835112,0.044957728406,0.063062975862,0.074923252215,0.0095692889375,3.711567636e-06,4.0730307193e-05,3.5349118477e-05,0.00024013339833,0.041798645756,0.023128063155,0.063931915838,0.0065856357977,0.0065856357977,0.0088557213185
1480.0,0.0093596667798,0.0093467316367,0.0093467983478,0.0093467983478,0.0093467983477,0.073000906295,0.075319929989,0.072054579662,0.06633491899,0.070087634332,0.045344009443,0.075486176916,0.074933447396,0.023103209679,0.045343895862,0.056140748979,0.075162599487,0.0034001091172,0.0034001091163,0.006872559025,0.073945048007,0.041672442869,0.074978920585,0.054129128494,0.049395187349,0.044943005952,0.062754296234,0.074680626787,0.0094415088027,3.5606265131e-06,3.9073897614e-05,3.3911549615e-05,0.00023036773362,0.04149838045,0.022900778262,0.063625051649,0.0064883672841,0.0064883672841,0.0087249270102
1485.0,0.0092343604336,0.009221598453,0.009221664271,0.0092216642711,0.009221664271,0.072855884444,0.075091616092,0.071784565561,0.066242541362,0.069969937278,0.045328387359,0.075296194395,0.07469615362,0.02287707744,0.04532827395,0.056094355467,0.074930233869,0.0033418034191,0.0033418034182,0.0067547101102,0.073692896004,0.041664562712,0.074803645479,0.053814976754,0.049369552896,0.044928288318,0.062447127135,0.074438786888,0.0093154347621,3.4158238267e-06,3.7484850446e-05,3.2532443415e-05,0.00022099921483,0.041200271539,0.022675726708,0.063319659741,0.0063925353154,0.0063925353154,0.0085960642992
1490.0,0.0091107315628,0.009098140427,0.0090982053639,0.0090982053639,0.0090982053638,0.072711150682,0.07486399415,0.071515563207,0.066150292371,0.069852437841,0.045312770658,0.075106689947,0.074459611125,0.022653158498,0.04531265742,0.056048000289,0.074698586441,0.0032844975334,0.0032844975325,0.0066388819392,0.073441603573,0.041656684045,0.074628780025,0.053502647926,0.049343931746,0.044913575504,0.062141461175,0.074197729978,0.0091910440411,3.2769099402e-06,3.5960426216e-05,3.1209422335e-05,0.00021201169109,0.040904303547,0.022452886553,0.063015733055,0.0062981186782,0.0062981186782,0.0084691046641
1495.0,0.0089887577141,0.0089763351363,0.0089763992039,0.0089763992039,0.0089763992038,0.072566704437,0.074637062067,0.071247568808,0.066058171837,0.069735135692,0.045297159336,0.074917662367,0.074223817531,0.022431431191,0.045297046269,0.056001683414,0.074467654983,0.0032281743164,0.0032281743156,0.0065250398657,0.073191167787,0.041648806868,0.074454323264,0.053192131435,0.049318323893,0.044898867508,0.061837291003,0.073957453522,0.0090683141685,3.1436453695e-06,3.4497996856e-05,2.9940205522e-05,0.0002033896683,0.040610461105,0.02223223607,0.062713264568,0.0062050964722,0.0062050964722,0.0083440200047
1500.0,0.0088684167348,0.0088561604586,0.0088562236686,0.0088562236686,0.0088562236685,0.072422545137,0.074410817753,0.070980578588,0.065966179582,0.069618030498,0.045281553393,0.074729110457,0.07398877047,0.02221187407,0.045281440497,0.05595540481,0.074237437283,0.0031728169183,0.0031728169175,0.0064131498376,0.072941585728,0.041640931181,0.074280274243,0.052883416769,0.049292729328,0.044884164328,0.061534609303,0.073717954995,0.0089472229734,3.0158003695e-06,3.3095041177e-05,2.872260488e-05,0.00019511828248,0.040318728958,0.02201375375,0.062412247288,0.0061134481058,0.0061134481058,0.0082207826352
1505.0,0.0087496867682,0.0087375945679,0.0087376569316,0.0087376569316,0.0087376569316,0.072278672214,0.074185259122,0.070714588786,0.065874315426,0.06950112193,0.045265952827,0.07454103302,0.073754467579,0.021994465895,0.045265840102,0.055909164445,0.074007931137,0.0031184087783,0.0031184087774,0.0063031783864,0.072692854487,0.041633056983,0.074106632009,0.052576493477,0.049267148046,0.044869465963,0.061233408795,0.073479231878,0.0088277485805,2.8931545386e-06,3.1749140523e-05,2.7554521297e-05,0.00018718327412,0.040029091958,0.021797418291,0.06211267426,0.0060231532912,0.0060231532912,0.0080993652787
1510.0,0.0086325462506,0.0086206159298,0.0086206774587,0.0086206774587,0.0086206774586,0.072135085097,0.0739603841,0.070449595653,0.065782579193,0.069384409656,0.045250357635,0.074353428862,0.073520906502,0.021779185634,0.045250245081,0.055862962287,0.073779134345,0.0030649336193,0.0030649336185,0.0061950926174,0.072444971164,0.041625184274,0.073933395611,0.052271351168,0.04924158004,0.044854772412,0.060933682234,0.073241281664,0.0087098694065,2.7754964381e-06,3.0457974595e-05,2.6433941028e-05,0.00017957096359,0.039741535065,0.021583208602,0.061814538559,0.0059341920402,0.0059341920402,0.007979741061
1515.0,0.0085169739066,0.0085052032985,0.0085052640037,0.0085052640037,0.0085052640036,0.071991783219,0.073736190613,0.070185595455,0.065690970703,0.069267893347,0.045234767816,0.074166296793,0.073288084892,0.02156601246,0.045234655432,0.055816798306,0.073551044718,0.0030123754435,0.0030123754427,0.0060888601997,0.072197932872,0.041617313053,0.073760564102,0.051967979511,0.049216025302,0.044840083672,0.06063542241,0.073004101849,0.0085935641561,2.6626232283e-06,2.9219317458e-05,2.5358932221e-05,0.0001722682276,0.03945604335,0.021371103799,0.061517833295,0.0058465446598,0.0058465446598,0.0078618835044
1520.0,0.0084029487455,0.0083913357123,0.0083913956048,0.0083913956048,0.0083913956047,0.071848766013,0.073512676598,0.069922584474,0.065599489778,0.069151572676,0.045219183367,0.073979635624,0.073056000409,0.021354925752,0.045219071155,0.05577067247,0.07332366007,0.0029607185274,0.0029607185266,0.0059844493566,0.071951736732,0.041609443321,0.073588136534,0.051666368236,0.049190483826,0.044825399742,0.060338622151,0.072767689942,0.0084788118181,2.5543403185e-06,2.80310337e-05,2.4327641589e-05,0.00016526247653,0.039172601987,0.021161083204,0.06122255161,0.0057601917476,0.0057601917476,0.0077457665222
1525.0,0.0082904500574,0.0082789924899,0.0082790515806,0.0082790515806,0.0082790515806,0.071706032915,0.073289839996,0.069660559001,0.065508136242,0.069035447312,0.045203604288,0.073793444172,0.07282465072,0.021145905089,0.045203492246,0.055724584747,0.073096978223,0.0029099474169,0.0029099474161,0.0058818288563,0.071706379873,0.041601575077,0.073416111965,0.05136650713,0.049164955604,0.044810720621,0.060043274316,0.072532043456,0.0083655916617,2.4504610314e-06,2.689107475e-05,2.3338291213e-05,0.00015854163273,0.03889119626,0.020953126339,0.06092868668,0.0056751141877,0.0056751141877,0.0076313644127
1530.0,0.0081794574099,0.0081681532271,0.0081682115267,0.0081682115268,0.0081682115267,0.071563583359,0.073067678754,0.069399515347,0.065416909916,0.068919516929,0.045188030577,0.073607721255,0.0725940335,0.020938930251,0.045187918704,0.055678535105,0.072870997007,0.002860046923,0.0028600469222,0.0057809680022,0.071461859438,0.041593708321,0.073244489454,0.051068386043,0.049139440631,0.044796046306,0.059749371803,0.072297159915,0.008253883233,2.3508062817e-06,2.579747535e-05,2.238917548e-05,0.00015209410976,0.038611811556,0.020747212931,0.060636231714,0.0055912931464,0.0055912931465,0.0075186518538
1535.0,0.0080699506437,0.0080587977924,0.0080588553116,0.0080588553116,0.0080588553115,0.071421416783,0.072846190827,0.069139449832,0.065325810624,0.068803781198,0.04517246223,0.073422465693,0.072364146431,0.020733981215,0.045172350528,0.055632523514,0.072645714255,0.0028110021172,0.0028110021164,0.0056818366241,0.071218172575,0.041585843052,0.07307326806,0.05077199488,0.049113938898,0.044781376797,0.059456907541,0.072063036849,0.0081436663506,2.2552042669e-06,2.4748350161e-05,2.1478658138e-05,0.00014590879232,0.038334433369,0.020543322904,0.06034517995,0.0055087100683,0.0055087100683,0.0074076038968
1540.0,0.0079619098694,0.007950906324,0.0079509630731,0.0079509630731,0.0079509630731,0.071279532624,0.072625374174,0.068880358792,0.065234838189,0.068688239794,0.045156899248,0.073237676312,0.072134987201,0.020531038153,0.045156787715,0.055586549942,0.072421127811,0.0027627983267,0.002762798326,0.0055844050688,0.070975316446,0.041577979271,0.072902446846,0.050477323607,0.0490884504,0.044766712092,0.059165874495,0.071829671798,0.0080349211028,2.1634901713e-06,2.374189052e-05,2.0605169478e-05,0.00013997501716,0.038059047294,0.020341436379,0.060055524662,0.0054273466716,0.0054273466716,0.0072981959616
1545.0,0.0078553154637,0.0078444592256,0.0078445152151,0.0078445152151,0.007844515215,0.071137930321,0.072405226761,0.068622238576,0.065143992433,0.06857289239,0.045141341627,0.073053351939,0.071906553508,0.020330081434,0.045141230264,0.055540614356,0.072197235524,0.0027154211306,0.0027154211299,0.0054886441917,0.07073328822,0.041570116977,0.072732024878,0.050184362248,0.049062975129,0.044752052189,0.058876265666,0.071597062308,0.0079276278436,2.0755058821e-06,2.2776361316e-05,1.9767203628e-05,0.00013428255468,0.037785639033,0.020141533672,0.059767259156,0.0053471849446,0.0053471849446,0.007190403831
1550.0,0.007750148066,0.0077394371634,0.0077394924034,0.0077394924034,0.0077394924033,0.070996609314,0.072185746562,0.068365085547,0.065053273182,0.06845773866,0.045125789366,0.072869491403,0.071678843055,0.020131091616,0.045125678173,0.055494716727,0.071974035249,0.002668856355,0.0026688563543,0.0053945253475,0.070492085075,0.041562256169,0.072562001224,0.049893100883,0.049037513079,0.044737397086,0.058588074087,0.071365205934,0.0078217671888,1.9910997163e-06,2.1850098001e-05,1.8963315957e-05,0.00012882159129,0.037514194387,0.019943595294,0.059480376768,0.0052682071415,0.0052682071415,0.007084203645
1555.0,0.0076463885748,0.0076358210623,0.0076358755627,0.0076358755627,0.0076358755627,0.070855569045,0.071966931554,0.068108896082,0.064962680257,0.06834277828,0.045110242463,0.072686093539,0.071451853553,0.01993404945,0.045110131439,0.055448857022,0.071751524848,0.0026230900692,0.0026230900685,0.0053020203822,0.070251704202,0.041554396848,0.072392374951,0.049603529652,0.049012064242,0.044722746783,0.058301292826,0.071134100239,0.0077173200134,1.9101261598e-06,2.0961503722e-05,1.8192120581e-05,0.00012358271249,0.03724469926,0.019747601946,0.059194870867,0.0051903957786,0.0051903957786,0.0069795718962
1560.0,0.0075440181442,0.0075335921024,0.0075336458732,0.0075336458732,0.0075336458731,0.070714808957,0.071748779722,0.067853666571,0.064872213485,0.068228010925,0.045094700916,0.072503157181,0.071225582721,0.019738935872,0.045094590061,0.055403035211,0.071529702189,0.0025781085812,0.0025781085805,0.0052111016244,0.070012142798,0.041546539013,0.072223145132,0.04931563875,0.048986628612,0.044708101277,0.058015914985,0.070903742792,0.0076142674474,1.8324456161e-06,2.0109046563e-05,1.745228798e-05,0.00011855688663,0.036977139659,0.019553534519,0.058910734854,0.0051137336302,0.0051137336302,0.0068764854239
1565.0,0.0074430181804,0.0074327317156,0.0074327847665,0.0074327847665,0.0074327847665,0.070574328491,0.071531289058,0.067599393417,0.064781872689,0.06811343627,0.045079164723,0.072320681169,0.071000028285,0.019545732009,0.045079054038,0.055357251262,0.071308565149,0.002533898434,0.0025338984333,0.0051217418771,0.069773398072,0.041538682664,0.072054310841,0.04902941843,0.048961206182,0.044693460567,0.057731933698,0.070674131173,0.0075125908724,1.7579241657e-06,1.9291256911e-05,1.6742542701e-05,0.00011373544938,0.036711501689,0.019361374092,0.058627962161,0.005038203725,0.005038203725,0.0067749214094
1570.0,0.0073433703386,0.0073332215824,0.0073332739231,0.0073332739232,0.0073332739231,0.070434127094,0.071314457557,0.067346073038,0.064691657693,0.067999053993,0.045063633883,0.072138664345,0.070775187977,0.019354419168,0.045063523367,0.055311505143,0.071088111608,0.0024904464009,0.0024904464003,0.0050339144095,0.069535467241,0.041530827801,0.071885871154,0.048744859002,0.048935796945,0.044678824652,0.057449342136,0.070445262968,0.0074122719189,1.6864333353e-06,1.8506724918e-05,1.6061661161e-05,0.00010911008873,0.036447771556,0.019171101928,0.058346546252,0.0049637893423,0.0049637893423,0.0066748573711
1575.0,0.0072450565194,0.0072350436285,0.0072350952685,0.0072350952686,0.0072350952685,0.07029420421,0.071098283223,0.067093701863,0.064601568322,0.06788486377,0.045048108394,0.071957105554,0.070551059537,0.019164978842,0.045047998046,0.055265796824,0.070868339455,0.0024477394825,0.0024477394819,0.0049475929491,0.069298347532,0.041522974422,0.071717825148,0.048461950831,0.048910400894,0.044664193529,0.0571681335,0.07021713577,0.0073132924624,1.6178498765e-06,1.7754098069e-05,1.5408469537e-05,0.00010467283074,0.036185935564,0.018982699477,0.058066480622,0.0048904740081,0.0048904740081,0.0065762711591
1580.0,0.0071480588658,0.0071381800215,0.0071382309701,0.0071382309701,0.0071382309701,0.070154559286,0.070882764064,0.066842276338,0.064511604402,0.067770865279,0.045032588253,0.071776003644,0.070327640712,0.018977392705,0.045032478074,0.055220126273,0.070649246586,0.002405764902,0.0024057649014,0.0048627516736,0.069062036182,0.041515122529,0.071550171904,0.048180684338,0.048885018023,0.044649567197,0.056888301025,0.069989747182,0.0072156346201,1.552055553e-06,1.7032078855e-05,1.4781841743e-05,0.00010041602571,0.035925980115,0.018796148368,0.057787758798,0.004818241492,0.004818241492,0.0064791409503
1585.0,0.0070523597594,0.0070426131674,0.007042663434,0.007042663434,0.0070426634339,0.070015191771,0.070667898096,0.066591792918,0.064421765759,0.067657058198,0.045017073459,0.071595357464,0.070104929257,0.018791642608,0.045016963449,0.055174493459,0.070430830901,0.0023645101017,0.002364510101,0.0047793652038,0.068826530436,0.041507272121,0.071382910505,0.047901049999,0.048859648324,0.044634945655,0.056609837981,0.069763094814,0.0071192807481,1.488936937e-06,1.6339422533e-05,1.4180697488e-05,9.633233506e-05,0.03566789171,0.018611430413,0.057510374335,0.004747075803,0.004747075803,0.0063834452442
1590.0,0.0069579418181,0.0069483257079,0.0069483753016,0.0069483753016,0.0069483753015,0.069876101113,0.07045368334,0.066342248076,0.064332052216,0.067543442206,0.045001564011,0.07141516587,0.069882922932,0.018607710583,0.045001454169,0.055128898351,0.070213090308,0.0023239627391,0.0023239627385,0.0046974085952,0.068591827549,0.041499423197,0.071216040034,0.047623038348,0.04883429179,0.044620328901,0.056332737669,0.069537176281,0.0070242134378,1.4283852134e-06,1.567493498e-05,1.3604000415e-05,9.2414718645e-05,0.035411656946,0.018428527601,0.057234320824,0.0046769611861,0.0046769611861,0.0062891628573
1595.0,0.006864787892,0.0068553005171,0.0068553494468,0.0068553494469,0.0068553494468,0.069737286762,0.070240117822,0.066093638293,0.064242463601,0.067430016982,0.044986059906,0.071235427716,0.069661619506,0.018425578835,0.044985950232,0.055083340918,0.069996022722,0.0022841106837,0.0022841106831,0.0046168573311,0.068357924787,0.041491575757,0.071049559579,0.04734663997,0.048808948416,0.044605716934,0.056056993423,0.06931198921,0.0069304155132,1.3702959924e-06,1.5037470638e-05,1.3050756312e-05,8.8656422619e-05,0.035157262515,0.018247422099,0.056959591881,0.0046078821192,0.0046078821192,0.0061962729193
1600.0,0.0067728810609,0.006763520698,0.0067635689727,0.0067635689727,0.0067635689727,0.069598748169,0.070027199576,0.065845960068,0.064152999739,0.067316782206,0.044970561142,0.071056141862,0.069441016755,0.018245229745,0.044970451637,0.055037821128,0.069779626063,0.0022449420127,0.002244942012,0.0045376873152,0.068124819422,0.041483729801,0.070883468228,0.047071845508,0.048783618193,0.044591109752,0.05578259861,0.069087531233,0.0068378700273,1.3145691297e-06,1.4425930532e-05,1.2520011399e-05,8.5050967803e-05,0.034904695207,0.018068096249,0.056686181156,0.0045398233091,0.0045398233091,0.0061047548675
1605.0,0.0066822046311,0.00667296958,0.0066730172085,0.0066730172085,0.0066730172084,0.069460484787,0.06981492664,0.06559920991,0.064063660456,0.067203737558,0.044955067718,0.070877307171,0.069221112461,0.018066645865,0.04495495838,0.05499233895,0.069563898259,0.0022064450076,0.002206445007,0.0044598748642,0.067892508739,0.041475885329,0.070717765072,0.046798645656,0.048758301116,0.044576507353,0.055509546629,0.06886379999,0.0067465602593,1.2611085533e-06,1.3839260384e-05,1.2010850686e-05,8.1592138508e-05,0.034653941905,0.017890532566,0.05641408233,0.0044727696887,0.0044727696887,0.0060145884432
1610.0,0.0065927421322,0.0065836307155,0.0065836777063,0.0065836777063,0.0065836777063,0.069322496069,0.069603297059,0.065353384342,0.06397444558,0.067090882719,0.044939579631,0.070698922507,0.069001904414,0.017889809918,0.044939470462,0.054946894355,0.069348837243,0.0021686081513,0.0021686081507,0.0043833967007,0.067660990028,0.04146804234,0.070552449204,0.046527031166,0.048732997177,0.044561909735,0.055237830912,0.06864079313,0.0066564697117,1.2098220987e-06,1.3276448788e-05,1.1522396393e-05,7.8273971822e-05,0.034404989585,0.017714713736,0.056143289111,0.0044067064132,0.0044067064132,0.0059257536865
1615.0,0.0065044773144,0.006495487877,0.0064955342387,0.0064955342388,0.0064955342387,0.069184781469,0.069392308885,0.0651084799,0.063885354937,0.066978217371,0.044924096881,0.070520986739,0.068783390409,0.017714704798,0.044923987879,0.054901487309,0.069134440955,0.0021314201237,0.0021314201231,0.0043082299467,0.067430260593,0.041460200834,0.07038751972,0.046256992839,0.04870770637,0.044547316898,0.054967444922,0.068418508307,0.006567582107,1.160621349e-06,1.2736525471e-05,1.1053806435e-05,7.5090747329e-05,0.034157825319,0.017540622616,0.05587379524,0.0043416188571,0.0043416188571,0.0058382309324
1620.0,0.0064173941451,0.0064085250543,0.0064085707953,0.0064085707953,0.0064085707953,0.069047340443,0.069181960173,0.064864493134,0.063796388354,0.066865741195,0.044908619464,0.070343498737,0.068565568251,0.017541313563,0.04490851063,0.054856117783,0.068920707341,0.002094869799,0.0020948697985,0.0042343521161,0.067200317744,0.041452360811,0.070222975716,0.045988521533,0.048682428688,0.04453272884,0.054698382155,0.068196943186,0.0064798813852,1.1134214833e-06,1.2218559619e-05,1.0604272975e-05,7.203697725e-05,0.03391243627,0.017368242232,0.055605594488,0.0042774926106,0.0042774926106,0.0057520008062
1625.0,0.0063314768066,0.0063227264513,0.0063227715799,0.0063227715799,0.0063227715799,0.068910172448,0.068972248987,0.064621420604,0.063707545658,0.066753453874,0.04489314738,0.070166457374,0.06834843575,0.01736961944,0.044893038713,0.054810785745,0.068707634355,0.0020589462423,0.0020589462417,0.0041617411085,0.066971158801,0.041444522271,0.070058816292,0.045721608157,0.048657164123,0.044518145559,0.054430636137,0.067976095436,0.0063933517004,1.0681411303e-06,1.1721658271e-05,1.0173021028e-05,6.9107396978e-05,0.033668809694,0.017197555775,0.055338680653,0.004214313477,0.004214313477,0.005667044219
1630.0,0.0062467096926,0.0062380764834,0.0062381210079,0.0062381210079,0.0062381210078,0.06877327694,0.068763173394,0.064379258888,0.063618826676,0.066641355091,0.044877680626,0.069989861527,0.068131990723,0.017199605819,0.044877572127,0.054765491165,0.068495219954,0.0020236387059,0.0020236387054,0.0040903752023,0.066742781092,0.041436685213,0.06989504055,0.045456243673,0.04863191267,0.044503567053,0.054164200429,0.067755962736,0.0063079774184,1.0247022275e-06,1.1244964781e-05,9.7593071277e-06,6.6296956006e-05,0.033426932937,0.017028546603,0.055073047565,0.004152067469,0.004152067469,0.005583342364
1635.0,0.0061630774059,0.0061545597746,0.0061546037031,0.0061546037031,0.006154603703,0.068636653379,0.068554731469,0.06413800457,0.063530231238,0.066529444528,0.044862219201,0.069813710075,0.067916230995,0.017031256251,0.044862110869,0.054720234011,0.068283462105,0.0019889366267,0.0019889366262,0.0040202330484,0.066515181956,0.041428849636,0.069731647593,0.045192419097,0.04860667432,0.044488993322,0.05389906862,0.067536542772,0.0062237431136,9.830298875e-07,1.0787657342e-05,9.36241804e-06,6.3600809219e-05,0.033186793438,0.016861198236,0.054808689083,0.004090740806,0.004090740806,0.005500876712
1640.0,0.0060805647553,0.0060721611548,0.0060722044951,0.0060722044951,0.0060722044951,0.068500301225,0.068346921292,0.063897654254,0.063441759169,0.066417721872,0.044846763103,0.069638001901,0.067701154396,0.016864554451,0.044846654937,0.054675014252,0.068072358778,0.0019548296225,0.0019548296219,0.0039512936637,0.066288358741,0.041421015542,0.069568636526,0.044930125494,0.048581449069,0.044474424363,0.053635234333,0.067317833237,0.0061406335662,9.4305226799e-07,1.0348947566e-05,8.9816695381e-06,6.101430854e-05,0.032948378724,0.016695494357,0.054545599096,0.0040303199107,0.0040303199107,0.0054196290074
1645.0,0.0059991567528,0.0059908656566,0.0059909084168,0.0059909084168,0.0059909084167,0.068364219938,0.068139740949,0.06365820455,0.0633534103,0.066306186805,0.044831312329,0.069462735888,0.067486758764,0.01669948429,0.04483120433,0.054629831858,0.067861907952,0.0019213074891,0.0019213074886,0.0038835364246,0.066062308801,0.041413182928,0.069406006458,0.044669353985,0.048556236908,0.044459860174,0.053372691219,0.067099831832,0.0060586337596,9.0470044853e-07,9.9280791291e-06,8.6164052209e-06,5.8532994918e-05,0.032711676412,0.016531418807,0.054283771522,0.0039707914064,0.0039707914064,0.005339581264
1650.0,0.0059188386113,0.0059106585134,0.005910700701,0.005910700701,0.005910700701,0.06822840898,0.067933188532,0.063419652086,0.063265184457,0.066194839013,0.044815866879,0.069287910925,0.067273041945,0.0165360298,0.044815759047,0.054584686798,0.067652107611,0.0018883601974,0.0018883601969,0.0038169410615,0.065837029504,0.041405351796,0.069243756499,0.044410095737,0.048531037831,0.044445300755,0.053111432964,0.066882536264,0.0059777288777,8.6790831149e-07,9.524326464e-06,8.2659953814e-06,5.6152590642e-05,0.032476674209,0.01636895559,0.054023200306,0.0039121421139,0.0039121421139,0.0052607157612
1655.0,0.0058395957412,0.0058315251557,0.0058315667786,0.0058315667786,0.0058315667785,0.068092867815,0.067727262138,0.0631819935,0.06317708147,0.066083678182,0.04480042675,0.069113525902,0.06706000179,0.016374175168,0.044800319084,0.054539579041,0.067442955744,0.0018559778903,0.0018559778898,0.003751487652,0.065612518222,0.041397522145,0.069081885759,0.044152341974,0.048505851831,0.044430746104,0.052851453282,0.06666594425,0.0058979043022,8.326124281e-07,9.136993511e-06,7.9298359217e-06,5.3868991963e-05,0.032243359909,0.016208088862,0.053763879426,0.0038543590486,0.0038543590486,0.0051830150402
1660.0,0.0057614137486,0.0057534512095,0.0057534922751,0.0057534922751,0.005753492275,0.067957595906,0.06752195987,0.062945225443,0.063089101169,0.065972703998,0.04478499194,0.068939579712,0.066847636157,0.016213904734,0.04478488444,0.054494508556,0.067234450349,0.0018241508796,0.0018241508791,0.0036871566154,0.065388772339,0.041389693974,0.068920393354,0.043896083966,0.048480678902,0.044416196219,0.052592745917,0.066450053512,0.0058191456096,7.9875194906e-07,8.7654125173e-06,7.6073473109e-06,5.1678262024e-05,0.032011721394,0.016048802938,0.053505802886,0.0037974294177,0.0037974294177,0.0051064618998
1665.0,0.0056842784319,0.0056764224928,0.0056764630086,0.0056764630086,0.0056764630086,0.067822592718,0.067317279838,0.062709344578,0.063001243381,0.065861916148,0.044769562447,0.068766071252,0.066635942911,0.016055202994,0.044769455114,0.054449475312,0.067026589428,0.0017928696432,0.0017928696427,0.0036239287067,0.065165789246,0.041381867283,0.0687592784,0.043641313037,0.048455519036,0.044401651098,0.052335304648,0.066234861781,0.0057414385693,7.6626849971e-07,8.4089428864e-06,7.2979735864e-06,4.9576624069e-05,0.031781746632,0.015891082286,0.053248964718,0.0037413406172,0.0037413406172,0.0050310393927
1670.0,0.0056081757797,0.0056004250136,0.005600464987,0.005600464987,0.005600464987,0.067687857719,0.067113220156,0.062474347582,0.062913507936,0.065751314318,0.044754138271,0.06859299942,0.066424919925,0.015898054595,0.044754031104,0.054404479279,0.06681937099,0.0017621248223,0.0017621248219,0.0035617850108,0.064943566346,0.041374042073,0.068598540013,0.043388020561,0.048430372227,0.044387110741,0.052079123279,0.066020366794,0.0056647691405,7.3510607934e-07,8.0669700733e-06,7.0011813954e-06,4.7560454933e-05,0.031553423678,0.015734911527,0.052993358986,0.0036860802292,0.0036860802292,0.0049567308221
1675.0,0.0055330919682,0.0055254449672,0.0055254844055,0.0055254844055,0.0055254844055,0.067553390374,0.066909778944,0.062240231144,0.062825894665,0.065640898196,0.044738719408,0.068420363117,0.066214565077,0.015742444333,0.044738612407,0.054359520425,0.06661279305,0.0017319072187,0.0017319072183,0.0035007069369,0.064722101048,0.041366218342,0.068438177315,0.043136197959,0.048405238468,0.044372575145,0.051824195648,0.065806566296,0.0055891234698,7.0521096467e-07,7.7389045251e-06,6.7164590753e-06,4.5626278799e-05,0.031326740674,0.015580275432,0.052738979779,0.0036316360193,0.0036316360193,0.0048835197375
1680.0,0.0054590133585,0.0054514687336,0.0054515076439,0.0054515076439,0.0054515076439,0.067419190153,0.06670695433,0.062006991964,0.062738403397,0.065530667472,0.044723305858,0.068248161248,0.066004876253,0.015588357154,0.044723199022,0.054314598721,0.066406853628,0.0017022077918,0.0017022077914,0.003440676213,0.064501390769,0.041358396091,0.068278189429,0.042885836704,0.048380117752,0.044358044309,0.051570515622,0.065593458039,0.0055144878887,6.7653161722e-07,7.4241806646e-06,6.4433157716e-06,4.37707612e-05,0.031101685846,0.015427158924,0.052485821216,0.0035779959336,0.0035779959336,0.0048113899314
1685.0,0.0053859264945,0.0053784828752,0.0053785212645,0.0053785212645,0.0053785212645,0.067285256524,0.066504744443,0.061774626755,0.062651033961,0.065420621833,0.044707897617,0.06807639272,0.065795851344,0.015435778151,0.044707790948,0.054269714135,0.066201550753,0.001673017656,0.0016730176556,0.0033816748804,0.064281432938,0.041350575318,0.068118575477,0.04263692832,0.048355010073,0.044343518231,0.051318077098,0.065381039783,0.0054408489112,6.4901859447e-07,7.1222559156e-06,6.1812805919e-06,4.1990703276e-05,0.030878247503,0.015275547071,0.052233877444,0.0035251480963,0.0035251480963,0.0047403254355
1690.0,0.0053138180998,0.005306474134,0.0053065120094,0.0053065120094,0.0053065120093,0.067151588959,0.066303147422,0.061543132244,0.062563786189,0.065310760969,0.044692494686,0.067905056443,0.065587488249,0.015284692563,0.044692388181,0.054224866637,0.065996882458,0.0016443280782,0.0016443280777,0.0033236852881,0.064062224991,0.041342756025,0.067959334586,0.042389464377,0.048329915423,0.04432899691,0.051066874002,0.065169309295,0.0053681932312,6.2262446461e-07,6.8326097671e-06,5.9299017937e-06,4.0283036255e-05,0.030656414039,0.01512542509,0.051983142638,0.003473080807,0.003473080807,0.0046703105173
1695.0,0.0052426750761,0.0052354294296,0.005235466798,0.005235466798,0.005235466798,0.067018186928,0.066102161411,0.061312505168,0.062476659911,0.065201084569,0.04467709706,0.067734151329,0.065379784874,0.015135085772,0.044676990721,0.054180056196,0.065792846781,0.0016161304748,0.0016161304744,0.0032666900881,0.063843764372,0.04133493821,0.067800465886,0.042143436496,0.048304833797,0.044314480345,0.050816900291,0.064958264348,0.0052965077204,5.9730372478e-07,6.554742876e-06,5.6887460061e-06,3.8644816168e-05,0.030436173932,0.014976778341,0.051733611,0.0034217825379,0.0034217825379,0.0046013296768
1700.0,0.0051724845001,0.0051653358569,0.005165372725,0.005165372725,0.005165372725,0.066885049905,0.065901784556,0.061082742277,0.062389654958,0.065091592325,0.04466170474,0.067563676294,0.065172739131,0.014986943307,0.044661598566,0.054135282781,0.065589441768,0.0015884164096,0.0015884164092,0.0032106722294,0.063626048536,0.041327121874,0.067641968506,0.041898836345,0.048279765186,0.044299968533,0.05056814995,0.064747902725,0.0052257794256,5.7301272261e-07,6.2881762065e-06,5.4573974823e-06,3.7073218768e-05,0.030217515743,0.014829592331,0.051485276761,0.0033712419316,0.0033712419316,0.0045333676425
1705.0,0.0051032336217,0.0050961806832,0.0050962170577,0.0050962170577,0.0050962170577,0.066752177362,0.065702015014,0.060853840334,0.062302771161,0.064982283927,0.044646317722,0.067393630256,0.064966348937,0.014840250833,0.044646211713,0.054090546362,0.065386665471,0.001561177591,0.0015611775906,0.0031556149536,0.063409074944,0.041319307015,0.067483841578,0.041655655642,0.048254709585,0.044285461473,0.050320616995,0.064538222212,0.0051559955666,5.4970958099e-07,6.032450204e-06,5.2354573828e-06,3.5565534662e-05,0.030000428113,0.014683852705,0.051238134179,0.0033214477984,0.0033214477984,0.0044664093687
1710.0,0.0050349098614,0.0050279513463,0.0050279872339,0.0050279872339,0.0050279872338,0.066619568775,0.065502850944,0.060625796113,0.062216008352,0.064873159065,0.044630936006,0.067224012135,0.06476061222,0.014694994161,0.044630830162,0.054045846909,0.065184515948,0.0015344058695,0.0015344058691,0.0031015017897,0.063192841066,0.041311493634,0.067326084238,0.041413886152,0.048229666987,0.044270959164,0.050074295471,0.064329220606,0.0050871435337,5.2735412584e-07,5.7871240031e-06,5.0225430883e-06,3.4119164645e-05,0.029784899766,0.014539545254,0.05099217754,0.0032723891137,0.0032723891137,0.0044004400316
1715.0,0.0049675008079,0.0049606354523,0.0049606708594,0.0049606708594,0.0049606708594,0.066487223618,0.065304290511,0.060398606401,0.062129366361,0.064764217434,0.044615559588,0.067054820855,0.064555526909,0.014551159236,0.044615453909,0.05400118439,0.064982991261,0.0015080932355,0.0015080932351,0.0030483165489,0.062977344384,0.041303681731,0.067168695621,0.041173519687,0.048204637385,0.044256461604,0.049829179451,0.06412089571,0.0050192108855,5.0590781688e-07,5.5517746673e-06,4.8182875397e-06,3.2731615213e-05,0.029570919506,0.014396655905,0.050747401157,0.0032240550158,0.0032240550158,0.0043354450267
1720.0,0.0049009942163,0.0048942207731,0.0048942557061,0.0048942557061,0.0048942557061,0.06635514137,0.065106331887,0.060172267996,0.06204284502,0.064655458723,0.044600188469,0.066886055342,0.064351090944,0.014408732144,0.044600082954,0.053956558776,0.06478208948,0.0014822318165,0.0014822318161,0.00299604332,0.062762582384,0.041295871305,0.067011674867,0.040934548109,0.048179620772,0.044241968791,0.049585263039,0.063913245332,0.0049521853468,4.8533368118e-07,5.3259964599e-06,4.6223386051e-06,3.1400494267e-05,0.029358476219,0.014255170724,0.05050379937,0.0031764348035,0.0031764348035,0.0042714099645
1725.0,0.0048353780054,0.0048286952441,0.0048287297094,0.0048287297095,0.0048287297094,0.066223321507,0.064908973247,0.059946777709,0.061956444163,0.064546882628,0.044584822644,0.066717714524,0.064147302269,0.014267699106,0.044584717294,0.053911970036,0.064581808681,0.0014568138753,0.0014568138749,0.0029446664648,0.062548552563,0.041288062356,0.066855021115,0.040696963324,0.048154617141,0.044227480724,0.049342540364,0.06370626729,0.0048860548063,4.6559624941e-07,5.1094001446e-06,4.4343584733e-06,3.0123506992e-05,0.029147558869,0.014115075915,0.050261366546,0.0031295179333,0.0031295179333,0.0042083206687
1730.0,0.0047706402557,0.0047640469624,0.0047640809664,0.0047640809664,0.0047640809663,0.066091763508,0.064712212775,0.059722132362,0.06187016362,0.06443848884,0.044569462114,0.066549797334,0.063944158836,0.014128046477,0.044569356928,0.053867418138,0.064382146945,0.001431831807,0.0014318318066,0.002894170613,0.062335252427,0.041280254883,0.066698733508,0.040460757288,0.048129626486,0.044212997402,0.049101005589,0.063499959408,0.0048208073141,4.466614947e-07,4.9016123147e-06,4.2540230711e-06,2.8898451895e-05,0.028938156499,0.013976357816,0.050020097079,0.0030832940178,0.0030832940178,0.0041461631717
1735.0,0.0047067692075,0.0047002641844,0.0047002977331,0.0047002977331,0.0047002977331,0.065960466854,0.064516048657,0.059498328789,0.061784003224,0.064330277055,0.044554106876,0.066382302706,0.063741658602,0.013989760746,0.044554001854,0.053822903054,0.064183102359,0.0014072781375,0.0014072781371,0.0028445406579,0.062122679488,0.041272448887,0.066542811191,0.040225922001,0.0481046488,0.044198518823,0.048860652901,0.063294319517,0.0047564310801,4.2849677397e-07,4.7022747488e-06,4.0810215045e-06,2.7723217012e-05,0.028730258232,0.0138390029,0.049779985391,0.0030377528227,0.0030377528227,0.0040849237124
1740.0,0.0046437532581,0.0046373353237,0.0046373684232,0.0046373684232,0.0046373684232,0.065829431024,0.064320479086,0.059275363838,0.061697962808,0.064222246965,0.044538756927,0.066215229577,0.063539799532,0.013852828536,0.04453865207,0.053778424752,0.063984673016,0.0013831455206,0.0013831455202,0.0027957617518,0.06191083127,0.041264644367,0.06638725331,0.03999244951,0.048079684076,0.044184044984,0.048621476517,0.063089345455,0.0046929144713,4.1107077167e-07,4.5110437937e-06,3.9150555229e-06,2.659577627e-05,0.028523853269,0.013702997773,0.04954102593,0.0029928842649,0.0029928842649,0.0040245887331
1745.0,0.0045815809604,0.0045752489488,0.0045752816052,0.0045752816052,0.0045752816052,0.065698655501,0.064125502262,0.059053234365,0.061612042206,0.064114398268,0.044523412268,0.066048576885,0.063338579596,0.013717236597,0.044523307574,0.053733983203,0.063786857016,0.0013594267361,0.0013594267357,0.0027478193018,0.061699705302,0.041256841323,0.066232059013,0.039760331911,0.048054732308,0.044169575886,0.048383470683,0.062885035066,0.0046302460104,3.9435344578e-07,4.3275897718e-06,3.7558390049e-06,2.551418599e-05,0.028318930887,0.013568329172,0.04930321317,0.0029486784103,0.0029486784103,0.0039651448759
1750.0,0.0045202410205,0.0045139937814,0.0045140260006,0.0045140260006,0.0045140260006,0.065568139768,0.063931116389,0.058831937241,0.061526241249,0.064006730657,0.044508072894,0.065882343574,0.063137996772,0.013582971814,0.044507968364,0.053689578375,0.063589652463,0.0013361146876,0.0013361146872,0.0027006989648,0.061489299123,0.041249039754,0.066077227452,0.039529561341,0.048029793489,0.044155111526,0.048146629673,0.062681386202,0.004568414373,3.7831597602e-07,4.1515964128e-06,3.6030974649e-06,2.4476581539e-05,0.028115480441,0.013434983964,0.049066541612,0.0029051254714,0.0029051254714,0.0039065789805
1755.0,0.0044597222956,0.0044535586941,0.0044535904819,0.0044535904819,0.0044535904819,0.065437883309,0.063737319675,0.058611469347,0.061440559772,0.06389924383,0.044492738806,0.065716528588,0.062938049042,0.013450021195,0.044492634439,0.053645210238,0.063393057468,0.0013132024005,0.0013132024001,0.0026543866439,0.061279610281,0.04124123966,0.065922757779,0.039300129987,0.048004867612,0.044140651902,0.047910947787,0.062478396723,0.0045074083858,3.6293071416e-07,3.9827603082e-06,3.4565675803e-06,2.3481174113e-05,0.027913491362,0.013302949148,0.048831005784,0.0028622158052,0.0028622158052,0.0038488780806
1760.0,0.0044000137919,0.0043939327084,0.0043939640707,0.0043939640707,0.0043939640707,0.065307885609,0.063544110335,0.058391827577,0.061354997609,0.063791937482,0.04447741,0.065551130875,0.062738734397,0.013318371879,0.044477305797,0.053600878763,0.063197070148,0.0012906830196,0.0012906830193,0.0026088684838,0.061070636332,0.041233441042,0.065768649148,0.039072030078,0.04797995467,0.044126197013,0.047676419356,0.062276064494,0.004447217025,3.4817113638e-07,3.8207903887e-06,3.3159967369e-06,2.2526247655e-05,0.027712953158,0.013172211846,0.048596600238,0.0028199399113,0.0028199399113,0.0037920294016
1765.0,0.0043411046631,0.0043351049929,0.0043351359354,0.0043351359354,0.0043351359353,0.065178146153,0.063351486591,0.058173008835,0.061269554592,0.063684811311,0.044462086475,0.065386149386,0.062540050833,0.013188011129,0.044461982435,0.053556583918,0.063001688625,0.0012685498076,0.0012685498072,0.002564130867,0.060862374838,0.041225643898,0.065614900715,0.038845253891,0.047955054656,0.044111746858,0.047443038737,0.062074387388,0.0043878294136,3.3401179751e-07,3.6654074219e-06,3.1811425939e-06,2.1610155897e-05,0.027513855411,0.013042759309,0.048363319554,0.0027782884293,0.0027782884293,0.0037360203574
1770.0,0.0042829842078,0.0042770648611,0.0042770953892,0.0042770953892,0.0042770953892,0.065048664429,0.063159446667,0.057955010038,0.061184230557,0.063577865013,0.044446768229,0.065221583072,0.062341996353,0.013058926334,0.044446664353,0.053512325674,0.062806911027,0.0012467961422,0.0012467961419,0.0025201604091,0.060654823374,0.041217848228,0.065461511639,0.038619793744,0.047930167565,0.044097301435,0.047210800313,0.061873363284,0.00432923482,3.2042828718e-07,3.5163435313e-06,3.0517726661e-06,2.0731319521e-05,0.027316187777,0.012914578915,0.048131158338,0.0027372521372,0.0027372521372,0.0036808385479
1775.0,0.004225641868,0.0042198017694,0.0042198318888,0.0042198318888,0.0042198318888,0.064919439925,0.062967988794,0.057737828114,0.061099025337,0.063471098288,0.044431455261,0.06505743089,0.062144568965,0.012931105004,0.044431351548,0.053468104,0.062612735489,0.0012254155152,0.0012254155148,0.0024769439554,0.060447979518,0.041210054033,0.065308481081,0.038395642003,0.047905293389,0.044082860742,0.046979698498,0.061672990069,0.0042714226559,3.0739718773e-07,3.3733417343e-06,2.9276639226e-06,1.9888223434e-05,0.027119939988,0.012787658162,0.047900111221,0.0026968219493,0.0026968219493,0.0036264717559
1780.0,0.0041690672269,0.0041633053155,0.0041633350317,0.0041633350317,0.0041633350316,0.064790472129,0.062777111209,0.057521460002,0.061013938767,0.063364510834,0.044416147569,0.064893691797,0.061947766685,0.012804534773,0.044416044018,0.053423918867,0.06241916015,0.0012044015295,0.0012044015292,0.0024344685767,0.06024184086,0.041202261311,0.065155808202,0.038172791078,0.047880432122,0.044068424778,0.04674972773,0.061473265635,0.0042143824743,2.9489603386e-07,3.2361554991e-06,2.808602403e-06,1.907941416e-05,0.02692510185,0.012661984674,0.047670172861,0.0026569889139,0.0026569889139,0.0035729079449
1785.0,0.0041132500072,0.0041075652363,0.0041075945546,0.0041075945547,0.0041075945546,0.064661760533,0.062586812155,0.057305902654,0.060928970682,0.06325810235,0.04440084515,0.064730364754,0.061751587534,0.012679203397,0.044400741762,0.053379770243,0.062226183156,0.0011837478981,0.0011837478978,0.0023927215657,0.060036404997,0.041194470063,0.065003492168,0.03795123342,0.047855583756,0.044053993541,0.046520882477,0.061274187884,0.0041581039675,2.8290327386e-07,3.1045483199e-06,2.694382848e-06,1.8303497333e-05,0.026731663239,0.012537546195,0.047441337939,0.0026177442114,0.0026177442114,0.0035201352557
1790.0,0.0040581800691,0.0040525714061,0.0040526003319,0.0040526003319,0.0040526003319,0.064533304626,0.062397089876,0.057091153031,0.060844120917,0.063151872535,0.044385548003,0.064567448726,0.06155602954,0.01255509875,0.044385444778,0.053335658099,0.062033802658,0.0011634484417,0.0011634484413,0.0023516904326,0.059831669533,0.041186680288,0.064851532143,0.037730961527,0.047830748286,0.04403956703,0.046293157231,0.061075754722,0.0041025769655,2.713982325e-07,2.9782933091e-06,2.5848083457e-06,1.7559135291e-05,0.026539614107,0.01241433059,0.047213601164,0.0025790791528,0.0025790791528,0.0034681420047
1795.0,0.0040038474087,0.0039983138346,0.0039983423732,0.0039983423732,0.0039983423732,0.064405103902,0.062207942627,0.056877208108,0.060759389307,0.063045821089,0.044370256127,0.064404942676,0.061361090736,0.012432208825,0.044370153064,0.053291582404,0.061842016812,0.0011434970867,0.0011434970864,0.002311362902,0.059627632083,0.041178891987,0.064699927297,0.037511967939,0.047805925704,0.044025145244,0.046066546515,0.060877964063,0.0040477914343,2.6036107535e-07,2.8571728061e-06,2.4796899924e-06,1.6845044773e-05,0.026348944477,0.012292325843,0.04698695727,0.002540985177,0.002540985177,0.0034169166805
1800.0,0.0039502421559,0.0039447826655,0.003944810822,0.003944810822,0.003944810822,0.064277157852,0.062019368665,0.056664064869,0.060674775687,0.062939947714,0.044354969518,0.064242845575,0.061166769164,0.012310521733,0.044354866618,0.053247543129,0.061650823783,0.001123887864,0.0011238878637,0.0022717269089,0.059424290268,0.041171105158,0.064548676799,0.03729424524,0.047781116003,0.04401072818,0.045841044874,0.060680813827,0.0039937374736,2.4977277462e-07,2.7409780018e-06,2.3788465665e-06,1.6159994705e-05,0.026159644443,0.012171520057,0.046761401015,0.0025034538497,0.0025034538497,0.0033664479418
1805.0,0.0038973545726,0.0038919681742,0.0038919959537,0.0038919959537,0.0038919959537,0.064149465972,0.061831366252,0.056451720312,0.060590279895,0.062834252109,0.044339688177,0.064081156394,0.060973062868,0.012190025702,0.044339585438,0.053203540244,0.061460221737,0.0011046149066,0.0011046149063,0.0022327705953,0.059221641716,0.041163319801,0.064397779822,0.037077786056,0.047756319178,0.043996315837,0.045616646883,0.06048430194,0.0039404053152,2.3961507632e-07,2.6295085793e-06,2.2821042162e-06,1.5502804077e-05,0.02597170417,0.012051901449,0.046536927183,0.0024664768609,0.0024664768609,0.0033167246147
1810.0,0.0038451750513,0.0038398607663,0.0038398881739,0.0038398881739,0.0038398881739,0.064022027756,0.061643933657,0.056240171443,0.060505901764,0.062728733978,0.0443244121,0.063919874105,0.060779969903,0.012070709073,0.044324309523,0.053159573718,0.061270208848,0.0010856724483,0.001085672448,0.0021944823064,0.059019684066,0.041155535917,0.06424723554,0.036862583057,0.047731535222,0.043981908213,0.045393347143,0.060288426338,0.0038877853215,2.2987046882e-07,2.5225723679e-06,2.1892961601e-06,1.487233991e-05,0.025785113895,0.011933458356,0.046313530583,0.0024300460234,0.0024300460234,0.0032677356904
1815.0,0.0037936941128,0.0037884509759,0.0037884780166,0.0037884780166,0.0037884780165,0.063894842701,0.061457069154,0.056029415281,0.060421641132,0.062623393021,0.044309141285,0.063758997686,0.060587488327,0.011952560303,0.044309038871,0.053115643521,0.061080783298,0.0010670548216,0.0010670548213,0.0021568505871,0.058818414964,0.041147753504,0.064097043128,0.036648628955,0.047706764127,0.043967505308,0.04517114028,0.06009318496,0.0038358679836,2.2052215264e-07,2.4199850121e-06,2.1002623993e-06,1.4267515299e-05,0.025599863924,0.011816179226,0.046091206048,0.002394153271,0.002394153271,0.0032194703227
1820.0,0.0037429024051,0.0037377294637,0.0037377561424,0.0037377561424,0.0037377561424,0.063767910303,0.061270771021,0.055819448857,0.060337497834,0.062518228942,0.044293875732,0.063598526115,0.060395616204,0.011835567962,0.044293773479,0.053071749623,0.060891943269,0.0010487564564,0.0010487564561,0.002119864179,0.058617832062,0.041139972563,0.063947201764,0.036435916503,0.047682005887,0.043953107119,0.044950020948,0.059898575753,0.0037846439192,2.115540115e-07,2.3215696536e-06,2.0148494416e-06,1.3687287541e-05,0.025415944632,0.011700052621,0.045869948437,0.0023587906564,0.0023587906564,0.0031719178255
1825.0,0.0036927907012,0.0036876870156,0.0036877133371,0.0036877133371,0.0036877133371,0.06364123006,0.061085037541,0.055610269212,0.060253471709,0.062413241443,0.044278615438,0.063438458374,0.060204351605,0.011719720731,0.044278513347,0.053027891995,0.060703686955,0.0010307718778,0.0010307718775,0.0020835120166,0.058417933023,0.041132193094,0.063797710628,0.036224438497,0.047657260495,0.043938713646,0.044729983826,0.059704596672,0.0037341038717,2.0295058453e-07,2.2271566268e-06,1.9329100371e-06,1.3130656338e-05,0.025233346464,0.011585067219,0.045649752633,0.0023239503499,0.0023239503499,0.0031250676703
1830.0,0.0036433498977,0.0036383145407,0.0036383405098,0.0036383405098,0.0036383405098,0.063514801473,0.060899867004,0.055401873398,0.060169562591,0.062308430228,0.044263360402,0.063278793446,0.060013692608,0.011605007402,0.044263258472,0.052984070606,0.06051601255,0.0010130957051,0.0010130957048,0.0020477832241,0.058218715517,0.041124415095,0.063648568903,0.036014187776,0.047632527945,0.043924324885,0.04451102362,0.059511245677,0.0036842387078,1.9469703964e-07,2.1365831658e-06,1.8543029242e-06,1.2596662072e-05,0.025052059934,0.011471211803,0.045430613543,0.0022896246374,0.0022896246374,0.0030789094845
1835.0,0.0035945710128,0.0035896030698,0.0035896286913,0.0035896286913,0.0035896286912,0.063388624041,0.060715257705,0.055194258478,0.060085770319,0.062203795001,0.044248110621,0.063119530319,0.059823637295,0.011491416877,0.044248008852,0.052940285427,0.060328918256,0.00099572264967,0.0009957226494,0.0020126671123,0.058020177219,0.041116638568,0.06349977577,0.03580515722,0.04760780823,0.043909940837,0.04429313506,0.059318520734,0.0036350394162,1.867791479e-07,2.0496931241e-06,1.7788925861e-06,1.2084384149e-05,0.024872075623,0.011358475272,0.0452125261,0.0022558059184,0.0022558059184,0.0030334330484
1840.0,0.0035464451854,0.0035415437538,0.0035415690322,0.0035415690322,0.0035415690322,0.063262697264,0.060531207942,0.054987421526,0.06000209473,0.062099335467,0.044232866094,0.062960667981,0.059634183757,0.011378938167,0.044232764487,0.052896536427,0.060142402283,0.00097864751363,0.00097864751336,0.0019781531751,0.057822315817,0.04110886351,0.063351330417,0.035597339747,0.047583101344,0.043895561498,0.044076312904,0.059126419818,0.0035864971059,1.7918325905e-07,1.9663367052e-06,1.7065490172e-06,1.1592939415e-05,0.02469338418,0.011246846631,0.044995485259,0.0022224867052,0.0022224867052,0.0029886282931
1845.0,0.0034989636726,0.003494127862,0.003494152802,0.003494152802,0.0034941528019,0.063137020645,0.06034771602,0.054781359628,0.059918535661,0.061995051331,0.044217626819,0.062802205424,0.059445330088,0.011267560389,0.044217525373,0.052852823577,0.059956462841,0.00096186518822,0.00096186518796,0.0019442310867,0.057625129004,0.041101089923,0.063203232029,0.035390728322,0.047558407279,0.043881186869,0.043860551935,0.058934940909,0.0035386030046,1.7189627795e-07,1.8863702048e-06,1.6371474988e-06,1.1121480631e-05,0.024515976321,0.011136314993,0.044779486001,0.0021896596201,0.0021896596201,0.0029444852987
1850.0,0.0034521178487,0.0034473467806,0.0034473713867,0.0034473713867,0.0034473713867,0.063011593688,0.06016478025,0.05457606988,0.05983509295,0.061890942298,0.044202392794,0.062644141643,0.059257074389,0.011157272767,0.044202291509,0.052809146846,0.059771098151,0.0009453706523,0.00094537065204,0.0019108906983,0.05742861448,0.041093317806,0.063055479798,0.035185315945,0.04753372603,0.043866816946,0.04364584696,0.058744081992,0.0034913484571,1.6490564203e-07,1.8096557624e-06,1.5705683843e-06,1.0669195014e-05,0.024339842829,0.01102686958,0.04456452333,0.0021573173949,0.0021573173949,0.0029009942916
1855.0,0.0034058992035,0.0034011920111,0.0034012162878,0.0034012162878,0.0034012162878,0.062886415896,0.059982398945,0.054371549388,0.059751766435,0.061787008074,0.044187164018,0.062486475633,0.059069414768,0.011048064632,0.044187062893,0.052765506205,0.059586306436,0.00092915897081,0.00092915897055,0.0018781220351,0.057232769954,0.041085547159,0.062908072913,0.034981095661,0.047509057589,0.04385245173,0.043432192813,0.058553841062,0.0034447249237,1.5819929958e-07,1.7360611242e-06,1.506696893e-06,1.0235302834e-05,0.024164974552,0.010918499717,0.044350592275,0.0021254528682,0.0021254528682,0.0028581456426
1860.0,0.0033602993405,0.0033556551689,0.0033556791205,0.0033556791205,0.0033556791205,0.062761486774,0.059800570425,0.054167795272,0.059668555954,0.061683248366,0.044171940488,0.062329206395,0.058882349338,0.010939925419,0.044171839524,0.052721901625,0.059402085925,0.00091322529332,0.00091322529308,0.0018459152934,0.057037593144,0.041077777981,0.062761010568,0.034778060553,0.047484401949,0.043838091217,0.043219584353,0.058364216118,0.0033987239789,1.5176568903e-07,1.6654594146e-06,1.4454229118e-06,9.8190560728e-06,0.023991362405,0.010811194836,0.044137687888,0.0020940589849,0.0020940589849,0.0028159298647
1865.0,0.003315309976,0.0033107279813,0.0033107516123,0.0033107516123,0.0033107516122,0.062636805829,0.059619293017,0.053964804659,0.059585461346,0.061579662882,0.044156722203,0.06217233293,0.058695876218,0.010832844664,0.044156621399,0.052678333075,0.059218434854,0.0008975648526,0.00089756485235,0.0018142608376,0.056843081774,0.041070010272,0.062614291957,0.034576203744,0.047459759105,0.043823735407,0.043008016464,0.058175205166,0.0033533373095,1.4559371899e-07,1.5977289181e-06,1.3866408059e-06,9.41973713e-06,0.023818997369,0.010704944472,0.043925805244,0.0020631287936,0.0020631287936,0.0027743376108
1870.0,0.0032709229368,0.0032664022867,0.0032664256013,0.0032664256013,0.0032664256012,0.062512372566,0.059438565049,0.053762574688,0.05950248245,0.061476251328,0.044141509161,0.062015854242,0.058509993534,0.010726812009,0.044141408518,0.052634800525,0.059035351463,0.00088217296312,0.00088217296288,0.0017831491971,0.056649233576,0.041062244032,0.062467916279,0.034375518398,0.047435129049,0.043809384299,0.042797484054,0.057986806219,0.0033085567133,1.3967274911e-07,1.5327528688e-06,1.3302492363e-06,9.0366575898e-06,0.023647870486,0.010599738264,0.043714939444,0.0020326554459,0.0020326554459,0.0027333596721
1875.0,0.0032271301593,0.0032226700325,0.0032226930349,0.0032226930349,0.0032226930349,0.062388186495,0.059258384857,0.053561102511,0.059419619103,0.061373013412,0.04412630136,0.061859769339,0.058324699416,0.010621817194,0.044126200877,0.052591303946,0.058852833999,0.00086704501973,0.00086704501949,0.0017525710641,0.05645604629,0.041054479261,0.06232188273,0.034175997718,0.047410511776,0.043795037889,0.042587982058,0.057799017296,0.0032643740978,1.339925718e-07,1.4704192496e-06,1.2761509852e-06,8.6691570322e-06,0.023477972867,0.01049556595,0.04350508561,0.0020026321944,0.0020026321944,0.0026929869758
1880.0,0.0031839236879,0.003179523274,0.0031795459685,0.0031795459685,0.0031795459685,0.062264247124,0.059078750781,0.053360385287,0.059336871146,0.061269948844,0.044111098799,0.061704077228,0.058139992002,0.010517850061,0.044110998475,0.052547843308,0.058670880711,0.00085217649623,0.000852176496,0.0017225172899,0.056263517665,0.041046715957,0.062176190513,0.033977634946,0.047385907277,0.043780696178,0.042379505435,0.057611836423,0.0032207814782,1.2854339456e-07,1.4106205988e-06,1.2242527886e-06,8.3166018953e-06,0.023309295683,0.010392417373,0.043296238888,0.0019730523913,0.0019730523913,0.0026532105827
1885.0,0.0031412956731,0.003136954173,0.0031369765636,0.0031369765636,0.0031369765636,0.062140553964,0.058899661166,0.053160420189,0.059254238418,0.061167057331,0.044095901475,0.061548776923,0.057955869435,0.010414900553,0.044095801311,0.052504418582,0.058489489858,0.00083756294406,0.00083756294383,0.0016929788832,0.056071645454,0.041038954122,0.062030838829,0.033780423365,0.047361315547,0.043766359163,0.042172049167,0.05742526163,0.0031777709766,1.2331582312e-07,1.3532538248e-06,1.1744651751e-06,7.9783843825e-06,0.023141830171,0.010290282471,0.043088394448,0.0019439094871,0.0019439094871,0.0026140216862
1890.0,0.0030992383711,0.0030949549958,0.0030949770867,0.0030949770867,0.0030949770867,0.062017106525,0.058721114363,0.052961204397,0.059171720758,0.061064338584,0.044080709387,0.061393867437,0.057772329863,0.010312958709,0.044080609383,0.052461029737,0.058308659701,0.00082319999091,0.00082319999069,0.0016639470064,0.055880427422,0.041031193755,0.061885826883,0.033584356295,0.047336736579,0.043752026843,0.041965608262,0.057239290957,0.0031353348201,1.1830084529e-07,1.2982200288e-06,1.1267023122e-06,7.653921415e-06,0.022975567629,0.010189151284,0.042881547483,0.0019151970291,0.0019151970291,0.0025754116092
1895.0,0.0030577441412,0.0030535181127,0.0030535399079,0.0030535399079,0.0030535399078,0.061893904318,0.058543108727,0.052762735106,0.059089318005,0.060961792313,0.044065522533,0.061239347788,0.057589371441,0.010212014665,0.044065422688,0.052417676744,0.058128388508,0.00080908333946,0.00080908333924,0.0016354129738,0.055689861339,0.041023434855,0.061741153881,0.033389427095,0.047312170366,0.043737699217,0.041760177753,0.057053922447,0.0030934653397,1.1348981535e-07,1.2454243337e-06,1.0808818576e-06,7.3426536265e-06,0.022810499419,0.01008901395,0.042675693208,0.0018869086596,0.0018869086596,0.0025373718031
1900.0,0.0030168054454,0.0030126359959,0.0030126574992,0.0030126574992,0.0030126574992,0.061770946858,0.058365642618,0.052565009517,0.059007030001,0.060859418228,0.044050340911,0.061085216994,0.05740699233,0.010112058657,0.044050241226,0.052374359574,0.057948674551,0.00079520876609,0.00079520876587,0.0016073682484,0.055499944984,0.041015677422,0.061596819031,0.033195629164,0.047287616902,0.043723376282,0.041555752695,0.056869154152,0.0030521549687,1.088744392e-07,1.194775721e-06,1.0369248181e-06,7.0440443988e-06,0.022646616963,0.0099898607021,0.042470826862,0.001859038115,0.001859038115,0.0024998938454
1905.0,0.0029764148462,0.0029723012183,0.0029723224338,0.0029723224338,0.0029723224337,0.061648233657,0.058188714401,0.052368024845,0.058924856585,0.060757216039,0.044035164519,0.060931474076,0.057225190696,0.010013081013,0.044035064993,0.052331078197,0.057769516109,0.00078157211959,0.00078157211937,0.0015798044397,0.055310676141,0.041007921456,0.061452821543,0.033002955938,0.04726307618,0.043709058038,0.04135232817,0.056684984129,0.0030113962415,1.0444676005e-07,1.1461868737e-06,9.9475541273e-07,6.7575789367e-06,0.022483911747,0.0098916818705,0.042266943707,0.0018315792242,0.0018315792242,0.002462969438
1910.0,0.0029365650061,0.0029325064524,0.0029325273838,0.0029325273838,0.0029325273838,0.06152576423,0.058012322446,0.052171778313,0.058842797598,0.060655185459,0.044019993356,0.06077811806,0.05704396471,0.0099150721574,0.044019893989,0.052287832583,0.057590911465,0.00076816931993,0.00076816931972,0.001552713301,0.055122052605,0.041000166956,0.061309160628,0.03281140089,0.047238548194,0.043694744482,0.041149899282,0.056501410442,0.0029711817921,1.0019914467e-07,1.0995740258e-06,9.5430094243e-07,6.4827633807e-06,0.022322375317,0.0097944678802,0.042064039026,0.0018045259072,0.0018045259072,0.0024265904052
1915.0,0.0028972486854,0.0028932444687,0.0028932651199,0.0028932651199,0.0028932651199,0.061403538094,0.057836465128,0.051976267156,0.05876085288,0.0605533262,0.044004827419,0.060625147972,0.056863312552,0.0098180226082,0.044004728212,0.052244622702,0.057412858909,0.00075499635707,0.00075499635687,0.001526086727,0.054934072176,0.040992413923,0.0611658355,0.032620957534,0.047214032937,0.043680435614,0.040948461161,0.056318431159,0.0029315043528,9.612427028e-08,1.0548568177e-06,9.1549166463e-07,6.2191239554e-06,0.022161999279,0.0096982092502,0.041862108127,0.0017778721738,0.0017778721738,0.0023907486925
1920.0,0.0028584587417,0.0028545081345,0.0028545285092,0.0028545285092,0.0028545285092,0.061281554765,0.057661140828,0.051781488619,0.058679022273,0.060451637973,0.043989666708,0.06047256284,0.056683232404,0.0097219229759,0.043989567659,0.052201448526,0.057235356733,0.00074204928971,0.00074204928951,0.0014999167515,0.054746732663,0.040984662356,0.061022845375,0.032431619419,0.047189530402,0.043666131431,0.040748008957,0.056136044357,0.0028923567532,9.2215111888e-08,1.0119581582e-06,8.7826067305e-07,5.9662061528e-06,0.022002775299,0.0096028965926,0.041661146338,0.0017516121222,0.0017516121222,0.0023554363637
1925.0,0.002820188128,0.0028162904125,0.0028163105144,0.0028163105144,0.0028163105144,0.06115981376,0.05748634793,0.051587439956,0.058597305616,0.060350120492,0.043974511219,0.060320361697,0.056503722457,0.0096267639629,0.04397441233,0.052158310025,0.057058403237,0.00072932424413,0.00072932424394,0.0014741955448,0.054560031881,0.040976912255,0.06088018947,0.032243380131,0.047165040582,0.043651831932,0.040548537848,0.055954248119,0.0028537319182,8.8464930196e-08,9.7080409084e-07,8.4254378234e-07,5.7235739485e-06,0.021844695105,0.0095085206119,0.041461149011,0.001725739938,0.001725739938,0.0023206456004
1930.0,0.0027824298915,0.0027785843598,0.0027786041925,0.0027786041925,0.0027786041925,0.061038314599,0.057312084824,0.051394118434,0.058515702753,0.06024877347,0.043959360952,0.060168543576,0.056324780904,0.0095325363627,0.043959262221,0.052115207169,0.056881996727,0.00071681741307,0.00071681741287,0.0014489154115,0.054373967654,0.040969163619,0.060737867003,0.032056233297,0.047140563472,0.043637537116,0.040350043034,0.055773040532,0.0028156228675,8.4867259978e-08,9.3132366704e-07,8.0827941742e-07,5.4908090505e-06,0.021687750483,0.0094150721037,0.041262111521,0.0017002498923,0.0017002498923,0.0022863686992
1935.0,0.0027451771728,0.0027413831261,0.0027414026934,0.0027414026934,0.0027414026933,0.060917056801,0.057138349904,0.051201521327,0.058434213524,0.06014759662,0.043944215905,0.060017107513,0.056146405947,0.009439231059,0.043944117332,0.052072139929,0.056706135511,0.00070452505452,0.00070452505433,0.001424068788,0.054188537812,0.040961416449,0.060595877196,0.031870172576,0.047116099064,0.043623246981,0.040152519737,0.055592419691,0.0027780227139,8.1415898936e-08,8.9344882346e-07,7.7540850731e-07,5.2675101777e-06,0.021531933276,0.0093225419542,0.041064029262,0.0016751363411,0.0016751363411,0.0022525980708
1940.0,0.0027084232041,0.0027046799532,0.0027046992585,0.0027046992585,0.0027046992585,0.060796039886,0.056965141571,0.051009645922,0.05835283777,0.060046589658,0.043929076075,0.059866052548,0.055968595793,0.0093468390245,0.043928977661,0.052029108275,0.056530817905,0.00069244349065,0.00069244349046,0.0013996482407,0.054003740194,0.040953670743,0.060454219272,0.031685191667,0.047091647352,0.043608961526,0.039955963203,0.055412383697,0.0027409246622,7.8104897004e-08,8.5711426476e-07,7.4387438335e-07,5.0532923681e-06,0.02137723539,0.0092309211392,0.040866897654,0.0016503937237,0.0016503937237,0.0022193262378
1945.0,0.0026721613083,0.0026684681732,0.00266848722,0.00266848722,0.00266848722,0.060675263375,0.056792458228,0.050818489515,0.058271575335,0.059945752298,0.043913941461,0.059715377721,0.055791348654,0.0092553513205,0.043913843205,0.051986112178,0.056356042228,0.0006805691067,0.00068056910652,0.0013756464632,0.053819572644,0.040945926503,0.060312892454,0.031501284304,0.047067208329,0.043594680749,0.039760368704,0.055232930657,0.0027043220078,7.4928546091e-08,8.2225735102e-07,7.1362268144e-07,4.8477863153e-06,0.021223648786,0.009140200723,0.040670712137,0.0016260165615,0.0016260165615,0.0021865458332
1950.0,0.0026363848977,0.0026327412073,0.0026327599991,0.0026327599991,0.0026327599991,0.060554726793,0.056620298285,0.050628049411,0.05819042606,0.059845084255,0.043898812062,0.059565082076,0.055614662747,0.0091647590955,0.043898713964,0.051943151609,0.056181806808,0.0006688983499,0.00066889834972,0.0013520562745,0.053636033016,0.040938183726,0.06017189597,0.03131844426,0.04704278199,0.043580404648,0.039565731531,0.055054058684,0.0026682081356,7.1881370242e-08,7.8881798972e-07,6.8460124835e-07,4.6506377318e-06,0.021071165482,0.0090503718576,0.040475468171,0.0016019994567,0.0016019994567,0.0021542495989
1955.0,0.0026010874725,0.0025974925651,0.0025975111053,0.0025975111053,0.0025975111053,0.06043442966,0.056448660155,0.050438322927,0.058109389788,0.059744585245,0.043883687874,0.059415164659,0.055438536296,0.0090750535849,0.043883589934,0.051900226538,0.056008109973,0.00065742772839,0.00065742772821,0.0013288706167,0.053453119169,0.040930442414,0.060031229047,0.03113666534,0.047018368326,0.043566133222,0.039372047002,0.054875765897,0.0026325765191,6.8958116198e-08,7.5673853221e-07,6.5676005181e-07,4.4615067382e-06,0.020919777556,0.0089614257823,0.040281161242,0.0015783370914,0.0015783370914,0.002122430384
1960.0,0.0025662626204,0.0025627158427,0.0025627341347,0.0025627341347,0.0025627341347,0.060314371504,0.056277542258,0.050249307389,0.058028466362,0.059644254985,0.043868568898,0.059265624519,0.05526296753,0.0089862261098,0.043868471115,0.051857336936,0.05583495006,0.0006461538102,0.00064615381003,0.0013060825529,0.053270828972,0.040922702565,0.059890890916,0.030955941388,0.046993967332,0.04355186647,0.039179310453,0.05469805042,0.0025974207186,6.6153744337e-08,7.2596367423e-07,6.3005109425e-07,4.2800672771e-06,0.020769477141,0.0088733538222,0.040087786854,0.0015550242261,0.0015550242261,0.0020910811431
1965.0,0.0025319040146,0.0025284047223,0.0025284227694,0.0025284227694,0.0025284227694,0.060194551847,0.056106943018,0.050061000133,0.057947655623,0.05954409319,0.04385345513,0.059116460706,0.055087954685,0.0088982680761,0.043853357505,0.051814482774,0.05566232541,0.0006350732222,0.00063507322203,0.0012836852653,0.053089160298,0.04091496418,0.059750880808,0.030776266282,0.046969579001,0.043537604389,0.038987517248,0.054520910386,0.0025627343806,6.3463419987e-08,6.9644036066e-07,6.0442833006e-07,4.1060065511e-06,0.020620256426,0.0087861473876,0.039895340533,0.0015320556988,0.0015320556988,0.002060194935
1970.0,0.002498005413,0.0024945529704,0.0024945707759,0.0024945707759,0.0024945707759,0.060074970217,0.055936860861,0.049873398506,0.057866957416,0.059444099579,0.043838346569,0.058967672273,0.054913496,0.008811170974,0.043838249101,0.051771664022,0.055490234368,0.00062418264912,0.00062418264895,0.0012616720527,0.052908111029,0.040907227259,0.059611197956,0.030597633938,0.046945203326,0.043523346979,0.038796662771,0.054344343932,0.0025285112363,6.0882505092e-08,6.6811769399e-07,5.7984758618e-07,3.9390244838e-06,0.020472107659,0.0086997979734,0.03970381783,0.0015094264237,0.0015094264237,0.0020297649209
1975.0,0.0024645606573,0.0024611544371,0.0024611720042,0.0024611720042,0.0024611720042,0.059955626141,0.055767294222,0.049686499864,0.057786371583,0.059344273868,0.043823243213,0.058819258276,0.05473958972,0.0087249263768,0.043823145903,0.051728880651,0.055318675286,0.00061347883252,0.00061347883235,0.0012400363291,0.052727679054,0.0408994918,0.059471841596,0.030420038303,0.046920840301,0.043509094238,0.038606742428,0.0541683492,0.0024947451007,5.8406550215e-08,6.4094684662e-07,5.56266486e-07,3.778833202e-06,0.02032502314,0.0086142971578,0.039513214312,0.00148713139,0.00148713139,0.0019997843629
1980.0,0.0024315636713,0.0024282030548,0.0024282203867,0.0024282203867,0.0024282203867,0.059836519146,0.055598241539,0.049500301573,0.057705897969,0.059244615777,0.04380814506,0.058671217774,0.054566234099,0.0086395259405,0.043808047908,0.051686132632,0.05514764652,0.00060295856984,0.00060295856968,0.0012187716214,0.05254786227,0.040891757804,0.059332810966,0.030243473364,0.046896489919,0.043494846164,0.038417751649,0.053992924341,0.0024614298713,5.6031286867e-08,6.1488097663e-07,5.3364437623e-07,3.6251565397e-06,0.020178995226,0.008529636602,0.03932352557,0.001465165661,0.001465165661,0.0019702466228
1985.0,0.0023990084604,0.0023956928371,0.0023957099369,0.0023957099369,0.0023957099369,0.059717648763,0.055429701254,0.049314801009,0.057625536416,0.059145125023,0.04379305211,0.058523549825,0.054393427392,0.0085549614027,0.043792955114,0.051643419936,0.054977146432,0.00059261871345,0.00059261871329,0.0011978715672,0.052368658581,0.040884025271,0.059194105303,0.030067933139,0.046872152175,0.043480602756,0.038229685885,0.053818067509,0.0024285595271,5.375262015e-08,5.8987514707e-07,5.1194225691e-07,3.4777295621e-06,0.020034016329,0.0084458080489,0.039134747218,0.001443524373,0.001443524373,0.0019411451603
1990.0,0.0023668891103,0.0023636178776,0.0023636347485,0.0023636347485,0.0023636347485,0.05959901452,0.055261671814,0.049129995557,0.05754528677,0.059045801326,0.043777964359,0.058376253493,0.054221167861,0.0084712245817,0.04377786752,0.051600742533,0.054807173387,0.00058245616969,0.00058245616953,0.0011773299137,0.052190065895,0.040876294199,0.059055723849,0.029893411683,0.04684782706,0.043466364012,0.038042540611,0.053643776866,0.0023961281275,5.1566621695e-08,5.6588624849e-07,4.9112271408e-07,3.3362981084e-06,0.019890078915,0.0083628033228,0.038946874887,0.001422202734,0.001422202734,0.0019124735319
1995.0,0.0023351997855,0.0023319723494,0.0023319889944,0.0023319889944,0.0023319889944,0.05948061595,0.055094151672,0.048945882614,0.057465148873,0.058946644405,0.043762881805,0.058229327843,0.054049453776,0.008388307376,0.043762785123,0.051558100394,0.054637725757,0.00057246789793,0.00057246789778,0.0011571405148,0.052012082132,0.04086856459,0.058917665846,0.029719903085,0.046823514569,0.043452129931,0.037856311322,0.05347005058,0.0023641298112,4.9469522893e-08,5.4287292457e-07,4.7114985533e-07,3.2006183543e-06,0.019747175505,0.008280614328,0.038759904232,0.0014011960228,0.0014011960228,0.001884225389
2000.0,0.0023039347291,0.002300750503,0.0023007669252,0.0023007669252,0.0023007669252,0.059362452583,0.054927139284,0.048762459584,0.057385122571,0.058847653981,0.043747804449,0.058082771943,0.053878283409,0.0083062017635,0.043747707923,0.051515493491,0.054468801918,0.00056265090972,0.00056265090957,0.0011372973302,0.051834705216,0.040860836442,0.058779930538,0.029547401467,0.046799214695,0.043437900511,0.037670993538,0.053296886823,0.0023325587953,4.7457708394e-08,5.207955009e-07,4.5198924793e-07,3.070456391e-06,0.019605298673,0.0081992330486,0.038573830927,0.0013804995879,0.0013804995879,0.0018563944768
2005.0,0.0022730882609,0.0022699466664,0.0022699628687,0.0022699628687,0.0022699628687,0.059244523952,0.054760633111,0.048579723883,0.057305207708,0.058748829773,0.043732732286,0.057936584861,0.05370765504,0.0082248998004,0.043732635917,0.051472921794,0.054300400252,0.00055300226782,0.00055300226767,0.0011177944229,0.051657933078,0.040853109756,0.058642517171,0.029375900986,0.046774927432,0.04342367575,0.037486582796,0.053124283774,0.0023014093738,4.5527709876e-08,4.996159165e-07,4.3360785943e-07,2.9455878224e-06,0.019464441045,0.0081186515474,0.038388650668,0.0013601088466,0.0013601088466,0.0018289746331
2010.0,0.0022426547769,0.0022395552433,0.0022395712287,0.0022395712287,0.0022395712287,0.059126829592,0.054594631621,0.048397672935,0.05722540413,0.058650171503,0.043717665316,0.057790765671,0.053537566952,0.0081443936208,0.043717569104,0.051430385274,0.054132519146,0.00054351908538,0.00054351908523,0.0010986259579,0.051481763659,0.040845384531,0.058505424993,0.029205395834,0.046750652772,0.043409455648,0.03730307466,0.052952239618,0.0022706759172,4.3676200068e-08,4.7929765827e-07,4.1597400075e-07,2.825797378e-06,0.019324595302,0.0080388619651,0.038204359171,0.0013400192838,0.0013400192838,0.0018019597865
2015.0,0.0022126287481,0.0022095707122,0.0022095864836,0.0022095864836,0.0022095864836,0.059009369037,0.054429133282,0.048216304176,0.05714571168,0.058551678893,0.043702603538,0.057645313446,0.053368017435,0.0080646754357,0.043702507481,0.051387883902,0.05396515699,0.00053419852504,0.0005341985249,0.0010797862001,0.051306194902,0.040837660766,0.058368653254,0.029035880235,0.04672639071,0.043395240203,0.037120464714,0.052780752547,0.002240352871,4.1899987009e-08,4.5980569801e-07,3.9905727154e-07,2.7108785419e-06,0.019185754178,0.0079598565197,0.038020952172,0.0013202264511,0.0013202264511,0.0017753439553
2020.0,0.0021830047195,0.0021799876258,0.002180003186,0.0021800031861,0.002180003186,0.058892141821,0.054264136571,0.048035615048,0.057066130204,0.058453351663,0.043687546948,0.057500227263,0.053199004786,0.0079857375324,0.043687451047,0.051345417648,0.053798312181,0.0005250377981,0.00052503779796,0.0010612695128,0.051131224762,0.040829938462,0.058232201205,0.028867348448,0.046702141239,0.043381029412,0.036938748561,0.052609820756,0.0022104347549,4.019600855e-08,4.4110643202e-07,3.8282850774e-07,2.6006331969e-06,0.019047910455,0.0078816275056,0.037838425429,0.0013007259657,0.0013007259657,0.0017491212461
2025.0,0.0021537773091,0.0021508006095,0.0021508159614,0.0021508159614,0.0021508159614,0.058775147483,0.054099639968,0.047855603005,0.056986659548,0.058355189537,0.043672495545,0.057355506201,0.053030527303,0.0079075722737,0.043672399801,0.051302986485,0.053631983121,0.00051603416369,0.00051603416355,0.001043070356,0.050956851198,0.040822217618,0.058096068098,0.028699794763,0.046677904352,0.043366823275,0.036757921829,0.052439442449,0.0021809161618,3.8561327072e-08,4.2316762323e-07,3.6725973134e-07,2.4948712824e-06,0.018911056973,0.007804167293,0.037656774719,0.0012815135098,0.0012815135098,0.0017232858527
2030.0,0.0021249412071,0.0021220043608,0.0021220195072,0.0021220195072,0.0021220195071,0.058658385559,0.053935641957,0.047676265511,0.056907299557,0.058257192237,0.043657449328,0.057211149342,0.052862583293,0.007830172097,0.043657353739,0.051260590383,0.053466168215,0.00050718492793,0.0005071849278,0.0010251832847,0.050783072177,0.040814498235,0.057960253189,0.028533213505,0.046653680043,0.043352621791,0.036577980166,0.052269615834,0.0021517917568,3.6993124421e-08,4.0595834553e-07,3.5232410215e-07,2.3934104675e-06,0.018775186617,0.007727468327,0.037475995839,0.0012625848292,0.0012625848292,0.0016978320545
2035.0,0.0020964911746,0.002093593648,0.0020936085916,0.0020936085916,0.0020936085916,0.058541855588,0.053772141028,0.047497600038,0.056828050078,0.058159359487,0.043642408294,0.057067155769,0.052695171068,0.007753529514,0.043642312862,0.051218229312,0.053300865876,0.00049848744314,0.000498487443,0.0010076029471,0.050609885673,0.040806780311,0.057824755733,0.028367599033,0.046629468306,0.043338424956,0.036398919241,0.052100339124,0.002123056276,3.5488697054e-08,3.8944893054e-07,3.3799587148e-07,2.2960758361e-06,0.018640292329,0.0076515231269,0.037296084608,0.0012439357324,0.0012439357324,0.0016727542155
2040.0,0.0020684220429,0.0020655633096,0.0020655780531,0.0020655780531,0.0020655780531,0.058425557108,0.053609135673,0.047319604068,0.056748910957,0.058061691011,0.043627372443,0.056923524568,0.052528288944,0.0076776371093,0.043627277166,0.051175903245,0.053136074518,0.00048993910703,0.0004899391069,0.00099032408345,0.050437289666,0.040799063846,0.05768957499,0.028202945735,0.046605269133,0.043324232771,0.036220734745,0.05193161054,0.0020947045262,3.4045451372e-08,3.736109164e-07,3.242503378e-07,2.2026995856e-06,0.018506367097,0.0075763242855,0.037117036863,0.0012255620901,0.0012255620901,0.0016480467827
2045.0,0.0020407287126,0.0020379082532,0.0020379227993,0.0020379227993,0.0020379227993,0.05830948966,0.053446624392,0.047142275092,0.056669882039,0.057964186532,0.043612341772,0.056780254828,0.052361935244,0.0076024875404,0.04361224665,0.051133612151,0.052971792563,0.00048153736195,0.00048153736182,0.00097334152397,0.050265282144,0.04079134884,0.057554710218,0.028039248035,0.046581082518,0.043310045233,0.036043422389,0.051763428308,0.0020667313833,3.2660899254e-08,3.5841699877e-07,3.1106380413e-07,2.1131207375e-06,0.018373403962,0.0075018644685,0.036938848461,0.0012074598337,0.0012074598337,0.0016237042854
2050.0,0.0020134061523,0.0020106234544,0.0020106378058,0.0020106378058,0.0020106378057,0.058193652785,0.053284605687,0.046965610613,0.056590963171,0.057866845775,0.043597316279,0.056637345639,0.052196108293,0.0075280735366,0.043597221312,0.051091356003,0.052808018437,0.00047327969411,0.00047327969398,0.00095665018762,0.050093861101,0.040783635294,0.057420160681,0.027876500388,0.046556908456,0.043295862341,0.035866977905,0.051595790659,0.0020391317915,3.1332653763e-08,3.4384098366e-07,2.9841353719e-07,2.0271848601e-06,0.018241396013,0.0074281364136,0.036761515281,0.0011896249548,0.0011896249549,0.0015997213336
2055.0,0.0019864493982,0.0019837039563,0.0019837181155,0.0019837181155,0.0019837181155,0.058078046026,0.053123078066,0.046789608139,0.056512154201,0.057769668466,0.043582295962,0.056494796094,0.052030806426,0.0074543878983,0.043582201151,0.051049134771,0.05264475057,0.00046516363281,0.00046516363268,0.00094024508046,0.049923024538,0.040775923206,0.05728592564,0.027714697281,0.046532746938,0.043281684094,0.035691397047,0.051428695829,0.0020119007628,3.0058425037e-08,3.2985774239e-07,2.8627772823e-07,1.9447438018e-06,0.018110336392,0.0073551329297,0.03658503322,0.0011720535044,0.0011720535044,0.0015760926168
2060.0,0.0019598535529,0.0019571448681,0.0019571588378,0.0019571588378,0.0019571588378,0.057962668924,0.05296204004,0.046614265191,0.056433454974,0.05767265433,0.04356728082,0.056352605288,0.051866027979,0.0073814234964,0.043567186164,0.051006948427,0.052481987399,0.00045718674973,0.00045718674961,0.00092412129419,0.049752770463,0.040768212576,0.057152004362,0.027553833234,0.046508597959,0.04326751049,0.035516675589,0.051262142063,0.0019850333756,2.8836016334e-08,3.1644316815e-07,2.7463545538e-07,1.8656554363e-06,0.017980218286,0.0072828468967,0.036409398195,0.0011547415915,0.0011547415915,0.0015528129031
2065.0,0.0019336137845,0.0019309413648,0.0019309551474,0.0019309551474,0.0019309551474,0.057847521024,0.052801490125,0.046439579297,0.056354865339,0.057575803093,0.043552270852,0.056210772318,0.051701771297,0.0073091732715,0.04355217635,0.050964796941,0.052319727363,0.0004493466582,0.00044934665808,0.0009082740047,0.049583096891,0.040760503404,0.057018396113,0.027393902796,0.046484461513,0.043253341526,0.035342809326,0.051096127607,0.0019585247741,2.766332025e-08,3.0357413455e-07,2.6346664764e-07,1.789783417e-06,0.017851034933,0.0072112712641,0.036234606142,0.0011376853827,0.0011376853827,0.0015298770377
2070.0,0.0019077253258,0.0019050886857,0.0019051022838,0.0019051022838,0.0019051022838,0.05773260187,0.052641426844,0.046265547995,0.056276385143,0.057479114482,0.043537266054,0.056069296284,0.051538034727,0.0072376302334,0.043537171707,0.050922680285,0.052157968908,0.00044164101246,0.00044164101234,0.00089269847056,0.049414001844,0.04075279569,0.056885100162,0.027234900552,0.046460337592,0.043239177203,0.035169794074,0.050930650718,0.0019323701671,2.6538315084e-08,2.9122845567e-07,2.5275205025e-07,1.7169969425e-06,0.017722779621,0.0071403990508,0.036060653018,0.0011208811013,0.0011208811013,0.0015072799421
2075.0,0.0018821834735,0.0018795821339,0.00187959555,0.00187959555,0.0018795955499,0.057617911008,0.05248184872,0.046092168834,0.056198014233,0.057382588223,0.043522266426,0.055928176289,0.051374816622,0.0071667874602,0.043522172234,0.050880598431,0.051996710483,0.00043406750697,0.00043406750685,0.00087739003168,0.049245483349,0.040745089434,0.056752115778,0.027076821115,0.04643622619,0.043225017518,0.034997625667,0.050765709654,0.0019065648278,2.5459061355e-08,2.7938484785e-07,2.424731915e-07,1.6471705304e-06,0.017595445683,0.0070702233445,0.035887534797,0.0011043250263,0.0011043250263,0.0014850166126
2080.0,0.0018569835872,0.0018544170755,0.001854430312,0.001854430312,0.0018544303119,0.057503447985,0.052322754284,0.045919439368,0.056119752457,0.057286224045,0.043507271966,0.055787411435,0.051212115343,0.0070966380979,0.043507177928,0.050838551348,0.051835950544,0.00042662387575,0.00042662387564,0.00086234410786,0.049077539443,0.040737384635,0.056619442235,0.026919659131,0.046412127301,0.04321086247,0.034826299963,0.05060130268,0.0018811040922,2.4423698453e-08,2.6802289298e-07,2.3261235087e-07,1.5801838017e-06,0.017469026502,0.0070007373005,0.035715247475,0.0010880134916,0.0010880134916,0.0014630821196
2085.0,0.0018321210886,0.0018295889386,0.0018296019978,0.0018296019978,0.0018296019978,0.057389212347,0.052164142071,0.045747357165,0.056041599664,0.057190021674,0.043492282671,0.055647000831,0.051049929252,0.0070271753595,0.043492188787,0.050796539009,0.051675687551,0.00041930789167,0.00041930789156,0.00084755619746,0.048910168165,0.040729681293,0.056487078804,0.026763409275,0.046388040919,0.043196712058,0.034655812838,0.050437428069,0.0018559833587,2.3430441437e-08,2.5712300332e-07,2.2315252849e-07,1.515921273e-06,0.017343515509,0.0069319341415,0.035543787066,0.0010719428853,0.0010719428853,0.0014414716062
2090.0,0.0018075914607,0.0018050932123,0.0018051060967,0.0018051060967,0.0018051060967,0.057275203644,0.052006010618,0.045575919799,0.055963555701,0.057093980841,0.04347729854,0.055506943583,0.050888256719,0.0069583925244,0.043477204811,0.050754561386,0.051515919966,0.00041211736578,0.00041211736566,0.00083302187601,0.048743367566,0.040721979407,0.056355024763,0.026608066255,0.046363967036,0.043182566279,0.034486160188,0.050274084096,0.001831198087,2.2477577955e-08,2.4666638771e-07,2.1407741587e-07,1.454272157e-06,0.017218906179,0.0068638071568,0.035373149602,0.001056109649,0.001056109649,0.0014201802872
2095.0,0.0017833902471,0.0017809254464,0.0017809381583,0.0017809381583,0.0017809381582,0.057161421424,0.05184835847,0.045405124854,0.055885620416,0.056998101272,0.043462319572,0.055367238805,0.050727096118,0.0068902829379,0.043462225997,0.050712618448,0.05135664626,0.00040505014666,0.00040505014655,0.00081873679491,0.048577135699,0.040714278978,0.056223279388,0.026453624809,0.046339905646,0.043168425132,0.03431733793,0.050111269044,0.0018067437977,2.1563465293e-08,2.3663501919e-07,2.0537136772e-07,1.3951301721e-06,0.017095192038,0.0067963497016,0.035203331135,0.0010405102767,0.0010405102767,0.0013992034482
2100.0,0.0017595130508,0.0017570812501,0.0017570937917,0.0017570937917,0.0017570937917,0.057047865238,0.051691184173,0.045234969922,0.05580779366,0.056902382698,0.043447345765,0.055227885607,0.050566445828,0.0068228400102,0.043447252343,0.050670710168,0.051197864907,0.00039810411982,0.00039810411971,0.00080469668016,0.048411470626,0.040706580005,0.056091841957,0.026300079705,0.046315856743,0.043154288617,0.034149342001,0.049948981201,0.0017826160708,2.0686527543e-08,2.2701160393e-07,1.97019375e-07,1.338393359e-06,0.016972366655,0.0067295551965,0.035034327738,0.001025141314,0.001025141314,0.0013785364443
2105.0,0.0017359555339,0.0017335562913,0.0017335686651,0.0017335686651,0.001733568665,0.056934534636,0.05153448628,0.045065452607,0.05573007528,0.056806824848,0.043432377116,0.055088883107,0.050406304235,0.0067560572161,0.043432283848,0.050628836517,0.051039574384,0.00039127720699,0.00039127720688,0.00079089733101,0.048246370416,0.040698882487,0.055960711751,0.026147425742,0.046291820321,0.04314015673,0.033982168357,0.049787218859,0.0017588105458,1.9845252882e-08,2.1777955137e-07,1.8900703909e-07,1.2839639048e-06,0.016850423648,0.0066634171266,0.034866135498,0.0010099993579,0.0010099993579,0.0013581746993
2110.0,0.0017127134165,0.0017103462961,0.0017103585042,0.0017103585042,0.0017103585042,0.056821429171,0.051378263346,0.044896570518,0.055652465125,0.056711427453,0.043417413624,0.054950230421,0.050246669728,0.0066899280945,0.04341732051,0.050586997466,0.050881773176,0.00038456736555,0.00038456736544,0.00077733461877,0.048081833143,0.040691186425,0.055829888053,0.02599565775,0.046267796372,0.043126029471,0.033815812975,0.049625980319,0.00173532292,1.9038190975e-08,2.0892294567e-07,1.8132054691e-07,1.2317479743e-06,0.016729356678,0.0065979290411,0.034698750526,0.00099508105539,0.00099508105539,0.0013381137046
2115.0,0.0016897824759,0.0016874470478,0.0016874590924,0.0016874590924,0.0016874590924,0.056708548394,0.051222513934,0.044728321275,0.055574963045,0.056616190243,0.043402455287,0.05481192667,0.050087540702,0.0066244462473,0.043402362326,0.050545192987,0.050724459769,0.00037797258792,0.00037797258782,0.00076400448554,0.047917856888,0.040683491819,0.055699370145,0.025844770587,0.04624378489,0.043111906839,0.033650271851,0.049465263884,0.0017121489484,1.8263950465e-08,2.0042651825e-07,1.7394664711e-07,1.1816555484e-06,0.016609159455,0.0065330845525,0.034532168948,0.00098038310311,0.00098038310311,0.001318349018
2120.0,0.0016671585462,0.0016648543859,0.0016648662692,0.0016648662692,0.0016648662692,0.056595891861,0.051067236607,0.044560702509,0.05549756889,0.056521112948,0.043387502104,0.054673970975,0.049928915556,0.0065596053389,0.043387409296,0.050503423051,0.050567632657,0.00037149090094,0.00037149090084,0.000750902943,0.04775443974,0.040675798668,0.055569157314,0.025694759141,0.04621978587,0.043097788831,0.033485541,0.049305067864,0.0016892844426,1.7521196579e-08,1.9227562147e-07,1.6687262727e-07,1.1336002691e-06,0.01648982573,0.0064688773361,0.034366386909,0.00096590224644,0.00096590224644,0.001298876263
2125.0,0.0016448375169,0.0016425642058,0.0016425759301,0.0016425759301,0.0016425759301,0.056483459125,0.050912429935,0.044393711855,0.055420282509,0.056426195302,0.043372554072,0.054536362461,0.049770792696,0.0064953990961,0.043372461418,0.05046168763,0.050411290337,0.00036512036528,0.00036512036518,0.00073802607123,0.047591579793,0.040668106971,0.055439248846,0.025545618332,0.046195799303,0.043083675446,0.033321616457,0.049145390574,0.0016667252701,1.6808648827e-08,1.8445620337e-07,1.6008629195e-07,1.0874992901e-06,0.016371349301,0.0064053011295,0.034201400574,0.00095163527884,0.00095163527884,0.0012796911279
2130.0,0.0016228153328,0.001620572458,0.0016205840253,0.0016205840253,0.0016205840252,0.056371249742,0.050758092492,0.044227346961,0.055343103752,0.056331437036,0.04335761119,0.054399100254,0.049613170531,0.0064318213066,0.043357518689,0.050419986695,0.050255431311,0.00035885907486,0.00035885907477,0.00072537001752,0.047429275148,0.040660416729,0.055309644031,0.025397343108,0.046171825185,0.043069566683,0.033158494277,0.048986230336,0.0016444673537,1.6125078793e-08,1.7695478346e-07,1.5357594165e-07,1.0432731345e-06,0.016253724013,0.0063423497316,0.034037206127,0.00093757904111,0.00093757904111,0.0012607893646
2135.0,0.0016010879929,0.0015988751468,0.0015988865592,0.0015988865592,0.0015988865592,0.056259263268,0.050604222856,0.044061605482,0.055266032469,0.056236837881,0.043342673457,0.054262183483,0.049456047477,0.0063688658195,0.043342581108,0.050378320217,0.050100054084,0.00035270515631,0.00035270515622,0.00071293099523,0.047267523912,0.040652727941,0.055180342158,0.025249928444,0.046147863508,0.04305546254,0.032996170533,0.048827585475,0.0016225066705,1.5469308019e-08,1.6975842947e-07,1.4733035269e-07,1.0008455573e-06,0.01613694375,0.0062800170023,0.033873799766,0.00092373042074,0.00092373042074,0.0012421667875
2140.0,0.0015796515497,0.0015774683304,0.00157747959,0.00157747959,0.00157747959,0.05614749926,0.050450819609,0.043896485083,0.055189068511,0.056142397572,0.043327740869,0.054125611279,0.049299421953,0.0063065265435,0.043327648674,0.050336688169,0.049945157169,0.00034665676837,0.00034665676828,0.00070070528265,0.047106324199,0.040645040606,0.05505134252,0.025103369349,0.046123914267,0.043041363016,0.032834641319,0.048669454323,0.0016008392513,1.484020597e-08,1.6285473504e-07,1.4133875783e-07,9.6014341452e-07,0.016021002444,0.006218296862,0.033711177713,0.00091008635118,0.00091008635118,0.0012238192732
2145.0,0.0015585021087,0.0015563481195,0.0015563592284,0.0015563592284,0.0015563592283,0.056035957276,0.050297881339,0.043731983436,0.055112211728,0.056048115841,0.043312813426,0.053989382775,0.049143292385,0.0062447974473,0.043312721384,0.050295090522,0.049790739081,0.00034071210135,0.00034071210126,0.00068868922189,0.046945674128,0.040637354726,0.054922644411,0.024957660857,0.046099977453,0.043027268109,0.032673902746,0.048511835217,0.0015794611802,1.4236688091e-08,1.5623179838e-07,1.3559082768e-07,9.2109653649e-07,0.015905894068,0.0061571832906,0.033549336203,0.00089664381117,0.00089664381117,0.0012057427589
2150.0,0.0015376358275,0.001535510677,0.0015355216371,0.0015355216371,0.0015355216371,0.055924636876,0.050145406635,0.043568098222,0.055035461971,0.055953992422,0.043297891126,0.053853497106,0.048987657202,0.0061836725586,0.043297799236,0.050253527247,0.04963679834,0.0003348693766,0.00033486937651,0.00067687921778,0.046785571828,0.040629670299,0.054794247126,0.024812798032,0.046076053062,0.043013177818,0.032513950946,0.048354726499,0.0015583685931,1.365771393e-08,1.4987820169e-07,1.3007665295e-07,8.8363760736e-07,0.015791612641,0.0060966703273,0.033388271492,0.00088339982406,0.00088339982406,0.0011879332419
2155.0,0.001517048915,0.0015149522171,0.0015149630305,0.0015149630305,0.0015149630305,0.05581353762,0.049993394094,0.043404827133,0.054958819091,0.055860027049,0.043282973967,0.053717953409,0.04883251484,0.0061231459634,0.043282882229,0.050211998315,0.049483333471,0.00032912684597,0.00032912684588,0.00066527173682,0.04662601543,0.040621987325,0.054666149961,0.024668775966,0.046052141087,0.04299909214,0.032354782068,0.048198126518,0.0015375576779,1.3102285348e-08,1.4378299152e-07,1.2478672734e-07,8.477020488e-07,0.015678152222,0.0060367520697,0.033227979854,0.0008703514572,0.0008703514572,0.0011703867788
2160.0,0.0014967376309,0.0014946690048,0.0014946796734,0.0014946796734,0.0014946796734,0.055702659067,0.049841842314,0.043242167867,0.054882282938,0.055766219458,0.043268061947,0.053582750824,0.048677863739,0.0060632118057,0.043267970362,0.0501705037,0.049330343004,0.00032348279129,0.0003234827912,0.00065386330608,0.046467003074,0.040614305803,0.054538352217,0.024525589783,0.046028241521,0.042985011076,0.032196392282,0.048042033626,0.0015170246733,1.2569444801e-08,1.3793565987e-07,1.1971193113e-07,8.1322790875e-07,0.015565506915,0.0059774226737,0.033068457579,0.00085749582121,0.00085749582121,0.0011530994841
2165.0,0.0014766982852,0.0014746573549,0.0014746678807,0.0014746678807,0.0014746678807,0.055592000779,0.0496907499,0.043080118131,0.054805853366,0.055672569383,0.043253155065,0.053447888493,0.048523702342,0.0060038642867,0.043253063632,0.050129043371,0.049177825472,0.00031793552384,0.00031793552375,0.0006426505122,0.046308532906,0.040606625735,0.054410853193,0.02438323463,0.046004354357,0.042970934622,0.032038777775,0.047886446182,0.0014967658681,1.2058273683e-08,1.3232612608e-07,1.148435155e-07,7.8015575461e-07,0.015453670865,0.0059186763523,0.032909700977,0.00084483006942,0.00084483006942,0.0011360675299
2170.0,0.001456927237,0.0014549136318,0.0014549240167,0.0014549240167,0.0014549240166,0.05548156232,0.049540115459,0.042918675642,0.054729530224,0.055579076559,0.043238253318,0.05331336556,0.048370029101,0.0059450976646,0.043238162037,0.050087617302,0.049025779414,0.00031248338388,0.00031248338379,0.00063163000033,0.046150603078,0.040598947118,0.05428365219,0.024241705685,0.04598047959,0.042956862778,0.031881934753,0.047731362549,0.0014767776007,1.1567890748e-08,1.2694471944e-07,1.101730874e-07,7.4842857076e-07,0.01534263826,0.0058605073757,0.032751706373,0.00083235139719,0.00083235139719,0.0011192871448
2175.0,0.0014374208943,0.0014354342483,0.0014354444941,0.0014354444942,0.0014354444941,0.055371343252,0.049389937604,0.042757838125,0.054653313365,0.055485740724,0.043223356706,0.05317918117,0.04821684247,0.0058869062535,0.043223265576,0.050046225462,0.048874203373,0.00030712474011,0.00030712474003,0.00062079847317,0.045993211747,0.040591269954,0.054156748513,0.024100998154,0.045956617213,0.042942795542,0.031725859441,0.047576781097,0.0014570562585,1.1097450587e-08,1.2178216254e-07,1.0569259514e-07,7.1799166026e-07,0.015232403328,0.00580291007,0.032594470113,0.0008200570413,0.0008200570413,0.0011027546132
2180.0,0.0014181757131,0.0014162156655,0.0014162257741,0.0014162257741,0.0014162257741,0.055261343139,0.049240214951,0.042597603313,0.054577202641,0.055392561612,0.043208465225,0.053045334473,0.048064140908,0.0058292844234,0.043208374247,0.050004867826,0.048723095896,0.00030185798922,0.00030185798914,0.00061015268996,0.045836357079,0.040583594241,0.054030141467,0.023961107271,0.04593276722,0.042928732913,0.031570548082,0.0474227002,0.0014375982771,1.0646142171e-08,1.1682955524e-07,1.0139431445e-07,6.8879255061e-07,0.01512296034,0.0057458788174,0.032437988557,0.00080794427935,0.00080794427935,0.0010864662742
2185.0,0.001399188197,0.0013972543915,0.0013972643649,0.0013972643649,0.0013972643648,0.055151561546,0.04909094612,0.042437968947,0.054501197904,0.055299538962,0.043193578875,0.052911824618,0.04791192288,0.0057722265991,0.043193488049,0.049963544363,0.048572455536,0.0002966815554,0.00029668155532,0.0005996894655,0.045680037245,0.04057591998,0.053903830359,0.023822028297,0.045908929603,0.042914674889,0.031415996938,0.047269118237,0.0014184001396,1.0213187456e-08,1.1207835937e-07,9.7270835182e-08,6.6078090321e-07,0.015014303607,0.0056894080551,0.032282258085,0.00079601042915,0.00079601042915,0.0010704185211
2190.0,0.0013804548963,0.0013785469816,0.0013785568214,0.0013785568214,0.0013785568214,0.055041998041,0.048942129737,0.042278932777,0.054425299007,0.05520667251,0.043178697653,0.052778650757,0.047760186855,0.0057157272604,0.043178606978,0.049922255046,0.048422280849,0.00029159388984,0.00029159388976,0.00058940566921,0.045524250421,0.04056824717,0.053777814497,0.023683756519,0.045885104357,0.042900621468,0.031262202288,0.047116033593,0.0013994583761,9.7978400377e-09,1.0752038397e-07,9.3315048568e-08,6.3390842665e-07,0.014906427483,0.005633492275,0.032127275094,0.00078425284813,0.00078425284813,0.0010546078003
2195.0,0.0013619724074,0.001360090037,0.001360099745,0.001360099745,0.001360099745,0.054932652188,0.04879376443,0.042120492564,0.054349505802,0.055113961995,0.043163821559,0.052645812046,0.047608931308,0.0056597809407,0.043163731035,0.049880999847,0.048272570395,0.00028659347029,0.00028659347022,0.00057929822422,0.045368994791,0.04056057581,0.053652093191,0.023546287255,0.045861291476,0.042886572649,0.031109160431,0.046963444659,0.0013807695631,9.399383867e-09,1.031477712e-07,8.9520134919e-08,6.0812879341e-07,0.014799326361,0.0055781260233,0.031973035996,0.00077266893273,0.00077266893273,0.0010390306109
2200.0,0.0013437373724,0.0013418802042,0.0013418897823,0.0013418897823,0.0013418897823,0.054823523556,0.048645848832,0.041962646072,0.054273818142,0.055021407154,0.043148950589,0.052513307641,0.047458154717,0.0056043822272,0.043148860217,0.049839778737,0.048123322741,0.00028167880064,0.00028167880056,0.00056936410638,0.045214268544,0.040552905902,0.053526665753,0.023409615847,0.045837490952,0.042872528431,0.030956867683,0.046811349829,0.0013623303228,9.0171320148e-09,9.8952982786e-08,8.5879551893e-08,5.8339755999e-07,0.014692994673,0.0055233038995,0.031819537224,0.00076125611786,0.00076125611786,0.0010236835036
2205.0,0.0013257464783,0.001323914175,0.0013239236248,0.0013239236248,0.0013239236248,0.054714611713,0.04849838158,0.041805391078,0.054198235879,0.054929007726,0.043134084743,0.052381136701,0.047307855565,0.00554952576,0.043133994521,0.049798591688,0.047974536456,0.00027684841039,0.00027684841032,0.00055960034344,0.045060069875,0.040545237443,0.053401531496,0.023273737665,0.045813702779,0.042858488812,0.030805320379,0.046659747505,0.0013441373224,8.6504254877e-09,9.4928787003e-08,8.238702321e-08,5.5967209034e-07,0.014587426894,0.0054690205563,0.031666775225,0.00075001187632,0.00075001187632,0.00100856308
2210.0,0.0013079964566,0.0013061886851,0.0013061980084,0.0013061980084,0.0013061980084,0.05460591623,0.048351361316,0.041648725366,0.054122758869,0.05483676345,0.043119224018,0.052249298386,0.047158032343,0.0054952062316,0.043119133948,0.049757438673,0.047826210114,0.00027210085429,0.00027210085422,0.00055000401408,0.044906396988,0.040537570435,0.053276689736,0.023138648106,0.045789926952,0.04284445379,0.030654514869,0.046508636091,0.0013261872738,8.2986320923e-09,9.1068246232e-08,7.9036527832e-08,5.3691148229e-07,0.014482617535,0.005415270699,0.031514746464,0.00073893371822,0.00073893371822,0.00099366599198
2215.0,0.0012904840822,0.0012887005143,0.0012887097128,0.0012887097128,0.0012887097127,0.054497436675,0.048204786685,0.041492646727,0.054047386962,0.054744674066,0.043104368413,0.052117791861,0.047008683542,0.0054414183864,0.043104278493,0.049716319662,0.047678342293,0.00026743471186,0.00026743471179,0.00054057224711,0.044753248088,0.040529904877,0.053152139788,0.023004342594,0.045766163463,0.042830423365,0.030504447525,0.046358013998,0.0013084769325,7.961145345e-09,8.7364704993e-08,7.5822289584e-08,5.1507649709e-07,0.01437856115,0.0053620490849,0.031363447423,0.00072801919046,0.00072801919046,0.00097898894085
2220.0,0.0012732061736,0.0012714464851,0.0012714555604,0.0012714555604,0.0012714555604,0.05438917262,0.048058656338,0.041337152962,0.053972120015,0.054652739314,0.043089517926,0.05198661629,0.046859807662,0.0053881570204,0.043089428157,0.049675234629,0.047530931577,0.00026284858697,0.0002628485869,0.00053130222056,0.044600621391,0.040522240768,0.05302788097,0.022870816579,0.045742412307,0.042816397534,0.030355114734,0.046207879643,0.0012910030976,7.6373834264e-09,8.3811778466e-08,7.2738767193e-08,4.9412949175e-07,0.01427525233,0.0053093505228,0.031212874602,0.00071726587616,0.00071726587616,0.0009645286766
2225.0,0.0012561595916,0.0012544234628,0.0012544324166,0.0012544324166,0.0012544324166,0.054281123637,0.047912968926,0.04118224188,0.053896957879,0.054560958934,0.043074672555,0.05185577084,0.046711403205,0.0053354169805,0.043074582937,0.049634183544,0.047383976554,0.00025834110745,0.00025834110738,0.00052219116083,0.044448515117,0.040514578108,0.052903912603,0.022738065538,0.045718673476,0.042802376296,0.030206512901,0.046058231446,0.0012737626109,7.3267881786e-09,8.0403341489e-08,6.9780644739e-08,4.740343541e-07,0.014172685706,0.0052571698725,0.031063024515,0.00070667139416,0.00070667139416,0.00095028199727
2230.0,0.0012393412392,0.0012376283547,0.0012376371886,0.0012376371886,0.0012376371886,0.054173289298,0.047767723109,0.041027911296,0.05382190041,0.054469332667,0.043059832299,0.051725254682,0.046563468678,0.0052831931639,0.043059742831,0.04959316638,0.047237475814,0.00025391092464,0.00025391092458,0.00051323634192,0.044296927491,0.040506916897,0.052780234008,0.022606084974,0.045694946964,0.042788359649,0.030058638449,0.045909067834,0.0012567523563,7.0288241427e-09,7.7133517996e-08,6.6942822487e-08,4.547564406e-07,0.014070855945,0.0052055020442,0.030913893696,0.00069623339844,0.00069623339844,0.00093624574816
2235.0,0.0012227480606,0.0012210581093,0.0012210668249,0.0012210668249,0.0012210668249,0.054065669178,0.047622917547,0.040874159037,0.053746947461,0.054377860254,0.043044997156,0.051595066985,0.046416002594,0.0052314805179,0.043044907838,0.049552183109,0.047091427954,0.00024955671304,0.00024955671297,0.00050443508456,0.044145856746,0.040499257135,0.052656844507,0.022474870415,0.045671232766,0.042774347592,0.029911487819,0.045760387238,0.0012399692593,6.7429776356e-09,7.3996670887e-08,6.42204081e-08,4.3626251659e-07,0.013969757756,0.0051543419984,0.030765478692,0.00068594957765,0.00068594957765,0.00092241682117
2240.0,0.0012063770413,0.001204709716,0.001204718315,0.001204718315,0.001204718315,0.05395826285,0.047478550907,0.040720982934,0.053672098887,0.054286541438,0.043030167123,0.051465206925,0.046269003471,0.0051802740391,0.043030077956,0.049511233702,0.046945831575,0.00024527716984,0.00024527716977,0.00049578475541,0.04399530112,0.040491598822,0.052533743425,0.022344417416,0.045647530874,0.042760340124,0.029765057469,0.045612188093,0.0012234102865,6.4687558645e-09,7.0987392312e-08,6.1608708197e-08,4.1852069896e-07,0.013869385884,0.0051036847448,0.030617776071,0.00067581765456,0.00067581765456,0.00090879215411
2245.0,0.0011902252069,0.0011885802048,0.0011885886886,0.0011885886886,0.0011885886886,0.053851069891,0.047334621859,0.04056838083,0.053597354543,0.054195375959,0.0430153422,0.051335673676,0.046122469829,0.0051295687733,0.043015253182,0.049470318132,0.046800685281,0.0002410710146,0.00024107101453,0.0004872827663,0.043845258857,0.040483941956,0.052410930088,0.022214721558,0.045623841282,0.042746337243,0.029619343874,0.045464468843,0.0012070724449,6.2056860776e-09,6.8100494345e-08,5.9103220268e-08,4.0150040125e-07,0.013769735111,0.0050535253424,0.030470782413,0.00066583538561,0.00066583538561,0.00089536873002
2250.0,0.0011742896229,0.001172666645,0.0011726750152,0.0011726750152,0.0011726750152,0.053744089876,0.047191129077,0.040416350573,0.053522714284,0.054104363561,0.043000522385,0.051206466416,0.045976400196,0.0050793598146,0.043000433516,0.049429436371,0.046655987681,0.00023693698882,0.00023693698875,0.00047892657345,0.043695728208,0.040476286538,0.052288403823,0.022085778447,0.045600163984,0.042732338948,0.029474343526,0.045317227932,0.0011909527817,5.9533147487e-09,6.533100004e-08,5.6699624913e-08,3.8517228085e-07,0.013670800258,0.0050038588985,0.030324494318,0.00065600056033,0.00065600056033,0.00088214357649
2255.0,0.0011585673939,0.0011569661454,0.0011569744036,0.0011569744036,0.0011569744036,0.053637322381,0.047048071238,0.040264890021,0.053448177964,0.054013503987,0.042985707674,0.051077584325,0.045830793102,0.0050296423052,0.042985618956,0.049388588391,0.046511737388,0.00023287385559,0.00023287385552,0.00047071367669,0.043546707428,0.040468632568,0.052166163961,0.021957583716,0.045576498974,0.042718345236,0.029330052936,0.045170463813,0.0011750483832,5.7112067955e-09,6.2674134855e-08,5.4393778387e-08,3.6950818846e-07,0.013572576183,0.0049546805688,0.030178908399,0.00064631100094,0.00064631100094,0.00086911376503
2260.0,0.0011430556636,0.0011414758536,0.0011414840012,0.0011414840013,0.0011414840012,0.053530766986,0.046905447024,0.04011399704,0.053373745439,0.05392279698,0.042970898068,0.050949026585,0.045685647083,0.0049804114347,0.0429708095,0.049347774164,0.046367933021,0.00022888039921,0.00022888039915,0.00046264161872,0.043398194779,0.040460980046,0.052044209831,0.02183013302,0.045552846244,0.042704356107,0.029186468628,0.045024174941,0.001159356375,5.4789448295e-09,6.0125318415e-08,5.2181705465e-08,3.5448111956e-07,0.013475057779,0.0049059855563,0.030034021288,0.0006367645618,0.0006367645618,0.00085627641037
2265.0,0.0011277516137,0.0011261929552,0.0011262009937,0.0011262009937,0.0011262009937,0.053424423269,0.046763255121,0.039963669501,0.053299416564,0.053832242284,0.042956093564,0.05082079238,0.045540960679,0.00493166244,0.042956005145,0.049306993663,0.0462245732,0.00022495542483,0.00022495542477,0.00045470798439,0.04325018853,0.04045332897,0.051922540765,0.021703422043,0.04552920579,0.042690371559,0.029043587149,0.044878359779,0.0011438739208,5.2561284365e-09,5.7680156621e-08,5.0059592586e-08,3.4006516783e-07,0.013378239978,0.0048577691112,0.029889829632,0.00062735912898,0.00062735912898,0.00084362866989
2270.0,0.0011126524638,0.0011111146735,0.0011111226044,0.0011111226044,0.0011111226044,0.053318290808,0.04662149422,0.039813905288,0.053225191196,0.053741839643,0.042941294161,0.050692880895,0.045396732436,0.0048833906046,0.042941205891,0.049266246858,0.046081656553,0.00022109775809,0.00022109775803,0.00044691039996,0.043102686955,0.040445679341,0.051801156098,0.021577446492,0.045505577603,0.042676391591,0.028901405057,0.044733016793,0.0011285982221,5.0423734863e-09,5.5334434071e-08,4.8023781277e-08,3.2623548051e-07,0.013282117749,0.0048100265306,0.029746330095,0.00061809261975,0.00061809261975,0.00083116774294
2275.0,0.0010977554704,0.001096238269,0.0010962460937,0.0010962460937,0.0010962460937,0.053212369186,0.046480163014,0.039664702289,0.053151069189,0.053651588803,0.042926499856,0.050565291319,0.045252960903,0.0048355912579,0.042926411735,0.049225533723,0.04593918171,0.00021730624476,0.0002173062447,0.00043924653239,0.042955688333,0.040438031159,0.051680055166,0.021452202099,0.045481961679,0.0426624162,0.02875991893,0.044588144454,0.0011135265181,4.8373114703e-09,5.3084106793e-08,4.6070761845e-08,3.1296821554e-07,0.013186686093,0.0047627531574,0.029603519354,0.00060896298216,0.00060896298216,0.00081889087023
2280.0,0.0010830579271,0.0010815610389,0.0010815687589,0.0010815687589,0.0010815687589,0.053106657982,0.046339260201,0.039516058401,0.0530770504,0.053561489507,0.042911710648,0.050438022842,0.045109644633,0.0047882597753,0.042911622676,0.049184854229,0.045797147305,0.00021357975041,0.00021357975035,0.00043171408864,0.04280919095,0.040430384423,0.051559237304,0.021327684621,0.04545835801,0.042648445386,0.028619125363,0.044443741239,0.0010986560847,4.6405888664e-09,5.0925295277e-08,4.4197167332e-08,3.0024050047e-07,0.013091940051,0.0047159443808,0.029461394106,0.00059996819456,0.00059996819456,0.00080679533323
2285.0,0.0010685571636,0.0010670803166,0.0010670879333,0.0010670879333,0.0010670879333,0.053001156778,0.046198784482,0.03936797153,0.053003134686,0.053471541503,0.042896926535,0.050311074655,0.044966782187,0.0047413915774,0.042896838712,0.049144208349,0.045655551977,0.00020991716006,0.00020991716,0.00042431081503,0.042663193097,0.040422739133,0.051438701851,0.02120388984,0.045434766591,0.042634479147,0.028479020966,0.044299805628,0.001083984234,4.4518665294e-09,4.8854277781e-08,4.2399767703e-08,2.88030393e-07,0.012997874698,0.0046695956348,0.029319951061,0.00059110626517,0.00059110626517,0.00079487845357
2290.0,0.0010542505452,0.0010527934712,0.0010528009859,0.0010528009859,0.0010528009859,0.052895865159,0.046058734564,0.039220439588,0.052929321903,0.053381744535,0.042882147516,0.050184445953,0.044824372128,0.0046949821296,0.042882059842,0.049103596055,0.045514394369,0.00020631737785,0.0002063173778,0.00041703449648,0.042517693071,0.040415095288,0.051318448149,0.021080813562,0.045411187414,0.042620517481,0.028339602367,0.044156336108,0.0010695083142,4.2708191064e-09,4.686748392e-08,4.0675464285e-08,2.7631684321e-07,0.012904485145,0.0046237023985,0.029179186946,0.00058237523161,0.00058237523161,0.00078313759241
2295.0,0.0010401354728,0.001038697907,0.001038705321,0.0010387053211,0.001038705321,0.052790782706,0.045919109155,0.039073460496,0.052855611907,0.053292098351,0.042867373588,0.050058135933,0.044682413022,0.0046490269415,0.042867286063,0.04906301732,0.045373673129,0.00020277932672,0.00020277932667,0.00040988295591,0.042372689177,0.040407452889,0.051198475537,0.020958451617,0.045387620474,0.042606560387,0.02820086621,0.044013331171,0.0010552257089,4.0971344759e-09,4.4961488508e-08,3.9021284417e-08,2.650796572e-07,0.012811766537,0.0045782601954,0.029039098504,0.0005737731605,0.0005737731605,0.00077157014992
2300.0,0.0010262093817,0.001024791063,0.0010247983778,0.0010247983778,0.0010247983778,0.052685909005,0.04577990697,0.038927032182,0.052782004555,0.053202602696,0.04285260475,0.049932143791,0.044540903443,0.004603521567,0.042852517373,0.049022472115,0.045233386907,0.00019930194807,0.00019930194802,0.00040285405359,0.042228179722,0.040399811935,0.05107878336,0.02083679986,0.045364065764,0.042592607864,0.028062809154,0.043870789311,0.0010411338366,3.9305132096e-09,4.3133005652e-08,3.7434376334e-08,2.5429946234e-07,0.012719714055,0.0045332645931,0.028899682491,0.00056529814701,0.00056529814701,0.00076017356466
2305.0,0.0010124697419,0.0010110704125,0.0010110776294,0.0010110776294,0.0010110776294,0.052581243641,0.045641126727,0.038781152583,0.052708499704,0.053113257319,0.042837841001,0.049806468729,0.044399841967,0.0045584616032,0.042837753772,0.048981960413,0.04509353436,0.00019588420146,0.00019588420141,0.00039594568647,0.042084163021,0.040392172426,0.050959370961,0.02071585417,0.045340523278,0.04257865991,0.027925427876,0.043728709031,0.0010272301502,3.7706680564e-09,4.1378883091e-08,3.5912004241e-08,2.4395767381e-07,0.012628322913,0.0044887112026,0.028760935683,0.00055694831445,0.00055694831445,0.000748945313
2310.0,0.00099891405707,0.00099753346276,0.00099754058297,0.00099754058298,0.00099754058297,0.052476786201,0.045502767145,0.038635819642,0.052635097213,0.053024061968,0.042823082337,0.049681109948,0.044259227176,0.0045138426905,0.042822995257,0.048941482186,0.044954114147,0.00019252506429,0.00019252506424,0.00038915578756,0.041940637395,0.040384534362,0.050840237688,0.020595610448,0.04531699301,0.042564716524,0.02778871907,0.043587088835,0.0010135121368,3.6173234469e-09,3.9696096759e-08,3.4451543605e-08,2.3403646261e-07,0.012537588362,0.004444595678,0.028622854868,0.00054872181384,0.00054872181384,0.00073788290861
2315.0,0.00098553986428,0.00098417775425,0.00098418477913,0.00098418477913,0.00098418477912,0.05237253627,0.045364826951,0.038491031313,0.052561796937,0.052935016389,0.042808328759,0.049556066653,0.044119057655,0.004469660512,0.042808241826,0.048901037406,0.044815124932,0.00018922353149,0.00018922353144,0.00038248232531,0.04179760117,0.040376897742,0.050721382888,0.020476064623,0.045293474952,0.042550777703,0.027652679445,0.043445927234,0.00099997731679,3.4702150186e-09,3.8081745572e-08,3.3050476627e-08,2.2451872481e-07,0.012447505685,0.0044009137163,0.02848543685,0.00054061682351,0.00054061682351,0.00072698390188
2320.0,0.00097234473368,0.00097100086044,0.00097100779127,0.00097100779127,0.00097100779126,0.052268493438,0.045227304874,0.038346785552,0.052488598735,0.052846120333,0.042793580263,0.04943133805,0.043979331996,0.0044259107927,0.042793493478,0.048860626047,0.044676565383,0.00018597861523,0.00018597861518,0.00037592330303,0.041655052677,0.040369262566,0.050602805909,0.020357212643,0.0452699691,0.042536843447,0.027517305724,0.043305222744,0.00098662324391,3.32908916e-09,3.6533046425e-08,3.1706387899e-08,2.1538805205e-07,0.012358070199,0.0043576610566,0.028348678449,0.00053263154871,0.00053263154871,0.00071624587936
2325.0,0.00095932626789,0.00095800038729,0.00095800722532,0.00095800722532,0.00095800722532,0.052164657292,0.045090199645,0.038203080329,0.052415502465,0.052757373547,0.042778836848,0.049306923347,0.043840048793,0.0043825893,0.042778750212,0.048820248079,0.044538434173,0.00018278934463,0.00018278934458,0.00036947675824,0.041512990254,0.040361628833,0.050484506104,0.020239050482,0.045246475446,0.042522913754,0.027382594651,0.043164973884,0.00097344750445,3.1937025734e-09,3.5047329397e-08,3.0416960244e-08,2.0662870326e-07,0.012269277255,0.0043148334799,0.028212576501,0.00052476422118,0.00052476422118,0.00070566646326
2330.0,0.00094648210166,0.0009451739728,0.00094518071928,0.00094518071928,0.00094518071927,0.052061027422,0.044953510003,0.038059913617,0.052342507985,0.052668775782,0.042764098513,0.049182821754,0.043701206645,0.0043396918422,0.042764012024,0.048779903477,0.044400729977,0.00017965476544,0.00017965476539,0.00036314076214,0.041371412244,0.040353996544,0.050366482824,0.020121574137,0.045222993984,0.042508988622,0.027248542981,0.04302517918,0.00096044771696,3.0638218555e-09,3.3622033147e-08,2.9179970719e-08,1.9822557753e-07,0.012181122238,0.0042724268088,0.028077127854,0.00051701309879,0.00051701309879,0.00069524331092
2335.0,0.00093380990139,0.00093251928659,0.00093252594275,0.00093252594275,0.00093252594274,0.051957603418,0.044817234688,0.037917283399,0.052269615153,0.052580326786,0.042749365255,0.049059032483,0.043562804155,0.004297214269,0.042749278914,0.048739592211,0.044263451475,0.00017657393979,0.00017657393974,0.00035691341899,0.041230316996,0.040346365699,0.050248735423,0.020004779628,0.045199524708,0.042495068051,0.027115147488,0.042885837162,0.00094762153177,2.939223095e-09,3.2254700498e-08,2.7993286781e-08,1.9016418807e-07,0.012093600566,0.0042304369067,0.027942329375,0.00050937646514,0.00050937646514,0.00068497411426
2340.0,0.0009213073647,0.00092003402949,0.00092004059653,0.00092004059653,0.00092004059652,0.051854384871,0.044681372444,0.037775187664,0.052196823827,0.052492026311,0.042734637074,0.04893555475,0.043424839933,0.0042551524704,0.04273455088,0.048699314255,0.044126597353,0.00017354594588,0.00017354594583,0.00035079286556,0.041089702865,0.040338736296,0.050131263256,0.019888662998,0.045176067611,0.042481152038,0.026982404961,0.042746946363,0.00093496663061,2.8196914865e-09,3.09429742e-08,2.6854862618e-08,1.8243063723e-07,0.012006707688,0.004188859678,0.027808177944,0.00050185262918,0.00050185262918,0.00067485659931
2345.0,0.00090897222007,0.0009077159331,0.00090772241222,0.00090772241222,0.00090772241221,0.051751371374,0.044545922019,0.03763362441,0.052124133867,0.052403874107,0.042719913966,0.048812387768,0.04328731259,0.004213502377,0.042719827919,0.048659069582,0.043990166298,0.00017056987773,0.00017056987768,0.00034477727058,0.04094956821,0.040331108336,0.05001406568,0.019773220314,0.045152622688,0.042467240582,0.026850312204,0.042608505323,0.00092248072616,2.7050209604e-09,2.9684592867e-08,2.576273561e-08,1.7501159255e-07,0.011920439089,0.004147691067,0.027674670456,0.00049443992483,0.00049443992483,0.00066488852568
2350.0,0.00089680222638,0.0008955627594,0.00089556915177,0.00089556915177,0.00089556915176,0.051648562518,0.044410882165,0.037492591641,0.05205154513,0.052315869925,0.042705195931,0.048689530758,0.043150220744,0.0041722599589,0.042705110031,0.048618858162,0.043854157004,0.00016764484488,0.00016764484484,0.00033886483418,0.040809911397,0.040323481819,0.049897142053,0.019658447664,0.045129189931,0.042453333682,0.026718866037,0.042470512586,0.00091016156164,2.5950138273e-09,2.8477387079e-08,2.4715022957e-08,1.6789426377e-07,0.011834790284,0.004106927058,0.027541803821,0.00048713671064,0.00048713671064,0.00065506768606
2355.0,0.00088479517251,0.00088357230032,0.0008835786071,0.00088357860711,0.0008835786071,0.051545957897,0.044276251639,0.03735208737,0.051979057477,0.052228013516,0.042690482966,0.048566982938,0.043013563016,0.0041314212258,0.042690397214,0.04857867997,0.043718568166,0.00016476997217,0.00016476997212,0.00033305378733,0.040670730797,0.040315856743,0.049780491736,0.019544341159,0.045105769335,0.042439431336,0.026588063296,0.0423329667,0.0008980069104,2.4894804374e-09,2.7319275643e-08,2.3709918428e-08,1.6106638078e-07,0.01174975682,0.0040665636748,0.027409574965,0.00047994136937,0.00047994136937,0.00064539190574
2360.0,0.00087294887693,0.00087174237736,0.00087174859971,0.00087174859971,0.0008717485997,0.051443557107,0.044142029199,0.037212109617,0.051906670765,0.052140304633,0.04267577507,0.048444743532,0.042877338031,0.0040909822265,0.042675689465,0.048538534978,0.043583398485,0.0001619443994,0.00016194439936,0.00032734239139,0.040532024786,0.04030823311,0.04966411409,0.019430896935,0.045082360893,0.042425533542,0.026457900832,0.042195866219,0.00088601457553,2.3882388537e-09,2.6208261999e-08,2.2745689244e-08,1.5451617247e-07,0.011665334277,0.0040265969802,0.027277980826,0.00047285230769,0.00047285230769,0.00063585904216
2365.0,0.00086126118735,0.00086007084119,0.00086007698023,0.00086007698023,0.00086007698022,0.05134135974,0.044008213608,0.037072656408,0.051834384856,0.052052743028,0.042661072242,0.048322811762,0.042741544419,0.0040509390484,0.042660986783,0.048498423157,0.043448646666,0.00015916728117,0.00015916728113,0.00032172893747,0.040393791748,0.040300610918,0.049548008476,0.019318111147,0.045058964599,0.042411640299,0.026328375511,0.042059209702,0.00087418238946,2.2911145381e-09,2.5142430788e-08,2.1820673098e-08,1.4823234644e-07,0.011581518268,0.0039870230757,0.027147018359,0.00046586795581,0.00046586795581,0.00062646698438
2370.0,0.00084972998027,0.00084855557125,0.00084856162809,0.00084856162809,0.00084856162808,0.051239365395,0.043874803635,0.036933725778,0.051762199608,0.051965328453,0.042646374478,0.048201186855,0.042606180816,0.004011287817,0.042646289166,0.048458344482,0.043314311417,0.00015643778655,0.0001564377865,0.00031621174604,0.04025603007,0.040292990167,0.049432174261,0.019205979975,0.045035580447,0.042397751606,0.026199484215,0.04192299571,0.00086250821356,2.1979400504e-09,2.4119944541e-08,2.0933275282e-08,1.4220406951e-07,0.011498304434,0.0039478381013,0.027016684534,0.00045898676712,0.00045898676712,0.00061721365263
2375.0,0.00083835316061,0.00083719447536,0.00083720045111,0.00083720045111,0.0008372004511,0.051137573666,0.043741798049,0.03679531577,0.051690114881,0.051878060662,0.042631681779,0.048079868038,0.042471245858,0.0039720246962,0.042631596613,0.048418298924,0.043180391451,0.00015375509886,0.00015375509882,0.00031078916633,0.040118738145,0.040285370858,0.049316610808,0.01909449962,0.04501220843,0.042383867461,0.026071223843,0.04178722281,0.00085098993776,2.1085547601e-09,2.3139040515e-08,2.0081965945e-08,1.3642094908e-07,0.01141568845,0.0039090382345,0.026886976333,0.00045220721783,0.00045220721783,0.00060809699789
2380.0,0.00082712866138,0.00082598548938,0.00082599138512,0.00082599138512,0.00082599138511,0.051035984153,0.043609195625,0.036657424432,0.051618130536,0.051790939408,0.042616994141,0.047958854542,0.042336738191,0.0039331458871,0.042616909122,0.048378286456,0.043046885485,0.00015111841543,0.00015111841539,0.00030545957591,0.039981914371,0.040277752989,0.049201317487,0.018983666304,0.044988848543,0.042369987863,0.025943591305,0.041651889576,0.00083962548017,2.022804569e-09,2.2198027655e-08,1.9265277449e-08,1.3087301518e-07,0.011333666022,0.0038706196908,0.026757890755,0.00044552780669,0.00044552780669,0.00059911500138
2385.0,0.00081605444322,0.00081492657677,0.00081493239357,0.00081493239357,0.00081493239356,0.050934596452,0.043476995142,0.036520049821,0.051546246432,0.051703964446,0.042602311564,0.047838145598,0.042202656459,0.0038946476279,0.042602226691,0.048338307051,0.042913792239,0.00014852694736,0.00014852694732,0.00030022138015,0.039845557154,0.04027013656,0.049086293665,0.018873476273,0.044965500778,0.04235611281,0.025816583529,0.041516994584,0.00082841278669,1.9405416458e-09,2.1295283677e-08,1.8481801841e-08,1.255507033e-07,0.011252232886,0.0038325787227,0.026629424812,0.00043894705461,0.00043894705461,0.00059026567414
2390.0,0.0008051284941,0.00080401572827,0.0008040214672,0.0008040214672,0.00080402146719,0.050833410164,0.043345195381,0.03638319,0.05147446243,0.051617135529,0.042587634045,0.04771774044,0.042068999317,0.0038565261939,0.042587549318,0.048298360681,0.042781110437,0.00014597991928,0.00014597991924,0.00029507301177,0.039709664902,0.040262521572,0.048971538712,0.018763925794,0.044942165129,0.0423422423,0.025690197458,0.041382536414,0.00081734983066,1.8616241711e-09,2.042925227e-08,1.7730188428e-08,1.204448379e-07,0.011171384809,0.0037949116195,0.026501575531,0.00043246350435,0.00043246350435,0.0005815470566
2395.0,0.00079434882891,0.00079325096154,0.00079325662363,0.00079325662363,0.00079325662363,0.050732424888,0.043213795127,0.036246843042,0.051402778391,0.051530452413,0.042572961582,0.047597638304,0.041935765418,0.0038187778968,0.042572877001,0.048258447319,0.042648838808,0.00014347656909,0.00014347656905,0.00029001293038,0.039574236031,0.040254908024,0.048857052001,0.018655011155,0.04491884159,0.042328376333,0.025564430049,0.041248513652,0.00080643461248,1.7859160931e-09,1.9598440418e-08,1.7009141447e-08,1.1554661659e-07,0.011091117588,0.003757614707,0.026374339953,0.00042607572018,0.00042607572018,0.00057295721812
2400.0,0.00078371348913,0.00078263032075,0.00078263590704,0.00078263590704,0.00078263590703,0.050631640224,0.043082793171,0.036111007023,0.051331194175,0.051443914852,0.042558294175,0.047477838427,0.041802953423,0.0037813990841,0.04255820974,0.048218566938,0.042516976084,0.00014101614779,0.00014101614775,0.00028503962198,0.039439268961,0.040247295916,0.048742832904,0.018546728666,0.044895530156,0.042314514906,0.025439278274,0.04111492489,0.00079566515925,1.7132868927e-09,1.880141582e-08,1.6317417828e-08,1.1084759496e-07,0.01101142705,0.0037206843471,0.026247715132,0.00041978228759,0.0004197822876,0.00056449425658
2405.0,0.00077322054246,0.00077215187628,0.00077215738777,0.00077215738777,0.00077215738776,0.050531055775,0.042952188304,0.03597568003,0.051259709643,0.051357522603,0.042543631821,0.047358340048,0.041670561997,0.0037443861396,0.042543547531,0.048178719511,0.042385521002,0.00013859791921,0.00013859791917,0.00028015159856,0.039304762118,0.040239685247,0.048628880796,0.018439074659,0.044872230819,0.042300658019,0.025314739121,0.040981768721,0.00078503952442,1.6436113589e-09,1.8036804424e-08,1.5653825057e-08,1.0633967199e-07,0.010932309053,0.0036841169375,0.026121698139,0.00041358181297,0.00041358181297,0.00055615629795
2410.0,0.00076286808247,0.00076181372431,0.00076181916201,0.00076181916201,0.000761819162,0.050430671142,0.042821979325,0.035840860155,0.051188324657,0.051271275421,0.042528974518,0.047239142409,0.041538589808,0.0037077354819,0.042528890374,0.04813890501,0.042254472301,0.00013622115981,0.00013622115977,0.0002753473976,0.039170713933,0.040232076017,0.048515195053,0.018332045486,0.044848943573,0.042286805669,0.025190809591,0.040849043746,0.00077455578742,1.5767693727e-09,1.7303288058e-08,1.5017219114e-08,1.0201507613e-07,0.010853759484,0.0036479089113,0.025996286056,0.00040747292327,0.00040747292327,0.00054794149589
2415.0,0.00075265422824,0.00075161398655,0.00075161935144,0.00075161935144,0.00075161935143,0.050330485929,0.042692165032,0.035706545499,0.051117039078,0.051185173063,0.042514322265,0.047120244753,0.041407035529,0.003671443565,0.042514238266,0.048099123409,0.042123828726,0.00013388515844,0.00013388515841,0.00027062558168,0.039037122843,0.040224468226,0.048401775053,0.018225637522,0.044825668412,0.042272957855,0.0250674867,0.040716748568,0.00076421205335,1.5126457002e-09,1.6599602156e-08,1.4406502508e-08,9.7866351879e-08,0.01077577426,0.0036120567366,0.02587147598,0.00040145426575,0.00040145426575,0.00053984803132
2420.0,0.00074257712405,0.00074155080982,0.00074155610289,0.00074155610289,0.00074155610288,0.05023049974,0.04256274423,0.035572734167,0.051045852767,0.051099215286,0.042499675059,0.047001646326,0.041275897836,0.0036355068776,0.042499591207,0.048059374679,0.041993589025,0.00013158921618,0.00013158921615,0.00026598473802,0.038903987289,0.040216861873,0.048288620175,0.01811984716,0.044802405331,0.042259114576,0.024944767481,0.040584881796,0.00075400645259,1.4511297935e-09,1.5924533582e-08,1.3820622375e-08,9.3886346936e-08,0.010698349326,0.0035765569161,0.025747265024,0.00039552450761,0.00039552450761,0.00053187411204
2425.0,0.00073263493901,0.00073162236578,0.00073162758798,0.00073162758798,0.00073162758797,0.050130712178,0.042433715726,0.035439424275,0.050974765587,0.051013401847,0.042485032901,0.046883346374,0.041145175411,0.0035999219427,0.042484949193,0.048019658794,0.041863751949,0.00012933264606,0.00012933264603,0.00026142347807,0.038771305719,0.040209256959,0.048175729798,0.018014670817,0.044779154321,0.042245275831,0.024822648978,0.040453442043,0.0007439371405,1.3921156008e-09,1.5276918531e-08,1.3258568673e-08,9.0068199865e-08,0.010621480659,0.0035414059872,0.025623650311,0.00038968233578,0.00038968233578,0.0005240179723
2430.0,0.00072282586676,0.00072182685056,0.00072183200284,0.00072183200284,0.00072183200283,0.05003112285,0.042305078331,0.035306613943,0.050903777399,0.050927732504,0.042470395786,0.046765344147,0.041014866939,0.0035646853173,0.042470312224,0.047979975727,0.041734316254,0.00012711477291,0.00012711477288,0.00025694043709,0.038639076584,0.040201653483,0.048063103306,0.01791010493,0.044755915378,0.042231441617,0.024701128252,0.040322427927,0.00073400229707,1.3355013828e-09,1.4655640532e-08,1.2719372433e-08,8.6405328267e-08,0.010545164261,0.0035066005209,0.025500628982,0.00038392645656,0.00038392645656,0.00051627787246
2435.0,0.00071314812511,0.00071216248442,0.00071216756772,0.00071216756772,0.00071216756771,0.049931731362,0.04217683086,0.035174301299,0.050832888065,0.050842207014,0.042455763715,0.046647638894,0.04088497111,0.0035297935922,0.042455680297,0.047940325451,0.041605280699,0.00012493493314,0.0001249349331,0.00025253427375,0.038507298344,0.040194051445,0.047950740081,0.017806145956,0.044732688495,0.042217611933,0.024580202376,0.040191838069,0.00072420012659,1.281189538e-09,1.4059628515e-08,1.2202104095e-08,8.2891417439e-08,0.010469396165,0.0034721371222,0.025378198188,0.00037825559535,0.00037825559536,0.00050865209854
2440.0,0.00070359995574,0.00070262751148,0.00070263252672,0.00070263252672,0.00070263252672,0.04983253732,0.042048972132,0.035042484478,0.050762097448,0.050756825137,0.042441136684,0.04653022987,0.040755486617,0.0034952433914,0.042441053411,0.047900707938,0.041476644048,0.00012279247452,0.00012279247448,0.00024820366971,0.03837596946,0.040186450844,0.047838639508,0.017702790372,0.044709473666,0.042203786778,0.02445986844,0.040061671095,0.00071452885734,1.2290864341e-09,1.3487854969e-08,1.17058719e-08,7.952040948e-08,0.010394172433,0.0034380124295,0.025256355096,0.00037266849641,0.00037266849641,0.00050113896192
2445.0,0.00069417962385,0.00069322019935,0.00069322514744,0.00069322514744,0.00069322514744,0.049733540334,0.041921500968,0.034911161623,0.050691405411,0.050671586631,0.042426514693,0.046413116329,0.040626412158,0.0034610313722,0.042426431564,0.047861123161,0.041348405069,0.00012068675602,0.00012068675599,0.00024394732924,0.038245088401,0.04017885168,0.047726800973,0.017600034677,0.044686270884,0.04218996615,0.024340123548,0.039931925638,0.00070498674124,1.1791022466e-09,1.293933417e-08,1.1229820354e-08,7.628649285e-08,0.010319489155,0.0034042231139,0.025135096885,0.00036716392252,0.00036716392252,0.00049373679887
2450.0,0.00068488541789,0.00068393883883,0.00068394372068,0.00068394372068,0.00068394372067,0.04963474001,0.041794416194,0.034780330883,0.050620811816,0.050586491255,0.042411897739,0.046296297526,0.040497746435,0.0034271542243,0.042411814755,0.047821571094,0.041220562531,0.00011861714761,0.00011861714757,0.00023976397883,0.038114653641,0.040171253954,0.047615223864,0.01749787539,0.044663080143,0.042176150049,0.024220964815,0.039802600332,0.00069557205357,1.1311508038e-09,1.2413120482e-08,1.0773128757e-08,7.3184092354e-08,0.010245342448,0.0033707658795,0.025014420749,0.00036174065473,0.00036174065473,0.00048644397027
2455.0,0.00067571564922,0.00067478174362,0.0006747865601,0.0006747865601,0.0006747865601,0.049536135958,0.041667716638,0.034649990414,0.050550316525,0.05050153877,0.042397285821,0.046179772722,0.040369488154,0.00339360867,0.042397202982,0.04778205171,0.04109311521,0.00011658303004,0.00011658303001,0.00023565236682,0.037984663657,0.040163657664,0.047503907569,0.017396309049,0.044639901437,0.042162338471,0.024102389373,0.039673693816,0.00068628309264,1.0851494386e-09,1.1908306724e-08,1.0335009783e-08,7.0207859525e-08,0.010171728456,0.0033376374628,0.024894323894,0.00035639749211,0.00035639749211,0.0004792588612
2460.0,0.00066666865179,0.00066574724998,0.00066575200197,0.00066575200197,0.00066575200196,0.049437727789,0.041541401133,0.034520138378,0.050479919403,0.050416728934,0.042382678937,0.046063541174,0.040241636024,0.0033603914638,0.042382596242,0.04774256498,0.040966061884,0.0001145837947,0.00011458379467,0.000231611263,0.037855116935,0.04015606281,0.047392851481,0.017295332213,0.04461673476,0.042148531417,0.023984394368,0.039545204736,0.00067711817948,1.0410188457e-09,1.1424022608e-08,9.9147081238e-09,6.7352663407e-08,0.010098643355,0.0033048346322,0.024774803542,0.00035113325147,0.00035113325147,0.00047217988059
2465.0,0.00065774278189,0.00065683371644,0.00065683840481,0.00065683840481,0.00065683840481,0.049339515114,0.041415468516,0.034390772946,0.050409620313,0.05033206151,0.042368077085,0.045947602147,0.040114188761,0.0033274993917,0.042367994535,0.047703110879,0.040839401335,0.00011261884342,0.00011261884339,0.00022763945826,0.037726011962,0.040148469393,0.047282054989,0.017194941462,0.044593580105,0.042134728883,0.023866976958,0.039417131739,0.00066807565754,9.9868294502e-10,1.0959433241e-08,9.5114991903e-09,6.4613581708e-08,0.010026083343,0.003272354188,0.024655856925,0.00034594676708,0.00034594676708,0.00046520546087
2470.0,0.00064893641778,0.00064803952354,0.00064804414914,0.00064804414914,0.00064804414913,0.049241497543,0.041289917626,0.034261892294,0.050339419117,0.050247536257,0.042353480264,0.045831954904,0.039987145081,0.0032949292712,0.042353397858,0.04766368938,0.04071313235,0.00011068758826,0.00011068758823,0.00022373576423,0.037597347233,0.040140877411,0.047171517489,0.017095133393,0.044570437467,0.04212093087,0.023750134318,0.039289473479,0.00065915389238,9.5806875041e-10,1.0513737681e-08,9.1246878594e-09,6.1985892317e-08,0.0099540446494,0.0032401929618,0.02453748129,0.00034083689045,0.00034083689045,0.00045833405763
2475.0,0.00064024795945,0.00063936307346,0.00063936763713,0.00063936763713,0.00063936763713,0.04914367469,0.041164747306,0.034133494605,0.05026931568,0.050163152938,0.042338888472,0.04571659871,0.039860503709,0.0032626779512,0.04233880621,0.047624300455,0.040587253719,0.0001087894514,0.00010878945137,0.0002198990129,0.037469121247,0.040133286866,0.047061238373,0.016995904626,0.044547306839,0.042107137375,0.023633863633,0.039162228612,0.00065035127141,9.1910624398e-10,1.008616756e-08,8.7536072774e-09,5.9465065157e-08,0.0098825235289,0.0032083478165,0.024419673897,0.00033580249002,0.00033580249002,0.00045156414927
2480.0,0.00063167582832,0.0006308027898,0.00063080729237,0.00063080729237,0.00063080729237,0.049046046168,0.041039956403,0.034005578071,0.050199309865,0.050078911313,0.042324301707,0.045601532833,0.039734263369,0.0032307423111,0.042324219589,0.047584944077,0.040461764234,0.00010692386489,0.00010692386486,0.00021612805632,0.037341332508,0.040125697755,0.04695121704,0.016897251798,0.044524188214,0.042093348397,0.023518162106,0.039035395801,0.00064166620356,8.8172825527e-10,9.6759857556e-09,8.3976177102e-09,5.7046754381e-08,0.0098115162633,0.0031768156457,0.02430243202,0.00033084245099,0.00033084245099,0.00044489423666
2485.0,0.00062321846692,0.00062235711726,0.00062236155955,0.00062236155955,0.00062236155954,0.04894861159,0.040915543766,0.033878140887,0.050129401537,0.049994811145,0.042309719968,0.045486756544,0.039608422793,0.0031991192612,0.042309637993,0.04754562022,0.040336662694,0.00010509027055,0.00010509027052,0.0002124217662,0.037213979527,0.04011811008,0.046841452885,0.016799171566,0.044501081587,0.042079563934,0.023403026949,0.038908973711,0.000633097119,8.4587034548e-10,9.2824851252e-09,8.0561054398e-09,5.4726790879e-08,0.0097410191613,0.0031455933735,0.024185752944,0.00032595567498,0.00032595567498,0.0004383228428
2490.0,0.00061487433865,0.00061402452136,0.00061402890417,0.00061402890417,0.00061402890416,0.048851370572,0.04079150825,0.033751181259,0.05005959056,0.049910852197,0.042295143252,0.045372269112,0.039482980714,0.0031678057417,0.04229506142,0.047506328858,0.040211947899,0.00010328811976,0.00010328811973,0.00020877903361,0.037087060817,0.040110523839,0.046731945309,0.016701660609,0.044477986951,0.042065783986,0.023288455392,0.038782961013,0.00062464246889,8.1147069642e-10,8.9049872825e-09,7.7284817073e-09,5.2501175087e-08,0.009671028558,0.0031146779545,0.024069633969,0.00032114107987,0.00032114107987,0.00043184851254
2495.0,0.00060664192749,0.00060580348815,0.00060580781228,0.00060580781228,0.00060580781227,0.048754322729,0.040667848712,0.033624697396,0.049989876798,0.049827034231,0.042280571558,0.045258069812,0.039357935871,0.0031367987229,0.04228048987,0.047467069962,0.040087618654,0.0001015168733,0.00010151687328,0.00020519876863,0.036960574898,0.040102939033,0.046622693711,0.016604715621,0.044454904301,0.04205200855,0.023174444676,0.03865735638,0.00061630072503,7.7847000392e-10,8.5428414301e-09,7.4141816968e-09,5.0366070095e-08,0.0096015408148,0.0030840663729,0.023954072407,0.0003163975995,0.0003163975995,0.00042546981218
2500.0,0.0005985197377,0.00059769252398,0.00059769679021,0.00059769679021,0.00059769679021,0.048657467676,0.040544564012,0.033498687516,0.049920260116,0.04974335701,0.042266004885,0.045144157917,0.039233287006,0.0031060952049,0.042265923339,0.047427843506,0.039963673767,9.9776001217e-05,9.977600119e-05,0.00020167990003,0.036834520295,0.040095355661,0.046513697493,0.016508333319,0.044431833629,0.042038237625,0.023060992056,0.038532158493,0.00060807037967,7.4681137551e-10,8.1954232369e-09,7.1126635626e-09,4.8317795033e-08,0.0095325523193,0.0030537556427,0.023839065583,0.00031172418346,0.00031172418346,0.00041918532924
2505.0,0.00059050629356,0.00058969015517,0.00058969436428,0.00058969436428,0.00058969436428,0.048560805032,0.040421653013,0.033373149842,0.049850740379,0.049659820299,0.042251443229,0.045030532706,0.039109032866,0.0030756922168,0.042251361827,0.047388649464,0.039840112051,9.8064982626e-05,9.8064982599e-05,0.00019822137497,0.036708895537,0.040087773723,0.046404956059,0.016412510436,0.04440877493,0.042024471209,0.022948094801,0.038407366034,0.00059994994517,7.1644023251e-10,7.8621337622e-09,6.8234074943e-09,4.6352818721e-08,0.009464059485,0.0030237428071,0.023724610835,0.00030711979687,0.00030711979687,0.00041299367207
2510.0,0.00058260013913,0.00058179492778,0.00058179908054,0.00058179908054,0.00058179908054,0.048464334414,0.040299114585,0.033248082606,0.049781317451,0.049576423861,0.042236886591,0.044917193457,0.038985172201,0.0030455868172,0.042236805332,0.047349487808,0.039716932321,9.6383305585e-05,9.6383305558e-05,0.00019482215863,0.03658369916,0.040080193219,0.046296468814,0.016317243727,0.044385728197,0.042010709302,0.022835750192,0.03828297769,0.00059193795377,6.8730421576e-10,7.5423984225e-09,6.5459148214e-09,4.4467753588e-08,0.0093960587512,0.0029940249387,0.023610705513,0.00030258342012,0.00030258342012,0.00040689346958
2515.0,0.00057479983795,0.00057400540735,0.00057400950451,0.00057400950451,0.0005740095045,0.04836805544,0.040176947597,0.033123484045,0.049711991198,0.049493167462,0.042222334968,0.04480413945,0.038861703766,0.0030157760932,0.042222253852,0.047310358512,0.039594133396,9.4730466928e-05,9.4730466902e-05,0.00019148123396,0.036458929702,0.040072614148,0.046188235162,0.016222529964,0.044362693425,0.041996951901,0.022723955526,0.038158992154,0.00058403295728,6.5935309542e-10,7.2356660017e-09,6.2797071528e-09,4.2659349823e-08,0.0093285465827,0.0029645991384,0.023497346982,0.00029811404866,0.00029811404866,0.00040088337095
2520.0,0.00056710397279,0.00056632017859,0.0005663242209,0.0005663242209,0.00056632422089,0.04827196773,0.040055150923,0.032999352402,0.049642761486,0.049410050865,0.042207788358,0.044691369967,0.038738626317,0.0029862571605,0.042207707384,0.047271261549,0.0394717141,9.3105972119e-05,9.3105972094e-05,0.00018819760135,0.036334585709,0.04006503651,0.046080254511,0.016128365937,0.044339670606,0.041983199005,0.022612708109,0.038035408121,0.00057623352689,6.3253868445e-10,6.9414077003e-09,6.0243255528e-09,4.0924489782e-08,0.0092615194698,0.002935462536,0.023384532616,0.00029371069279,0.00029371069279,0.0003949620453
2525.0,0.0005595111454,0.0005587378452,0.00055874183338,0.00055874183339,0.00055874183338,0.048176070904,0.039933723442,0.032875685928,0.04957362818,0.049327073836,0.042193246759,0.044578884293,0.038615938619,0.0029570271631,0.042193165928,0.047232196893,0.039349673259,9.1509335101e-05,9.1509335076e-05,0.00018497027833,0.036210665729,0.040057460306,0.045972526271,0.016034748456,0.044316659736,0.041969450613,0.022502005265,0.03791222429,0.00056853825285,6.0681475541e-10,6.6591162237e-09,5.7793297495e-09,3.9260182607e-08,0.009194973928,0.0029066122893,0.023272259805,0.00028937237743,0.00028937237743,0.00038912818139
2530.0,0.00055201997624,0.00055125702955,0.00055126096433,0.00055126096433,0.00055126096433,0.048080364583,0.039812664035,0.03275248288,0.049504591145,0.049244236141,0.04217871017,0.044466681713,0.038493639436,0.0029280832727,0.042178629482,0.047193164516,0.039228009704,8.9940078154e-05,8.9940078129e-05,0.00018179829926,0.036087168318,0.040049885533,0.045865049851,0.015941674349,0.044293660807,0.041955706723,0.022391844327,0.037789439367,0.00056094574423,5.8213696084e-10,6.3883049081e-09,5.5442973759e-09,3.766355907e-08,0.0091289064976,0.0028780455839,0.02316052595,0.00028509814188,0.00028509814188,0.00038338048738
2535.0,0.00054462910426,0.00054387637245,0.00054388025455,0.00054388025455,0.00054388025455,0.047984848388,0.039691971586,0.032629741521,0.049435650248,0.049161537546,0.04216417859,0.044354761515,0.038371727539,0.0028994226891,0.042164098044,0.047154164392,0.039106722268,8.8397731748e-05,8.8397731724e-05,0.00017868071507,0.035964092036,0.040042312194,0.045757824663,0.015849140463,0.044270673813,0.041941967333,0.022282222644,0.03766705206,0.00055345462868,5.5846275678e-10,6.1285068811e-09,5.3188232415e-09,3.6131866629e-08,0.0090633137441,0.0028497596335,0.023049328464,0.00028088703964,0.00028088703964,0.0003777176905
2540.0,0.00053733718662,0.00053659453292,0.00053659836305,0.00053659836305,0.00053659836304,0.047889521941,0.039571644982,0.032507460121,0.049366805355,0.049078977818,0.042149652016,0.044243122988,0.038250201701,0.0028710426391,0.042149571612,0.047115196495,0.03898580979,8.6881834406e-05,8.6881834382e-05,0.00017561659299,0.035841435445,0.040034740286,0.04565085012,0.015757143662,0.044247698749,0.041928232443,0.022173137576,0.037545061082,0.00054606355218,5.3575132948e-10,5.8792742569e-09,5.1025186342e-09,3.4662464684e-08,0.0089981922573,0.0028217516786,0.022938664774,0.00027673813821,0.00027673813821,0.00037213853675
2545.0,0.00053014289844,0.00052941018793,0.00052941396678,0.00052941396678,0.00052941396678,0.047794384866,0.039451683116,0.032385636958,0.049298056332,0.048996556722,0.042135130446,0.044131765424,0.038129060701,0.002842940377,0.042135050185,0.047076260797,0.038865271109,8.5391932564e-05,8.5391932541e-05,0.00017260501621,0.035719197116,0.04002716981,0.045544125635,0.01566568083,0.044224735607,0.041914502051,0.022064586497,0.037423465149,0.00053877117878,5.1396352498e-10,5.6401773644e-09,4.89501065e-09,3.3252820019e-08,0.0089335386518,0.0027940189874,0.022828532317,0.00027265051884,0.00027265051884,0.0003666417907
2550.0,0.00052304493262,0.00052232203217,0.00052232576042,0.00052232576042,0.00052232576042,0.047699436786,0.039332084882,0.032264270313,0.049229403045,0.048914274028,0.04212061388,0.044020688116,0.038008303319,0.0028151131836,0.04212053376,0.047037357273,0.038745105072,8.3927580438e-05,8.3927580415e-05,0.00016964508365,0.035597375624,0.040019600766,0.045437650626,0.015574748867,0.044201784383,0.041900776155,0.021956566794,0.037302262983,0.0005315761904,4.9306178161e-10,5.4108040059e-09,4.6959415499e-09,3.1900502439e-08,0.0088693495664,0.0027665588545,0.022718928544,0.00026862327636,0.00026862327636,0.00036122623514
2555.0,0.00051604199952,0.00051532877779,0.00051533245613,0.00051533245613,0.00051533245612,0.047604677327,0.039212849177,0.032143358477,0.049160845362,0.048832129501,0.042106102315,0.043909890358,0.037887928342,0.0027875583666,0.042106022337,0.046998485895,0.038625310525,8.2488339886e-05,8.2488339863e-05,0.0001667359097,0.035475969545,0.040012033153,0.045331424507,0.015484344693,0.044178845069,0.041887054754,0.021849075865,0.037181453308,0.00052447728652,4.7301006523e-10,5.1907587473e-09,4.5049681435e-09,3.0603180581e-08,0.0088056216639,0.0027393686012,0.022609850919,0.00026465551896,0.00026465551896,0.00035589067083
2560.0,0.00050913282679,0.00050842915419,0.00050843278328,0.00050843278328,0.00050843278327,0.047510106112,0.039093974904,0.032022899744,0.049092383149,0.04875012291,0.042091595749,0.043799371448,0.037767934558,0.0027602732599,0.042091515913,0.046959646637,0.038505886321,8.107378028e-05,8.1073780258e-05,0.00016387662392,0.035354977466,0.040004466971,0.045225446699,0.015394465245,0.04415591766,0.041873337846,0.021742111123,0.037061034853,0.00051747318401,4.5377380718e-10,4.9796622357e-09,4.3217611971e-09,2.9358617892e-08,0.0087423516314,0.0027124455754,0.022501296915,0.00026074636802,0.00026074636802,0.00035063391627
2565.0,0.0005023161591,0.00050162190779,0.00050162548829,0.00050162548829,0.00050162548828,0.047415722769,0.038975460966,0.031902892418,0.049024016273,0.048668254025,0.042077094181,0.043689130683,0.037648320761,0.0027332552237,0.042077014486,0.046920839473,0.038386831316,7.9683478378e-05,7.9683478356e-05,0.0001610663708,0.035234397974,0.039996902219,0.04511971662,0.015305107477,0.044133002149,0.04185962543,0.021635669992,0.036941006354,0.00051056261688,4.3531984457e-10,4.7771505456e-09,4.146004866e-09,2.8164668775e-08,0.0086795361795,0.0026857871506,0.022393264021,0.00025689495788,0.00025689495788,0.00034545480739
2570.0,0.00049559075795,0.00049490580178,0.00049490933434,0.00049490933434,0.00049490933433,0.047321526924,0.038857306271,0.031783334807,0.048955744602,0.048586522612,0.042062597609,0.043579167363,0.037529085748,0.0027065016438,0.042062518056,0.046882064375,0.038268144368,7.8317018194e-05,7.8317018173e-05,0.0001583043095,0.035114229662,0.039989338898,0.045014233691,0.015216268361,0.04411009853,0.041845917504,0.02152974991,0.036821366545,0.00050374433603,4.1761636324e-10,4.5828745515e-09,3.9773961506e-09,2.701927489e-08,0.0086171720425,0.0026593907265,0.022285749736,0.00025310043568,0.00025310043568,0.00034035219732
2575.0,0.00048895540139,0.00048827961591,0.00048828310118,0.00048828310118,0.00048828310117,0.047227518205,0.038739509732,0.031664225225,0.048887568002,0.048504928442,0.042048106031,0.043469480791,0.037410228319,0.0026800099316,0.04204802662,0.046843321319,0.03814982434,7.6973990877e-05,7.6973990856e-05,0.00015558961361,0.03499447113,0.039981777008,0.044908997336,0.015127944888,0.044087206798,0.041832214067,0.021424348327,0.03670211417,0.00049701710905,4.0063284275e-10,4.3964993262e-09,3.8156443733e-09,2.5920461605e-08,0.0085552559781,0.0026332537282,0.02217875157,0.00024936196114,0.00024936196114,0.00033532495613
2580.0,0.00048240888385,0.00048174214629,0.00048174558489,0.00048174558489,0.00048174558488,0.04713369624,0.038622070262,0.031545561994,0.048819486342,0.048423471285,0.042033619446,0.04336007027,0.037291747279,0.0026537775241,0.042033540176,0.046804610276,0.038031870097,7.5653994588e-05,7.5653994567e-05,0.00015292147088,0.03487512098,0.039974216547,0.044804006978,0.015040134065,0.044064326945,0.041818515118,0.021319462705,0.036583247974,0.00049037971999,3.8434000394e-10,4.2177035631e-09,3.6604706779e-09,2.486633459e-08,0.0084937847676,0.0026073736061,0.022072267047,0.00024567870641,0.00024567870641,0.00033037197058
2585.0,0.0004759500159,0.00047529220511,0.00047529559767,0.00047529559767,0.00047529559767,0.047040060658,0.038504986779,0.031427343441,0.04875149949,0.048342150909,0.042019137852,0.043250935106,0.037173641437,0.0026278018831,0.042019058723,0.04676593122,0.037914280509,7.4356634376e-05,7.4356634355e-05,0.00015029908298,0.03475617782,0.039966657516,0.044699262041,0.014952832917,0.044041458965,0.041804820654,0.021215090518,0.036464766706,0.00048383096913,3.6870975833e-10,4.0461790226e-09,3.5116075486e-09,2.3855076555e-08,0.0084327552149,0.0025817478356,0.021966293702,0.00024204985586,0.00024204985586,0.00032549214388
2590.0,0.00046957762403,0.00046892862049,0.00046893196763,0.00046893196763,0.00046893196763,0.046946611088,0.038388258205,0.0313095679,0.048683607312,0.048260967087,0.042004661247,0.043142074605,0.037055909604,0.0026020804954,0.042004582259,0.046727284126,0.03779705445,7.3081522065e-05,7.3081522045e-05,0.0001477216653,0.034637640262,0.039959099914,0.044594761953,0.014866038486,0.044018602853,0.041791130675,0.021111229254,0.036346669121,0.00047736967277,3.5371515973e-10,3.8816300003e-09,3.3687983486e-09,2.2884944116e-08,0.0083721641474,0.002556373917,0.021860829081,0.00023847460591,0.00023847460591,0.00032068439543
2595.0,0.00046329055044,0.00046265023624,0.00046265353857,0.00046265353857,0.00046265353856,0.046853347162,0.038271883463,0.031192233712,0.048615809679,0.048179919587,0.04199018963,0.043033488076,0.036938550596,0.0025766108722,0.041990110783,0.046688668967,0.037680190794,7.1828276136e-05,7.1828276116e-05,0.00014518844665,0.034519506924,0.039951543741,0.044490506141,0.014779747831,0.043995758603,0.041777445179,0.021007876412,0.036228953975,0.00047099466302,3.3933035781e-10,3.7237728174e-09,3.2317968785e-09,2.1954264787e-08,0.0083120084148,0.0025312493752,0.021755870743,0.00023495216484,0.00023495216484,0.00031594766059
2600.0,0.00045708765283,0.00045645591164,0.00045645916975,0.00045645916975,0.00045645916974,0.04676026851,0.038155861481,0.031075339221,0.048548106457,0.048099008182,0.041975722998,0.042925174831,0.036821563234,0.0025513905495,0.041975644292,0.046650085716,0.037563688423,7.0596521611e-05,7.0596521592e-05,0.00014269866909,0.034401776427,0.039943988997,0.044386494034,0.014693958028,0.043972926207,0.041763764165,0.020905029503,0.036111620032,0.00046470478761,3.2553055353e-10,3.5723353321e-09,3.1003669506e-09,2.1061434097e-08,0.0082522848898,0.0025063717593,0.021651416259,0.00023148175263,0.00023148175263,0.00031128089044
2605.0,0.00045096780421,0.00045034452123,0.00045034773572,0.00045034773572,0.00045034773572,0.046667374765,0.038040191191,0.030958882781,0.048480497515,0.048018232643,0.041961261351,0.042817134181,0.03670494634,0.0025264170868,0.041961182785,0.046611534346,0.03744754622,6.9385889943e-05,6.9385889924e-05,0.00014025158766,0.034284447399,0.039936435682,0.044282725062,0.01460866617,0.043950105661,0.041750087631,0.020802686052,0.035994666056,0.0004584989096,3.1229195633e-10,3.4270564694e-09,2.9742819832e-09,2.0204912829e-08,0.0081929904673,0.0024817386427,0.02154746321,0.00022806260078,0.00022806260078,0.00030668305158
2610.0,0.00044492989266,0.00044431495465,0.00044431812611,0.00044431812611,0.0004443181261,0.046574665558,0.037924871527,0.030842862751,0.048412982723,0.047937592742,0.041946804685,0.04270936544,0.036588698741,0.0025016880681,0.04194672626,0.046573014833,0.037331763071,6.8196018906e-05,6.8196018888e-05,0.0001378464702,0.034167518471,0.039928883795,0.044179198659,0.014523869368,0.043927296957,0.041736415575,0.020700843595,0.035878090817,0.0004523759073,2.9959174314e-10,3.2876857722e-09,2.8533246084e-09,1.9383224358e-08,0.0081341220647,0.0024573476222,0.021444009191,0.00022469395216,0.00022469395216,0.00030215312585
2615.0,0.00043897282115,0.00043836611639,0.00043836924538,0.00043836924538,0.00043836924538,0.046482140524,0.037809901425,0.030727277494,0.048345561949,0.04785708825,0.041932353001,0.042601867924,0.036472819268,0.0024772011005,0.041932274715,0.046534527149,0.037216337867,6.7026552484e-05,6.7026552466e-05,0.00013548259708,0.034050988278,0.039921333336,0.044075914256,0.014439564749,0.04390450009,0.041722747997,0.020599499678,0.03576189309,0.00044633467394,2.8740801916e-10,3.1539829685e-09,2.7372862986e-09,1.8594952114e-08,0.0080756766215,0.0024331963188,0.021341051805,0.00022137506078,0.00022137506078,0.00029769011012
2620.0,0.00043309550734,0.0004324969256,0.0004325000127,0.0004325000127,0.00043250001269,0.046389799297,0.037695279826,0.030612125383,0.048278235061,0.047776718942,0.041917906295,0.042494640952,0.036357306756,0.002452953815,0.04191782815,0.046496071267,0.037101269501,6.5877140767e-05,6.5877140749e-05,0.00013315926102,0.033934855462,0.039913784305,0.043972871288,0.014355749456,0.043881715054,0.041709084894,0.020498651863,0.035646071651,0.00044037411758,2.7571977989e-10,3.0257175579e-09,2.6259670065e-09,1.7838737134e-08,0.008017651099,0.0024092823765,0.02123858867,0.00021810519172,0.00021810519172,0.00029329301611
2625.0,0.00042729688339,0.0004267063159,0.00042670936167,0.00042670936167,0.00042670936166,0.046297641511,0.037581005674,0.030497404793,0.048211001931,0.04769648459,0.041903464566,0.042387683841,0.036242160043,0.0024289438655,0.041903386561,0.046457647163,0.036986556871,6.4747439845e-05,6.4747439827e-05,0.00013087576686,0.033819118668,0.039906236701,0.043870069191,0.014272420648,0.043858941842,0.041695426266,0.020398297721,0.035530625283,0.00043449316082,2.6450687507e-10,2.9026684136e-09,2.5191748204e-09,1.711327572e-08,0.0079600424805,0.0023856034625,0.021136617413,0.00021488362087,0.00021488362087,0.00028896087011
2630.0,0.00042157589574,0.00042099323521,0.0004209962402,0.0004209962402,0.00042099624019,0.046205666802,0.037467077917,0.030383114107,0.048143862425,0.047616384966,0.041889027813,0.042280995913,0.03612737797,0.0024051689289,0.041888949948,0.046419254809,0.036872198877,6.3637111706e-05,6.3637111689e-05,0.00012863143139,0.033703776545,0.039898690525,0.043767507401,0.014189575504,0.043836180448,0.04168177211,0.020298434836,0.035415552771,0.00042869074067,2.5374997394e-10,2.7846234021e-09,2.4167256327e-09,1.6417317194e-08,0.007902847771,0.002362157267,0.021035135675,0.00021170963484,0.00021170963484,0.0002846927128
2635.0,0.00041593150494,0.00041535664551,0.00041535961026,0.00041535961026,0.00041535961026,0.046113874807,0.037353495504,0.030269251716,0.048076816416,0.047536419846,0.041874596033,0.042174576491,0.036012959384,0.0023816267049,0.041874518308,0.04638089418,0.036758194422,6.2545824135e-05,6.2545824118e-05,0.00012642558307,0.033588827748,0.039891145775,0.043665185359,0.014107211215,0.043813430867,0.041668122426,0.020199060803,0.035300852905,0.00042296580833,2.4343053184e-10,2.6713790162e-09,2.3184428237e-09,1.574966174e-08,0.0078460639968,0.0023389415029,0.020934141105,0.00020858253078,0.00020858253078,0.00028048759902
2640.0,0.00041036268547,0.00040979552269,0.00040979844775,0.00040979844775,0.00040979844775,0.046022265162,0.037240257388,0.030155816014,0.048009863772,0.047456589004,0.041860169226,0.042068424899,0.035898903133,0.0023583149156,0.04186009164,0.046342565248,0.036644542415,6.1473250613e-05,6.1473250597e-05,0.00012425756192,0.033474270937,0.039883602452,0.043563102502,0.014025324991,0.043790693092,0.041654477211,0.02010017323,0.035186524479,0.00041731732902,2.3353075831e-10,2.5627400255e-09,2.224156956e-09,1.5109158335e-08,0.0077896882059,0.0023159539056,0.020833631366,0.00020550161621,0.00020550161621,0.0002763445976
2645.0,0.00040486842553,0.00040430885635,0.00040431174225,0.00040431174225,0.00040431174224,0.045930837505,0.037127362527,0.030042805402,0.047943004363,0.047376892212,0.041845747388,0.041962540463,0.035785208071,0.0023352313057,0.041845669942,0.046304267988,0.036531241766,6.0419070221e-05,6.0419070204e-05,0.00012212671926,0.033360104775,0.039876060556,0.043461258272,0.013943914058,0.043767967116,0.041640836465,0.020001769736,0.035072566289,0.00041174428175,2.2403358637e-10,2.4585191387e-09,2.133705483e-09,1.4494702766e-08,0.0077337174672,0.0022931922325,0.020733604131,0.00020246620888,0.00020246620888,0.00027226279109
2650.0,0.00039944772687,0.00039889564962,0.00039889849687,0.00039889849687,0.00039889849687,0.045839591475,0.037014809879,0.029930218287,0.047876238059,0.047297329248,0.04183133052,0.04185692251,0.035671873053,0.0023123736416,0.041831253213,0.046266002374,0.036418291388,5.9382967541e-05,5.9382967525e-05,0.00012003241752,0.033246327929,0.039868520085,0.043359652111,0.013862975656,0.043745252935,0.041627200185,0.019903847952,0.034958977137,0.00040624565918,2.1492264308e-10,2.3585366816e-09,2.0469324685e-09,1.3905235727e-08,0.0076781488707,0.0022706542635,0.020634057084,0.00019947563661,0.00019947563661,0.00026824127561
2655.0,0.00039409960459,0.00039355491896,0.0003935577281,0.0003935577281,0.0003935577281,0.045748526711,0.036902598409,0.029818053083,0.047809564731,0.047217899886,0.041816918618,0.041751570371,0.03555889694,0.0022897397117,0.041816841451,0.04622776838,0.0363056902,5.8364632568e-05,5.8364632553e-05,0.00011797403008,0.033132939074,0.039860981041,0.043258283463,0.013782507044,0.04372255054,0.041613568372,0.019806405519,0.034845755828,0.00040082046743,2.0618222143e-10,2.2626202866e-09,1.9636883178e-09,1.3339740989e-08,0.0076229795274,0.0022483377999,0.02053498792,0.00019652923718,0.00019652923718,0.00026427916062
2660.0,0.00038882308699,0.00038828569403,0.00038828846556,0.00038828846556,0.00038828846555,0.045657642853,0.03679072708,0.029706308208,0.04774298425,0.047138603902,0.041802511681,0.041646483376,0.035446278595,0.0022673273262,0.041802434653,0.046189565979,0.036193437121,5.7363760611e-05,5.7363760595e-05,0.00011595094107,0.033019936886,0.039853443422,0.043157151774,0.013702505495,0.043699859928,0.041599941022,0.019709440092,0.034732901171,0.00039546772588,1.977972531e-10,2.1706045963e-09,1.8838295198e-09,1.2797243654e-08,0.0075682065691,0.0022262406648,0.020436394347,0.00019362635811,0.00019362635811,0.00026037556874
2665.0,0.00038361721539,0.00038308701745,0.00038308975187,0.00038308975187,0.00038308975187,0.045566939541,0.036679194864,0.029594982088,0.047676496485,0.047059441071,0.041788109708,0.041541660858,0.035334016886,0.0022451343164,0.041788032819,0.046151395145,0.036081531077,5.6380052203e-05,5.6380052187e-05,0.00011396254516,0.032907320047,0.039845907228,0.043056256488,0.013622968299,0.043677181091,0.041586318134,0.019612949336,0.03462041198,0.000390186467,1.897532826e-10,2.0823309776e-09,1.8072184001e-09,1.2276808468e-08,0.007513827148,0.0022043607027,0.020338274082,0.00019076635659,0.00019076635659,0.00025652963556
2670.0,0.00037848104393,0.00037795794468,0.00037796064249,0.00037796064249,0.00037796064248,0.045476416417,0.036568000732,0.029484073153,0.047610101309,0.046980411171,0.041773712697,0.041437102152,0.035222110683,0.0022231585353,0.041773635947,0.046113255853,0.035969970993,5.5413213013e-05,5.5413212998e-05,0.00011200824742,0.032795087243,0.03983837246,0.042955597054,0.01354389276,0.043654514023,0.041572699708,0.019516930928,0.03450828707,0.00038497573621,1.8203644237e-10,1.9976472489e-09,1.7337228826e-09,1.1777538214e-08,0.0074598384369,0.0021826957792,0.020240624852,0.00018794859928,0.00018794859928,0.00025274050941
2675.0,0.00037341363941,0.00037289754381,0.00037290020549,0.0003729002055,0.00037290020549,0.045386073123,0.036457143659,0.02937357984,0.047543798591,0.046901513978,0.041759320646,0.041332806594,0.035110558861,0.0022013978564,0.041759244034,0.046075148075,0.035858755802,5.446295376e-05,5.4462953745e-05,0.00011008746313,0.032683237165,0.039830839116,0.04285517292,0.013465276198,0.043631858719,0.041559085741,0.019421382556,0.034396525262,0.00037983459164,1.7463342869e-10,1.9164074175e-09,1.663216263e-09,1.129857216e-08,0.0074062376289,0.002161243781,0.020143444399,0.00018517246221,0.00018517246221,0.00024900735123
2680.0,0.00036841408114,0.00036790489541,0.00036790752146,0.00036790752146,0.00036790752146,0.045295909302,0.036346622624,0.029263500592,0.047477588204,0.04682274927,0.041744933553,0.041228773521,0.034999360299,0.0021798501744,0.04174485708,0.046037071787,0.035747884437,5.352899012e-05,5.3528990105e-05,0.00010819961756,0.032571768508,0.039823307197,0.042754983537,0.013387115951,0.043609215171,0.041545476233,0.019326301919,0.034285125381,0.00037476210402,1.6753147898e-10,1.8384714277e-09,1.5955769894e-09,1.0839084581e-08,0.0073530219371,0.0021400026154,0.020046730471,0.00018243733063,0.00018243733063,0.00024532933433
2685.0,0.00036348146074,0.00036297909238,0.00036298168327,0.00036298168327,0.00036298168327,0.045205924596,0.036236436608,0.029153833857,0.047411470019,0.046744116823,0.041730551416,0.041125002274,0.034888513876,0.0021585134044,0.041730475082,0.045999026962,0.035637355835,5.2611042646e-05,5.2611042631e-05,0.00010634414586,0.032460679973,0.039815776702,0.042655028356,0.01330940937,0.043586583375,0.041531871181,0.019231686729,0.034174086255,0.00036975735648,1.6071834961e-10,1.7637049198e-09,1.5306884532e-09,1.0398283331e-08,0.0073001885949,0.0021189702104,0.019950480829,0.00017974259885,0.00017974259885,0.00024170564425
2690.0,0.000358614882,0.00035811923973,0.00035812179593,0.00035812179593,0.00035812179593,0.045116118651,0.036126584596,0.029044578089,0.047345443907,0.046665616416,0.041716174235,0.041021492192,0.03477801848,0.002137385482,0.041716098039,0.045961013575,0.035527168937,5.1708836684e-05,5.170883667e-05,0.00010452049288,0.032349970262,0.039808247631,0.042555306829,0.013232153821,0.043563963323,0.041518270584,0.019137534706,0.034063406716,0.0003648194444,1.5418229495e-10,1.6919789979e-09,1.4684387883e-09,9.975408479e-09,0.0072477348554,0.0020981445143,0.019854693246,0.00017708767014,0.00017708767014,0.00023813547853
2695.0,0.00035381346071,0.00035332445448,0.00035332697646,0.00035332697646,0.00035332697646,0.045026491111,0.036017065577,0.028935731749,0.04727950974,0.046587247827,0.041701802007,0.04091824262,0.034667872997,0.002116464363,0.041701725949,0.045923031598,0.035417322687,5.082210229e-05,5.0822102276e-05,0.00010272811297,0.032239638085,0.039800719984,0.042455818411,0.013155346688,0.043541355011,0.041504674442,0.019043843583,0.033953085599,0.00035994747525,1.4791204695e-10,1.6231700084e-09,1.4087206775e-09,9.5697309983e-09,0.0071956579914,0.0020775234956,0.019759365504,0.00017447195659,0.00017447195659,0.00023461804661
2700.0,0.00034907632451,0.00034859386546,0.00034859635368,0.00034859635368,0.00034859635367,0.044937041622,0.035907878539,0.028827293302,0.04721366739,0.046509010836,0.04168743473,0.040815252902,0.034558076321,0.0020957480232,0.041687358811,0.045885081007,0.035307816032,4.9950574147e-05,4.9950574133e-05,0.00010096646984,0.032129682154,0.03979319376,0.042356562556,0.013078985368,0.043518758431,0.041491082751,0.018950611106,0.033843121744,0.0003551405684,1.4189679588e-10,1.5571593261e-09,1.3514311683e-09,9.1805515104e-09,0.0071439552954,0.0020571051427,0.019664495396,0.00017189487896,0.00017189487896,0.00023115256955
2705.0,0.00034440261269,0.00034392661318,0.00034392906807,0.00034392906807,0.00034392906807,0.04484776983,0.035799022478,0.028719261219,0.04714791673,0.04643090522,0.041673072403,0.040712522383,0.034448627347,0.0020752344581,0.041672996622,0.045847161775,0.035198647922,4.9093991491e-05,4.9093991477e-05,9.9235036395e-05,0.032020101187,0.039785668959,0.042257538722,0.013003067273,0.043496173577,0.041477495511,0.018857835029,0.033733513995,0.00035039785498,1.3612617154e-10,1.4938331502e-09,1.2964714949e-09,8.8071990791e-09,0.0070926240793,0.0020368874639,0.019570080726,0.00016935586658,0.00016935586658,0.00022773827997
2710.0,0.00033979147609,0.00033932184962,0.00033932427165,0.00033932427165,0.00033932427165,0.044758675382,0.035690496391,0.028611633979,0.047082257631,0.046352930759,0.041658715024,0.040610050412,0.034339524973,0.002054921683,0.041658639381,0.045809273876,0.035089817311,4.8252098026e-05,4.8252098013e-05,9.7533294586e-05,0.031910893905,0.039778145581,0.042158746365,0.01292758983,0.043473600445,0.041463912721,0.018765513119,0.033624261198,0.00034571847774,1.3059022558e-10,1.4330823077e-09,1.2437469081e-09,8.4490300535e-09,0.0070416616742,0.0020168684869,0.019476119307,0.0001668543572,0.0001668543572,0.00022437442178
2715.0,0.00033524207691,0.00033477873815,0.00033478112775,0.00033478112775,0.00033478112775,0.044669757925,0.035582299276,0.028504410064,0.047016689966,0.046275087234,0.041644362592,0.040507836338,0.034230768104,0.0020348077325,0.041644287086,0.045771417285,0.034981323155,4.7424641855e-05,4.7424641843e-05,9.5860735243e-05,0.031802059035,0.039770623626,0.042060184946,0.012852550484,0.043451039026,0.041450334379,0.018673643151,0.033515362205,0.00034110159087,1.2527941413e-10,1.3748020657e-09,1.193166512e-09,8.1054269585e-09,0.0069910654305,0.0019970462589,0.019382608964,0.00016438979687,0.00016438979687,0.00022106025009
2720.0,0.00033075358855,0.00033029645333,0.00033029881094,0.00033029881094,0.00033029881094,0.044581017109,0.035474430138,0.028397587963,0.046951213608,0.046197374424,0.041630015104,0.040405879511,0.034122355644,0.0020148906605,0.041629939736,0.045733591975,0.034873164416,4.6611375399e-05,4.6611375386e-05,9.4216857929e-05,0.031693595306,0.039763103094,0.041961853923,0.01277794669,0.043428489316,0.041436760483,0.018582222915,0.033406815869,0.00033654635984,1.2018458147e-10,1.3188919504e-09,1.1446431071e-09,7.7757974305e-09,0.0069408327177,0.0019774188463,0.019289547533,0.00016196163983,0.00016196163983,0.00021779503099
2725.0,0.00032632519552,0.00032587418077,0.00032587650681,0.00032587650682,0.00032587650681,0.044492452582,0.035366887982,0.028291166169,0.046885828429,0.04611979211,0.041615672559,0.040304179285,0.034014286504,0.00199516854,0.041615597329,0.045695797922,0.034765340055,4.5812055322e-05,4.581205531e-05,9.2601170789e-05,0.031585501454,0.039755583983,0.04186375276,0.012703775921,0.043405951309,0.041423191032,0.018491250209,0.033298621048,0.00033205196129,1.1529694421e-10,1.265255574e-09,1.0980930402e-09,7.4595731957e-09,0.0068909609239,0.0019579843344,0.01919693286,0.00015956934838,0.00015956934838,0.00021457804143
2730.0,0.0003219560932,0.00032151111699,0.00032151341188,0.00032151341188,0.00032151341188,0.044404063995,0.035259671816,0.028185143184,0.046820534304,0.046042340073,0.041601334955,0.040202735015,0.033906559595,0.0019756394628,0.041601259863,0.045658035098,0.034657849039,4.5026442466e-05,4.5026442454e-05,9.1013190401e-05,0.031477776218,0.039748066294,0.041765880918,0.012630035663,0.043383424997,0.041409626024,0.018400722843,0.033190776606,0.00032761758285,1.1060807619e-10,1.2138004687e-09,1.05343606e-09,7.1562090911e-09,0.0068414474564,0.0019387408275,0.019104762798,0.00015721239277,0.00015721239277,0.00021140856902
2735.0,0.00031764548777,0.00031720646924,0.00031720873342,0.00031720873342,0.00031720873341,0.044315850997,0.035152780654,0.028079517513,0.046755331104,0.045965018094,0.041587002291,0.040101546055,0.033799173836,0.0019563015392,0.041586927336,0.045620303478,0.034550690339,4.425430177e-05,4.4254301758e-05,8.9452441635e-05,0.03137041834,0.039740550027,0.041668237861,0.012556723419,0.043360910376,0.041396065459,0.018310638637,0.033083281406,0.00032324242297,1.0610989391e-10,1.1644379271e-09,1.0105951791e-09,6.8651821239e-09,0.0067922897407,0.0019196864483,0.019013035216,0.00015489025105,0.00015489025105,0.00020828591191
2740.0,0.00031339259604,0.00031295945543,0.00031296168929,0.00031296168929,0.00031296168928,0.044227813239,0.035046213511,0.027974287666,0.046690218703,0.045887825955,0.041572674565,0.040000611763,0.033692128145,0.0019371528983,0.041572599748,0.045582603037,0.034443862927,4.3495402206e-05,4.3495402194e-05,8.7918457507e-05,0.031263426568,0.039733035181,0.041570823056,0.012483836705,0.043338407439,0.041382509335,0.018220995421,0.032976134319,0.00031892569085,1.0179464259e-10,1.1170828493e-09,9.6949654072e-10,6.5859905705e-09,0.0067434852211,0.0019008193381,0.018921747989,0.00015260240901,0.00015260240901,0.00020520937861
2745.0,0.00030919664529,0.0003087693039,0.00030877150785,0.00030877150785,0.00030877150785,0.044139950375,0.034939969403,0.027869452162,0.046625196975,0.045810763437,0.041558351775,0.039899931499,0.033585421446,0.0019181916874,0.041558277095,0.045544933748,0.034337365779,4.2749516707e-05,4.2749516695e-05,8.6410779042e-05,0.031156799655,0.039725521756,0.041473635968,0.012411373049,0.04331591618,0.041368957649,0.018131791037,0.032869334217,0.00031466660621,9.7654882868e-11,1.0716535962e-09,9.3006929167e-10,6.3181531111e-09,0.00669503136,0.0018821376564,0.018830899004,0.00015034836002,0.00015034836002,0.00020217828783
2750.0,0.00030505687316,0.00030463525334,0.00030463742778,0.00030463742778,0.00030463742778,0.044052262055,0.034834047352,0.027765009521,0.046560265794,0.045733830324,0.04154403392,0.039799504623,0.033479052666,0.0018994160719,0.041543959376,0.045507295587,0.034231197874,4.20164221e-05,4.2016422089e-05,8.4928955135e-05,0.031050536356,0.039718009752,0.041376676065,0.012339329997,0.043293436593,0.041355410402,0.018043023338,0.032762879978,0.0003104643992,9.3683477877e-11,1.028071849e-09,8.9224546041e-10,6.0612080003e-09,0.0066469256382,0.0018636395809,0.018740486157,0.00014812760492,0.00014812760492,0.00019919196836
2755.0,0.00030097252748,0.00030055655264,0.00030055869797,0.00030055869797,0.00030055869796,0.043964747935,0.034728446382,0.027660958272,0.046495425034,0.045657026398,0.041529720997,0.039699330498,0.033373020734,0.0018808242351,0.04152964659,0.045469688526,0.034125358195,4.129589904e-05,4.1295899029e-05,8.3472542419e-05,0.030944635431,0.039710499168,0.041279942817,0.012267705109,0.043270968672,0.04134186759,0.017954690187,0.03265677048,0.00030631831028,8.987358105e-11,9.8626247363e-10,8.559598395e-10,5.8147122706e-09,0.0065991655546,0.0018453233071,0.018650507356,0.00014593965196,0.00014593965196,0.0001962497589
2760.0,0.00029694286618,0.00029653246072,0.00029653457733,0.00029653457733,0.00029653457733,0.043877407666,0.03462316552,0.027557296948,0.046430674568,0.045580351441,0.041515413006,0.039599408488,0.033267324585,0.0018624143782,0.041515338735,0.045432112541,0.034019845726,4.0587731942e-05,4.0587731931e-05,8.2041105127e-05,0.030839095646,0.039702990004,0.041183435694,0.012196495956,0.043248512411,0.041328329214,0.017866789455,0.032551004608,0.00030222759001,8.6218624164e-11,9.4615339169e-10,8.211498734e-10,5.5782409692e-09,0.0065517486259,0.0018271870481,0.018560960516,0.00014378401661,0.00014378401661,0.00019335100792
2765.0,0.00029296715709,0.00029256224646,0.00029256433473,0.00029256433473,0.00029256433472,0.043790240905,0.034518203796,0.027454024089,0.046366014271,0.045503805238,0.041501109943,0.039499737958,0.033161963154,0.00184418472,0.04150103581,0.045394567606,0.033914659458,3.9891708919e-05,3.9891708908e-05,8.0634214967e-05,0.030733915769,0.039695482261,0.041087154166,0.012125700126,0.043226067803,0.041314795271,0.017779319027,0.032445581249,0.00029819149899,8.2712306182e-11,9.0767545619e-10,7.8775555045e-10,5.351386425e-09,0.0065046723869,0.0018092290349,0.018471843565,0.00014166022152,0.00014166022152,0.00019049507351
2770.0,0.00028904467786,0.00028864518849,0.0002886472488,0.0002886472488,0.0002886472488,0.043703247306,0.034413560241,0.027351138238,0.046301444017,0.045427387572,0.041486811809,0.039400318276,0.033056935383,0.0018261334966,0.041486737812,0.045357053695,0.03380979838,3.9207621717e-05,3.9207621706e-05,7.9251450991e-05,0.030629094572,0.039687975937,0.040991097707,0.012055315221,0.043203634844,0.04130126576,0.017692276796,0.032340499294,0.00029420930767,7.9348582286e-11,8.7076233194e-10,7.5571929973e-10,5.1337575461e-09,0.00645793439,0.0017914475157,0.01838315444,0.0001395677964,0.0001395677964,0.00018768132325
2775.0,0.00028517471582,0.00028478057512,0.00028478260785,0.00028478260785,0.00028478260784,0.043616426526,0.034309233893,0.027248637945,0.046236963681,0.045351098228,0.0414725186,0.03930114881,0.032952240214,0.0018082589615,0.041472444739,0.045319570783,0.033705261489,3.8535265653e-05,3.8535265643e-05,7.7892399468e-05,0.030524630834,0.039680471032,0.040895265792,0.011985338855,0.043181213526,0.041287740679,0.017605660666,0.032235757639,0.00029028029627,7.6121653472e-11,8.3535038168e-10,7.2498589142e-10,4.9249791454e-09,0.0064115322049,0.0017738407559,0.018294891087,0.00013750627789,0.00013750627789,0.00018490913403
2780.0,0.00028135656783,0.00028096770419,0.0002809697097,0.0002809697097,0.0002809697097,0.043529778221,0.03420522379,0.027146521766,0.046172573138,0.04527493699,0.041458230316,0.03920222893,0.032847876595,0.0017905593853,0.041458156591,0.045282118843,0.033601047783,3.7874439556e-05,3.7874439546e-05,7.6556653764e-05,0.030420523335,0.039672967547,0.040799657894,0.011915768657,0.043158803843,0.041274220027,0.017519468553,0.03213135518,0.0002864037546,7.3025956612e-11,8.0137855596e-10,6.955023419e-10,4.7246912939e-09,0.0063654634192,0.0017564070378,0.018207051462,0.00013547520947,0.00013547520947,0.00018217789199
2785.0,0.00027758954016,0.00027720588293,0.00027720786159,0.00027720786159,0.00027720786158,0.043443302048,0.034101528973,0.027044788261,0.046108272262,0.045198903643,0.041443946954,0.039103558009,0.032743843477,0.0017730330555,0.041443873366,0.045244697851,0.033497156261,3.7224945702e-05,3.7224945692e-05,7.5243814218e-05,0.030316770861,0.03966546548,0.040704273491,0.011846602269,0.043136405791,0.041260703803,0.01743369838,0.03202729082,0.00028257898195,7.0056154826e-11,7.6878828815e-10,6.6721782221e-10,4.5325486998e-09,0.0063197256377,0.001739144661,0.018119633533,0.00013347414138,0.00013347414138,0.00017948699229
2790.0,0.00027387294838,0.00027349442785,0.00027349638002,0.00027349638002,0.00027349638001,0.043356997666,0.033998148486,0.026943435997,0.04604406093,0.045122997972,0.041429668513,0.03900513542,0.032640139811,0.0017556782762,0.041429595061,0.04520730778,0.033393585929,3.6586589759e-05,3.6586589749e-05,7.3953488022e-05,0.030213372201,0.039657964832,0.040609112061,0.011777837349,0.043114019362,0.041247192006,0.017348348083,0.031923563464,0.00027880528699,6.720712821e-11,7.3752339341e-10,6.4008357046e-10,4.348220114e-09,0.0062743164821,0.0017220519414,0.018032635274,0.0001315026305,0.0001315026305,0.00017683583908
2795.0,0.00027020611722,0.00026983266461,0.00026983459064,0.00026983459064,0.00026983459064,0.043270864733,0.033895081378,0.026842463544,0.045979939015,0.045047219763,0.041415394992,0.038906960539,0.032536764556,0.0017384933684,0.041415321675,0.045169948606,0.033290335794,3.5959180729e-05,3.5959180719e-05,7.2685289104e-05,0.03011032615,0.039650465603,0.040514173081,0.011709471566,0.04309164455,0.041233684632,0.017263415605,0.031820172021,0.00027508198761,6.4473965113e-11,7.0752997183e-10,6.1405280785e-10,4.1713877581e-09,0.0062292335915,0.0017051272117,0.017946054672,0.00012956024023,0.00012956024023,0.00017422384525
2800.0,0.00026658838044,0.00026621992791,0.00026622182815,0.00026622182815,0.00026622182815,0.043184902909,0.033792326697,0.02674186948,0.045915906395,0.044971568802,0.041401126388,0.038809032741,0.032433716672,0.0017214766693,0.041401053207,0.045132620303,0.033187404866,3.5342530886e-05,3.5342530876e-05,7.1438838013e-05,0.030007631504,0.039642967791,0.040419456033,0.011641502604,0.04306928135,0.041220181682,0.017178898903,0.031717115403,0.00027140841081,6.1851953634e-11,6.7875631535e-10,5.8908065788e-10,4.0017467775e-09,0.006184474622,0.0016883688209,0.017859889723,0.00012764654046,0.00012764654046,0.0001716504324
2805.0,0.00026301908073,0.00026265556133,0.00026265743613,0.00026265743613,0.00026265743613,0.043099111854,0.033689883498,0.026641652386,0.045851962943,0.044896044875,0.041386862699,0.038711351406,0.032330995122,0.0017046265325,0.041386789654,0.045095322844,0.033084792158,3.4736455725e-05,3.4736455716e-05,7.0213761804e-05,0.029905287067,0.039635471398,0.040324960397,0.011573928159,0.043046929756,0.041206683154,0.01709479594,0.031614392526,0.00026778389257,5.9336573475e-11,6.5115281895e-10,5.6512406927e-10,3.8390047149e-09,0.0061400372464,0.0016717751341,0.01777413843,0.0001257611074,0.0001257611074,0.00016911503067
2810.0,0.00025949756959,0.00025913891727,0.00025914076697,0.00025914076697,0.00025914076697,0.043013491229,0.033587750836,0.02654181085,0.045788108537,0.044820647769,0.041372603925,0.038613915912,0.032228598872,0.0016879413276,0.041372531015,0.045058056205,0.032982496686,3.4140773907e-05,3.4140773898e-05,6.9009693928e-05,0.029803291644,0.039627976421,0.040230685656,0.011506745941,0.043024589761,0.041193189046,0.017011104693,0.03151200231,0.00026420777775,5.6923488176e-11,6.2467189477e-10,5.4214174134e-10,3.6828810068e-09,0.006095919154,0.0016553445327,0.017688798809,0.00012390352354,0.00012390352354,0.0001666170786
2815.0,0.00025602320719,0.00025566935678,0.00025567118171,0.00025567118171,0.00025567118171,0.042928040694,0.03348592777,0.026442343465,0.045724343052,0.044745377271,0.041358350063,0.038516725642,0.032126526894,0.0016714194402,0.041358277289,0.045020820361,0.032880517471,3.3555307199e-05,3.355530719e-05,6.7826274124e-05,0.029701644044,0.039620482863,0.040136631295,0.011439953675,0.04300226136,0.041179699357,0.016927823145,0.031409943677,0.00026067941995,5.4608537651e-11,5.9926789037e-10,5.2009405314e-10,3.5331064996e-09,0.0060521180512,0.0016390754139,0.017603868884,0.00012207337752,0.00012207337752,0.00016415602304
2820.0,0.00025259536225,0.00025224624947,0.00025224804997,0.00025224804997,0.00025224804997,0.042842759913,0.033384413361,0.026343248829,0.045660666364,0.044670233169,0.041344101112,0.038419779978,0.032024778159,0.0016550592719,0.041344028473,0.044983615285,0.032778853535,3.2979880428e-05,3.2979880419e-05,6.6663148305e-05,0.029600343083,0.039612990721,0.040042796797,0.011373549097,0.042979944546,0.041166214086,0.016844949291,0.031308215555,0.00025719818141,5.2387730953e-11,5.7489700989e-10,4.989429949e-10,3.3894229855e-09,0.0060086316605,0.0016229661905,0.017519346689,0.00012027026407,0.00012027026407,0.00016173131901
2825.0,0.00024921341198,0.0002488689734,0.00024887074979,0.00024887074979,0.00024887074979,0.042757648547,0.033283206675,0.026244525545,0.04559707835,0.04459521525,0.04132985707,0.038323078304,0.031923351646,0.0016388592396,0.041329784566,0.044946440953,0.032677503902,3.2414321421e-05,3.2414321412e-05,6.5519968458e-05,0.029499387579,0.039605499995,0.039949181649,0.011307529956,0.042957639313,0.04115273323,0.016762481137,0.031206816871,0.00025376343287,5.0257239462e-11,5.5151723843e-10,4.7865210281e-10,3.2515827576e-09,0.0059654577209,0.0016070152913,0.017435230266,0.0001184937839,0.0001184937839,0.00015934242956
2830.0,0.00024587674191,0.00024553691494,0.00024553866754,0.00024553866754,0.00024553866754,0.042672706261,0.033182306778,0.026146172221,0.045533578887,0.044520323303,0.041315617935,0.038226620008,0.031822246332,0.001622817776,0.041315545566,0.044909297339,0.032576467603,3.1858460961e-05,3.1858460953e-05,6.439639254e-05,0.029398776353,0.039598010687,0.039855785338,0.011241894016,0.042935345656,0.041139256789,0.016680416695,0.031105746561,0.0002503745535,4.821339029e-11,5.2908826981e-10,4.5918639578e-10,3.1193481825e-09,0.0059225939875,0.0015912211601,0.017351517668,0.00011674354362,0.00011674354362,0.0001569888257
2835.0,0.00024258474578,0.00024224946868,0.00024225119782,0.00024225119782,0.00024225119782,0.042587932719,0.033081712741,0.026048187471,0.04547016785,0.044445557115,0.041301383706,0.038130404476,0.031721461202,0.0016069333288,0.041301311472,0.044872184417,0.032475743667,3.1312132732e-05,3.1312132723e-05,6.3292084369e-05,0.029298508231,0.039590522794,0.039762607353,0.011176639054,0.042913063569,0.041125784762,0.01659875399,0.031005003561,0.00024703093073,4.6252659869e-11,5.0757143701e-10,4.4051231537e-10,2.992491291e-09,0.0058800382318,0.0015755822562,0.017268206957,0.00011501915564,0.00011501915564,0.00015466998622
2840.0,0.00023933682547,0.00023900603732,0.00023900774331,0.00023900774331,0.00023900774331,0.042503327585,0.032981423637,0.025950569914,0.045406845117,0.044370916476,0.041287154381,0.038034431097,0.031620995242,0.0015912043614,0.041287082281,0.044835102163,0.03237533113,3.0775173269e-05,3.077517326e-05,6.2206713532e-05,0.029198582045,0.039583036318,0.039669647184,0.011111762856,0.042890793045,0.041112317145,0.016517491055,0.030904586811,0.00024373196021,4.437166796e-11,4.8692964552e-10,4.2259766789e-10,2.8707933845e-09,0.005837788241,0.0015600970541,0.017185296204,0.00011332023811,0.00011332023811,0.00015238539765
2845.0,0.00023613239086,0.00023580603156,0.00023580771471,0.00023580771471,0.00023580771471,0.042418890524,0.032881438541,0.025853318174,0.045343610565,0.044296401176,0.041272929958,0.037938699262,0.031520847441,0.0015756293517,0.041272857993,0.04479805055,0.032275229029,3.024742191e-05,3.0247421902e-05,6.1139955281e-05,0.029098996629,0.039575551257,0.039576904321,0.011047263226,0.042868534078,0.041098853939,0.016436625935,0.030804495254,0.00024047704561,4.2567171799e-11,4.6712730941e-10,4.0541156893e-10,2.7540446588e-09,0.0057958418183,0.0015447640431,0.017102783489,0.00011164641481,0.00011164641481,0.00015013455407
2850.0,0.00023297085974,0.00023264886999,0.00023265053061,0.00023265053061,0.00023265053061,0.042334621204,0.032781756532,0.025756430881,0.04528046407,0.044222011003,0.041258710436,0.037843208364,0.031421016792,0.0015602067929,0.041258638605,0.044761029554,0.032175436405,2.972872075e-05,2.9728720742e-05,6.0091490435e-05,0.02899975082,0.039568067611,0.039484378257,0.010983137978,0.042846286663,0.041085395142,0.016356156681,0.030704727838,0.00023726559861,4.0836060422e-11,4.4813028983e-10,3.8892439002e-10,2.6420438419e-09,0.0057541967829,0.0015295817276,0.017020666902,0.00010999731509,0.00010999731509,0.00014791695704
2855.0,0.00022985165767,0.00022953397898,0.00022953561736,0.00022953561736,0.00022953561736,0.04225051929,0.032682376692,0.025659906668,0.045217405512,0.044147745747,0.041244495813,0.037747957795,0.03132150229,0.0015449351926,0.041244424116,0.044724039149,0.0320759523,2.9218914591e-05,2.9218914583e-05,5.9061005289e-05,0.02890084346,0.039560585381,0.039392068485,0.010919384938,0.042824050793,0.041071940752,0.016276081356,0.030605283513,0.00023409703872,3.9175349455e-11,4.2990583644e-10,3.7310770772e-10,2.5345978468e-09,0.0057128509694,0.0015145486264,0.016938944541,0.00010837257376,0.00010837257376,0.00014573211549
2860.0,0.00022677421793,0.00022646079257,0.00022646240901,0.00022646240902,0.00022646240901,0.04216658445,0.032583298104,0.025563744175,0.045154434766,0.0440736052,0.041230286087,0.037652946952,0.031222302935,0.0015298130734,0.041230214525,0.044687079311,0.031976775762,2.8717850895e-05,2.8717850888e-05,5.8048191517e-05,0.028802273396,0.039553104565,0.039299974499,0.010856001947,0.042801826463,0.041058490768,0.016196398031,0.030506161233,0.00023097079321,3.7582175908e-11,4.1242253069e-10,3.579342544e-10,2.4315214393e-09,0.005671802228,0.0014996632732,0.016857614514,0.00010677183103,0.00010677183103,0.0001435795456
2865.0,0.00022373798137,0.0002234287524,0.0002234303472,0.0002234303472,0.0002234303472,0.042082816352,0.032484519856,0.025467942047,0.045091551711,0.04399958915,0.041216081256,0.037558175231,0.031123417728,0.0015148389721,0.041216009828,0.044650150013,0.03187790584,2.8225379743e-05,2.8225379735e-05,5.7052746079e-05,0.028704039478,0.039545625164,0.039208095795,0.010792986857,0.042779613666,0.041045045189,0.016117104789,0.030407359956,0.00022788629699,3.605379315e-11,3.9565023176e-10,3.433778714e-10,2.332636918e-09,0.0056310484244,0.0014849242158,0.016776674938,0.00010519473243,0.00010519473243,0.0001414587707
2870.0,0.00022074239633,0.00022043730756,0.00022043888101,0.00022043888101,0.00022043888101,0.041999214666,0.032386041037,0.025372498933,0.045028756225,0.04392569739,0.041201881319,0.037463642029,0.031024845676,0.0015000114398,0.041201810025,0.044613251231,0.031779341585,2.7741353783e-05,2.7741353775e-05,5.6074371134e-05,0.02860614056,0.039538147177,0.039116431871,0.010730337532,0.042757412396,0.041031604012,0.016038199719,0.030308878641,0.00022484299254,3.4587566268e-11,3.7956002459e-10,3.2941346382e-10,2.2377738083e-09,0.0055905874397,0.0014703300165,0.01669612394,0.0001036409287,0.0001036409287,0.00013936932115
2875.0,0.00021778691855,0.00021748591454,0.00021748746693,0.00021748746693,0.00021748746692,0.04191577906,0.032287860739,0.025277413488,0.044966048185,0.043851929711,0.041187686274,0.037369346748,0.030926585786,0.001485329042,0.041187615114,0.044576382939,0.031681082054,2.7265628192e-05,2.7265628185e-05,5.5112773946e-05,0.028508575499,0.039530670605,0.039024982223,0.01066805185,0.042735222648,0.041018167237,0.015959680922,0.030210716254,0.00022184032975,3.3180967552e-11,3.6412416999e-10,3.1601695732e-10,2.1467685685e-09,0.00555041717,0.0014558792515,0.016615959653,0.00010211007578,0.00010211007578,0.00013731073426
2880.0,0.00021487101103,0.0002145740371,0.0002145755687,0.0002145755687,0.0002145755687,0.041832509204,0.032189978059,0.025182684372,0.044903427471,0.043778285904,0.04117349612,0.037275288789,0.03082863707,0.001470790358,0.041173425094,0.044539545112,0.031583126303,2.6798060632e-05,2.6798060624e-05,5.4167666801e-05,0.028411343157,0.039523195446,0.038933746352,0.010606127699,0.042713044416,0.041004734863,0.015881546507,0.030112871761,0.00021887776589,3.1831572033e-11,3.4931605696e-10,3.0316525669e-10,2.0594643075e-09,0.0055105355267,0.0014415705112,0.016536180222,0.00010060183467,0.00010060183467,0.00013528255416
2885.0,0.00021199414397,0.00021170114617,0.00021170265726,0.00021170265726,0.00021170265726,0.04174940477,0.032092392094,0.025088310249,0.044840893959,0.043704765762,0.041159310855,0.037181467553,0.030730998543,0.0014563939811,0.041159239962,0.044502737725,0.031485473395,2.6338511202e-05,2.6338511195e-05,5.3238766918e-05,0.028314442401,0.0395157217,0.038842723757,0.010544562983,0.042690877693,0.040991306886,0.015803794593,0.030015344132,0.00021595476546,3.0537053405e-11,3.3511015667e-10,2.9083620591e-10,1.975710515e-09,0.0054709404361,0.0014274023998,0.0164567838,9.9115871365e-05,9.9115871365e-05,0.00013328433173
2890.0,0.00020915579468,0.00020886671976,0.00020886821062,0.00020886821062,0.00020886821062,0.041666465428,0.031995101944,0.024994289789,0.04477844753,0.043631369077,0.041145130476,0.037087882446,0.030633669222,0.0014421385185,0.041145059717,0.044465960753,0.031388122393,2.5886842404e-05,2.5886842397e-05,5.2325796365e-05,0.028217872099,0.039508249368,0.038751913941,0.010483355613,0.042668722474,0.040977883308,0.015726423306,0.029918132343,0.00021307080011,2.9295179947e-11,3.2148197853e-10,2.7900854993e-10,1.8953628013e-09,0.0054316298395,0.0014133735351,0.016377768548,9.7651856814e-05,9.7651856814e-05,0.00013131562447
2895.0,0.00020635544745,0.0002060702429,0.0002060717138,0.0002060717138,0.0002060717138,0.041583690851,0.031898106714,0.024900621667,0.044716088061,0.043558095641,0.041130954984,0.036994532873,0.03053664813,0.0014280225908,0.041130884358,0.04442921417,0.031291072364,2.5442919096e-05,2.5442919089e-05,5.1428481977e-05,0.028121631124,0.039500778449,0.038661316405,0.010422503518,0.042646578752,0.040964464124,0.015649430785,0.02982123537,0.00021022534856,2.8103810704e-11,3.0840802776e-10,2.676618982e-10,1.8182826488e-09,0.005392601693,0.0013994825487,0.016299132637,9.6209466817e-05,9.6209466817e-05,0.00012937599642
2900.0,0.00020359259348,0.00020331120747,0.00020331265868,0.00020331265868,0.00020331265868,0.041501080711,0.031801405509,0.024807304563,0.044653815431,0.043484945247,0.041116784374,0.036901418241,0.030439934289,0.0014140448322,0.041116713882,0.044392497953,0.031194322378,2.5006608452e-05,2.5006608446e-05,5.0546555273e-05,0.028025718354,0.039493308943,0.038570930654,0.010362004634,0.042624446522,0.040951049336,0.015572815175,0.029724652194,0.00020741789647,2.6960891766e-11,2.9586576526e-10,2.5677668939e-10,1.7443371732e-09,0.0053538539672,0.0013857280854,0.016220874245,9.4788381965e-05,9.4788381965e-05,0.00012746501806
2905.0,0.00020086673079,0.00020058911219,0.00020059054397,0.00020059054397,0.00020059054397,0.041418634682,0.031704997437,0.024714337162,0.044591629521,0.04341191769,0.041102618647,0.03680853796,0.030343526727,0.0014002038903,0.041102548288,0.044355812074,0.031097871507,2.4577779928e-05,2.4577779921e-05,4.9679752375e-05,0.027930132671,0.039485840849,0.038480756193,0.010301856911,0.042602325778,0.04093763894,0.015496574631,0.0296283818,0.00020464793638,2.586445279e-11,2.8383356844e-10,2.4633415756e-10,1.6733988942e-09,0.0053153846474,0.0013721088035,0.016142991562,9.3388287566e-05,9.3388287566e-05,0.00012558226622
2910.0,0.0001981773641,0.00019790346248,0.00019790487509,0.00019790487509,0.00019790487509,0.041336352438,0.031608881611,0.024621718152,0.044529530208,0.043339012762,0.0410884578,0.03671589144,0.030247424474,0.001386498426,0.041088387574,0.04431915651,0.031001718826,2.4156305214e-05,2.4156305208e-05,4.8827813933e-05,0.027834872958,0.039478374167,0.038390792527,0.010242058312,0.042580216513,0.040924232935,0.015420707318,0.029532423173,0.00020191496762,2.4812603532e-11,2.7229069408e-10,2.3631630003e-10,1.6053455158e-09,0.0052771917335,0.0013586233745,0.016065482783,9.2008873575e-05,9.2008873576e-05,0.00012372732397
2915.0,0.00019552400478,0.00019525377037,0.00019525516407,0.00019525516407,0.00019525516406,0.041254233653,0.031513057145,0.024529446228,0.044467517373,0.043266230259,0.041074301832,0.036623478091,0.030151626563,0.0013729271132,0.041074231739,0.044282531236,0.030905863414,2.3742058204e-05,2.3742058198e-05,4.7990485041e-05,0.027739938104,0.039470908897,0.038301039165,0.010182606809,0.042558118722,0.040910831321,0.015345211408,0.029436775305,0.00019921849618,2.3803530602e-11,2.6121724251e-10,2.2670584636e-10,1.5400597156e-09,0.0052392732395,0.0013452704827,0.015988346114,9.0649834531e-05,9.0649834531e-05,0.00012189978054
2920.0,0.00019290617073,0.00019263955444,0.00019264092947,0.00019264092947,0.00019264092947,0.041172278002,0.031417523156,0.024437520091,0.044405590894,0.043193569974,0.041060150741,0.036531297329,0.030056132031,0.0013594886387,0.041060080781,0.044245936226,0.030810304352,2.3334914952e-05,2.3334914946e-05,4.7167515166e-05,0.027645327002,0.039463445039,0.038211495615,0.010123500389,0.042536032399,0.040897434095,0.015270085083,0.02934143719,0.00019655803466,2.2835494417e-11,2.5059412338e-10,2.1748622824e-10,1.4774289425e-09,0.0052016271939,0.0013320488258,0.015911579769,8.9310869479e-05,8.9310869479e-05,0.00012009923124
2925.0,0.00019032338632,0.0001900603397,0.00019006169633,0.00019006169633,0.00019006169632,0.041090485163,0.031322278763,0.024345938443,0.044343750652,0.043121031701,0.041046004525,0.036439348567,0.029960939918,0.0013461817024,0.041045934698,0.044209371455,0.030715040724,2.293475364e-05,2.2934753633e-05,4.6358658072e-05,0.027551038548,0.039455982592,0.038122161386,0.010064737049,0.042513957538,0.040884041257,0.015195326535,0.029246407824,0.00019393310218,2.1906826088e-11,2.4040302266e-10,2.0864155131e-10,1.4173452224e-09,0.0051642516392,0.0013189571137,0.015835181971,8.7991681913e-05,8.7991681913e-05,0.00011832527735
2930.0,0.00018777518228,0.00018751565754,0.000187516996,0.000187516996,0.00018751699599,0.04100885481,0.031227323089,0.024254699995,0.044281996527,0.043048615238,0.041031863183,0.036347631221,0.029866049265,0.0013330050167,0.041031793488,0.044172836899,0.030620071617,2.2541454535e-05,2.2541454529e-05,4.5563671744e-05,0.027457071642,0.039448521556,0.038033035989,0.010006314796,0.042491894132,0.040870652804,0.015120933964,0.029151686208,0.00019134322426,2.1015924638e-11,2.306263711e-10,2.0015656758e-10,1.3597049723e-09,0.005127144632,0.0013059940695,0.015759150949,8.6691979706e-05,8.6691979706e-05,0.00011657752603
2935.0,0.00018526109562,0.00018500504559,0.00018500636613,0.00018500636613,0.00018500636613,0.040927386622,0.031132655258,0.02416380346,0.044220328398,0.042976320378,0.041017726713,0.036256144709,0.029771459118,0.0013199573067,0.04101765715,0.044136332532,0.030525396121,2.2154899962e-05,2.2154899956e-05,4.4782318318e-05,0.027363425188,0.039441061931,0.037944118936,0.009948231653,0.042469842177,0.040857268736,0.015046905577,0.029057271345,0.00018878793277,2.0161254144e-11,2.2124731404e-10,1.9201664904e-10,1.3044088219e-09,0.0050903042429,0.0012931584286,0.015683484945,8.5411475045e-05,8.5411475045e-05,0.00011485559025
2940.0,0.00018278066954,0.00018252804772,0.00018252935058,0.00018252935058,0.00018252935058,0.040846080275,0.031038274399,0.024073247557,0.044158746146,0.042904146918,0.041003595113,0.036164888451,0.029677168526,0.00130703731,0.041003525683,0.044099858329,0.030431013327,2.177497426e-05,2.1774974254e-05,4.4014364009e-05,0.027270098092,0.039433603717,0.03785540974,0.0098904856499,0.042447801665,0.04084388905,0.014973239592,0.028963162243,0.00018626676583,1.9341341173e-11,2.1224968217e-10,1.842077628e-10,1.2513614418e-09,0.0050537285565,0.0012804489389,0.015608182205,8.414988437e-05,8.414988437e-05,0.0001131590887
2945.0,0.00018033345338,0.00018008421386,0.00018008549927,0.00018008549927,0.00018008549927,0.04076493545,0.03094417964,0.023983031009,0.044097249652,0.042832094653,0.040989468382,0.036073861866,0.02958317654,0.0012942437765,0.040989399083,0.044063414266,0.030336922331,2.1401563755e-05,2.1401563749e-05,4.3259579042e-05,0.027177089267,0.039426146913,0.037766907916,0.0098330748305,0.042425772592,0.040830513746,0.014899934236,0.02886935791,0.00018377926773,1.8554772232e-11,2.0361796386e-10,1.7671644638e-10,1.2004713797e-09,0.0050174156708,0.0012678643604,0.015533240987,8.2906928306e-05,8.2906928306e-05,0.00011148764569
2950.0,0.00017791900249,0.00017767309999,0.0001776743682,0.0001776743682,0.00017767436819,0.040683951824,0.030850370116,0.023893152545,0.044035838795,0.042760163381,0.040975346517,0.035983064378,0.029489482215,0.0012815754684,0.040975277351,0.044027000318,0.030243122232,2.1034556719e-05,2.1034556713e-05,4.251773758e-05,0.027084397626,0.039418691519,0.037678612978,0.0097759972493,0.042403754951,0.040817142821,0.014826987743,0.028775857361,0.00018132498884,1.7800191287e-11,1.9533727813e-10,1.6952978506e-10,1.1516509022e-09,0.0049813636978,0.0012554034657,0.015458659555,8.1682331609e-05,8.1682331609e-05,0.00010984089111
2955.0,0.0001755368782,0.00017529426803,0.00017529551926,0.00017529551926,0.00017529551926,0.040603129078,0.030756844962,0.023803610898,0.043974513457,0.042688352898,0.040961229518,0.035892495409,0.029396084608,0.0012690311599,0.040961160484,0.043990616459,0.030149612129,2.0673843342e-05,2.0673843336e-05,4.1788617661e-05,0.026992022089,0.039411237535,0.037590524444,0.0097192509722,0.042381748736,0.040803776276,0.014754398357,0.028682659612,0.00017890348553,1.7076297426e-11,1.8739334929e-10,1.6263538902e-10,1.104815844e-09,0.0049455707629,0.0012430650391,0.015384436181,8.0475823097e-05,8.0475823097e-05,0.00010821846027
2960.0,0.00017318664767,0.00017294728577,0.00017294852024,0.00017294852024,0.00017294852024,0.040522466892,0.030663603315,0.023714404806,0.043913273519,0.042616663002,0.040947117383,0.035802154384,0.029302982779,0.0012566096373,0.04094704848,0.043954262665,0.030056391127,2.0319315696e-05,2.0319315691e-05,4.1072001128e-05,0.026899961578,0.03940378496,0.03750264183,0.0096628340763,0.042359753941,0.040790414107,0.014682164329,0.028589763682,0.00017651432011,1.6381842731e-11,1.7977248225e-10,1.5602137265e-10,1.0598854625e-09,0.0049100350049,0.001230847877,0.015310569148,7.9287135594e-05,7.9287135594e-05,0.00010661999391
2965.0,0.00017086788391,0.00017063172677,0.00017063294472,0.00017063294472,0.00017063294472,0.040441964948,0.030570644316,0.023625533011,0.043852118861,0.042545093489,0.040933010109,0.03571204073,0.029210175793,0.0012443096988,0.040932941338,0.043917938912,0.029963458332,1.9970867706e-05,1.99708677e-05,4.0367673566e-05,0.026808215019,0.039396333795,0.037414964656,0.0096067446499,0.042337770561,0.040777056314,0.01461028392,0.028497168593,0.00017415706073,1.5715629938e-11,1.7246153872e-10,1.4967633346e-10,1.0167822989e-09,0.0048747545763,0.0012187507876,0.015237056745,7.8116005873e-05,7.8116005873e-05,0.00010504513805
2970.0,0.0001685801656,0.00016834717033,0.00016834837197,0.00016834837197,0.00016834837196,0.040361622925,0.03047796711,0.023536994261,0.043791049365,0.042473644158,0.040918907696,0.035622153875,0.029117662715,0.0012321301542,0.040918839056,0.043881645174,0.029870812853,1.9628395112e-05,1.9628395107e-05,3.9675424236e-05,0.026716781341,0.039388884038,0.037327492441,0.0095509807923,0.042315798589,0.040763702896,0.0145387554,0.028404873373,0.00017183128129,1.5076510533e-11,1.6544791488e-10,1.4358933281e-10,9.754320442e-10,0.0048397276424,0.0012067725909,0.015163897269,7.6962174592e-05,7.6962174592e-05,0.00010349354394
2975.0,0.0001663230771,0.00016609320134,0.00016609438689,0.00016609438689,0.00016609438689,0.040281440508,0.030385570841,0.023448787307,0.043730064913,0.042402314808,0.040904810141,0.035532493247,0.029025442616,0.0012200698253,0.040904741633,0.043845381426,0.029778453802,1.9291795447e-05,1.9291795442e-05,3.8995046014e-05,0.026625659477,0.03938143569,0.037240224706,0.0094955406138,0.042293838019,0.04075035385,0.014467577045,0.028312877049,0.0001695365614,1.4463382661e-11,1.5871951938e-10,1.3774987682e-10,9.3576341155e-10,0.0048049523821,0.0011949121182,0.015091089027,7.5825386241e-05,7.5825386241e-05,0.000101964868
2980.0,0.00016409620829,0.0001638694103,0.00016387057997,0.00016387057997,0.00016387057997,0.040201417379,0.030293454658,0.023360910907,0.043669165385,0.042331105236,0.040890717443,0.035443058278,0.028933514566,0.0012081275449,0.040890649066,0.043809147643,0.029686380294,1.8960967996e-05,1.8960967991e-05,3.8326335326e-05,0.026534848365,0.039373988751,0.037153160974,0.0094404222359,0.042271888846,0.040737009175,0.014396747142,0.028221178654,0.00016727248628,1.3875189356e-11,1.5226475267e-10,1.3214789841e-10,8.9770801319e-10,0.0047704269871,0.0011831682127,0.015018630333,7.4705389083e-05,7.4705389084e-05,0.00010045877171
2985.0,0.00016189915458,0.00016167539314,0.00016167654715,0.00016167654715,0.00016167654715,0.040121553222,0.030201617713,0.023273363822,0.043608350664,0.042260015241,0.0408766296,0.0353538484,0.028841877642,0.0011963021578,0.040876561355,0.043772943802,0.029594591445,1.8635813775e-05,1.863581377e-05,3.7669092092e-05,0.026444346944,0.03936654322,0.037066300767,0.0093856237907,0.042249951064,0.040723668871,0.014326263986,0.028129777224,0.00016503864668,1.3310916542e-11,1.4607248683e-10,1.2677373985e-10,8.6120024251e-10,0.0047361496622,0.0011715397287,0.014946519509,7.3601935102e-05,7.3601935102e-05,9.8974921549e-05
2990.0,0.00015973151678,0.00015951075123,0.0001595118898,0.0001595118898,0.0001595118898,0.04004184772,0.030110059159,0.023186144817,0.043547620632,0.042189044624,0.040862546611,0.035264863046,0.028750530922,0.0011845925196,0.040862478497,0.043736769877,0.029503086377,1.8316235496e-05,1.8316235491e-05,3.7023119659e-05,0.02635415416,0.039359099097,0.03697964361,0.0093311434214,0.042228024667,0.040710332935,0.014256125878,0.028038671797,0.00016283463883,1.2769591429e-11,1.4013204652e-10,1.2161813632e-10,8.2617716091e-10,0.0047021186251,0.0011600255318,0.014874754885,7.2514779943e-05,7.2514779943e-05,9.7512988929e-05
2995.0,0.00015759290104,0.00015737509128,0.00015737621461,0.00015737621461,0.0001573762146,0.039962300559,0.030018778151,0.023099252664,0.04348697517,0.042118193182,0.040848468473,0.035176101651,0.028659473487,0.0011729974975,0.04084840049,0.043700625843,0.029411864211,1.8002137539e-05,1.8002137534e-05,3.6388224751e-05,0.026264268959,0.039351656381,0.036893189029,0.0092769792817,0.042206109648,0.040697001366,0.014186331129,0.027947861414,0.00016066006434,1.225028078e-11,1.3443319057e-10,1.1667219963e-10,7.9257838952e-10,0.0046683321064,0.0011486244987,0.0148033348,7.144368286e-05,7.144368286e-05,9.6072650111e-05
3000.0,0.0001554829188,0.00015526802526,0.00015526913354,0.00015526913354,0.00015526913354,0.039882911424,0.02992777385,0.023012686137,0.043426414161,0.042047460717,0.040834395186,0.035087563652,0.02856870442,0.0011615159696,0.040834327334,0.043664511676,0.029320924074,1.7693425925e-05,1.769342592e-05,3.5764217403e-05,0.026174690293,0.039344215073,0.036806936549,0.0092231295364,0.042184206002,0.040683674163,0.01411687806,0.02785734512,0.00015851453015,1.1752089348e-11,1.289660943e-10,1.1192740307e-10,7.6034600473e-10,0.0046347883492,0.0011373355174,0.014732257599,7.0388406664e-05,7.0388406664e-05,9.465358614e-05
3005.0,0.0001534011867,0.00015318917032,0.00015319026376,0.00015319026376,0.00015319026376,0.039803680001,0.029837045416,0.022926444017,0.043365937488,0.041976847029,0.040820326747,0.034999248487,0.028478222809,0.0011501468249,0.040820259026,0.043628427352,0.029230265093,1.7390008284e-05,1.7390008279e-05,3.5150910909e-05,0.026085417117,0.039336775172,0.036720885699,0.0091695923605,0.042162313724,0.040670351324,0.014047764998,0.027767121962,0.00015639764844,1.1274158226e-11,1.2372133262e-10,1.0737556673e-10,7.2942443873e-10,0.0046014856093,0.0011261574866,0.014661521637,6.9348717669e-05,6.9348717669e-05,9.3255482773e-05
3010.0,0.00015134732649,0.00015113814875,0.00015113922755,0.00015113922755,0.00015113922755,0.039724605977,0.029746592013,0.022840525087,0.043305545032,0.041906351917,0.040806263155,0.034911155594,0.028388027744,0.0011388889634,0.040806195565,0.043592372844,0.0291398864,1.7091793833e-05,1.7091793828e-05,3.4548121763e-05,0.025996448389,0.039329336678,0.036635036007,0.00911636594,0.042140432806,0.040657032848,0.013978990278,0.027677190992,0.00015430903657,1.0815663509e-11,1.1868986361e-10,1.0300884333e-10,6.9976038343e-10,0.0045684221552,0.0011150893158,0.014591125276,6.8324385642e-05,6.8324385642e-05,9.1878030406e-05
3015.0,0.000149320965,0.0001491145879,0.00014911565226,0.00014911565226,0.00014911565226,0.039645689039,0.029656412807,0.022754928137,0.043245236677,0.041835975183,0.040792204409,0.034823284415,0.028298118318,0.0011277412959,0.040792136948,0.04355634813,0.029049787128,1.6798693345e-05,1.679869334e-05,3.3955669609e-05,0.025907783072,0.03932189959,0.036549387004,0.0090634484712,0.042118563244,0.040643718733,0.013910552244,0.027587551264,0.00015224831701,1.0375814727e-11,1.1386301318e-10,9.8819704837e-11,6.7130269871e-10,0.0045355962675,0.0011041299252,0.014521066886,6.731518375e-05,6.731518375e-05,9.052092401e-05
3020.0,0.00014732173406,0.00014711812011,0.00014711917022,0.00014711917022,0.00014711917022,0.039566928876,0.029566506968,0.022669651959,0.043185012305,0.041765716629,0.040778150505,0.034735634391,0.028208493625,0.0011167027439,0.040778083176,0.043520353183,0.028959966413,1.6510619121e-05,1.6510619117e-05,3.3373377182e-05,0.025819420129,0.039314463909,0.036463938219,0.0090108381608,0.042096705031,0.040630408979,0.013842449249,0.027498201834,0.00015021511728,9.9538536301e-12,1.092324599e-10,9.4800929184e-11,6.440023242e-10,0.0045030062395,0.0010932782459,0.014451344844,6.6320888508e-05,6.6320888508e-05,8.918386306e-05
3025.0,0.00014534927043,0.00014514838263,0.00014514941868,0.00014514941868,0.00014514941868,0.039488325175,0.029476873667,0.022584695353,0.0431248718,0.041695576055,0.040764101444,0.034648204966,0.028119152764,0.0011057722391,0.040764034244,0.043484387981,0.028870423395,1.6227484969e-05,1.6227484965e-05,3.2801070255e-05,0.025731358532,0.039307029634,0.036378689186,0.0089585332261,0.042074858162,0.040617103582,0.013774679651,0.027409141763,0.00014820906987,9.5490527221e-12,1.0479022085e-10,9.0945588099e-11,6.1781219466e-10,0.0044706503766,0.0010825332192,0.014381957536,6.5341279736e-05,6.5341279736e-05,8.7866551471e-05
3030.0,0.00014340321573,0.00014320501757,0.00014320603975,0.00014320603975,0.00014320603975,0.039409877626,0.029387512077,0.02250005712,0.043064815045,0.041625553265,0.040750057223,0.034560995585,0.028030094837,0.0010949487241,0.040749990153,0.043448452497,0.028781157215,1.5949206174e-05,1.5949206169e-05,3.2238577593e-05,0.025643597252,0.039299596764,0.036293639436,0.0089065318947,0.04205302263,0.040603802543,0.01370724182,0.027320370113,0.00014622981217,9.160714166e-12,1.0052863766e-10,8.7247035076e-11,5.9268715891e-10,0.0044385269963,0.0010718937969,0.014312903355,6.4376140503e-05,6.4376140503e-05,8.6568697532e-05
3035.0,0.00014148321637,0.00014128767184,0.00014128868034,0.00014128868034,0.00014128868033,0.039331585918,0.029298421376,0.022415736068,0.043004841923,0.041555648059,0.04073601784,0.034474005694,0.027941318948,0.0010842311517,0.040735950901,0.043412546708,0.028692167017,1.5675699472e-05,1.5675699468e-05,3.1685730895e-05,0.025556135265,0.0392921653,0.036208788506,0.0088548324044,0.04203119843,0.04059050586,0.013640134131,0.02723188595,0.00014427698642,8.7881684879e-12,9.6440363524e-11,8.3698893883e-11,5.6858390197e-10,0.0044066344283,0.0010613589411,0.014244180703,6.3425257085e-05,6.3425257085e-05,8.5290013838e-05
3040.0,0.0001395889235,0.00013939599708,0.00013939699207,0.00013939699207,0.00013939699207,0.039253449743,0.029209600742,0.022331731008,0.042944952317,0.04148586024,0.040721983294,0.034387234741,0.027852824203,0.0010736184848,0.040721916485,0.043376670588,0.028603451948,1.5406883029e-05,1.5406883025e-05,3.1142364745e-05,0.025468971551,0.039284735241,0.036124135929,0.0088034330032,0.042009385556,0.040577213531,0.013573354968,0.027143688345,0.00014235023964,8.4307734059e-12,9.2518350309e-11,8.0295047708e-11,5.4546087039e-10,0.0043749710143,0.0010509276241,0.014175787987,6.2488418913e-05,6.2488418913e-05,8.4030217233e-05
3045.0,0.00013771999294,0.00013752964958,0.00013753063125,0.00013753063125,0.00013753063124,0.03917546879,0.029121049357,0.022248040755,0.042885146112,0.041416189613,0.040707953583,0.034300682175,0.027764609713,0.0010631096966,0.040707886904,0.043340824115,0.028515011158,1.5142676414e-05,1.5142676409e-05,3.0608316565e-05,0.025382105092,0.039277306588,0.036039681242,0.0087523319495,0.041987584002,0.040563925554,0.013506902723,0.027055776368,0.00014044922356,8.0879127478e-12,8.875583655e-11,7.7029628253e-11,5.2327820068e-10,0.0043435351079,0.0010405988284,0.014107723624,6.1565418528e-05,6.1565418528e-05,8.2789028741e-05
3050.0,0.00013587608513,0.00013568829024,0.00013568925876,0.00013568925876,0.00013568925876,0.039097642753,0.029032766404,0.022164664131,0.042825423191,0.041346635978,0.040693928706,0.034214347446,0.02767667459,0.0010527037703,0.040693862156,0.043305007262,0.028426843799,1.4883000574e-05,1.488300057e-05,3.0083426566e-05,0.025295534876,0.039269879339,0.035955423983,0.0087015275116,0.041965793761,0.040550641929,0.013440775796,0.026968149095,0.00013857359455,7.7589954925e-12,8.5146335806e-11,7.3897006064e-11,5.0199765033e-10,0.0043123250745,0.0010303715463,0.014039986039,6.0656051536e-05,6.0656051536e-05,8.1566173506e-05
3055.0,0.00013405686504,0.00013387158449,0.00013387254005,0.00013387254005,0.00013387254005,0.039019971323,0.02894475107,0.022081599959,0.042765783439,0.041277199142,0.040679908661,0.034128230007,0.027589017949,0.0010423996992,0.040679842241,0.043269220005,0.028338949025,1.4627777813e-05,1.4627777809e-05,2.9567537697e-05,0.025209259893,0.039262453494,0.03587136369,0.0086510179679,0.041944014829,0.040537362654,0.013374972594,0.026880805605,0.0001367230136,7.4434545595e-12,8.1683625396e-11,7.0891780604e-11,4.8158253223e-10,0.0042813392911,0.0010202447802,0.013972573662,5.9760116563e-05,5.9760116563e-05,8.0361380733e-05
3060.0,0.00013226200213,0.00013207920227,0.00013208014503,0.00013208014503,0.00013208014503,0.038942454192,0.028857002544,0.02199884707,0.042706226739,0.041207878906,0.040665893446,0.034042329309,0.027501638909,0.0010321964862,0.040665827155,0.043233462321,0.028251325994,1.4376931767e-05,1.4376931763e-05,2.9060495602e-05,0.025123279134,0.039255029054,0.035787499903,0.0086008016067,0.0419222472,0.040524087728,0.013309491533,0.026793744977,0.00013489714618,7.1407459807e-12,7.8361735627e-11,6.8008770937e-11,4.6199765119e-10,0.0042505761468,0.0010102175422,0.013905484932,5.8877415207e-05,5.8877415208e-05,7.9174383628e-05
3065.0,0.00013049117028,0.0001303108179,0.00013031174804,0.00013031174804,0.00013031174804,0.038865091055,0.028769520017,0.021916404296,0.042646752976,0.041138675076,0.040651883059,0.033956644808,0.027414536591,0.0010220931441,0.040651816898,0.043197734184,0.028163973867,1.4130387381e-05,1.4130387378e-05,2.8562148571e-05,0.025037591599,0.039247606017,0.035703832163,0.0085508767264,0.041900490867,0.040510817148,0.013244331036,0.026706966297,0.00013309566228,6.8503478668e-12,7.5174939651e-11,6.5243006793e-11,4.4320924331e-10,0.0042200340417,0.001000288854,0.013838718296,5.8007752e-05,5.8007752e-05,7.8004919335e-05
3070.0,0.00012874404776,0.00012856611008,0.00012856702777,0.00012856702777,0.00012856702777,0.038787881605,0.028682302684,0.021834270475,0.042587362034,0.041069587455,0.040637877499,0.033871175961,0.027327710118,0.0010120886954,0.040637811467,0.04316203557,0.028076891805,1.3888070889e-05,1.3888070885e-05,2.8072347496e-05,0.024952196286,0.039240184384,0.035620360011,0.0085012416353,0.041878745824,0.040497550915,0.013179489534,0.026620468651,0.00013131823626,6.5717595772e-12,7.2117743512e-11,6.2589720073e-11,4.251849178e-10,0.0041897113879,0.00099045774721,0.013772272208,5.7150934357e-05,5.7150934357e-05,7.6852728883e-05
3075.0,0.00012702031713,0.00012684476182,0.00012684566722,0.00012684566722,0.00012684566722,0.038710825538,0.028595349739,0.02175244445,0.042528053798,0.04100061585,0.040623876765,0.033785922223,0.027241158618,0.001002182172,0.040623810861,0.043126366455,0.027990078974,1.3649909787e-05,1.3649909783e-05,2.7590945825e-05,0.024867092199,0.039232764155,0.035537082991,0.0084518946512,0.041857012066,0.040484289025,0.013114965465,0.02653425113,0.00012956454685,6.3045008519e-12,6.9184876664e-11,6.0044336558e-11,4.0789360116e-10,0.0041596066085,0.00098072326269,0.01370614513,5.6306772541e-05,5.6306772542e-05,7.5717557125e-05
3080.0,0.00012531966518,0.00012514646035,0.00012514735363,0.00012514735363,0.00012514735363,0.038633922548,0.028508660382,0.021670925068,0.042468828153,0.040931760065,0.040609880853,0.033700883054,0.027154881218,0.00099237261557,0.040609815079,0.043090726814,0.027903534541,1.3415832816e-05,1.3415832812e-05,2.7117799522e-05,0.024782278345,0.039225345329,0.035454000646,0.0084028341021,0.041835289587,0.040471031479,0.013050757275,0.026448312826,0.00012783427704,6.0481109493e-12,6.6371282965e-11,5.7602468147e-11,3.9130548356e-10,0.0041297181382,0.00097108445085,0.013640335528,5.5475079617e-05,5.5475079617e-05,7.4599152683e-05
3085.0,0.00012364178294,0.00012347089711,0.00012347177843,0.00012347177843,0.00012347177843,0.038557172331,0.028422233814,0.021589711179,0.042409684984,0.040863019905,0.040595889764,0.033616057914,0.027068877053,0.00098265907685,0.040595824119,0.043055116624,0.027817257678,1.3185769939e-05,1.3185769935e-05,2.6652767016e-05,0.024697753735,0.039217927905,0.035371112521,0.0083540583253,0.041813578381,0.040457778274,0.012986863418,0.026362652835,0.0001261271141,5.8021478607e-12,6.367211183e-11,5.5259904987e-11,3.7539196753e-10,0.004100044423,0.00096154037141,0.013574841881,5.4655671409e-05,5.4655671409e-05,7.3497267891e-05
3090.0,0.00012198636554,0.00012181776766,0.00012181863718,0.00012181863718,0.00012181863718,0.038480574584,0.028336069238,0.021508801638,0.042350624175,0.040794395177,0.040581903495,0.033531446264,0.026983145255,0.00097304061604,0.040581837978,0.043019535859,0.027731247556,1.295965232e-05,1.2959652317e-05,2.619570917e-05,0.024613517383,0.039210511885,0.035288418162,0.0083055656681,0.041791878442,0.040444529409,0.012923282356,0.026277270256,0.00012444274943,5.566187534e-12,6.1082709912e-11,5.3012608638e-11,3.6012561852e-10,0.0040705839197,0.00095209009333,0.013509662671,5.3848366463e-05,5.3848366463e-05,7.2411658743e-05
3095.0,0.0001203531122,0.00012018677165,0.00012018762953,0.00012018762953,0.00012018762952,0.038404129005,0.02825016586,0.021428195306,0.042291645614,0.040725885686,0.040567922044,0.033447047567,0.026897684963,0.00096351630249,0.040567856657,0.042983984496,0.027645503352,1.2737412304e-05,1.27374123e-05,2.5746489227e-05,0.024529568305,0.039203097266,0.035205917116,0.0082573544871,0.041770189765,0.040431284882,0.012860012558,0.026192164191,0.00012278087858,5.3398231773e-12,5.8598613187e-11,5.0856704814e-11,3.4548011767e-10,0.0040413350964,0.0009427326947,0.013444796389,5.3052986006e-05,5.3052986006e-05,7.1342084835e-05
3100.0,0.00011874172617,0.00011857761272,0.00011857845911,0.00011857845911,0.00011857845911,0.03832783529,0.028164522889,0.021347891045,0.042232749184,0.04065749124,0.040553945411,0.033362861288,0.026812495318,0.0009540852147,0.040553880151,0.042948462509,0.027560024243,1.2518983394e-05,1.2518983391e-05,2.530497278e-05,0.024445905522,0.03919568405,0.035123608933,0.0082094231486,0.041748512343,0.040418044693,0.012797052499,0.026107333744,0.00012114120116,5.1226645639e-12,5.6215539076e-11,4.878847676e-11,3.3143021648e-10,0.0040122964325,0.00093346726271,0.013380241533,5.2269353905e-05,5.2269353905e-05,7.0288309316e-05
3105.0,0.00011715191468,0.00011698999852,0.00011699083358,0.00011699083358,0.00011699083357,0.038251693138,0.028079139535,0.021267887724,0.042173934771,0.040589211645,0.040539973592,0.033278886891,0.026727575461,0.00094474644013,0.040539908461,0.042912969876,0.02747480941,1.2304300237e-05,1.2304300233e-05,2.4871027723e-05,0.024362528059,0.039188272235,0.03504149316,0.0081617700284,0.041726846171,0.040404808839,0.012734400664,0.026022778023,0.00011952342078,4.9143372966e-12,5.3929379253e-11,4.6804358888e-11,3.1795169325e-10,0.0039834664177,0.00092429289348,0.013315996608,5.1497296627e-05,5.1497296627e-05,6.9250098833e-05
3110.0,0.00011558338887,0.00011542364057,0.00011542446445,0.00011542446445,0.00011542446445,0.038175702248,0.027994015012,0.021188184215,0.042115202262,0.040521046708,0.040526006587,0.033195123843,0.02664292454,0.00093549907523,0.040525941585,0.042877506571,0.027389858036,1.2093298596e-05,1.2093298593e-05,2.4444524219e-05,0.024279434941,0.039180861822,0.034959569348,0.0081143935116,0.041705191242,0.04039157732,0.012672055543,0.025938496138,0.00011792724503,4.7144822438e-12,5.1736192434e-11,4.4900930628e-11,3.0502131129e-10,0.0039548435531,0.00091520869204,0.013252060125,5.0736643204e-05,5.0736643204e-05,6.8227223478e-05
3115.0,0.00011403586375,0.00011387825429,0.00011387906714,0.00011387906714,0.00011387906714,0.038099862319,0.027909148534,0.021108779395,0.042056551541,0.040452996237,0.040512044394,0.033111571613,0.026558541701,0.00092634222524,0.04051197952,0.04284207257,0.027305169306,1.188591534e-05,1.1885915337e-05,2.4025334655e-05,0.0241966252,0.03917345281,0.034877837048,0.0080672919928,0.041683547552,0.040378350133,0.012610015636,0.025854487203,0.00011635238538,4.5227548456e-12,4.9632197532e-11,4.3074910466e-11,2.926167789e-10,0.0039264263503,0.00090621377222,0.013188430606,4.9987225193e-05,4.9987225193e-05,6.7219456742e-05
3120.0,0.00011250905815,0.00011235355889,0.00011235436086,0.00011235436086,0.00011235436086,0.038024173052,0.02782453932,0.021029672144,0.041997982496,0.040385060039,0.040498087012,0.03302822967,0.026474426098,0.00091727500421,0.040498022265,0.04280666785,0.02722074241,1.1682088418e-05,1.1682088415e-05,2.3613333607e-05,0.02411409787,0.039166045199,0.034796295814,0.0080204638758,0.041661915093,0.040365127278,0.012548279449,0.025770750334,0.00011479855717,4.3388245525e-12,4.7613767403e-11,4.1323150523e-11,2.8071671102e-10,0.0038982133317,0.00089730725653,0.013125106575,4.9248876639e-05,4.9248876639e-05,6.6226575458e-05
3125.0,0.00011100269465,0.00011084927735,0.00011085006857,0.00011085006857,0.00011085006857,0.037948634148,0.02774018659,0.020950861348,0.041939495013,0.040317237923,0.040484134438,0.032945097484,0.026390576882,0.00090829653483,0.040484069819,0.042771292386,0.027136576536,1.1481756845e-05,1.1481756841e-05,2.3208397803e-05,0.024031851987,0.039158638989,0.034714945198,0.0079739075737,0.041640293861,0.040351908754,0.012486845494,0.02568728465,0.00011326547954,4.1623742992e-12,4.5677422352e-11,3.9642630668e-11,2.6930059225e-10,0.0038702030301,0.00088848827612,0.013062086567,4.8521434037e-05,4.8521434037e-05,6.5248359759e-05
3130.0,0.00010951649957,0.00010936513634,0.00010936591697,0.00010936591697,0.00010936591697,0.037873245307,0.027656089567,0.020872345895,0.041881088978,0.040249529697,0.04047018667,0.032862174529,0.026306993212,0.00089940594838,0.04047012218,0.042735946153,0.027052670879,1.1284860678e-05,1.1284860675e-05,2.2810406083e-05,0.023949886591,0.03915123418,0.034633784754,0.007927621509,0.04161868385,0.040338694558,0.012425712292,0.025604089272,0.00011175287538,3.9930998607e-12,4.3819824057e-11,3.8030453765e-11,2.5834874142e-10,0.0038423939892,0.0008797559707,0.012999369122,4.78047363e-05,4.78047363e-05,6.4284593023e-05
3135.0,0.00010805020287,0.00010790086621,0.0001079016364,0.0001079016364,0.0001079016364,0.037798006231,0.027572247475,0.020794124678,0.041822764277,0.04018193517,0.040456243708,0.032779460277,0.026223674245,0.00089060238465,0.040456179345,0.042700629128,0.026969024634,1.1091341007e-05,1.1091341004e-05,2.2419239365e-05,0.023868200727,0.03914383077,0.034552814039,0.007881604113,0.041597085053,0.040325484689,0.012364878372,0.025521163326,0.00011026047126,3.8307094546e-12,4.2037770105e-11,3.6483840559e-11,2.4784227775e-10,0.0038147847629,0.0008711094884,0.012936952789,4.7098624718e-05,4.7098624718e-05,6.3335061828e-05
3140.0,0.00010660353814,0.00010645620092,0.00010645696079,0.00010645696079,0.00010645696079,0.037722916624,0.027488659542,0.020716196596,0.041764520797,0.040114454151,0.04044230555,0.032696954203,0.026140619144,0.00088188499184,0.040442241314,0.042665341287,0.026885636999,1.090113993e-05,1.0901139927e-05,2.2034780612e-05,0.023786793442,0.039136428761,0.034472032608,0.0078358538263,0.041575497465,0.040312279145,0.012304342267,0.025438505939,0.00010878799744,3.6749230966e-12,4.0328188356e-11,3.5000124649e-11,2.377630884e-10,0.0037873739155,0.00086254798574,0.01287483612,4.6402942925e-05,4.6402942925e-05,6.2399555906e-05
3145.0,0.00010517624253,0.00010503087798,0.00010503162767,0.00010503162767,0.00010503162767,0.037647976188,0.027405324997,0.020638560549,0.041706358426,0.040047086449,0.040428372194,0.032614655783,0.026057827074,0.00087325292651,0.040428308086,0.042630082605,0.026802507175,1.0714200535e-05,1.0714200533e-05,2.165691479e-05,0.023705663785,0.039129028151,0.03439144002,0.0077903690987,0.04155392108,0.040299077927,0.012244102521,0.025356116241,0.00010733518775,3.5254722083e-12,3.8688131394e-11,3.3576748116e-11,2.2809379708e-10,0.0037601600218,0.00085407062752,0.012813017679,4.5717536866e-05,4.5717536866e-05,6.1477868093e-05
3150.0,0.0001037680567,0.00010362463841,0.00010362537807,0.00010362537807,0.00010362537807,0.037573184626,0.027322243073,0.020561215444,0.04164827705,0.039979831875,0.040414443637,0.032532564496,0.0259752972,0.00086470535345,0.040414379657,0.042594853058,0.026719634365,1.0530466892e-05,1.0530466889e-05,2.1285528839e-05,0.023624810809,0.039121628941,0.034311035833,0.0077451483887,0.041532355892,0.040285881031,0.012184157682,0.025273993366,0.00010590177959,3.3820991833e-12,3.7114771917e-11,3.221125713e-11,2.1881773412e-10,0.0037331416666,0.00084567658678,0.012751496034,4.5042254761e-05,4.5042254761e-05,6.0569794285e-05
3155.0,0.00010237872481,0.00010223722672,0.00010223795648,0.00010223795648,0.00010223795648,0.037498541643,0.027239413003,0.02048416019,0.041590276557,0.039912690238,0.04040051988,0.032450679819,0.025893028694,0.00085624144563,0.040400456027,0.042559652622,0.026637017774,1.0349884024e-05,1.0349884022e-05,2.0920511641e-05,0.023544233573,0.03911423113,0.034230819606,0.0077001901639,0.041510801896,0.040272688457,0.012124506307,0.02519213645,0.00010448751387,3.2445567807e-12,3.5605397383e-11,3.0901297587e-11,2.0991890786e-10,0.0037063174449,0.00083736504463,0.012690269759,4.4376947071e-05,4.4376947071e-05,5.9675133395e-05
3160.0,0.00010100799442,0.00010086839082,0.00010086911081,0.00010086911081,0.00010086911081,0.037424046944,0.027156834025,0.0204073937,0.041532356833,0.039845661348,0.04038660092,0.032369001232,0.025811020728,0.00084786038414,0.040386537193,0.042524481274,0.02655465661,1.0172397902e-05,1.0172397899e-05,2.0561753978e-05,0.023463931134,0.039106834718,0.034150790901,0.0076554929009,0.041489259085,0.040259500203,0.01206514696,0.025110544631,0.00010309213494,3.1126079505e-12,3.4157405733e-11,2.9644611142e-11,2.0138197689e-10,0.0036796859621,0.00082913519029,0.012629337437,4.3721466469e-05,4.3721466469e-05,5.8793687303e-05
3165.0,9.9655616479e-05,9.9517882007e-05,9.9518592352e-05,9.9518592352e-05,9.9518592351e-05,0.037349700235,0.027074505377,0.020330914894,0.041474517767,0.039778745017,0.040372686755,0.032287528217,0.025729272476,0.00083956135805,0.040372623155,0.042489338989,0.026472550085,9.9979554195e-06,9.9979554168e-06,2.0209148508e-05,0.023383902557,0.039099439704,0.034070949279,0.0076110550849,0.041467727454,0.040246316268,0.01200607821,0.025029217051,0.00010171539058,2.9860251823e-12,3.2768300644e-11,2.8439031291e-11,1.9319222375e-10,0.0036532458332,0.0008209862209,0.012568697657,4.3075667799e-05,4.3075667799e-05,5.7925260819e-05
3170.0,9.8321345271e-05,9.81854549e-05,9.8186155734e-05,9.8186155734e-05,9.8186155734e-05,0.037275501221,0.026992426301,0.020254722692,0.041416759246,0.039711941055,0.040358777383,0.032206260258,0.025647783116,0.00083134356439,0.040358713911,0.042454225743,0.026390697409,9.8265043829e-06,9.8265043803e-06,1.9862589732e-05,0.023304146907,0.039092046089,0.033991294303,0.00756687521,0.041446206997,0.04023313665,0.011947298636,0.024948152855,0.00010035703194,2.8645902488e-12,3.1435687353e-11,2.7282479729e-11,1.8533552948e-10,0.0036269956835,0.00081291734152,0.012508349014,4.2439408053e-05,4.2439408053e-05,5.7069661631e-05
3175.0,9.7004938368e-05,9.6870867408e-05,9.6871558859e-05,9.6871558859e-05,9.6871558858e-05,0.037201449608,0.02691059604,0.02017881602,0.041359081158,0.039645249274,0.040344872804,0.032125196836,0.025566551829,0.00082320620804,0.040344809458,0.042419141512,0.0263090978,9.6579934931e-06,9.6579934904e-06,1.9521973955e-05,0.023224663254,0.039084653872,0.033911825537,0.007522951779,0.041424697708,0.040219961348,0.011888806822,0.024867351189,9.9016813489e-05,2.7480937705e-12,3.01572685e-11,2.6172962457e-11,1.7779834935e-10,0.0036009341479,0.00080492776501,0.012448290112,4.1812546334e-05,4.1812546334e-05,5.6226700273e-05
3180.0,9.570615659e-05,9.557388068e-05,9.5574562874e-05,9.5574562874e-05,9.5574562873e-05,0.037127545105,0.026829013839,0.02010319381,0.041301483391,0.039578669485,0.040330973015,0.032044337439,0.025485577797,0.00081514850168,0.040330909796,0.042384086272,0.026227750475,9.4923723305e-06,9.4923723279e-06,1.9187199264e-05,0.02314545067,0.039077263052,0.033832542545,0.0074792833037,0.041403199582,0.04020679036,0.011830601359,0.024786811203,9.7694492972e-05,2.6363349519e-12,2.8930840043e-11,2.5108566843e-11,1.7056768943e-10,0.0035750598712,0.00079701671197,0.012388519558,4.1194943827e-05,4.1194943827e-05,5.5396190075e-05
3185.0,9.4424763956e-05,9.4294259063e-05,9.4294932123e-05,9.4294932123e-05,9.4294932122e-05,0.037053787419,0.026747678948,0.020027854994,0.041243965833,0.0395122015,0.040317078015,0.031963681552,0.025404860205,0.00080716966566,0.040317014922,0.04234906,0.026146654653,9.3295913404e-06,9.3295913379e-06,1.8858165492e-05,0.023066508232,0.03906987363,0.033753444893,0.007435868304,0.041381712612,0.040193623686,0.011772680845,0.024706532051,9.6389831372e-05,2.5291211093e-12,2.7754287713e-11,2.4087457749e-11,1.6363108424e-10,0.003549371508,0.00078918341065,0.01232903597,4.0586463766e-05,4.0586463766e-05,5.4577947124e-05
3190.0,9.3160527647e-05,9.303177006e-05,9.3032434109e-05,9.3032434109e-05,9.3032434108e-05,0.036980176257,0.026666590616,0.019952798511,0.041186528372,0.039445845132,0.040303187802,0.031883228663,0.025324398242,0.000799268928,0.040303124835,0.042314062671,0.026065809557,9.1696018179e-06,9.1696018154e-06,1.8534774191e-05,0.022987835018,0.039062485606,0.033674532147,0.0073927053088,0.041360236794,0.040180461323,0.011715043887,0.024626512887,9.5102592864e-05,2.4262674085e-12,2.6625583101e-11,2.310787488e-11,1.5697657518e-10,0.0035238677226,0.0007814270969,0.012269837969,3.9986971406e-05,3.9986971406e-05,5.3771790223e-05
3195.0,9.1913217961e-05,9.1786184285e-05,9.1786839443e-05,9.1786839443e-05,9.1786839442e-05,0.03690671133,0.026585748096,0.019878023303,0.041129170897,0.039379600193,0.040289302374,0.031802978262,0.025244191099,0.00079144552425,0.040289239534,0.042279094261,0.025985214413,9.012355893e-06,9.0123558906e-06,1.82169286e-05,0.022909430109,0.039055098978,0.033595803877,0.0073497928553,0.04133877212,0.04016730327,0.011657689094,0.024546752869,9.3832544772e-05,2.3275965594e-12,2.5542780376e-11,2.2168129494e-11,1.5059269006e-10,0.0034985471887,0.00077374701408,0.012210924185,3.9396333992e-05,3.9396333992e-05,5.2977540854e-05
3200.0,9.068260827e-05,9.0557275425e-05,9.0557921811e-05,9.0557921811e-05,9.055792181e-05,0.036833392347,0.026505150644,0.019803528316,0.041071893297,0.039313466497,0.04027542173,0.031722929839,0.025164237967,0.00078369869746,0.040275359016,0.042244154746,0.025904868447,8.8578065171e-06,8.8578065147e-06,1.7904533617e-05,0.022831292592,0.039047713748,0.03351725965,0.0073071294894,0.041317318585,0.040154149527,0.011600615088,0.024467251159,9.2579457527e-05,2.2329384299e-12,2.4504012798e-11,2.1266601448e-11,1.4446842324e-10,0.0034734085897,0.00076614241296,0.012152293253,3.881442073e-05,3.881442073e-05,5.2195023132e-05
3205.0,8.9468474983e-05,8.9344820195e-05,8.9345457927e-05,8.9345457927e-05,8.9345457926e-05,0.036760219017,0.026424797515,0.0197293125,0.04101469546,0.039247443855,0.040261545868,0.031643082885,0.025084538044,0.00077602769808,0.040261483281,0.042209244104,0.02582477089,8.7059074479e-06,8.7059074455e-06,1.7597495774e-05,0.022753421555,0.039040329914,0.033438899037,0.0072647137653,0.041295876184,0.04014100009,0.011543820492,0.024388006921,9.1343104626e-05,2.1421298247e-12,2.3507489606e-11,2.0401736459e-11,1.3859321661e-10,0.0034484506185,0.00075861255172,0.012093943815,3.8241102759e-05,3.8241102759e-05,5.1424063775e-05
3210.0,8.8270597499e-05,8.8148598302e-05,8.8149227495e-05,8.8149227495e-05,8.8149227494e-05,0.036687191052,0.02634468797,0.019655374808,0.040957577275,0.039181532083,0.040247674787,0.031563436894,0.025005090527,0.0007684317839,0.040247612325,0.042174362309,0.025744920973,8.5566132364e-06,8.5566132341e-06,1.7295723202e-05,0.022675816088,0.039032947476,0.033360721608,0.0072225442457,0.04127444491,0.04012785496,0.011487303939,0.024309019319,9.0123262591e-05,2.0550142277e-12,2.2551492725e-11,1.9572043623e-11,1.3295694143e-10,0.0034236719771,0.00075115669578,0.012035874521,3.7676253118e-05,3.7676253118e-05,5.0664492055e-05
3215.0,8.7088758172e-05,8.69683924e-05,8.6969013169e-05,8.6969013169e-05,8.6969013168e-05,0.036614308162,0.026264821271,0.019581714198,0.040900538631,0.039115730993,0.040233808485,0.03148399136,0.024925894617,0.00076091021997,0.040233746149,0.042139509338,0.025665317931,8.409879213e-06,8.4098792107e-06,1.6999125609e-05,0.022598475287,0.039025566434,0.033282726935,0.0071806195014,0.041253024759,0.040114714135,0.011431064069,0.024230287524,8.8919710928e-05,1.9714414123e-12,2.1634374154e-11,1.8776092531e-11,1.2754988091e-10,0.0033990713772,0.00074377411781,0.011978084025,3.7119746725e-05,3.7119746725e-05,4.991613977e-05
3220.0,8.5922742272e-05,8.5803988055e-05,8.5804600513e-05,8.5804600513e-05,8.5804600512e-05,0.036541570059,0.026185196681,0.019508329633,0.040843579418,0.0390500404,0.040219946959,0.031404745779,0.024846949517,0.00075346227853,0.040219884749,0.042104685167,0.025585961001,8.265661474e-06,8.2656614717e-06,1.6707614251e-05,0.022521398248,0.039018186788,0.033204914591,0.0071389381118,0.041231615724,0.040101577612,0.011375099526,0.024151810707,8.7732232087e-05,1.8912673106e-12,2.0754552677e-11,1.8012510943e-11,1.2236271344e-10,0.0033746475396,0.00073646409762,0.011920570989,3.6571460345e-05,3.6571460345e-05,4.91788412e-05
3225.0,8.4772337942e-05,8.4655173703e-05,8.465577796e-05,8.465577796e-05,8.465577796e-05,0.036468976456,0.026105813466,0.019435220077,0.040786699525,0.038984460118,0.04020609021,0.031325699646,0.024768254433,0.00074608723897,0.040206028125,0.042069889772,0.025506849422,8.1239168686e-06,8.1239168664e-06,1.6421101907e-05,0.022444584073,0.039010808537,0.03312728415,0.0070974986643,0.041210217799,0.040088445392,0.011319408963,0.024073588042,8.6560611425e-05,1.8143537081e-12,1.991051161e-11,1.7279982498e-11,1.1738649644e-10,0.0033503991941,0.00072922592211,0.011863334082,3.603127256e-05,3.603127256e-05,4.8452433074e-05
3230.0,8.3637336162e-05,8.3521740613e-05,8.352233678e-05,8.352233678e-05,8.3522336779e-05,0.036396527066,0.026026670895,0.0193623845,0.040729898841,0.038918989962,0.040192238234,0.031246852462,0.024689808573,0.0007387843877,0.040192176275,0.04203512313,0.025427982435,7.984602986e-06,7.9846029838e-06,1.6139502851e-05,0.022368031865,0.039003431681,0.033049835187,0.0070562997547,0.041188830978,0.040075317472,0.01126399104,0.023995618707,8.5404637165e-05,1.7405680273e-12,1.9100795762e-11,1.6577244405e-11,1.1261265102e-10,0.0033263250799,0.00072205888517,0.011806371977,3.549906375e-05,3.549906375e-05,4.7736754532e-05
3235.0,8.2517530709e-05,8.2403482847e-05,8.2404071032e-05,8.2404071032e-05,8.2404071032e-05,0.036324221603,0.025947768239,0.019289821876,0.040673177257,0.038853629748,0.040178391031,0.031168203723,0.024611611149,0.00073155301813,0.040178329197,0.042000385217,0.025349359285,7.8476781427e-06,7.8476781406e-06,1.5862732826e-05,0.022291740732,0.038996056221,0.032972567277,0.0070153399868,0.041167455257,0.04006219385,0.01120884442,0.02391790188,8.4264100356e-05,1.6697830274e-12,1.8324009265e-11,1.5903085043e-11,1.0803294719e-10,0.0033024239451,0.00071496228764,0.011749683355,3.4974716059e-05,3.4974716059e-05,4.703164709e-05
3240.0,8.1412718123e-05,8.1300197228e-05,8.1300777537e-05,8.1300777538e-05,8.1300777537e-05,0.036252059779,0.02586910477,0.019217531181,0.040616534662,0.038788379291,0.040164548598,0.031089752932,0.024533661373,0.00072439243059,0.04016448689,0.041965676009,0.025270979218,7.7131013701e-06,7.713101368e-06,1.5590709022e-05,0.022215709782,0.038988682155,0.032895479998,0.0069746179726,0.041146090628,0.040049074527,0.011153967776,0.023840436745,8.313879484e-05,1.6018767138e-12,1.7578812889e-11,1.5256342256e-11,1.0363948961e-10,0.003278694547,0.00070793543722,0.011693266904,3.4458113372e-05,3.4458113373e-05,4.6336954606e-05
3245.0,8.0322697669e-05,8.0211683295e-05,8.0212255835e-05,8.0212255835e-05,8.0212255834e-05,0.036180041311,0.025790679763,0.019145511397,0.040559970945,0.038723238405,0.040150710934,0.03101149959,0.024455958462,0.00071730193224,0.040150649351,0.041930995482,0.025192841482,7.5808324019e-06,7.5808323998e-06,1.5323350047e-05,0.022139938128,0.038981309483,0.032818572926,0.006934132332,0.041124737087,0.040035959499,0.011099359787,0.023763222487,8.2028517211e-05,1.5367319927e-12,1.6863922037e-11,1.4635901001e-11,9.9424704109e-11,0.0032551356515,0.00070097764844,0.011637121318,3.3949141291e-05,3.3949141291e-05,4.5652523243e-05
3250.0,7.9247271297e-05,7.9137743273e-05,7.9138308148e-05,7.9138308148e-05,7.9138308147e-05,0.036108165912,0.025712492495,0.019073761508,0.040503485998,0.038658206908,0.040136878038,0.030933443201,0.024378501633,0.00071028083705,0.040136816579,0.041896343613,0.025114945328,7.4508316625e-06,7.4508316605e-06,1.5060575906e-05,0.022064424887,0.038973938206,0.032741845642,0.0068938816931,0.041103394627,0.040022848767,0.011045019137,0.023686258292,8.0933066779e-05,1.4742365422e-12,1.6178104164e-11,1.4040691733e-11,9.5381324504e-11,0.0032317460336,0.00069408824253,0.011581245295,3.3447687105e-05,3.3447687105e-05,4.4978201438e-05
3255.0,7.8186243609e-05,7.8078182036e-05,7.8078739348e-05,7.8078739348e-05,7.8078739347e-05,0.0360364333,0.025634542247,0.019002280503,0.040447079711,0.038593284616,0.040123049907,0.030855583268,0.024301290108,0.00070332846569,0.040122988574,0.041861720377,0.025037290009,7.323060255e-06,7.3230602531e-06,1.4802307975e-05,0.021989169177,0.038966568322,0.032665297724,0.0068538646919,0.041082063244,0.040009742327,0.010990944518,0.023609543352,7.9852245536e-05,1.4142826354e-12,1.5520176933e-11,1.3469688288e-11,9.150238004e-11,0.003208524477,0.00068726654742,0.011525637542,3.2953639769e-05,3.2953639769e-05,4.4313839863e-05
3260.0,7.7139421825e-05,7.7032807068e-05,7.7033356918e-05,7.7033356918e-05,7.7033356918e-05,0.03596484319,0.025556828299,0.018931067375,0.040390751973,0.038528471345,0.04010922654,0.030777919297,0.024224323109,0.00069644414547,0.040109165332,0.041827125752,0.024959874782,7.1974799495e-06,7.1974799475e-06,1.454846898e-05,0.021914170121,0.038959199832,0.032588928753,0.0068140799723,0.04106074293,0.03999664018,0.010937134628,0.023533076859,7.8785858115e-05,1.3567669256e-12,1.4889006147e-11,1.2921906312e-11,8.7781183579e-11,0.0031854697743,0.00068051189764,0.011470296771,3.246688988e-05,3.246688988e-05,4.36592914e-05
3265.0,7.6106615745e-05,7.6001428434e-05,7.6001970922e-05,7.6001970922e-05,7.6001970921e-05,0.035893395299,0.025479349935,0.018860121119,0.040334502676,0.038463766913,0.040095407936,0.030700450796,0.024147599863,0.00068962721029,0.040095346852,0.041792559714,0.024882698903,7.0740531716e-06,7.0740531696e-06,1.429898297e-05,0.021839426842,0.038951832735,0.032512738312,0.006774526186,0.041039433681,0.039983542323,0.01088358817,0.023456858008,7.7733711762e-05,1.3015902726e-12,1.4283503669e-11,1.2396401412e-11,8.4211319807e-11,0.0031625807266,0.00067382363425,0.0114152217,3.1987329647e-05,3.1987329648e-05,4.3014411102e-05
3270.0,7.5087637715e-05,7.4983858737e-05,7.4984393962e-05,7.4984393962e-05,7.4984393961e-05,0.035822089345,0.025402106441,0.018789440735,0.04027833171,0.038399171136,0.040081594092,0.030623177271,0.024071119597,0.00068287700059,0.040081533133,0.041758022239,0.024805761633,6.9527429912e-06,6.9527429893e-06,1.4053775298e-05,0.02176493847,0.038944467032,0.032436725983,0.0067352019927,0.04101813549,0.039970448755,0.010830303856,0.023380885999,7.6695616293e-05,1.2486575278e-12,1.3702625589e-11,1.1892267575e-11,8.0786634393e-11,0.0031398561436,0.00066720110479,0.011360411054,3.1514852876e-05,3.1514852876e-05,4.2379056163e-05
3275.0,7.4082302594e-05,7.3979913094e-05,7.3980441153e-05,7.3980441153e-05,7.3980441152e-05,0.035750925046,0.025325097105,0.018719025228,0.040222238967,0.038334683832,0.040067785008,0.030546098234,0.023994881543,0.00067619286324,0.040067724173,0.041723513303,0.024729062234,6.8335131117e-06,6.8335131099e-06,1.3812772596e-05,0.021690704134,0.038937102721,0.03236089135,0.0066961060597,0.040996848352,0.039957359475,0.010777280401,0.02330516003,7.5671384067e-05,1.1978774442e-12,1.3145370579e-11,1.1408635738e-11,7.7501223242e-11,0.0031172948437,0.00066064366322,0.011305863564,3.1049354938e-05,3.1049354938e-05,4.1753085887e-05
3280.0,7.3090427721e-05,7.2989409095e-05,7.2989930083e-05,7.2989930083e-05,7.2989930083e-05,0.03567990212,0.025248321218,0.018648873604,0.040166224337,0.03827030482,0.040053980681,0.030469213193,0.023918884932,0.0006695741515,0.040053919971,0.041689032883,0.024652599971,6.7163278589e-06,6.7163278571e-06,1.3575902755e-05,0.021616722968,0.038929739803,0.032285233996,0.0066572370621,0.040975572262,0.039944274482,0.010724516529,0.023229679307,7.4660829948e-05,1.1491624616e-12,1.2610777823e-11,1.0944672121e-11,7.4349422413e-11,0.0030948956537,0.00065415066984,0.011251577967,3.059073275e-05,3.059073275e-05,4.1136361654e-05
3285.0,7.2111832877e-05,7.2012166771e-05,7.2012680784e-05,7.2012680785e-05,7.2012680784e-05,0.035609020287,0.025171778072,0.018578984875,0.040110287712,0.038206033916,0.04004018111,0.030392521661,0.023843129002,0.000663020225,0.040040120524,0.041654580955,0.024576374111,6.6011521702e-06,6.6011521684e-06,1.3343094901e-05,0.02154299411,0.038922378277,0.032209753509,0.0066185936827,0.040954307212,0.039931193773,0.010672010969,0.023154443034,7.3663771271e-05,1.1024286182e-12,1.2097925792e-11,1.0499576852e-11,7.132579826e-11,0.0030726574088,0.00064772149125,0.011197553004,3.0138884753e-05,3.0138884753e-05,4.0528746895e-05
3290.0,7.1146340261e-05,7.1048008566e-05,7.1048515697e-05,7.1048515697e-05,7.1048515697e-05,0.035538279266,0.025095466961,0.018509358055,0.040054428983,0.038141870941,0.040026386293,0.030316023151,0.023767612988,0.00065653044959,0.040026325831,0.041620157497,0.024500383923,6.4879515844e-06,6.4879515826e-06,1.3114279378e-05,0.021469516699,0.038915018143,0.032134449474,0.006580174612,0.040933053199,0.039918117348,0.010619762457,0.02307945042,7.2680027811e-05,1.0575953377e-12,1.1605930255e-11,1.0072582639e-11,6.8425138043e-11,0.0030505789526,0.00064135550025,0.011143787425,2.9693710886e-05,2.9693710886e-05,3.9930107056e-05
3295.0,7.0193774448e-05,7.0096759298e-05,7.009725964e-05,7.009725964e-05,7.0097259639e-05,0.035467678777,0.025019387182,0.018439992164,0.039998648041,0.038077815711,0.040012596229,0.030239717177,0.023692336133,0.00065010419735,0.040012535891,0.041585762483,0.024424628678,6.3766922312e-06,6.3766922295e-06,1.2889387723e-05,0.021396289877,0.038907659401,0.03205932148,0.006541978548,0.040911810215,0.039905045205,0.010567769734,0.023004700676,7.1709421752e-05,1.0145852963e-12,1.1133943141e-11,9.6629532601e-12,6.5642441174e-11,0.0030286591371,0.00063505207584,0.011090279985,2.9255112569e-05,2.9255112569e-05,3.9340309571e-05
3300.0,6.9253962364e-05,6.9158246133e-05,6.9158739775e-05,6.9158739775e-05,6.9158739774e-05,0.035397218542,0.024943538034,0.018370886223,0.039942944778,0.038013868048,0.039998810916,0.030163603255,0.023617297678,0.00064374084651,0.039998750701,0.041551395891,0.024349107651,6.2673408212e-06,6.2673408195e-06,1.2668352647e-05,0.021323312791,0.038900302051,0.031984369114,0.0065040041963,0.040890578255,0.039891977342,0.010516031548,0.022930193016,7.075177765e-05,9.7332437695e-13,1.0681150642e-11,9.2699825999e-12,6.2972910374e-11,0.0030068968224,0.00062881060308,0.011037029445,2.8822992675e-05,2.8822992675e-05,3.8759223831e-05
3305.0,6.8326733253e-05,6.8232298548e-05,6.8232785581e-05,6.8232785581e-05,6.8232785581e-05,0.035326898281,0.024867918819,0.018302039258,0.039887319087,0.037950027769,0.039985030352,0.030087680901,0.023542496868,0.00063743978138,0.039984970261,0.041517057698,0.024273820117,6.1598646359e-06,6.1598646342e-06,1.2451108014e-05,0.021250584588,0.038892946091,0.031909591966,0.00646625027,0.040869357314,0.039878913759,0.010464546654,0.022855926655,6.9806922405e-05,9.337414557e-13,1.0246772251e-11,8.8929932355e-12,6.0411943423e-11,0.0029852908769,0.00062263047312,0.010984034571,2.8397255513e-05,2.8397255513e-05,3.8186721159e-05
3310.0,6.7411918642e-05,6.7318748307e-05,6.7319228819e-05,6.7319228819e-05,6.7319228818e-05,0.035256717718,0.024792528838,0.018233450299,0.039831770858,0.037886294695,0.039971254535,0.030011949633,0.023467932952,0.00063120039229,0.039971194569,0.041482747879,0.024198765354,6.0542315176e-06,6.054231516e-06,1.2237588825e-05,0.021178104419,0.038885591523,0.031834989627,0.0064287154897,0.040848147386,0.039865854454,0.010413313811,0.022781900813,6.8874685229e-05,8.9576827256e-13,9.8300590393e-12,8.5313351779e-12,5.7955125196e-11,0.002963840177,0.00061651108305,0.010931294136,2.7977806806e-05,2.7977806806e-05,3.7622674775e-05
3315.0,6.6509352318e-05,6.6417429423e-05,6.6417903501e-05,6.6417903502e-05,6.6417903501e-05,0.035186676573,0.024717367397,0.018165118378,0.039776299985,0.037822668646,0.039957483465,0.029936408971,0.023393605179,0.00062502207555,0.039957423622,0.041448466412,0.024123942644,5.9504098605e-06,5.9504098589e-06,1.2027731192e-05,0.02110587144,0.038878238345,0.031760561688,0.0063913985834,0.040826948465,0.039852799426,0.010362331785,0.02270811471,6.7954897612e-05,8.5933938457e-13,9.4302926023e-12,8.1843849403e-12,5.5598220275e-11,0.0029425436073,0.00061045183593,0.010878806919,2.7564553668e-05,2.7564553668e-05,3.7066959774e-05
3320.0,6.5618870289e-05,6.5528178133e-05,6.5528645864e-05,6.5528645864e-05,6.5528645864e-05,0.03511677457,0.024642433803,0.018097042534,0.039720906359,0.037759149441,0.039943717139,0.029861058434,0.0233195128,0.00061890423337,0.039943657419,0.041414213272,0.024049351267,5.8483686005e-06,5.8483685989e-06,1.1821472326e-05,0.021033884807,0.038870886558,0.031686307741,0.0063542982865,0.040805760545,0.039839748672,0.01031159935,0.02263456757,6.7047393299e-05,8.2439199219e-13,9.0467837677e-12,7.8515443516e-12,5.3337165406e-11,0.0029214000604,0.00060445214064,0.010826571703,2.7157404586e-05,2.7157404587e-05,3.6519453096e-05
3325.0,6.4740310762e-05,6.4650832866e-05,6.4651294335e-05,6.4651294335e-05,6.4651294335e-05,0.035047011434,0.024567727366,0.018029221805,0.039665589874,0.037695736902,0.039929955556,0.029785897545,0.023245655072,0.00061284627381,0.039929895959,0.041379988437,0.023974990511,5.7480772062e-06,5.7480772046e-06,1.1618750512e-05,0.020962143681,0.038863536161,0.03161222738,0.0063174133417,0.040784583621,0.039826702192,0.010261115282,0.02256125862,6.6152008253e-05,7.908658156e-13,8.6788713711e-12,7.5322396853e-12,5.1168062575e-11,0.0029004084367,0.0005985114119,0.01077458728,2.67562694e-05,2.67562694e-05,3.5980033497e-05
3330.0,6.3873514108e-05,6.3785234216e-05,6.3785689506e-05,6.3785689507e-05,6.3785689506e-05,0.034977386887,0.024493247398,0.017961655236,0.03961035042,0.03763243085,0.039916198714,0.029710925826,0.02317203125,0.00060684761074,0.039916139241,0.041345791883,0.02390085966,5.6495056698e-06,5.6495056683e-06,1.1419505095e-05,0.020890647223,0.038856187154,0.031538320199,0.0062807424991,0.040763417686,0.039813659985,0.010210878366,0.022488187087,6.5268580625e-05,7.5870308806e-13,8.3259211482e-12,7.2259203579e-12,4.9087172311e-11,0.0028795676448,0.00059262907018,0.010722852446,2.6361059279e-05,2.6361059279e-05,3.5448581526e-05
3335.0,6.3018322837e-05,6.2931224908e-05,6.2931674103e-05,6.2931674103e-05,6.2931674103e-05,0.034907900655,0.024418993211,0.017894341875,0.039555187892,0.037569231106,0.039902446611,0.0296361428,0.023098640595,0.00060090766375,0.039902387261,0.041311623587,0.023826958006,5.5526244983e-06,5.5526244967e-06,1.122367646e-05,0.0208193946,0.038848839537,0.031464585793,0.0062442845159,0.040742262736,0.039800622048,0.010160887392,0.022415352204,6.4396950732e-05,7.2784834181e-13,7.9873245853e-12,6.9320583828e-12,4.7090907189e-11,0.0028588766009,0.00058680454164,0.010671366001,2.5971686705e-05,2.5971686705e-05,3.4924979495e-05
3340.0,6.2174581567e-05,6.2088649776e-05,6.2089092957e-05,6.2089092957e-05,6.2089092956e-05,0.034838552462,0.024344964121,0.017827280773,0.039500102182,0.03750613749,0.039888699247,0.029561547994,0.023025482367,0.00059502585811,0.03988864002,0.041277483526,0.023753284839,5.4574047041e-06,5.4574047026e-06,1.1031206013e-05,0.020748384981,0.038841493308,0.031391023759,0.0062080381565,0.040721118765,0.039787588381,0.010111141156,0.022342753204,6.3536961021e-05,6.9824836497e-13,7.6624980574e-12,6.6501471704e-12,4.5175825674e-11,0.0028383342289,0.00058103725808,0.010620126754,2.5588065455e-05,2.5588065455e-05,3.4409111454e-05
3345.0,6.1342136995e-05,6.125735573e-05,6.1257792977e-05,6.1257792977e-05,6.1257792976e-05,0.034769342036,0.024271159447,0.017760470984,0.039445093183,0.037443149826,0.039874956618,0.029487140933,0.022952555831,0.00058920162473,0.039874897514,0.041243371675,0.023679839452,5.363817797e-06,5.3638177956e-06,1.0842036167e-05,0.020677617536,0.03883414847,0.031317633693,0.0061720021928,0.040699985766,0.039774558982,0.010061638461,0.022270389323,6.2688456044e-05,6.6985215664e-13,7.3508814467e-12,6.3797006316e-12,4.3338626222e-11,0.0028179394608,0.00057532665688,0.010569133518,2.5210110576e-05,2.5210110576e-05,3.3900863167e-05
3350.0,6.0520837873e-05,6.0437191729e-05,6.0437623121e-05,6.0437623121e-05,6.0437623121e-05,0.034700269101,0.024197578507,0.017693911567,0.039390160788,0.037380267935,0.039861218724,0.029412921144,0.022879860253,0.00058343440008,0.039861159743,0.041209288013,0.023606621143,5.2718357753e-06,5.2718357739e-06,1.065611032e-05,0.02060709144,0.03882680502,0.031244415194,0.0061361754034,0.040678863734,0.03976153385,0.010012378113,0.022198259799,6.1851282426e-05,6.426107539e-13,7.0519376219e-12,6.1202525291e-12,4.157614155e-11,0.002797691236,0.00056967218096,0.010518385113,2.4837738372e-05,2.4837738372e-05,3.3400122084e-05
3355.0,5.9710534976e-05,5.9628008754e-05,5.9628434371e-05,5.9628434371e-05,5.9628434371e-05,0.034631333385,0.024124220625,0.017627601584,0.039335304891,0.037317491639,0.039847485564,0.029338888158,0.022807394901,0.00057772362615,0.039847426705,0.041175232515,0.023533629208,5.1814311174e-06,5.181431116e-06,1.0473372843e-05,0.020536805871,0.038819462958,0.03117136786,0.0061005565743,0.040657752664,0.039748512983,0.0099633589277,0.022126363875,6.1025288845e-05,6.1647723262e-13,6.7651511359e-12,5.8713555648e-12,3.9885333178e-11,0.0027775885015,0.0005640732787,0.010467880362,2.4470866383e-05,2.4470866383e-05,3.290677732e-05
3360.0,5.8911081077e-05,5.8829659785e-05,5.8830079703e-05,5.8830079703e-05,5.8830079702e-05,0.034562534615,0.024051085123,0.017561540099,0.039280525385,0.037254820762,0.039833757134,0.029265041503,0.022735159048,0.00057206875039,0.039833698398,0.041141205158,0.023460862949,5.0925767737e-06,5.0925767723e-06,1.0293769059e-05,0.020466760007,0.038812122285,0.031098491291,0.0060651444983,0.04063665255,0.03973549638,0.0099145797231,0.022054700793,6.0210325996e-05,5.9140648903e-13,6.4900276143e-12,5.6325807426e-12,3.8263286138e-11,0.0027576302121,0.00055852940392,0.010417618096,2.4109413366e-05,2.4109413366e-05,3.2420719623e-05
3365.0,5.8122330922e-05,5.8041999765e-05,5.8042414061e-05,5.8042414061e-05,5.804241406e-05,0.03449387252,0.023978171327,0.017495726181,0.039225822164,0.037192255126,0.039820033434,0.02919138071,0.022663151965,0.00056646922565,0.03981997482,0.041107205919,0.023388321666,5.0052461584e-06,5.005246157e-06,1.011724523e-05,0.020396953032,0.038804783,0.031025785089,0.0060299379755,0.040615563385,0.03972248404,0.0098660393248,0.021983269799,5.940624657e-05,5.6735532833e-13,6.2260927193e-12,5.4035163614e-12,3.670720411e-11,0.0027378153297,0.00055304001579,0.010367597152,2.375329928e-05,2.375329928e-05,3.194184136e-05
3370.0,5.7344141201e-05,5.7264885583e-05,5.7265294332e-05,5.7265294332e-05,5.7265294331e-05,0.034425346827,0.023905478566,0.017430158904,0.039171195122,0.037129794554,0.039806314462,0.029117905313,0.022591372929,0.00056092451015,0.039806255971,0.041073234775,0.023316004666,4.9194131418e-06,4.9194131404e-06,9.9437485391e-06,0.02032738413,0.038797445103,0.030953248856,0.0059949358126,0.040594485166,0.039709475961,0.0098177365638,0.021912070142,5.8612905225e-05,5.442822495e-13,5.9728915371e-12,5.1837674737e-12,3.5214404483e-11,0.0027181428241,0.00054760457881,0.01031781637,2.3402445264e-05,2.3402445264e-05,3.1470036485e-05
3375.0,5.6576370521e-05,5.6498176042e-05,5.6498579318e-05,5.6498579318e-05,5.6498579318e-05,0.034356957266,0.023833006169,0.017364837342,0.039116644151,0.037067438871,0.039792600217,0.029044614844,0.022519821217,0.00055543406742,0.039792541848,0.041039291702,0.023243911254,4.8350520421e-06,4.8350520408e-06,9.773227075e-06,0.020258052491,0.038790108593,0.030880882193,0.0059601368236,0.040573417884,0.039696472141,0.0097696702768,0.021841101073,5.7830158558e-05,5.2214752462e-13,5.7299874608e-12,4.972955305e-12,3.3782313672e-11,0.0026986116723,0.00054222256274,0.010268274597,2.3056773624e-05,2.3056773624e-05,3.1005200518e-05
3380.0,5.5818879384e-05,5.5741731837e-05,5.5742129714e-05,5.5742129714e-05,5.5742129714e-05,0.034288703566,0.02376075347,0.017299760575,0.039062169148,0.037005187899,0.039778890697,0.028971508837,0.02244849611,0.00054999736621,0.039778832449,0.041005376678,0.02317204074,4.752137618e-06,4.7521376167e-06,9.6056298169e-06,0.020188957304,0.038782773471,0.030808684704,0.005925539829,0.040552361536,0.03968347258,0.0097218393062,0.021770361845,5.7057865083e-05,5.0091294837e-13,5.496961744e-12,4.7707163415e-12,3.2408462783e-11,0.0026792208586,0.00053689344254,0.010218970687,2.2716207812e-05,2.2716207812e-05,3.0547230523e-05
3385.0,5.507153016e-05,5.4995415527e-05,5.4995808077e-05,5.4995808077e-05,5.4995808077e-05,0.034220585457,0.0236887198,0.017234927685,0.039007770005,0.036943041464,0.039765185899,0.02889858683,0.02237739689,0.00054461388049,0.039765127774,0.040971489679,0.023100392434,4.670645061e-06,4.6706450597e-06,9.4409066185e-06,0.020120097765,0.038775439736,0.030736655995,0.0058911436566,0.040531316115,0.039670477276,0.0096742425001,0.021699851713,5.6295885203e-05,4.8054195887e-13,5.2734126483e-12,4.5767019979e-12,3.1090483359e-11,0.0026599693746,0.00053161669834,0.010169903497,2.238067241e-05,2.238067241e-05,3.0096025086e-05
3390.0,5.4334187059e-05,5.4259091512e-05,5.4259478806e-05,5.4259478806e-05,5.4259478805e-05,0.034152602671,0.023616904498,0.017170337758,0.038953446617,0.03688099939,0.039751485824,0.028825848358,0.022306522842,0.00053928308939,0.03975142782,0.040937630682,0.02302896565,4.590549988e-06,4.5905499868e-06,9.2790081938e-06,0.020051473068,0.038768107387,0.03066479567,0.0058569471406,0.040510281616,0.039657486227,0.0096268787122,0.021629569937,5.5544081186e-05,4.6099938668e-13,5.0589548207e-12,4.3905778116e-12,2.982610313e-11,0.0026408562194,0.00052639181538,0.010121071892,2.2050093117e-05,2.2050093117e-05,2.9651484289e-05
3395.0,5.3606716113e-05,5.3532626006e-05,5.3533008115e-05,5.3533008115e-05,5.3533008115e-05,0.034084754937,0.0235453069,0.017105989885,0.038899198879,0.036819061501,0.039737790468,0.02875329296,0.022235873252,0.00053400447711,0.039737732586,0.040903799664,0.022957759702,4.5118284343e-06,4.511828433e-06,9.1198861018e-06,0.019983082414,0.038760776425,0.030593103336,0.0058229491221,0.040489258033,0.039644499432,0.0095797468018,0.021559515776,5.4802317138e-05,4.422515779e-13,4.8532185179e-12,4.2120228632e-12,2.8613142462e-11,0.0026218803989,0.00052121828395,0.010072474739,2.1724396726e-05,2.1724396726e-05,2.921350969e-05
3400.0,5.2888985144e-05,5.2815887017e-05,5.2816264009e-05,5.2816264009e-05,5.2816264009e-05,0.034017041989,0.023473926348,0.017041883158,0.038845026685,0.036757227622,0.039724099831,0.028680920175,0.022165447411,0.00052877753293,0.039724042071,0.040869996602,0.022886773908,4.4344568457e-06,4.4344568445e-06,8.9634927324e-06,0.019914925005,0.038753446849,0.0305215786,0.005789148449,0.04046824536,0.039631516891,0.0095328456337,0.021489688494,5.407045898e-05,4.2426618148e-13,4.6558490096e-12,4.0407293686e-12,2.7449510184e-11,0.0026030409265,0.00051609559937,0.010024110914,2.1403511114e-05,2.1403511114e-05,2.8782004301e-05
3405.0,5.2180863747e-05,5.2108744317e-05,5.2109116262e-05,5.2109116262e-05,5.2109116262e-05,0.033949463558,0.023402762182,0.016978016673,0.03879092993,0.036695497579,0.03971041391,0.028608729543,0.022095244609,0.0005236017511,0.039710356271,0.040836221472,0.022816007587,4.3584120724e-06,4.3584120712e-06,8.8097812916e-06,0.019847000045,0.03874611866,0.030450221071,0.0057555439759,0.040447243592,0.0396185386,0.0094861740785,0.021420087355,5.3348374424e-05,4.0701223059e-13,4.4665060427e-12,3.8764019922e-12,2.6333200215e-11,0.0025843368223,0.00051102326189,0.0099759792957,2.1087365221e-05,2.1087365221e-05,2.8356872568e-05
3410.0,5.1482223259e-05,5.1411069423e-05,5.1411436389e-05,5.1411436389e-05,5.1411436388e-05,0.033882019377,0.023331813748,0.01691438953,0.038736908509,0.036633871198,0.039696732704,0.028536720606,0.022025264139,0.00051847663084,0.039696675187,0.040802474252,0.022745460062,4.2836713612e-06,4.28367136e-06,8.6587057882e-06,0.019779306741,0.038738791856,0.030379030358,0.0057221345639,0.040426252723,0.03960556456,0.009439731012,0.021350711627,5.263593295e-05,3.9045997454e-13,4.2848632469e-12,3.7187574421e-12,2.5262288008e-11,0.0025657671139,0.0005060007767,0.0099280787705,2.077588904e-05,2.077588904e-05,2.7938020347e-05
3415.0,5.0792936744e-05,5.0722735574e-05,5.0723097626e-05,5.0723097626e-05,5.0723097626e-05,0.033814709179,0.023261080391,0.016851000832,0.038682962318,0.036572348305,0.039683056212,0.028464892908,0.021955505299,0.00051340167626,0.039682998816,0.040768754918,0.022675130655,4.2102123493e-06,4.2102123481e-06,8.5102210196e-06,0.019711844303,0.038731466437,0.030308006071,0.0056889190807,0.040405272747,0.039592594768,0.0093935153159,0.021281560581,5.1933005778e-05,3.7458083536e-13,4.1106074359e-12,3.5675238631e-12,2.4234927414e-11,0.0025473308355,0.00050102765384,0.0098804082286,2.0469013594e-05,2.0469013594e-05,2.7525354885e-05
3420.0,5.0112878962e-05,5.0043617703e-05,5.0043974908e-05,5.0043974908e-05,5.0043974907e-05,0.033747532698,0.02319056146,0.016787849686,0.03862909125,0.036510928725,0.039669384431,0.028393245991,0.021885967387,0.00050837639634,0.039669327157,0.040735063448,0.022605018692,4.1380130574e-06,4.1380130562e-06,8.3642825582e-06,0.019644611945,0.038724142404,0.030237147821,0.0056558964008,0.040384303659,0.039579629223,0.009347525877,0.021212633489,5.1239465849e-05,3.5934748964e-13,3.9434382506e-12,3.4224407125e-12,2.324934732e-11,0.0025290270285,0.00049610340816,0.0098329665659,2.0166670927e-05,2.0166670927e-05,2.7118784799e-05
3425.0,4.9441926352e-05,4.937359242e-05,4.9373944842e-05,4.9373944842e-05,4.9373944841e-05,0.033680489668,0.023120256303,0.016724935202,0.038575295203,0.036449612286,0.039655717361,0.028321779401,0.021816649702,0.00050340030484,0.039655660208,0.040701399819,0.022535123501,4.0670518829e-06,4.0670518818e-06,8.2208467383e-06,0.019577608881,0.038716819755,0.030166455219,0.0056230654051,0.040363345453,0.039566667925,0.0093017615878,0.021143929626,5.0555187803e-05,3.4473361405e-13,3.7830674858e-12,3.2832576882e-12,2.2303848513e-11,0.002510854741,0.00049122755928,0.0097857526837,1.9868794087e-05,1.9868794087e-05,2.6718220055e-05
3430.0,4.8779957007e-05,4.8712537985e-05,4.8712885689e-05,4.8712885689e-05,4.8712885688e-05,0.033613579825,0.023050164275,0.016662256491,0.03852157407,0.036388398813,0.039642055,0.028250492684,0.021747551547,0.00049847292031,0.039641997967,0.040667764007,0.022465444412,3.997307594e-06,3.9973075929e-06,8.0798706433e-06,0.01951083433,0.038709498492,0.030095927879,0.0055904249809,0.040342398124,0.03955371087,0.009256221346,0.021075448269,4.988004795e-05,3.3071405491e-13,3.6292186314e-12,3.1497349409e-12,2.1396801075e-11,0.002492813028,0.00048639963156,0.0097387654884,1.957531711e-05,1.957531711e-05,2.6323571951e-05
3435.0,4.812685065e-05,4.806033429e-05,4.8060677338e-05,4.8060677338e-05,4.8060677338e-05,0.033546802904,0.022980284727,0.016599812672,0.038467927749,0.036327288135,0.039628397345,0.028179385387,0.021678672228,0.00049359376599,0.039628340433,0.040634155989,0.022395980758,3.9287593227e-06,3.9287593216e-06,7.9413120922e-06,0.019444287513,0.038702178612,0.030025565415,0.0055579740222,0.040321461665,0.039540758059,0.0092109040549,0.021007188696,4.9213924256e-05,3.172646558e-13,3.4816264632e-12,3.0216422515e-12,2.0526641189e-11,0.0024749009514,0.000481619154,0.0096920038918,1.9286175008e-05,1.9286175008e-05,2.5934753093e-05
3440.0,4.7482488618e-05,4.7416862833e-05,4.7417201289e-05,4.7417201289e-05,4.7417201288e-05,0.033480158641,0.022910617018,0.016537602864,0.038414356135,0.036266280079,0.039614744395,0.028108457059,0.02161001105,0.00048876236979,0.039614687604,0.040600575743,0.022326731871,3.8613865589e-06,3.8613865579e-06,7.8051296276e-06,0.019377967653,0.038694860117,0.02995536744,0.005525711429,0.040300536072,0.039527809489,0.0091658086231,0.020939150191,4.8556696314e-05,3.0436221496e-13,3.3400365072e-12,2.8987588492e-12,1.9691868782e-11,0.0024571175797,0.00047688566027,0.0096454668109,1.900130375e-05,1.900130375e-05,2.555167738e-05
3445.0,4.6846753834e-05,4.6782006701e-05,4.6782340625e-05,4.6782340625e-05,4.6782340625e-05,0.033413646771,0.022841160503,0.016475626189,0.038360859123,0.036205374472,0.03960109615,0.028037707249,0.021541567324,0.00048397826425,0.039601039479,0.040567023246,0.022257697088,3.7951691445e-06,3.7951691434e-06,7.6712825027e-06,0.019311873976,0.038687543006,0.029885333571,0.0054936361082,0.040279621338,0.03951486516,0.0091209339645,0.020871332037,4.7908245326e-05,2.9198448478e-13,3.2042047035e-12,2.7808727985e-12,1.8891044666e-11,0.002439461988,0.00047219868859,0.0095991531679,1.8720640253e-05,1.8720640253e-05,2.517425998e-05
3450.0,4.6219530789e-05,4.6155650544e-05,4.6155979997e-05,4.6155979997e-05,4.6155979997e-05,0.033347267033,0.022771914543,0.016413881775,0.03830743661,0.036144571142,0.039587452606,0.027967135509,0.021473340361,0.00047924098648,0.039587396056,0.040533498474,0.022188875747,3.7300872666e-06,3.7300872656e-06,7.53973067e-06,0.019246005711,0.038680227278,0.029815463424,0.0054617469727,0.040258717457,0.039501925069,0.0090762789984,0.020803733521,4.7268454081e-05,2.8011012776e-13,3.0738968761e-12,2.6677809889e-12,1.8122788293e-11,0.0024219332584,0.00046755778174,0.00955306189,1.8444122366e-05,1.8444122366e-05,2.4802417316e-05
3455.0,4.5600705522e-05,4.5537680559e-05,4.5538005601e-05,4.5538005601e-05,4.55380056e-05,0.033281019164,0.022702878501,0.016352368751,0.038254088493,0.036083869918,0.039573813763,0.027896741389,0.021405329475,0.00047455007812,0.039573757333,0.040500001405,0.022120267189,3.6661214525e-06,3.6661214515e-06,7.4104347682e-06,0.019180362089,0.038672912934,0.029745756616,0.0054300429418,0.040237824426,0.039488989216,0.0090318426492,0.020736353932,4.663720693e-05,2.6871867356e-13,2.9488883834e-12,2.5592882962e-12,1.7385775139e-11,0.0024045304793,0.00046296248698,0.0095071919099,1.8171688854e-05,1.8171688854e-05,2.4436067045e-05
3460.0,4.4990165597e-05,4.4927984463e-05,4.4928305153e-05,4.4928305153e-05,4.4928305153e-05,0.033214902901,0.022634051739,0.016291086249,0.038200814667,0.036023270628,0.039560179619,0.027826524444,0.02133753398,0.0004699050853,0.039560123309,0.040466532016,0.022051870755,3.6032525632e-06,3.6032525622e-06,7.2833561112e-06,0.019114942344,0.038665599973,0.029676212765,0.0053985229412,0.040216942236,0.039476057599,0.0089876238469,0.020669192559,4.6014389774e-05,2.5779047895e-13,2.8289637006e-12,2.4552078198e-12,1.6678734635e-11,0.0023872527457,0.00045841235601,0.0094615421651,1.7903279389e-05,1.7903279389e-05,2.4075128041e-05
3465.0,4.4387800081e-05,4.4326451479e-05,4.4326767876e-05,4.4326767876e-05,4.4326767876e-05,0.033148917983,0.022565433623,0.016230033406,0.038147615029,0.035962773101,0.039546550172,0.027756484226,0.021269953196,0.00046530555858,0.039546493983,0.040433090284,0.021983685789,3.541461788e-06,3.541461787e-06,7.1584566765e-06,0.019049745714,0.038658288394,0.029606831491,0.0053671859025,0.040196070884,0.039463130217,0.0089436215263,0.020602248698,4.5399890032e-05,2.4730671965e-13,2.7139160556e-12,2.3553600089e-12,1.6000447901e-11,0.0023700991591,0.00045390694498,0.0094161115983,1.7638834532e-05,1.7638834532e-05,2.3719520374e-05
3470.0,4.379349953e-05,4.3732972314e-05,4.3733284474e-05,4.3733284474e-05,4.3733284474e-05,0.03308306415,0.022497023521,0.016169209362,0.038094489476,0.035902377166,0.03953292542,0.027686620292,0.021202586442,0.00046075105294,0.039532869351,0.040399676186,0.021915711639,3.4807306387e-06,3.4807306377e-06,7.0356990935e-06,0.018984771436,0.038650978199,0.029537612413,0.0053360307638,0.040175210363,0.039450207068,0.0088998346278,0.020535521643,4.4793596631e-05,2.3724931135e-13,2.6035471785e-12,2.259572794e-12,1.5349745581e-11,0.0023530688276,0.00044944581434,0.0093708991574,1.7378295724e-05,1.7378295724e-05,2.3369165298e-05
3475.0,4.3207155964e-05,4.3147439136e-05,4.3147747117e-05,4.3147747117e-05,4.3147747116e-05,0.033017341141,0.022428820802,0.016108613258,0.038041437904,0.035842082653,0.039519305363,0.027616932198,0.02113543304,0.00045624112771,0.039519249414,0.0403662897,0.021847947652,3.4210409442e-06,3.4210409433e-06,6.9150466322e-06,0.018920018753,0.038643669385,0.029468555153,0.0053050564693,0.040154360668,0.039437288151,0.0088562620969,0.020469010693,4.419539998e-05,2.2760090796e-13,2.4976667787e-12,2.1676810052e-12,1.4725505849e-11,0.0023361608655,0.00044502852892,0.0093259037951,1.7121605268e-05,1.7121605268e-05,2.3023985228e-05
3480.0,4.2628662847e-05,4.2569745557e-05,4.2570049414e-05,4.2570049414e-05,4.2570049414e-05,0.032951748696,0.022360824838,0.016048244241,0.037988460212,0.035781889391,0.039505689997,0.027547419501,0.021068492315,0.00045177534652,0.039505634168,0.040332930801,0.021780393179,3.362374845e-06,3.3623748441e-06,6.7964631929e-06,0.018855486909,0.038636361954,0.029399659332,0.0052742619693,0.040133521792,0.039424373464,0.008812902884,0.020402715148,4.3605191949e-05,2.1834489809e-13,2.3960922835e-12,2.0795262967e-12,1.4126652594e-11,0.0023193743935,0.00044065465778,0.0092811244694,1.6868706322e-05,1.6868706322e-05,2.2683903724e-05
3485.0,4.2057915072e-05,4.1999786615e-05,4.2000086404e-05,4.2000086404e-05,4.2000086404e-05,0.032886286556,0.022293035001,0.015988101459,0.037935556295,0.03572179721,0.039492079323,0.02747808176,0.021001763594,0.00044735327727,0.039492023614,0.040299599469,0.021713047571,3.3047147879e-06,3.304714787e-06,6.6799132946e-06,0.018791175151,0.038629055904,0.029330924573,0.0052436462203,0.040112693732,0.039411463007,0.008769755945,0.020336634309,4.3022865854e-05,2.0946528059e-13,2.2986485827e-12,1.994956621e-12,1.3552153328e-11,0.0023027085388,0.00043632377424,0.0092365601431,1.6619542882e-05,1.6619542882e-05,2.2348845478e-05
3490.0,4.1494808937e-05,4.1437458752e-05,4.1437754527e-05,4.1437754527e-05,4.1437754527e-05,0.032820954462,0.022225450668,0.015928184066,0.037882726051,0.035661805941,0.039478473338,0.027408918534,0.020935246204,0.00044297449212,0.039478417748,0.04026629568,0.021645910184,3.2480435206e-06,3.2480435197e-06,6.565362065e-06,0.018727082729,0.038621751236,0.0292623505,0.0052132081845,0.04009187648,0.039398556777,0.0087268202406,0.020270767482,4.2448316438e-05,2.0094679003e-13,2.205167675e-12,1.9138261798e-12,1.300101763e-11,0.0022861624347,0.0004320354558,0.0091922097841,1.6374059773e-05,1.6374059773e-05,2.2018736292e-05
3495.0,4.0939242131e-05,4.0882659797e-05,4.0882951612e-05,4.0882951612e-05,4.0882951612e-05,0.032755752155,0.022158071215,0.015868491216,0.037829969377,0.035601915414,0.03946487204,0.027339929385,0.020868939478,0.00043863856739,0.03946481657,0.04023301941,0.021578980374,3.1923440868e-06,3.1923440859e-06,6.4527752298e-06,0.018663208894,0.038614447949,0.029193936736,0.0051829468306,0.040071070032,0.039385654774,0.0086840947369,0.020205113975,4.1881439846e-05,1.9277472407e-13,2.1154884168e-12,1.8359951824e-12,1.2472295412e-11,0.0022697352208,0.00042778928414,0.0091480723651,1.6132202632e-05,1.6132202632e-05,2.1693503065e-05
3500.0,4.039111371e-05,4.0335288947e-05,4.0335576855e-05,4.0335576855e-05,4.0335576855e-05,0.032690679378,0.022090896022,0.015809022068,0.037777286171,0.03554212546,0.039451275428,0.027271113874,0.020802842747,0.00043434508354,0.039451220078,0.040199770638,0.021512257498,3.1375998209e-06,3.13759982e-06,6.3421191022e-06,0.018599552902,0.038607146044,0.029125682907,0.005152861133,0.040050274381,0.039372756996,0.0086415784048,0.020139673095,4.1322133611e-05,1.8493502933e-13,2.0294562475e-12,1.7613293823e-12,1.196507518e-11,0.0022534260428,0.00042358484502,0.009104146864,1.5893917903e-05,1.5893917903e-05,2.1373073775e-05
3505.0,3.9850324083e-05,3.9795246748e-05,3.9795530801e-05,3.9795530802e-05,3.9795530801e-05,0.032625735873,0.022023924468,0.015749775783,0.037724676332,0.03548243591,0.039437683501,0.027202471564,0.020736955347,0.00043009362517,0.039437628269,0.040166549341,0.021445740917,3.0837943431e-06,3.0837943422e-06,6.2333605733e-06,0.018536114009,0.038599845519,0.02905758864,0.0051229500721,0.040029489522,0.039359863441,0.0085992702204,0.020074444154,4.0770296635e-05,1.7741413421e-13,1.9469228507e-12,1.6897000686e-12,1.1478482395e-11,0.0022372340526,0.00041942172828,0.0090604322633,1.5659152817e-05,1.5659152817e-05,2.1057377465e-05
3510.0,3.9316774993e-05,3.9262435079e-05,3.9262715329e-05,3.9262715329e-05,3.9262715329e-05,0.032560921384,0.021957155938,0.015690751526,0.037672139755,0.035422846595,0.039424096256,0.02713400202,0.020671276615,0.00042588378092,0.039424041144,0.040133355496,0.021379429994,3.0309115544e-06,3.0309115536e-06,6.1264671019e-06,0.018472891475,0.038592546374,0.02898965356,0.0050932126343,0.04000871545,0.039346974109,0.0085571691646,0.020009426467,4.022582917e-05,1.7019911379e-13,1.8677459008e-12,1.6209837729e-12,1.1011678245e-11,0.0022211584082,0.0004152995278,0.0090169275505,1.5427855386e-05,1.5427855386e-05,2.0746344225e-05
3515.0,3.8790369497e-05,3.873675713e-05,3.8737033628e-05,3.8737033628e-05,3.8737033628e-05,0.032496235654,0.021890589814,0.015631948466,0.03761967634,0.035363357348,0.039410513692,0.027065704806,0.02060580589,0.00042171514347,0.039410458699,0.040100189081,0.021313324092,2.9789356321e-06,2.9789356313e-06,6.021406705e-06,0.018409884563,0.03858524861,0.028921877298,0.0050636478117,0.039987952158,0.039334088997,0.0085152742235,0.019944619349,3.96886328e-05,1.632774791e-13,1.7917888854e-12,1.5550620285e-12,1.056385801e-11,0.0022051982737,0.00041121784144,0.0089736317181,1.5199974392e-05,1.5199974392e-05,2.0439905178e-05
3520.0,3.8271011952e-05,3.8218117391e-05,3.8218390187e-05,3.8218390187e-05,3.8218390187e-05,0.032431678428,0.021824225485,0.015573365774,0.037567285985,0.035303968,0.039396935808,0.026997579489,0.020540542513,0.00041758730946,0.039396880934,0.040067050071,0.021247422579,2.9278510246e-06,2.9278510238e-06,5.9181479478e-06,0.018347092537,0.038577952226,0.02885425948,0.0050342546024,0.039967199642,0.039321208105,0.0084735843882,0.019880022118,3.9158610423e-05,1.5663734631e-13,1.7189208359e-12,1.4918211762e-12,1.0134249584e-11,0.002189352819,0.00040717627102,0.0089305437633,1.497545937e-05,1.497545937e-05,2.0137992465e-05
3525.0,3.7758607992e-05,3.7706421628e-05,3.7706690771e-05,3.7706690771e-05,3.7706690771e-05,0.03236724945,0.021758062337,0.015515002623,0.037514968588,0.035244678383,0.039383362602,0.026929625636,0.020475485828,0.00041349987952,0.039383307846,0.040033938446,0.021181724821,2.8776424471e-06,2.8776424463e-06,5.8166599346e-06,0.018284514664,0.038570657221,0.028786799736,0.0050050320103,0.039946457896,0.039308331431,0.0084320986544,0.019815634095,3.8635666234e-05,1.5026726665e-13,1.6490161636e-12,1.4311521081e-12,9.7221124154e-12,0.0021736212202,0.00040317442227,0.0088876626881,1.4754260604e-05,1.4754260604e-05,1.9840539227e-05
3530.0,3.7253064519e-05,3.7201576868e-05,3.7201842408e-05,3.7201842408e-05,3.7201842408e-05,0.032302948465,0.021692099763,0.015456858191,0.037462724047,0.035185488331,0.039369794071,0.026861842817,0.020410635181,0.00040945245815,0.039369739435,0.040000854183,0.021116230189,2.828294877e-06,2.8282948762e-06,5.7169122999e-06,0.018222150214,0.038563363596,0.028719497698,0.0049759790451,0.039925726914,0.039295458974,0.0083908160232,0.019751454601,3.8119705708e-05,1.4415622479e-13,1.5819543974e-12,1.3729503468e-12,9.3267359033e-12,0.0021580026592,0.0003992119048,0.0088449874992,1.4536329108e-05,1.4536329108e-05,1.9547479596e-05
3535.0,3.6754289678e-05,3.6703491387e-05,3.6703753371e-05,3.6703753371e-05,3.6703753371e-05,0.032238775219,0.021626337152,0.015398931658,0.037410552261,0.035126397675,0.039356230216,0.026794230599,0.020345989918,0.00040544465375,0.039356175698,0.039967797258,0.021050938055,2.7797935491e-06,2.7797935484e-06,5.6188751983e-06,0.018159998459,0.03855607135,0.028652352996,0.0049470947222,0.03990500669,0.039282590732,0.0083497355002,0.019687482963,3.761063558e-05,1.3829372528e-13,1.5176198438e-12,1.3171155128e-12,8.9474384814e-12,0.0021424963238,0.00039528833205,0.0088025172084,1.4321616624e-05,1.4321616624e-05,1.9258748674e-05
3540.0,3.6262192845e-05,3.6212074683e-05,3.621233316e-05,3.621233316e-05,3.621233316e-05,0.032174729459,0.0215607739,0.015341222208,0.037358453128,0.035067406249,0.039342671033,0.026726788555,0.02028154939,0.00040147607854,0.039342616634,0.039934767649,0.020985847794,2.7321239516e-06,2.7321239509e-06,5.5225192968e-06,0.018098058675,0.038548780483,0.028585365264,0.0049183780626,0.039884297219,0.039269726704,0.008308856096,0.019623718506,3.7108363833e-05,1.3266961973e-13,1.4559016537e-12,1.263551331e-12,8.5835662553e-12,0.0021271014076,0.00039140332126,0.0087602508319,1.4110075603e-05,1.4110075603e-05,1.8974282524e-05
3545.0,3.577668461e-05,3.5727237471e-05,3.5727492488e-05,3.5727492488e-05,3.5727492487e-05,0.032110810931,0.021495409402,0.015283729027,0.037306426548,0.035008513887,0.039329116522,0.026659516256,0.020217312947,0.00039754634853,0.039329062241,0.039901765335,0.02092095878,2.6852718215e-06,2.6852718207e-06,5.427815765e-06,0.018036330138,0.038541490994,0.028518534133,0.0048898280933,0.039863598495,0.039256866889,0.0082681768261,0.01956016056,3.6612799679e-05,1.2727423743e-13,1.396693404e-12,1.2121655177e-12,8.2344918816e-12,0.0021118171101,0.00038755649344,0.0087181873908,1.3901659202e-05,1.3901659202e-05,1.8694018151e-05
3550.0,3.5297676759e-05,3.524889166e-05,3.5249143262e-05,3.5249143262e-05,3.5249143261e-05,0.032047019383,0.021430243055,0.015226451305,0.037254472419,0.034949720421,0.039315566681,0.026592413274,0.020153279945,0.00039365508351,0.039315512518,0.039868790291,0.020856270393,2.6392231402e-06,2.6392231395e-06,5.3347362671e-06,0.017974812127,0.038534202885,0.028451859238,0.0048614438466,0.039842910514,0.039244011285,0.0082276967107,0.019496808456,3.612385354e-05,1.2209829745e-13,1.3398930147e-12,1.1628694122e-12,7.8996135923e-12,0.0020966426365,0.00038374747331,0.0086763259108,1.3696321267e-05,1.3696321267e-05,1.8417893492e-05
3555.0,3.482508226e-05,3.4776950336e-05,3.4777198569e-05,3.4777198569e-05,3.4777198569e-05,0.031983354562,0.02136527426,0.015169388235,0.037202590641,0.034891025687,0.039302021508,0.026525479183,0.020089449738,0.00038980190696,0.039301967463,0.039835842496,0.020791782011,2.5939641299e-06,2.5939641292e-06,5.2432529532e-06,0.017913503926,0.038526916153,0.028385340213,0.0048332243607,0.039822233268,0.03923115989,0.0081874147749,0.019433661527,3.5641437037e-05,1.1713282291e-13,1.2854025632e-12,1.1155781047e-12,7.5783540002e-12,0.0020815771976,0.00037997588929,0.0086346654224,1.3494016327e-05,1.3494016327e-05,1.81458474e-05
3560.0,3.4358815246e-05,3.4311327751e-05,3.431157266e-05,3.4311572661e-05,3.431157266e-05,0.031919816216,0.021300502416,0.015112539011,0.037150781112,0.034832429518,0.039288481001,0.026458713559,0.020025821685,0.00038598644608,0.039288427075,0.039802921926,0.020727493017,2.5494812487e-06,2.549481248e-06,5.1533384509e-06,0.017852404818,0.038519630799,0.028318976695,0.0048051686791,0.039801566753,0.039218312704,0.0081473300485,0.01937071911,3.5165462969e-05,1.1236931322e-13,1.2331281195e-12,1.0702100838e-12,7.2701593849e-12,0.00206662001,0.00037624137345,0.0085932049606,1.3294699582e-05,1.3294699582e-05,1.7877819633e-05
3565.0,3.3898790998e-05,3.3851939305e-05,3.3852180936e-05,3.3852180936e-05,3.3852180935e-05,0.031856404094,0.021235926928,0.015055902833,0.037099043733,0.034773931748,0.039274945159,0.026392115978,0.019962395145,0.00038220833169,0.039274891351,0.039770028561,0.020663402793,2.5057611871e-06,2.5057611865e-06,5.0649658573e-06,0.01779151409,0.038512346823,0.02825276832,0.0047772758512,0.039780910963,0.039205469726,0.0081074415662,0.019307980541,3.4695845301e-05,1.0779948653e-13,1.1829795693e-12,1.0266870615e-12,6.9744983343e-12,0.0020517702959,0.00037254356148,0.0085519435652,1.3098326894e-05,1.3098326894e-05,1.7613750835e-05
3570.0,3.3444925934e-05,3.339870153e-05,3.3398939926e-05,3.3398939926e-05,3.3398939925e-05,0.031793117946,0.021171547199,0.014999478902,0.037047378402,0.034715532213,0.039261413981,0.026325686016,0.019899169481,0.00037846719824,0.03926136029,0.039737162376,0.020599510726,2.4627908639e-06,2.4627908632e-06,4.9781087309e-06,0.017730831032,0.038505064224,0.028186714725,0.0047495449315,0.039760265893,0.039192630952,0.0080677483671,0.01924544516,3.4232499147e-05,1.0341553539e-13,1.1348704376e-12,9.8493399625e-13,6.6908611067e-12,0.0020370272832,0.00036888209263,0.0085108802805,1.2904854779e-05,1.2904854779e-05,1.7353582532e-05
3575.0,3.299713759e-05,3.2951532076e-05,3.295176728e-05,3.295176728e-05,3.2951767279e-05,0.031729957521,0.021107362637,0.014943266423,0.036995785019,0.034657230748,0.039247887464,0.026259423252,0.019836144055,0.00037476268375,0.039247833892,0.03970432335,0.020535816203,2.4205574219e-06,2.4205574213e-06,4.8927410835e-06,0.017670354936,0.038497783002,0.028120815548,0.0047219749804,0.039739631536,0.039179796383,0.0080282494954,0.019183112311,3.3775340753e-05,9.9209869461e-14,1.0887178067e-12,9.4487895713e-13,6.4187587781e-12,0.002022390205,0.00036525660973,0.0084700141553,1.2714240391e-05,1.2714240391e-05,1.7097257108e-05
3580.0,3.2555344605e-05,3.2510349695e-05,3.251058175e-05,3.251058175e-05,3.251058175e-05,0.031666922569,0.02104337265,0.014887264604,0.036944263485,0.034599027187,0.039234365608,0.026193327264,0.019773318234,0.00037109442979,0.039234312153,0.039671511461,0.020472318613,2.3790482248e-06,2.3790482242e-06,4.8088373725e-06,0.017610085096,0.038490503157,0.028055070429,0.0046945650635,0.039719007888,0.039166966017,0.0079889439997,0.019120981336,3.3324287485e-05,9.5175246883e-14,1.0444420619e-12,9.06452865e-13,6.1577222915e-12,0.0020078583002,0.00036166675909,0.0084293442432,1.252644152e-05,1.252644152e-05,1.6844717802e-05
3585.0,3.2119466708e-05,3.2075074228e-05,3.2075303176e-05,3.2075303176e-05,3.2075303175e-05,0.031604012842,0.020979576648,0.014831472655,0.036892813698,0.034540921367,0.03922084841,0.026127397634,0.019710691386,0.00036746208143,0.039220795073,0.039638726685,0.020409017348,2.3382508528e-06,2.3382508521e-06,4.7263724935e-06,0.017550020809,0.038483224688,0.027989479007,0.0046673142518,0.039698394943,0.039154139853,0.0079498309334,0.019059051582,3.2879257812e-05,9.1304685512e-14,1.0019669615e-12,8.6958947456e-13,5.9073015751e-12,0.0019934308133,0.0003581121905,0.0083888696022,1.2341416579e-05,1.2341416579e-05,1.6595908691e-05
3590.0,3.1689424705e-05,3.1645626587e-05,3.164585247e-05,3.164585247e-05,3.1645852469e-05,0.03154122809,0.020915974043,0.014775889789,0.03684143556,0.034482913123,0.039207335869,0.026061633943,0.019648262881,0.00036386528723,0.039207282649,0.039605969,0.0203459118,2.298153099e-06,2.2981530983e-06,4.6453217726e-06,0.017490161373,0.038475947596,0.027924040923,0.0046402216219,0.039677792695,0.039141317889,0.0079109093544,0.018997322398,3.2440171292e-05,8.759150843e-14,9.6121922232e-13,8.3422522067e-13,5.6670648718e-12,0.0019791069938,0.00035459255722,0.0083485892948,1.2159124595e-05,1.2159124595e-05,1.6350774676e-05
3595.0,3.1265140458e-05,3.1221928746e-05,3.1222151604e-05,3.1222151604e-05,3.1222151604e-05,0.031478568065,0.020852564249,0.014720515223,0.03679012897,0.034425002292,0.039193827984,0.025996035773,0.01958603209,0.00036030369917,0.039193774881,0.039573238385,0.020283001365,2.2587429659e-06,2.2587429653e-06,4.5656609588e-06,0.017430506091,0.03846867188,0.027858755819,0.0046132862556,0.039657201139,0.039128500123,0.0078721783253,0.018935793134,3.2006948558e-05,8.4029340168e-14,9.2212859082e-13,8.0029913509e-13,5.4365980253e-12,0.0019648860969,0.00035110751588,0.008308502388,1.19795252e-05,1.19795252e-05,1.6109261474e-05
3600.0,3.0846536879e-05,3.0803903721e-05,3.0804123595e-05,3.0804123595e-05,3.0804123595e-05,0.03141603252,0.020789346682,0.014665348177,0.036738893829,0.034367188709,0.039180324752,0.025930602707,0.019523998389,0.00035677697265,0.039180271766,0.039540534816,0.020220285439,2.2200086619e-06,2.2200086613e-06,4.4873662173e-06,0.017371054265,0.03846139754,0.027793623338,0.00458650724,0.039636620269,0.039115686555,0.0078336369134,0.018874463142,3.15795113e-05,8.0612063866e-14,8.846276721e-13,7.6775277501e-13,5.2155037869e-12,0.0019507673831,0.00034765672652,0.0082686079534,1.1802578623e-05,1.1802578623e-05,1.5871315603e-05
3605.0,3.0433537909e-05,3.0391475559e-05,3.0391692489e-05,3.039169249e-05,3.0391692489e-05,0.031353621206,0.020726320758,0.014610387872,0.036687730038,0.034309472213,0.039166826172,0.02586533433,0.019462161151,0.00035328476643,0.039166773304,0.039507858271,0.02015776342,2.1819385974e-06,2.1819385968e-06,4.4104141218e-06,0.017311805203,0.038454124575,0.027728643121,0.0045598836676,0.039616050079,0.039102877183,0.0077952841903,0.018813331778,3.1157782258e-05,7.7333739676e-14,8.4865185606e-13,7.3652996402e-13,5.0034009638e-12,0.0019367501182,0.00034423985248,0.008228905067,1.1628245679e-05,1.1628245679e-05,1.5636884369e-05
3610.0,3.0026068511e-05,2.9984569326e-05,2.9984783352e-05,2.9984783352e-05,2.9984783352e-05,0.031291333878,0.020663485897,0.014555633535,0.036636637496,0.034251852639,0.039153332243,0.025800230227,0.019400519756,0.00034982674263,0.039153279491,0.039475208728,0.020095434711,2.1445213815e-06,2.144521381e-06,4.3347816477e-06,0.017252758212,0.038446852986,0.027663814814,0.0045334146363,0.039595490565,0.039090072006,0.0077571192323,0.018752398397,3.07416852e-05,7.4188729972e-14,8.1413912426e-13,7.0657691684e-13,4.7999238804e-12,0.0019228335732,0.00034085656044,0.008189392809,1.1456487764e-05,1.1456487764e-05,1.5405915861e-05
3615.0,2.9624054648e-05,2.9583111089e-05,2.9583322249e-05,2.9583322249e-05,2.9583322249e-05,0.031229170289,0.02060084152,0.014501084393,0.036585616105,0.034194329825,0.039139842963,0.025735289986,0.019339073583,0.00034640256667,0.039139790328,0.039442586165,0.020033298712,2.107745819e-06,2.1077458184e-06,4.2604461655e-06,0.017193912605,0.038439582772,0.027599138061,0.0045070992488,0.03957494172,0.039077271022,0.0077191411203,0.01869166236,3.0331144915e-05,7.1171655274e-14,7.8102989008e-13,6.7784199194e-13,4.6047217822e-12,0.0019090170245,0.00033750652036,0.0081500702645,1.1287266841e-05,1.1287266841e-05,1.517835893e-05
3620.0,2.9227423279e-05,2.9187027906e-05,2.9187236239e-05,2.9187236239e-05,2.9187236239e-05,0.031167130193,0.02053838705,0.014446739677,0.036534665765,0.034136903608,0.03912635833,0.025670513193,0.019277822014,0.00034301190722,0.039126305812,0.039409990559,0.019971354828,2.0716009062e-06,2.0716009057e-06,4.1873854334e-06,0.017135267693,0.038432313932,0.027534612509,0.0044809366134,0.039554403539,0.03906447423,0.0076813489395,0.018631123026,2.9926087195e-05,6.8277268557e-14,7.4926717377e-13,6.5027563722e-13,4.4174580508e-12,0.0018952997536,0.00033418940541,0.0081109365225,1.1120545438e-05,1.1120545438e-05,1.4954163185e-05
3625.0,2.8836102338e-05,2.8796247812e-05,2.8796453356e-05,2.8796453356e-05,2.8796453355e-05,0.031105213345,0.02047612191,0.014392598621,0.036483786379,0.034079573827,0.039112878342,0.025605899437,0.019216764433,0.00033965443623,0.039112825941,0.039377421889,0.019909602466,2.0360758285e-06,2.0360758279e-06,4.1155775914e-06,0.017076822792,0.038425046467,0.027470237803,0.0044549258435,0.039533876016,0.039051681628,0.0076437417798,0.018570779759,2.9526438822e-05,6.5500583434e-14,7.1879615627e-13,6.2383038058e-13,4.2378099527e-12,0.0018816810471,0.00033090489202,0.0080719906767,1.0956286635e-05,1.0956286635e-05,1.4733278978e-05
3630.0,2.8450020725e-05,2.8410699804e-05,2.8410902596e-05,2.8410902596e-05,2.8410902595e-05,0.0310434195,0.020414045527,0.014338660462,0.036432977846,0.034022340319,0.039099402999,0.025541448309,0.019155900225,0.00033632982884,0.039099350715,0.039344880131,0.019848041032,2.0011599565e-06,2.0011599559e-06,4.045001154e-06,0.017018577221,0.038417780376,0.027406013592,0.0044290660576,0.039513359147,0.039038893216,0.0076063187353,0.018510631924,2.9132127557e-05,6.2836827673e-14,6.8956436829e-13,5.9846060072e-13,4.065467759e-12,0.0018681601967,0.00032765265975,0.008033231825,1.0794454057e-05,1.0794454057e-05,1.4515657397e-05
3635.0,2.8069108291e-05,2.803031383e-05,2.8030513907e-05,2.8030513907e-05,2.8030513907e-05,0.030981748414,0.020352157328,0.01428492444,0.036382240068,0.033965202923,0.039085932299,0.025477159398,0.019095228778,0.00033303776338,0.039085880131,0.039312365264,0.019786669938,1.9668428432e-06,1.9668428426e-06,3.9756350044e-06,0.0169605303,0.038410515659,0.027341939522,0.0044033563792,0.039492852925,0.039026108991,0.0075690789048,0.018450678888,2.8743082126e-05,6.0281404816e-14,6.6152133161e-13,5.7412251182e-13,3.9001343159e-12,0.0018547364995,0.00032443239134,0.0079946590696,1.0635011868e-05,1.0635011868e-05,1.4301250249e-05
3640.0,2.7693295827e-05,2.7655020779e-05,2.7655218177e-05,2.7655218177e-05,2.7655218176e-05,0.030920199842,0.020290456744,0.014231389797,0.036331572947,0.033908161477,0.039072466239,0.025413032297,0.019034749482,0.00032977792131,0.039072414187,0.039279877265,0.019725488594,1.9331142207e-06,1.9331142202e-06,3.9074583879e-06,0.016902681351,0.038403252316,0.027278015244,0.0043777959371,0.039472357345,0.039013328953,0.0075320213914,0.01839092002,2.8359232207e-05,5.7829892894e-14,6.3461873711e-13,5.5077426019e-13,3.7415246093e-12,0.0018414092573,0.00032124377264,0.0079562715172,1.047792476e-05,1.047792476e-05,1.4090010056e-05
3645.0,2.732251505e-05,2.728475246e-05,2.7284947215e-05,2.7284947215e-05,2.7284947215e-05,0.030858773542,0.020228943205,0.014178055779,0.036280976385,0.033851215821,0.039059004819,0.025349066598,0.018974461728,0.00032654998724,0.039058952883,0.039247416112,0.019664496414,1.8999639972e-06,1.8999639967e-06,3.8404509056e-06,0.016845029699,0.038395990346,0.027214240408,0.004352383865,0.039451872401,0.0390005531,0.0074951453024,0.018331354692,2.7980508415e-05,5.5478083271e-14,6.088101836e-13,5.2837554837e-13,3.5893651707e-12,0.001828177777,0.0003180864926,0.0079180682786,1.0323157946e-05,1.0323157946e-05,1.3881890037e-05
3650.0,2.6956698592e-05,2.6919441599e-05,2.6919633746e-05,2.6919633746e-05,2.6919633746e-05,0.030797469271,0.020167616145,0.014124921633,0.036230450282,0.033794365792,0.039045548036,0.025285261895,0.01891436491,0.00032335364883,0.039045496217,0.039214981783,0.019603692813,1.867382254e-06,1.8673822535e-06,3.7745925084e-06,0.016787574672,0.03838872975,0.027150614663,0.0043271193018,0.039431398088,0.038987781431,0.0074584497499,0.018271982277,2.7606842295e-05,5.3221900991e-14,5.8405126223e-13,5.068876572e-13,3.4433937138e-12,0.0018150413707,0.0003149602432,0.0078800484689,1.0170677153e-05,1.0170677153e-05,1.3676844108e-05
3655.0,2.6595779987e-05,2.6559021821e-05,2.6559211396e-05,2.6559211396e-05,2.6559211396e-05,0.030736286785,0.020106474998,0.014071986611,0.036179994542,0.033737611232,0.039032095889,0.025221617783,0.018854458422,0.00032018859683,0.039032044186,0.039182574256,0.019543077208,1.8353592424e-06,1.8353592419e-06,3.7098634913e-06,0.016730315599,0.038381470526,0.027087137662,0.0043020013911,0.0394109344,0.038975013943,0.0074219338498,0.018212802149,2.7238166303e-05,5.1057486058e-14,5.6029921587e-13,4.8627364186e-13,3.3033586231e-12,0.0018019993551,0.00031186471948,0.0078422112075,1.0020448616e-05,1.0020448616e-05,1.347482686e-05
3660.0,2.6239693659e-05,2.6203427641e-05,2.6203614678e-05,2.6203614678e-05,2.6203614678e-05,0.030675225844,0.020045519201,0.014019249966,0.036129609065,0.033680951979,0.039018648377,0.025158133858,0.018794741663,0.00031705452499,0.03901859679,0.039150193509,0.019482649018,1.803885381e-06,1.8038853805e-06,3.6462444868e-06,0.016673251812,0.038374212676,0.027023809057,0.0042770292818,0.039390481332,0.038962250637,0.0073855967229,0.018153813687,2.6874413798e-05,4.8981107688e-14,5.3751310489e-13,4.6649800973e-13,3.1690184305e-12,0.001789051052,0.00030879961944,0.007804555618,9.8724390677e-06,9.8724390677e-06,1.3275793558e-05
3665.0,2.5888374908e-05,2.585259445e-05,2.5852778982e-05,2.5852778982e-05,2.5852778982e-05,0.030614286205,0.019984748191,0.013966710956,0.036079293755,0.033624387874,0.039005205498,0.025094809716,0.018735214031,0.00031395113009,0.039005154027,0.039117839519,0.019422407663,1.7729512525e-06,1.7729512521e-06,3.5837164599e-06,0.016616382644,0.038366956197,0.026960628501,0.0042522021276,0.039370038878,0.038949491511,0.0073494374939,0.018095016269,2.6515519031e-05,4.6989165574e-14,5.1565364169e-13,4.4752655577e-13,3.0401415541e-12,0.0017761957882,0.00030576464409,0.0077670808283,9.7266157308e-06,9.7266157308e-06,1.3079700126e-05
3670.0,2.5541759902e-05,2.5506458503e-05,2.5506640564e-05,2.5506640564e-05,2.5506640564e-05,0.030553467629,0.01992416141,0.013914368838,0.036029048513,0.033567918756,0.038991767251,0.025031644956,0.018675874927,0.00031087811183,0.038991715895,0.039085512265,0.019362352567,1.7425476014e-06,1.742547601e-06,3.5222607017e-06,0.016559707432,0.038359701091,0.026897595647,0.004227519087,0.039349607033,0.038936736563,0.0073134552918,0.018036409277,2.6161417128e-05,4.5078234288e-14,4.9468318358e-13,4.2932664495e-13,2.9165057794e-12,0.001763432895,0.00030275949734,0.0077297859703,9.5829463139e-06,9.5829463139e-06,1.2886503142e-05
3675.0,2.5199785665e-05,2.5164956909e-05,2.5165136534e-05,2.5165136534e-05,2.5165136533e-05,0.030492769873,0.019863758297,0.013862222877,0.035978873241,0.033511544467,0.038978333633,0.024968639176,0.018616723755,0.0003078351729,0.038978282392,0.039053211724,0.019302483152,1.7126653307e-06,1.7126653302e-06,3.4618588243e-06,0.016503225516,0.038352447356,0.026834710151,0.0042029793236,0.039329185792,0.038923985791,0.0072776492502,0.017977992094,2.5812044082e-05,4.3245017497e-14,4.7456556673e-13,4.1186689189e-13,2.7978980005e-12,0.0017507617088,0.00029978388603,0.0076926701801,9.4413990019e-06,9.4413990019e-06,1.2696159821e-05
3680.0,2.4862390061e-05,2.4828027621e-05,2.4828204841e-05,2.4828204841e-05,2.482820484e-05,0.030432192699,0.019803538298,0.013810272336,0.035928767844,0.033455264847,0.038964904643,0.024905791977,0.018557759919,0.00030482201887,0.038964853518,0.039020937875,0.019242798845,1.6832954994e-06,1.6832954989e-06,3.4024927552e-06,0.016446936234,0.038345194994,0.026771971668,0.0041785820056,0.039308775148,0.038911239195,0.0072420185065,0.017919764106,2.5467336744e-05,4.1486349796e-14,4.5526600807e-13,3.9511716587e-13,2.6841137846e-12,0.0017381815706,0.00029683751988,0.0076557325982,9.3019424499e-06,9.3019424499e-06,1.2508628014e-05
3685.0,2.4529511788e-05,2.4495609421e-05,2.4495784268e-05,2.4495784268e-05,2.4495784267e-05,0.030371735866,0.019743500856,0.013758516483,0.035878732222,0.033399079736,0.038951480279,0.024843102959,0.018498982827,0.00030183835821,0.03895142927,0.038988690695,0.019183299075,1.6544293199e-06,1.6544293194e-06,3.3441447317e-06,0.016390838932,0.038337944002,0.026709379855,0.0041543263064,0.039288375096,0.038898496773,0.0072065622026,0.0178617247,2.5127232803e-05,3.9799196757e-14,4.3675137901e-13,3.7904864778e-13,2.5749569336e-12,0.0017256918263,0.00029392011146,0.0076189723689,9.1645457756e-06,9.1645457756e-06,1.2323866192e-05
3690.0,2.4201090364e-05,2.416764191e-05,2.4167814416e-05,2.4167814416e-05,2.4167814415e-05,0.030311399136,0.019683645418,0.013706954588,0.035828766279,0.033342988978,0.038938060541,0.024780571724,0.018440391886,0.00029888390221,0.038938009647,0.038956470161,0.019123983269,1.6260581553e-06,1.6260581548e-06,3.2867972957e-06,0.016334932953,0.038330694382,0.026646934369,0.0041302114038,0.039267985632,0.038885758524,0.0071712794847,0.017803873266,2.4791670784e-05,3.8180652665e-14,4.1898967103e-13,3.636335949e-13,2.4702392344e-12,0.0017132918262,0.00029103137617,0.0075823886407,9.0291785531e-06,9.0291785531e-06,1.2141833441e-05
3695.0,2.3877066117e-05,2.3844065499e-05,2.3844235695e-05,2.3844235695e-05,2.3844235695e-05,0.03025118227,0.019623971432,0.013655585926,0.035778869919,0.033286992412,0.038924645426,0.024718197875,0.018381986507,0.00029595836503,0.038924594647,0.038924276253,0.01906485086,1.5981735167e-06,1.5981735162e-06,3.2304332885e-06,0.016279217646,0.038323446133,0.026584634867,0.0041062364806,0.039247606748,0.038873024446,0.0071361695027,0.017746209193,2.4460590033e-05,3.6627940313e-14,4.0195027299e-13,3.4884541534e-13,2.3697801106e-12,0.0017009809257,0.0002881710322,0.0075459805664,8.8958108061e-06,8.8958108061e-06,1.1962489449e-05
3700.0,2.3557380175e-05,2.3524821397e-05,2.3524989314e-05,2.3524989314e-05,2.3524989313e-05,0.03019108503,0.019564478349,0.013604409771,0.035729043043,0.033231089881,0.038911234933,0.024655981016,0.018323766103,0.00029306146359,0.038911184269,0.038892108949,0.019005901281,1.5707670609e-06,1.5707670605e-06,3.1750358457e-06,0.01622369236,0.038316199254,0.026522481009,0.0040824007242,0.039227238441,0.038860294539,0.0071012314113,0.017688731877,2.4133930703e-05,3.5138372584e-14,3.8560386148e-13,3.3465862297e-13,2.2734064381e-12,0.0016887584844,0.00028533880052,0.0075097473026,8.7644130006e-06,8.7644130006e-06,1.1785794503e-05
3705.0,2.3241974452e-05,2.3209851598e-05,2.3210017267e-05,2.3210017267e-05,2.3210017266e-05,0.030131107179,0.01950516562,0.013553425402,0.035679285556,0.033175281227,0.03889782906,0.024593920751,0.018265730088,0.00029019291761,0.038897778511,0.038859968225,0.018947133966,1.5438305878e-06,1.5438305874e-06,3.1205883921e-06,0.016168356447,0.038308953746,0.026460472453,0.004058703327,0.039206880703,0.0388475688,0.0070664643687,0.017631440711,2.3811633749e-05,3.3709389464e-14,3.6992225283e-13,3.2104884342e-13,2.1809521219e-12,0.0016766238668,0.00028253440482,0.00747368801,8.6349560392e-06,8.6349560392e-06,1.1611709473e-05
3710.0,2.2930791642e-05,2.2899098875e-05,2.2899262325e-05,2.2899262325e-05,2.2899262325e-05,0.030071248478,0.019446032698,0.013502632101,0.03562959736,0.033119566292,0.038884427805,0.024532016688,0.018207877877,0.00028735244954,0.038884377371,0.038827854061,0.018888548353,1.5173560378e-06,1.5173560374e-06,3.0670746366e-06,0.016113209263,0.038301709607,0.026398608861,0.0040351434857,0.039186533531,0.038834847228,0.0070318675378,0.017574335094,2.3493640914e-05,3.2338518008e-14,3.5487838274e-13,3.0799252518e-13,2.0922576598e-12,0.0016645764419,0.00027975757153,0.0074378018534,8.5074112541e-06,8.5074112541e-06,1.1440195809e-05
3715.0,2.2623775204e-05,2.2592506766e-05,2.2592668028e-05,2.2592668028e-05,2.2592668028e-05,0.030011508692,0.019387079039,0.013452029152,0.035579978359,0.033063944919,0.038871031168,0.024470268432,0.01815020889,0.00028453978455,0.038870980848,0.038795766434,0.018830143878,1.4913354895e-06,1.4913354891e-06,3.0144785677e-06,0.016058250162,0.038294466839,0.026336889894,0.0040117204019,0.039166196917,0.038822129822,0.0069974400852,0.017517414424,2.3179894718e-05,3.1023375395e-14,3.4044623431e-13,2.9546713206e-13,2.0071702202e-12,0.001652615583,0.00027700802976,0.0074020880016,8.3817504012e-06,8.3817504012e-06,1.1271215531e-05
3720.0,2.2320869356e-05,2.2290019566e-05,2.2290178669e-05,2.2290178669e-05,2.2290178669e-05,0.029951887584,0.019328304099,0.01340161584,0.035530428458,0.033008416951,0.038857639146,0.024408675592,0.018092722545,0.00028175465049,0.038857588941,0.038763705322,0.018771919982,1.4657611575e-06,1.4657611571e-06,2.9627844482e-06,0.016003478503,0.03828722544,0.026275315213,0.0039884332819,0.039145870858,0.038809416581,0.0069631811817,0.017460678102,2.2870338449e-05,2.9761706467e-14,3.2660108986e-13,2.8345113875e-13,1.92554314e-12,0.0016407406684,0.00027428551127,0.0073665456275,8.2579456533e-06,8.2579456533e-06,1.1104731218e-05
3725.0,2.2022019062e-05,2.1991582314e-05,2.1991739287e-05,2.1991739287e-05,2.1991739287e-05,0.029892384919,0.019269707336,0.013351391456,0.035480947558,0.032952982231,0.038844251737,0.024347237776,0.018035418264,0.00027899677789,0.038844201647,0.038731670704,0.018713876108,1.4406253897e-06,1.4406253893e-06,2.9119768111e-06,0.015948893648,0.03827998541,0.026213884481,0.0039652813364,0.039125555347,0.038796707503,0.0069290900023,0.017404125532,2.2564916154e-05,2.8551384085e-14,3.1331892796e-13,2.7192378412e-13,1.8472356458e-12,0.0016289510803,0.00027158975049,0.0073311739076,8.1359695943e-06,8.1359695943e-06,1.0940706003e-05
3730.0,2.1727170023e-05,2.1697140787e-05,2.1697295658e-05,2.1697295658e-05,2.1697295658e-05,0.029833000461,0.01921128821,0.013301355292,0.035431535566,0.032897640602,0.038830868941,0.024285954594,0.017978295471,0.0002762658999,0.038830818966,0.038699662558,0.018656011698,1.4159206654e-06,1.415920665e-06,2.8620404543e-06,0.01589449496,0.03827274675,0.026152597362,0.0039422637807,0.039105250379,0.038784002586,0.0068951657257,0.017347756118,2.2263572624e-05,2.7390283483e-14,3.0057693718e-13,2.608652346e-13,1.772112693e-12,0.0016172462057,0.00026892048442,0.0072959720228,8.0157952132e-06,8.0157952132e-06,1.0779103563e-05
3735.0,2.1436268666e-05,2.1406641486e-05,2.1406794284e-05,2.1406794284e-05,2.1406794284e-05,0.029773733975,0.019153046182,0.013251506641,0.035382192384,0.032842391909,0.038817490756,0.024224825657,0.017921353591,0.00027356175231,0.038817440895,0.038667680861,0.018598326197,1.3916395929e-06,1.3916395925e-06,2.8129604367e-06,0.015840281802,0.038265509458,0.02609145352,0.0039193798349,0.039084955948,0.038771301831,0.006861407535,0.017291569267,2.1966253391e-05,2.6276368111e-14,2.8835316694e-13,2.5025643947e-13,1.7000448731e-12,0.0016056254359,0.00026627745268,0.0072609391576,7.8973958978e-06,7.8973958978e-06,1.0619888112e-05
3740.0,2.1149262137e-05,2.112003163e-05,2.1120182382e-05,2.1120182382e-05,2.1120182382e-05,0.029714585227,0.019094980717,0.013201844802,0.035332917916,0.032787235994,0.03880411718,0.024163850578,0.017864592051,0.00027088407345,0.038804067432,0.038635725592,0.018540819053,1.367774907e-06,1.3677749066e-06,2.7647220732e-06,0.015786253544,0.038258273535,0.02603045262,0.0038966287233,0.03906467205,0.038758605234,0.006827814617,0.017235564388,2.167290471e-05,2.5207773109e-14,2.766264643e-13,2.4007905772e-13,1.6309078951e-12,0.0015940881666,0.00026366039741,0.0072260745005,7.7807454291e-06,7.7807454291e-06,1.0463024393e-05
3745.0,2.0866098289e-05,2.0837259144e-05,2.0837407878e-05,2.0837407878e-05,2.0837407878e-05,0.029655553983,0.019037091278,0.013152369075,0.035283712068,0.032732172703,0.038790748211,0.024103028968,0.01780801028,0.00026823260426,0.038790698578,0.038603796729,0.018483489714,1.3443194673e-06,1.3443194669e-06,2.7173109305e-06,0.015732409554,0.03825103898,0.025969594328,0.003874009675,0.039044398678,0.038745912795,0.0067943861627,0.017179740892,2.1383473559e-05,2.4182633581e-14,2.6537669695e-13,2.3031559627e-13,1.5645825008e-12,0.0015826337978,0.00026106906332,0.0071913772441,7.6658179752e-06,7.6658179753e-06,1.0308477668e-05
3750.0,2.0586725672e-05,2.055827265e-05,2.0558419392e-05,2.0558419392e-05,2.0558419392e-05,0.02959664001,0.018979377332,0.013103078762,0.035234574743,0.03267720188,0.038777383848,0.024042360441,0.017751607709,0.00026560708819,0.038777334329,0.03857189425,0.018426337631,1.3212662558e-06,1.3212662554e-06,2.6707128231e-06,0.015678749204,0.038243805793,0.025908878311,0.0038515219233,0.039024135827,0.038733224512,0.0067611213669,0.017124098191,2.1097907619e-05,2.3199171407e-14,2.5458443957e-13,2.2094915478e-13,1.5009544592e-12,0.0015712617339,0.00025850319762,0.0071568465847,7.5525880861e-06,7.5525880861e-06,1.0156213715e-05
3755.0,2.0311093527e-05,2.0283021457e-05,2.0283166235e-05,2.0283166235e-05,2.0283166235e-05,0.029537843074,0.018921838348,0.013053973167,0.035185505847,0.032622323369,0.038764024089,0.023981844613,0.01769538377,0.0002630072712,0.038763974684,0.038540018134,0.018369362254,1.2986083748e-06,1.2986083745e-06,2.6249138085e-06,0.015625271867,0.038236573974,0.025848304236,0.0038291647062,0.039003883491,0.038720540385,0.0067280194285,0.0170686357,2.0816155274e-05,2.2255695178e-14,2.4423104767e-13,2.1196367241e-13,1.4399139688e-12,0.0015599713834,0.00025596254998,0.0071224817223,7.4410306874e-06,7.4410306874e-06,1.0006198813e-05
3760.0,2.0039151773e-05,2.0011455555e-05,2.0011598394e-05,2.0011598394e-05,2.0011598394e-05,0.029479162944,0.018864473794,0.0130050516,0.035136505283,0.032567537016,0.038750668933,0.023921481098,0.017639337898,0.00026043290175,0.038750619641,0.038508168358,0.018312563039,1.2763390451e-06,1.2763390447e-06,2.5799001833e-06,0.01557197692,0.038229343522,0.025787871771,0.003806937266,0.038983641666,0.038707860411,0.0066950795501,0.017013352836,2.0538165594e-05,2.1350600276e-14,2.3429873774e-13,2.0334360407e-13,1.3813559056e-12,0.0015487621593,0.00025344687258,0.0070882818611,7.331121075e-06,7.3311210751e-06,9.8583997449e-06
3765.0,1.9770851e-05,1.9743525602e-05,1.9743666529e-05,1.9743666529e-05,1.9743666529e-05,0.029420599387,0.018807283142,0.01295631337,0.035087572957,0.032512842665,0.038737318378,0.023861269515,0.017583469528,0.00025788373075,0.0387372692,0.038476344901,0.018255939441,1.2544516034e-06,1.254451603e-06,2.5356584793e-06,0.015518863741,0.038222114438,0.025727580586,0.0037848388493,0.038963410345,0.038695184589,0.0066623009385,0.016958249016,2.0263888331e-05,2.0482325335e-14,2.2477033655e-13,1.9507403569e-13,1.3251792242e-12,0.0015376334785,0.00025095591998,0.0070542462088,7.2228349102e-06,7.2228349102e-06,9.7127837794e-06
3770.0,1.9506142459e-05,1.9479182917e-05,1.9479321956e-05,1.9479321956e-05,1.9479321956e-05,0.029362152171,0.018750265865,0.01290775779,0.035038708773,0.032458240163,0.038723972422,0.023801209479,0.017527778098,0.00025535951155,0.038723923358,0.038444547742,0.018199490916,1.2329395009e-06,1.2329395006e-06,2.492175459e-06,0.015465931709,0.038214886721,0.025667430349,0.0037628687072,0.038943189524,0.038682512919,0.0066296828041,0.01690332366,1.9993273907e-05,1.9649352492e-14,2.1562945938e-13,1.8714084349e-13,1.271287129e-12,0.0015265847625,0.00024848944918,0.0070203739771,7.1161482131e-06,7.1161482131e-06,9.5693186708e-06
3775.0,1.9244978056e-05,1.921837947e-05,1.9218516648e-05,1.9218516648e-05,1.9218516648e-05,0.029303821066,0.018693421437,0.012859384176,0.034989912637,0.032403729355,0.038710631065,0.02374130061,0.017472263049,0.00025285999992,0.038710582114,0.038412776857,0.018143216924,1.2117963011e-06,1.2117963008e-06,2.449438112e-06,0.015413180207,0.03820766037,0.025607420732,0.0037410260953,0.038922979196,0.038669845398,0.0065972243612,0.016848576191,1.9726273407e-05,1.88502505e-14,2.0686031026e-13,1.7953019692e-13,1.2195867276e-12,0.0015156154365,0.00024604721958,0.0069866643814,7.0110373587e-06,7.0110373587e-06,9.4279726493e-06
3780.0,1.8987310337e-05,1.8961067875e-05,1.8961203217e-05,1.8961203217e-05,1.8961203216e-05,0.029245605841,0.018636749335,0.012811191846,0.034941184454,0.032349310087,0.038697294304,0.023681542528,0.017416923822,0.00025038495402,0.038697245467,0.038381032227,0.018087116924,1.1910156778e-06,1.1910156775e-06,2.4074336512e-06,0.01536060862,0.038200435386,0.025547551406,0.0037193102731,0.038902779356,0.038657182025,0.0065649248282,0.016794006033,1.9462838569e-05,1.8083673118e-14,1.9844780409e-13,1.7222910626e-13,1.1699888575e-12,0.0015047249303,0.00024362899293,0.0069531166408,6.9074790704e-06,6.9074790704e-06,9.2887144145e-06
3785.0,1.8733092487e-05,1.8707201381e-05,1.870733491e-05,1.870733491e-05,1.870733491e-05,0.029187506265,0.018580249035,0.01276318012,0.03489252413,0.032294982205,0.038683962138,0.023621934852,0.017361759859,0.00024793413438,0.038683913414,0.038349313828,0.018031190379,1.1705914133e-06,1.170591413e-06,2.3661495086e-06,0.015308216334,0.038193211768,0.025487822043,0.0036977205048,0.03888259,0.038644522799,0.0065327834271,0.016739612612,1.9202921775e-05,1.7348234652e-14,1.9037737113e-13,1.6522496402e-13,1.1224079988e-12,0.0014939126773,0.00024123453331,0.0069197299784,6.8054504157e-06,6.8054504157e-06,9.1515131282e-06
3790.0,1.8482278316e-05,1.8456733861e-05,1.8456865603e-05,1.8456865603e-05,1.8456865603e-05,0.029129522109,0.018523920018,0.012715348322,0.034843931569,0.032240745556,0.038670634564,0.023562477205,0.017306770606,0.00024550730385,0.038670585954,0.03831762164,0.017975436753,1.1505173966e-06,1.1505173963e-06,2.3255733316e-06,0.015256002736,0.038185989516,0.025428232316,0.0036762560586,0.038862411121,0.038631867718,0.0065007993837,0.016685395355,1.8946476043e-05,1.6642720584e-14,1.8263513404e-13,1.5850562639e-13,1.0767621846e-12,0.0014831781154,0.00023886360714,0.0068865036207,6.7049288007e-06,6.7049288007e-06,9.0163384078e-06
3795.0,1.8234822252e-05,1.8209619808e-05,1.8209749785e-05,1.8209749785e-05,1.8209749785e-05,0.029071653144,0.018467761764,0.012667695777,0.034795406678,0.032186599988,0.038657311583,0.023503169209,0.01725195551,0.00024310422764,0.038657263085,0.03828595564,0.017919855511,1.1307876214e-06,1.1307876211e-06,2.2856929796e-06,0.015203967219,0.038178768629,0.025368781899,0.0036549162072,0.038842242714,0.038619216782,0.0064689719277,0.016631353691,1.8693455019e-05,1.59659151e-14,1.7520773244e-13,1.5205957445e-13,1.0329726608e-12,0.0014725206863,0.00023651598313,0.0068534367982,6.6058919655e-06,6.6058919655e-06,8.8831603193e-06
3800.0,1.7990679335e-05,1.7965814322e-05,1.7965942559e-05,1.7965942559e-05,1.7965942559e-05,0.02901389914,0.018411773755,0.012620221814,0.034746949362,0.032132545346,0.038643993191,0.023444010487,0.017197314019,0.00024072467322,0.038643944807,0.038254315807,0.01786444612,1.1113961844e-06,1.1113961841e-06,2.2464965203e-06,0.015152109175,0.038171549108,0.025309470465,0.0036337002273,0.038822084773,0.038606569988,0.0064373002926,0.016577487053,1.8443812968e-05,1.5316605137e-14,1.6808242159e-13,1.4587567875e-13,9.9096396986e-13,0.0014619398358,0.00023419143225,0.006820528745,6.5083179786e-06,6.5083179786e-06,8.7519493709e-06
3805.0,1.7749805205e-05,1.7725273105e-05,1.7725399626e-05,1.7725399626e-05,1.7725399626e-05,0.02895625987,0.018355955475,0.012572925763,0.034698559528,0.032078581478,0.038630679388,0.023385000663,0.017142845582,0.00023836841037,0.038630631116,0.03822270212,0.017809208048,1.0923372836e-06,1.0923372833e-06,2.2079722258e-06,0.015100427998,0.038164330953,0.025250297689,0.0036126073999,0.038801937294,0.038593927336,0.0064057837154,0.016523794872,1.8197504765e-05,1.4693706752e-14,1.6124688617e-13,1.3994325583e-13,9.5066368567e-13,0.0014514350136,0.00023188972773,0.0067877786986,6.4121852327e-06,6.4121852327e-06,8.6226765067e-06
3810.0,1.7512156097e-05,1.7487952453e-05,1.748807728e-05,1.748807728e-05,1.748807728e-05,0.028898735105,0.018300306411,0.012525806959,0.03465023708,0.032024708232,0.038617370172,0.023326139363,0.017088549654,0.00023603521109,0.038617322013,0.038191114556,0.017754140767,1.0736052165e-06,1.0736052162e-06,2.1701085695e-06,0.015048923085,0.038157114162,0.025191263249,0.0035916370101,0.03878180027,0.038581288824,0.0063744214371,0.016470276585,1.7954485889e-05,1.4096135775e-14,1.5468932688e-13,1.3425207861e-13,9.1200233315e-13,0.0014410056735,0.00022961064505,0.0067551859007,6.3174724396e-06,6.3174724396e-06,8.4953130996e-06
3815.0,1.7277688832e-05,1.7253809247e-05,1.7253932402e-05,1.7253932402e-05,1.7253932402e-05,0.028841324618,0.018244826048,0.012478864735,0.034601981926,0.031970925455,0.038604065541,0.023267426214,0.017034425686,0.00023372484965,0.038604017495,0.038159553095,0.017699243749,1.0551943784e-06,1.0551943781e-06,2.1328942222e-06,0.014997593836,0.038149898736,0.02513236682,0.0035707883473,0.038761673697,0.038568654451,0.0063432127023,0.016416931629,1.7714712411e-05,1.3522892988e-14,1.4839847095e-13,1.2879235513e-13,8.749132164e-13,0.0014306512731,0.00022735396185,0.0067227495961,6.2241586255e-06,6.2241586255e-06,8.3698309454e-06
3820.0,1.7046360809e-05,1.7022800943e-05,1.702292245e-05,1.702292245e-05,1.702292245e-05,0.028784028182,0.018189513876,0.012432098432,0.034553793972,0.031917232996,0.038590765494,0.023208860841,0.016980473134,0.0002314371025,0.03859071756,0.038128017715,0.017644516466,1.0370992605e-06,1.0370992602e-06,2.0963180492e-06,0.01494643965,0.038142684674,0.02507360808,0.0035500607048,0.038741557568,0.038556024215,0.0063121567593,0.016363759441,1.7478140992e-05,1.2972939333e-14,1.4236347023e-13,1.2355468957e-13,8.3933249976e-13,0.0014203712739,0.000225119458,0.0066904690336,6.1322231264e-06,6.1322231264e-06,8.2462022568e-06
3825.0,1.6818129997e-05,1.679488557e-05,1.679500545e-05,1.679500545e-05,1.679500545e-05,0.028726845571,0.018134369384,0.012385507389,0.034505673123,0.031863630704,0.038577470029,0.023150442873,0.016926691456,0.00022917174828,0.038577422207,0.038096508393,0.017589958394,1.0193144487e-06,1.0193144485e-06,2.0603691069e-06,0.014895459932,0.038135471976,0.025014986707,0.0035294533803,0.038721451879,0.038543398115,0.0062812528602,0.016310759462,1.7244728869e-05,1.2445364523e-14,1.3657383804e-13,1.1852998479e-13,8.0519877016e-13,0.0014101651414,0.00022290691551,0.0066583434655,6.0416455837e-06,6.0416455837e-06,8.1243996566e-06
3830.0,1.6592954928e-05,1.6570021717e-05,1.6570139991e-05,1.6570139991e-05,1.6570139991e-05,0.028669776558,0.018079392065,0.012339090949,0.034457619288,0.031810118426,0.038564179144,0.02309217194,0.016873080111,0.00022692856781,0.038564131435,0.038065025109,0.01753556901,1.0018346218e-06,1.0018346216e-06,2.0250366389e-06,0.014844654087,0.038128260643,0.02495650238,0.0035089656752,0.038701356624,0.03853077615,0.0062505002606,0.016257931135,1.7014433851e-05,1.1939255439e-14,1.3101968443e-13,1.1370966806e-13,7.7245313484e-13,0.0014000323447,0.00022071611854,0.0066263721476,5.9524059392e-06,5.9524059393e-06,8.0043961722e-06
3835.0,1.6370794689e-05,1.6348168527e-05,1.6348285218e-05,1.6348285218e-05,1.6348285218e-05,0.028612820917,0.018024581411,0.01229284846,0.034409632371,0.031756696011,0.038550892839,0.023034047671,0.016819638558,0.00022470734405,0.038550845242,0.038033567841,0.017481347792,9.8465454965e-07,9.8465454938e-07,1.9903100736e-06,0.01479402152,0.038121050672,0.024898154779,0.0034885968954,0.038681271798,0.038518158318,0.0062198982198,0.016205273904,1.6787214312e-05,1.1453702932e-14,1.256913794e-13,1.090853606e-13,7.4103922275e-13,0.0013899723569,0.00021854685336,0.0065945543393,5.8644844313e-06,5.8644844313e-06,7.8861652291e-06
3840.0,1.6151608915e-05,1.6129285691e-05,1.6129400819e-05,1.6129400819e-05,1.6129400819e-05,0.028555978424,0.017969936918,0.012246779267,0.034361712281,0.031703363309,0.038537611111,0.022976069697,0.016766366261,0.00022250786208,0.038537563626,0.038002136568,0.017427294221,9.6776909184e-07,9.6776909158e-07,1.9561790208e-06,0.014743561642,0.038113842066,0.024839943583,0.0034683463504,0.038661197395,0.038505544618,0.0061894460007,0.016152787214,1.6563029179e-05,1.0987925138e-14,1.2057982109e-13,1.0464911054e-13,7.1090281985e-13,0.0013799846549,0.00021639890836,0.0065628893037,5.77786159e-06,5.77786159e-06,7.7696806458e-06
3845.0,1.5935357782e-05,1.5913333439e-05,1.5913447026e-05,1.5913447026e-05,1.5913447026e-05,0.028499248853,0.017915458082,0.012200882723,0.034313858924,0.031650120169,0.038524333958,0.02291823765,0.016713262683,0.00022032990909,0.038524286585,0.037970731268,0.017373407779,9.5117319619e-07,9.5117319593e-07,1.922633268e-06,0.014693273864,0.038106634822,0.024781868474,0.003448213354,0.038641133409,0.038492935048,0.0061591428699,0.016100470514,1.634183793e-05,1.0541056249e-14,1.1567607378e-13,1.0039327082e-13,6.819919737e-13,0.0013700687193,0.000214272074,0.0065313763072,5.6925182331e-06,5.6925182331e-06,7.6549166271e-06
3850.0,1.5722001998e-05,1.5700272535e-05,1.5700384601e-05,1.5700384601e-05,1.5700384601e-05,0.028442631981,0.0178611444,0.01215515818,0.034266072207,0.03159696644,0.03851106138,0.022860551163,0.01666032729,0.00021817327434,0.038511014119,0.037939351919,0.017319687947,9.3486189708e-07,9.3486189683e-07,1.8896627783e-06,0.014643157598,0.038099428941,0.024723929135,0.0034281972238,0.038621079836,0.038480329608,0.0061289880975,0.016048323253,1.6123600582e-05,1.0112359596e-14,1.1097181018e-13,9.6310469356e-14,6.5425689846e-13,0.0013602240344,0.00021216614279,0.00650001462,5.6084354617e-06,5.6084354617e-06,7.5418477591e-06
3855.0,1.5511502797e-05,1.5490064267e-05,1.5490174833e-05,1.5490174833e-05,1.5490174833e-05,0.028386127583,0.017806995373,0.012109604994,0.034218352037,0.031543901974,0.038497793375,0.022803009869,0.01660755955,0.00021603774918,0.038497746225,0.037907998501,0.017266134213,9.188303141e-07,9.1883031385e-07,1.8572576867e-06,0.014593212259,0.038092224423,0.024666125247,0.0034082972816,0.03860103667,0.038467728296,0.0060989809572,0.015996344882,1.5908277688e-05,9.7010968564e-15,1.0645887449e-13,9.239376422e-14,6.276497195e-13,0.0013504500883,0.00021008090929,0.0064688035156,5.5255946558e-06,5.5255946558e-06,7.430449003e-06
3860.0,1.5303821934e-05,1.5282670441e-05,1.5282779526e-05,1.5282779526e-05,1.5282779526e-05,0.028329735436,0.0177530105,0.012064222521,0.034170698322,0.031490926618,0.03848452994,0.022745613403,0.016554958931,0.00021392312697,0.038484482903,0.037876670991,0.017212746061,9.030736505e-07,9.0307365025e-07,1.8254082973e-06,0.014543437266,0.038085021267,0.024608456494,0.0033885128528,0.038581003906,0.03845513111,0.0060691207263,0.015944534854,1.5695830327e-05,9.3065748163e-15,1.0212946006e-13,8.8636298686e-14,6.0212463803e-13,0.0013407463726,0.00020801617008,0.006437742271,5.4439774709e-06,5.4439774709e-06,7.3206956901e-06
3865.0,1.5098921675e-05,1.5078053375e-05,1.5078161e-05,1.5078161e-05,1.5078161e-05,0.028273455317,0.017699189284,0.012019010124,0.03412311097,0.031438040225,0.038471271075,0.0226883614,0.016502524904,0.00021182920312,0.038471224149,0.037845369369,0.01715952298,8.8758719179e-07,8.8758719155e-07,1.7941050808e-06,0.014493832036,0.038077819474,0.02455092256,0.0033688432669,0.038560981537,0.038442538049,0.0060394066855,0.015892892624,1.5486220097e-05,8.9280997482e-15,9.797611276e-14,8.5031674936e-14,5.7763759537e-13,0.0013311123827,0.00020597172374,0.0064068301667,5.363565833e-06,5.363565833e-06,7.212563516e-06
3870.0,1.489676479e-05,1.4876175892e-05,1.4876282076e-05,1.4876282076e-05,1.4876282076e-05,0.028217287003,0.01764553123,0.011973967164,0.034075589887,0.031385242644,0.038458016778,0.022631253497,0.016450256942,0.00020975577502,0.038457969964,0.037814093613,0.01710646446,8.7236630433e-07,8.7236630409e-07,1.7633386709e-06,0.014444395991,0.038070619042,0.02449352313,0.0033492878574,0.03854096956,0.038429949112,0.0060098381192,0.01584141765,1.527940911e-05,8.5650202368e-15,9.3991633644e-14,8.1573608078e-14,5.5414635268e-13,0.0013215476177,0.00020394737082,0.0063760664867,5.2843419354e-06,5.2843419354e-06,7.1060285352e-06
3875.0,1.4697314548e-05,1.4677001311e-05,1.4677106074e-05,1.4677106074e-05,1.4677106074e-05,0.028161230273,0.017592035842,0.011929093006,0.034028134981,0.031332533727,0.038444767048,0.022574289332,0.016398154519,0.00020770264206,0.038444720345,0.037782843701,0.017053569993,8.5740643395e-07,8.5740643371e-07,1.7330998622e-06,0.014395128555,0.038063419971,0.02443625789,0.0033298459615,0.038520967968,0.038417364298,0.0059804143152,0.015790109388,1.5075359984e-05,8.2166861382e-15,9.0169169518e-14,7.8256189805e-14,5.3161048766e-13,0.0013120515801,0.00020194291384,0.0063454505184,5.2062882343e-06,5.2062882343e-06,7.0010671559e-06
3880.0,1.4500534712e-05,1.4480493445e-05,1.4480596805e-05,1.4480596805e-05,1.4480596805e-05,0.028105284905,0.017538702628,0.011884387018,0.033980746161,0.031279913324,0.038431521882,0.022517468541,0.01634621711,0.00020566960559,0.03843147529,0.037751619612,0.017000839069,8.4270310456e-07,8.4270310433e-07,1.7033796071e-06,0.014346029151,0.038056222262,0.024379126526,0.0033105169203,0.038500976756,0.038404783605,0.0059511345648,0.015738967299,1.4874035834e-05,7.8825337634e-15,8.6502213842e-14,7.5073736795e-14,5.0999105876e-13,0.0013026237761,0.00019995815725,0.0063149815526,5.1293874448e-06,5.1293874448e-06,6.897656135e-06
3885.0,1.4306389526e-05,1.4286616589e-05,1.4286718565e-05,1.4286718565e-05,1.4286718565e-05,0.028049450676,0.017485531096,0.01183984857,0.033933423334,0.031227381287,0.03841828128,0.022460790766,0.016294444193,0.00020365646889,0.038418234799,0.037720421326,0.016948271186,8.2825191685e-07,8.2825191663e-07,1.6741690131e-06,0.014297097207,0.038049025914,0.024322128725,0.0032913000787,0.038480995918,0.038392207032,0.0059219981628,0.015687990845,1.4675400271e-05,7.5619559379e-15,8.2984353576e-14,7.2020642745e-14,4.8925085892e-13,0.0012932637154,0.00019799290744,0.0062846588836,5.0536225378e-06,5.0536225378e-06,6.7957725724e-06
3890.0,1.4114843718e-05,1.4095335517e-05,1.4095436128e-05,1.4095436128e-05,1.4095436127e-05,0.027993727368,0.017432520755,0.011795477033,0.033886166409,0.031174937468,0.038405045239,0.022404255645,0.016242835248,0.00020166303719,0.038404998869,0.03768924882,0.016895865837,8.1404854693e-07,8.1404854671e-07,1.6454593401e-06,0.014248332153,0.038041830927,0.024265264174,0.0032721947855,0.03846102545,0.038379634577,0.0058930044073,0.01563717949,1.447941739e-05,7.254432236e-15,7.9609598619e-14,6.9091748852e-14,4.6935414924e-13,0.0012839709113,0.00019604697269,0.0062544818089,4.9789767353e-06,4.9789767353e-06,6.6953939065e-06
3895.0,1.3925862483e-05,1.3906615474e-05,1.3906714738e-05,1.3906714738e-05,1.3906714738e-05,0.027938114759,0.017379671118,0.011751271782,0.033838975293,0.031122581718,0.038391813758,0.02234786282,0.016191389754,0.0001996891176,0.038391767499,0.037658102073,0.016843622521,8.0008874508e-07,8.0008874486e-07,1.6172419982e-06,0.014199733418,0.0380346373,0.024208532563,0.0032532003931,0.038441065346,0.038367066239,0.0058641526002,0.015586532699,1.4286051764e-05,6.9593988298e-15,7.6372057198e-14,6.6281906144e-14,4.502665842e-13,0.0012747448804,0.00019412016316,0.0062244496296,4.9054335074e-06,4.9054335074e-06,6.5964979088e-06
3900.0,1.3739411485e-05,1.3720422171e-05,1.3720520106e-05,1.3720520106e-05,1.3720520106e-05,0.027882612629,0.017326981696,0.011707232195,0.033791849895,0.03107031389,0.038378586836,0.022291611932,0.016140107194,0.00019773451914,0.038378540688,0.037626981065,0.016791540736,7.8636833444e-07,7.8636833423e-07,1.5895085444e-06,0.014151300435,0.038027445034,0.02415193358,0.0032343162579,0.0384211156,0.038354502017,0.0058354420463,0.015536049939,1.4095268443e-05,6.6763789478e-15,7.3266175363e-14,6.3586361549e-14,4.3195528735e-13,0.0012655851431,0.00019221229088,0.00619456165,4.8329765682e-06,4.8329765682e-06,6.4990626792e-06
3905.0,1.3555456848e-05,1.3536721779e-05,1.3536818402e-05,1.3536818402e-05,1.3536818402e-05,0.027827220759,0.017274452005,0.01166335765,0.033744790124,0.031018133835,0.03836536447,0.022235502625,0.016088987053,0.00019579905269,0.038365318433,0.037595885773,0.016739619984,7.7288320978e-07,7.7288320957e-07,1.5622506809e-06,0.01410303264,0.038020254128,0.024095466916,0.0032155417398,0.038401176207,0.038341941909,0.0058068720543,0.015485730679,1.3907032941e-05,6.4048514373e-15,7.0286575753e-14,6.100041463e-14,4.1438861204e-13,0.0012564912229,0.00019032316974,0.0061648171777,4.7615898723e-06,4.7615898723e-06,6.403066641e-06
3910.0,1.3373965148e-05,1.3355480919e-05,1.3355576249e-05,1.3355576249e-05,1.3355576249e-05,0.02777193893,0.017222081561,0.011619647528,0.033697795887,0.030966041408,0.03835214666,0.022179534542,0.016038028815,0.00019388253099,0.038352100734,0.037564816176,0.016687859767,7.5962933628e-07,7.5962933607e-07,1.5354602519e-06,0.014054929469,0.038013064581,0.024039132261,0.0031968762026,0.038381247162,0.038329385915,0.005778441936,0.015435574389,1.3721311232e-05,6.1443829881e-15,6.7428140775e-14,5.8519641946e-14,3.9753636791e-13,0.001247462647,0.00018845261544,0.0061352155239,4.6912576116e-06,4.6912576116e-06,6.3084885363e-06
3915.0,1.3194903409e-05,1.3176666662e-05,1.3176760716e-05,1.3176760716e-05,1.3176760716e-05,0.027716766923,0.017169869879,0.011576101214,0.033650867095,0.03091403646,0.038338933404,0.022123707327,0.015987231968,0.00019198476859,0.038338887588,0.037533772254,0.016636259587,7.4660274829e-07,7.4660274809e-07,1.5091292415e-06,0.014006990361,0.038005876394,0.023982929307,0.0031783190136,0.038361328459,0.038316834032,0.0057501510067,0.015385580542,1.3538069747e-05,5.8944965768e-15,6.4686013541e-14,5.6139799056e-14,3.8136941485e-13,0.0012384989457,0.00018660044551,0.0061057560027,4.6219642111e-06,4.6219642111e-06,6.2153074212e-06
3920.0,1.3018239097e-05,1.3000246519e-05,1.3000339313e-05,1.3000339313e-05,1.3000339313e-05,0.02766170452,0.01711781648,0.011532718094,0.033604003655,0.030862118844,0.0383257247,0.022068020627,0.015936596002,0.00019010558187,0.038325678995,0.037502753985,0.016584818951,7.337995482e-07,7.33799548e-07,1.4832497713e-06,0.013959214755,0.037998689566,0.023926857746,0.003159869544,0.038341420093,0.038304286259,0.0057219985848,0.015335748611,1.3357275363e-05,5.6548003449e-15,6.2055340477e-14,5.3856717815e-14,3.6585999343e-13,0.001229599653,0.00018476647925,0.0060764379318,4.5536943262e-06,4.5536943262e-06,6.1235026611e-06
3925.0,1.2843940113e-05,1.2826188435e-05,1.2826279986e-05,1.2826279986e-05,1.2826279986e-05,0.027606751504,0.017065920883,0.011489497556,0.033557205477,0.030810288414,0.038312520547,0.022012474087,0.015886120406,0.00018824478903,0.038312474952,0.037471761348,0.016533537366,7.212159052e-07,7.21215905e-07,1.4578140981e-06,0.013911602095,0.037991504097,0.02387091727,0.0031415271684,0.038321522059,0.038291742596,0.0056939839924,0.015286078072,1.31788954e-05,5.4248186414e-15,5.9531694455e-14,5.1666494101e-14,3.5098130549e-13,0.0012207643061,0.00018295053776,0.0060472606321,4.4864328388e-06,4.4864328388e-06,6.0330539262e-06
3930.0,1.2671974788e-05,1.2654460784e-05,1.265455111e-05,1.265455111e-05,1.265455111e-05,0.027551907657,0.017014182611,0.011446438991,0.03351047247,0.030758545024,0.038299320942,0.021957067355,0.015835804672,0.00018640221,0.038299275457,0.037440794321,0.016482414338,7.0884805419e-07,7.08848054e-07,1.4328146114e-06,0.013864151825,0.037984319987,0.023815107573,0.0031232912653,0.038301634351,0.03827920304,0.0056661065546,0.015236568403,1.3002897615e-05,5.204204773e-15,5.711065144e-14,4.9565294243e-14,3.3670767652e-13,0.0012119924455,0.00018115244388,0.0060182234277,4.420164854e-06,4.420164854e-06,5.9439411869e-06
3935.0,1.2502311878e-05,1.2485032365e-05,1.2485121482e-05,1.2485121482e-05,1.2485121482e-05,0.027497172762,0.016962601185,0.011403541792,0.033463804543,0.030706888527,0.038286125886,0.021901800078,0.015785648295,0.00018457766652,0.038286080511,0.037409852884,0.016431449379,6.9669229466e-07,6.9669229447e-07,1.4082438311e-06,0.013816863391,0.037977137235,0.02375942835,0.0031051612166,0.038281756964,0.03826666759,0.0056383656001,0.015187219083,1.2829250196e-05,4.9925687005e-15,5.4788051562e-14,4.7549572962e-14,3.2301456021e-13,0.001203283615,0.0001793720222,0.005989325646,4.3548756971e-06,4.3548756971e-06,5.8561447098e-06
3940.0,1.2334920554e-05,1.2317872395e-05,1.2317960318e-05,1.2317960318e-05,1.2317960318e-05,0.027442546602,0.016911176132,0.011360805354,0.033417201605,0.030655318778,0.038272935375,0.021846671906,0.01573565077,0.00018277098204,0.03827289011,0.037378937015,0.016380642,6.8474498951e-07,6.8474498933e-07,1.3840944056e-06,0.013769736241,0.037969955842,0.023703879296,0.0030871364078,0.038261889893,0.038254136246,0.0056107604607,0.015138029591,1.2657921753e-05,4.7895198427e-15,5.2559901552e-14,4.5615866409e-14,3.0987828089e-13,0.0011946373618,0.00017760909903,0.0059605666176,4.2905509101e-06,4.2905509101e-06,5.7696450524e-06
3945.0,1.2169770405e-05,1.21529505e-05,1.2153037246e-05,1.2153037246e-05,1.2153037246e-05,0.027388028963,0.016859906976,0.011318229074,0.033370663566,0.03060383563,0.038259749409,0.02179168249,0.015685811594,0.00018098198175,0.038259704254,0.037348046694,0.016329991713,6.7300256405e-07,6.7300256387e-07,1.3603591092e-06,0.013722769825,0.037962775807,0.023648460106,0.0030692162282,0.038242033132,0.038241609005,0.0055832904714,0.015088999412,1.2488881319e-05,4.5947539763e-15,5.0422392288e-14,4.3760787214e-14,2.9727619941e-13,0.0011860532361,0.00017586350241,0.0059319456764,4.2271762486e-06,4.2271762486e-06,5.68442306e-06
3950.0,1.2006831423e-05,1.1990236717e-05,1.1990322301e-05,1.1990322301e-05,1.1990322301e-05,0.027333619628,0.016808793245,0.011275812353,0.033324190336,0.030552438939,0.038246567985,0.021736831478,0.015636130265,0.00017921049257,0.03824652294,0.037317181899,0.016279498032,6.6146150488e-07,6.614615047e-07,1.3370308401e-06,0.013675963596,0.037955597129,0.023593170476,0.0030514000703,0.038222186675,0.038229085866,0.0055559549706,0.015040128028,1.2322098338e-05,4.4078812867e-15,4.837179026e-14,4.1981105176e-14,2.851866315e-13,0.0011775307915,0.00017413506202,0.0059034621593,4.1647376783e-06,4.1647376783e-06,5.6004598603e-06
3955.0,1.1846074002e-05,1.182970148e-05,1.1829785919e-05,1.1829785919e-05,1.1829785919e-05,0.027279318381,0.016757834468,0.011233554593,0.033277781824,0.030501128559,0.038233391103,0.021682118524,0.015586606283,0.00017745634309,0.038233346167,0.037286342609,0.016229160475,6.5011835884e-07,6.5011835866e-07,1.3141026184e-06,0.013629317005,0.037948419809,0.023538010105,0.0030336873303,0.038202350518,0.038216566828,0.0055287532999,0.014991414925,1.2157542663e-05,4.2286398348e-15,4.6404621912e-14,4.0273811782e-14,2.7358875951e-13,0.001169069585,0.00017242360926,0.0058751154066,4.1032213726e-06,4.1032213726e-06,5.5177368601e-06
3960.0,1.1687468936e-05,1.1671315622e-05,1.1671398931e-05,1.1671398931e-05,1.167139893e-05,0.027225125009,0.016707030175,0.011191455197,0.033231437941,0.030449904345,0.03822021876,0.02162754328,0.01553723915,0.00017571936359,0.038220173934,0.037255528802,0.016178978557,6.38969732e-07,6.3896973182e-07,1.2915675839e-06,0.013582829511,0.037941243845,0.023482978689,0.003016077408,0.038182524656,0.03820405189,0.0055016848042,0.014942859592,1.1995184549e-05,4.0566844031e-15,4.4517422117e-14,3.8635926815e-14,2.6246255188e-13,0.0011606691764,0.00017072897717,0.0058469047616,4.042613709e-06,4.042613709e-06,5.4362357407e-06
3965.0,1.1530987405e-05,1.1515050365e-05,1.1515132558e-05,1.1515132558e-05,1.1515132558e-05,0.027171039297,0.016656379898,0.011149513573,0.033185158595,0.030398766153,0.038207050956,0.021573105399,0.01548802837,0.000173999386,0.038207006239,0.037224740459,0.016128951797,6.2801228862e-07,6.2801228845e-07,1.2694189939e-06,0.013536500568,0.037934069239,0.023428075928,0.0029985697066,0.038162709082,0.03819154105,0.0054747488315,0.014894461516,1.1834994649e-05,3.8917115663e-15,4.2706978735e-14,3.7064698211e-14,2.5178875131e-13,0.0011523291289,0.00016905100043,0.0058188295709,3.9829012661e-06,3.9829012661e-06,5.355938454e-06
3970.0,1.1376600979e-05,1.1360877317e-05,1.136095841e-05,1.136095841e-05,1.136095841e-05,0.027117061031,0.016605883171,0.01110772913,0.033138943698,0.030347713838,0.038193887688,0.021518804536,0.015438973446,0.0001722962439,0.038193843081,0.037193977557,0.016079079717,6.1724275017e-07,6.1724275001e-07,1.2476502215e-06,0.013490329638,0.03792689599,0.02337330152,0.0029811636326,0.038142903791,0.038179034307,0.0054479447329,0.014846220189,1.1676944008e-05,3.7334610696e-15,4.0970171942e-14,3.5557340023e-14,2.4154905554e-13,0.0011440490088,0.00016738951535,0.0057908891842,3.9240708208e-06,3.9240708208e-06,5.2768272185e-06
3975.0,1.1224281606e-05,1.1208768466e-05,1.1208848473e-05,1.1208848473e-05,1.1208848473e-05,0.027063189998,0.016555539527,0.011066101277,0.03309279316,0.030296747256,0.038180728955,0.021464640345,0.015390073887,0.0001706097725,0.038180684457,0.037163240077,0.016029361838,6.0665789435e-07,6.0665789419e-07,1.2262547533e-06,0.013444316181,0.037919724097,0.023318655165,0.0029638585963,0.038123108779,0.03816653166,0.0054212718629,0.014798135104,1.1521004056e-05,3.5816289565e-15,3.9304049316e-14,3.4111347499e-14,2.3172577571e-13,0.0011358283854,0.00016574435984,0.0057630829541,3.8661093453e-06,3.8661093453e-06,5.1988845153e-06
3980.0,1.1074001611e-05,1.1058696174e-05,1.1058775109e-05,1.1058775109e-05,1.1058775109e-05,0.027009425985,0.016505348502,0.011024629428,0.03304670689,0.030245866263,0.038167574755,0.021410612483,0.015341329199,0.00016893980864,0.038167530367,0.037132527996,0.015979797683,5.9625455411e-07,5.9625455395e-07,1.2052261876e-06,0.013398459661,0.03791255356,0.023264136565,0.002946654011,0.03810332404,0.038154033107,0.005394729579,0.014750205753,1.1367146607e-05,3.435955239e-15,3.7705666743e-14,3.2724083542e-14,2.2230199461e-13,0.0011276668314,0.00016411537341,0.0057354102366,3.8090040044e-06,3.8090040044e-06,5.1220930844e-06
3985.0,1.0925733689e-05,1.0910633174e-05,1.0910711052e-05,1.0910711052e-05,1.0910711052e-05,0.026955768778,0.016455309635,0.010983313,0.0330006848,0.030195070716,0.038154425088,0.021356720606,0.015292738892,0.00016728619072,0.038154380809,0.037101841294,0.015930386776,5.860296167e-07,5.8602961654e-07,1.1845582327e-06,0.013352759541,0.037905384379,0.02320974542,0.0029295492937,0.038083549568,0.038141538647,0.005368317242,0.014702431633,1.121534385e-05,3.2962232197e-15,3.6172247302e-14,3.1393234876e-14,2.1326149236e-13,0.0011195639221,0.00016250239715,0.0057078703908,3.7527421523e-06,3.7527421523e-06,5.0464359205e-06
3990.0,1.0779450901e-05,1.0764552564e-05,1.07646294e-05,1.07646294e-05,1.07646294e-05,0.026902218167,0.016405422463,0.010942151408,0.0329547268,0.03014436047,0.038141279951,0.021302964373,0.015244302478,0.00016564875875,0.03814123578,0.03707117995,0.015881128645,5.7598002276e-07,5.759800226e-07,1.1642447044e-06,0.013307215288,0.037898216554,0.023155481433,0.0029125438648,0.038063785358,0.038129048278,0.0053420342156,0.014654812241,1.1065568345e-05,3.1621725054e-15,3.4701184671e-14,3.0116543063e-14,2.0458865597e-13,0.0011115192363,0.0001609052737,0.0056804627786,3.6973113299e-06,3.6973113299e-06,4.9718962698e-06
3995.0,1.0635126668e-05,1.0620427802e-05,1.062050361e-05,1.062050361e-05,1.0620503609e-05,0.026848773938,0.016355686528,0.010901144074,0.032908832801,0.030093735383,0.038128139342,0.021249343442,0.015196019468,0.00016402735431,0.038128095281,0.037040543943,0.015832022816,5.661027654e-07,5.6610276524e-07,1.1442795249e-06,0.013261826372,0.037891050084,0.023101344307,0.0028956371478,0.038044031405,0.038116561999,0.0053158798669,0.014607347076,1.0917793019e-05,3.0335863635e-15,3.3289967816e-14,2.8891753148e-14,1.962684837e-13,0.0011035323556,0.00015932384725,0.0056531867651,3.6426992625e-06,3.6426992625e-06,4.8984576257e-06
4000.0,1.0492734768e-05,1.0478232702e-05,1.0478307495e-05,1.0478307495e-05,1.0478307495e-05,0.026795435882,0.016306101369,0.010860290418,0.032863002714,0.030043195312,0.038115003261,0.021195857473,0.015147889378,0.0001624218205,0.038114959308,0.037009933252,0.01578306882,5.5639488928e-07,5.5639488913e-07,1.1246567205e-06,0.013216592262,0.037883884969,0.023047333744,0.0028788285699,0.038024287703,0.03810407981,0.0052898535658,0.014560035638,1.0771991161e-05,2.910204608e-15,3.1936167923e-14,2.7716766642e-14,1.8828666315e-13,0.0010956028647,0.00015775796354,0.0056260417187,3.5888938563e-06,3.5888938563e-06,4.8261037254e-06
4005.0,1.0352249328e-05,1.0337941428e-05,1.0338015219e-05,1.0338015219e-05,1.0338015219e-05,0.026742203786,0.016256666531,0.010819589865,0.03281723645,0.029992740113,0.038101871705,0.021142506125,0.015099911722,0.00016083200199,0.038101827861,0.036979347857,0.015734266185,5.4685348975e-07,5.468534896e-07,1.10537042e-06,0.01317151243,0.037876721209,0.022993449449,0.0028621175613,0.038004554248,0.038091601708,0.0052639546854,0.014512877431,1.0628136417e-05,2.7918537757e-15,3.063735499e-14,2.658958879e-14,1.8062949002e-13,0.0010877303511,0.00015620746981,0.0055990270103,3.5358831964e-06,3.5358831964e-06,4.7548185466e-06
4010.0,1.0213644824e-05,1.019952849e-05,1.0199601293e-05,1.0199601293e-05,1.0199601293e-05,0.02668907744,0.016207381558,0.010779041842,0.032771533919,0.029942369645,0.038088744673,0.02108928906,0.015052086018,0.00015925774495,0.038088700938,0.036948787735,0.015685614445,5.3747571197e-07,5.3747571183e-07,1.0864148527e-06,0.013126586351,0.037869558804,0.022939691127,0.0028455035557,0.037984831033,0.038079127692,0.005238182602,0.014465871956,1.0486202783e-05,2.6783169821e-15,2.9391364882e-14,2.5508241595e-14,1.7328369368e-13,0.0010799144054,0.00015467221479,0.0055721420143,3.4836555437e-06,3.4836555437e-06,4.6845863034e-06
4015.0,1.0076896071e-05,1.0062968739e-05,1.0063040567e-05,1.0063040567e-05,1.0063040567e-05,0.026636056635,0.016158245996,0.010738645776,0.032725895034,0.029892083765,0.038075622164,0.02103620594,0.015004411785,0.00015769889707,0.038075578538,0.036918252867,0.015637113134,5.2825875006e-07,5.2825874991e-07,1.0677843471e-06,0.013081813499,0.037862397753,0.022886058484,0.00282898599,0.037965118054,0.038066657761,0.0052125366949,0.01441901872,1.0346164604e-05,2.5693778184e-15,2.8196115821e-14,2.4470865853e-14,1.6623660676e-13,0.0010721546213,0.00015315204872,0.005545386108,3.4321993327e-06,3.4321993327e-06,4.6153914432e-06
4020.0,9.9419782249e-06,9.9282373633e-06,9.9283082298e-06,9.9283082298e-06,9.9283082297e-06,0.026583141161,0.01610925939,0.010698401099,0.032680319705,0.029841882331,0.038062504176,0.020983256428,0.014956888544,0.0001561553075,0.038062460658,0.036887743231,0.015588761785,5.1919984623e-07,5.1919984609e-07,1.0494733287e-06,0.013037193353,0.037855238056,0.022832551225,0.0028125643045,0.037945415306,0.038054191913,0.0051870163462,0.014372317231,1.0207996567e-05,2.4649035253e-15,2.7049433445e-14,2.3475665654e-14,1.594760969e-13,0.0010644505951,0.0001516468233,0.0055187586714,3.3815031686e-06,3.3815031686e-06,4.547218643e-06
4025.0,9.8088667703e-06,9.7953098827e-06,9.7953798004e-06,9.7953798004e-06,9.7953798003e-06,0.026530330808,0.016060421291,0.010658307242,0.032634807844,0.029791765201,0.038049390708,0.020930440188,0.014909515815,0.00015462682691,0.038049347298,0.036857258807,0.015540559935,5.1029629003e-07,5.1029628989e-07,1.0314763189e-06,0.012992725391,0.037848079714,0.022779169058,0.0027962379425,0.037925722782,0.038041730148,0.0051616209414,0.014325766995,1.0071673697e-05,2.3646778044e-15,2.5949414021e-14,2.2520906245e-14,1.5299053476e-13,0.0010568019262,0.00015015639168,0.0054922590879,3.331555825e-06,3.331555825e-06,4.4800528063e-06
4030.0,9.6775375222e-06,9.6641621454e-06,9.664231127e-06,9.664231127e-06,9.6642311269e-06,0.026477625367,0.016011731248,0.010618363641,0.032589359362,0.029741732234,0.038036281757,0.020877756884,0.014862293123,0.0001531133074,0.038036238455,0.036826799573,0.015492507123,5.0154541745e-07,5.0154541731e-07,1.0137879328e-06,0.012948409094,0.037840922724,0.022725911689,0.0027800063508,0.037906040478,0.038029272463,0.0051363498687,0.014279367524,9.9371713533e-06,2.2685273623e-15,2.4894145905e-14,2.1605035577e-14,1.4676873341e-13,0.0010492082169,0.00014868060848,0.0054658867435,3.2823462411e-06,3.2823462411e-06,4.4138790594e-06
4035.0,9.5479666188e-06,9.5347703227e-06,9.5348383807e-06,9.5348383807e-06,9.5348383806e-06,0.026425024631,0.015963188811,0.010578569733,0.032543974172,0.029691783288,0.038023177322,0.020825206182,0.014815219992,0.00015161460253,0.038023134129,0.03679636551,0.015444602886,4.9294461017e-07,4.9294461004e-07,9.9640287794e-07,0.012904243947,0.037833767088,0.022672778828,0.0027638689793,0.037886368388,0.038016818858,0.0051112025194,0.014233118329,9.8044652233e-06,2.1762804301e-15,2.3881724523e-14,2.0726400661e-14,1.407999371e-13,0.0010416690722,0.00014721932971,0.0054396410273,3.2338635197e-06,3.2338635197e-06,4.3486827484e-06
4040.0,9.4201305182e-06,9.407110905e-06,9.4071780518e-06,9.4071780518e-06,9.4071780517e-06,0.026372528391,0.015914793534,0.010538924956,0.032498652185,0.029641918222,0.038010077402,0.020772787748,0.014768295949,0.0001501305673,0.038010034317,0.036765956595,0.015396846767,4.844912948e-07,4.8449129467e-07,9.7931595263e-07,0.012860229431,0.037826612806,0.022619770184,0.002747825281,0.037866706507,0.038004369331,0.0050861782879,0.014187018924,9.6735313195e-06,2.087763699e-15,2.291050179e-14,1.9883528188e-14,1.350739111e-13,0.0010341841001,0.00014577241284,0.0054135213315,3.1860969245e-06,3.1860969245e-06,4.2844494359e-06
4045.0,9.2940059932e-06,9.2811606974e-06,9.2812269452e-06,9.2812269452e-06,9.2812269451e-06,0.026320136439,0.015866544971,0.010499428752,0.032453393314,0.029592136897,0.037996981996,0.020720501249,0.014721520521,0.0001486610581,0.037996939018,0.036735572809,0.015349238307,4.7618294204e-07,4.7618294191e-07,9.6252204435e-07,0.012816365035,0.037819459876,0.022566885465,0.0027318747123,0.03784705483,0.037991923881,0.0050612765714,0.014141068824,9.5443459747e-06,2.0028468024e-15,2.1978823717e-14,1.9074909495e-14,1.2958077082e-13,0.0010267529114,0.00014433971669,0.0053875270509,3.1390358779e-06,3.1390358779e-06,4.2211648977e-06
4050.0,9.169570128e-06,9.1568968156e-06,9.1569621764e-06,9.1569621764e-06,9.1569621763e-06,0.026267848569,0.015818442676,0.010460080564,0.032408197469,0.029542439169,0.037983891101,0.020668346352,0.014674893238,0.00014720593277,0.037983848231,0.036705214131,0.01530177705,4.6801706599e-07,4.6801706586e-07,9.4601612826e-07,0.012772650247,0.037812308298,0.022514124383,0.0027160167324,0.037827413351,0.037979482507,0.00503649677,0.014095267544,9.4168858376e-06,1.9213994274e-15,2.108495703e-14,1.8299199269e-14,1.2431105242e-13,0.0010193751195,0.00014292110152,0.0053616575834,3.0926699582e-06,3.0926699582e-06,4.1588151196e-06
4055.0,9.0468003132e-06,9.0342966817e-06,9.0343611673e-06,9.0343611673e-06,9.0343611673e-06,0.026215664573,0.015770486207,0.010420879838,0.032363064565,0.029492824901,0.037970804716,0.020616322728,0.01462841363,0.0001457650505,0.037970761954,0.03667488054,0.01525446254,4.5999122337e-07,4.5999122324e-07,9.2979326571e-07,0.012729084555,0.037805158073,0.022461486648,0.0027002508041,0.037807782065,0.037967045206,0.0050118382871,0.014049614603,9.2911278691e-06,1.8432483407e-15,2.0227515477e-14,1.7554967408e-14,1.1925556997e-13,0.0010120503407,0.00014151642893,0.0053359123297,3.0469888981e-06,3.0469888981e-06,4.0973862946e-06
4060.0,8.9256742425e-06,8.91333802e-06,8.9134016422e-06,8.9134016422e-06,8.9134016422e-06,0.026163584246,0.015722675121,0.010381826019,0.032317994512,0.02944329395,0.037957722839,0.020564430045,0.014582081231,0.00014433827188,0.037957680185,0.036644572014,0.015207294323,4.521030128e-07,4.5210301268e-07,9.1384860272e-07,0.012685667452,0.0377980092,0.022408971971,0.0026845763929,0.037788160968,0.037954611979,0.0049873005286,0.014004109521,9.1670493373e-06,1.7683050711e-15,1.9404942518e-14,1.684102519e-14,1.144057309e-13,0.0010047781943,0.00014012556187,0.0053102906935,3.0019825815e-06,3.0019825815e-06,4.0368648194e-06
4065.0,8.8061699081e-06,8.7939988531e-06,8.7940616235e-06,8.7940616236e-06,8.7940616235e-06,0.026111607381,0.015675008977,0.010342918559,0.032272987224,0.029393846179,0.03794464547,0.020512667975,0.014535895573,0.00014292545887,0.037944602923,0.036614288535,0.015160271948,4.4435007409e-07,4.4435007397e-07,8.9817736854e-07,0.01264239843,0.037790861679,0.022356580067,0.0026689929676,0.037768550052,0.037942182823,0.0049628829034,0.013958751819,9.0446278144e-06,1.6963979582e-15,1.8615764752e-14,1.6156177526e-14,1.0975312862e-13,0.0009975583019,0.00013874836468,0.0052847920812,2.957641042e-06,2.957641042e-06,3.9772372919e-06
4070.0,8.6882655967e-06,8.676257498e-06,8.676319428e-06,8.676319428e-06,8.6763194279e-06,0.026059733773,0.015627487337,0.010304156909,0.032228042612,0.029344481445,0.037931572606,0.020461036187,0.014489856192,0.00014152647476,0.037931530166,0.036584030079,0.015113394964,4.3673008751e-07,4.3673008739e-07,8.8277487426e-07,0.012599276985,0.037783715509,0.022304310646,0.0026535000001,0.037748949315,0.037929757737,0.0049385848236,0.013913541019,8.9238411717e-06,1.6273968402e-15,1.7858674082e-14,1.5499166379e-14,1.0528969065e-13,0.00099039028813,0.000137384703,0.0052594159022,2.9139544604e-06,2.9139544604e-06,3.9184905078e-06
4075.0,8.5719398861e-06,8.5600925617e-06,8.5601536625e-06,8.5601536625e-06,8.5601536624e-06,0.026007963216,0.015580109762,0.010265540522,0.032183160591,0.029295199612,0.037918504246,0.020409534355,0.014443962625,0.00014014118419,0.037918461913,0.036553796628,0.015066662921,4.2924077311e-07,4.29240773e-07,8.6763651137e-07,0.012556302614,0.037776570691,0.022252163423,0.0026380969654,0.037729358749,0.03791733672,0.0049144057037,0.013868476646,8.8046675762e-06,1.5612150056e-15,1.7132378193e-14,1.4868878235e-14,1.0100778656e-13,0.00098327378022,0.0001360344438,0.0052341615687,2.8709131624e-06,2.8709131624e-06,3.8606114578e-06
4080.0,8.4571716405e-06,8.4454829379e-06,8.4455432206e-06,8.4455432206e-06,8.4455432206e-06,0.025956295507,0.015532875816,0.010227068854,0.032138341071,0.029246000538,0.037905440388,0.02035816215,0.01439821441,0.00013876945314,0.037905398162,0.036523588161,0.015020075371,4.2187989006e-07,4.2187988994e-07,8.5275775036e-07,0.012513474815,0.037769427224,0.022200138113,0.0026227833413,0.037709778349,0.037904919771,0.0048903449615,0.013823558226,8.6870854865e-06,1.4977222231e-15,1.6435654068e-14,1.4264197193e-14,9.6900046878e-14,0.00097620840806,0.00013469745536,0.0052090284956,2.8285076167e-06,2.8285076167e-06,3.8035873248e-06
4085.0,8.3439400073e-06,8.3324078027e-06,8.3324672784e-06,8.3324672784e-06,8.3324672783e-06,0.02590473044,0.015485785062,0.010188741362,0.032093583968,0.029196884086,0.037892381031,0.020306919248,0.014352611087,0.00013741114887,0.037892338912,0.036493404656,0.014973631867,4.1464523592e-07,4.1464523581e-07,8.3813413945e-07,0.012470793088,0.037762285107,0.02214823443,0.0026075586089,0.037690208112,0.037892506887,0.0048664020173,0.013778785286,8.5710736487e-06,1.4368300355e-15,1.576729092e-14,1.3684064656e-14,9.2959354624e-14,0.00096919380422,0.00013337360723,0.0051840161008,2.7867284327e-06,2.7867284328e-06,3.7474054811e-06
4090.0,8.2322244131e-06,8.2208466113e-06,8.2209052906e-06,8.2209052906e-06,8.2209052905e-06,0.025853267811,0.015438837068,0.010150557507,0.032048889193,0.029147850116,0.037879326173,0.020255805323,0.014307152197,0.00013606613996,0.037879284161,0.036463246093,0.014927331964,4.0753464605e-07,4.0753464594e-07,8.2376130314e-07,0.012428256934,0.037755144342,0.02209645209,0.0025924222523,0.03767064803,0.037880098069,0.0048425762946,0.013734157354,8.4566110929e-06,1.3784100878e-15,1.5126075377e-14,1.3127539387e-14,8.917886506e-14,0.00096222960391,0.00013206277029,0.0051591238048,2.7455663588e-06,2.7455663588e-06,3.6920534854e-06
4095.0,8.1220045599e-06,8.1107790935e-06,8.1108369872e-06,8.1108369872e-06,8.1108369872e-06,0.025801907418,0.015392031399,0.010112516749,0.03200425666,0.02909889849,0.037866275812,0.020204820049,0.014261837282,0.00013473429628,0.037866233908,0.036433112452,0.014881175218,4.0054599293e-07,4.0054599282e-07,8.0963494101e-07,0.012385865859,0.037748004926,0.02204479081,0.0025773737584,0.037651098099,0.037867693314,0.0048188672194,0.013689673961,8.3436771293e-06,1.3223738017e-15,1.4510966468e-14,1.2593671894e-14,8.555215392e-14,0.00095531544496,0.00013076481665,0.005134351031,2.7050122796e-06,2.7050122796e-06,3.6375190802e-06
4100.0,8.0132604215e-06,8.002185251e-06,8.0022423696e-06,8.0022423696e-06,8.0022423695e-06,0.025750649058,0.015345367626,0.010074618553,0.031959686282,0.029050029069,0.037853229948,0.020153963104,0.014216665886,0.00013341548896,0.037853188151,0.036403003712,0.014835161186,3.9367718549e-07,3.9367718538e-07,7.9575082637e-07,0.012343619365,0.03774086686,0.021993250306,0.0025624126171,0.037631558314,0.037855292621,0.0047952742206,0.01364533464,8.2322513441e-06,1.2685931707e-15,1.3920836644e-14,1.2081507723e-14,8.2072973903e-14,0.00094845096781,0.00012947961969,0.0051096972055,2.6650572146e-06,2.6650572146e-06,3.5837901892e-06
4105.0,7.9059722398e-06,7.8950453529e-06,7.8951017067e-06,7.8951017067e-06,7.8951017066e-06,0.025699492526,0.015298845317,0.010036862385,0.031915177972,0.029001241717,0.037840188579,0.020103234164,0.014171637556,0.0001321095904,0.037840146888,0.036372919853,0.014789289428,3.8692616856e-07,3.8692616846e-07,7.82104805e-07,0.012301516962,0.037733730145,0.021941830296,0.0025475383216,0.037612028669,0.037842895989,0.0047717967299,0.013601138923,8.1223135964e-06,1.2170228863e-15,1.3354731706e-14,1.1590162322e-14,7.8735258735e-14,0.00094163581546,0.00012820705404,0.0050851617573,2.6256923159e-06,2.6256923159e-06,3.5308549143e-06
4110.0,7.8001205213e-06,7.7893399326e-06,7.7893955319e-06,7.7893955319e-06,7.7893955318e-06,0.025648437622,0.015252464044,0.0099992477115,0.031870731645,0.028952536294,0.037827151702,0.020052632906,0.014126751838,0.00013081647424,0.037827110118,0.036342860853,0.014743559502,3.802909222e-07,3.802909221e-07,7.6869279395e-07,0.012259558157,0.037726594778,0.021890530498,0.0025327503676,0.037592509159,0.037830503417,0.004748434182,0.013557086345,8.0138440143e-06,1.1675346367e-15,1.2811611856e-14,1.1118791571e-14,7.5533280362e-14,0.0009348696335,0.00012694699554,0.0050607441181,2.5869088664e-06,2.5869088664e-06,3.4787015332e-06
4115.0,7.6956860333e-06,7.6850497841e-06,7.6851046389e-06,7.685104639e-06,7.6851046389e-06,0.025597484143,0.01520622338,0.0099617740031,0.031826347213,0.028903912663,0.037814119317,0.020002159011,0.014082008279,0.00012953601537,0.037814077839,0.036312826692,0.014697970972,3.7376946109e-07,3.7376946099e-07,7.5551078026e-07,0.01221774246,0.037719460761,0.021839350632,0.0025180482539,0.03757299978,0.037818114902,0.004725186014,0.013513176444,7.9068229909e-06,1.1200414687e-15,1.2290608715e-14,1.0666581057e-14,7.2461491592e-14,0.00092815207005,0.00012569932129,0.005036443722,2.5486982775e-06,2.5486982775e-06,3.4273184966e-06
4120.0,7.5926498009e-06,7.5821559586e-06,7.582210079e-06,7.582210079e-06,7.5822100789e-06,0.025546631888,0.015160122897,0.0099244407314,0.031782024592,0.028855370687,0.037801091422,0.019951812157,0.014037406431,0.0001282680899,0.03780105005,0.03628281735,0.014652523399,3.6735983399e-07,3.6735983389e-07,7.4255481979e-07,0.012176069384,0.037712328093,0.021788290417,0.0025034314824,0.037553500524,0.037805730445,0.004702051666,0.013469408756,7.8012311817e-06,1.0745001736e-15,1.1790768131e-14,1.0232781871e-14,6.9514686321e-14,0.00092148277577,0.00012446390955,0.0050122600064,2.5110520878e-06,2.5110520878e-06,3.3766944261e-06
4125.0,7.490993103e-06,7.4806397609e-06,7.4806931568e-06,7.4806931568e-06,7.4806931567e-06,0.025495880656,0.015114162172,0.0098872473701,0.031737763694,0.02880691023,0.037788068015,0.019901592024,0.013992945845,0.00012701257514,0.03778802675,0.036252832806,0.014607216348,3.6106012308e-07,3.6106012298e-07,7.2982103604e-07,0.012134538441,0.037705196774,0.021737349574,0.0024888995576,0.037534011388,0.037793350043,0.0046790305808,0.013425782821,7.6970495e-06,1.0308227341e-15,1.131122925e-14,9.8165987322e-15,6.6687662657e-14,0.00091486140383,0.00012324063981,0.0049881924109,2.4739619606e-06,2.4739619606e-06,3.3268181112e-06
4130.0,7.3906974693e-06,7.3804827463e-06,7.3805354273e-06,7.3805354273e-06,7.3805354272e-06,0.025445230245,0.01506834078,0.0098501933948,0.031693564433,0.028758531153,0.037775049095,0.019851498294,0.013948626072,0.00012576934962,0.037775007936,0.036222873041,0.014562049384,3.5486844347e-07,3.5486844337e-07,7.17305619e-07,0.012093149148,0.037698066803,0.021686527822,0.002474451987,0.037514532366,0.037780973695,0.0046561222039,0.01338229818,7.5942591143e-06,9.889216028e-16,1.0851204165e-14,9.4173499042e-15,6.39756446e-14,0.00090828760988,0.00012202939274,0.004964240378,2.4374196824e-06,2.4374196824e-06,3.2776785069e-06
4135.0,7.2917446767e-06,7.2816667169e-06,7.2817186925e-06,7.2817186925e-06,7.2817186924e-06,0.025394680457,0.015022658299,0.0098132782833,0.031649426724,0.02871023332,0.03776203466,0.019801530648,0.013904446667,0.00012453829305,0.037761993607,0.036192938032,0.014517022075,3.4878294256e-07,3.4878294247e-07,7.0500482398e-07,0.012051901022,0.037690938181,0.021635824885,0.0024600882809,0.037495063453,0.037768601401,0.0046333259834,0.013338954376,7.4928414446e-06,9.4871236736e-16,1.0409910997e-14,9.0344018212e-15,6.1373868933e-14,0.00090176105205,0.00012083005017,0.0049404033528,2.4014171612e-06,2.4014171612e-06,3.2292647315e-06
4140.0,7.1941167461e-06,7.1841737184e-06,7.1842249981e-06,7.1842249982e-06,7.1842249981e-06,0.02534423109,0.014977114308,0.009776501515,0.031605350482,0.028662016595,0.037749024709,0.019751688769,0.013860407186,0.00012331928631,0.037748983762,0.03616302776,0.014472133988,3.4280179954e-07,3.4280179945e-07,6.929149705e-07,0.01201079358,0.037683810906,0.021585240484,0.0024458079526,0.037475604644,0.037756233157,0.0046106413703,0.013295750953,7.3927781588e-06,9.101498567e-16,9.9865693238e-15,8.6669782272e-15,5.8877907758e-14,0.00089528139093,0.00011964249511,0.0049166807833,2.3659464242e-06,2.3659464242e-06,3.1815660639e-06
4145.0,7.0977959393e-06,7.0879860371e-06,7.0880366302e-06,7.0880366302e-06,7.0880366302e-06,0.025293881945,0.014931708388,0.0097398625716,0.031561335619,0.028613880842,0.03773601924,0.019701972341,0.013816507185,0.00012211221147,0.037735978399,0.036133142205,0.014427384694,3.3692322482e-07,3.3692322473e-07,6.8103244122e-07,0.011969826343,0.037676684979,0.021534774342,0.0024316105181,0.037456155933,0.037743868964,0.0045880678183,0.013252687455,7.2940511699e-06,8.7314921983e-16,9.5804046603e-15,8.3144763719e-15,5.6483512831e-14,0.00088884828955,0.00011846661169,0.0048930721198,2.3309996167e-06,2.3309996167e-06,3.1345719414e-06
4150.0,7.0027647553e-06,6.9930861962e-06,6.993136112e-06,6.993136112e-06,6.9931361119e-06,0.025243632824,0.014886440119,0.0097033609366,0.031517382052,0.028565825925,0.037723018252,0.019652381047,0.013772746222,0.00012091695172,0.037722977517,0.036103281346,0.014382773762,3.3114545948e-07,3.3114545939e-07,6.693536808e-07,0.011928998834,0.0376695604,0.021484426182,0.0024174954962,0.037436717315,0.03773150882,0.0045656047835,0.01320976343,7.1966426323e-06,8.3762367139e-16,9.1908020269e-15,7.9763114064e-15,5.4186434272e-14,0.00088246141336,0.00011730228522,0.0048695768155,2.2965689998e-06,2.2965689998e-06,3.0882719575e-06
4155.0,6.9090059276e-06,6.8994569531e-06,6.8995062005e-06,6.8995062006e-06,6.8995062005e-06,0.025193483527,0.014841309085,0.0096669960953,0.031473489695,0.028517851708,0.037710021743,0.019602914573,0.013729123858,0.00011973339142,0.037709981113,0.036073445162,0.014338300765,3.254667748e-07,3.2546677471e-07,6.5787519491e-07,0.011888310574,0.037662437168,0.02143419573,0.0024034624086,0.037417288785,0.037719152724,0.004543251725,0.013166978426,7.1005349386e-06,8.0357317247e-16,8.8170710529e-15,7.6519321902e-15,5.1982769476e-14,0.00087612043021,0.0001161494021,0.004846194326,2.262646949e-06,2.262646949e-06,3.0426558591e-06
4160.0,6.8165024209e-06,6.807081296e-06,6.807129884e-06,6.8071298841e-06,6.807129884e-06,0.025143433857,0.014796314869,0.0096307675353,0.031429658462,0.028469958055,0.037697029711,0.019553572605,0.013685639654,0.00011856141605,0.037696989187,0.036043633633,0.014293965278,3.1988547167e-07,3.1988547158e-07,6.465935491e-07,0.01184776109,0.037655315283,0.021384082709,0.0023895107795,0.037397870337,0.037706800673,0.0045210081043,0.013124331993,7.0057107167e-06,7.7090955374e-16,8.4585179685e-15,7.3407631567e-15,4.986878507e-14,0.00086982501033,0.00011500784986,0.0048229241098,2.2292259523e-06,2.2292259523e-06,2.9977135447e-06
4165.0,6.7252374278e-06,6.7159424408e-06,6.7159903783e-06,6.7159903783e-06,6.7159903782e-06,0.025093483615,0.014751457056,0.0095946747456,0.031385888268,0.028422144832,0.037684042156,0.01950435483,0.013642293171,0.00011740091222,0.037684001737,0.036013846739,0.014249766874,3.1439988014e-07,3.1439988005e-07,6.3550536785e-07,0.011807349909,0.037648194744,0.021334086845,0.0023756401363,0.037378461967,0.037694452668,0.0044988733856,0.013081823682,6.9121528266e-06,7.39547229e-16,8.1145383824e-15,7.0422484237e-15,4.7840753859e-14,0.00086357482634,0.00011387751715,0.0047997656278,2.1962986089e-06,2.1962986089e-06,2.9534350621e-06
4170.0,6.6351943662e-06,6.6260238281e-06,6.6260711238e-06,6.6260711238e-06,6.6260711238e-06,0.025043632603,0.014706735234,0.0095587172177,0.031342179029,0.028374411902,0.037671059075,0.019455260934,0.013599083973,0.00011625176765,0.037671018762,0.03598408446,0.014205705129,3.0900835888e-07,3.090083588e-07,6.2460733351e-07,0.011767076557,0.037641075552,0.021284207865,0.0023618500088,0.037359063669,0.037682108706,0.0044768470358,0.013039453046,6.8198443568e-06,7.094869247e-16,7.7845261722e-15,6.7558796593e-15,4.5895207182e-14,0.00085736955319,0.00011275829369,0.0047767183435,2.1638576272e-06,2.1638576272e-06,2.909810606e-06
4175.0,6.5463568758e-06,6.5373091205e-06,6.537355783e-06,6.537355783e-06,6.5373557829e-06,0.024993880626,0.01466214899,0.0095228944444,0.031298530659,0.028326759132,0.037658080467,0.019406290606,0.013556011627,0.00011511387113,0.037658040259,0.035954346775,0.014161779622,3.0370929472e-07,3.0370929464e-07,6.1389618531e-07,0.011726940567,0.037633957706,0.021234445495,0.0023481399296,0.037339675438,0.037669768786,0.0044549285244,0.012997219639,6.7287686222e-06,6.806409445e-16,7.4679544733e-15,6.4811448771e-15,4.4028762976e-14,0.00085120886819,0.0001116500703,0.004753781723,2.131895823e-06,2.1318958231e-06,2.8668305158e-06
4180.0,6.4587088154e-06,6.4497821989e-06,6.4498282366e-06,6.4498282367e-06,6.4498282366e-06,0.024944227485,0.014617697912,0.009487205921,0.031254943074,0.028279186387,0.03764510633,0.019357443536,0.013513075698,0.00011398711259,0.037645066227,0.035924633663,0.014117989932,2.9850110216e-07,2.9850110208e-07,6.0336871843e-07,0.011686941468,0.037626841207,0.021184799462,0.0023345094341,0.037320297268,0.037657432908,0.0044331173233,0.012955123015,6.6389091599e-06,6.5296641019e-16,7.1642173695e-15,6.2176027558e-15,4.2238212793e-14,0.00084509245093,0.00011055273886,0.004730955235,2.1004061188e-06,2.1004061188e-06,2.8244852739e-06
4185.0,6.3722342599e-06,6.3634271604e-06,6.3634725817e-06,6.3634725817e-06,6.3634725817e-06,0.024894672985,0.014573381592,0.0094516511442,0.031211416188,0.028231693532,0.037632136663,0.019308719412,0.013470275755,0.00011287138299,0.037632096665,0.035894945106,0.014074335637,2.9338222286e-07,2.9338222278e-07,5.9302178298e-07,0.011647078795,0.037619726053,0.021135269496,0.0023209580603,0.037300929155,0.037645101069,0.0044114129074,0.012913162734,6.5502497274e-06,6.2641994612e-16,6.8728841621e-15,5.9647156679e-15,4.0520519278e-14,0.00083901998335,0.00010946619233,0.0047082383507,2.0693815412e-06,2.0693815412e-06,2.782765503e-06
4190.0,6.2869174975e-06,6.2782283148e-06,6.278273128e-06,6.278273128e-06,6.2782731279e-06,0.024845216929,0.014529199621,0.0094162296128,0.031167949919,0.028184280433,0.037619171465,0.019260117926,0.013427611366,0.00011176657438,0.037619131572,0.035865281081,0.01403081632,2.8835112523e-07,2.8835112515e-07,5.8285228311e-07,0.011607352081,0.037612612244,0.021085855323,0.0023074853489,0.037281571094,0.037632773268,0.0043898147537,0.012871338352,6.4627742988e-06,6.0095814484e-16,6.5933484212e-15,5.7221790071e-15,3.8872646495e-14,0.00083299114965,0.00010839032472,0.0046856305438,2.0388152199e-06,2.0388152199e-06,2.7416619645e-06
4195.0,6.2027430267e-06,6.194170182e-06,6.1942143952e-06,6.1942143952e-06,6.1942143951e-06,0.024795859123,0.014485151591,0.0093809408275,0.03112454418,0.028136946956,0.037606210733,0.019211638768,0.013385082104,0.00011067257986,0.037606170945,0.035835641569,0.013987431563,2.8340630394e-07,2.8340630386e-07,5.7285717603e-07,0.011567760864,0.03760549978,0.021036556674,0.0022940908434,0.037262223078,0.037620449504,0.004368322342,0.01282964943,6.3764670623e-06,5.7653606856e-16,6.3251713539e-15,5.4894462014e-15,3.7291817075e-14,0.00082700563629,0.00010732503105,0.0046631312908,2.0087003861e-06,2.0087003861e-06,2.7011655561e-06
4200.0,6.1196955536e-06,6.1112374892e-06,6.1112811104e-06,6.1112811104e-06,6.1112811103e-06,0.02474659937,0.014441237096,0.0093457842908,0.031081198888,0.028089692968,0.037593254466,0.019163281631,0.013342687538,0.0001095892936,0.037593214783,0.03580602655,0.013944180951,2.7854627946e-07,2.7854627939e-07,5.6303347115e-07,0.011528304681,0.037598388662,0.020987373278,0.0022807740898,0.037242885103,0.037608129776,0.0043469351547,0.01278809553,6.2913124173e-06,5.5311002952e-16,6.0679243807e-15,5.2661702221e-15,3.5775259454e-14,0.00082106313199,0.00010627020742,0.0046407400702,1.979030371e-06,1.979030371e-06,2.6612673101e-06
4205.0,6.0377599889e-06,6.0294151681e-06,6.0294582053e-06,6.0294582053e-06,6.0294582052e-06,0.024697437477,0.014397455732,0.0093107595072,0.031037913959,0.028042518336,0.037580302663,0.019115046208,0.013300427244,0.00010851661076,0.037580263085,0.035776436003,0.013901064068,2.7376959766e-07,2.7376959758e-07,5.5337822916e-07,0.011488983072,0.037591278888,0.020938304867,0.0022675346367,0.037223557164,0.037595814083,0.0043256526765,0.012746676213,6.2072949715e-06,5.305956844e-16,5.8211726314e-15,5.0520193606e-15,3.4320366938e-14,0.00081516332773,0.00010522575092,0.0046184563636,1.9497986044e-06,1.9497986044e-06,2.6219583912e-06
4210.0,5.9569214455e-06,5.9486883521e-06,5.948730813e-06,5.9487308131e-06,5.948730813e-06,0.024648373248,0.014353807095,0.0092758659828,0.030994689308,0.027995422925,0.037567355322,0.019066932192,0.013258300795,0.00010745442756,0.037567315849,0.035746869909,0.013858080501,2.6907482931e-07,2.6907482924e-07,5.4388856117e-07,0.011449795577,0.037584170458,0.020889351171,0.0022543720355,0.037204239256,0.037583502422,0.004304474395,0.012705391044,6.1243995381e-06,5.0903395146e-16,5.5844768159e-15,4.8465323288e-15,3.2924629509e-14,0.00080930591668,0.00010419155965,0.0045962796546,1.920998613e-06,1.920998613e-06,2.5832300945e-06
4215.0,5.8771652356e-06,5.8690423737e-06,5.8690842661e-06,5.8690842662e-06,5.8690842661e-06,0.02459940649,0.014310290783,0.0092411032258,0.030951524853,0.027948406603,0.037554412442,0.019018939279,0.013216307769,0.00010640264123,0.037554373073,0.035717328247,0.013815229838,2.6446056972e-07,2.6446056965e-07,5.3456162779e-07,0.01141074174,0.037577063373,0.020840511922,0.00224128584,0.037184931372,0.037571194793,0.0042833997999,0.012664239588,6.0426111332e-06,4.8834018646e-16,5.3574120062e-15,4.6494680358e-15,3.1585619162e-14,0.00080349059422,0.00010316753273,0.0045742094295,1.892624019e-06,1.892624019e-06,2.5450738439e-06
4220.0,5.7984768681e-06,5.7904627617e-06,5.7905040933e-06,5.7905040933e-06,5.7905040932e-06,0.024550537009,0.014266906394,0.0092064707461,0.030908420507,0.027901469237,0.037541474021,0.018971067162,0.013174447742,0.00010536115001,0.037541434756,0.035687810996,0.013772511668,2.5992543827e-07,2.599254382e-07,5.2539463837e-07,0.011371821104,0.037569957632,0.020791786853,0.0022282756068,0.037165633509,0.037558891194,0.0042624283837,0.012623221413,5.9619149729e-06,4.6847131453e-16,5.1395404275e-15,4.4603824754e-15,3.0301081112e-14,0.00079771705793,0.00010215357025,0.0045522451771,1.8646685392e-06,1.8646685392e-06,2.5074811898e-06
4225.0,5.7208420456e-06,5.7129352388e-06,5.712976017e-06,5.712976017e-06,5.7129760169e-06,0.024501764612,0.014223653529,0.0091719680555,0.030865376189,0.027854610694,0.037528540058,0.018923315539,0.013132720292,0.00010432985311,0.037528500897,0.035658318137,0.013729925582,2.5546807803e-07,2.5546807796e-07,5.1638485009e-07,0.011333033216,0.037562853234,0.020743175697,0.0022153408949,0.03714634566,0.037546591625,0.0042415596411,0.012582336087,5.882296471e-06,4.4942696195e-16,4.9305147556e-15,4.2790324534e-15,2.9068840211e-14,0.00079198500756,0.00010114957331,0.0045303863885,1.8371259828e-06,1.8371259828e-06,2.4704438074e-06
4230.0,5.6442466626e-06,5.6364457187e-06,5.6364859509e-06,5.6364859509e-06,5.6364859508e-06,0.024453089106,0.014180531789,0.0091375946677,0.030822391815,0.027807830843,0.03751561055,0.018875684105,0.013091125002,0.00010330865077,0.037515571494,0.03562884965,0.01368747117,2.5108715532e-07,2.5108715525e-07,5.0752956716e-07,0.011294377622,0.03755575018,0.020694678187,0.002202481266,0.037127067821,0.037534296083,0.0042207930696,0.01254158318,5.8037412357e-06,4.3116368817e-16,4.7299881001e-15,4.105062264e-15,2.7886647883e-14,0.00078629414501,0.00010015544396,0.0045086325574,1.8099902506e-06,1.8099902506e-06,2.433953495e-06
4235.0,5.5686768021e-06,5.5609803037e-06,5.5610199973e-06,5.5610199973e-06,5.5610199972e-06,0.024404510298,0.014137540776,0.009103350098,0.030779467301,0.027761129551,0.037502685497,0.018828172559,0.013049661451,0.00010229744416,0.037502646545,0.035599405514,0.013645148027,2.4678135935e-07,2.4678135929e-07,4.9882614003e-07,0.011255853871,0.037548648469,0.020646294057,0.0021896962841,0.037107799986,0.037522004567,0.004200128169,0.012500962262,5.7262350676e-06,4.1363778406e-16,4.5376118798e-15,3.9381000627e-15,2.6752591661e-14,0.00078064417434,9.9171085219e-05,0.0044869831799,1.7832553336e-06,1.7832553336e-06,2.398002172e-06
4240.0,5.4941187337e-06,5.4865252823e-06,5.4865644444e-06,5.4865644444e-06,5.4865644444e-06,0.024356027997,0.014094680095,0.0090692338637,0.030736602563,0.027714506685,0.037489764897,0.018780780598,0.013008329222,0.00010129613545,0.037489726049,0.035569985709,0.013602955745,2.4254940181e-07,2.4254940174e-07,4.9027196459e-07,0.011217461514,0.0375415481,0.020598023044,0.002176985516,0.037088542151,0.037509717077,0.0041795644414,0.012460472907,5.649763957e-06,3.9680623862e-16,4.3530422433e-15,3.7779063114e-15,2.5664594497e-14,0.0007750348017,9.8196401052e-05,0.0044654377543,1.7569153115e-06,1.7569153115e-06,2.362581877e-06
4245.0,5.4205589104e-06,5.4130671265e-06,5.4131057643e-06,5.4131057643e-06,5.4131057643e-06,0.02430764201,0.014051949349,0.0090352454838,0.030693797519,0.027667962115,0.037476848748,0.018733507922,0.012967127901,0.00010030462776,0.037476810004,0.035540590216,0.013560893921,2.3839001645e-07,2.3839001639e-07,4.8186448137e-07,0.011179200103,0.037534449075,0.020549864882,0.0021643485309,0.03706929431,0.03749743361,0.0041591013917,0.012420114687,5.5743140812e-06,3.8066903219e-16,4.176017845e-15,3.6242201409e-15,2.4620833711e-14,0.00076946573539,9.723129638e-05,0.0044439957818,1.7309643512e-06,1.7309643512e-06,2.3276847663e-06
4250.0,5.3479839672e-06,5.3405924895e-06,5.34063061e-06,5.34063061e-06,5.3406306099e-06,0.024259352146,0.014009348146,0.0090013844793,0.030651052085,0.027621495709,0.03746393705,0.01868635423,0.012926057071,9.9322825158e-05,0.037463898409,0.035511219014,0.013518962151,2.3430195878e-07,2.3430195872e-07,4.7360117481e-07,0.01114106919,0.037527351392,0.020501819308,0.0021517849006,0.037050056457,0.037485154166,0.0041387385268,0.01237988718,5.4998718021e-06,3.6518311411e-16,4.0061927471e-15,3.4767985644e-15,2.3619571193e-14,0.00076393668579,9.627567705e-05,0.0044226567654,1.7053967062e-06,1.7053967062e-06,2.2933031123e-06
4255.0,5.2763807175e-06,5.2690882031e-06,5.2691258131e-06,5.2691258131e-06,5.2691258131e-06,0.024211158215,0.013966876093,0.0089676503728,0.030608366178,0.027575107336,0.037451029799,0.018639319223,0.01288511632,9.8350632638e-05,0.037450991262,0.035481872082,0.013477160034,2.3028400562e-07,2.3028400556e-07,4.6547957248e-07,0.011103068332,0.037520255051,0.020453886057,0.0021392941992,0.037030828588,0.037472878743,0.0041184753563,0.012339789961,5.4264236637e-06,3.5034609866e-16,3.8433066162e-15,3.3353727779e-15,2.2658991973e-14,0.00075844736536,9.532944984e-05,0.0044014202109,1.6802067145e-06,1.6802067145e-06,2.2594293011e-06
4260.0,5.2057361515e-06,5.1985412753e-06,5.1985783818e-06,5.1985783818e-06,5.1985783818e-06,0.024163060026,0.013924532797,0.0089340426887,0.030565739716,0.027528796864,0.037438126995,0.018592402603,0.012844305237,9.7387956141e-05,0.037438088562,0.035452549402,0.013435487167,2.2633495477e-07,2.2633495471e-07,4.5749724435e-07,0.011065197084,0.037513160051,0.020406064869,0.0021268760034,0.037011610698,0.03746060734,0.0040983113922,0.012299822608,5.3539563898e-06,3.3611533449e-16,3.687012461e-15,3.199753338e-15,2.1737525657e-14,0.00075299748863,9.439252244e-05,0.0043802856264,1.6553887979e-06,1.6553887979e-06,2.2260558315e-06
4265.0,5.1360374336e-06,5.1289388884e-06,5.1289754981e-06,5.1289754981e-06,5.128975498e-06,0.024115057389,0.013882317869,0.0089005609532,0.030523172615,0.027482564163,0.037425228637,0.018545604071,0.012803623409,9.643470252e-05,0.037425190307,0.035423250952,0.013393943152,2.2245362467e-07,2.2245362461e-07,4.4965180206e-07,0.011027455004,0.037506066394,0.020358355481,0.0021145298923,0.036992402781,0.037448339956,0.0040782461487,0.0122599847,5.2824568813e-06,3.2244860583e-16,3.5370501247e-15,3.0695973014e-15,2.0853529688e-14,0.00074758677217,9.3464803448e-05,0.0043592525221,1.6309374606e-06,1.6309374606e-06,2.1931753132e-06
4270.0,5.0672719e-06,5.060268396e-06,5.0603045155e-06,5.0603045155e-06,5.0603045155e-06,0.024067150113,0.01384023092,0.0088672046945,0.030480664794,0.027436409103,0.037412334722,0.01849892333,0.012763070428,9.5490779543e-05,0.037412296496,0.035393976713,0.01335252759,2.1863885398e-07,2.1863885392e-07,4.4194089821e-07,0.010989841653,0.037498974078,0.020310757631,0.0021022554475,0.036973204832,0.037436076588,0.0040582791426,0.012220275819,5.2119122142e-06,3.0934651574e-16,3.3932467266e-15,2.9447272649e-15,2.0005443468e-14,0.0007422149346,9.2546202363e-05,0.004338320411,1.6068472879e-06,1.6068472879e-06,2.1607804648e-06
4275.0,4.9994270564e-06,4.9925173211e-06,4.992552957e-06,4.992552957e-06,4.992552957e-06,0.024019338009,0.013798271561,0.0088339734421,0.030438216169,0.027390331552,0.03739944525,0.018452360083,0.012722645886,9.4556095881e-05,0.037399407127,0.035364726666,0.013311240085,2.1488950131e-07,2.1488950125e-07,4.3436222565e-07,0.01095235659,0.037491883103,0.020263271058,0.002090052253,0.036954016846,0.037423817237,0.0040384098928,0.012180695547,5.1423096372e-06,2.9676529576e-16,3.2552547268e-15,2.824973509e-15,1.9191875733e-14,0.00073688169657,9.163662957e-05,0.0043174888081,1.5831129452e-06,1.5831129452e-06,2.1288641127e-06
4280.0,4.9324905758e-06,4.9256733538e-06,4.9257085126e-06,4.9257085126e-06,4.9257085126e-06,0.023971620889,0.013756439406,0.0088008667277,0.030395826658,0.027344331381,0.037386560218,0.018405914036,0.012682349377,9.3630561095e-05,0.037386522198,0.035335500789,0.013270080239,2.1120444483e-07,2.1120444477e-07,4.269135168e-07,0.010914999378,0.037484793468,0.020215895504,0.0020779198952,0.036934838818,0.0374115619,0.0040186379209,0.012141243467,5.073636569e-06,2.8470458019e-16,3.1229009314e-15,2.7100932992e-15,1.8411356007e-14,0.0007315867807,9.0735996337e-05,0.0042967572308,1.5597291765e-06,1.5597291765e-06,2.0974191891e-06
4285.0,4.8664502964e-06,4.859724349e-06,4.8597590371e-06,4.8597590371e-06,4.8597590371e-06,0.023923998563,0.013714734069,0.0087678840846,0.030353496178,0.027298408459,0.037373679625,0.018359584892,0.012642180493,9.2714085636e-05,0.037373641709,0.035306299063,0.01322904766,2.0758258195e-07,2.075825819e-07,4.1959254295e-07,0.010877769582,0.037477705175,0.020168630707,0.0020658579629,0.036915670743,0.037399310576,0.0039989627505,0.012101919164,5.0058805965e-06,2.7312163769e-16,2.9959265628e-15,2.5998960696e-15,1.7662582688e-14,0.00072632991164,8.9844214804e-05,0.0042761251989,1.5366908037e-06,1.5366908037e-06,2.0664387306e-06
4290.0,4.8012942191e-06,4.7946583243e-06,4.7946925479e-06,4.7946925479e-06,4.7946925479e-06,0.023876470844,0.013673155166,0.0087350250478,0.030311224648,0.027252562658,0.03736080347,0.018313372359,0.012602138833,9.1806580829e-05,0.037360765657,0.035277121468,0.013188141952,2.0402282899e-07,2.0402282894e-07,4.1239711364e-07,0.010840666767,0.037470618222,0.02012147641,0.0020538660474,0.036896512615,0.037387063264,0.0039793839077,0.012062722224,4.9390294723e-06,2.6201576956e-16,2.8740656588e-15,2.4941251401e-15,1.6944251892e-14,0.00072111081601,8.8961197972e-05,0.0042555922343,1.513992725e-06,1.513992725e-06,2.0359158769e-06
4295.0,4.7370105054e-06,4.7304634574e-06,4.7304972229e-06,4.7304972229e-06,4.7304972228e-06,0.023829037543,0.013631702314,0.008702289154,0.030269011986,0.027206793847,0.037347931752,0.018267276141,0.012562223991,9.0907958867e-05,0.037347894041,0.035247967984,0.013147362724,2.0052412085e-07,2.005241208e-07,4.0532507595e-07,0.010803690499,0.037463532609,0.020074432353,0.0020419437421,0.036877364429,0.037374819963,0.003959900921,0.012023652235,4.8730711126e-06,2.5134397843e-16,2.7571522498e-15,2.3926899056e-15,1.6255155041e-14,0.00071592922239,8.8086859699e-05,0.0042351578615,1.491629914e-06,1.491629914e-06,2.0058438686e-06
4300.0,4.6735874754e-06,4.6671280848e-06,4.6671613981e-06,4.6671613981e-06,4.6671613981e-06,0.023781698472,0.01359037513,0.0086696759418,0.030226858109,0.027161101898,0.037335064467,0.018221295947,0.012522435568,9.0018132804e-05,0.037335026859,0.035218838591,0.013106709584,1.9708541069e-07,1.9708541064e-07,3.9837431388e-07,0.010766840347,0.037456448335,0.02002749828,0.0020300906431,0.03685822618,0.037362580671,0.0039405133211,0.011984708785,4.8079935951e-06,2.4110661611e-16,2.6450049473e-15,2.295425999e-15,1.5594074957e-14,0.0007107848613,8.7221114692e-05,0.0042148216071,1.4695974185e-06,1.4695974185e-06,1.9762160464e-06
4305.0,4.6110136056e-06,4.6046406986e-06,4.6046735659e-06,4.6046735659e-06,4.6046735659e-06,0.023734453446,0.013549173233,0.0086371849515,0.030184762935,0.027115486681,0.037322201616,0.018175431485,0.012482773162,8.9137016542e-05,0.03732216411,0.035189733269,0.013066182144,1.9370566964e-07,1.9370566959e-07,3.9154274772e-07,0.010730115882,0.037449365402,0.019980673933,0.0020183063486,0.036839097864,0.037350345387,0.0039212206409,0.011945891465,4.7437851563e-06,2.3130296647e-16,2.537454733e-15,2.2020643966e-15,1.4959883155e-14,0.00070567746522,8.6363878491e-05,0.004194583,1.4478903595e-06,1.4478903595e-06,1.9470258495e-06
4310.0,4.5492775266e-06,4.5429899454e-06,4.5430223727e-06,4.5430223727e-06,4.5430223727e-06,0.023687302275,0.013508096245,0.008604815725,0.030142726384,0.027069948067,0.037309343196,0.018129682463,0.012443236375,8.8264524829e-05,0.037309305793,0.035160651999,0.013025780014,1.9038388645e-07,1.903838864e-07,3.8482833344e-07,0.010693516674,0.037442283807,0.019933959055,0.0020065904593,0.036819979474,0.03733811411,0.0039020224158,0.011907199867,4.6804341903e-06,2.2189033409e-16,2.4342415052e-15,2.1125102085e-15,1.4351536095e-14,0.00070060676853,8.5515067471e-05,0.0041744415713,1.4265039301e-06,1.4265039301e-06,1.9182668137e-06
4315.0,4.4883680216e-06,4.4821646237e-06,4.4821966168e-06,4.4821966168e-06,4.4821966168e-06,0.023640244776,0.013467143785,0.008572567806,0.030100748372,0.027024485928,0.037296489206,0.01808404859,0.012403824808,8.7400573246e-05,0.037296451906,0.03513159476,0.012985502806,1.8711906723e-07,1.8711906718e-07,3.7822906203e-07,0.010657042296,0.037435203552,0.019887353391,0.001994942578,0.036800871006,0.037325886838,0.0038829181834,0.011868633582,4.6179292459e-06,2.1286805797e-16,2.3352830374e-15,2.0266150466e-15,1.3767903673e-14,0.00069557250752,8.4674598825e-05,0.0041543968544,1.4054333944e-06,1.4054333944e-06,1.8899325705e-06
4320.0,4.4282740235e-06,4.4221536819e-06,4.4221852466e-06,4.4221852466e-06,4.4221852466e-06,0.02359328076,0.013426315476,0.0085404407399,0.030058828819,0.026979100136,0.037283639645,0.018038529578,0.012364538065,8.6545078201e-05,0.037283602447,0.035102561533,0.012945350136,1.8391023512e-07,1.8391023507e-07,3.7174295896e-07,0.010620692322,0.037428124636,0.019840856686,0.00198336231,0.036781772454,0.03731366357,0.0038639074834,0.011830192206,4.5562590249e-06,2.0419308202e-16,2.240312965e-15,1.9441720494e-15,1.3208034716e-14,0.0006905744204,8.3842390563e-05,0.0041344483851,1.3846740863e-06,1.3846740863e-06,1.8620168454e-06
4325.0,4.3689846138e-06,4.3629462163e-06,4.3629773585e-06,4.3629773585e-06,4.3629773585e-06,0.023546410043,0.013385610943,0.0085084340738,0.030016967644,0.026933790561,0.03727079451,0.017993125136,0.012325375751,8.5697956918e-05,0.037270757415,0.035073552297,0.012905321617,1.8075643003e-07,1.8075642998e-07,3.6536808355e-07,0.010584466329,0.037421047058,0.019794468684,0.0019718492628,0.036762683814,0.037301444305,0.003844989858,0.011791875333,4.49541238e-06,1.9590735949e-16,2.149243359e-15,1.8651281024e-15,1.267089382e-14,0.00068561224724,8.30183615e-05,0.0041145957011,1.3642214087e-06,1.3642214087e-06,1.8345134565e-06
4330.0,4.3104890198e-06,4.3045314695e-06,4.3045621947e-06,4.3045621947e-06,4.3045621946e-06,0.023499632439,0.01334502981,0.0084765473564,0.029975164764,0.026888557077,0.037257953801,0.017947834976,0.012286337472,8.4859127435e-05,0.037257916808,0.035044567034,0.012865416865,1.7765670832e-07,1.7765670827e-07,3.591025284e-07,0.010548363893,0.037413970819,0.019748189132,0.0019604030462,0.03674360508,0.037289229041,0.0038261648515,0.011753682561,4.4353783126e-06,1.8792535543e-16,2.0618155351e-15,1.7892929724e-15,1.2155605842e-14,0.00068068572998,8.2202431246e-05,0.0040948383426,1.3440708326e-06,1.3440708326e-06,1.8074163133e-06
4335.0,4.2527766135e-06,4.2468988278e-06,4.2469291416e-06,4.2469291416e-06,4.2469291415e-06,0.023452947763,0.013304571703,0.0084447801384,0.0299334201,0.026843399555,0.037245117516,0.017902658812,0.012247422834,8.4028508588e-05,0.037245080625,0.035015605722,0.012825635499,1.7461014252e-07,1.7461014248e-07,3.5294441882e-07,0.010512384593,0.037406895917,0.019702017775,0.0019490232723,0.036724536247,0.037277017778,0.0038074320105,0.011715613488,4.3761459713e-06,1.8029107892e-16,1.977943936e-15,1.7164972382e-15,1.1661224527e-14,0.0006757946124,8.1394520206e-05,0.0040751758518,1.3242178957e-06,1.3242178957e-06,1.7807194153e-06
4340.0,4.1958369087e-06,4.1900378197e-06,4.1900677276e-06,4.1900677276e-06,4.1900677276e-06,0.023406355831,0.013264236248,0.0084131319717,0.029891733569,0.026798317868,0.037232285653,0.017857596355,0.012208631447,8.3206020011e-05,0.037232248864,0.034986668343,0.012785977136,1.716158211e-07,1.7161582105e-07,3.4689191226e-07,0.010476528009,0.037399822354,0.019655954362,0.0019377095554,0.03670547731,0.037264810513,0.0037887908837,0.011677667713,4.3177046493e-06,1.7296045378e-16,1.8975409542e-15,1.6467424085e-15,1.1186965102e-14,0.00067093864016,8.0594549563e-05,0.0040556077734,1.3046582016e-06,1.3046582016e-06,1.7544168506e-06
4345.0,4.1396595599e-06,4.1339381139e-06,4.1339676214e-06,4.1339676215e-06,4.1339676214e-06,0.023359856458,0.013224023075,0.0083816024104,0.02985010509,0.026753311888,0.037219458211,0.01781264732,0.01216996292,8.2391582124e-05,0.037219421524,0.034957754877,0.012746441397,1.6867284813e-07,1.6867284809e-07,3.4094319779e-07,0.010440793723,0.037392750128,0.01960999864,0.0019264615121,0.036686428264,0.037252607246,0.0037702410221,0.011639844836,4.260043783e-06,1.6593375573e-16,1.8203472093e-15,1.5797333363e-15,1.0732044838e-14,0.0006661175607,7.9802441278e-05,0.0040361336539,1.2853874188e-06,1.2853874188e-06,1.7285027945e-06
4350.0,4.0842343602e-06,4.0785895176e-06,4.0786186301e-06,4.0786186301e-06,4.07861863e-06,0.023313449461,0.013183931812,0.0083501910099,0.029808534584,0.026708381489,0.037206635189,0.017767811422,0.012131416863,8.1585116123e-05,0.037206598603,0.034928865303,0.012707027902,1.6578034306e-07,1.6578034302e-07,3.350964955e-07,0.010405181317,0.037385679239,0.019564150357,0.0019152787612,0.036667389104,0.037240407975,0.003751781979,0.01160214446,4.2031529497e-06,1.5916792338e-16,1.7462760613e-15,1.5155163718e-15,1.0295603195e-14,0.00066133112332,7.9018118075e-05,0.0040167530422,1.26640128e-06,1.26640128e-06,1.7029715085e-06
4355.0,4.029551239e-06,4.0239819743e-06,4.0240106969e-06,4.0240106969e-06,4.0240106969e-06,0.023267134656,0.01314396209,0.0083188973275,0.029767021969,0.026663526544,0.037193816584,0.017723088375,0.01209299289,8.0786543979e-05,0.0371937801,0.034899999602,0.012667736273,1.6293744044e-07,1.6293744039e-07,3.2935005604e-07,0.010369690376,0.037378609688,0.019518409262,0.0019041609236,0.036648359824,0.037228212699,0.0037334133096,0.011564566188,4.1470218661e-06,1.5270562126e-16,1.6752408608e-15,1.4539011992e-15,9.8769377736e-15,0.00065657907909,7.8241503443e-05,0.0039974654895,1.2476955808e-06,1.2476955808e-06,1.6778173388e-06
4360.0,3.9756002608e-06,3.970105562e-06,3.9701339001e-06,3.9701339001e-06,3.9701339001e-06,0.023220911859,0.01310411354,0.0082877209218,0.029725567164,0.026618746925,0.037181002395,0.017678477895,0.012054690613,7.9995788425e-05,0.037180966013,0.034871157755,0.012628566134,1.6014328964e-07,1.601432896e-07,3.2370216003e-07,0.010334320486,0.037371541473,0.019472775104,0.0018931076225,0.03662934042,0.037216021416,0.0037151345716,0.011527109624,4.0916403861e-06,1.4650375773e-16,1.6070699392e-15,1.3948050735e-15,9.4752726454e-15,0.00065186118089,7.7472521617e-05,0.0039782705488,1.2292661788e-06,1.2292661788e-06,1.653034715e-06
4365.0,3.9223716231e-06,3.9169504919e-06,3.9169784506e-06,3.9169784506e-06,3.9169784506e-06,0.023174780888,0.013064385796,0.0082566613535,0.02968417009,0.026574042506,0.037168192621,0.0176339797,0.012016509647,7.921277295e-05,0.037168156341,0.034842339741,0.012589517108,1.5739705465e-07,1.5739705461e-07,3.1815111759e-07,0.010299071233,0.037364474595,0.019427247633,0.0018821184834,0.036610330886,0.037203834126,0.0036969453246,0.011489774375,4.036998499e-06,1.4056061117e-16,1.5416758706e-15,1.3380592489e-15,9.0899146834e-15,0.00064717718334,7.6711097581e-05,0.0039591677754,1.2111089929e-06,1.2111089929e-06,1.6286181493e-06
4370.0,3.8698556546e-06,3.864507106e-06,3.8645346903e-06,3.8645346903e-06,3.8645346903e-06,0.023128741561,0.01302477849,0.0082257181848,0.029642830665,0.026529413162,0.037155387261,0.017589593507,0.011978449608,7.8437421794e-05,0.037155351082,0.034813545541,0.012550588822,1.5469791378e-07,1.5469791374e-07,3.1269526782e-07,0.010263942206,0.037357409053,0.019381826601,0.0018711931338,0.036591331217,0.037191650827,0.0036788451306,0.011452560047,3.983086328e-06,1.3483465095e-16,1.4789690667e-15,1.2836551037e-15,8.7202574195e-15,0.00064252684287,7.5957157055e-05,0.003940156727,1.1932200023e-06,1.1932200023e-06,1.6045622346e-06
4375.0,3.8180428134e-06,3.8127658757e-06,3.8127930907e-06,3.8127930907e-06,3.8127930907e-06,0.023082793696,0.012985291259,0.0081948909793,0.02960154881,0.026484858765,0.037142586312,0.017545319033,0.011940510112,7.7669659936e-05,0.037142550234,0.034784775136,0.012511780902,1.5204505943e-07,1.5204505938e-07,3.073329783e-07,0.010228932996,0.037350344847,0.019336511757,0.0018603312034,0.036572341408,0.037179471517,0.0036608335536,0.01141546625,3.9298941281e-06,1.2936784162e-16,1.4188627908e-15,1.2314107989e-15,8.3656043065e-15,0.00063790991763,7.5210626488e-05,0.003921236963,1.1755952456e-06,1.1755952456e-06,1.5808616438e-06
4380.0,3.7669236856e-06,3.7617173999e-06,3.7617442505e-06,3.7617442505e-06,3.7617442505e-06,0.02303693711,0.012945923737,0.0081641793025,0.029560324444,0.026440379191,0.037129789773,0.017501155997,0.011902690778,7.690941309e-05,0.037129753797,0.034756028505,0.012473092976,1.4943769784e-07,1.494376978e-07,3.0206264459e-07,0.010194043193,0.037343281977,0.019291302855,0.0018495323241,0.036553361454,0.037167296196,0.0036429101596,0.011378492591,3.8774122843e-06,1.2411792513e-16,1.3611826831e-15,1.1813300696e-15,8.0254353091e-15,0.00063332616751,7.4471433053e-05,0.0039024080451,1.1582308197e-06,1.1582308197e-06,1.5575111286e-06
4385.0,3.7164889831e-06,3.7113524034e-06,3.7113788946e-06,3.7113788946e-06,3.7113788946e-06,0.022991171623,0.012906675562,0.0081335827215,0.029519157487,0.026395974312,0.037116997643,0.01745710412,0.011864991226,7.6156607699e-05,0.037116961768,0.034727305629,0.012434524673,1.4687504888e-07,1.4687504884e-07,2.9688268979e-07,0.010159272391,0.037336220443,0.019246199646,0.0018387961299,0.03653439135,0.037155124862,0.0036250745171,0.011341638683,3.8256313102e-06,1.1908382904e-16,1.3058463029e-15,1.1332571586e-15,7.6990556487e-15,0.00062877535414,7.3739504639e-05,0.0038836695373,1.1411228795e-06,1.1411228795e-06,1.534505518e-06
4390.0,3.6667295423e-06,3.6616617354e-06,3.6616878718e-06,3.6616878719e-06,3.6616878718e-06,0.022945497053,0.012867546372,0.0081031008049,0.02947804786,0.026351644005,0.03710420992,0.017413163121,0.011827411076,7.5411170923e-05,0.037104174146,0.034698606488,0.012396075623,1.4435634579e-07,1.4435634575e-07,2.9179156401e-07,0.010124620183,0.037329160244,0.019201201883,0.0018281222569,0.036515431091,0.037142957513,0.0036073261963,0.011304904138,3.7745418461e-06,1.1422334412e-16,1.2527648025e-15,1.0871791097e-15,7.3859504158e-15,0.00062425724085,7.3014769842e-05,0.0038650210053,1.1242676364e-06,1.1242676364e-06,1.5118397176e-06
4395.0,3.6176363221e-06,3.6126363672e-06,3.6126621538e-06,3.6126621538e-06,3.6126621537e-06,0.022899913221,0.012828535806,0.0080727331231,0.029436995481,0.026307388144,0.037091426603,0.017369332721,0.011789949951,7.4673030637e-05,0.03709139093,0.034669931064,0.012357745457,1.4188083496e-07,1.4188083492e-07,2.8678774398e-07,0.010090086165,0.03732210138,0.019156309319,0.0018175103433,0.036496480671,0.037130794149,0.0035896647697,0.011268288568,3.7241346572e-06,1.0958013217e-16,1.2018502528e-15,1.0430059614e-15,7.0855958677e-15,0.00061977159267,7.2297157962e-05,0.0038464620171,1.1076613579e-06,1.1076613579e-06,1.4895087081e-06
4400.0,3.5692004028e-06,3.5642673914e-06,3.5642928327e-06,3.5642928327e-06,3.5642928327e-06,0.022854419945,0.012789643505,0.0080424792479,0.029396000273,0.026263206604,0.037078647689,0.017325612642,0.011752607472,7.3942115422e-05,0.037078612117,0.034641279335,0.012319533808,1.394477757e-07,1.3944777567e-07,2.818697325e-07,0.010055669934,0.03731504385,0.01911152171,0.0018069600296,0.036477540086,0.037118634768,0.003572089812,0.01123179159,3.674400632e-06,1.0511111415e-16,1.1529312903e-15,1.0005678786e-15,6.7974662495e-15,0.00061531817633,7.1586598992e-05,0.0038279921429,1.0913003667e-06,1.0913003667e-06,1.4675075444e-06
4405.0,3.5214129837e-06,3.5165460196e-06,3.5165711203e-06,3.5165711203e-06,3.5165711202e-06,0.022809017045,0.012750869111,0.0080123387528,0.029355062155,0.02621909926,0.037065873179,0.017282002607,0.011715383264,7.3218354557e-05,0.037065837707,0.034612651283,0.01228144031,1.3705644003e-07,1.3705644e-07,2.7703605809e-07,0.010021371089,0.037307987656,0.019066838808,0.0017964709581,0.03645860933,0.037106479369,0.0035546008999,0.011195412818,3.6253307807e-06,1.008572523e-16,1.1060082521e-15,9.5985214346e-16,6.5210454946e-15,0.00061089676022,7.0883023614e-05,0.0038096109548,1.0751810396e-06,1.0751810396e-06,1.4458313545e-06
4410.0,3.4742653823e-06,3.4694635811e-06,3.4694883457e-06,3.4694883457e-06,3.4694883457e-06,0.022763704343,0.012712212265,0.0079823112129,0.029314181047,0.026175065987,0.037053103069,0.017238502337,0.011678276953,7.2501678013e-05,0.037053067699,0.034584046887,0.012243464597,1.3470611245e-07,1.3470611241e-07,2.7228527448e-07,0.0099871892281,0.037300932795,0.019022260371,0.0017860427734,0.036439688399,0.03709432795,0.003537197612,0.01115915187,3.5769162336e-06,9.67756202e-17,1.0609924749e-15,9.2080974775e-16,6.2558144616e-15,0.00060650711441,7.0186363193e-05,0.0037913180269,1.059299807e-06,1.059299807e-06,1.4244753381e-06
4415.0,3.427749032e-06,3.4230115214e-06,3.4230359544e-06,3.4230359544e-06,3.4230359544e-06,0.02271848166,0.012673672612,0.007952396205,0.02927335687,0.026131106661,0.037040337359,0.017195111558,0.011641288166,7.1792016449e-05,0.037040302089,0.034555466129,0.012205606305,1.3239608972e-07,1.3239608968e-07,2.6761596022e-07,0.0099531239534,0.037293879269,0.018977786153,0.001775675122,0.036420777287,0.037082180511,0.0035198795292,0.011123008364,3.5291482395e-06,9.2824979466e-17,1.0178844366e-15,8.8339546099e-16,6.0014230845e-15,0.00060214901061,6.9496549764e-05,0.0037731129354,1.0436531523e-06,1.0436531523e-06,1.4034347662e-06
4420.0,3.3818554814e-06,3.3771814005e-06,3.3772055063e-06,3.3772055063e-06,3.3772055063e-06,0.022673348815,0.012635249797,0.0079225933073,0.029232589546,0.026087221158,0.037027576047,0.017151829993,0.011604416529,7.1089301199e-05,0.037027540878,0.03452690899,0.012167865071,1.3012568067e-07,1.3012568063e-07,2.630267182e-07,0.0099191748671,0.037286827076,0.018933415911,0.0017653676526,0.036401875989,0.03707003705,0.0035026462342,0.011086981919,3.4820181639e-06,8.9048296097e-17,9.7651161747e-16,8.4746448027e-16,5.7573542123e-15,0.00059782222217,6.8813516034e-05,0.0037549952587,1.0282376103e-06,1.0282376103e-06,1.3827049793e-06
4425.0,3.3365763916e-06,3.3319648912e-06,3.3319886743e-06,3.3319886743e-06,3.3319886743e-06,0.022628305631,0.012596943464,0.0078929020996,0.029191878994,0.026043409354,0.037014819132,0.017108657368,0.011567661673,7.0393464273e-05,0.037014784063,0.034498375448,0.012130240533,1.2789420598e-07,1.2789420595e-07,2.5851617532e-07,0.0098853415729,0.037279776217,0.018889149402,0.0017551200157,0.036382984499,0.037057897565,0.0034854973121,0.011051072158,3.4355174877e-06,8.5443836142e-17,9.3678764616e-16,8.1302548467e-16,5.5232549048e-15,0.00059352652409,6.813719537e-05,0.003736964577,1.0130497675e-06,1.0130497675e-06,1.362281387e-06
4430.0,3.2919035359e-06,3.2873537781e-06,3.2873772428e-06,3.2873772428e-06,3.2873772428e-06,0.02258335193,0.012558753262,0.0078633221635,0.029151225136,0.025999671125,0.037002066611,0.017065593408,0.011531023227,6.9704438343e-05,0.037002031643,0.034469865485,0.01209273233,1.2570099798e-07,1.2570099795e-07,2.5408298198e-07,0.0098516236759,0.037272726691,0.018844986382,0.0017449318641,0.036364102814,0.037045762055,0.0034684323498,0.011015278702,3.3896378057e-06,8.1969716601e-17,8.9871056101e-16,7.7995380561e-16,5.2986137703e-15,0.00058926169296,6.7467521794e-05,0.0037190204726,9.9808626062e-07,9.9808626063e-07,1.3421594665e-06
4435.0,3.2478287975e-06,3.2433399556e-06,3.2433631062e-06,3.2433631062e-06,3.2433631061e-06,0.022538487533,0.012520678837,0.0078338530819,0.029110627892,0.025956006348,0.036989318484,0.01702263784,0.011494500823,6.9022156742e-05,0.036989283616,0.034441379082,0.012055340102,1.2354540046e-07,1.2354540043e-07,2.4972581174e-07,0.0098180207825,0.037265678499,0.018800926612,0.0017348028526,0.036345230928,0.03703363052,0.0034514509361,0.010979601174,3.3443708247e-06,7.8626601674e-17,8.6219409649e-16,7.4826691644e-16,5.083164033e-15,0.00058502750698,6.6804429977e-05,0.0037011625298,9.8334377595e-07,9.8334377595e-07,1.3223347619e-06
4440.0,3.2043441683e-06,3.1999154267e-06,3.1999382673e-06,3.1999382673e-06,3.1999382673e-06,0.022493712264,0.012482719839,0.0078044944393,0.029070087185,0.025912414899,0.036976574749,0.016979790391,0.011458094093,6.8346553455e-05,0.036976539981,0.034412916219,0.012018063492,1.2142676844e-07,1.214267684e-07,2.4544336093e-07,0.0097845325004,0.037258631639,0.018756969848,0.0017247326377,0.036326368835,0.037021502957,0.0034345526621,0.010944039198,3.2997083624e-06,7.5413847577e-17,8.2715248009e-16,7.1779491734e-16,4.8764699936e-15,0.00058082374597,6.614785523e-05,0.0036833903349,9.6881904886e-07,9.6881904886e-07,1.3028028831e-06
4445.0,3.1614417474e-06,3.1570723015e-06,3.1570948362e-06,3.1570948362e-06,3.1570948362e-06,0.022449025946,0.012444875919,0.007775245822,0.029029602935,0.025868896655,0.036963835405,0.016937050789,0.01142180267,6.7677563114e-05,0.036963800737,0.034384476876,0.011980902141,1.1934446801e-07,1.1934446798e-07,2.4123434819e-07,0.009751158439,0.037251586111,0.01871311585,0.0017147208783,0.036307516531,0.037009379366,0.0034177371208,0.010908592401,3.2556423458e-06,7.233207314e-17,7.934994583e-16,6.8862438303e-16,4.678187121e-15,0.00057665019128,6.5497733502e-05,0.0036657034762,9.545088629e-07,9.545088629e-07,1.2835595048e-06
4450.0,3.1191137397e-06,3.1148027956e-06,3.1148250286e-06,3.1148250286e-06,3.1148250286e-06,0.022404428401,0.012407146726,0.0077461068176,0.028989175063,0.025825451494,0.036951100449,0.016894418763,0.01138562619,6.701512099e-05,0.036951065881,0.034356061034,0.011943855693,1.1729787615e-07,1.1729787611e-07,2.3709751418e-07,0.0097178982085,0.037244541916,0.018669364379,0.0017047672349,0.036288674011,0.036997259744,0.003401003907,0.01087326041,3.2121648096e-06,6.9380608266e-17,7.6123299564e-16,6.6058639535e-16,4.4879708948e-15,0.00057250662589,6.4854001371e-05,0.003648101544,9.4041004916e-07,9.4041004916e-07,1.2646003656e-06
4455.0,3.0773524545e-06,3.0730992289e-06,3.0731211643e-06,3.0731211643e-06,3.0731211642e-06,0.022359919453,0.012369531915,0.0077170770152,0.028948803491,0.025782079292,0.036938369881,0.016851894041,0.011349564289,6.6359162986e-05,0.036938335413,0.034327668674,0.011906923794,1.1528638049e-07,1.1528638046e-07,2.3303162113e-07,0.0096847514207,0.037237499053,0.018625715194,0.0016948713703,0.036269841269,0.036985144092,0.0033843526177,0.010838042852,3.169267895e-06,6.6559715781e-17,7.3026757019e-16,6.3367618944e-16,4.3054719326e-15,0.00056839283431,6.4216596039e-05,0.0036305841305,9.2651948549e-07,9.2651948549e-07,1.2459212672e-06
4460.0,3.0361503041e-06,3.0319540242e-06,3.0319756659e-06,3.0319756659e-06,3.0319756658e-06,0.022315498927,0.012332031136,0.0076881560057,0.028908488141,0.025738779927,0.036925643699,0.016809476355,0.011313616604,6.5709625636e-05,0.03692560933,0.034299299777,0.011870106088,1.1330937919e-07,1.1330937916e-07,2.290354525e-07,0.0096517176888,0.037230457521,0.018582168056,0.001685032949,0.036251018301,0.036973032407,0.0033677828519,0.010802939358,3.1269438479e-06,6.3867655133e-17,7.0060169721e-16,6.0790251028e-16,4.1303447415e-15,0.00056430860258,6.3585455322e-05,0.0036131508298,9.128340959e-07,9.128340959e-07,1.2275180732e-06
4465.0,2.9954998022e-06,2.9913597056e-06,2.9913810575e-06,2.9913810576e-06,2.9913810575e-06,0.022271166647,0.012294644046,0.0076593433813,0.028868228934,0.025695553276,0.036912921901,0.016767165433,0.011277782772,6.5066446093e-05,0.036912887632,0.034270954322,0.011833402222,1.1136628071e-07,1.1136628068e-07,2.251078126e-07,0.0096187966272,0.037223417322,0.018538722726,0.0016752516377,0.036232205101,0.036960924688,0.0033512942104,0.010767949557,3.0851850182e-06,6.1263190681e-17,6.720685206e-16,5.8315350692e-16,3.9624143143e-15,0.00056025371832,6.2960517651e-05,0.0035958012382,8.993508498e-07,8.993508498e-07,1.2093867081e-06
4470.0,2.9553935631e-06,2.9513088975e-06,2.9513299636e-06,2.9513299636e-06,2.9513299635e-06,0.022226922437,0.012257370299,0.007630638736,0.028828025793,0.025652399219,0.036900204487,0.016724961008,0.011242062434,6.4429562125e-05,0.036900170317,0.03424263229,0.011796811846,1.0945650368e-07,1.0945650365e-07,2.2124752628e-07,0.0095859878516,0.037216378453,0.018495378967,0.0016655271047,0.036213401664,0.036948820934,0.0033348862961,0.010733073081,3.0439838574e-06,5.8787563612e-17,6.447490295e-16,5.5945375945e-16,3.8012516299e-15,0.00055622797064,6.2341722061e-05,0.0035785349537,8.8606676138e-07,8.8606676138e-07,1.191523157e-06
4475.0,2.9158242995e-06,2.9117943229e-06,2.9118151069e-06,2.9118151069e-06,2.9118151068e-06,0.022182766122,0.012220209552,0.0076020416649,0.028787878639,0.025609317632,0.036887491453,0.016682862812,0.01120645523,6.379891211e-05,0.036887457383,0.034214333663,0.011760334607,1.0757947667e-07,1.0757947664e-07,2.174534385e-07,0.0095532909791,0.037209340915,0.018452136542,0.0016558590206,0.036194607986,0.036936721144,0.0033185587137,0.010698309564,3.0033329184e-06,5.6399164455e-17,6.1855578763e-16,5.3672564543e-16,3.6466811057e-15,0.00055223115018,6.1729008185e-05,0.0035613515763,8.7297888894e-07,8.7297888894e-07,1.1739234639e-06
4480.0,2.8767848221e-06,2.8728088022e-06,2.8728293079e-06,2.8728293079e-06,2.8728293079e-06,0.022138697528,0.012183161462,0.007573551765,0.028747787393,0.025566308394,0.0368747828,0.016640870577,0.011170960801,6.3174435029e-05,0.036874748829,0.03418605842,0.011723970156,1.0573463806e-07,1.0573463804e-07,2.1372441406e-07,0.0095207056281,0.037202304709,0.018408995213,0.0016462470577,0.036175824061,0.036924625316,0.0033023110699,0.01066365864,2.963224853e-06,5.4097617813e-17,5.9340417115e-16,5.1484838607e-16,3.4983546285e-15,0.00054826304909,6.112231625e-05,0.0035442507079,8.6008433421e-07,8.6008433421e-07,1.1565837315e-06
4485.0,2.8382680377e-06,2.834345252e-06,2.8343654831e-06,2.8343654832e-06,2.8343654831e-06,0.022094716481,0.012146225688,0.0075451686347,0.02870775198,0.025523371383,0.036862078525,0.016598984037,0.011135578791,6.2556070459e-05,0.036862044653,0.034157806543,0.011687718145,1.0392143588e-07,1.0392143585e-07,2.1005933721e-07,0.0094882314181,0.037195269832,0.018365954743,0.0016366908901,0.036157049883,0.036912533449,0.0032861429734,0.010629119944,2.9236524115e-06,5.1883562095e-17,5.6929311926e-16,4.9392509714e-16,3.356097455e-15,0.00054432346101,6.052158707e-05,0.0035272319524,8.4738024175e-07,8.4738024176e-07,1.13950012e-06
4490.0,2.8002669479e-06,2.7963966837e-06,2.796416644e-06,2.796416644e-06,2.796416644e-06,0.022050822807,0.012109401889,0.0075168918738,0.028667772319,0.025480506479,0.036849378626,0.016557202925,0.011100308844,6.194375857e-05,0.036849344854,0.034129578012,0.011651578225,1.0213932759e-07,1.0213932757e-07,2.0645711134e-07,0.0094558679701,0.037188236286,0.018323014898,0.0016271901941,0.036138285449,0.036900445542,0.0032700540348,0.010594693112,2.8846084409e-06,4.9756633971e-17,5.4613466122e-16,4.738744204e-16,3.2196505097e-15,0.00054041218105,5.9926762043e-05,0.0035102949155,8.348637983e-07,8.348637983e-07,1.1226688463e-06
4495.0,2.7627746483e-06,2.7589562024e-06,2.7589758955e-06,2.7589758955e-06,2.7589758955e-06,0.022007016331,0.012072689726,0.0074887210836,0.028627848335,0.02543771356,0.036836683104,0.016515526976,0.011065150604,6.1337440118e-05,0.03683664943,0.034101372808,0.011615550051,1.0038777999e-07,1.0038777996e-07,2.0291665864e-07,0.0094236149065,0.03718120407,0.018280175442,0.0016177446475,0.036119530753,0.036888361593,0.0032540438665,0.010560377783,2.8460858837e-06,4.7716501008e-17,5.2393152496e-16,4.5458803421e-16,3.0887546531e-15,0.0005365290058,5.933778314e-05,0.0034934392048,8.2253223212e-07,8.2253223212e-07,1.1060861832e-06
4500.0,2.7257843267e-06,2.7220170053e-06,2.7220364348e-06,2.7220364348e-06,2.7220364347e-06,0.021963296881,0.01203608886,0.0074606558672,0.028587979949,0.025394992505,0.036823991955,0.016473955926,0.011030103718,6.0737056436e-05,0.03682395838,0.034073190912,0.011579633276,9.8666268993e-08,9.8666268966e-08,1.9943691978e-07,0.0093914718507,0.037174173184,0.018237436141,0.0016083539304,0.03610078579,0.036876281601,0.0032381120827,0.010526173594,2.8080777768e-06,4.576384261e-17,5.0259414559e-16,4.3609065763e-16,2.963151322e-15,0.00053267373333,5.8754592903e-05,0.0034766644299,8.1038281245e-07,8.1038281245e-07,1.0897484585e-06
4505.0,2.6892892623e-06,2.6855723809e-06,2.6855915502e-06,2.6855915502e-06,2.6855915502e-06,0.021919664285,0.011999598954,0.0074326958287,0.028548167084,0.025352343194,0.036811305178,0.01643248951,0.010995167833,6.0142549435e-05,0.036811271703,0.034045032304,0.011543827556,9.697427952e-08,9.6974279494e-08,1.9601685361e-07,0.0093594384275,0.037167143627,0.018194796759,0.0015990177243,0.036082050555,0.036864205566,0.0032222582999,0.010492080187,2.7705772497e-06,4.3897935611e-17,4.8212533475e-16,4.1837444814e-16,2.8426645832e-15,0.00052884616312,5.8177134441e-05,0.0034599702021,7.9841284884e-07,7.9841284884e-07,1.0736520542e-06
4510.0,2.6532828241e-06,2.6496157074e-06,2.64963462e-06,2.64963462e-06,2.64963462e-06,0.021876118368,0.011963219672,0.0074048405741,0.028508409662,0.025309765506,0.036798622772,0.016391127466,0.010960342598,5.9553861593e-05,0.036798589396,0.034016896965,0.011508132548,9.5311305317e-08,9.5311305291e-08,1.9265543683e-07,0.009327514263,0.0371601154,0.018152257064,0.001589735713,0.036063325042,0.036852133484,0.0032064821361,0.010458097202,2.7335775242e-06,4.2119417767e-17,4.6252371819e-16,4.0136922103e-16,2.7270389566e-15,0.00052504609614,5.7605351418e-05,0.0034433561348,7.866196906e-07,7.866196906e-07,1.0577934059e-06
4515.0,2.6177584699e-06,2.6141404517e-06,2.6141591111e-06,2.6141591111e-06,2.614159111e-06,0.02183265896,0.011926950678,0.0073770897107,0.028468707607,0.025267259321,0.036785944736,0.01634986953,0.010925627662,5.8970935949e-05,0.036785911458,0.033988784876,0.01147254791,9.3676848811e-08,9.3676848785e-08,1.8935166367e-07,0.0092956989846,0.037153088501,0.018109816823,0.0015805075817,0.036044609248,0.036840065356,0.0031907832114,0.010424224282,2.6970719121e-06,4.0426226006e-17,4.4370265394e-16,3.8507503783e-16,2.6160960651e-15,0.00052127333475,5.7039188056e-05,0.0034268218429,7.7500072617e-07,7.7500072617e-07,1.0421690018e-06
4520.0,2.5827097454e-06,2.5791401681e-06,2.5791585777e-06,2.5791585777e-06,2.5791585777e-06,0.021789285888,0.011890791638,0.0073494428473,0.028429060842,0.025224824519,0.036773271067,0.01630871544,0.010891022676,5.8393716104e-05,0.036773237888,0.033960696018,0.0114370733,9.2070420964e-08,9.2070420939e-08,1.8610454564e-07,0.009263992221,0.037146062932,0.018067475803,0.0015713330179,0.036025903166,0.03682800118,0.0031751611474,0.010390461071,2.661053815e-06,3.8776802595e-17,4.256621801e-16,3.6944112685e-16,2.5096671403e-15,0.00051752768275,5.6478589123e-05,0.0034103669435,7.6355338258e-07,7.6355338258e-07,1.0267753819e-06
4525.0,2.5481302822e-06,2.5446084974e-06,2.5446266605e-06,2.5446266605e-06,2.5446266605e-06,0.021745998982,0.011854742219,0.0073218995941,0.028389469288,0.025182460979,0.036760601765,0.016267664936,0.010856527291,5.7822146206e-05,0.036760568684,0.033932630371,0.011401708378,9.0491541123e-08,9.0491541099e-08,1.8291311117e-07,0.0092323936021,0.03713903869,0.018025233772,0.0015622117104,0.036007206792,0.036815940955,0.0031596155681,0.010356807212,2.6255167221e-06,3.7212426334e-17,4.08314182e-16,3.5443142335e-16,2.4075747834e-15,0.00051380894534,5.5923499929e-05,0.0033939910554,7.5227512487e-07,7.5227512487e-07,1.0116091373e-06
4530.0,2.5140137976e-06,2.5105391654e-06,2.5105570853e-06,2.5105570853e-06,2.5105570853e-06,0.021702798068,0.011818802087,0.0072944595628,0.028349932871,0.025140168583,0.036747936827,0.016226717756,0.010822141161,5.7256170953e-05,0.036747903845,0.033904587916,0.011366452805,8.8939736879e-08,8.8939736855e-08,1.7977640537e-07,0.009200902759,0.037132015777,0.017983090498,0.0015531433502,0.03598852012,0.036803884679,0.0031441460989,0.010323262352,2.59045421e-06,3.5692225526e-17,3.9174852131e-16,3.4002904432e-16,2.3096457872e-15,0.00051011692914,5.5373866324e-05,0.0033776937992,7.411634555e-07,7.411634555e-07,9.9666690961e-07
4535.0,2.4803540928e-06,2.4769259819e-06,2.4769436619e-06,2.4769436619e-06,2.4769436619e-06,0.021659682978,0.011782970913,0.0072671223666,0.028310451511,0.025097947211,0.036735276253,0.01618587364,0.010787863939,5.6695735585e-05,0.036735243369,0.033876568635,0.011331306243,8.7414543922e-08,8.7414543899e-08,1.7669348971e-07,0.0091695193241,0.037124994192,0.017941045752,0.0015441276299,0.035969843146,0.036791832351,0.0031287523671,0.010289826138,2.5558599409e-06,3.4257144581e-17,3.7578721103e-16,3.2625103635e-16,2.2157106417e-15,0.00050645144213,5.4829634688e-05,0.0033614747973,7.3021591385e-07,7.3021591385e-07,9.8194538982e-07
4540.0,2.4471450521e-06,2.4437628396e-06,2.4437802829e-06,2.4437802829e-06,2.4437802829e-06,0.02161665354,0.011747248366,0.0072398876201,0.028271025134,0.025055796743,0.036722620041,0.016145132329,0.010753695281,5.6140785874e-05,0.036722587255,0.033848572507,0.011296268355,8.5915505906e-08,8.5915505883e-08,1.7366344178e-07,0.0091382429312,0.037117973935,0.017899099302,0.001535164244,0.035951175865,0.036779783969,0.0031134340021,0.010256498218,2.5217276616e-06,3.2865939027e-17,3.6052106565e-16,3.1295996763e-16,2.1255904546e-15,0.00050281229368,5.4290751928e-05,0.0033453336741,7.1943007562e-07,7.1943007562e-07,9.6744131794e-07
4545.0,2.4143806417e-06,2.411043713e-06,2.4110609227e-06,2.4110609227e-06,2.4110609227e-06,0.021573709584,0.011711634116,0.0072127549394,0.028231653663,0.025013717061,0.036709968189,0.016104493564,0.010719634843,5.5591268126e-05,0.036709935501,0.033820599515,0.011261338805,8.444217431e-08,8.4442174288e-08,1.7068535496e-07,0.0091070732151,0.037110955005,0.017857250919,0.0015262528887,0.035932518272,0.036767739533,0.0030981906347,0.010223278242,2.4880512024e-06,3.1518556146e-17,3.458619667e-16,3.0022328164e-16,2.0391137187e-15,0.00049919929456,5.3757165476e-05,0.0033292700555,7.0880355233e-07,7.0880355233e-07,9.5315148211e-07
4550.0,2.3820549083e-06,2.3787626572e-06,2.3787796365e-06,2.3787796365e-06,2.3787796365e-06,0.021530850941,0.011676127835,0.007185723942,0.02819233702,0.024971708046,0.036697320696,0.016063957088,0.010685682282,5.5047129173e-05,0.036697288106,0.033792649638,0.011226517258,8.2994108305e-08,8.2994108282e-08,1.677583382e-07,0.0090760098121,0.037103937403,0.017815500373,0.0015173932619,0.03591387036,0.036755699042,0.0030830218979,0.010190165859,2.4548244761e-06,3.0256634843e-17,3.3180995705e-16,2.8797361843e-16,1.9561944814e-15,0.00049561225684,5.3228823276e-05,0.0033132835695,6.9833399078e-07,6.9833399078e-07,9.390727179e-07
4555.0,2.3501619787e-06,2.346913807e-06,2.346930559e-06,2.346930559e-06,2.346930559e-06,0.021488077441,0.011640729195,0.0071587942468,0.02815307513,0.024929769578,0.03668467756,0.016023522642,0.010651837256,5.4508316365e-05,0.036684645068,0.033764722857,0.011191803379,8.157087462e-08,8.1570874598e-08,1.648815157e-07,0.0090450523596,0.037096921127,0.017773847436,0.0015085850634,0.035895232127,0.036743662493,0.0030679274263,0.010157160721,2.4220414768e-06,2.9037248081e-17,3.182799047e-16,2.7627861227e-16,1.8766612416e-15,0.000492050994,5.2705673787e-05,0.0032973738457,6.8801907252e-07,6.8801907252e-07,9.2520190762e-07
4560.0,2.3186960582e-06,2.3154913757e-06,2.3155079034e-06,2.3155079034e-06,2.3155079033e-06,0.021445388914,0.011605437872,0.0071319654742,0.028113867916,0.02488790154,0.03667203878,0.01598318997,0.010618099425,5.397477757e-05,0.036672006386,0.033736819155,0.011157196837,8.0172047416e-08,8.0172047394e-08,1.6205402672e-07,0.0090142004962,0.037089906179,0.01773229188,0.0014998279946,0.035876603566,0.036731629886,0.0030529068563,0.010124262482,2.3896962786e-06,2.7861533969e-17,3.0535422503e-16,2.6508404852e-16,1.8003377118e-15,0.00048851532082,5.2187665973e-05,0.0032815405155,6.7785651337e-07,6.7785651337e-07,9.1153597964e-07
4565.0,2.2876514295e-06,2.2844896539e-06,2.2845059603e-06,2.2845059603e-06,2.2845059603e-06,0.021402785192,0.011570253538,0.007105237246,0.028074715303,0.024846103813,0.036659404354,0.015942958816,0.01058446845,5.3446461163e-05,0.036659372058,0.033708938511,0.011122697299,7.8797208156e-08,7.8797208135e-08,1.5927502524e-07,0.0089834538618,0.037082892556,0.017690833477,0.0014911217588,0.035857984672,0.036719601219,0.003037959826,0.010091470793,2.3577830349e-06,2.6729799634e-17,2.929517653e-16,2.5430683455e-16,1.7271346797e-15,0.00048500505344,5.16747493e-05,0.0032657832122,6.6784406286e-07,6.6784406286e-07,8.980719077e-07
4570.0,2.257022452e-06,2.253903009e-06,2.253919097e-06,2.253919097e-06,2.253919097e-06,0.021360266107,0.01153517587,0.0070786091853,0.028035617214,0.02480437628,0.036646774281,0.015902828923,0.010550943991,5.2923316027e-05,0.036646742083,0.033681080906,0.011088304435,7.7445945479e-08,7.7445945458e-08,1.5654367978e-07,0.0089528120975,0.03707588026,0.017649471999,0.001482466061,0.035839375441,0.036707576491,0.0030230859755,0.010058785312,2.3262959773e-06,2.5642018817e-17,2.8106824997e-16,2.4398037706e-16,1.6568839584e-15,0.00048152000929,5.1166873731e-05,0.0032501015706,6.5797950377e-07,6.5797950377e-07,8.8480671022e-07
4575.0,2.2268035608e-06,2.2237258834e-06,2.2237417561e-06,2.2237417561e-06,2.2237417561e-06,0.02131783149,0.011500204545,0.0070520809169,0.027996573573,0.024762718821,0.036634148559,0.015862800039,0.010517525712,5.2405291545e-05,0.036634116459,0.033653246322,0.011054017914,7.6117855081e-08,7.611785506e-08,1.538591731e-07,0.0089222748457,0.03706886929,0.017608207221,0.0014738606076,0.035820775867,0.036695555701,0.0030082849464,0.010026205693,2.2952294141e-06,2.459850066e-17,2.6961841953e-16,2.3410490351e-16,1.5894930577e-15,0.00047806000713,5.0663989721e-05,0.0032344952275,6.4826065163e-07,6.4826065163e-07,8.7173744968e-07
4580.0,2.1969892652e-06,2.1939527943e-06,2.1939684544e-06,2.1939684544e-06,2.1939684544e-06,0.021275481174,0.01146533924,0.0070256520666,0.027957584304,0.024721131321,0.036621527188,0.015822871907,0.010484213276,5.1892337594e-05,0.036621495184,0.033625434739,0.011019837408,7.4812539588e-08,7.4812539568e-08,1.5122070198e-07,0.0088918417499,0.037061859646,0.017567038916,0.0014653051071,0.035802185946,0.036683538848,0.0029935563822,0.0099937315942,2.2645777299e-06,2.3598892454e-17,2.5868888863e-16,2.2455995925e-16,1.5248805488e-15,0.00047462486703,5.016604821e-05,0.0032189638213,6.3868535425e-07,6.3868535425e-07,8.5886123194e-07
4585.0,2.1675741481e-06,2.164578332e-06,2.1645937825e-06,2.1645937825e-06,2.1645937825e-06,0.02123321499,0.011430579633,0.006999322262,0.027918649333,0.02467961366,0.036608910164,0.015783044275,0.010451006349,5.1384404544e-05,0.036608878258,0.033597646138,0.010985762588,7.3529608443e-08,7.3529608423e-08,1.4862747698e-07,0.0088615124548,0.037054851327,0.017525966859,0.0014567992696,0.035783605672,0.036671525929,0.0029788999282,0.0099613626733,2.2343353842e-06,2.2642809673e-17,2.4819290704e-16,2.1543208028e-16,1.4628705078e-15,0.00047121441034,4.9673000623e-05,0.0032035069923,6.2925149122e-07,6.2925149122e-07,8.4617520563e-07
4590.0,2.138552865e-06,2.1355971594e-06,2.135612403e-06,2.135612403e-06,2.135612403e-06,0.021191032773,0.011395925405,0.0069730911319,0.027879768582,0.024638165723,0.036596297487,0.015743316889,0.010417904595,5.0881443248e-05,0.036596265679,0.033569880501,0.01095179313,7.2268677786e-08,7.2268677766e-08,1.4607872218e-07,0.0088312866066,0.037047844334,0.017484990824,0.0014483428066,0.035765035041,0.036659516945,0.0029643152314,0.0099290985898,2.2044969105e-06,2.1730842914e-17,2.3813037296e-16,2.0666806232e-16,1.4033758239e-15,0.00046782845969,4.918479886e-05,0.0031881243824,6.1995697343e-07,6.1995697343e-07,8.3367656146e-07
4595.0,2.109920143e-06,2.1070040108e-06,2.1070190503e-06,2.1070190503e-06,2.1070190503e-06,0.021148934355,0.011361376235,0.0069469583064,0.027840941977,0.024596787391,0.036583689156,0.015703689498,0.010384907682,5.0383405043e-05,0.036583657445,0.033542137808,0.010917928705,7.1029370337e-08,7.1029370318e-08,1.4357367499e-07,0.0088011638523,0.037040838665,0.017444110588,0.0014399354317,0.035746474047,0.036647511893,0.0029498019403,0.0098969390042,2.1750569152e-06,2.0860904149e-17,2.2841468663e-16,1.982682968e-16,1.34630829e-15,0.000464466839,4.8701395296e-05,0.0031728156351,6.1079974267e-07,6.1079974267e-07,8.2136253166e-07
4600.0,2.0816707796e-06,2.078793691e-06,2.0788085292e-06,2.0788085292e-06,2.0788085292e-06,0.02110691957,0.011326931806,0.0069209234172,0.027802169443,0.024555478548,0.036571085169,0.015664161849,0.010352015278,4.9890241738e-05,0.036571053554,0.033514418041,0.010884168991,6.981131529e-08,6.9811315271e-08,1.4111158588e-07,0.0087711438403,0.037033834321,0.017403325926,0.0014315768599,0.035727922686,0.036635510772,0.0029353597055,0.0098648835781,2.1460100769e-06,2.0033085283e-17,2.1913113274e-16,1.9018197472e-16,1.2915846657e-15,0.00046112937344,4.8222742772e-05,0.0031575803959,6.0177777108e-07,6.0177777108e-07,8.0923038935e-07
4605.0,2.0537996421e-06,2.0509610744e-06,2.0509757139e-06,2.0509757139e-06,2.0509757139e-06,0.021064988251,0.0112925918,0.0068949860972,0.027763450903,0.024514239078,0.036558485523,0.015624733692,0.010319227052,4.940190562e-05,0.036558454006,0.03348672118,0.010850513662,6.8614148196e-08,6.8614148177e-08,1.3869171818e-07,0.0087412262203,0.037026831302,0.017362636615,0.0014232668078,0.035709380952,0.036623513581,0.002920988179,0.009832931974,2.1173511451e-06,1.9205491629e-17,2.1019583894e-16,1.8247653879e-16,1.2390295267e-15,0.00045781588945,4.7748794593e-05,0.0031424183118,5.928890608e-07,5.9288906081e-07,7.972774479e-07
4610.0,2.0263016666e-06,2.023501104e-06,2.0235155475e-06,2.0235155475e-06,2.0235155475e-06,0.021023140232,0.0112583559,0.0068691459808,0.027724786283,0.024473068863,0.036545890219,0.015585404776,0.010286542674,4.8918349437e-05,0.036545858799,0.033459047207,0.010816962397,6.7437510854e-08,6.7437510836e-08,1.3631334784e-07,0.0087114106431,0.037019829607,0.017322042432,0.001415004994,0.03569084884,0.036611520319,0.0029066870147,0.0098010838559,2.0890749396e-06,1.8421779156e-17,2.0160745278e-16,1.7508444509e-16,1.1886414302e-15,0.00045452621471,4.7279504524e-05,0.0031273290316,5.8413164346e-07,5.8413164346e-07,7.8550106038e-07
4615.0,1.9991718568e-06,1.9964087905e-06,1.9964230406e-06,1.9964230406e-06,1.9964230406e-06,0.020981375349,0.01122422379,0.0068434027037,0.027686175508,0.024431967788,0.036533299254,0.015546174852,0.010253961815,4.8439526402e-05,0.036533267931,0.033431396102,0.010783514873,6.6281051208e-08,6.628105119e-08,1.3397576326e-07,0.0086816967605,0.037012829236,0.017281543154,0.0014067911382,0.035672326346,0.036599530985,0.0028924558681,0.0097693388885,2.0611763491e-06,1.7682240355e-17,1.9336944554e-16,1.6798641284e-16,1.1403345464e-15,0.00045126017813,4.6814826784e-05,0.0031123122055,5.7550357976e-07,5.7550357976e-07,7.7389861896e-07
4620.0,1.9724052835e-06,1.9696792114e-06,1.9696932707e-06,1.9696932707e-06,1.9696932707e-06,0.020939693436,0.011190195157,0.0068177559031,0.027647618502,0.024390935736,0.036520712627,0.01550704367,0.010221484147,4.7965390188e-05,0.0365206814,0.033403767848,0.01075017077,6.5144423239e-08,6.5144423222e-08,1.31678265e-07,0.0086520842258,0.037005830188,0.01724113856,0.0013986249622,0.035653813464,0.036587545576,0.0028782943963,0.0097376967378,2.0336503309e-06,1.6942815708e-17,1.8547813675e-16,1.6113191032e-16,1.0939381782e-15,0.00044801760986,4.635471604e-05,0.0030973674859,5.6700295905e-07,5.6700295905e-07,7.6246755432e-07
4625.0,1.9459970832e-06,1.94330751e-06,1.9433213811e-06,1.9433213811e-06,1.9433213811e-06,0.020898094329,0.011156269686,0.0067922052173,0.027609115191,0.024349972591,0.036508130336,0.015468010981,0.010189109343,4.7495894917e-05,0.036508099206,0.033376162424,0.010716929768,6.4027286861e-08,6.4027286844e-08,1.2942016565e-07,0.0086225726934,0.036998832465,0.017200828429,0.0013905061892,0.03563531019,0.036575564093,0.0028642022584,0.0097061570708,2.0064919094e-06,1.6247186499e-17,1.7793357779e-16,1.5460769745e-16,1.049447547e-15,0.00044479834127,4.5899127407e-05,0.0030824945265,5.5862789889e-07,5.5862789889e-07,7.5120533511e-07
4630.0,1.9199424579e-06,1.9172888949e-06,1.9173025803e-06,1.9173025803e-06,1.9173025803e-06,0.020856577862,0.011122447065,0.0067667502861,0.027570665501,0.024309078239,0.03649555238,0.015429076539,0.010156837078,4.7030995164e-05,0.036495521347,0.033348579812,0.010683791548,6.2929307821e-08,6.2929307804e-08,1.2720078956e-07,0.0085931618187,0.036991836064,0.017160612539,0.001382434544,0.035616816518,0.036563586533,0.0028501791148,0.0096747195555,1.9796961756e-06,1.5595333897e-17,1.7073572558e-16,1.4837754271e-16,1.0067810782e-15,0.00044160220494,4.5448016441e-05,0.0030676929826,5.5037654468e-07,5.5037654468e-07,7.4010946734e-07
4635.0,1.8942366735e-06,1.8916186387e-06,1.8916321408e-06,1.8916321408e-06,1.8916321408e-06,0.020815143872,0.011088726981,0.0067413907508,0.027532269356,0.024268252562,0.036482978757,0.015390240095,0.010124667027,4.6570645947e-05,0.03648294782,0.033321019994,0.010650755792,6.1850157595e-08,6.1850157579e-08,1.2501947269e-07,0.0085638512585,0.036984840986,0.01712049067,0.0013744097531,0.035598332443,0.036551612895,0.0028362246277,0.0096433838611,1.9532582859e-06,1.4943884714e-17,1.637993532e-16,1.422906127e-16,9.6584913287e-16,0.00043842903466,4.5001339134e-05,0.0030529625115,5.4224706917e-07,5.4224706917e-07,7.2917749389e-07
4640.0,1.8688750595e-06,1.8662920771e-06,1.8663053985e-06,1.8663053985e-06,1.8663053984e-06,0.020773792194,0.011055109125,0.0067161262537,0.027493926681,0.024227495447,0.036470409467,0.015351501403,0.010092598866,4.6114802724e-05,0.036470378626,0.033293482949,0.010617822185,6.0789513298e-08,6.0789513281e-08,1.2287556238e-07,0.0085346406706,0.036977847231,0.017080462603,0.0013664315445,0.035579857961,0.036539643178,0.002822338461,0.0096121496579,1.9271734614e-06,1.4336505553e-17,1.5712026304e-16,1.3648071244e-16,9.2656323187e-16,0.00043527866539,4.4559051909e-05,0.0030383027718,5.3423767213e-07,5.3423767213e-07,7.184069939e-07
4645.0,1.8438530079e-06,1.8413046086e-06,1.8413177516e-06,1.8413177516e-06,1.8413177516e-06,0.020732522666,0.011021593185,0.0066909564388,0.027455637403,0.024186806777,0.036457844506,0.015312860216,0.010060632272,4.566342139e-05,0.036457813762,0.033265968661,0.010584990409,5.9747057577e-08,5.974705756e-08,1.2076841715e-07,0.008505529714,0.036970854799,0.017040528118,0.0013584996477,0.035561393067,0.036527677381,0.0028085202803,0.0095810166172,1.9014369873e-06,1.3770768503e-17,1.5070270762e-16,1.3094801443e-16,8.8884068804e-16,0.0004321509333,4.4121111621e-05,0.0030237134239,5.263465799e-07,5.263465799e-07,7.0779558229e-07
4650.0,1.8191659723e-06,1.816651693e-06,1.8166646601e-06,1.8166646601e-06,1.8166646601e-06,0.020691335123,0.010988178854,0.0066658809512,0.027417401447,0.024146186439,0.036445283875,0.015274316291,0.010028766924,4.521645827e-05,0.036445253227,0.033238477109,0.01055226015,5.8722478523e-08,5.8722478507e-08,1.1869740654e-07,0.008476518049,0.036963863689,0.017000686997,0.0013506137941,0.035542937755,0.036515715503,0.0027947697527,0.0095499844113,1.8760442113e-06,1.3205795861e-17,1.4454679454e-16,1.2564164329e-16,8.5267980493e-16,0.00042904567574,4.3687475546e-05,0.0030091941299,5.1857204504e-07,5.1857204504e-07,6.9734090922e-07
4655.0,1.7948094672e-06,1.7923288512e-06,1.7923416446e-06,1.7923416446e-06,1.7923416446e-06,0.020650229404,0.010954865823,0.0066408994375,0.027379218738,0.024105634316,0.036432727571,0.015235869381,0.0099970025016,4.4773870118e-05,0.036432697019,0.033211008275,0.010519631094,5.7715469577e-08,5.7715469562e-08,1.1666191088e-07,0.008447605337,0.0369568739,0.01696093902,0.0013427737162,0.035524492021,0.036503757541,0.0027810865469,0.0095190527137,1.8509905437e-06,1.2682528136e-17,1.3864978259e-16,1.2052546858e-16,8.1799092968e-16,0.00042596273121,4.3258101381e-05,0.0029947445533,5.1091234591e-07,5.1091234591e-07,6.8704065953e-07
4660.0,1.7707790672e-06,1.7683316638e-06,1.7683442859e-06,1.7683442859e-06,1.7683442859e-06,0.020609205346,0.010921653784,0.0066160115454,0.027341089204,0.024065150295,0.036420175592,0.015197519242,0.0099653386843,4.4335614112e-05,0.036420145136,0.03318356214,0.010487102929,5.6725729436e-08,5.6725729421e-08,1.1466132114e-07,0.0084187912404,0.036949885434,0.016921283971,0.0013349791483,0.03550605586,0.036491803496,0.0027674703334,0.0094882211989,1.8262714557e-06,1.2160096321e-17,1.3301299872e-16,1.1566945297e-16,7.8469274975e-16,0.00042290193937,4.2832947238e-05,0.0029803643595,5.033657863e-07,5.033657863e-07,6.7689255227e-07
4665.0,1.7470704062e-06,1.7446557706e-06,1.7446682237e-06,1.7446682237e-06,1.7446682237e-06,0.020568262786,0.010888542433,0.006591216924,0.027303012768,0.024024734261,0.036407627939,0.015159265632,0.0099337751539,4.3901647847e-05,0.036407597578,0.033156138686,0.010454675341,5.5752961964e-08,5.5752961949e-08,1.1269503874e-07,0.0083900754229,0.036942898289,0.016881721632,0.0013272298264,0.035487629266,0.036479853365,0.0027539207841,0.0094574895424,1.8018824792e-06,1.1679446845e-17,1.2763640967e-16,1.1098664586e-16,7.5278213043e-16,0.00041986314106,4.2411971643e-05,0.0029660532152,4.9593069504e-07,4.9593069504e-07,6.6689434019e-07
4670.0,1.7236791764e-06,1.72129687e-06,1.7213091564e-06,1.7213091564e-06,1.7213091564e-06,0.020527401562,0.010855531463,0.0065665152239,0.027264989359,0.0239843861,0.036395084608,0.015121108306,0.0099023115927,4.3471929334e-05,0.036395054343,0.033128737893,0.010422348022,5.4796876103e-08,5.4796876088e-08,1.1076247535e-07,0.0083614575494,0.036935912465,0.016842251787,0.0013195254877,0.035469212234,0.036467907147,0.0027404375728,0.0094268574207,1.7778192058e-06,1.1199701283e-17,1.2243328685e-16,1.0649407836e-16,7.2217274214e-16,0.00041684617824,4.1995133526e-05,0.002951810789,4.8860542568e-07,4.8860542568e-07,6.5704380922e-07
4675.0,1.7006011278e-06,1.6982507177e-06,1.6982628396e-06,1.6982628396e-06,1.6982628396e-06,0.020486621513,0.010822620571,0.0065419060969,0.027227018901,0.023944105698,0.036382545598,0.015083047023,0.0098709476842,4.3046416995e-05,0.03638251543,0.033101359743,0.010390120659,5.3857185786e-08,5.3857185772e-08,1.0886305274e-07,0.0083329372857,0.036928927962,0.016802874219,0.0013118658712,0.035450804761,0.036455964842,0.0027270203746,0.0093963245116,1.7540772858e-06,1.0762131152e-17,1.1748876934e-16,1.021410769e-16,6.9277525171e-16,0.000413850894,4.1582392224e-05,0.0029376367509,4.8138835605e-07,4.8138835605e-07,6.4733877799e-07
4680.0,1.6778320673e-06,1.6755131265e-06,1.6755250861e-06,1.6755250861e-06,1.675525086e-06,0.020445922478,0.010789809452,0.0065173891959,0.027189101321,0.023903892942,0.036370010909,0.015045081541,0.0098396831127,4.2625069661e-05,0.036369980836,0.033074004218,0.010357992944,5.2933609854e-08,5.2933609839e-08,1.0699620259e-07,0.008304514299,0.03692194478,0.016763588712,0.0013042507172,0.03543240684,0.036444026447,0.0027136688664,0.0093658904937,1.7306524277e-06,1.0325133865e-17,1.127203435e-16,9.7978161999e-17,6.6459268355e-16,0.00041087713258,4.1173707472e-05,0.0029235307725,4.7427788797e-07,4.7427788797e-07,6.3777709738e-07
4685.0,1.6553678579e-06,1.653079965e-06,1.6530917644e-06,1.6530917644e-06,1.6530917644e-06,0.020405304296,0.010757097805,0.0064929641754,0.027151236546,0.023863747717,0.036357480538,0.015007211619,0.0098085175636,4.2207846561e-05,0.03635745056,0.033046671298,0.01032596457,5.2025871965e-08,5.2025871951e-08,1.0516136632e-07,0.0082761882575,0.036914962919,0.016724395052,0.0012966797676,0.035414018467,0.036432091961,0.0027003827265,0.0093355550468,1.7075403974e-06,9.8883882308e-18,1.0812386098e-16,9.400543894e-17,6.3754054658e-16,0.00040792473931,4.0769039401e-05,0.002909492527,4.6727244685e-07,4.6727244685e-07,6.2835664998e-07
4690.0,1.633204418e-06,1.6309471573e-06,1.6309587988e-06,1.6309587988e-06,1.6309587987e-06,0.020364766805,0.010724485328,0.0064686306911,0.027113424501,0.023823669911,0.036344954483,0.014969437017,0.0097774507233,4.1794707329e-05,0.036344924602,0.033019360965,0.010294035229,5.1133700521e-08,5.1133700507e-08,1.0335799495e-07,0.0082479588306,0.036907982378,0.016685293023,0.0012891527659,0.035395639637,0.036420161384,0.0026871616348,0.0093053178516,1.684737017e-06,9.4955438489e-18,1.0370074274e-16,9.0172349125e-17,6.1161562625e-16,0.00040499356067,4.0368348533e-05,0.0028955216893,4.6037048137e-07,4.6037048137e-07,6.1907534968e-07
4695.0,1.6113377207e-06,1.609110682e-06,1.6091221676e-06,1.6091221676e-06,1.6091221676e-06,0.020324309847,0.010691971721,0.0064443883998,0.027075665114,0.02378365941,0.036332432745,0.014931757493,0.0097464822792,4.1385611989e-05,0.036332402958,0.0329920732,0.010262204614,5.0256828578e-08,5.0256828564e-08,1.015855489e-07,0.0082198256887,0.036901003156,0.016646282411,0.001281669457,0.035377270344,0.036408234714,0.002674005273,0.0092751785898,1.6622381648e-06,9.1031689083e-18,9.9449536277e-17,8.6546190881e-17,5.8673200502e-16,0.00040208344421,3.9971595779e-05,0.0028816179356,4.535704631e-07,4.535704631e-07,6.0993114115e-07
4700.0,1.5897637928e-06,1.5875665716e-06,1.5875779034e-06,1.5875779034e-06,1.5875779034e-06,0.02028393326,0.010659556682,0.0064202369599,0.027037958311,0.023743716101,0.03631991532,0.01489417281,0.0097156119197,4.0980520961e-05,0.036319885629,0.032964807985,0.010230472422,4.939499377e-08,4.9394993757e-08,9.9843497827e-08,0.0081917885035,0.036894025255,0.016607363004,0.0012742295871,0.035358910585,0.036396311949,0.0026609133242,0.0092451369444,1.640039774e-06,8.7528816681e-18,9.5373088294e-17,8.2976347155e-17,5.6288914775e-16,0.00039919423859,3.9578742435e-05,0.0028677809438,4.4687088622e-07,4.4687088622e-07,6.0092199947e-07
4705.0,1.5684787146e-06,1.5663109116e-06,1.5663220917e-06,1.5663220917e-06,1.5663220917e-06,0.020243636885,0.010627239915,0.0063961760309,0.027000304019,0.023703839871,0.036307402208,0.014856682728,0.0096848393342,4.0579395047e-05,0.036307372612,0.032937565301,0.010198838346,4.8547938233e-08,4.854793822e-08,9.8131320515e-08,0.0081638469477,0.036887048673,0.016568534586,0.0012668329042,0.035340560354,0.036384393089,0.0026478854729,0.0092151925992,1.618137832e-06,8.4030974114e-18,9.1470112513e-17,7.9613476314e-17,5.4000050238e-16,0.00039632579355,3.9189750175e-05,0.0028540103934,4.4027026713e-07,4.4027026713e-07,5.9204592958e-07
4710.0,1.5474786187e-06,1.54533984e-06,1.5453508705e-06,1.5453508705e-06,1.5453508704e-06,0.020203420563,0.01059502112,0.0063722052736,0.026962702164,0.023664030607,0.036294893407,0.01481928701,0.0096541642129,4.0182195438e-05,0.036294863906,0.032910345129,0.010167302084,4.7715408521e-08,4.7715408509e-08,9.6448504665e-08,0.0081360006952,0.03688007341,0.016529796947,0.0012594791576,0.035322219645,0.036372478131,0.0026349214053,0.009185345239,1.5965283799e-06,8.0541005958e-18,8.7740586234e-17,7.6406855042e-17,5.1806623263e-16,0.00039347795992,3.8804581053e-05,0.0028403059654,4.3376714414e-07,4.3376714414e-07,5.8330096592e-07
4715.0,1.5267596895e-06,1.5246495466e-06,1.5246604293e-06,1.5246604293e-06,1.5246604293e-06,0.020163284135,0.010562900002,0.00634832435,0.026925152675,0.023624288198,0.036282388915,0.014781985417,0.0096235862472,3.9788883701e-05,0.036282359509,0.03288314745,0.010135863334,4.6897155538e-08,4.6897155526e-08,9.479454677e-08,0.0081082494209,0.036873099466,0.016491149873,0.0012521680981,0.035303888455,0.036360567076,0.0026220208093,0.0091555945498,1.5752075116e-06,7.747171848e-18,8.418453208e-17,7.3286791862e-17,4.9699674818e-16,0.0003906505896,3.8423197492e-05,0.0028266673423,4.2736007717e-07,4.2736007717e-07,5.7468517195e-07
4720.0,1.5063181626e-06,1.504236272e-06,1.504247009e-06,1.504247009e-06,1.504247009e-06,0.020123227442,0.010530876263,0.0063245329235,0.026887655477,0.023584612531,0.036269888732,0.014744777714,0.0095931051294,3.9399421782e-05,0.036269859421,0.032855972247,0.010104521794,4.6092934457e-08,4.6092934445e-08,9.3168951956e-08,0.0080805928008,0.036866126841,0.016452593152,0.0012448994778,0.035285566778,0.036348659921,0.002609183374,0.0091259402184,1.5541713732e-06,7.4407313103e-18,8.0799948747e-17,7.033993878e-17,4.7679745414e-16,0.00038784353554,3.8045562288e-05,0.002813094208,4.210476474e-07,4.2104764741e-07,5.6619663973e-07
4725.0,1.4861503238e-06,1.4840963073e-06,1.4841069006e-06,1.4841069006e-06,1.4841069006e-06,0.020083250326,0.010498949608,0.0063008306587,0.026850210498,0.023545003494,0.036257392855,0.014707663662,0.0095627205528,3.9013771998e-05,0.036257363639,0.032828819501,0.010073277163,4.5302504651e-08,4.5302504638e-08,9.1571233834e-08,0.0080530305122,0.036859155534,0.016414126575,0.0012376730504,0.035267254609,0.036336756665,0.0025964087901,0.0090963819329,1.5334161624e-06,7.1344151112e-18,7.7501038341e-17,6.7479471601e-17,4.5737598518e-16,0.00038505665176,3.76716386e-05,0.0027995862482,4.1482845697e-07,4.1482845697e-07,5.5783348952e-07
4730.0,1.4662525087e-06,1.4642259931e-06,1.4642364446e-06,1.4642364446e-06,1.4642364446e-06,0.020043352628,0.010467119744,0.0062772172215,0.026812817665,0.023505460974,0.036244901283,0.014670643028,0.0095324322116,3.8631897034e-05,0.036244872161,0.032801689192,0.010042129142,4.4525629618e-08,4.4525629605e-08,9.000091436e-08,0.0080255622334,0.036852185546,0.016375749929,0.001230488571,0.035248951944,0.036324857307,0.0025836967501,0.009066919382,1.5129381273e-06,6.8285197594e-18,7.4374346686e-17,6.4705729484e-17,4.3873572171e-16,0.00038228979333,3.730138995e-05,0.00278614315,4.0870112866e-07,4.0870112866e-07,5.4959386933e-07
4735.0,1.4466211022e-06,1.4446217192e-06,1.4446320308e-06,1.4446320308e-06,1.4446320308e-06,0.020003534191,0.010435386377,0.0062536922789,0.026775476906,0.023465984861,0.036232414015,0.014633715576,0.009502239801,3.8253759942e-05,0.036232384988,0.032774581303,0.010011077432,4.3762076912e-08,4.37620769e-08,8.8457523683e-08,0.0079981876436,0.036845216875,0.016337463005,0.0012233457961,0.035230658777,0.036312961846,0.0025710469477,0.0090375522559,1.4927335666e-06,6.5650157418e-18,7.133736848e-17,6.2105350172e-17,4.2087618009e-16,0.00037954281635,3.6934780219e-05,0.0027727646018,4.0266430559e-07,4.0266430559e-07,5.4147595453e-07
4740.0,1.4272525372e-06,1.4252799237e-06,1.4252900971e-06,1.4252900971e-06,1.4252900971e-06,0.019963794857,0.010403749214,0.0062302554994,0.026738188149,0.023426575043,0.036219931049,0.014596881071,0.0094721430173,3.7879324134e-05,0.036219902116,0.032747495815,0.0099801217353,4.3011618075e-08,4.3011618063e-08,8.6940600013e-08,0.0079709064234,0.036838249523,0.016299265593,0.0012162444835,0.035212375103,0.03630107028,0.0025584590782,0.0090082802454,1.4727988281e-06,6.3016749481e-18,6.8472661794e-17,5.9574640109e-17,4.0379358848e-16,0.00037681557797,3.6571773643e-05,0.0027594502938,3.9671665094e-07,3.9671665094e-07,5.3347794743e-07
4745.0,1.4081432947e-06,1.4061970921e-06,1.4062071294e-06,1.4062071294e-06,1.4062071294e-06,0.01992413447,0.010372207963,0.0062069065525,0.026700951319,0.023387231408,0.036207452383,0.014560139279,0.0094421415576,3.7508553383e-05,0.036207423545,0.03272043271,0.0099492617551,4.2274028565e-08,4.2274028553e-08,8.5449689477e-08,0.0079437182544,0.036831283487,0.016261157483,0.0012091843927,0.035194100918,0.036289182609,0.0025459328383,0.0089791030424,1.4531303084e-06,6.0387984562e-18,6.5694867621e-17,5.7147200221e-17,3.8740456012e-16,0.00037410793635,3.6212334808e-05,0.0027461999174,3.9085684762e-07,3.9085684762e-07,5.2559807691e-07
4750.0,1.3892899025e-06,1.3873697574e-06,1.3873796602e-06,1.3873796602e-06,1.3873796602e-06,0.019884552872,0.010340762335,0.0061836451091,0.026663766347,0.023347953845,0.036194978017,0.014523489967,0.0094122351199,3.7141411813e-05,0.036194949273,0.032693391968,0.0099184971954,4.154908769e-08,4.1549087679e-08,8.3984345985e-08,0.0079166228191,0.036824318769,0.016223138467,0.0012021652844,0.035175836216,0.03627729883,0.0025334679264,0.00895002034,1.4337244523e-06,5.7763679703e-18,6.3002477965e-17,5.480638938e-17,3.7162356167e-16,0.00037141975067,3.585642865e-05,0.0027330131658,3.85083598e-07,3.85083598e-07,5.17834598e-07
4755.0,1.3706889353e-06,1.3687944986e-06,1.3688042689e-06,1.3688042689e-06,1.3688042689e-06,0.019845049906,0.010309412038,0.0061604708412,0.026626633158,0.023308742244,0.036182507948,0.014486932902,0.0093824234033,3.6777863901e-05,0.036182479299,0.032666373572,0.0098878277613,4.0836578545e-08,4.0836578534e-08,8.25441311e-08,0.0078896198012,0.036817355369,0.016185208337,0.0011951869206,0.035157580993,0.036265418943,0.0025210640422,0.0089210318321,1.4145777521e-06,5.5560160216e-18,6.0399782934e-17,5.2568986086e-17,3.5653385638e-16,0.00036875088115,3.5504020448e-05,0.0027198897334,3.7939562363e-07,3.7939562363e-07,5.1018579152e-07
4760.0,1.3523370132e-06,1.3504679408e-06,1.3504775803e-06,1.3504775803e-06,1.3504775803e-06,0.019805625418,0.010278156785,0.0061373834222,0.026589551682,0.023269596493,0.036170042175,0.014450467852,0.0093527061079,3.6417874472e-05,0.03617001362,0.032639377503,0.0098572531585,4.0136287941e-08,4.013628793e-08,8.1128613899e-08,0.0078627088857,0.036810393284,0.016147366885,0.0011882490648,0.035139335244,0.036253542946,0.0025087208868,0.0088921372135,1.3956867469e-06,5.3361850187e-18,5.7967778231e-17,5.0401537574e-17,3.4205440223e-16,0.00036610118898,3.5155075824e-05,0.0027068293162,3.7379166491e-07,3.7379166491e-07,5.0264996366e-07
4765.0,1.3342308019e-06,1.3323867542e-06,1.3323962646e-06,1.3323962646e-06,1.3323962646e-06,0.01976627925,0.010246996286,0.0061143825266,0.026552521846,0.023230516483,0.036157580698,0.014414094586,0.0093230829346,3.6061408695e-05,0.036157552236,0.032612403742,0.0098267730938,3.9448006349e-08,3.9448006339e-08,7.9737370852e-08,0.0078358897584,0.036803432517,0.016109613903,0.0011813514819,0.035121098964,0.036241670838,0.0024964381631,0.0088633361803,1.3770480219e-06,5.1168485456e-18,5.5623808378e-17,4.8304011811e-17,3.2817661548e-16,0.00036347053636,3.4809560737e-05,0.0026938316117,3.6827048088e-07,3.6827048088e-07,4.9522544564e-07
4770.0,1.3163670116e-06,1.3145476536e-06,1.3145570366e-06,1.3145570366e-06,1.3145570366e-06,0.019727011247,0.010215930255,0.0060914678301,0.026515543578,0.023191502101,0.036145123513,0.014377812872,0.0092935535852,3.570843208e-05,0.036145095146,0.032585452271,0.009796387275,3.877152783e-08,3.877152782e-08,7.8369985691e-08,0.0078091621061,0.036796473065,0.016071949185,0.0011744939382,0.035102872147,0.036229802618,0.0024842155751,0.0088346284294,1.3586582081e-06,4.8982933038e-18,5.3367941547e-17,4.6309912782e-17,3.1482229591e-16,0.00036085878649,3.4467441479e-05,0.0026808963186,3.6283084888e-07,3.6283084888e-07,4.8791059334e-07
4775.0,1.2987423966e-06,1.2969473976e-06,1.2969566551e-06,1.2969566551e-06,1.296956655e-06,0.019687821254,0.010184958405,0.0060686390096,0.026478616806,0.02315255324,0.03613267062,0.014341622481,0.0092641177628,3.5358910473e-05,0.036132642347,0.032558523073,0.0097660954108,3.8106649979e-08,3.8106649968e-08,7.7026049287e-08,0.007782525617,0.03678951493,0.016034372524,0.0011676762012,0.03508465479,0.036217938284,0.0024720528284,0.0088060136585,1.3405139815e-06,4.6801462723e-18,5.1197396418e-17,4.4419556702e-17,3.0198736888e-16,0.00035826580353,3.4128684676e-05,0.0026680231373,3.5747156435e-07,3.5747156435e-07,4.8070378691e-07
4780.0,1.2813537545e-06,1.2795827885e-06,1.279591922e-06,1.279591922e-06,1.279591922e-06,0.019648709116,0.010154080451,0.0060458957434,0.026441741459,0.023113669787,0.036120222018,0.014305523181,0.009234775171,3.5012810057e-05,0.036120193838,0.032531616127,0.0097358972104,3.7453173859e-08,3.7453173849e-08,7.5705159525e-08,0.0077559799801,0.03678255811,0.015996883715,0.0011608980398,0.035066446887,0.036206077836,0.00245994963,0.0087774915667,1.3226120623e-06,4.5040689924e-18,4.9113562796e-17,4.2582111987e-17,2.8967522592e-16,0.00035569145263,3.379325728e-05,0.0026552117697,3.5219144047e-07,3.5219144047e-07,4.7360343043e-07
4785.0,1.2641979261e-06,1.2624506712e-06,1.2624596824e-06,1.2624596824e-06,1.2624596824e-06,0.019609674678,0.010123296108,0.0060232377109,0.026404917465,0.023074851635,0.036107777704,0.014269514744,0.0092055255146,3.4670097344e-05,0.036107749618,0.032504731417,0.0097057923845,3.6810903946e-08,3.6810903936e-08,7.4406921188e-08,0.0077295248856,0.036775602606,0.015959482552,0.0011541592243,0.035048248433,0.036194221271,0.0024479056884,0.0087490618537,1.3049492145e-06,4.3281690437e-18,4.7114939103e-17,4.0848310357e-17,2.7788421737e-16,0.00035313559992,3.3461126569e-05,0.0026424619189,3.46989308e-07,3.46989308e-07,4.6660795156e-07
4790.0,1.2472717941e-06,1.2455479329e-06,1.2455568235e-06,1.2455568235e-06,1.2455568235e-06,0.019570717786,0.010092605093,0.0060006645925,0.026368144753,0.023036098672,0.036095337677,0.014233596942,0.0091763684992,3.4330739174e-05,0.036095309685,0.032477868923,0.0096757806443,3.6179648071e-08,3.6179648061e-08,7.3130945835e-08,0.0077031600246,0.036768648417,0.01592216883,0.0011474595263,0.035030059423,0.036182368589,0.0024359207135,0.0087207242203,1.2875222456e-06,4.1527577811e-18,4.5204313087e-17,3.9201120297e-17,2.6660832323e-16,0.00035059811248,3.3132260142e-05,0.0026297732894,3.4186401494e-07,3.4186401494e-07,4.5971580117e-07
4795.0,1.2305722832e-06,1.2288715025e-06,1.2288802741e-06,1.2288802741e-06,1.228880274e-06,0.019531838286,0.010062007122,0.0059781760702,0.02633142325,0.022997410789,0.036082901937,0.014197769545,0.0091473038315,3.3994702713e-05,0.036082874038,0.032451028627,0.0096458617019,3.5559217357e-08,3.5559217348e-08,7.1876851687e-08,0.0076768850893,0.036761695543,0.015884942345,0.0011407987188,0.035011879852,0.036170519789,0.0024239944166,0.0086924783683,1.2703280055e-06,3.9781275836e-18,4.3380330898e-17,3.7657695636e-17,2.5576960945e-16,0.00034807885833,3.2806625917e-05,0.0026171455875,3.3681442631e-07,3.3681442631e-07,4.5292545302e-07
4800.0,1.2140963593e-06,1.21241835e-06,1.2124270041e-06,1.2124270041e-06,1.2124270041e-06,0.019493036024,0.010031501913,0.0059557718268,0.026294752887,0.022958787878,0.036070470481,0.014162032327,0.0091183312189,3.3661955448e-05,0.036070442676,0.032424210511,0.0096160352705,3.4949426168e-08,3.4949426159e-08,7.0644263512e-08,0.0076506997732,0.036754743984,0.015847802892,0.001134176576,0.034993709716,0.036158674869,0.0024121265104,0.0086643240006,1.2533633862e-06,3.8039211094e-18,4.164439267e-17,3.6097418698e-17,2.4536519778e-16,0.00034557770647,3.2484192126e-05,0.0026045785204,3.318394239e-07,3.318394239e-07,4.4623540342e-07
4805.0,1.1978410287e-06,1.196185486e-06,1.1961940242e-06,1.1961940242e-06,1.1961940242e-06,0.019454310846,0.010001089185,0.0059334515465,0.026258133591,0.022920229829,0.036058043307,0.014126385061,0.00908945037,3.3332465182e-05,0.036058015596,0.032397414556,0.009586301064,3.4350092052e-08,3.4350092042e-08,6.9432812512e-08,0.0076246037705,0.036747793739,0.01581075027,0.0011275928734,0.03497554901,0.036146833827,0.002400316709,0.0086362608207,1.2366253212e-06,3.630117853e-18,3.9910436945e-17,3.4607003784e-17,2.3539332947e-16,0.00034309452682,3.2164927316e-05,0.0025920717971,3.2693790602e-07,3.2693790602e-07,4.3964417089e-07
4810.0,1.1818033379e-06,1.1801699611e-06,1.180178385e-06,1.180178385e-06,1.180178385e-06,0.0194156626,0.0099707686581,0.0059112149147,0.026221565291,0.022881736533,0.036045620415,0.01409082752,0.0090606609941,3.3006200035e-05,0.036045592797,0.032370640745,0.0095566587973,3.3761035682e-08,3.3761035673e-08,6.8242136215e-08,0.0075985967767,0.036740844809,0.015773784273,0.001121047388,0.034957397728,0.036134996663,0.002388564728,0.0086082885333,1.220110785e-06,3.4979752952e-18,3.8263008766e-17,3.3237201997e-17,2.258541164e-16,0.00034062919024,3.1848800339e-05,0.0025796251279,3.2210878724e-07,3.2210878724e-07,4.3315029582e-07
4815.0,1.1659803731e-06,1.1643688653e-06,1.1643771764e-06,1.1643771764e-06,1.1643771764e-06,0.019377091133,0.0099405400524,0.0058890616179,0.026185047917,0.022843307881,0.036033201803,0.014055359478,0.0090319628015,3.268312844e-05,0.036033174278,0.032343889059,0.0095271081861,3.3182080812e-08,3.3182080803e-08,6.7071878362e-08,0.0075726784881,0.036733897192,0.015736904701,0.0011145398978,0.034939255866,0.036123163376,0.0023768702843,0.0085804068442,1.2038167925e-06,3.3666165194e-18,3.6702190213e-17,3.1833593075e-17,2.1666047944e-16,0.00033818156852,3.1535780356e-05,0.0025672382243,3.1735099818e-07,3.1735099818e-07,4.2675234016e-07
4820.0,1.1503692593e-06,1.1487793277e-06,1.1487875275e-06,1.1487875275e-06,1.1487875275e-06,0.019338596292,0.0099104030893,0.0058669913437,0.026148581398,0.022804943765,0.03602078747,0.01401998071,0.0090033555034,3.2363219137e-05,0.036020760038,0.032317159479,0.0094976489471,3.2613054213e-08,3.2613054204e-08,6.5921688805e-08,0.0075468486022,0.03672695089,0.01570011135,0.0011080701824,0.034921123419,0.036111333963,0.0023652330961,0.0085526154598,1.1877403984e-06,3.2356726478e-18,3.5227947917e-17,3.0550604346e-17,2.0781692251e-16,0.00033575153436,3.1225836832e-05,0.0025549107994,3.1266348524e-07,3.1266348524e-07,4.2044888713e-07
4825.0,1.1349671601e-06,1.1333985157e-06,1.1334066058e-06,1.1334066058e-06,1.1334066058e-06,0.019300177924,0.0098803574909,0.0058450037811,0.026112165662,0.022766644077,0.036008377413,0.013984690992,0.0089748388119,3.2046441174e-05,0.036008350074,0.032290451988,0.0094682807976,3.205378563e-08,3.2053785622e-08,6.4791223403e-08,0.0075211068175,0.036720005901,0.01566340402,0.0011016380224,0.034903000382,0.036099508425,0.0023536528832,0.0085249140877,1.1718786969e-06,3.1051324023e-18,3.3755552616e-17,2.9337608997e-17,1.9940420613e-16,0.0003333389614,3.0918939529e-05,0.0025426425676,3.080452104e-07,3.080452104e-07,4.1423854083e-07
4830.0,1.1197712769e-06,1.1182236349e-06,1.1182316166e-06,1.1182316166e-06,1.1182316166e-06,0.019261835879,0.0098504029804,0.00582309862,0.026075800639,0.022728408708,0.035995971632,0.013949490099,0.0089464124402,3.1732763899e-05,0.035995944386,0.032263766567,0.0094390034562,3.1504107727e-08,3.1504107718e-08,6.3680143911e-08,0.0074954528336,0.036713062225,0.015626782509,0.0010952431999,0.03488488675,0.036087686758,0.0023421293666,0.0084973024364,1.1562288207e-06,2.9746527177e-18,3.2372319497e-17,2.810766011e-17,1.9133341127e-16,0.00033094372415,3.0615058509e-05,0.0025304332447,3.0349515095e-07,3.0349515095e-07,4.0811992602e-07
4835.0,1.1047788489e-06,1.103251928e-06,1.1032598028e-06,1.1032598028e-06,1.1032598028e-06,0.019223570004,0.0098205392816,0.0058012755517,0.026039486259,0.02269023755,0.035983570125,0.013914377808,0.008918076102,3.1422156963e-05,0.035983542972,0.032237103197,0.0094098166419,3.0963856036e-08,3.0963856028e-08,6.258811789e-08,0.0074698863509,0.036706119862,0.015590246616,0.0010888854981,0.034866782519,0.036075868963,0.0023306622688,0.0084697802153,1.1407879411e-06,2.8448865137e-18,3.1072586686e-17,2.6998240825e-17,1.83524191e-16,0.00032856569807,3.0314164126e-05,0.0025182825479,2.9901229929e-07,2.9901229929e-07,4.0209168776e-07
4840.0,1.0899871519e-06,1.0884806747e-06,1.0884884441e-06,1.0884884441e-06,1.0884884441e-06,0.019185380148,0.0097907661191,0.0057795342686,0.026003222451,0.022652130495,0.035971172891,0.013879353895,0.0088898295124,3.1114590312e-05,0.03597114583,0.032210461862,0.009380720075,3.0432868911e-08,3.0432868903e-08,6.1514818598e-08,0.007444407071,0.036699178812,0.015553796143,0.0010825647016,0.034848687683,0.036064055038,0.0023192513135,0.0084423471347,1.125553267e-06,2.7154658166e-18,2.9775302849e-17,2.5855220223e-17,1.7606303146e-16,0.00032620475947,3.0016227026e-05,0.0025061901956,2.9459566273e-07,2.9459566273e-07,3.961524911e-07
4845.0,1.0753934984e-06,1.0739071912e-06,1.0739148566e-06,1.0739148566e-06,1.0739148566e-06,0.01914726616,0.0097610832186,0.005757874464,0.025967009144,0.022614087437,0.035958779927,0.013844418139,0.008861672387,3.0810034188e-05,0.035958752959,0.032183842542,0.0093517134763,2.9910987478e-08,2.991098747e-08,6.0459924898e-08,0.0074190146966,0.036692239074,0.015517430887,0.001076280596,0.034830602237,0.036052244982,0.0023078962259,0.008415002906,1.1105220446e-06,2.5863872546e-18,2.8561562536e-17,2.4832642352e-17,1.6886297041e-16,0.00032386078556,2.9721218146e-05,0.0024941559076,2.9024426321e-07,2.9024426321e-07,3.9030102085e-07
4850.0,1.060995237e-06,1.0595288296e-06,1.0595363924e-06,1.0595363924e-06,1.0595363924e-06,0.01910922789,0.0097314903063,0.0057362958327,0.025930846268,0.022576108267,0.035946391234,0.013809570317,0.0088336044425,3.0508459123e-05,0.035946364358,0.032157245219,0.0093227965678,2.9398055587e-08,2.9398055579e-08,5.9423121161e-08,0.0073937089312,0.036685300649,0.015481150652,0.0010700329685,0.034812526177,0.036040438793,0.0022965967324,0.0083877472414,1.095691557e-06,2.4992434266e-18,2.7437042216e-17,2.3776372996e-17,1.6201296477e-16,0.00032153365446,2.9429108705e-05,0.0024821794053,2.8595713714e-07,2.8595713714e-07,3.8453598121e-07
4855.0,1.0467897513e-06,1.0453429775e-06,1.045350439e-06,1.045350439e-06,1.045350439e-06,0.019071265186,0.0097019871095,0.0057147980705,0.025894733753,0.022538192878,0.035934006808,0.013774810208,0.0088056253965,3.0209835938e-05,0.035933980025,0.032130669875,0.0092939690721,2.8893919765e-08,2.8893919757e-08,5.8404097167e-08,0.0073684894794,0.036678363536,0.015444955237,0.0010638216073,0.034794459498,0.036028636471,0.0022853525609,0.008360579854,1.0810591234e-06,2.4104112423e-18,2.6309396695e-17,2.2840745885e-17,1.5542230204e-16,0.00031922324514,2.9139870206e-05,0.0024702604111,2.8173333514e-07,2.8173333514e-07,3.7885609555e-07
4860.0,1.0327744606e-06,1.0313470573e-06,1.031354419e-06,1.031354419e-06,1.031354419e-06,0.0190333779,0.0096725733563,0.0056933808742,0.025858671529,0.022500341162,0.035921626649,0.013740137592,0.0087777349674,2.9914135739e-05,0.035921599959,0.032104116492,0.0092652307127,2.8398429172e-08,2.8398429165e-08,5.7402548019e-08,0.0073433560469,0.036671427734,0.015408844445,0.0010576463019,0.034776402195,0.036016838013,0.0022741634405,0.008333500458,1.0666220989e-06,2.3219877775e-18,2.526955017e-17,2.1871343544e-17,1.4909235227e-16,0.00031692943744,2.8853474433e-05,0.0024583986489,2.7757192188e-07,2.7757192188e-07,3.7326010606e-07
4865.0,1.0189468182e-06,1.0175385262e-06,1.0175457892e-06,1.0175457892e-06,1.0175457892e-06,0.01899556588,0.0096432487754,0.0056720439421,0.025822659525,0.022462553014,0.035909250756,0.013705552247,0.0087499328746,2.9621329915e-05,0.035909224157,0.032077585052,0.009236581214,2.7911435555e-08,2.7911435548e-08,5.6418174048e-08,0.0073183083403,0.036664493244,0.015372818077,0.0010515068429,0.034758354262,0.036005043419,0.0022630291017,0.0083065087684,1.0523778739e-06,2.2342835348e-18,2.4230940175e-17,2.1022490987e-17,1.4302573054e-16,0.00031465211207,2.8569893448e-05,0.0024465938439,2.7347197581e-07,2.7347197581e-07,3.6774677355e-07
4870.0,1.0053043117e-06,1.0039148751e-06,1.0039220409e-06,1.0039220409e-06,1.0039220409e-06,0.018957828977,0.0096140130965,0.0056507869732,0.025786697673,0.022424828326,0.035896879126,0.013671053955,0.0087222188382,2.9331390136e-05,0.03589685262,0.032051075537,0.0092080203014,2.7432793202e-08,2.7432793195e-08,5.5450680724e-08,0.0072933460671,0.036657560066,0.015336875937,0.0010454030224,0.034740315696,0.035993252687,0.0022519492762,0.0082796045011,1.0383238737e-06,2.1466382859e-18,2.3275924236e-17,2.0156913104e-17,1.3722006839e-16,0.00031239115059,2.8289099585e-05,0.0024348457225,2.6943258904e-07,2.6943258904e-07,3.6231487711e-07
4875.0,9.9184446247e-07,9.904736288e-07,9.9048069868e-07,9.9048069868e-07,9.9048069867e-07,0.018920167043,0.0095848660501,0.0056296096679,0.025750785901,0.022387166992,0.035884511758,0.013636642496,0.0086945925795,2.9044288348e-05,0.035884485344,0.032024587928,0.0091795477008,2.6962358901e-08,2.6962358893e-08,5.4499778566e-08,0.0072684689361,0.036650628198,0.015301017827,0.0010393346333,0.034722286491,0.035981465816,0.0022409236973,0.008252787373,1.0244575579e-06,2.0593860415e-18,2.2323473586e-17,1.9378180572e-17,1.316717868e-16,0.00031014643542,2.8011065451e-05,0.0024231540128,2.6545286705e-07,2.6545286705e-07,3.5696321387e-07
4880.0,9.7856482486e-07,9.7721234506e-07,9.7721932028e-07,9.7721932028e-07,9.7721932027e-07,0.018882579928,0.0095558073676,0.0056085117276,0.02571492414,0.022349568906,0.035872148651,0.013602317653,0.0086670538203,2.8759996773e-05,0.035872122329,0.031998122207,0.0091511631393,2.6499991894e-08,2.6499991887e-08,5.356518306e-08,0.0072436766568,0.036643697641,0.015265243551,0.0010333014701,0.034704266643,0.035969682805,0.0022299520992,0.0082260571018,1.0107764201e-06,1.9728386685e-18,2.1454579374e-17,1.8599549837e-17,1.2629588286e-16,0.00030791784983,2.7735763924e-05,0.0024115184437,2.6153192854e-07,2.6153192854e-07,3.5169059871e-07
4885.0,9.6546298608e-07,9.641286144e-07,9.6413549623e-07,9.6413549623e-07,9.6413549622e-07,0.018845067484,0.0095268367811,0.005587492855,0.025679112321,0.02231203396,0.035859789804,0.013568079205,0.0086396022837,2.8478487903e-05,0.035859763574,0.031971678357,0.0091228663447,2.6045553839e-08,2.6045553832e-08,5.2646614568e-08,0.0072189689398,0.036636768395,0.015229552913,0.0010273033283,0.034686256146,0.035957903653,0.0022190342178,0.0081994134063,9.9727798732e-07,1.8863303967e-18,2.0586751528e-17,1.7821115766e-17,1.2117771619e-16,0.00030570527791,2.7463168146e-05,0.0023999387456,2.5766890524e-07,2.5766890524e-07,3.4649586405e-07
4890.0,9.525365656e-07,9.5122005959e-07,9.5122684928e-07,9.5122684928e-07,9.5122684927e-07,0.018807629562,0.0094979540235,0.0055665527537,0.025643350374,0.02227456205,0.035847435214,0.013533926938,0.0086122376932,2.81997345e-05,0.035847409076,0.031945256359,0.0090946570455,2.5598908766e-08,2.5598908759e-08,5.174379825e-08,0.0071943454967,0.036629840459,0.015193945717,0.0010213400046,0.034668254996,0.035946128358,0.00220816979,0.0081728560061,9.8395981958e-07,1.8001998911e-18,1.9718698349e-17,1.7112559579e-17,1.1623373737e-16,0.00030350860459,2.7193251525e-05,0.0023884146505,2.538629417e-07,2.538629417e-07,3.4137785952e-07
4895.0,9.3978321477e-07,9.3848433524e-07,9.3849103402e-07,9.3849103402e-07,9.3849103401e-07,0.018770266014,0.0094691588284,0.0055456911285,0.02560763823,0.022237153068,0.035835084881,0.013499860632,0.0085849597737,2.7923709594e-05,0.035835058835,0.031918856196,0.0090665349713,2.5159923036e-08,2.5159923029e-08,5.0856463978e-08,0.0071698060401,0.036622913833,0.015158421769,0.0010154112968,0.034650263188,0.035934356919,0.0021973585541,0.0081463846217,9.7081950957e-07,1.7144428305e-18,1.8938606472e-17,1.6437701207e-17,1.1154780592e-16,0.00030132771564,2.6925987728e-05,0.0023769458911,2.5011319511e-07,2.5011319511e-07,3.3633545177e-07
4900.0,9.2720061639e-07,9.2591912734e-07,9.2592573644e-07,9.2592573644e-07,9.2592573643e-07,0.018732976693,0.0094404509306,0.0055249076854,0.025571975819,0.022199806911,0.035822738803,0.013465880073,0.0085577682505,2.7650386477e-05,0.035822712848,0.031892477849,0.0090384998524,2.4728465301e-08,2.4728465294e-08,4.9984346256e-08,0.0071453502835,0.036615988517,0.015122980874,0.0010095170041,0.034632280717,0.035922589335,0.0021866002498,0.0081199989744,9.5785468208e-07,1.6293737045e-18,1.8157044721e-17,1.5729240799e-17,1.0703533412e-16,0.00029916249764,2.6661350683e-05,0.002365532202,2.464188351e-07,2.464188351e-07,3.3136752418e-07
4905.0,9.147864843e-07,9.1352215289e-07,9.1352867349e-07,9.1352867349e-07,9.1352867348e-07,0.018695761451,0.0094118300654,0.0055042021312,0.025536363072,0.022162523471,0.035810396978,0.013431985044,0.0085306628501,2.7379738705e-05,0.035810371115,0.031866121299,0.0090105514199,2.4304406466e-08,2.430440646e-08,4.9127184142e-08,0.0071209779415,0.03660906451,0.015087622837,0.0010036569266,0.034614307578,0.035910825604,0.0021758946178,0.0080936987867,9.4506299361e-07,1.5443310486e-18,1.7378853104e-17,1.5124259651e-17,1.0269715276e-16,0.00029701283798,2.6399314574e-05,0.0023541733185,2.4277904356e-07,2.4277904356e-07,3.2647297661e-07
4910.0,9.0253856291e-07,9.0129115942e-07,9.0129759272e-07,9.0129759272e-07,9.0129759272e-07,0.018658620141,0.0093832959688,0.0054835741742,0.02550079992,0.022125302645,0.035798059405,0.01339817533,0.0085036432996,2.7111740089e-05,0.035798033634,0.03183978653,0.0089826894057,2.3887619652e-08,2.3887619646e-08,4.8284721168e-08,0.0070966887296,0.036602141813,0.015052347466,0.00099783086575,0.034596343767,0.035899065726,0.0021652414002,0.0080674837818,9.3244213199e-07,1.5015694899e-18,1.668553773e-17,1.4519370234e-17,9.8533795691e-17,0.00029487862487,2.6139853838e-05,0.0023428689777,2.3919301448e-07,2.3919301448e-07,3.2165072519e-07
4915.0,8.9045462687e-07,8.8922392466e-07,8.8923027182e-07,8.8923027182e-07,8.8923027182e-07,0.018621552616,0.0093548483779,0.0054630235235,0.025465286293,0.022088144326,0.035785726083,0.013364450716,0.0084767093273,2.68463647e-05,0.035785700403,0.031813473523,0.0089549135428,2.3477980153e-08,2.3477980147e-08,4.7456705264e-08,0.0070724823643,0.036595220424,0.015017154566,0.00099203862412,0.034578389278,0.035887309699,0.0021546403406,0.0080413536837,9.199898159e-07,1.4574556573e-18,1.5993259566e-17,1.3914483673e-17,9.4542800061e-17,0.00029275974731,2.5882943162e-05,0.0023316189175,2.3565995374e-07,2.3565995374e-07,3.1689970205e-07
4920.0,8.7853248061e-07,8.7731825606e-07,8.7732451824e-07,8.7732451824e-07,8.7732451823e-07,0.018584558729,0.0093264870304,0.0054425498894,0.025429822123,0.022051048409,0.03577339701,0.013330810989,0.008449860662,2.658358686e-05,0.035773371421,0.031787182261,0.0089272235647,2.3075365403e-08,2.3075365396e-08,4.6642888682e-08,0.0070483585629,0.036588300345,0.014982043945,0.00098628000537,0.034560444107,0.035875557521,0.0021440911835,0.0080153082174,9.0770379451e-07,1.4120456501e-18,1.5304121968e-17,1.3409675187e-17,9.0724528983e-17,0.00029065609511,2.5628557485e-05,0.0023204228773,2.3217907897e-07,2.3217907897e-07,3.122188551e-07
4925.0,8.6676995794e-07,8.6557199043e-07,8.6557816877e-07,8.6557816878e-07,8.6557816877e-07,0.018547638334,0.0092982116649,0.0054221529833,0.025394407342,0.022014014791,0.035761072184,0.013297255934,0.0084230970336,2.6323381145e-05,0.035761046687,0.031760912724,0.0088996192058,2.2679654936e-08,2.267965493e-08,4.5843027925e-08,0.0070243170439,0.036581381574,0.01494701541,0.00098055481432,0.034542508248,0.035863809192,0.0021335936747,0.007989347109,8.9558184701e-07,1.3653915554e-18,1.4701158615e-17,1.2888274887e-17,8.7075422573e-17,0.00028856755887,2.537667199e-05,0.0023092805978,2.2874961934e-07,2.2874961934e-07,3.0760714778e-07
4930.0,8.5516492169e-07,8.5398299357e-07,8.5398908919e-07,8.5398908919e-07,8.5398908919e-07,0.018510791286,0.0092700220207,0.0054018325177,0.025359041879,0.021977043366,0.035748751605,0.013263785338,0.0083964181728,2.6065722378e-05,0.035748726198,0.031734664896,0.0088721002015,2.2290730354e-08,2.2290730348e-08,4.5056883668e-08,0.0070003575267,0.036574464111,0.01491206877,0.00097486285693,0.034524581698,0.03585206471,0.0021231475615,0.0079634700851,8.8362178229e-07,1.3192542114e-18,1.4099118658e-17,1.2350157917e-17,8.3516620711e-17,0.00028649402997,2.5127262104e-05,0.0022981918209,2.2537081541e-07,2.2537081541e-07,3.0306355884e-07
4935.0,8.4371526331e-07,8.4254915983e-07,8.4255517383e-07,8.4255517384e-07,8.4255517383e-07,0.018474017438,0.009241917838,0.005381588206,0.025323725667,0.021940134029,0.03573643527,0.013230398989,0.008369823811,2.5810585629e-05,0.035736409955,0.031708438758,0.0088446662878,2.1908475288e-08,2.1908475282e-08,4.4284220693e-08,0.0069764797315,0.036567547957,0.014877203833,0.0009692039403,0.03450666445,0.035840324074,0.0021127525923,0.0079376768735,8.7182143848e-07,1.2735602485e-18,1.3495359618e-17,1.1829006349e-17,8.0131953369e-17,0.00028443540058,2.4880303496e-05,0.0022871562895,2.2204191895e-07,2.2204191895e-07,2.9858708213e-07
4940.0,8.3241890247e-07,8.3126841175e-07,8.3127434523e-07,8.3127434523e-07,8.3127434523e-07,0.018437316645,0.0092138988576,0.0053614197629,0.025288458636,0.021903286678,0.035724123179,0.013197096674,0.0083433136807,2.5557946211e-05,0.035724097954,0.031682234292,0.0088173172017,2.1532775366e-08,2.153277536e-08,4.3524807816e-08,0.0069526833797,0.03656063311,0.014842420409,0.00096357787262,0.034488756502,0.035828587283,0.0021024085165,0.0079119672027,8.6017868259e-07,1.2282335543e-18,1.2976479356e-17,1.1311356658e-17,7.6833172072e-17,0.00028239156363,2.4635772074e-05,0.0022761737481,2.187621928e-07,2.187621928e-07,2.9417672634e-07
4945.0,8.2127378669e-07,8.2013869969e-07,8.2014455374e-07,8.2014455374e-07,8.2014455373e-07,0.018400688762,0.0091859648213,0.005341326904,0.025253240719,0.021866501206,0.035711815329,0.013163878183,0.0083168875152,2.5307779681e-05,0.035711790196,0.031656051481,0.0087900526809,2.1163518176e-08,2.116351817e-08,4.2778417814e-08,0.0069289681935,0.036553719571,0.014807718306,0.00095798446322,0.034470857846,0.035816854336,0.0020921150851,0.007886340802,8.4869141009e-07,1.1828913432e-18,1.2458522247e-17,1.0897337495e-17,7.3710845619e-17,0.00028036241283,2.4393643984e-05,0.0022652439423,2.1553091066e-07,2.1553091066e-07,2.8983151483e-07
4950.0,8.1027789098e-07,8.0915800147e-07,8.0916377713e-07,8.0916377713e-07,8.0916377712e-07,0.018364133644,0.0091581154716,0.0053213093461,0.025218071847,0.021829777512,0.03569951172,0.013130743304,0.0082905450484,2.5060061834e-05,0.035699486677,0.031629890307,0.0087628724638,2.0800593233e-08,2.0800593228e-08,4.2044827365e-08,0.006905333896,0.036546807339,0.014773097334,0.00095242352253,0.03445296848,0.03580512523,0.00208187205,0.007860797402,8.3735754459e-07,1.1381409397e-18,1.1941602718e-17,1.0466334207e-17,7.0674180463e-17,0.00027834784266,2.4153895604e-05,0.0022543666187,2.12347357e-07,2.12347357e-07,2.8555048536e-07
4955.0,7.9942921745e-07,7.9832432195e-07,7.9833002028e-07,7.9833002029e-07,7.9833002028e-07,0.018327651147,0.0091303505517,0.005301366807,0.025182951952,0.02179311549,0.035687212349,0.013097691826,0.0082642860153,2.48147687e-05,0.035687187397,0.031603750751,0.0087357762899,2.044389195e-08,2.0443891944e-08,4.1323816972e-08,0.0068817802114,0.036539896414,0.014738557305,0.00094689486206,0.034435088397,0.035793399965,0.0020716791647,0.0078353367336,8.2617503742e-07,1.0936553238e-18,1.1421473264e-17,1.0035289009e-17,6.7814076872e-17,0.00027634774834,2.3916503546e-05,0.0022435415255,2.0921082682e-07,2.0921082682e-07,2.8133268991e-07
4960.0,7.8872579497e-07,7.8763569273e-07,7.8764131477e-07,7.8764131478e-07,7.8764131477e-07,0.018291241126,0.0091026698057,0.0052814990056,0.025147880965,0.021756515037,0.035674917216,0.013064723541,0.0082381101516,2.4571876547e-05,0.035674892355,0.031577632796,0.0087087638993,2.0093307598e-08,2.0093307592e-08,4.0615170907e-08,0.0068583068647,0.036532986796,0.014704098028,0.00094139829444,0.034417217593,0.03578167854,0.0020615361834,0.0078099585291,8.1514186724e-07,1.0494562971e-18,1.0990550765e-17,9.5872575756e-18,6.5041742024e-17,0.00027436202586,2.3681444652e-05,0.0022327684118,2.0612062555e-07,2.0612062555e-07,2.7717719448e-07
4965.0,7.7816567881e-07,7.7709017176e-07,7.7709571853e-07,7.7709571853e-07,7.7709571853e-07,0.018254903437,0.0090750729784,0.0052617056617,0.025112858819,0.021719976051,0.035662626319,0.013031838238,0.008212017194,2.4331361873e-05,0.035662601548,0.031551536425,0.008681835033,1.974873528e-08,1.9748735275e-08,3.9918677137e-08,0.006834913582,0.036526078485,0.014669719315,0.00093593363338,0.034399356064,0.035769960954,0.002051442862,0.0077846625212,8.0425603975e-07,1.005224758e-18,1.0557945783e-17,9.2562493061e-18,6.2356852148e-17,0.00027239057195,2.344869599e-05,0.002222047028,2.0307606887e-07,2.0307606887e-07,2.7308307884e-07
4970.0,7.6774695025e-07,7.6668584299e-07,7.6669131549e-07,7.6669131549e-07,7.6669131549e-07,0.018218637936,0.0090475598154,0.0052419864964,0.025077885445,0.021683498427,0.035650339656,0.012999035709,0.0081860068799,2.4093201407e-05,0.035650314975,0.031525461618,0.0086549894326,1.94100719e-08,1.9410071894e-08,3.9234127268e-08,0.0068116000901,0.03651917148,0.014635420977,0.00093050069366,0.034381503804,0.035758247204,0.0020413989573,0.0077594484438,7.9351558724e-07,9.6162798182e-19,1.0125043752e-17,8.8916953163e-18,5.9840906422e-17,0.00027043328408,2.3218234854e-05,0.0022113771257,2.0007648259e-07,2.0007648259e-07,2.6904943636e-07
4975.0,7.5746771629e-07,7.5642081601e-07,7.5642621524e-07,7.5642621524e-07,7.5642621524e-07,0.018182444481,0.009020130063,0.0052223412316,0.025042960775,0.021647082063,0.035638057226,0.012966315744,0.0081600789475,2.3857372106e-05,0.035638032636,0.031499408359,0.0086282268408,1.9077216126e-08,1.907721612e-08,3.8561316478e-08,0.0067883661169,0.036512265781,0.014601202827,0.00092509929116,0.034363660808,0.035746537291,0.0020314042272,0.0077343160316,7.829185683e-07,9.1800895363e-19,9.6903705356e-18,8.5611756943e-18,5.7412512796e-17,0.00026849006046,2.2990038762e-05,0.0022007584578,1.9712120245e-07,1.9712120245e-07,2.6507537382e-07
4980.0,7.4732610925e-07,7.4629322574e-07,7.4629855268e-07,7.4629855268e-07,7.4629855268e-07,0.018146322928,0.0089927834685,0.0052027695903,0.025008084742,0.021610726855,0.035625779028,0.012933678138,0.0081342331359,2.3623851151e-05,0.035625754528,0.031473376629,0.0086015470008,1.8750068366e-08,1.8750068361e-08,3.7900043459e-08,0.0067652113912,0.036505361388,0.014567064677,0.0009197292428,0.034345827073,0.035734831212,0.0020214584312,0.00770926502,7.7246306746e-07,8.750422564e-19,9.2601135219e-18,8.2139472131e-18,5.5074035975e-17,0.00026656080002,2.2764085453e-05,0.0021901907783,1.9420957402e-07,1.9420957402e-07,2.6116001118e-07
4985.0,7.3732028646e-07,7.3630123206e-07,7.3630648768e-07,7.3630648768e-07,7.3630648767e-07,0.018110273134,0.0089655197797,0.0051832712968,0.024973257278,0.021574432702,0.03561350506,0.012901122681,0.008108469185,2.3392615948e-05,0.03561348065,0.031447366411,0.0085749496569,1.8428530735e-08,1.842853073e-08,3.7250110354e-08,0.0067421356428,0.0364984583,0.014533006341,0.00091439036658,0.034328002592,0.035723128967,0.0020115613296,0.0076842951455,7.621471948e-07,8.3239289876e-19,8.9159806116e-18,7.8669333899e-18,5.2823041337e-17,0.00026464540245,2.2540352883e-05,0.0021796738422,1.9134095254e-07,1.9134095254e-07,2.5730248138e-07
4990.0,7.2744842995e-07,7.2644301949e-07,7.2644820475e-07,7.2644820475e-07,7.2644820474e-07,0.018074294957,0.0089383387453,0.0051638460761,0.024938478316,0.0215381995,0.03560123532,0.012868649168,0.0080827868357,2.3163644123e-05,0.035601211001,0.031421377687,0.008548434554,1.8112507029e-08,1.8112507024e-08,3.6611322699e-08,0.0067191386022,0.036491556518,0.014499027631,0.00090908248156,0.034310187362,0.035711430553,0.002001712684,0.0076594061451,7.5196908565e-07,7.8974298906e-19,8.5727872414e-18,7.5032647914e-18,5.0657561313e-17,0.00026274376812,2.2318819228e-05,0.0021692074061,1.8851470275e-07,1.8851470275e-07,2.535019302e-07
4995.0,7.1770874605e-07,7.1671679686e-07,7.1672191269e-07,7.1672191269e-07,7.1672191268e-07,0.018038388254,0.0089112401147,0.0051444936543,0.024903747787,0.021502027147,0.035588969808,0.012836257392,0.0080571858293,2.2936913523e-05,0.035588945578,0.031395410439,0.0085220014377,1.780190269e-08,1.7801902685e-08,3.5983489365e-08,0.006696220001,0.036484656041,0.014465128361,0.00090380540783,0.034292381377,0.035699735971,0.0019919122572,0.0076345977571,7.4192690026e-07,7.4775900602e-19,8.2262886873e-18,7.2431280044e-18,4.8579504976e-17,0.00026085579813,2.2099462874e-05,0.0021587912273,1.857301988e-07,1.857301988e-07,2.4975751602e-07
5000.0,7.0809946513e-07,7.0712079698e-07,7.0712584431e-07,7.0712584431e-07,7.0712584431e-07,0.018002552883,0.0088842236381,0.0051252137586,0.024869065624,0.021465915541,0.035576708521,0.012803947148,0.0080316659083,2.2712402209e-05,0.035576684382,0.03136946465,0.0084956500546,1.7496624784e-08,1.749662478e-08,3.53664225e-08,0.0066733795716,0.036477756868,0.014431308346,0.00089855896655,0.034274584633,0.035688045218,0.0019821598131,0.0076098697203,7.3201882341e-07,7.0577738611e-19,7.8821884965e-18,6.9998260294e-18,4.6589219506e-17,0.00025898139431,2.1882262423e-05,0.0021484250646,1.8298682406e-07,1.8298682406e-07,2.4606840965e-07
