Time,C_B_target,CYP3A4_2_OCT,CYP3A4_3_OCT,CYP3A4_4_OCT,CYP3A4_5_OCT,CYP3A4_7_OCT,CYP3A4_8_OCT,CYP3A4_9_OCT,CYP3A4_10_OCT,CYP3A4_11_OCT,CYP3A4_12_OCT,CYP3A4_13_OCT,CYP3A4_14_OCT,CYP3A4_15_OCT,CYP3A4_16_OCT,CYP3A4_17_OCT,CYP3A4_18_OCT,CYP3A4_19_OCT,CYP3A4_20_OCT,CYP3A4_21_OCT,CYP3A4_23_OCT,CYP3A4_24_OCT,CYP3A4_28_OCT,CYP3A4_29_OCT,CYP3A4_31_OCT,CYP3A4_32_OCT,CYP3A4_33_OCT,CYP3A4_34_OCT
1.0,0.504,0.0,0.0,0.0,0.0,0.0,0.0,0.0,0.0,0.0,0.0,0.0,0.0,0.0,0.0,0.0,0.0,0.0,0.0,0.0,0.0,0.0,0.0,0.0,0.0,0.0,0.0,0.0
1.5,0.50080283356,0.15212148073,0.19533911707,0.22482630246,0.128329156,0.13967763889,0.0899319789,0.17396517263,0.20094757455,0.42221802842,0.089931720648,0.1068689698,0.19782751216,0.52402771833,0.21097198071,0.084775574958,0.16653759503,0.30331815382,0.095904546212,0.089358535441,0.26996965412,0.20391091989,0.49829090581,0.67708211168,0.34913212798,0.42296290034,0.26628224095,0.51026604872
2.0,0.49762587293,0.15197862924,0.19505913526,0.22442774323,0.1282447078,0.13956679276,0.089917345294,0.17375818496,0.20064668654,0.42025740617,0.089917087331,0.10682725193,0.19753834908,0.51976206673,0.21063183984,0.084768004197,0.16635357336,0.30248504473,0.095881037263,0.089344714879,0.26934456148,0.20359868011,0.4951432929,0.66388085916,0.34794571231,0.42099363189,0.2656779727,0.50669707771
2.5,0.49446899135,0.15183591189,0.19477955456,0.22402989035,0.12816031516,0.13945603457,0.08990271407,0.17355144348,0.20034624881,0.41830588326,0.089902456394,0.10678555035,0.1972496084,0.51553100409,0.21029224689,0.084760434113,0.16616975494,0.30165422145,0.095857534076,0.089330896455,0.26872091457,0.20328691818,0.49201545634,0.65093534628,0.34676331895,0.41903351362,0.26507507327,0.50315294393
3.0,0.49133206287,0.15169332855,0.1945003744,0.22363274255,0.12807597806,0.13934536424,0.089888085226,0.17334494789,0.20004626066,0.41636341752,0.089887827838,0.10674386504,0.19696128951,0.5113342521,0.20995320097,0.084752864705,0.16598613955,0.30082567772,0.09583403665,0.089317080169,0.26809871006,0.20297563335,0.48890727322,0.63824068205,0.34558493431,0.41708250321,0.26447353957,0.49963347627
3.5,0.4882149623,0.1515508791,0.19422159422,0.2232362986,0.12799169644,0.13923478172,0.089873458762,0.17313869792,0.19974672144,0.41442996696,0.089873201662,0.10670219601,0.19667339179,0.50717153465,0.2096147012,0.084745295973,0.16580272696,0.2999994073,0.095810544984,0.089303266019,0.26747794461,0.20266482491,0.48581862136,0.62579206659,0.34441054487,0.41514055849,0.2638733685,0.49613850476
4.0,0.48511756524,0.15140856341,0.19394321343,0.22284055723,0.12790747029,0.13912428694,0.089858834679,0.17293269325,0.19944763048,0.41250548977,0.089858577866,0.10666054323,0.19638591462,0.50304257782,0.20927674671,0.084737727916,0.16561951695,0.29917540396,0.095787059076,0.089289454005,0.2668586149,0.20235449211,0.48274937933,0.61358478953,0.34324013714,0.41320763752,0.26327455701,0.49266786062
4.5,0.48203974804,0.15126638135,0.19366523146,0.22244551722,0.12782329955,0.13901387981,0.089844212975,0.17272693361,0.19914898709,0.41058994437,0.08984395645,0.10661890671,0.1960988574,0.49894710987,0.20893933661,0.084730160536,0.16543650929,0.2983536615,0.095763578925,0.089275644128,0.26624071763,0.20204463424,0.47969942645,0.60161422843,0.3420736977,0.41128369852,0.26267710201,0.48922137616
5.0,0.47898138783,0.1511243328,0.19338764775,0.22205117731,0.12773918419,0.13890356028,0.08982959365,0.1725214187,0.19885079061,0.40868328934,0.089829337412,0.10657728644,0.19581221951,0.49488486121,0.20860247004,0.084722593831,0.16525370376,0.29753417373,0.095740104529,0.089261836386,0.26562424949,0.20173525057,0.47666864275,0.58987584724,0.34091121314,0.40936869992,0.26208100044,0.48579888486
5.5,0.47594236248,0.15098241764,0.19311046172,0.22165753627,0.12765512418,0.13879332827,0.089814976703,0.17231614823,0.19855304038,0.40678548346,0.089814720753,0.10653568242,0.19552600033,0.49085556439,0.20826614611,0.084715027802,0.16507110015,0.29671693448,0.095716635887,0.08924803078,0.26500920717,0.20142634037,0.47365690902,0.57836519472,0.33975267011,0.40746260035,0.26148624926,0.4824002213
6.0,0.47292255064,0.15084063574,0.1928336728,0.22126459285,0.12757111948,0.13868318371,0.089800362136,0.17211112191,0.19825573573,0.40489648571,0.089800106472,0.10649409463,0.19524019926,0.48685895407,0.20793036396,0.084707462449,0.16488869821,0.29590193758,0.095693172998,0.089234227309,0.26439558739,0.20111790292,0.47066410674,0.56707790302,0.33859805532,0.4055653586,0.2608928454,0.4790252212
6.5,0.4699218317,0.15069898698,0.19255728043,0.22087234583,0.12748717006,0.13857312654,0.089785749946,0.17190633946,0.19795887598,0.40301625526,0.089785494569,0.10645252307,0.19495481569,0.48289476703,0.20759512272,0.084699897771,0.16470649774,0.2950891769,0.09566971586,0.089220425973,0.26378338686,0.2008099375,0.46769011815,0.5560096861,0.3374473555,0.40367693369,0.26030078584,0.47567372137
7.0,0.46694008579,0.15055747122,0.19228128404,0.22048079396,0.12740327587,0.13846315668,0.089771140133,0.17170180057,0.19766246048,0.40114475144,0.089770885044,0.10641096774,0.19466984901,0.47896274213,0.20726042151,0.084692333769,0.16452449852,0.29427864632,0.095646264471,0.089206626772,0.26317260231,0.20050244338,0.46473482618,0.54515633835,0.33630055744,0.40179728478,0.25971006753,0.47234555974
7.5,0.46397719379,0.15041608835,0.19200568306,0.22008993603,0.12731943688,0.13835327407,0.089756532698,0.17149750496,0.19736648857,0.39928193381,0.089756277895,0.10636942863,0.19438529861,0.4750626203,0.20692625946,0.084684770442,0.16434270031,0.29347033972,0.095622818831,0.089192829704,0.26256323048,0.20019541984,0.46179811448,0.53451373308,0.33515764798,0.39992637127,0.25912068745,0.46904057532
8.0,0.46103303732,0.15027483823,0.19173047692,0.21969977079,0.12723565306,0.13824347864,0.08974192764,0.17129345234,0.19707095957,0.39742776209,0.089741673124,0.10632790572,0.19410116388,0.47119414453,0.20659263572,0.084677207791,0.16416110289,0.29266425103,0.095599378938,0.089179034771,0.26195526809,0.19988886618,0.45887986742,0.52407782117,0.33401861397,0.3980641527,0.25853264258,0.46575860822
8.5,0.45810749872,0.15013372076,0.19145566507,0.21931029703,0.12715192436,0.13813377031,0.089727324958,0.17108964242,0.19677587283,0.3955821962,0.089727070728,0.10628639903,0.19381744421,0.46735705985,0.20625954941,0.084669645815,0.16397970605,0.29186037416,0.09557594479,0.089165241971,0.26134871191,0.19958278166,0.45597997006,0.51384462964,0.33288344235,0.39621058882,0.2579459299,0.46249949964
9.0,0.45520046107,0.14999273579,0.19118124693,0.21892151351,0.12706825076,0.13802414902,0.089712724653,0.17088607492,0.19648122769,0.39374519623,0.089712470709,0.10624490853,0.19353413901,0.46355111333,0.20592699966,0.084662084514,0.16379850957,0.29105870306,0.095552516386,0.089151451304,0.26074355867,0.19927716557,0.45309830817,0.5038102603,0.33175212007,0.39436563957,0.2573605464,0.45926309184
9.5,0.45231180816,0.14985188321,0.19090722194,0.21853341901,0.12698463221,0.1379146147,0.089698126722,0.17068274955,0.19618702348,0.39191672247,0.089697873065,0.10620343422,0.19325124766,0.45977605402,0.20559498563,0.084654523888,0.16361751322,0.29025923169,0.095529093725,0.08913766277,0.26013980515,0.19897201719,0.45023476821,0.49397088839,0.33062463413,0.39252926505,0.25677648908,0.45604922815
10.0,0.44944142453,0.14971116289,0.19063358954,0.21814601232,0.12690106868,0.13780516728,0.089683531168,0.17047966601,0.19589325955,0.39009673539,0.089683277796,0.10616197611,0.19296876956,0.45603163298,0.20526350643,0.084646963938,0.16343671678,0.28946195403,0.095505676805,0.089123876368,0.25953744812,0.19866733581,0.44738923733,0.48432276126,0.3295009716,0.39070142558,0.25619375496,0.45285775297
10.5,0.4465891954,0.14957057471,0.19036034917,0.21775929222,0.12681756013,0.1376958067,0.089668937988,0.17027682402,0.19559993524,0.38828519563,0.089668684902,0.10612053417,0.19268670412,0.45231760325,0.20493256123,0.084639404663,0.16325612003,0.28866686407,0.095482265625,0.089110092099,0.25893648434,0.19836312072,0.4445616034,0.47486219706,0.32838111955,0.38888208161,0.25561234104,0.44968851174
11.0,0.44375500673,0.14943011854,0.19008750026,0.21737325748,0.12673410654,0.13758653287,0.089654347182,0.1700742233,0.19530704988,0.38648206404,0.089654094383,0.1060791084,0.19240505072,0.44863371984,0.20460214914,0.084631846063,0.16307572275,0.28787395581,0.095458860184,0.089096309961,0.25833691061,0.1980593712,0.44175175493,0.46558558348,0.32726506512,0.38707119383,0.25503224434,0.44654135097
11.5,0.44093874515,0.14928979426,0.18981504226,0.2169879069,0.12665070785,0.13747734574,0.089639758751,0.16987186355,0.19501460284,0.38468730161,0.089639506237,0.10603769881,0.19212380876,0.44497973969,0.20427226933,0.084624288137,0.16289552473,0.28708322329,0.09543546048,0.089082529956,0.25773872372,0.19775608654,0.43895958113,0.45648937647,0.32615279549,0.38526872307,0.25445346188,0.44341611818
12.0,0.43814029804,0.14914960175,0.18954297461,0.21660323927,0.12656736404,0.13736824524,0.089625172693,0.1696697445,0.19472259344,0.38290086956,0.089624920465,0.10599630537,0.19184297765,0.44135542169,0.20394292093,0.084616730887,0.16271552573,0.28629466055,0.095412066511,0.089068752081,0.25714192046,0.19745326604,0.43618497189,0.44757009901,0.32504429789,0.38347463035,0.25387599071,0.44031266195
12.5,0.43535955345,0.14900954088,0.18927129675,0.21621925336,0.12648407506,0.13725923129,0.089610589009,0.16946786584,0.19443102104,0.38112272925,0.089610337066,0.1059549281,0.19156255679,0.43776052663,0.20361410309,0.084609174312,0.16253572555,0.28550826164,0.095388678276,0.089054976337,0.25654649765,0.19715090897,0.43342781778,0.43882433986,0.32393955956,0.38168887688,0.25329982786,0.43723083187
13.0,0.43259640012,0.14886961153,0.18900000811,0.21583594799,0.12640084089,0.13715030383,0.089596007698,0.16926622731,0.19413988498,0.37935284223,0.08959575604,0.10591356696,0.19128254557,0.43419481722,0.20328581495,0.084601618411,0.16235612396,0.28472402064,0.095365295775,0.089041202724,0.25595245209,0.19684901463,0.43068801002,0.43024875242,0.32283856784,0.37991142403,0.25272497037,0.43417047857
13.5,0.42985072749,0.14872981358,0.18872910815,0.21545332193,0.12631766149,0.13704146279,0.089581428759,0.16906482861,0.19384918461,0.37759117023,0.089581177387,0.10587222198,0.19100294341,0.43065805805,0.20295805567,0.084594063185,0.16217672074,0.28394193164,0.095341919004,0.08902743124,0.25535978061,0.19654758232,0.4279654405,0.4218400535,0.32174131005,0.37814223337,0.2521514153,0.43113145367
14.0,0.42712242569,0.14859014689,0.18845859631,0.21507137399,0.12623453682,0.1369327081,0.089566852193,0.16886366946,0.19355891929,0.37583767517,0.089566601105,0.10583089312,0.19072374969,0.42715001559,0.20263082438,0.084586508634,0.16199751567,0.28316198875,0.095318547964,0.089013661887,0.25476848004,0.19624661133,0.42526000178,0.41359502218,0.32064777359,0.37638126662,0.2515791597,0.42811360981
14.5,0.42441138552,0.14845061136,0.18818847202,0.21469010297,0.12615146684,0.13682403969,0.089552277998,0.16866274957,0.19326908835,0.37409231912,0.089552027196,0.1057895804,0.19044496384,0.42367045817,0.20230412025,0.084578954758,0.16181850854,0.28238418608,0.095295182653,0.088999894663,0.2541785472,0.19594610095,0.42257158707,0.40551049867,0.3195579459,0.37462848571,0.25100820065,0.42511680063
15.0,0.42171749847,0.14831120685,0.18791873474,0.21430950767,0.12606845152,0.1367154575,0.089537706175,0.16846206866,0.19297969115,0.37235506435,0.089537455657,0.1057482838,0.19016658524,0.42021915595,0.20197794243,0.084571401556,0.16163969913,0.28160851779,0.095271823068,0.088986129569,0.25358997895,0.19564605048,0.41990009023,0.39758338318,0.31847181445,0.37288385271,0.25043853522,0.42214088077
15.5,0.41904065668,0.14817193324,0.18764938391,0.21392958689,0.12598549082,0.13660696145,0.089523136722,0.16826162644,0.19269072704,0.37062587329,0.08952288649,0.10570700332,0.18988861332,0.41679588093,0.20165229007,0.084563849028,0.16146108722,0.28083497802,0.09524846921,0.088972366603,0.25300277214,0.19534645921,0.41724540578,0.38981063485,0.31738936675,0.37114732988,0.24987016048,0.41918570583
16.0,0.416380753,0.14803279041,0.18738041899,0.21355033943,0.12590258471,0.13649855148,0.089508569641,0.16806142264,0.19240219537,0.36890470855,0.089508319692,0.10566573895,0.18961104746,0.41340040694,0.20132716231,0.084556297175,0.16128267258,0.28006356094,0.095225121076,0.088958605766,0.25241692362,0.19504732645,0.41460742888,0.38218927063,0.31631059038,0.36941887966,0.24930307352,0.41625113243
16.5,0.41373768091,0.14789377824,0.1871118394,0.21317176411,0.12581973315,0.13639022752,0.089494004929,0.16786145696,0.1921140955,0.3671915329,0.089493755266,0.10562449069,0.18933388709,0.41003250959,0.20100255833,0.084548745997,0.16110445501,0.27929426074,0.095201778665,0.088944847057,0.25183243025,0.1947486515,0.41198605533,0.37471636422,0.31523547292,0.36769846466,0.24873727143,0.41333701814
17.0,0.41111133456,0.1477548966,0.18684364462,0.21279385972,0.1257369361,0.1362819895,0.089479442588,0.16766172913,0.19182642679,0.36548630931,0.089479193208,0.10558325852,0.18905713161,0.40669196629,0.20067847728,0.084541195493,0.16092643428,0.27852707162,0.095178441975,0.088931090477,0.25124928892,0.19445043364,0.40938118157,0.36738904505,0.31416400202,0.36598604765,0.24817275131,0.41044322149
17.5,0.40850160877,0.14761614538,0.18657583407,0.2124166251,0.12565419354,0.13617383735,0.089464882616,0.16746223886,0.19153918858,0.36378900089,0.08946463352,0.10554204245,0.18878078043,0.40337855622,0.20035491831,0.084533645663,0.16074861019,0.2777619878,0.095155111006,0.088917336023,0.25066749649,0.19415267219,0.40679270466,0.36020449723,0.31309616537,0.36428159158,0.24760951026,0.407569602
18.0,0.40590839899,0.14747752444,0.18630840723,0.21204005904,0.12557150541,0.13606577101,0.089450325013,0.16726298587,0.19125238023,0.36209957095,0.089450076202,0.10550084246,0.18850483296,0.40009206033,0.2000318806,0.084526096507,0.1605709825,0.27699900352,0.095131785755,0.088903583697,0.25008704986,0.19385536645,0.40422052232,0.35315995854,0.31203195068,0.36258505957,0.2470475454,0.40471602012
18.5,0.40333160135,0.14733903367,0.18604136352,0.21166416036,0.1254888717,0.1359577904,0.089435769779,0.16706396987,0.19096600111,0.36041798294,0.089435521251,0.10545965855,0.18822928861,0.39683226131,0.19970936329,0.084518548025,0.16039355101,0.27623811303,0.095108466222,0.088889833498,0.24950794591,0.19355851572,0.40166453287,0.34625271946,0.31097134573,0.36089641491,0.24648685385,0.40188233727
19.0,0.40077111259,0.14720067294,0.18577470241,0.21128892789,0.12540629235,0.13584989546,0.089421216913,0.1668651906,0.19068005057,0.3587442005,0.089420968669,0.10541849071,0.18795414679,0.39359894359,0.19938736555,0.084511000217,0.16021631549,0.27547931058,0.095085152405,0.088876085425,0.24893018155,0.1932621193,0.39912463527,0.33948012217,0.30991433832,0.35921562106,0.24592743273,0.39906841579
19.5,0.39822683012,0.14706244214,0.18550842335,0.21091436044,0.12532376734,0.13574208612,0.089406666415,0.16666664775,0.19039452796,0.35707818744,0.089406418455,0.10537733895,0.18767940691,0.3903918933,0.19906588655,0.084503453084,0.16003927574,0.27472259047,0.095061844302,0.088862339479,0.24835375369,0.1929661765,0.39660072909,0.33283955959,0.30886091631,0.35754264164,0.24536927916,0.39627411898
20.0,0.39569865197,0.14692434113,0.1852425258,0.21054045683,0.12524129664,0.13563436232,0.089392118284,0.16646834107,0.19010943265,0.35541990772,0.089391870608,0.10533620324,0.1874050684,0.38721089829,0.19874492545,0.084495906624,0.15986243154,0.27396794698,0.095038541913,0.088848595659,0.24777865923,0.19267068663,0.39409271452,0.32632847445,0.30781106757,0.35587744046,0.2448123903,0.39349931105
20.5,0.39318647682,0.14678636981,0.1849770092,0.21016721589,0.12515888019,0.13552672398,0.089377572521,0.16627027025,0.18982476401,0.35376932548,0.089377325128,0.10529508358,0.18713113066,0.38405574812,0.19842448142,0.084488360839,0.15968578266,0.27321537444,0.095015245235,0.088834853964,0.24720489511,0.19237564899,0.39160049236,0.31994435838,0.30676478004,0.35421998147,0.24425676327,0.39074385715
21.0,0.39069020397,0.14664852804,0.184711873,0.20979463644,0.12507651798,0.13541917103,0.089363029125,0.16607243503,0.18954052138,0.35212640502,0.089362782015,0.10525397998,0.1868575931,0.380926234,0.19810455362,0.084480815727,0.1595093289,0.27246486716,0.094991954268,0.088821114394,0.24663245826,0.1920810629,0.38912396402,0.31368475095,0.30572204168,0.35257022879,0.24370239524,0.38800762334
21.5,0.38820973335,0.14651081571,0.18444711668,0.20942271731,0.12499420996,0.13531170342,0.089348488095,0.16587483511,0.18925670415,0.35049111082,0.089348241268,0.10521289242,0.18658445515,0.37782214883,0.19778514124,0.084473271289,0.15933307003,0.2717164195,0.09496866901,0.08880737695,0.24606134559,0.19178692766,0.38666303151,0.30754723883,0.30468284052,0.35092814672,0.24314928335,0.38529047659
22.0,0.3857449655,0.14637323269,0.18418273968,0.20905145734,0.12491195609,0.13520432107,0.089333949431,0.16567747024,0.18897331166,0.3488634075,0.089333702887,0.10517182089,0.18631171622,0.37474328715,0.19746624343,0.084465727524,0.15915700585,0.2709700258,0.09494538946,0.08879364163,0.24549155407,0.19149324258,0.38421759744,0.30152945489,0.30364716459,0.34929369971,0.24259742478,0.38259228479
22.5,0.38329580159,0.14623577886,0.18391874145,0.20868085535,0.12482975635,0.13509702391,0.089319413132,0.16548034011,0.18869034329,0.34724325986,0.089319166872,0.10513076539,0.18603937573,0.37168944515,0.19714785937,0.084458184434,0.15898113614,0.27022568045,0.094922115615,0.088779908434,0.24492308064,0.19120000698,0.38178756504,0.29562907734,0.30261500199,0.34766685238,0.24204681669,0.37991291671
23.0,0.38086214341,0.1460984541,0.18365512146,0.20831091018,0.12474761069,0.13498981188,0.089304879199,0.16528344446,0.1884077984,0.34563063286,0.089304633222,0.10508972592,0.18576743309,0.36866042064,0.19682998824,0.084450642017,0.15880546068,0.26948337783,0.094898847476,0.088766177363,0.24435592226,0.19090722016,0.3793728381,0.28984382887,0.30158634085,0.34604756952,0.24149745625,0.37725224203
23.5,0.37844389334,0.14596125829,0.18339187917,0.20794162067,0.12466551909,0.13488268491,0.089290347631,0.165086783,0.18812567635,0.34402549162,0.089290101936,0.10504870246,0.18549588774,0.36565601305,0.1965126292,0.084443100273,0.15862997927,0.26874311236,0.09487558504,0.088752448414,0.24379007589,0.19061488145,0.37697332102,0.28417147583,0.30056116933,0.34443581607,0.24094934065,0.37461013132
24.0,0.3760409544,0.14582419131,0.18312901403,0.20757298565,0.1245834815,0.13477564293,0.089275818427,0.16489035547,0.18784397652,0.34242780143,0.089275573015,0.10500769501,0.18522473908,0.36267602342,0.19619578144,0.084435559203,0.15845469168,0.26800487844,0.094852328305,0.08873872159,0.2432255385,0.19032299015,0.3745889188,0.27860982743,0.29953947565,0.34283155713,0.24040246708,0.37198645602
24.5,0.37365323018,0.14568725304,0.18286652551,0.20720500396,0.12450149788,0.13466868587,0.089261291587,0.16469416157,0.18756269828,0.34083752773,0.089261046458,0.10496670357,0.18495398653,0.35972025436,0.19587944414,0.084428018807,0.1582795977,0.26726867051,0.094829077272,0.088724996888,0.24266230707,0.19003154558,0.37221953699,0.27315673491,0.29852124806,0.34123475797,0.23985683273,0.36938108845
25.0,0.3712806249,0.14555044336,0.18260441306,0.20683767446,0.12441956822,0.13456181368,0.089246767112,0.16449820103,0.18728184099,0.33925463611,0.089246522264,0.10492572813,0.18468362953,0.35678851008,0.19556361646,0.084420479083,0.15810469712,0.26653448303,0.094805831937,0.088711274309,0.24210037859,0.18974054707,0.36986508174,0.26781009075,0.29750647484,0.33964538402,0.2393124348,0.3667939018
25.5,0.36892304334,0.14541376214,0.18234267615,0.20647099597,0.12433769246,0.13445502627,0.089232244999,0.16430247358,0.18700140403,0.33767909236,0.089232000433,0.10488476868,0.18441366749,0.35388059635,0.1952482976,0.084412940033,0.15792998972,0.26580231046,0.094782592301,0.088697553852,0.24153975005,0.18944999392,0.36752545979,0.26256782791,0.29649514433,0.33806340086,0.2387692705,0.36422477014
26.0,0.36658039091,0.14527720927,0.18208131424,0.20610496736,0.12425587057,0.13434832358,0.089217725249,0.16410697893,0.18672138676,0.33611086237,0.089217480966,0.10484382521,0.18414409984,0.35099632048,0.19493348674,0.084405401657,0.1577554753,0.26507214729,0.094759358361,0.088683835517,0.24098041844,0.18915988546,0.36520057842,0.25742791909,0.29548724488,0.33648877423,0.23822733704,0.36167356839
26.5,0.3642525736,0.14514078462,0.1818203268,0.20573958746,0.12417410252,0.13424170555,0.089203207862,0.16391171681,0.18644178856,0.33454991225,0.089202963861,0.10480289772,0.183874926,0.34813549134,0.19461918305,0.084397863953,0.15758115363,0.26434398799,0.094736130116,0.088670119304,0.24042238077,0.18887022101,0.36289034552,0.25238837594,0.29448276491,0.33492147005,0.23768663164,0.35914017232
27.0,0.36193949795,0.14500448808,0.18155971328,0.20537485513,0.12409238828,0.13413517211,0.089188692837,0.16371668695,0.18616260881,0.33299620821,0.089188449117,0.10476198621,0.1836061454,0.34529791933,0.19430538572,0.084390326923,0.15740702451,0.2636178271,0.094712907564,0.088656405212,0.23986563406,0.18858099988,0.36059466951,0.24744724834,0.29348169285,0.33336145435,0.23714715154,0.35662445854
27.5,0.35964107114,0.14486831952,0.18129947315,0.20501076923,0.1240107278,0.13402872318,0.089174180174,0.16352188907,0.18588384687,0.33144971666,0.089173936736,0.10472109067,0.18333775746,0.34248341634,0.19399209394,0.084382790565,0.15723308773,0.26289365913,0.094689690705,0.088642693241,0.23931017533,0.18829222141,0.35831345939,0.24260262369,0.2924840172,0.33180869337,0.23660889395,0.35412630452
28.0,0.35735720089,0.14473227882,0.18103960588,0.2046473286,0.12392912105,0.13392235872,0.089159669872,0.16332732289,0.18560550212,0.32991040414,0.089159426716,0.10468021108,0.1830697616,0.33969179579,0.19367930689,0.084375254881,0.15705934306,0.26217147862,0.094666479537,0.088628983391,0.23875600159,0.18800388491,0.35604662471,0.23785262622,0.29148972648,0.33026315347,0.23607185613,0.35164558857
28.5,0.35508779549,0.14459636587,0.18078011093,0.2042845321,0.123847568,0.13381607863,0.089145161931,0.16313298813,0.18532757395,0.32837823735,0.089144919056,0.10463934745,0.18280215727,0.33692287259,0.19336702376,0.08436771987,0.15688579031,0.26145128013,0.094643274058,0.088615275661,0.23820310989,0.18771598971,0.35379407561,0.23319541624,0.29049880923,0.32872480117,0.2355360353,0.3491821898
29.0,0.35283276383,0.14446058054,0.18052098777,0.2039223786,0.12376606861,0.13370988287,0.089130656351,0.16293888453,0.18505006172,0.32685318316,0.089130413757,0.10459849977,0.18253494388,0.33417646313,0.19305524375,0.084360185531,0.15671242925,0.26073305823,0.094620074267,0.088601570051,0.23765149727,0.18742853513,0.35155572273,0.22862918953,0.28951125408,0.32719360316,0.23500142874,0.34673598819
29.5,0.35059201535,0.14432492272,0.18026223588,0.20356086695,0.12368462284,0.13360377137,0.089116153131,0.1627450118,0.18477296481,0.32533520857,0.089115910819,0.10455766803,0.18226812087,0.33145238527,0.19274396604,0.084352651866,0.15653925968,0.26001680751,0.094596880162,0.088587866561,0.23710116076,0.1871415205,0.34933147731,0.22415217659,0.28852704964,0.32566952627,0.23446803368,0.3443068645
30.0,0.34836546006,0.14418939228,0.1800038547,0.20319999602,0.12360323066,0.13349774405,0.089101652271,0.16255136968,0.18449628261,0.32382428075,0.08910141024,0.10451685222,0.18200168767,0.32875045832,0.19243318982,0.084345118873,0.15636628138,0.25930252256,0.094573691743,0.08857416519,0.23655209743,0.18685494515,0.3471212511,0.21976264206,0.2875461846,0.32415253749,0.2339358474,0.34189470034
30.5,0.34615300852,0.14405398911,0.17974584373,0.20283976467,0.12352189204,0.13339180084,0.089087153771,0.16235795788,0.18422001449,0.32232036701,0.08908691202,0.10447605235,0.1817356437,0.32607050306,0.19212291429,0.084337586552,0.15619349415,0.258590198,0.094550509008,0.088560465939,0.23600430433,0.1865688084,0.34492495642,0.21545888403,0.28656864767,0.32264260394,0.23340486716,0.3394993781
31.0,0.34395457187,0.14391871308,0.17948820242,0.20248017177,0.12344060694,0.1332859417,0.089072657629,0.16216477614,0.18394415983,0.32082343482,0.089072416159,0.1044352684,0.1814699884,0.32341234168,0.19181313864,0.084330054905,0.15602089776,0.25787982846,0.094527331956,0.088546768806,0.23545777854,0.18628310959,0.3427425061,0.2112392334,0.2855944276,0.32113969293,0.23287509024,0.33712078098
31.5,0.34177006177,0.14378356408,0.17923093024,0.20212121618,0.12335937533,0.13318016653,0.089058163846,0.16197182418,0.18366871803,0.31933345179,0.089057922657,0.10439450037,0.18120472121,0.32077579787,0.19150386207,0.08432252393,0.15584849202,0.25717140859,0.094504160584,0.088533073791,0.23491251712,0.18599784804,0.34057381354,0.2071020533,0.28462351317,0.31964377189,0.23234651393,0.334758793
32.0,0.33959939047,0.14364854198,0.17897402668,0.20176289679,0.12327819716,0.13307447529,0.089043672422,0.16177910173,0.18339368845,0.3178503857,0.089043431514,0.10435374824,0.18093984155,0.31816069997,0.19119508377,0.084314993627,0.15567627672,0.25646493303,0.094480994892,0.088519380894,0.23436851715,0.18571302309,0.33841879266,0.20304573844,0.28365589322,0.31815480841,0.2318191355,0.33241329896
32.5,0.33744247075,0.14351364668,0.1787174912,0.20140521246,0.1231970724,0.1329688679,0.089029183355,0.16158660851,0.18311907048,0.31637420445,0.089028942728,0.10431301203,0.18067534886,0.31556705501,0.19088680295,0.084307463997,0.15550425163,0.25576039648,0.094457834878,0.088505690116,0.23382577574,0.18542863407,0.33627735789,0.19906871452,0.28269155661,0.31667277023,0.23129295225,0.33008418443
33.0,0.33529921591,0.14337887804,0.17846132327,0.20104816206,0.12311600103,0.1328633443,0.089014696647,0.16139434425,0.18284486351,0.31490487612,0.089014456299,0.10427229171,0.18041124257,0.31300454716,0.1905790188,0.08429993504,0.15533241655,0.2550577936,0.094434680542,0.088492001454,0.23328428995,0.18514468031,0.33414942423,0.19516943766,0.28173049225,0.31519762524,0.23076796149,0.3277713358
33.5,0.33316953984,0.14324423595,0.17820552236,0.20069174448,0.123034983,0.13275790442,0.089000212295,0.16120230869,0.18257106693,0.31344236892,0.088999972227,0.10423158728,0.18014752213,0.31100476302,0.19027173053,0.084292406755,0.15516077128,0.25435711912,0.09441153188,0.08847831491,0.23274405691,0.18486116115,0.33203490716,0.19134639379,0.28077268905,0.31372934147,0.23024416052,0.3254746402
34.0,0.33105335692,0.14310972029,0.17795008796,0.20033595859,0.12295401828,0.13265254819,0.0889857303,0.16101050154,0.18229768011,0.31198665121,0.088985490513,0.10419089874,0.17988418697,0.32694644754,0.18996493733,0.084284879142,0.1549893156,0.25365836773,0.094388388893,0.088464630482,0.23220507371,0.18457807593,0.32993372272,0.1875980981,0.27981813602,0.31226788712,0.22972154664,0.32319398556
34.5,0.3289505821,0.14297533094,0.17769501954,0.19998080328,0.12287310683,0.13254727555,0.088971250661,0.16081892254,0.18202470245,0.31053769149,0.088971011154,0.10415022608,0.17962123653,0.35303196001,0.18965863842,0.084277352201,0.1548180493,0.25296153418,0.094365251579,0.088450948171,0.23166733748,0.18429542397,0.32784578744,0.1839230945,0.27886682215,0.3108132305,0.22920011718,0.32092926057
35.0,0.32686113083,0.14284106779,0.17744031657,0.19962627742,0.12279224862,0.13244208643,0.088956773379,0.16062757142,0.18175213334,0.30909545842,0.088956534151,0.1041095693,0.17935867024,0.35151389355,0.18935283298,0.084269825932,0.15464697217,0.25226661321,0.094342119936,0.088437267976,0.23113084532,0.18401320462,0.32577101838,0.18031995504,0.27791873649,0.30936534009,0.22867986947,0.31868035468
35.5,0.32478491912,0.14270693071,0.17718597853,0.19927237991,0.12271144361,0.13233698077,0.088942298452,0.1604364479,0.18147997216,0.30765992079,0.088942059504,0.10406892838,0.17909648754,0.34867447498,0.18904752025,0.084262300336,0.15447608401,0.25157359958,0.094318993963,0.088423589896,0.23059559437,0.18373141721,0.32370933309,0.17678727941,0.27697386814,0.30792418453,0.22816080083,0.31644715809
36.0,0.32272186348,0.14257291959,0.1769320049,0.19891910962,0.12263069178,0.1322319585,0.08892782588,0.16024555172,0.1812082183,0.30623104756,0.088927587212,0.10402830332,0.17883468788,0.34583299068,0.18874269941,0.084254775411,0.15430538461,0.25088248807,0.094295873658,0.088409913932,0.23006158177,0.18345006109,0.32166064967,0.17332369438,0.27603220621,0.30648973256,0.22764290859,0.31422956176
36.5,0.32067188096,0.14243903431,0.17667839516,0.19856646546,0.12254999307,0.13212701954,0.088913355664,0.1600548826,0.18093687116,0.30480880779,0.088913117275,0.10398769412,0.17857327069,0.34301414616,0.18843836968,0.084247251159,0.15413487376,0.25019327345,0.094272759021,0.088396240084,0.22952880464,0.1831691356,0.31962488668,0.16992785328,0.27509373986,0.3050619531,0.2271261901,0.31202745741
37.0,0.3186348891,0.14230527475,0.17642514878,0.1982144463,0.12246934747,0.13202216385,0.088898887802,0.15986444028,0.18066593013,0.30339317073,0.088898649692,0.10394710077,0.17831223543,0.34021821076,0.18813453026,0.084239727578,0.15396455124,0.24950595055,0.094249650049,0.088382568349,0.22899726015,0.18288864008,0.31760196321,0.16659843555,0.27415845829,0.30364081521,0.22661064272,0.30984073748
37.5,0.31661080598,0.14217164079,0.17617226525,0.19786305104,0.12238875493,0.13191739134,0.088884422293,0.15967422448,0.1803953946,0.30198410575,0.088884184463,0.10390652326,0.17805158152,0.33744500746,0.18783118038,0.08423220467,0.15379441686,0.24882051416,0.094226546742,0.08836889873,0.22846694544,0.18260857386,0.31559179885,0.16333414617,0.27322635074,0.30222628808,0.22609626378,0.30766929515
38.0,0.31459955018,0.14203813231,0.17591974404,0.19751227858,0.12230821542,0.13181270196,0.088869959139,0.15948423493,0.18012526396,0.30058158235,0.088869721588,0.10386596159,0.17779130842,0.33469435251,0.18752831923,0.084224682433,0.1536244704,0.24813695913,0.094203449098,0.088355231224,0.22793785767,0.1823289363,0.31359431366,0.16013371524,0.27229740646,0.30081834105,0.22558305066,0.30551302435
38.5,0.31260104081,0.1419047492,0.17566758464,0.19716212781,0.1222277289,0.13170809564,0.088855498338,0.15929447138,0.17985553761,0.29918557019,0.088855261066,0.10382541575,0.17753141556,0.33196606352,0.18722594605,0.084217160867,0.15345471166,0.2474552803,0.094180357115,0.088341565833,0.22740999401,0.18204972673,0.31160942824,0.15699589814,0.27137161477,0.2994169436,0.22507100071,0.30337181977
39.0,0.31061519744,0.14177149134,0.17541578653,0.19681259763,0.12214729534,0.13160357232,0.08884103989,0.15910493354,0.17958621495,0.29779603908,0.088840802897,0.10378488573,0.1772719024,0.32925995951,0.18692406003,0.084209639974,0.15328514043,0.24677547252,0.094157270793,0.088327902555,0.22688335163,0.18177094451,0.30963706363,0.15391951313,0.270448965,0.29802206534,0.22456011131,0.301245579
39.5,0.3086419402,0.14163835861,0.17516434919,0.19646368695,0.12206691471,0.13149913192,0.088826583795,0.15891562115,0.17931729536,0.29641295893,0.08882634708,0.10374437153,0.17701276838,0.32657586098,0.1866226604,0.084202119752,0.1531157565,0.24609753068,0.094134190129,0.088314241389,0.22635792772,0.18149258899,0.3076771414,0.15090551563,0.26952944653,0.29663367604,0.22405037984,0.29913431975
40.0,0.30668118966,0.1415053509,0.17491327211,0.19611539466,0.12198658696,0.13139477438,0.088812130051,0.15872653394,0.17904877826,0.29503629984,0.088811893615,0.10370387315,0.17675401295,0.32391358987,0.18632174638,0.084194600202,0.15294655967,0.24542144966,0.094111115123,0.088300582337,0.22583371946,0.18121465949,0.30572958357,0.14807022477,0.26861304876,0.2952517456,0.22354180367,0.2970445763
40.5,0.30473286694,0.14137246808,0.17466255476,0.19576771967,0.12190631207,0.13129049963,0.08879767866,0.15853767165,0.17878066303,0.29366603201,0.088797442502,0.10366339057,0.17649563554,0.32127296952,0.18602131717,0.084187081323,0.15277754973,0.24474722435,0.094088045773,0.088286925397,0.22531072403,0.18093715539,0.30379431267,0.15167286507,0.26769976116,0.29387624406,0.22303438021,0.29533064975
41.0,0.30279689363,0.14123971004,0.17441219664,0.19542066089,0.12182609,0.13118630762,0.08878322962,0.158349034,0.17851294907,0.29230212579,0.08878299374,0.10362292379,0.17623763562,0.31865382472,0.18572137202,0.084179563116,0.15260872648,0.24407484968,0.094064982078,0.08827327057,0.22478893865,0.18066007602,0.3018712517,0.30326202674,0.26678957319,0.29250714159,0.22252810684,0.30245383709
41.5,0.30087319179,0.14110707666,0.17416219724,0.19507421722,0.12174592071,0.13108219827,0.088768782931,0.15816062073,0.1782456358,0.29094455166,0.08876854733,0.1035824728,0.17598001263,0.31605598164,0.18542191012,0.08417204558,0.1524400897,0.24340432058,0.094041924036,0.088259617854,0.22426836052,0.18038342074,0.29996032412,0.41746519684,0.26588247438,0.2911444085,0.22202298097,0.30812152085
42.0,0.29896168399,0.14097456782,0.17391255602,0.19472838758,0.12166580418,0.13097817152,0.088754338593,0.15797243157,0.1779787226,0.28959328027,0.088754103269,0.1035420376,0.17572276602,0.31347926785,0.18512293072,0.084164528715,0.15227163919,0.24273563198,0.094018871646,0.08824596725,0.22374898684,0.1801071889,0.29806145388,0.41319861511,0.26497845428,0.28978801526,0.221519,0.30622464084
42.5,0.29706229329,0.14084218342,0.1736632725,0.19438317087,0.12158574036,0.1308742273,0.088739896605,0.15778446627,0.17771220887,0.28824828236,0.088739661559,0.10350161818,0.17546589525,0.3109235123,0.18482443302,0.084157012522,0.15210337475,0.24206877885,0.093995824906,0.088232318757,0.22323081485,0.17983137985,0.29617456541,0.40519412201,0.26407750248,0.28843793244,0.22101616134,0.30408334681
43.0,0.29517494323,0.14070992332,0.17341434614,0.19403856602,0.12150572922,0.13077036555,0.088725456966,0.15759672454,0.17744609403,0.28690952884,0.088725222199,0.10346121454,0.17520939975,0.30838854532,0.18452641626,0.084149497,0.15193529617,0.24140375616,0.093972783816,0.088218672375,0.22271384175,0.17955599294,0.29429958358,0.39727449176,0.2631796086,0.28709413077,0.22051446242,0.30195222136
43.5,0.2932995578,0.14057778742,0.17316577645,0.19369457193,0.12142577073,0.13066658621,0.088711019678,0.15740920612,0.17718037748,0.28557699073,0.088710785188,0.10342082666,0.174953279,0.3058741986,0.18422887966,0.084141982149,0.15176740325,0.24074055888,0.093949748373,0.088205028103,0.22219806478,0.17928102753,0.29243643374,0.38950778332,0.26228476229,0.28575658111,0.22001390066,0.29983589962
44.0,0.29143606149,0.1404457756,0.1729175629,0.19335118753,0.12134586485,0.1305628892,0.088696584738,0.15722191076,0.17691505861,0.2842506392,0.088696350526,0.10338045455,0.17469753243,0.30338030517,0.18393182246,0.084134467969,0.15159969578,0.24007918202,0.093926718577,0.088191385942,0.22168348119,0.17900648298,0.29058504171,0.38189231841,0.26139295326,0.28442525445,0.21951447348,0.297734365
44.5,0.28958437927,0.14031388774,0.172669705,0.19300841173,0.12126601155,0.13045927446,0.088682152148,0.15703483818,0.17665013684,0.28293044555,0.088681918213,0.1033400982,0.1744421595,0.30090669941,0.18363524387,0.08412695446,0.15143217355,0.23941962058,0.093903694425,0.08817774589,0.22117008821,0.17873235864,0.28874533376,0.37442519683,0.26050417122,0.28310012191,0.21901617833,0.29564751634
45.0,0.28774443655,0.14018212372,0.17242220223,0.19266624346,0.12118621079,0.13035574193,0.088667721905,0.15684798812,0.17638561157,0.28161638121,0.088667488248,0.10329975759,0.17418715967,0.29845321701,0.18333914313,0.084119441622,0.15126483636,0.23876186961,0.093880675918,0.088164107948,0.2206578831,0.17845865387,0.28691723661,0.36710355061,0.25961840594,0.28178115476,0.21851901264,0.29357525166
45.5,0.28591615924,0.14005048344,0.17217505408,0.19232468164,0.12110646254,0.13025229154,0.088653294011,0.15666136031,0.1761214822,0.28030841775,0.088653060631,0.10325943273,0.17393253239,0.29601969502,0.18304351947,0.084111929455,0.15109768402,0.23810592412,0.093857663052,0.088150472115,0.22014686311,0.17818536802,0.28510067744,0.359924566,0.25873564722,0.28046832439,0.21802297387,0.29151746964
46.0,0.28409947369,0.13991896676,0.17192826004,0.1919837252,0.12102676676,0.13014892323,0.088638868464,0.15647495449,0.17585774816,0.27900652686,0.088638635361,0.10321912361,0.17367827712,0.29360597174,0.18274837213,0.084104417959,0.1509307163,0.23745177918,0.093834655827,0.088136838391,0.2196370255,0.17791250047,0.28329558389,0.35288548288,0.25785588489,0.27916160233,0.21752805946,0.28947406964
46.5,0.28229430672,0.13978757358,0.17168181961,0.19164337307,0.12094712342,0.13004563693,0.088624445265,0.1562887704,0.17559440884,0.27771068037,0.088624212439,0.10317883022,0.17342439332,0.29121188682,0.18245370033,0.084096907133,0.15076393302,0.23679942985,0.093811654242,0.088123206776,0.21912836755,0.17764005055,0.28150188404,0.34598359377,0.2569791088,0.27786096022,0.21703426688,0.28744495174
47.0,0.28050058561,0.13965630378,0.17143573229,0.19130362416,0.12086753248,0.12994243257,0.088610024412,0.15610280778,0.17533146365,0.27642085024,0.088609791863,0.10313855256,0.17317088044,0.28883728117,0.18215950331,0.084089396978,0.15059733396,0.23614887122,0.093788658295,0.088109577269,0.21862088653,0.17736801765,0.2797195064,0.33921624287,0.25610530886,0.27656636986,0.21654159359,0.28543001669
47.5,0.27871823808,0.13952515725,0.17118999756,0.19096447742,0.12078799392,0.1298393101,0.088595605906,0.15591706635,0.17506891201,0.27513700855,0.088595373634,0.10309829061,0.17291773795,0.28648199699,0.18186578031,0.084081887494,0.15043091893,0.23550009836,0.093765667984,0.08809594987,0.21811457971,0.17709640112,0.27794837996,0.33258082507,0.255234475,0.27527780316,0.21605003705,0.28342916591
48.0,0.27694719233,0.13939413387,0.17094461492,0.19062593178,0.12070850769,0.12973626944,0.088581189746,0.15573154586,0.17480675333,0.27385912753,0.08858095775,0.10305804438,0.1726649653,0.28414587773,0.18157253056,0.084074378681,0.15026468771,0.2348531064,0.093742683309,0.088082324578,0.2176094444,0.17682520032,0.27618843411,0.32607478507,0.25436659719,0.27399523217,0.21555959476,0.28144230151
48.5,0.27518737698,0.13926323351,0.17069958387,0.19028798618,0.12062907376,0.12963331053,0.088566775931,0.15554624605,0.17454498702,0.27258717951,0.088566544212,0.10301781386,0.17241256195,0.28182876811,0.18127975331,0.084066870538,0.15009864011,0.23420789044,0.093719704268,0.088068701394,0.21710547788,0.17655441462,0.27443959871,0.31969561637,0.25350166542,0.27271862906,0.21507026418,0.27946932628
49.0,0.27343872112,0.13913245608,0.17045490391,0.18995063954,0.1205496921,0.12953043331,0.088552364462,0.15536116664,0.17428361249,0.27132113697,0.08855213302,0.10297759904,0.17216052736,0.2795305141,0.18098744779,0.084059363066,0.14993277593,0.23356444563,0.093696730859,0.088055080317,0.21660267745,0.17628404339,0.27270180403,0.31344086044,0.25263966974,0.27144796615,0.2145820428,0.27751014367
49.5,0.27170115427,0.13900180145,0.17021057452,0.18961389081,0.12047036267,0.12942763772,0.088537955338,0.15517630739,0.17402262916,0.27006097252,0.088537724172,0.10293739991,0.171908861,0.27725096291,0.18069561325,0.084051856264,0.14976709496,0.2329227671,0.093673763082,0.088041461346,0.21610104043,0.17601408598,0.27097498078,0.30730810577,0.2517806002,0.27018321585,0.21409492812,0.2755646578
50.0,0.2699746064,0.1388712695,0.16996659522,0.18927773894,0.12039108543,0.12932492368,0.088523548559,0.15499166802,0.17376203644,0.26880665888,0.088523317668,0.10289721647,0.17165756232,0.27498996296,0.18040424892,0.084044350132,0.149601597,0.23228285002,0.093650800934,0.088027844481,0.21560056412,0.17574454178,0.26925906012,0.30129498703,0.25092444691,0.26892435074,0.21360891764,0.27363277343
50.5,0.26825900791,0.13874086013,0.16972296549,0.18894218285,0.12031186037,0.12922229113,0.088509144123,0.15480724828,0.17350183375,0.2675581689,0.088508913509,0.10285704872,0.1714066308,0.2727473639,0.18011335405,0.084036844671,0.14943628184,0.23164468957,0.093627844415,0.088014229723,0.21510124584,0.17547541013,0.2675539736,0.2953991842,0.2500712,0.26767134349,0.21312400886,0.27171439599
51.0,0.26655428965,0.13861057321,0.16947968484,0.18860722151,0.12023268743,0.12911974001,0.088494742032,0.15462304791,0.1732420205,0.26631547557,0.088494511693,0.10281689664,0.1711560659,0.27052301659,0.17982292789,0.08402933988,0.14927114929,0.23100828092,0.093604893522,0.08800061707,0.21460308291,0.17520669043,0.26585965322,0.2896184217,0.24922084964,0.26642416691,0.21264019929,0.26980943156
51.5,0.26486038289,0.13848040864,0.16923675277,0.18827285384,0.12015356658,0.12901727025,0.088480342283,0.15443906664,0.17298259612,0.26507855199,0.088480112221,0.10277676024,0.17090586707,0.26831677309,0.17953296968,0.084021835759,0.14910619915,0.23037361927,0.093581948256,0.087987006523,0.21410607268,0.17493838203,0.2641760314,0.2839504676,0.24837338603,0.26518279395,0.21215748645,0.26791778687
52.0,0.26317721932,0.13835036629,0.16899416878,0.18793907881,0.1200744978,0.12891488179,0.088465944878,0.15425530422,0.17272356002,0.26384737139,0.088465715091,0.1027366395,0.17065603379,0.26612848665,0.17924347866,0.084014332308,0.14894143121,0.22974069984,0.093559008613,0.08797339808,0.21361021248,0.1746704843,0.26250304098,0.27839313276,0.24752879939,0.26394719767,0.21167586785,0.26603936928
52.5,0.2615047311,0.13822044605,0.16875193237,0.18760589536,0.11999548104,0.12881257457,0.088451549816,0.15407176038,0.17246491162,0.26262190713,0.088451320304,0.10269653441,0.17040656552,0.26395801168,0.1789544541,0.084006829527,0.14877684527,0.22910951786,0.093536074594,0.087959791742,0.21311549964,0.17440299662,0.2608406152,0.27294427006,0.24668708,0.26271735126,0.21119534102,0.26417408679
53.0,0.25984285077,0.13809064781,0.16851004304,0.18727330245,0.11991651628,0.12871034851,0.088437157095,0.15388843486,0.17220665035,0.26140213268,0.088436927859,0.10265644498,0.17015746173,0.26180520379,0.17866589523,0.083999327416,0.14861244113,0.22848006855,0.093513146196,0.087946187509,0.21262193153,0.17413591836,0.25918868773,0.26760177359,0.24584821816,0.26149322801,0.2107159035,0.26232184805
53.5,0.25819151131,0.13796097146,0.1682685003,0.18694129902,0.11983760347,0.12860820356,0.088422766717,0.15370532741,0.17194877561,0.26018802165,0.088422537756,0.1026163712,0.16990872189,0.25966991974,0.1783778013,0.083991825976,0.14844821859,0.22785234718,0.093490223418,0.087932585379,0.21212950549,0.1738692489,0.25754719265,0.26236357791,0.24501220419,0.26027480138,0.21023755282,0.2604825623
54.0,0.25655064614,0.13783141687,0.16802730365,0.18660988404,0.11975874259,0.12850613966,0.08840837868,0.15352243776,0.17169128684,0.25897954775,0.088408149994,0.10257631306,0.16966034547,0.25755201743,0.17809017158,0.083984325205,0.14828417745,0.22722634901,0.093467306259,0.087918985354,0.21163821889,0.17360298761,0.25591606444,0.25722765723,0.24417902846,0.25906204491,0.20976028653,0.25865613945
54.5,0.25492018905,0.13770198394,0.16778645259,0.18627905646,0.1196799336,0.12840415673,0.088393992984,0.15333976567,0.17143418346,0.25777668484,0.088393764574,0.10253627055,0.16941233194,0.25545135592,0.1778030053,0.083976825104,0.14812031751,0.2266020693,0.093444394717,0.087905387431,0.2111480691,0.17333713386,0.254295238,0.25219202474,0.24334868137,0.25785493228,0.20928410217,0.25684249001
55.0,0.2533000743,0.13757267255,0.16754594664,0.18594881524,0.11960117646,0.12830225471,0.088379609629,0.15315731086,0.17117746489,0.25657940687,0.088379381493,0.10249624366,0.16916468076,0.2533677954,0.17751630173,0.083969325672,0.14795663858,0.22597950337,0.093421488791,0.087891791612,0.21065905349,0.17307168704,0.25268464863,0.24725473181,0.24252115333,0.2566534373,0.2088089973,0.25504152509
55.5,0.25169023652,0.13744348258,0.16730578528,0.18561915934,0.11952247115,0.12820043354,0.088365228615,0.15297507308,0.17092113056,0.25538768794,0.088365000754,0.1024562324,0.16891739141,0.25130119717,0.17723006013,0.083961826911,0.14779314044,0.22535864649,0.09339858848,0.087878197895,0.21017116944,0.17280664652,0.25108423203,0.24241386731,0.24169643482,0.25545753389,0.20833496948,0.25325315644
56.0,0.25009061077,0.13731441392,0.16706596804,0.18529008773,0.11944381762,0.12809869315,0.08835084994,0.15279305207,0.17066517988,0.25420150224,0.088350622354,0.10241623676,0.16867046335,0.24925142368,0.17694427974,0.083954328819,0.1476298229,0.22473949401,0.093375693782,0.087864606281,0.20968441433,0.17254201167,0.24949392429,0.23766755688,0.24087451633,0.25426719608,0.20786201627,0.25147729641
56.5,0.24850113251,0.13718546646,0.16682649442,0.18496159937,0.11936521584,0.12799703349,0.088336473605,0.15261124757,0.1704096123,0.25302082412,0.088336246293,0.10237625673,0.16842389608,0.24721833845,0.17665895983,0.083946831397,0.14746668576,0.22412204123,0.093352804696,0.087851016769,0.20919878557,0.17227778189,0.24791366191,0.23301396226,0.24005538837,0.25308239804,0.20739013525,0.24971385793
57.0,0.24692173761,0.13705664009,0.16658736393,0.18463369322,0.11928666579,0.12789545448,0.088322099609,0.15242965934,0.17015442723,0.251845628,0.088321872572,0.1023362923,0.16817768904,0.24520180613,0.17637409965,0.083939334644,0.14730372883,0.2235062835,0.093329921221,0.087837429358,0.20871428054,0.17201395654,0.24634338179,0.22845128059,0.23923904151,0.25190311405,0.20691932399,0.24796275457
57.5,0.24535236235,0.13692793469,0.16634857608,0.18430636826,0.11920816742,0.12779395607,0.088307727952,0.1522482871,0.1698996241,0.25067588846,0.088307501189,0.10229634347,0.16793184173,0.24320169242,0.17608969848,0.08393183856,0.14714095189,0.22289221618,0.093307043354,0.087823844049,0.20823089665,0.17175053502,0.2447830212,0.22397774376,0.23842546634,0.25072931851,0.20644958007,0.24622390046
58.0,0.24379294338,0.13679935014,0.16611013037,0.18397962345,0.1191297207,0.12769253818,0.088293358634,0.15206713061,0.16964520234,0.24951158018,0.088293132145,0.10225641022,0.16768635361,0.24121786415,0.17580575555,0.083924343146,0.14697835476,0.22227983464,0.093284171096,0.087810260841,0.20774863132,0.1714875167,0.24323251783,0.2195916177,0.23761465346,0.24956098594,0.20598090107,0.24449721034
58.5,0.24224341779,0.13667088634,0.16587202631,0.18365345777,0.1190513256,0.12759120076,0.088278991653,0.1518861896,0.16939116139,0.24835267795,0.088278765438,0.10221649257,0.16744122417,0.23925018919,0.17552227015,0.083916848402,0.14681593724,0.22166913425,0.093261304443,0.087796679734,0.20726748195,0.17122490096,0.24169180971,0.21529120183,0.23680659354,0.24839809097,0.2055132846,0.24278259953
59.0,0.24070372302,0.13654254316,0.16563426343,0.1833278702,0.11897298208,0.12748994373,0.088264627011,0.15170546382,0.16913750067,0.24719915669,0.088264401069,0.10217659049,0.16719645287,0.23729853648,0.17523924153,0.083909354326,0.14665369913,0.2210601104,0.093238443396,0.087783100727,0.20678744597,0.1709626872,0.24016083532,0.21107482832,0.23600127726,0.24724060836,0.20504672825,0.24107998395
59.5,0.23917379694,0.13641432051,0.16539684122,0.1830028597,0.11889469011,0.12738876705,0.088250264705,0.15152495302,0.16888421961,0.24605099143,0.088250039038,0.10213670399,0.1669520392,0.23536277602,0.17495666896,0.08390186092,0.14649164022,0.2204527585,0.093215587952,0.08776952382,0.20630852082,0.17070087479,0.23863953346,0.20694086155,0.23519869533,0.24608851297,0.20458122963,0.23938928008
60.0,0.23765357778,0.13628621825,0.1651597592,0.18267842526,0.11881644965,0.12728767064,0.088235904737,0.15134465693,0.16863131765,0.24490815732,0.088235679343,0.10209683306,0.16670798262,0.23344277886,0.17467455171,0.083894368183,0.14632976033,0.21984707397,0.093192738111,0.087755949013,0.20583070391,0.17043946313,0.23712784336,0.20288769748,0.23439883849,0.2449417798,0.20411678633,0.23771040498
60.5,0.23614300419,0.13615823629,0.16492301688,0.18235456585,0.11873826068,0.12718665444,0.088221547105,0.15116457531,0.16837879422,0.24377062962,0.088221321985,0.10205697768,0.16646428264,0.23153841708,0.17439288904,0.083886876116,0.14616805925,0.21924305223,0.093169893871,0.087742376306,0.2053539927,0.1701784516,0.23562570459,0.19891376299,0.23360169753,0.24380038394,0.20365339598,0.23604327629
61.0,0.23464201518,0.13603037451,0.16468661379,0.18203128045,0.11866012316,0.12708571838,0.088207191809,0.1509847079,0.16812664875,0.24263838371,0.088206966962,0.10201713786,0.16622093871,0.22964956379,0.17411168022,0.083879384717,0.14600653679,0.21864068873,0.09314705523,0.087728805698,0.20487838462,0.16991783958,0.23413305712,0.19501751541,0.23280726324,0.24266430061,0.20319105619,0.23438781221
61.5,0.23315055014,0.13590263279,0.16445054942,0.18170856806,0.11858203705,0.12698486241,0.088192838849,0.15080505444,0.16787488068,0.24151139508,0.088192614276,0.10197731359,0.16597795032,0.22777609315,0.17383092452,0.083871893987,0.14584519275,0.21803997893,0.093124222187,0.087715237188,0.20440387713,0.16965762647,0.23264984128,0.19119744181,0.23201552648,0.24153350514,0.20272976459,0.23274393151
62.0,0.23166854886,0.13577501102,0.1642148233,0.18138642765,0.11850400232,0.12688408645,0.088178488224,0.15062561468,0.16762348944,0.24038963934,0.088178263924,0.10193750486,0.16573531696,0.22591788028,0.17355062121,0.083864403926,0.14568402693,0.21744091829,0.093101394741,0.087701670777,0.20393046769,0.16939781166,0.23117599778,0.18745205855,0.2312264781,0.24040797298,0.20226951881,0.23111155352
62.5,0.2301959515,0.13564750909,0.16397943495,0.18106485821,0.11842601893,0.12678339046,0.088164139935,0.15044638837,0.16737247448,0.2392730922,0.088163915908,0.10189771167,0.1654930381,0.22407480137,0.17327076957,0.083856914534,0.14552303914,0.21684350228,0.09307857289,0.087688106464,0.20345815376,0.16913839454,0.2297114677,0.18377991063,0.230440109,0.23928767969,0.20181031649,0.22949059811
63.0,0.22873269859,0.13552012689,0.16374438387,0.18074385873,0.11834808686,0.12668277435,0.08814979398,0.15026737525,0.16712183522,0.23816172949,0.088149570226,0.10185793401,0.16525111323,0.22224673356,0.17299136887,0.083849425811,0.14536222917,0.21624772641,0.093055756633,0.08767454425,0.20298693281,0.1688793745,0.22825619248,0.18017957122,0.22965641012,0.23817260093,0.20135215526,0.22788098573
63.5,0.22727873105,0.1353928643,0.16350966958,0.1804234282,0.11827020607,0.12658223807,0.08813545036,0.15008857507,0.16687157111,0.23705552716,0.088135226878,0.10181817188,0.16500954183,0.220433555,0.17271241837,0.083841937757,0.14520159684,0.21565358617,0.093032945969,0.087660984132,0.20251680231,0.16862075093,0.22681011392,0.17664964106,0.22887537242,0.23706271249,0.20089503278,0.22628263736
64.0,0.22583399014,0.13526572121,0.16327529161,0.18010356561,0.11819237652,0.12648178156,0.088121109073,0.14990998757,0.16662168158,0.23595446125,0.088120885864,0.10177842526,0.16476832338,0.21863514482,0.17243391736,0.083834450371,0.14504114195,0.21506107709,0.093010140896,0.087647426112,0.20204775975,0.16836252323,0.22537317419,0.173188748,0.22809698689,0.23595799027,0.20043894668,0.22469547454
64.5,0.22439841751,0.13513869752,0.16304124948,0.17978426996,0.11811459818,0.12638140475,0.08810677012,0.14973161251,0.16637216608,0.23485850794,0.088106547184,0.10173869416,0.16452745737,0.21685138312,0.17215586512,0.083826963654,0.1448808643,0.21447019468,0.092987341414,0.087633870188,0.20157980261,0.16810469079,0.22394531583,0.1697955464,0.22732124455,0.23485841027,0.19998389464,0.22311941933
65.0,0.22297195519,0.1350117931,0.16280754269,0.17946554024,0.11803687102,0.12628110758,0.0880924335,0.14955344963,0.16612302404,0.2337676435,0.088092210836,0.10169897856,0.16428694329,0.21508215098,0.17187826092,0.083819477605,0.14472076369,0.2138809345,0.092964547519,0.087620316362,0.20111292838,0.167847253,0.22252648172,0.16646871671,0.22654813644,0.23376394861,0.19952987431,0.22155439436
65.5,0.22155454554,0.13488500785,0.16257417078,0.17914737544,0.11795919501,0.12618088999,0.088078099212,0.14937549867,0.16587425491,0.23268184432,0.088077876821,0.10165927847,0.16404678062,0.21332733043,0.17160110404,0.083811992225,0.14456083994,0.21329329209,0.092941759212,0.087606764631,0.20064713457,0.16759020927,0.22111661511,0.16320696491,0.22577765367,0.23267458152,0.19907688335,0.22000032275
66.0,0.22014613132,0.13475834165,0.16234113325,0.17882977457,0.1178815701,0.12608075191,0.088063767258,0.14919775939,0.16562585813,0.23160108688,0.088063545139,0.10161959386,0.16380696885,0.21158680446,0.17132439376,0.083804507514,0.14440109284,0.21270726302,0.092918976491,0.087593214996,0.20018241867,0.16733355899,0.21971565958,0.16000902205,0.22500978733,0.23159028535,0.19862491945,0.2184571282
66.5,0.21874665561,0.13463179439,0.16210842964,0.17851273664,0.11780399627,0.12598069327,0.088049437635,0.14902023153,0.16537783314,0.2305253478,0.088049215788,0.10157992475,0.16356750746,0.20986045698,0.17104812937,0.08379702347,0.1442415222,0.21212284287,0.092896199354,0.087579667457,0.1997187782,0.16707730156,0.21832355909,0.15687364377,0.22424452856,0.23051103653,0.19817398027,0.2169247349
67.0,0.21735606189,0.13450536597,0.16187605947,0.17819626063,0.11772647349,0.12588071403,0.088035110343,0.14884291485,0.16513017939,0.22945460379,0.088034888769,0.10154027112,0.16332839595,0.20814817286,0.17077231014,0.083789540096,0.14408212782,0.21154002723,0.0928734278,0.087566122013,0.19925621067,0.16682143638,0.21694025793,0.15379960983,0.22348186855,0.22943681163,0.19772406351,0.21540306757
67.5,0.21597429395,0.13437905626,0.16164402225,0.17788034556,0.11764900171,0.12578081411,0.088020785383,0.14866580909,0.16488289633,0.22838883166,0.08802056408,0.10150063296,0.1630896338,0.2064498379,0.17049693536,0.083782057389,0.14392290952,0.21095881169,0.092850661828,0.087552578664,0.1987947136,0.16656596285,0.21556570075,0.15078572363,0.22272179848,0.2283675873,0.19727516685,0.21389205148
68.0,0.21460129597,0.13425286516,0.16141231751,0.17756499042,0.11757158091,0.12568099345,0.088006462754,0.148488914,0.16463598338,0.22732800834,0.088006241723,0.10146101028,0.16285122051,0.2047653388,0.17022200431,0.083774575351,0.14376386709,0.21037919188,0.092827901436,0.08753903741,0.19833428452,0.16631088036,0.21419983254,0.14783081178,0.2219643096,0.22730334033,0.19682728797,0.21239161237
68.5,0.21323701246,0.13412679256,0.16118094478,0.17725019424,0.11749421106,0.12558125199,0.087992142456,0.14831222933,0.16438944002,0.22627211087,0.087991921696,0.10142140306,0.16261315556,0.2030945632,0.16994751628,0.08376709398,0.14360500035,0.20980116341,0.092805146623,0.08752549825,0.19787492097,0.16605618833,0.21284259862,0.14493372363,0.22120939316,0.22624404759,0.19638042459,0.21090167654
69.0,0.2118813883,0.13400083834,0.16094990357,0.17693595602,0.11741689211,0.12548158966,0.087977824487,0.14813575483,0.16414326567,0.22522111639,0.087977603999,0.1013818113,0.16237543845,0.20143739963,0.16967347056,0.083759613278,0.14344630909,0.20922472193,0.092782397388,0.087511961183,0.19741662047,0.16580188615,0.21149394468,0.14209333087,0.22045704045,0.22518968607,0.19593457441,0.20942217075
69.5,0.21053436868,0.13387500239,0.16071919343,0.17662227477,0.11733962403,0.1253820064,0.087963508848,0.14795949025,0.16389745979,0.22417500215,0.087963288631,0.10134223499,0.16213806867,0.19979373753,0.16939986644,0.083752133244,0.14328779313,0.20864986308,0.092759653729,0.087498426211,0.19695938058,0.16554797323,0.21015381671,0.13930852709,0.21970724279,0.22414023287,0.19548973513,0.20795302231
70.0,0.20919589918,0.13374928461,0.16048881386,0.17630914951,0.1172624068,0.12528250216,0.087949195539,0.14778343534,0.16365202184,0.22313374549,0.087948975593,0.10130267413,0.16190104571,0.19816346723,0.16912670319,0.083744653878,0.14312945227,0.20807658253,0.092736915645,0.087484893332,0.19650319885,0.16529444897,0.20882216107,0.13657822732,0.21895999153,0.22309566518,0.19504590446,0.206494159
70.5,0.20786592568,0.13362368488,0.16025876439,0.17599657924,0.11718524038,0.12518307686,0.087934884558,0.14760758986,0.16340695125,0.22209732388,0.087934664884,0.1012631287,0.16166436906,0.19654647993,0.16885398013,0.08373717518,0.14297128632,0.20750487594,0.092714183134,0.087471362545,0.19604807282,0.16504131279,0.20749892444,0.13390136767,0.21821527805,0.22205596032,0.19460308013,0.20504550913
71.0,0.20654439443,0.13349820309,0.16002904457,0.17568456299,0.11710812473,0.12508373045,0.087920575906,0.14743195355,0.16316224748,0.22106571488,0.087920356503,0.10122359871,0.16142803823,0.19494266774,0.16858169653,0.08372969715,0.14281329508,0.20693473901,0.092691456195,0.087457833852,0.19559400006,0.16478856407,0.20618405383,0.13127690491,0.21747309375,0.22102109568,0.19416125986,0.20360700148
71.5,0.20523125201,0.13337283913,0.1597996539,0.17537309977,0.11703105982,0.12498446286,0.087906269583,0.14725652616,0.16291790998,0.22003889614,0.08790605045,0.10118408415,0.1611920527,0.1933519236,0.16830985169,0.083722219787,0.14265547837,0.20636616743,0.092668734827,0.08744430725,0.19514097814,0.16453620224,0.20487749659,0.12870381607,0.21673343006,0.21999104879,0.19372044139,0.20217856533
72.0,0.20392644532,0.13324759289,0.15957059193,0.17506218861,0.11695404563,0.12488527403,0.087891965587,0.14708130744,0.1626739382,0.21901684545,0.087891746725,0.10114458501,0.16095641197,0.19177414136,0.1680384449,0.083714743092,0.14249783599,0.20579915691,0.092646019029,0.087430782741,0.19468900462,0.16428422671,0.20357920039,0.12618109803,0.21599627847,0.21896579726,0.19328062243,0.20076013046
72.5,0.20262992163,0.13312246426,0.15934185818,0.17475182853,0.1168770821,0.12478616389,0.087877663918,0.14690629716,0.1624303316,0.21799954068,0.087877445327,0.10110510129,0.16072111554,0.1902092157,0.16776747547,0.083707267065,0.14234036774,0.20523370317,0.092623308798,0.087417260324,0.19423807709,0.16403263687,0.20228911323,0.12370776717,0.21526163044,0.21794531882,0.19284180074,0.19935162711
73.0,0.20134162849,0.13299745313,0.15911345218,0.17444201854,0.11680016922,0.12468713239,0.087863364577,0.14673149505,0.16218708963,0.21698695979,0.087863146256,0.10106563298,0.16048616291,0.18865704215,0.16749694268,0.083699791705,0.14218307343,0.20466980193,0.092600604135,0.087403739997,0.19378819314,0.16378143214,0.20100718344,0.121282859,0.21452947752,0.21692959129,0.19240397406,0.19795298604
73.5,0.20006151383,0.13287255938,0.15888537346,0.17413275768,0.11672330695,0.12458817946,0.087849067562,0.14655690088,0.16194421174,0.21597908087,0.087848849512,0.10102618007,0.16025155357,0.1871175171,0.16722684583,0.083692317013,0.14202595288,0.20410744896,0.092577905036,0.087390221762,0.19333935034,0.16353061193,0.19973335966,0.11890542774,0.21379981124,0.2159185926,0.19196714014,0.19656413845
74.0,0.19878952588,0.13274778291,0.15865762155,0.17382404498,0.11664649525,0.12448930505,0.087834772874,0.14638251439,0.1617016974,0.2149758821,0.087834555094,0.10098674256,0.16001728703,0.18559053775,0.16695718422,0.083684842989,0.14186900589,0.20354663999,0.092555211502,0.087376705618,0.19289154629,0.16328017566,0.19846759086,0.11657454603,0.21307262319,0.21491230078,0.19153129673,0.19518501604
74.5,0.1975256132,0.13262312361,0.15843019599,0.17351587945,0.11656973409,0.12439050908,0.087820480511,0.14620833534,0.16145954605,0.21397734175,0.087820263002,0.10094732044,0.15978336277,0.18407600217,0.16668795715,0.083677369632,0.14171223227,0.2029873708,0.09253252353,0.087363191564,0.19244477859,0.16303012274,0.19720982632,0.11428930452,0.21234790497,0.21391069396,0.19109644159,0.19381555099
75.0,0.19626972469,0.13249858137,0.1582030963,0.17320826014,0.11649302344,0.12429179149,0.087806190475,0.14603436349,0.16121775715,0.21298343821,0.087805973235,0.10090791371,0.15954978031,0.18257380922,0.16641916392,0.083669896942,0.14155563183,0.20242963716,0.092509841119,0.0873496796,0.19199904485,0.16278045257,0.19596001565,0.11204881154,0.21162564822,0.21291375038,0.19066257249,0.19245567591
75.5,0.19502180953,0.13237415608,0.15797632203,0.17290118607,0.11641636327,0.12419315223,0.087791902763,0.14586059858,0.16097633017,0.21199414995,0.087791685793,0.10086852236,0.15931653914,0.18108385859,0.16615080384,0.08366242492,0.14139920438,0.20187343487,0.092487164268,0.087336169725,0.19155434268,0.16253116458,0.19471810876,0.10985219279,0.21090584461,0.21192144836,0.1902296872,0.19110532393
76.0,0.19378181727,0.13224984762,0.1577498727,0.17259465628,0.11633975354,0.12409459123,0.087777617376,0.14568704036,0.16073526455,0.21100945556,0.087777400676,0.10082914638,0.15908363877,0.17960605077,0.1658828762,0.083654953565,0.14124294972,0.20131875973,0.092464492976,0.08732266194,0.1911106697,0.16228225818,0.19348405588,0.10769859094,0.21018848582,0.21093376635,0.18979778349,0.18976442859
76.5,0.19254969774,0.1321256559,0.15752374785,0.17228866981,0.11626319422,0.12399610843,0.087763334314,0.1455136886,0.16049455977,0.21002933372,0.087763117883,0.10078978577,0.1588510787,0.17814028709,0.16561538031,0.083647482877,0.14108686767,0.20076560754,0.09244182724,0.087309156245,0.19066802352,0.16203373278,0.19225780755,0.10558716536,0.20947356357,0.20995068287,0.18936685914,0.18843292394
77.0,0.19132540112,0.13200158079,0.15729794702,0.17198322568,0.11618668527,0.12389770376,0.087749053575,0.14534054305,0.16025421528,0.2090537632,0.087748837414,0.10075044052,0.15861885843,0.17668646963,0.16534831548,0.083640012856,0.14093095803,0.20021397414,0.092419167061,0.087295652638,0.19022640178,0.16178558781,0.19103931462,0.10351709179,0.20876106961,0.20897217656,0.18893691194,0.18711074444
77.5,0.19010887786,0.13187762219,0.15707246973,0.17167832295,0.11611022667,0.12379937718,0.08773477516,0.14516760347,0.16001423053,0.20808272288,0.087734559269,0.10071111063,0.15838697746,0.17524450129,0.16508168101,0.083632543503,0.14077522061,0.19966385536,0.092396512436,0.087282151119,0.1897858021,0.16153782269,0.18982852825,0.10148756199,0.20805099572,0.20799822616,0.18850793968,0.18579782504
78.0,0.18890007876,0.13175377999,0.15684731554,0.17137396065,0.11603381837,0.1237011286,0.087720499069,0.1449948696,0.15977460501,0.20711619174,0.087720283447,0.10067179608,0.15815543531,0.17381428575,0.16481547621,0.083625074816,0.14061965523,0.19911524705,0.092373863363,0.087268651689,0.18934622213,0.16129043682,0.18862539989,0.099497783473,0.20734333369,0.20702881048,0.18807994014,0.18449410112
78.5,0.18769895491,0.13163005408,0.15662248397,0.17107013782,0.11595746035,0.12360295798,0.0877062253,0.1448223412,0.15953533816,0.20615414885,0.087706009948,0.10063249689,0.15792423147,0.17239572746,0.16454970039,0.083617606796,0.1404642617,0.19856814506,0.092351219843,0.087255154346,0.18890765951,0.16104342964,0.18742988131,0.097546979164,0.20663807537,0.20606390846,0.18765291114,0.18319950851
79.0,0.18650545772,0.13150644436,0.15639797457,0.17076685351,0.11588115258,0.12350486524,0.087691953854,0.14465001804,0.15929642944,0.20519657338,0.087691738771,0.10059321303,0.15769336545,0.17098873167,0.16428435285,0.083610139443,0.14030903982,0.19802254527,0.092328581873,0.087241659091,0.18847011188,0.16079680055,0.18624192458,0.09563438713,0.2059352126,0.20510349913,0.18722685048,0.1819139835
79.5,0.1853195389,0.1313829507,0.15617378686,0.17046410677,0.11580489501,0.12340685034,0.087677684731,0.14447789986,0.15905787834,0.20424344459,0.087677469916,0.1005539445,0.15746283676,0.16959320436,0.16401943291,0.083602672757,0.1401539894,0.19747844355,0.092305949452,0.087228165923,0.18803357691,0.160550549,0.18506148205,0.093759260274,0.20523473728,0.20414756161,0.18680175596,0.18063746281
80.0,0.18414115045,0.13125957301,0.1559499204,0.17016189664,0.11572868762,0.1233089132,0.087663417928,0.14430598642,0.1588196843,0.20329474185,0.087663203383,0.1005146913,0.15723264491,0.16820905229,0.16375493989,0.083595206738,0.13999911026,0.1969358358,0.092283322578,0.087214674842,0.18759805226,0.16030467439,0.1838885064,0.091920866053,0.20453664131,0.20319607511,0.18637762541,0.17936988358
80.5,0.18297024469,0.13113631117,0.15572637472,0.16986022217,0.11565253038,0.12321105376,0.087649153448,0.14413427748,0.1585818468,0.20235044462,0.087648939171,0.10047545342,0.1570027894,0.16683618297,0.16349087308,0.083587741386,0.13984440221,0.19639471793,0.092260701251,0.087201185848,0.18716353558,0.16005917614,0.18272295058,0.090118486193,0.20384091664,0.20224901896,0.18595445663,0.17811118342
81.0,0.18180677425,0.13101316508,0.15550314937,0.16955908241,0.11557642325,0.12311327197,0.087634891288,0.14396277279,0.15834436531,0.20141053244,0.08763467728,0.10043623085,0.15677326974,0.16547450467,0.16322723182,0.0835802767,0.13968986506,0.19585508584,0.092238085468,0.087187698939,0.18673002455,0.1598140537,0.18156476784,0.088351416415,0.20314755522,0.20130637256,0.18553224746,0.17686130035
81.5,0.18065069203,0.13089013463,0.15528024387,0.16925847641,0.11550036619,0.12301556775,0.087620631449,0.14379147212,0.15810723928,0.20047498497,0.087620417709,0.10039702359,0.15654408545,0.16412392638,0.1629640154,0.083572812681,0.13953549861,0.19531693547,0.092215475229,0.087174214117,0.18629751685,0.15956930647,0.18041391172,0.086618966165,0.20245654907,0.20036811542,0.18511099572,0.17562017283
82.0,0.17950195125,0.1307672197,0.15505765778,0.16895840324,0.11542435918,0.12291794106,0.08760637393,0.14362037522,0.15787046819,0.19954378195,0.087606160459,0.10035783163,0.15631523604,0.16278435784,0.16270122315,0.083565349328,0.13938130269,0.19478026274,0.092192870532,0.08716073138,0.18586601015,0.15932493389,0.17927033606,0.084920458347,0.2017678902,0.19943422715,0.18469069925,0.17438773973
82.5,0.1783605054,0.1306444202,0.15483539064,0.16865886194,0.11534840218,0.12282039183,0.087592118732,0.14344948184,0.15763405151,0.19861690321,0.087591905528,0.10031865497,0.15608672101,0.16145570953,0.16243885439,0.083557886642,0.1392272771,0.19424506362,0.092170271376,0.087147250728,0.18543550215,0.15908093539,0.17813399499,0.083255229063,0.20108157065,0.19850468743,0.18427135589,0.17316394037
83.0,0.1772263083,0.130521736,0.15461344199,0.16835985157,0.11527249517,0.12272291999,0.087577865852,0.14327879175,0.15739798871,0.19769432869,0.087577652917,0.1002794936,0.15585853987,0.16013789263,0.16217690844,0.083550424622,0.13907342166,0.19371133405,0.09214767776,0.087133772161,0.18500599053,0.15883731038,0.17700484291,0.081622627358,0.2003975825,0.19757947607,0.18385296348,0.17194871447
83.5,0.17609931402,0.13039916701,0.15439181138,0.16806137119,0.1151966381,0.12262552549,0.087563615292,0.14310830471,0.15716227925,0.1967760384,0.087563402625,0.10024034752,0.15563069215,0.15883081905,0.16191538461,0.083542963269,0.13891973617,0.19317907002,0.092125089681,0.087120295679,0.184577473,0.1585940583,0.17588283452,0.080022014969,0.19971591785,0.19665857294,0.18343551988,0.17074200218
84.0,0.17497947695,0.13027671312,0.15417049835,0.16776341987,0.11512083094,0.12252820826,0.087549367051,0.14293802046,0.15692692262,0.19586201246,0.087549154651,0.10020121671,0.15540317735,0.15753440142,0.16165428222,0.083535502582,0.13876622045,0.19264826749,0.092102507139,0.087106821281,0.18414994725,0.15835117859,0.1747679248,0.078452766078,0.19903656884,0.19574195801,0.18301902292,0.16954374404
84.5,0.17386675175,0.13015437421,0.15394950244,0.16746599666,0.11504507366,0.12243096825,0.087535121127,0.14276793878,0.15669191828,0.19495223109,0.087534908996,0.10016210117,0.15517599498,0.15624855308,0.1613936006,0.083528042561,0.13861287431,0.19211892247,0.092079930133,0.087093348967,0.18372341099,0.15810867066,0.173660069,0.076914267073,0.19835952761,0.19482961137,0.18260347048,0.16835388104
85.0,0.17276109338,0.13003215018,0.15372882321,0.16716910064,0.11496936623,0.12233380538,0.087520877522,0.14259805942,0.15645726571,0.19404667457,0.087520665659,0.1001230009,0.15494914457,0.15497318805,0.16113333907,0.083520583206,0.13845969757,0.19159103095,0.09205735866,0.087079878736,0.18329786195,0.15786653396,0.17255922267,0.075405916311,0.19768478635,0.19392151317,0.18218886041,0.16717235456
85.5,0.17166245706,0.12991004092,0.15350846019,0.16687273086,0.11489370862,0.12223671961,0.087506636235,0.14242838214,0.15622296437,0.1931453233,0.087506424639,0.10008391589,0.15472262563,0.15370822107,0.16087349695,0.083513124518,0.13830669003,0.19106458895,0.092034792721,0.087066410589,0.18287329783,0.1576247679,0.17146534162,0.073927123883,0.19701233726,0.19301764366,0.18177519059,0.16599910638
86.0,0.17057079833,0.12978804633,0.15328841294,0.16657688639,0.11481810079,0.12213971087,0.087492397265,0.1422589067,0.15598901375,0.19224815776,0.087492185936,0.10004484614,0.15449643767,0.15245356755,0.16061407357,0.083505666495,0.13815385152,0.1905395925,0.092012232312,0.087052944525,0.18244971636,0.15738337194,0.17037838195,0.07247731139,0.19634217258,0.19211798319,0.18136245888,0.16483407869
86.5,0.16948607297,0.12966616629,0.153068681,0.16628156631,0.11474254271,0.12204277909,0.087478160611,0.14208963286,0.15575541332,0.19135515852,0.08747794955,0.10000579164,0.1542705802,0.15120914361,0.16035506826,0.083498209139,0.13800118184,0.19001603763,0.091989677434,0.087039480543,0.18202711527,0.1571423455,0.16929830003,0.07105591172,0.19567428457,0.1912225122,0.18095066317,0.16367721409
87.0,0.16840823706,0.1295444007,0.15284926392,0.16598676968,0.11466703434,0.12194592422,0.087463926275,0.14192056038,0.15552216256,0.19046630625,0.08746371548,0.099966752373,0.15404505276,0.14997486601,0.16009648033,0.083490752448,0.13784868081,0.18949392039,0.091967128084,0.087026018644,0.18160549229,0.15690168801,0.1682250525,0.069662368826,0.19500866551,0.19033121121,0.18053980134,0.16252845556
87.5,0.16733724696,0.12942274945,0.15263016125,0.16569249557,0.11459157566,0.1218491462,0.087449694254,0.14175168902,0.15528926094,0.18958158169,0.087449483726,0.099927728347,0.15381985485,0.14875065223,0.15983830913,0.083483296424,0.13769634824,0.18897323683,0.091944584261,0.087012558827,0.18118484517,0.15666139891,0.16715859627,0.068296137513,0.19434530772,0.18944406084,0.18012987127,0.1613877465
88.0,0.16627305929,0.12930121243,0.15241137254,0.16539874307,0.11451616663,0.12175244496,0.087435464549,0.14158301854,0.15505670794,0.18870096569,0.087435254288,0.099888719552,0.153594986,0.14753642039,0.15958055397,0.083475841065,0.13754418395,0.18845398303,0.091922045964,0.086999101091,0.18076517164,0.15642147764,0.16609888852,0.066956683227,0.19368420353,0.1885610418,0.17972087086,0.16025503067
88.5,0.16521563096,0.12917978954,0.15219289735,0.16510551125,0.11444080722,0.12165582045,0.087421237159,0.14141454871,0.15482450304,0.18782443918,0.087421027166,0.099849725981,0.15337044572,0.14633208927,0.1593232142,0.083468386372,0.13739218775,0.18793615506,0.091899513192,0.086985645437,0.18034646946,0.15618192364,0.16504588671,0.065643481849,0.19302534531,0.18768213487,0.179312798,0.15913025226
89.0,0.16416491914,0.12905848067,0.15197473521,0.16481279917,0.1143654974,0.1215592726,0.087407012085,0.14124627928,0.15459264573,0.18695198317,0.087406802358,0.09981074763,0.15314623354,0.14513757833,0.15906628914,0.083460932345,0.13724035945,0.18741974902,0.091876985943,0.086972191864,0.17992873639,0.15594273634,0.16399954855,0.064356019493,0.19236872545,0.18680732096,0.17890565059,0.15801335581
89.5,0.16312088127,0.12893728571,0.15175688569,0.16452060594,0.11429023713,0.12146280136,0.087392789325,0.14107821001,0.15436113547,0.18608357878,0.087392579864,0.099771784491,0.15292234897,0.14395280766,0.15880977812,0.083453478983,0.13708869887,0.186904761,0.091854464215,0.086958740372,0.17951197018,0.15570391518,0.16295983203,0.063093792305,0.19171433636,0.18593658102,0.17849942655,0.15690428626
90.0,0.16208347507,0.12881620456,0.15153934834,0.16422893061,0.11421502638,0.12136640665,0.087378568879,0.14091034068,0.15412997175,0.18521920719,0.087378359685,0.099732836559,0.15269879155,0.14277769801,0.15855368047,0.083446026287,0.13693720583,0.18639118712,0.091831948009,0.08694529096,0.17909616859,0.15546545961,0.16192669538,0.06185630627,0.19106217048,0.18506989613,0.17809412378,0.15580298895
90.5,0.16105265851,0.1286952371,0.1513221227,0.16393777228,0.11413986512,0.12127008843,0.087364350747,0.14074267103,0.15389915405,0.18435884969,0.087364141819,0.099693903829,0.15247556078,0.14161217078,0.15829799554,0.083438574257,0.13678588013,0.1858790235,0.091809437321,0.086931843628,0.17868132941,0.15522736906,0.16090009712,0.060643077021,0.19041222029,0.18420724742,0.17768974019,0.15470940956
91.0,0.16002838984,0.12857438324,0.15110520834,0.16364713003,0.11406475332,0.12117384663,0.087350134929,0.14057520084,0.15366868186,0.18350248765,0.087349926267,0.099654986293,0.15225265619,0.14045614798,0.15804272266,0.083431122892,0.1366347216,0.18536826626,0.091786932151,0.086918398375,0.1782674504,0.15498964298,0.15987999601,0.059453629649,0.18976447826,0.18334861615,0.17728627372,0.15362349419
91.5,0.15901062756,0.12845364286,0.1508886048,0.16335700295,0.11398969094,0.12107768118,0.087335921423,0.14040792986,0.15343855466,0.18265010251,0.087335713028,0.099616083947,0.15203007732,0.13930955227,0.15778786116,0.083423672192,0.13648373005,0.18485891156,0.091764432497,0.086904955203,0.17785452935,0.1547522808,0.15886635108,0.058287498523,0.18911893692,0.18249398362,0.17688372227,0.15254518929
92.0,0.15799933044,0.12833301585,0.15067231165,0.16306739012,0.11391467795,0.12098159204,0.087321710231,0.14024085786,0.15320877193,0.18180167582,0.087321502101,0.099577196784,0.15180782367,0.13817230695,0.15753341039,0.083416222158,0.1363329053,0.18435095555,0.091741938359,0.086891514109,0.17744256404,0.15451528198,0.15785912161,0.057144227107,0.18847558881,0.18164333126,0.17648208379,0.15147444168
92.5,0.15699445752,0.12821250212,0.15045632843,0.16277829063,0.11383971432,0.12088557914,0.08730750135,0.14007398461,0.15297933315,0.18095718921,0.087307293487,0.099538324798,0.15158589478,0.1370443359,0.15727936967,0.083408772789,0.13618224715,0.18384439439,0.091719449734,0.086878075094,0.17703155226,0.15427864595,0.15685826712,0.056023367782,0.1878344265,0.18079664055,0.17608135621,0.15041119855
93.0,0.15599596807,0.12809210156,0.15024065471,0.16248970358,0.11376480001,0.12078964241,0.087293294782,0.13990730986,0.15275023782,0.18011662438,0.087293087184,0.099499467984,0.15136429018,0.13592556367,0.15702573836,0.083401324085,0.13603175544,0.18333922426,0.091696966621,0.086864638158,0.17662149182,0.15404237216,0.15586374742,0.054924481678,0.18719544258,0.17995389309,0.17568153746,0.14935540747
93.5,0.15500382164,0.12797181405,0.15002529003,0.16220162805,0.113689935,0.1206937818,0.087279090525,0.13974083338,0.15252148542,0.17927996314,0.087278883193,0.099460626335,0.15114300938,0.13481591538,0.15677251579,0.083393876046,0.13588142997,0.18283544134,0.09167448902,0.086851203299,0.1762123805,0.15380646006,0.15487552254,0.05384713851,0.18655862967,0.17911507053,0.17528262549,0.14830701637
94.0,0.15401797804,0.1278516395,0.14981023397,0.16191406314,0.11361511925,0.12059799725,0.08726488858,0.13957455494,0.15229307543,0.17844718736,0.087264681514,0.099421799846,0.15092205192,0.13371531678,0.15651970131,0.083386428673,0.13573127056,0.18233304182,0.091652016928,0.086837770519,0.17580421612,0.15357090909,0.15389355278,0.052790917082,0.18592398041,0.17828015462,0.17488461825,0.14726597353
94.5,0.15303839731,0.1277315778,0.14959548607,0.16162700794,0.11354035273,0.1205022887,0.087250688945,0.13940847429,0.15206500735,0.17761827901,0.087250482144,0.09938298851,0.15070141733,0.1326236942,0.15626729425,0.083378981965,0.13558127702,0.18183202192,0.091629550344,0.086824339816,0.17539699649,0.15333571871,0.15291779867,0.051755441621,0.18529148746,0.17744912722,0.17448751369,0.1462322276
95.0,0.15206503975,0.12761162883,0.1493810459,0.16134046155,0.1134656354,0.12040665608,0.087236491621,0.13924259121,0.15183728066,0.17679322013,0.087236285085,0.099344192322,0.15048110513,0.13154097459,0.15601529396,0.083371535921,0.13543144918,0.18133237785,0.091607089268,0.08681091119,0.17499071942,0.15310088835,0.151948221,0.050742374126,0.18466114352,0.17662197023,0.17409130977,0.14520572759
95.5,0.15109786593,0.1274917925,0.14916691301,0.16105442307,0.11339096724,0.12031109935,0.087222296607,0.13907690546,0.15160989485,0.17597199286,0.087222090337,0.099305411276,0.15026111485,0.13046708548,0.1557636998,0.083364090543,0.13528178686,0.18083410583,0.091584633697,0.086797484641,0.17458538275,0.15286641748,0.15098478081,0.049864113197,0.18403294131,0.17579866566,0.17369600445,0.14418642284
96.0,0.15013683665,0.1273720687,0.14895308696,0.16076889161,0.11331634821,0.12021561842,0.087208103903,0.1389114168,0.15138284942,0.17515457941,0.087207897897,0.099266645366,0.15004144602,0.12940195499,0.15551251109,0.083356645829,0.13513228986,0.18033720211,0.09156218363,0.086784060169,0.17418098428,0.15263230553,0.15002743937,0.055025177011,0.18340687356,0.1749791956,0.1733015957,0.14317426308
96.5,0.14918191295,0.12725245733,0.14873956732,0.16048386625,0.11324177828,0.12012021326,0.087193913508,0.13874612501,0.15115614384,0.17434096208,0.087193707767,0.099227894587,0.14982209818,0.12834551183,0.1552617272,0.08334920178,0.134982958,0.17984166293,0.091539739066,0.086770637772,0.17377752186,0.15239855196,0.1490761582,0.15692324669,0.18278293304,0.17416354222,0.17290808148,0.14216919836
97.0,0.14823305614,0.12713295827,0.14852635365,0.1601993461,0.11316725741,0.12002488379,0.087179725422,0.13858102983,0.15092977763,0.17353112324,0.087179519946,0.099189158931,0.14960307086,0.12729768529,0.15501134747,0.083341758396,0.13483379111,0.17934748455,0.091517300004,0.086757217452,0.17337499332,0.15216515623,0.14813089907,0.20096619849,0.18216111254,0.17335168777,0.17251545978,0.14117117909
97.5,0.14729022775,0.12701357143,0.1483134455,0.15991533028,0.11309278558,0.11992962996,0.087165539645,0.13841613106,0.15070375026,0.17272504536,0.087165334433,0.099150438393,0.14938436358,0.12625840628,0.15476137125,0.083334315677,0.134684789,0.17885466323,0.091494866442,0.086743799207,0.1729733965,0.15193211778,0.14719162398,0.19827488022,0.18154140488,0.1725436146,0.17212372858,0.14018015601
98.0,0.14635338958,0.12689429669,0.14810084244,0.15963181788,0.11301836275,0.1198344517,0.087151356175,0.13825142844,0.15047806123,0.17192271098,0.087151151229,0.099111732968,0.14916597588,0.12522766227,0.15451179788,0.083326873622,0.13453595149,0.17836319526,0.091472438378,0.086730383038,0.17257272925,0.15169943607,0.14625829516,0.19441411162,0.18092380289,0.17173930511,0.17173288585,0.13919608023
98.5,0.14542250364,0.12677513395,0.14788854404,0.15934880801,0.1129439889,0.11973934896,0.087137175014,0.13808692174,0.15025271004,0.17112410272,0.087136970332,0.099073042649,0.1489479073,0.12420849915,0.15426262673,0.083319432232,0.1343872784,0.17787307692,0.091450015813,0.086716968943,0.17217298942,0.15146711056,0.14533087509,0.19060625657,0.18030829944,0.1709387418,0.1713429296,0.13821890317
99.0,0.1444975322,0.12665608311,0.14767654985,0.15906629979,0.11286966398,0.11964432168,0.08712299616,0.13792261074,0.15002769617,0.17032920328,0.087122791742,0.099034367431,0.14873015736,0.12336984985,0.15401385714,0.083311991507,0.13423876955,0.17738430452,0.091427598743,0.086703556924,0.17177417487,0.15123514069,0.14440932649,0.1868724404,0.17969488741,0.17014190727,0.1709538578,0.13724857661
99.5,0.14357843776,0.12653714407,0.14746485945,0.15878429232,0.11279538796,0.11954936979,0.087108819613,0.1377584952,0.14980301913,0.16953799546,0.08710861546,0.098995707307,0.1485127256,0.12954930405,0.15376548847,0.083304551446,0.13409042475,0.17689687435,0.091405187168,0.086690146978,0.17137628346,0.15100352592,0.14349361229,0.18321162666,0.17908355972,0.16934878416,0.17056566847,0.13628505273
100.0,0.14266518306,0.12641831671,0.14725347239,0.15850278471,0.11272116082,0.11945449324,0.087094645373,0.13759457489,0.14957867841,0.1687504621,0.087094441484,0.098957062273,0.14829561157,0.14874258337,0.15351752008,0.083297112049,0.13394224382,0.17641078274,0.091382781087,0.086676739106,0.17097931305,0.15077226572,0.14258369568,0.17962240045,0.17847430929,0.16855935522,0.1701783596,0.13532828748
100.5,0.14175773108,0.12629960093,0.14704238824,0.15822177609,0.11264698252,0.11935969197,0.08708047344,0.13743084957,0.14935467351,0.16796658616,0.087080269814,0.098918432321,0.14807881479,0.14895985506,0.15326995131,0.083289673317,0.13379422659,0.17592602602,0.091360380498,0.086663333308,0.17058326152,0.15054135953,0.14167954006,0.17610336692,0.17786712909,0.16777360327,0.16979192921,0.1343784266
101.0,0.14085604503,0.12618099663,0.14683160657,0.15794126557,0.11257285303,0.11926496592,0.087066303812,0.13726731901,0.14913100393,0.16718635065,0.08706610045,0.098879817446,0.14786233479,0.14777145657,0.15302278152,0.083282235249,0.13364637287,0.17544260052,0.091337985399,0.086649929583,0.17018812674,0.15031080683,0.14078110908,0.17265315811,0.1772620121,0.16699151121,0.1694063753,0.13344594598
101.5,0.13996008835,0.1260625037,0.14662112695,0.15766125226,0.11249877232,0.11917031502,0.08705213649,0.13710398299,0.14890766916,0.16640973868,0.087051933391,0.098841217642,0.14764617113,0.14656571383,0.15277601008,0.083274797845,0.13349868248,0.1749605026,0.09131559579,0.086636527932,0.16979390659,0.15008060706,0.13988836659,0.1692704325,0.17665895132,0.16621306202,0.16902169589,0.13307108355
102.0,0.1390698247,0.12594412204,0.14641094894,0.15738173528,0.11242474035,0.11907573923,0.087037971473,0.13694084127,0.1486846687,0.16563673343,0.087037768638,0.098802632903,0.14743032334,0.14536930714,0.15252963634,0.083267361105,0.13335115525,0.17447972861,0.091293211669,0.086623128353,0.16940059896,0.14985075968,0.13900127669,0.16595387456,0.17605793979,0.16543823877,0.168637889,0.13923049418
102.5,0.13818521799,0.12582585154,0.14620107211,0.15710271376,0.1123507571,0.11898123847,0.08702380876,0.13677789362,0.14846200206,0.16486731815,0.087023606189,0.098764063224,0.14721479095,0.14418264706,0.15228365966,0.083259925029,0.13320379098,0.17400027493,0.091270833035,0.086609730846,0.16900820174,0.14962126417,0.13811980371,0.16270219424,0.17545897055,0.16466702458,0.16825495266,0.14050024886
103.0,0.13730623235,0.1257076921,0.14599149603,0.15682418682,0.11227682253,0.11888681269,0.087009648353,0.13661513981,0.14823966873,0.16410147618,0.087009446045,0.098725508598,0.1469995735,0.14300566322,0.15203807941,0.083252489618,0.13305658951,0.17352213792,0.091248459886,0.086596335412,0.16861671282,0.14939211997,0.13724391217,0.15951412646,0.17486203669,0.16389940268,0.1678728849,0.13956743653
103.5,0.13643283214,0.12558964362,0.14578222027,0.15654615357,0.1122029366,0.11879246183,0.086995490249,0.1364525796,0.14801766822,0.16333919093,0.086995288205,0.09868696902,0.14678467054,0.14183827703,0.15179289494,0.08324505487,0.13290955065,0.17304531399,0.091226092221,0.086582942049,0.16822613011,0.14916332656,0.13637356685,0.15638843067,0.1742671313,0.16313535636,0.16749168375,0.13858864152
104.0,0.13556498193,0.12547170599,0.1455732444,0.15626861315,0.11212909929,0.11869818583,0.086981334449,0.13629021278,0.14779600003,0.16258044589,0.086981132668,0.098648444484,0.14657008161,0.1406804104,0.15154810561,0.083237620787,0.13276267422,0.17256979952,0.091203730039,0.086569550757,0.16783645151,0.14893488339,0.13550873273,0.15332389036,0.17367424751,0.16237486898,0.16711134725,0.13761574095
104.5,0.13470264653,0.1253538791,0.14536456799,0.15599156469,0.11205531057,0.11860398463,0.086967180953,0.1361280391,0.14757466365,0.16182522463,0.086966979435,0.098609934983,0.14635580624,0.13953198588,0.1513037108,0.083230187367,0.13261596004,0.17209559093,0.091181373339,0.086556161537,0.16744767493,0.14870678993,0.13464937501,0.15031931259,0.17308337845,0.16161792401,0.16673187344,0.13664964325
105.0,0.13384579097,0.12523616286,0.14515619061,0.1557150073,0.1119815704,0.11850985818,0.086953029759,0.13596605834,0.14735365861,0.16107351078,0.086952828504,0.098571440513,0.14614184399,0.13839292661,0.15105970986,0.083222754611,0.13246940794,0.17162268463,0.091159022118,0.086542774387,0.16705979829,0.14847904565,0.13379545912,0.14737352756,0.17249451731,0.16086450496,0.16635326038,0.13569031826
105.5,0.13299438049,0.12511855716,0.14494811183,0.15543894012,0.11190787875,0.1184158064,0.086938880868,0.13580427027,0.14713298439,0.16032528806,0.086938679876,0.098532961066,0.14592819438,0.13726315639,0.15081610217,0.083215322519,0.13232301774,0.17115107705,0.091136676376,0.086529389308,0.1666728195,0.14825165001,0.1329469507,0.14448538815,0.17190765728,0.16011459543,0.1659755061,0.13473771896
106.0,0.13214838056,0.12500106189,0.14474033122,0.15516336229,0.1118342356,0.11832182925,0.08692473428,0.13564267467,0.1469126405,0.15958054028,0.08692453355,0.098494496638,0.14571485698,0.13614259963,0.15057288708,0.083207891091,0.13217678925,0.17068076464,0.091114336111,0.086516006299,0.16628673649,0.14802460247,0.13210381561,0.14165376951,0.17132279156,0.1593681791,0.16559860868,0.13379179831
106.5,0.13130775687,0.12488367695,0.14453284837,0.15488827293,0.11176064089,0.11822792666,0.086910589993,0.13548127129,0.14669262646,0.15883925128,0.086910389525,0.098456047223,0.14550183131,0.13503118133,0.15033006398,0.083200460326,0.13203072229,0.17021174383,0.091092001322,0.08650262536,0.16590154719,0.14779790252,0.13126601992,0.1388775686,0.1707399134,0.15862523973,0.16522256616,0.13285250962
107.0,0.13047247531,0.12476640224,0.14432566283,0.15461367118,0.11168709462,0.11813409858,0.086896448007,0.13532005992,0.14647294176,0.15810140503,0.086896247802,0.098417612813,0.14528911693,0.13392882712,0.15008763221,0.083193030224,0.1318848167,0.16974401109,0.091069672008,0.08648924649,0.16551724954,0.1475715496,0.13043352991,0.13615570379,0.17015901606,0.15788576114,0.16484737663,0.13191980652
107.5,0.12964250201,0.12464923765,0.14411877419,0.15433955617,0.11161359673,0.11804034495,0.086882308323,0.13515904032,0.14625358592,0.15736698554,0.08688210838,0.098379193405,0.14507671338,0.13283546322,0.14984559117,0.083185600787,0.13173907229,0.16927756287,0.091047348168,0.086475869689,0.16513384146,0.1473455432,0.12960631207,0.13348711444,0.16958009283,0.15714972723,0.16447303813,0.13099364295
108.0,0.1288178033,0.12453218309,0.14391218202,0.15406592705,0.11154014721,0.1179466657,0.086868170939,0.13499821227,0.14603455844,0.15663597689,0.086867971259,0.098340788991,0.14486462021,0.13175101647,0.14960394021,0.083178172012,0.13159348888,0.16881239567,0.091025029799,0.086462494958,0.16475132091,0.14711988278,0.12878433311,0.13087076052,0.169003137,0.15641712199,0.16409954876,0.13007397319
108.5,0.12799834571,0.12441523844,0.1437058859,0.15379278295,0.11146674602,0.11785306078,0.086854035856,0.13483757554,0.14581585884,0.15590836326,0.086853836438,0.098302399567,0.14465283697,0.13067541428,0.14936267871,0.083170743902,0.1314480663,0.16834850596,0.091002716901,0.086449122294,0.16436968584,0.14689456782,0.12796755995,0.12830562219,0.16842814191,0.15568792947,0.16372690658,0.12916075182
109.0,0.12718409602,0.1242984036,0.1434998854,0.15352012301,0.11139339313,0.11775953012,0.086839903073,0.1346771299,0.14559748661,0.15518412889,0.086839703916,0.098264025125,0.14444136319,0.12960858466,0.14912180605,0.083163316454,0.13130280437,0.16788589024,0.090980409472,0.086435751699,0.16398893419,0.14666959778,0.12715595971,0.12579069942,0.16785510091,0.15496213379,0.16335510968,0.12825393374
109.5,0.12637502117,0.12418167848,0.1432941801,0.15324794638,0.1113200885,0.11766607368,0.086825772589,0.13451687512,0.14537944127,0.15446325807,0.086825573694,0.098225665661,0.14423019844,0.12855045619,0.14888132159,0.08315588967,0.1311577029,0.16742454502,0.090958107511,0.086422383172,0.16360906393,0.14644497214,0.12634949971,0.12332501161,0.16728400737,0.15423971915,0.16298415615,0.12735347417
110.0,0.12557108835,0.12406506297,0.14308876957,0.1529762522,0.11124683211,0.11757269139,0.086811644404,0.13435681098,0.14516172234,0.15374573521,0.086811445772,0.098187321169,0.14401934225,0.12750095804,0.14864122471,0.083148463549,0.13101276173,0.1669644668,0.090935811016,0.086409016712,0.16323007302,0.14622069037,0.1255481475,0.1209075972,0.1667148547,0.15352066983,0.16261404407,0.12645932864
110.5,0.12477226494,0.12394855696,0.1428836534,0.1527050396,0.11117362392,0.11747938319,0.086797518519,0.13419693726,0.14494432932,0.15303154476,0.086797320148,0.098148991642,0.14380879418,0.12646001997,0.1484015148,0.083141038091,0.13086798068,0.16650565212,0.090913519987,0.08639565232,0.16285195942,0.14599675195,0.12475187081,0.11853751334,0.1661476363,0.15280497018,0.16224477155,0.12557145298
111.0,0.12397851852,0.12383216035,0.14267883115,0.15243430775,0.1111004639,0.11738614903,0.086783394931,0.13403725371,0.14472726173,0.15232067125,0.086783196822,0.098110677075,0.14359855378,0.12542757227,0.14816219121,0.083133613296,0.13072335957,0.16604809751,0.090891234422,0.086382289995,0.16247472111,0.14577315634,0.12396063757,0.1162138355,0.16558234563,0.1520926046,0.16187633668,0.12468980335
111.5,0.12318981689,0.12371587305,0.14247430242,0.15216405579,0.11102735202,0.11729298884,0.086769273642,0.13387776013,0.14451051908,0.15161309927,0.086769075794,0.098072377461,0.1433886206,0.12440354584,0.14792325334,0.083126189164,0.13057889822,0.16559179951,0.090868954319,0.086368929736,0.16209835606,0.14554990303,0.12317441594,0.11393565712,0.16501897613,0.15138355759,0.16150873757,0.12381433619
112.0,0.12240612805,0.12359969494,0.14227006679,0.15189428287,0.11095428825,0.11719990256,0.086755154651,0.13371845628,0.14429410089,0.15090881351,0.086754957064,0.098034092796,0.14317899419,0.12338787211,0.14768470057,0.083118765695,0.13043459646,0.16513675468,0.090846679678,0.086355571543,0.16172286225,0.14532699149,0.12239317426,0.11170208928,0.16445752131,0.15067781372,0.16114197232,0.12294500825
112.5,0.12162742019,0.12348362592,0.14206612382,0.15162498813,0.11088127255,0.11710689014,0.086741037957,0.13355934193,0.14407800666,0.1502077987,0.086740840631,0.097995823073,0.14296967411,0.12238048307,0.14744653226,0.083111342889,0.13029045411,0.16468295957,0.090824410497,0.086342215417,0.16134823768,0.14510442121,0.12161688106,0.10951226034,0.16389797466,0.14997535762,0.16077603905,0.1220817766
113.0,0.12085366171,0.1233676659,0.1418624731,0.15135617074,0.1108083049,0.11701395153,0.08672692356,0.13340041687,0.14386223592,0.14951003966,0.086726726495,0.097957568287,0.1427606599,0.12138131127,0.14720874781,0.083103920746,0.13014647099,0.16423041077,0.090802146774,0.086328861356,0.16097448032,0.14488219164,0.12084550509,0.10736531564,0.16334032971,0.14927617399,0.16041093587,0.12122459858
113.5,0.12008482122,0.12325181476,0.14165911422,0.15108782984,0.11073538526,0.11692108665,0.086712811459,0.13324168086,0.14364678817,0.14881552127,0.086712614656,0.097919328431,0.14255195112,0.12039028981,0.14697134659,0.083096499266,0.13000264694,0.16377910484,0.090779888508,0.08631550936,0.16060158818,0.14466030229,0.12007901527,0.1052604171,0.16278458003,0.14858024761,0.16004666091,0.12037343184
114.0,0.1193208675,0.12313607242,0.14145604676,0.1508199646,0.1106625136,0.11682829545,0.086698701655,0.13308313369,0.14343166295,0.1481242285,0.086698505112,0.0978811035,0.14234354732,0.11940735232,0.146734328,0.083089078449,0.12985898176,0.16332903839,0.090757635698,0.08630215943,0.16022955926,0.14443875262,0.11931738075,0.10319674301,0.16223071916,0.14788756334,0.15968321229,0.11952823432
114.5,0.11856176956,0.12302043876,0.14125327029,0.15055257416,0.11058968989,0.11673557788,0.086684594147,0.13292477512,0.14321685976,0.14743614636,0.086684397865,0.097842893488,0.14213544806,0.11843243298,0.1464976914,0.083081658294,0.1297154753,0.162880208,0.090735388343,0.086288811564,0.15985839156,0.14421754212,0.11856057085,0.1011734876,0.16167874073,0.14719810607,0.15932058813,0.11868896428
115.0,0.11780749659,0.12290491368,0.1410507844,0.1502856577,0.1105169141,0.11664293387,0.086670488934,0.13276660493,0.14300237812,0.14675125995,0.086670292912,0.097804698389,0.14192765289,0.11746546649,0.1462614362,0.083074238802,0.12957212737,0.1624326103,0.090713146441,0.086275465762,0.15948808309,0.14399667026,0.11780855507,0.09918986082,0.16112863833,0.14651186082,0.15895878659,0.11785558023
115.5,0.11705801797,0.12278949708,0.14084858868,0.15001921436,0.1104441862,0.11655036337,0.086656386016,0.13260862291,0.14278821756,0.14606955443,0.086656190255,0.097766518198,0.14172016138,0.1165063881,0.14602556177,0.083066819972,0.12942893779,0.16198624189,0.090690909991,0.086262122025,0.15911863186,0.14377613653,0.11706130314,0.097245087991,0.1605804056,0.14582881262,0.15859780578,0.11702804099
116.0,0.11631330327,0.12267418887,0.14064668271,0.14975324331,0.11037150615,0.11645786632,0.086642285393,0.13245082882,0.14257437759,0.14539101504,0.086642089892,0.097728352908,0.14151297307,0.11555513357,0.1457900675,0.083059401805,0.1292859064,0.16154109941,0.090668678991,0.086248780351,0.15875003589,0.14355594042,0.11631878495,0.095338409518,0.16003403622,0.14514894662,0.15823764386,0.11620630566
116.5,0.11557332229,0.12255898893,0.14044506608,0.14948774371,0.11029887393,0.11636544266,0.086628187065,0.13229322244,0.14236085773,0.14471562707,0.086627991824,0.097690202514,0.14130608752,0.11461163919,0.14555495278,0.083051984301,0.12914303302,0.1610971795,0.090646453441,0.08623544074,0.1583822932,0.1433360814,0.11558097059,0.093469080601,0.15948952384,0.14447224799,0.15787829896,0.11539033365
117.0,0.11483804496,0.12244389716,0.14024373836,0.14922271473,0.1102262895,0.11627309233,0.08661409103,0.13213580355,0.1421476575,0.1440433759,0.086613896049,0.09765206701,0.14109950429,0.11367584176,0.145320217,0.083044567458,0.12900031747,0.16065447879,0.090624233338,0.086222103193,0.15801540182,0.14311655896,0.11484783033,0.091636370949,0.15894686219,0.14379870201,0.15751976925,0.11458008461
117.5,0.11410744146,0.12232891348,0.14004269916,0.14895815554,0.11015375283,0.11618081528,0.086599997289,0.13197857192,0.14193477644,0.14337424696,0.086599802568,0.097613946389,0.14089322295,0.11274767859,0.14508585954,0.083037151279,0.12885775958,0.16021299395,0.090602018682,0.086208767709,0.15764935979,0.14289737259,0.11411933465,0.089839564496,0.15840604497,0.14312829402,0.15716205287,0.1137755185
118.0,0.11338148212,0.12221403776,0.13984194804,0.14869406529,0.11008126389,0.11608861144,0.086585905841,0.13182152734,0.14172221404,0.14270822576,0.08658571138,0.097575840647,0.14068724304,0.11182708751,0.14485187981,0.083029735761,0.12871535918,0.15977272163,0.090579809471,0.086195434287,0.15728416514,0.14267852176,0.11339545418,0.088077959131,0.15786706594,0.1424610094,0.15680514799,0.11297659555
118.5,0.11266013747,0.12209926992,0.13964148461,0.14843044317,0.11000882264,0.11599648075,0.086571816686,0.13166466958,0.14150996986,0.14204529786,0.086571622485,0.097537749778,0.14048156413,0.11091400684,0.14461827718,0.083022320906,0.12857311609,0.15933365852,0.090557605704,0.086182102927,0.1569198159,0.14246000598,0.11267615976,0.086350866422,0.15732991886,0.14179683364,0.15644905276,0.11218327627
119.0,0.11194337822,0.12198460984,0.13944130845,0.14816728833,0.10993642906,0.11590442317,0.086557729824,0.13150799842,0.14129804339,0.14138544891,0.086557535882,0.097499673775,0.14027618579,0.11000837543,0.14438505106,0.083014906712,0.12843103013,0.1588958013,0.09053540738,0.086168773629,0.15655631014,0.14224182472,0.11196142242,0.084657611357,0.15679459752,0.14113575225,0.15609376536,0.11139552144
119.5,0.11123117527,0.12187005744,0.13924141914,0.14790459996,0.10986408312,0.11581243863,0.086543645253,0.13135151364,0.14108643418,0.14072866462,0.086543451571,0.097461612633,0.14007110756,0.10911013259,0.14415220084,0.083007493181,0.12828910115,0.15845914665,0.090513214497,0.086155446392,0.15619364588,0.14202397747,0.11125121334,0.082997532081,0.15626109572,0.14047775086,0.15573928395,0.11061329213
120.0,0.11052349972,0.1217556126,0.13904181628,0.14764237723,0.10979178478,0.11572052707,0.086529562975,0.13119521501,0.14087514174,0.14007493075,0.086529369552,0.097423566346,0.13986632902,0.10821921814,0.14391972591,0.083000080312,0.12814732895,0.15802369128,0.090491027053,0.086142121217,0.1558318212,0.14180646373,0.11054550392,0.081369979642,0.1557294073,0.13982281512,0.15538560671,0.10983654966
120.5,0.10982032283,0.12164127524,0.13884249946,0.14738061931,0.10971953402,0.11562868844,0.086515482988,0.13103910231,0.14066416561,0.13942423313,0.086515289824,0.097385534909,0.13966184972,0.1073355724,0.14368762567,0.082992668105,0.12800571337,0.15758943189,0.090468845049,0.086128798102,0.15547083415,0.14158928298,0.1098442657,0.07977431774,0.15519952609,0.13917093078,0.15503273183,0.10906525562
121.0,0.10912161604,0.12152704523,0.13864346827,0.14711932537,0.10964733079,0.11553692268,0.086501405291,0.13088317533,0.14045350531,0.13877655769,0.086501212387,0.097347518315,0.13945766923,0.10645913615,0.14345589952,0.08298525656,0.12786425424,0.15715636522,0.090446668481,0.086115477048,0.15511068278,0.14137243471,0.10914747043,0.078209922486,0.15467144598,0.13852208363,0.15468065747,0.10829937189
121.5,0.10842735099,0.1214129225,0.13844472229,0.1468584946,0.10957517508,0.11544522973,0.086487329886,0.13072743384,0.14024316036,0.13813189037,0.086487137241,0.097309516558,0.13925378711,0.10558985066,0.14322454685,0.082977845676,0.12772295138,0.15672448798,0.090424497349,0.086102158054,0.15475136518,0.14115591842,0.10845509003,0.076676182155,0.15414516085,0.13787625955,0.15432938184,0.10753886059
122.0,0.10773749949,0.12129890692,0.13824626113,0.14659812617,0.10950306684,0.11535360953,0.08647325677,0.13057187762,0.14003313029,0.13749021723,0.086473064384,0.097271529634,0.13905020293,0.10472765769,0.14299356706,0.082970435455,0.12758180462,0.15629379691,0.090402331652,0.08608884112,0.15439287941,0.1409397336,0.10776709659,0.075172496957,0.15362066461,0.13723344447,0.15397890312,0.10678368412
122.5,0.10705203352,0.12118499841,0.13804808436,0.14633821928,0.10943100605,0.11526206202,0.086459185945,0.13041650645,0.13982341465,0.13685152435,0.086458993818,0.097233557536,0.13884691625,0.10387249946,0.14276295955,0.082963025895,0.12744081379,0.15586428875,0.090380171388,0.086075526246,0.15403522355,0.14072387973,0.10708346238,0.073698278799,0.1530979512,0.13659362438,0.15362921951,0.10603380513
123.0,0.10637092525,0.12107119687,0.13785019159,0.14607877308,0.10935899268,0.11517058716,0.086445117409,0.13026132012,0.13961401294,0.1362157979,0.086444925541,0.097195600258,0.13864392663,0.10302431865,0.14253272372,0.082955616997,0.12729997871,0.15543596027,0.090358016556,0.086062213431,0.15367839568,0.14050835632,0.10640415984,0.072252951064,0.15257701457,0.13595678536,0.15328032921,0.10528918655
123.5,0.10569414702,0.12095750219,0.13765258241,0.14581978678,0.10928702669,0.11507918487,0.086431051162,0.13010631839,0.13940492471,0.1355830241,0.086430859552,0.097157657794,0.13844123365,0.10218305844,0.14230285898,0.08294820876,0.12715929922,0.15500880822,0.090335867154,0.086048902675,0.15332239388,0.14029316285,0.10572916159,0.070835948386,0.15205784869,0.13532291352,0.15293223042,0.10454979155
124.0,0.10502167135,0.12084391427,0.13745525641,0.14556125956,0.10921510806,0.1149878551,0.086416987204,0.12995150106,0.13919614949,0.13495318925,0.086416795853,0.09711973014,0.13823883687,0.10134866243,0.14207336473,0.082940801185,0.12701877514,0.15458282939,0.090313723182,0.086035593977,0.15296721626,0.14007829883,0.10505844042,0.06944671643,0.15154044755,0.13469199507,0.15258492136,0.10381558356
124.5,0.10435347093,0.12073043301,0.13725821319,0.1453031906,0.10914323675,0.1148965978,0.086402925535,0.12979686789,0.1389876868,0.13432627971,0.086402734442,0.097081817288,0.13803673586,0.10052107471,0.14184424037,0.082933394272,0.1268784063,0.15415802054,0.090291584637,0.086022287338,0.15261286089,0.13986376375,0.1043919693,0.068084711682,0.15102480517,0.13406401626,0.15223840022,0.10308652627
125.0,0.10368951862,0.12061705832,0.13706145233,0.14504557909,0.10907141273,0.11480541291,0.086388866153,0.12964241869,0.13877953618,0.13370228188,0.086388675318,0.097043919234,0.13783493018,0.099700239797,0.1416154853,0.08292598802,0.12673819253,0.15373437846,0.090269451519,0.086008982757,0.15225932588,0.13964955711,0.10372972134,0.066749401234,0.15051091558,0.13343896341,0.15189266524,0.10236258362
125.5,0.10302978745,0.12050379008,0.13686497345,0.14478842422,0.10899963597,0.11471430036,0.086374809059,0.12948815321,0.13857169716,0.13308118225,0.086374618483,0.097006035971,0.13763341941,0.098886102684,0.14138709893,0.082918582429,0.12659813366,0.15331189997,0.090247323827,0.085995680233,0.15190660933,0.13943567839,0.10307166986,0.065440262583,0.14999877284,0.1328168229,0.15154771462,0.1016437198
126.0,0.10237425063,0.12039062822,0.13666877613,0.14453172518,0.10892790644,0.11462326011,0.086360754253,0.12933407126,0.13836416928,0.13246296737,0.086360563934,0.096968167494,0.13743220311,0.098078608796,0.14115908067,0.0829111775,0.12645822951,0.15289058186,0.090225201558,0.085982379767,0.15155470935,0.13922212711,0.10241778832,0.064156783425,0.14948837101,0.13219758119,0.1512035466,0.10092989926
126.5,0.10172288153,0.12027757261,0.13647285996,0.14427548117,0.10885622411,0.11453229209,0.086346701733,0.1291801726,0.13815695208,0.13184762385,0.086346511672,0.096930313796,0.13723128086,0.097277704005,0.14093142992,0.082903773232,0.12631847993,0.15247042096,0.090203084711,0.085969081358,0.15120362406,0.13900890277,0.10176805035,0.062898461461,0.1489797042,0.13158122479,0.1508601594,0.10022108668
127.0,0.1010756537,0.12016462316,0.13627722456,0.14401969137,0.10878458895,0.11444139625,0.0863326515,0.12902645702,0.13795004508,0.13123513834,0.086332461697,0.096892474873,0.13703065222,0.096483334623,0.1407041461,0.082896369625,0.12617888472,0.15205141408,0.090180973286,0.085955785006,0.15085335156,0.13879600485,0.10112242975,0.061664804197,0.14847276651,0.13096774026,0.15051755125,0.099517247003
127.5,0.10043254085,0.12005177978,0.1360818695,0.14376435499,0.10871300092,0.11435057253,0.086318603553,0.12887292431,0.13774344782,0.13062549758,0.086318414007,0.096854650718,0.13683031677,0.095695447397,0.1404772286,0.082888966679,0.12603944373,0.15163355806,0.090158867281,0.08594249071,0.15050388998,0.13858343286,0.1004809005,0.060455328759,0.14796755209,0.13035711425,0.15017572039,0.098818345405
128.0,0.099793516853,0.11993904236,0.13588679441,0.14350947121,0.10864146,0.11425982088,0.086304557891,0.12871957424,0.13753715984,0.13001868836,0.086304368604,0.096816841326,0.13663027408,0.094913989508,0.14025067685,0.082881564394,0.12590015679,0.15121684974,0.090136766694,0.08592919847,0.15015523745,0.13837118631,0.099843436724,0.059269561703,0.14746405508,0.12974933344,0.14983466506,0.09812434731
128.5,0.099158555754,0.11982641081,0.13569199886,0.14325503925,0.10856996615,0.11416914123,0.086290514516,0.1285664066,0.13733118068,0.12941469754,0.086290325485,0.096779046691,0.13643052371,0.094138908567,0.14002449026,0.082874162771,0.12576102372,0.15080128598,0.090114671525,0.085915908286,0.14980739209,0.1381592647,0.099210012709,0.058107038833,0.14696226966,0.12914438461,0.1494943835,0.097435218382
129.0,0.098527631759,0.11971388502,0.13549748247,0.14300105828,0.10849851935,0.11407853352,0.086276473425,0.12841342117,0.13712550987,0.12881351203,0.086276284652,0.096741266806,0.13623106525,0.093370152607,0.13979866822,0.082866761808,0.12562204436,0.15038686363,0.090092581772,0.085902620157,0.14946035203,0.13794766752,0.098580602912,0.05696730502,0.14646219001,0.12854225456,0.14915487397,0.096750924527
129.5,0.097900719237,0.11960146489,0.13530324483,0.14274752753,0.10842711955,0.11398799772,0.086262434619,0.12826061773,0.13692014696,0.1282151188,0.086262246103,0.096703501668,0.13603189827,0.092607670087,0.13957321017,0.082859361507,0.12548321853,0.14997357956,0.090070497433,0.085889334084,0.14911411542,0.13773639428,0.097955181948,0.055849914028,0.14596381037,0.12794293019,0.14881613471,0.096071431886
130.0,0.097277792722,0.11948915034,0.13510928554,0.14249444619,0.10835576674,0.11389753374,0.086248398097,0.12810799608,0.13671509148,0.12761950489,0.086248209838,0.096665751268,0.13583302234,0.091851409884,0.13934811551,0.082851961866,0.12534454607,0.14956143065,0.090048418507,0.085876050065,0.1487686804,0.13752544449,0.097333724594,0.054754428337,0.14546712494,0.12734639844,0.14847816398,0.095396706836
130.5,0.096658826905,0.11937694124,0.13491560421,0.14224181346,0.10828446088,0.11380714154,0.086234363859,0.12795555598,0.13651034297,0.1270266574,0.086234175857,0.096628015603,0.13563443704,0.091101321288,0.13912338366,0.082844562886,0.1252060268,0.14915041378,0.090026344993,0.085862768101,0.14842404511,0.13731481766,0.096716205782,0.053680418978,0.144972128,0.1267526463,0.14814096004,0.09472671599
131.0,0.096043796642,0.11926483752,0.13472220044,0.14198962854,0.10821320194,0.11371682107,0.086220331905,0.12780329723,0.13630590098,0.12643656347,0.08622014416,0.096590294666,0.13543614194,0.090357354006,0.13889901403,0.082837164566,0.12506766056,0.14874052586,0.09000427689,0.08584948819,0.1480802077,0.13710451328,0.096102600606,0.052627465363,0.1444788138,0.12616166085,0.14780452115,0.094061426193
131.5,0.095432676944,0.11915283906,0.13452907382,0.14173789066,0.10814198989,0.11362657226,0.086206302234,0.12765121961,0.13610176504,0.12584921033,0.086206114745,0.096552588451,0.13523813662,0.089619458148,0.13867500604,0.082829766908,0.12492944718,0.14833176377,0.089982214196,0.085836210334,0.14773716634,0.13689453086,0.095492884312,0.051595155125,0.14398717665,0.1255734292,0.14746884558,0.093400804523
132.0,0.094825442983,0.11904094578,0.13433622396,0.141486599,0.10807082469,0.11353639505,0.086192274845,0.12749932291,0.1358979347,0.12526458525,0.086192087614,0.096514896952,0.13504042065,0.088887584234,0.13845135911,0.08282236991,0.12479138649,0.14792412444,0.089960156911,0.085822934532,0.14739491917,0.13668486992,0.094887032307,0.050583083956,0.14349721084,0.12498793854,0.14713393161,0.092744818285
132.5,0.094222070087,0.11892915757,0.13414365048,0.14123575279,0.10799970633,0.1134462894,0.08617824974,0.1273476069,0.1356944095,0.12468267557,0.086178062764,0.096477220165,0.13484299362,0.088161683183,0.13822807265,0.082814973572,0.12465347832,0.14751760477,0.089938105031,0.085809660782,0.14705346436,0.13647552995,0.094285020149,0.04959085545,0.14300891071,0.12440517612,0.1467997775,0.092093435014
133.0,0.093622533739,0.11881747432,0.13395135296,0.14098535123,0.10792863476,0.11335625524,0.086164226916,0.12719607139,0.13549118898,0.12410346866,0.086164040197,0.096439558082,0.1346458551,0.087441706317,0.13800514609,0.082807577895,0.1245157225,0.1471122017,0.089916058557,0.085796389086,0.14671280009,0.13626651048,0.093686823552,0.04861808095,0.14252227061,0.12382512923,0.14646638154,0.091446622472
133.5,0.09302680958,0.11870589596,0.13375933101,0.14073539353,0.10785760995,0.11326629251,0.086150206374,0.12704471614,0.1352882727,0.12352695199,0.086150019911,0.096401910699,0.13444900467,0.086727605348,0.13778257885,0.082800182879,0.12437811887,0.14670791217,0.089894017488,0.085783119442,0.14637292451,0.13605781101,0.093092418382,0.047664379398,0.1420372849,0.12324778524,0.14613374201,0.090804348643
134.0,0.092434873404,0.11859442237,0.13356758425,0.14048587892,0.10778663188,0.11317640117,0.086136188113,0.12689354095,0.13508566018,0.12295311307,0.086136001907,0.09636427801,0.13425244191,0.086019332387,0.13756037035,0.082792788523,0.12424066725,0.14630473312,0.08987198182,0.08576985185,0.14603383582,0.13584943104,0.092501780658,0.046729377184,0.14155394797,0.12267313157,0.1458018572,0.090166581738
134.5,0.091846701157,0.11848305345,0.13337611227,0.14023680659,0.10771570051,0.11308658115,0.086122172133,0.1267425456,0.13488335099,0.12238193946,0.086121986183,0.096326660009,0.1340561664,0.085316839928,0.13733852001,0.082785394827,0.12410336748,0.1459026615,0.089849951554,0.08575658631,0.14569553218,0.13564137009,0.091914886549,0.045812708004,0.14107225423,0.12210115569,0.1454707254,0.089533290188
135.0,0.091262268939,0.11837178912,0.13318491469,0.13998817578,0.10764481582,0.1129968324,0.086108158434,0.12659172988,0.13468134466,0.12181341878,0.08610797274,0.096289056689,0.13386017772,0.084620080856,0.13711702725,0.082778001791,0.12396621939,0.14550169427,0.089827926688,0.085743322822,0.14535801179,0.13543362768,0.091331712375,0.044914012717,0.1405921981,0.12153184515,0.1451403449,0.088904442645
135.5,0.090681553001,0.11826062926,0.1329939911,0.13973998569,0.10757397777,0.11290715486,0.086094147015,0.12644109357,0.13447964074,0.12124753872,0.086093961576,0.096251468047,0.13366447545,0.083929008436,0.1368958915,0.082770609416,0.12382922282,0.14510182841,0.089805907221,0.085730061385,0.14502127283,0.13522620331,0.090752234604,0.044032939205,0.14011377402,0.12096518753,0.14481071401,0.088280007978
136.0,0.090104529743,0.11814957379,0.13280334112,0.13949223555,0.10750318633,0.11281754847,0.086080137876,0.12629063647,0.13427823878,0.12068428701,0.086079952693,0.096213894075,0.13346905918,0.083243576316,0.13667511218,0.082763217701,0.12369237759,0.14470306089,0.089783893151,0.085716801999,0.14468531349,0.13501909651,0.090176429854,0.043169142233,0.13963697645,0.12040117049,0.14448183101,0.087659955276
136.5,0.089531175717,0.1180386226,0.13261296436,0.13924492458,0.10743244147,0.11272801318,0.086066131016,0.12614035835,0.13407713833,0.12012365146,0.086065946089,0.096176334768,0.13327392848,0.082563738517,0.13645468873,0.082755826646,0.12355568354,0.14430538869,0.089761884477,0.085703544664,0.14435013198,0.13481230677,0.089604274889,0.042322283324,0.13916179988,0.11983978173,0.14415369423,0.087044253842
137.0,0.088961467621,0.1179277756,0.13242286042,0.13899805199,0.10736174316,0.11263854894,0.086052126436,0.12599025901,0.13387633894,0.11956561991,0.086051941764,0.09613879012,0.13307908294,0.081889449438,0.13623462056,0.08274843625,0.12341914051,0.14390880882,0.089739881198,0.08569028938,0.14401572649,0.13460583362,0.089035746619,0.041492030615,0.13868823881,0.11928100904,0.14382630197,0.086432873194
137.5,0.088395382302,0.11781703269,0.13223302891,0.13875161702,0.10729109138,0.11254915567,0.086038124134,0.12584033823,0.13367584016,0.11901018027,0.086037939717,0.096101260126,0.13288452214,0.081220663846,0.13601490711,0.082741046515,0.12328274832,0.14351331827,0.089717883312,0.085677036145,0.14368209523,0.13439967658,0.088470822102,0.040678058738,0.13821628775,0.11872484022,0.14349965255,0.085825783063
138.0,0.087832896754,0.11770639377,0.13204346945,0.13850561888,0.10722048608,0.11245983334,0.08602412411,0.1256905958,0.13347564153,0.11845732051,0.086023939949,0.09606374478,0.13269024566,0.080557336876,0.1357955478,0.08273365744,0.12314650681,0.14311891406,0.089695890819,0.08566378496,0.1433492364,0.13419383516,0.087909478537,0.03988004869,0.13774594124,0.11817126315,0.14317374428,0.08522295339
138.5,0.087273988115,0.11759585874,0.13185418164,0.1382600568,0.10714992724,0.11237058188,0.086010126365,0.12554103151,0.13327574261,0.11790702865,0.086009942459,0.096026244076,0.1324962531,0.07989942403,0.13557654206,0.082726269025,0.12301041581,0.1427255932,0.089673903716,0.085650535824,0.14301714823,0.13398830887,0.08735169327,0.039097687706,0.13727719383,0.11762026578,0.14284857548,0.084624354327
139.0,0.086718633669,0.11748542751,0.13166516509,0.13801493001,0.10707941483,0.11228140123,0.085996130897,0.12539164515,0.13307614295,0.11735929277,0.085995947246,0.095988758008,0.13230254404,0.079246881169,0.13535788933,0.082718881269,0.12287447515,0.14233335272,0.089651922002,0.085637288738,0.14268582893,0.13378309724,0.086797443788,0.038330669142,0.1368100401,0.1170718361,0.14252414449,0.084029956234
139.5,0.086166810844,0.11737509998,0.13147641942,0.13777023775,0.10700894881,0.11219229135,0.085982137707,0.12524243651,0.1328768421,0.11681410099,0.08598195431,0.095951286571,0.13210911806,0.078599664514,0.13513958903,0.082711494173,0.12273868468,0.14194218966,0.089629945677,0.0856240437,0.14235527673,0.13357819978,0.08624670772,0.037578692353,0.13634447463,0.11652596215,0.14220044962,0.083439729678
140.0,0.08561849721,0.11726487605,0.13128794424,0.13752597922,0.10693852917,0.11210325217,0.085968146793,0.12509340536,0.13267783961,0.11627144151,0.085967963652,0.095913829759,0.13191597475,0.077957730644,0.13492164061,0.082704107737,0.12260304422,0.14155210106,0.089607974738,0.085610800711,0.14202548984,0.13337361601,0.085699462836,0.036841462577,0.13588049205,0.11598263204,0.14187748921,0.082853645433
140.5,0.085073670482,0.11715475562,0.13109973915,0.13728215368,0.10686815586,0.11201428363,0.085954158156,0.12494455151,0.13247913505,0.11573130256,0.085953975269,0.095876387566,0.13172311369,0.077321036489,0.13470404348,0.082696721961,0.12246755361,0.14116308398,0.089586009185,0.08559755977,0.1416964665,0.13316934546,0.085155687047,0.036118690819,0.13541808697,0.11544183392,0.14155526161,0.082271674474
141.0,0.084532308511,0.1170447386,0.13091180379,0.13703876035,0.10679782885,0.11192538569,0.085940171795,0.12479587474,0.13228072796,0.11519367245,0.085939989163,0.095838959987,0.13153053448,0.076689539329,0.1344867971,0.082689336844,0.12233221269,0.14077513546,0.089564049016,0.085584320877,0.14136820494,0.13296538765,0.084615358401,0.03541009374,0.13495725405,0.11490355602,0.14123376514,0.081693787981
141.5,0.083994389293,0.11693482489,0.13072413775,0.13679579847,0.10672754812,0.11183655829,0.08592618771,0.12464737485,0.13208261789,0.11465853952,0.085926005332,0.095801547016,0.1313382367,0.076063196793,0.13426990088,0.082681952386,0.12219702128,0.14038825258,0.08954209423,0.085571084031,0.1410407034,0.13276174208,0.084078455089,0.034715393545,0.13449798794,0.11436778659,0.14091299816,0.081119957335
142.0,0.083459890961,0.11682501439,0.13053674065,0.13655326727,0.10665731364,0.11174780136,0.0859122059,0.12449905161,0.13188480441,0.11412589217,0.085912023776,0.095764148647,0.13114621995,0.075441966855,0.13405335427,0.082674568588,0.12206197923,0.14000243242,0.089520144825,0.085557849233,0.14071396013,0.1325584083,0.083544955433,0.034034317876,0.13404028334,0.11383451396,0.14059295901,0.080550154117
142.5,0.082928791788,0.11671530701,0.1303496121,0.13631116599,0.10658712537,0.11165911486,0.085898226365,0.12435090483,0.13168728707,0.11359571888,0.085898044496,0.095726764875,0.1309544838,0.074825807852,0.13383715671,0.08266718545,0.12192708636,0.13961767206,0.089498200801,0.085544616481,0.14038797337,0.13235538582,0.083014837898,0.033366599707,0.13358413493,0.11330372651,0.14027364604,0.079984350104
143.0,0.082401070183,0.11660570265,0.13016275173,0.13606949386,0.10651698329,0.11157049873,0.085884249105,0.12420293429,0.13149006543,0.11306800814,0.08588406749,0.095689395693,0.13076302786,0.074214679639,0.13362130763,0.08265980297,0.12179234252,0.13923396859,0.089476262155,0.085531385776,0.14006274137,0.13215267416,0.08248808108,0.032711977236,0.13312953745,0.11277541267,0.13995505761,0.079422517274
143.5,0.081876704693,0.11649620121,0.12997615915,0.13582825013,0.10644688736,0.11148195291,0.085870274119,0.12405513977,0.13129313904,0.11254274852,0.085870092758,0.095652041097,0.13057185171,0.073608606877,0.13340580647,0.08265242115,0.12165774754,0.13885131911,0.089454328887,0.085518157117,0.13973826238,0.13195027285,0.081964663713,0.032070193788,0.13267648562,0.11224956092,0.13963719207,0.078864627799
144.0,0.081355674,0.11638680259,0.12978983397,0.13558743404,0.10637683755,0.11139347734,0.085856301407,0.12390752109,0.13109650747,0.11201992864,0.0858561203,0.095614701079,0.13038095495,0.073011133403,0.13319065268,0.082645039989,0.12152330125,0.13846972073,0.089432400995,0.085504930504,0.13941453466,0.13174818142,0.081444564664,0.031440997711,0.1322249742,0.1117261598,0.1393200478,0.078310654044
144.5,0.080837956922,0.1162775067,0.12960377581,0.13534704483,0.10630683384,0.11130507198,0.085842330968,0.12376007801,0.13090017027,0.11149953718,0.085842150115,0.095577375636,0.13019033716,0.07261532116,0.13297584568,0.082637659487,0.1213890035,0.13808917056,0.089410478478,0.085491705937,0.13909155649,0.13154639938,0.080927762932,0.030824142279,0.13177499796,0.11120519791,0.13900362315,0.077760568569
145.0,0.080323532412,0.11616831345,0.12941798429,0.13510708174,0.10623687619,0.11121673676,0.085828362803,0.12361281034,0.130704127,0.11098156285,0.085828182203,0.095540064761,0.12999999794,0.078424333704,0.13276138494,0.082630279645,0.1212548541,0.13770966573,0.089388561335,0.085478483415,0.13876932611,0.13134492628,0.08041423765,0.030219385598,0.13132655169,0.11068666388,0.1386879165,0.077214344125
145.5,0.079812379554,0.11605922273,0.12923245903,0.13486754402,0.10616696457,0.11112847163,0.085814396911,0.12346571786,0.13050837722,0.11046599444,0.085814216564,0.095502768448,0.12980993689,0.086680405704,0.13254726987,0.082622900461,0.12112085292,0.13733120337,0.089366649564,0.085465262938,0.13844784181,0.13114376162,0.079903968083,0.029626490508,0.1308796302,0.11017054643,0.13837292622,0.076671953654
146.0,0.079304477566,0.11595023445,0.12904719965,0.13462843091,0.10609709895,0.11104027654,0.085800433291,0.12331880038,0.13031292049,0.10995282076,0.085800253198,0.095465486692,0.12962015359,0.086364454292,0.13233349994,0.082615521937,0.12098699977,0.13695378061,0.089344743164,0.085452044506,0.13812710186,0.13094290496,0.079396933626,0.029045224494,0.13043422831,0.10965683428,0.13805865069,0.076133370285
146.5,0.078799805797,0.11584134852,0.12886220575,0.13438974167,0.10602727931,0.11095215142,0.085786471943,0.12317205767,0.13011775638,0.10944203071,0.085786292103,0.095428219486,0.12943064764,0.085666508509,0.13212007458,0.082608144071,0.1208532945,0.13657739461,0.089322842134,0.085438828118,0.13780710453,0.1307423558,0.078893113803,0.028475359591,0.12999034087,0.10914551626,0.13774508829,0.075598567337
147.0,0.078298343728,0.11573256483,0.12867747698,0.13415147553,0.10595750561,0.11086409623,0.085772512867,0.12302548953,0.12992288445,0.10893361321,0.08577233328,0.095390966826,0.12924141864,0.08496703054,0.13190699325,0.082600766864,0.12071973694,0.13620204252,0.089300946472,0.085425613774,0.13748784811,0.13054211368,0.078392488269,0.0279166723,0.12954796272,0.1086365812,0.1374322374,0.075067518315
147.5,0.077800070969,0.11562388329,0.12849301293,0.13391363176,0.10588777782,0.11077611091,0.085758556062,0.12287909576,0.12972830426,0.10842755724,0.085758376728,0.095353728706,0.12905246617,0.084273128929,0.13169425538,0.082593390316,0.12058632693,0.13582772151,0.089279056177,0.085412401474,0.13716933089,0.13034217813,0.077895036806,0.027368943499,0.12910708877,0.10813001803,0.13712009642,0.074540196909
148.0,0.07730496726,0.11551530381,0.12830881325,0.1336762096,0.10581809591,0.11068819539,0.085744601528,0.12273287615,0.12953401536,0.10792385184,0.085744422447,0.09531650512,0.12886378985,0.083584888252,0.13148186042,0.082586014426,0.1204530643,0.13545442873,0.089257171247,0.085399191217,0.13685155115,0.13014254869,0.077400739324,0.026831958354,0.12866771388,0.10762581569,0.13680866373,0.074016576991
148.5,0.076813012469,0.11540682629,0.12812487754,0.1334392083,0.10574845986,0.11060034964,0.085730649265,0.12258683048,0.12934001734,0.1074224861,0.085730470437,0.095279296062,0.12867538926,0.082902264747,0.13126980782,0.082578639196,0.1203199489,0.13508216138,0.089235291682,0.085385983003,0.1365345072,0.12994322488,0.076909575859,0.026305506241,0.12822983298,0.10712396319,0.13649793772,0.073496632618
149.0,0.076324186591,0.11529845064,0.12794120543,0.13320262712,0.10567886962,0.11051257358,0.085716699272,0.12244095856,0.12914630975,0.10692344915,0.085716520697,0.095242101527,0.128487264,0.082225212669,0.13105809703,0.082571264624,0.12018698056,0.13471091663,0.08921341748,0.085372776832,0.13621819732,0.12974420624,0.076421526575,0.025789380659,0.127793441,0.10662444959,0.13618791681,0.072980338027
149.5,0.07583846975,0.11519017675,0.12775779654,0.13296646532,0.10560932517,0.11042486717,0.085702751548,0.12229526018,0.12895289216,0.10642673017,0.085702573226,0.095204921508,0.12829941367,0.081553686601,0.1308467275,0.08256389071,0.12005415912,0.13434069169,0.08919154864,0.085359572704,0.13590261982,0.12954549229,0.075936571759,0.025283379153,0.12735853288,0.10612726401,0.1358785994,0.072467667637
150.0,0.075355842192,0.11508200453,0.1275746505,0.13273072215,0.10553982649,0.11033723036,0.085688806095,0.12214973512,0.12875976413,0.1059323184,0.085688628025,0.095167756001,0.12811183786,0.080887641496,0.13063569868,0.082556517455,0.11992148442,0.13397148374,0.08916968516,0.085346370617,0.13558777301,0.12934708258,0.075454691823,0.024787303238,0.12692510359,0.10563239561,0.13556998388,0.071958596043
150.5,0.074876284292,0.11497393389,0.12739176692,0.13249539687,0.10547037354,0.11024966307,0.08567486291,0.12200438319,0.12856692523,0.10544020314,0.085674685093,0.095130605,0.12792453619,0.080227032673,0.13042501002,0.082549144858,0.11978895629,0.13360329001,0.08914782704,0.085333170573,0.1352736552,0.12914897664,0.074975867303,0.024300958582,0.1264931481,0.10513983359,0.13526206867,0.07145309803
151.0,0.074399776548,0.11486596474,0.12720914543,0.13226048874,0.10540096628,0.11016216527,0.085660921994,0.12185920418,0.12837437504,0.10495037371,0.085660744429,0.095093468499,0.12773750824,0.079571815814,0.13021466097,0.08254177292,0.11965657458,0.13323610771,0.089125974277,0.08531997257,0.1349602647,0.128951174,0.074500078857,0.02382416927,0.12606266141,0.10464956722,0.13495485218,0.070951149131
151.5,0.073926299581,0.11475809697,0.12702678567,0.13202599702,0.1053316047,0.1100747369,0.085646983347,0.12171419788,0.1281821131,0.10446281949,0.085646806034,0.095056346492,0.12755075362,0.078921946961,0.13000465099,0.08253440164,0.11952433911,0.13286993405,0.089104126871,0.085306776608,0.13464759983,0.1287536742,0.074027307266,0.023357560419,0.12563363853,0.10416158582,0.13464833284,0.070452756286
152.0,0.073455834135,0.11465033049,0.12684468724,0.13179192097,0.10526228876,0.10998737789,0.085633046967,0.12156936409,0.12799013901,0.10397752994,0.085632869906,0.095019238973,0.12736427193,0.078277382516,0.12979497953,0.082527031019,0.11939224974,0.13250476628,0.08908228482,0.085293582687,0.1343356589,0.12855647678,0.073557533431,0.02294526313,0.12520607451,0.10367587873,0.13434250905,0.069959631179
152.5,0.072988361079,0.11454266521,0.12666284978,0.13155825986,0.10519301843,0.1099000882,0.085619112855,0.12142470259,0.12779845232,0.10349449452,0.085618936046,0.094982145938,0.12717806276,0.077638079231,0.12958564604,0.082519661055,0.11926030629,0.13214060164,0.089060448123,0.085280390807,0.13402444026,0.12835958127,0.073090738375,0.024924428491,0.12477996438,0.10319243537,0.13403737925,0.069564697997
153.0,0.072523861398,0.11443510103,0.12648127292,0.13132501295,0.10512379368,0.10981286777,0.085605181011,0.1212802132,0.1276070526,0.10301370277,0.085605004453,0.09494506738,0.12699212573,0.077003994214,0.12937664999,0.08251229175,0.11912850861,0.13177743736,0.089038616778,0.085267200967,0.13371394222,0.12816298721,0.072626903241,0.071029481604,0.1243553032,0.10271124521,0.13373294187,0.07164605662
153.5,0.072062316202,0.11432763786,0.12629995628,0.13109217951,0.10505461448,0.10972571655,0.085591251433,0.1211358957,0.12741593943,0.10253514427,0.085591075127,0.094908003294,0.12680646043,0.076375084921,0.12916799082,0.082504923103,0.11899685654,0.13141527071,0.089016790785,0.085254013166,0.13340416312,0.12796669414,0.072166009288,0.095439010801,0.12393208607,0.10223229775,0.13342919533,0.07358625782
154.0,0.071603706718,0.1142202756,0.12611889948,0.1308597588,0.1049854808,0.10963863447,0.085577324122,0.12099174989,0.12722511237,0.10205880866,0.085577148068,0.094870953674,0.12662106647,0.075751309152,0.128959668,0.082497555114,0.11886534991,0.13105409894,0.088994970141,0.085240827406,0.1330951013,0.1277707016,0.071708037897,0.094295793601,0.12351030808,0.10175558255,0.13312613807,0.073156448089
154.5,0.071148014294,0.11411301415,0.12593810216,0.13062775009,0.10491639261,0.1095516215,0.085563399077,0.12084777556,0.12703457101,0.1015846856,0.085563223274,0.094833918514,0.12643594345,0.075132625053,0.12875168099,0.082490187782,0.11873398857,0.13069391933,0.088973154846,0.085227643684,0.13278675509,0.12757500913,0.071252970563,0.092460356219,0.12308996433,0.10128108921,0.13282376853,0.07264416466
155.0,0.070695220395,0.11400585343,0.12575756394,0.13039615265,0.10484734988,0.10946467756,0.085549476298,0.12070397251,0.1268443149,0.10111276483,0.085549300746,0.094796897809,0.12625109098,0.074518991108,0.12854402923,0.082482821109,0.11860277236,0.13033472915,0.088951344899,0.085214462002,0.13247912285,0.12737961627,0.070800788902,0.090647654257,0.12267104997,0.10080880739,0.13252208515,0.072133883844
155.5,0.070245306604,0.11389879334,0.12557728446,0.13016496576,0.10477835258,0.10937780261,0.085535555784,0.12056034053,0.12665434363,0.10064303612,0.085535380484,0.094759891553,0.12606650866,0.07391036614,0.1283367122,0.082475455094,0.1184717011,0.12997652569,0.088929540297,0.085201282359,0.13217220291,0.12718452257,0.070351474642,0.088870222039,0.12225356014,0.1003387268,0.13222108638,0.071627155879
156.0,0.06979825462,0.11379183378,0.12539726334,0.12993418868,0.10470940068,0.10929099659,0.085521637535,0.12041687943,0.12646465677,0.10017548928,0.085521462486,0.094722899741,0.12588219609,0.073306709307,0.12812972936,0.082468089736,0.11834077466,0.12961930624,0.088907741041,0.085188104753,0.13186599364,0.12698972756,0.069905009629,0.087127607574,0.12183749,0.099870837174,0.13192077067,0.071123984522
156.5,0.06935404626,0.11368497465,0.12521750021,0.1297038207,0.10464049416,0.10920425945,0.085507721551,0.120273589,0.1262752539,0.099710114195,0.085507546753,0.094685922367,0.12569815288,0.0727079801,0.12792308015,0.082460725036,0.11820999285,0.1292630681,0.088885947127,0.085174929186,0.1315604934,0.12679523078,0.069461375822,0.085419134258,0.12142283474,0.099405128321,0.13162113646,0.070624345365
157.0,0.068912663454,0.11357821588,0.12503799471,0.12947386108,0.10457163297,0.10911759113,0.085493807831,0.12013046904,0.12608613458,0.099246900767,0.085493633285,0.094648959425,0.12551437865,0.072114138339,0.12771676406,0.082453360994,0.11807935553,0.12890780858,0.088864158556,0.085161755656,0.13125570053,0.12660103179,0.069020555294,0.0837441344,0.12100958955,0.098941590084,0.13132218222,0.070128213658
157.5,0.068474088249,0.11347155735,0.12485874645,0.1292443091,0.1045028171,0.10903099158,0.085479896376,0.11998751934,0.12589729839,0.098785838963,0.08547972208,0.094612010909,0.12533087298,0.071525144169,0.12751078054,0.082445997609,0.11794886254,0.12855352498,0.088842375325,0.085148584164,0.1309516134,0.12640713013,0.068582530232,0.082101953246,0.12059774964,0.098480212356,0.13102390641,0.069635564814
158.0,0.068038302802,0.11336499898,0.12467975509,0.12901516404,0.10443404651,0.10894446074,0.085465987184,0.1198447397,0.12570874492,0.09832691879,0.085465813138,0.094575076815,0.12514763551,0.070940958062,0.12730512906,0.082438634882,0.11781851371,0.12820021464,0.088820597434,0.085135414709,0.13064823039,0.12621352533,0.068147282936,0.080491948806,0.12018731025,0.098020985076,0.13072630748,0.069146374416
158.5,0.067605289388,0.11325854067,0.12450102024,0.12878642517,0.10436532117,0.10885799856,0.085452080255,0.11970212992,0.12552047373,0.097870130304,0.08545190646,0.094538157136,0.12496466582,0.07036154081,0.12709980908,0.082431272813,0.11768830889,0.12784787487,0.088798824881,0.085122247291,0.13034554985,0.12602021695,0.067714795815,0.078913491607,0.11977826661,0.09756389823,0.1304293839,0.06866061822
159.0,0.06717503039,0.11315218233,0.12432254154,0.12855809179,0.10429664105,0.10877160498,0.085438175589,0.1195596898,0.12533248441,0.097415463604,0.085438002044,0.094501251866,0.12478196354,0.069786853526,0.12689482007,0.0824239114,0.11755824792,0.12749650302,0.088777057665,0.085109081909,0.13004357018,0.12582720454,0.067285051393,0.077365964456,0.11937061399,0.097108941851,0.13013313415,0.068178272149
159.5,0.066747508306,0.11304592386,0.12414431862,0.12833016316,0.10422800612,0.10868527995,0.085424273185,0.11941741914,0.12514477653,0.096962908838,0.085424099891,0.094464361001,0.12459952826,0.069216857637,0.12669016149,0.082416550646,0.11742833064,0.12714609644,0.088755295785,0.085095918563,0.12974228974,0.12563448763,0.0668580323,0.075848762192,0.11896434766,0.09665610602,0.1298375567,0.067699312297
160.0,0.066322705743,0.11293976517,0.12396635112,0.12810263858,0.10415941636,0.10859902342,0.085410373043,0.11927531773,0.12495734967,0.096512456199,0.085410199999,0.094427484534,0.12441735961,0.068651514885,0.12648583282,0.082409190548,0.11729855688,0.12679665246,0.088733539238,0.085082757254,0.12944170693,0.12544206579,0.06643372128,0.074361291463,0.11855946293,0.09620538086,0.12954265003,0.067223714923
160.5,0.06590060542,0.11283370617,0.12378863868,0.12787551732,0.10409087173,0.10851283533,0.085396475164,0.11913338537,0.12477020342,0.096064095924,0.08539630237,0.094390622461,0.12423545719,0.068090787323,0.12628183352,0.082401831108,0.1171689265,0.12644816845,0.088711788025,0.085069597979,0.12914182011,0.12524993855,0.066012101182,0.07290297049,0.11815595509,0.095756756544,0.1292484126,0.066751456454
161.0,0.065481190164,0.11272774677,0.12361118091,0.12764879867,0.1040223722,0.10842671563,0.085382579545,0.11899162187,0.12458333735,0.095617818296,0.085382407001,0.094353774774,0.12405382061,0.067534637315,0.12607816306,0.082394472325,0.11703943934,0.12610064177,0.088690042143,0.08505644074,0.1288426277,0.12505810547,0.065593154967,0.071473228848,0.11775381948,0.095310223288,0.12895484292,0.066282513479
161.5,0.065064442911,0.11262188686,0.12343397747,0.12742248193,0.10395391775,0.10834066425,0.085368686188,0.11885002701,0.12439675104,0.095173613645,0.085368513894,0.094316941469,0.12387244948,0.066983027527,0.12587482092,0.082387114199,0.11691009522,0.1257540698,0.088668301592,0.085043285536,0.12854412807,0.12486656609,0.0651768657,0.070071507238,0.11735305142,0.094865771355,0.12866193947,0.065816862754
162.0,0.064650346706,0.11251612636,0.12325702799,0.12719656636,0.10388550833,0.10825468116,0.085354795091,0.11870860061,0.12421044408,0.094731472344,0.085354623047,0.09428012254,0.12369134343,0.066435920933,0.12567180655,0.082379756731,0.11678089401,0.12540844992,0.088646566369,0.085030132366,0.12824631963,0.12467531998,0.064763216555,0.068697257282,0.11695364629,0.094423391052,0.12836970073,0.065354481195
162.5,0.064238884702,0.11241046517,0.12308033209,0.12697105128,0.10381714394,0.10816876629,0.085340906255,0.11856734246,0.12402441604,0.094291384811,0.08534073446,0.094243317982,0.12351050205,0.065893280807,0.12546911945,0.082372399919,0.11665183553,0.1250637795,0.088624836474,0.085016981231,0.12794920078,0.12448436666,0.064352190813,0.067349941299,0.11655559946,0.093983072732,0.1280781252,0.064895345881
163.0,0.063830040157,0.1123049032,0.12290388943,0.12674593596,0.10374882453,0.10808291959,0.085327019678,0.11842625235,0.12383866651,0.093853341507,0.085326848133,0.094206527788,0.12332992496,0.06535507072,0.12526675907,0.082365043764,0.11652291964,0.12472005596,0.088603111906,0.08500383213,0.12765276993,0.12429370571,0.063943771858,0.066029032109,0.1161589063,0.093544806792,0.12778721139,0.06443943405
163.5,0.063423796438,0.11219944036,0.12272769964,0.12652121969,0.10368055007,0.10799714101,0.085313135361,0.1182853301,0.12365319508,0.093417332941,0.085312964066,0.094169751954,0.12314961178,0.064821254542,0.12506472489,0.082357688266,0.11639414617,0.12437727668,0.088581392663,0.084990685062,0.12735702547,0.12410333668,0.063537943182,0.064734012819,0.11576356222,0.093108583676,0.12749695778,0.0639867231
164.0,0.063020137014,0.11209407655,0.12255176235,0.12629690177,0.10361232054,0.10791143049,0.085299253303,0.1181445755,0.12346800132,0.092983349662,0.085299082257,0.094132990473,0.12296956213,0.064291796437,0.1248630164,0.082350333425,0.11626551497,0.12403543908,0.088559678743,0.084977540027,0.12706196584,0.12391325911,0.063134688378,0.06346437663,0.11536956265,0.092674393869,0.12720736288,0.063537190587
164.5,0.062619045462,0.11198881169,0.1223760772,0.1260729815,0.1035441359,0.10782578798,0.085285373504,0.11800398835,0.12328308483,0.092551382267,0.085285202707,0.09409624334,0.12278977561,0.063766660858,0.12466163305,0.082342979241,0.11613702588,0.12369454056,0.088537970146,0.084964397026,0.12676758943,0.12372347256,0.062733991146,0.06221962664,0.11497690302,0.092242227902,0.12691842521,0.063090814223
165.0,0.062220505461,0.11188364567,0.12220064383,0.12584945817,0.10347599613,0.10774021342,0.085271495963,0.11786356845,0.12309844518,0.092121421392,0.085271325416,0.09405951055,0.12261025184,0.063245812551,0.12446057433,0.082335625714,0.11600867874,0.12335457857,0.08851626687,0.084951256057,0.12647389467,0.12353397658,0.062335835286,0.060999275646,0.11458557877,0.091812076351,0.12663014327,0.062647571879
165.5,0.061824500795,0.1117785784,0.12202546189,0.12562633107,0.1034079012,0.10765470676,0.085257620681,0.11772331561,0.12291408196,0.09169345772,0.085257450382,0.094022792097,0.12243099044,0.062729216547,0.12425983973,0.082328272843,0.1158804734,0.12301555051,0.088494568914,0.08493811712,0.12618087998,0.12334477074,0.061940204702,0.059802845965,0.11419558538,0.091383929833,0.12634251558,0.062207441576
166.0,0.06143101535,0.1116736098,0.12185053101,0.12540359951,0.10333985107,0.10756926795,0.085243747656,0.11758322962,0.12272999476,0.091267481976,0.085243577606,0.093986087974,0.12225199103,0.062216838162,0.1240594287,0.082320920629,0.1157524097,0.12267745383,0.088472876277,0.084924980216,0.1258885438,0.12315585458,0.0615470834,0.05862986924,0.11380691833,0.090957779011,0.12605554065,0.061770401493
166.5,0.061040033115,0.11156873976,0.12167585082,0.12518126278,0.10327184572,0.10748389693,0.085229876888,0.11744331029,0.12254618317,0.090843484928,0.085229707087,0.093949398178,0.12207325322,0.061708642994,0.12385934074,0.082313569071,0.11562448749,0.12234028598,0.088451188956,0.084911845343,0.12559688454,0.12296722766,0.061156455485,0.057479886264,0.1134195731,0.090533614592,0.125769217,0.061336429959
167.0,0.060651538179,0.11146396821,0.12150142098,0.12495932018,0.10320388512,0.10739859365,0.085216008378,0.11730355741,0.12236264677,0.090421457387,0.085215838825,0.093912722701,0.12189477663,0.061204596922,0.12365957532,0.08230621817,0.1154967066,0.1220040444,0.088429506952,0.084898712502,0.12530590065,0.12277888955,0.060768305165,0.056352446803,0.11303354521,0.090111427323,0.12548354317,0.060905505456
167.5,0.060265514735,0.11135929503,0.12132724113,0.12473777101,0.10313596924,0.10731335805,0.085202142124,0.1171639708,0.12217938515,0.090001390206,0.08520197282,0.093876061539,0.12171656088,0.060704666102,0.12346013193,0.082298867925,0.11536906688,0.12166872655,0.088407830263,0.084885581692,0.12501559056,0.1225908398,0.060382616745,0.055247109415,0.1126488302,0.089691207997,0.12519851768,0.060477606616
168.0,0.059881947072,0.11125472015,0.1211533109,0.12451661459,0.10306809805,0.10722819009,0.085188278126,0.11702455025,0.1219963979,0.089583274283,0.085188109071,0.093839414686,0.12153860559,0.060208816965,0.12326101004,0.082291518337,0.11524156818,0.1213343299,0.088386158886,0.084872452913,0.12472595272,0.12240307796,0.059999374632,0.054163441286,0.11226542359,0.089272947449,0.12491413905,0.060052712219
168.5,0.059500819582,0.11115024347,0.12097962994,0.1242958502,0.10300027152,0.1071430897,0.085174416384,0.11688529556,0.12181368462,0.089167100554,0.085174247577,0.093802782136,0.12136091038,0.059717016217,0.12306220914,0.082284169405,0.11511421034,0.12100085191,0.088364492822,0.084859326164,0.12443698557,0.1222156036,0.059618563329,0.053101018059,0.11188332095,0.088856636556,0.12463040583,0.059630801198
169.0,0.059122116756,0.1110458649,0.12080619789,0.12407547716,0.10293248961,0.10705805684,0.085160556898,0.11674620654,0.12163124488,0.088752860001,0.085160388339,0.093766163884,0.12118347487,0.059229230834,0.12286372871,0.08227682113,0.1149869932,0.12066829007,0.088342832069,0.084846201445,0.12414868755,0.12202841628,0.059240167439,0.052059423669,0.11150251785,0.088442266237,0.12434731655,0.059211852627
169.5,0.058745823181,0.11094158434,0.1206330144,0.12385549477,0.10286475231,0.10697309144,0.085146699667,0.116607283,0.12144907829,0.088340543646,0.085146531356,0.093729559924,0.12100629867,0.058745428062,0.12266556824,0.08226947351,0.11485991661,0.12033664186,0.088321176625,0.084833078757,0.12386105712,0.12184151556,0.058864171661,0.051038250183,0.11112300987,0.088029827454,0.12406486975,0.058795845733
170.0,0.058371923543,0.1108374017,0.1204600791,0.12363590235,0.10279705959,0.10688819347,0.08513284469,0.11646852472,0.12126718443,0.087930142553,0.085132676627,0.093692970251,0.12082938142,0.058265575412,0.1224677272,0.082262126547,0.11473298042,0.12000590477,0.088299526489,0.084819958097,0.12357409274,0.12165490099,0.058490560791,0.050037097641,0.11074479262,0.087619311213,0.12378306397,0.058382759882
170.5,0.058000402627,0.1107333169,0.12028739165,0.12341669919,0.1027294114,0.10680336286,0.085118991968,0.11632993153,0.12108556289,0.087521647827,0.085118824153,0.093656394858,0.12065272273,0.05778964066,0.12227020509,0.08225478024,0.11460618447,0.11967607631,0.08827788166,0.084806839467,0.12328779286,0.12146857215,0.05811931972,0.049055573903,0.11036786171,0.087210708558,0.12350189778,0.05797257459
171.0,0.057631245312,0.11062932984,0.12011495168,0.12319788461,0.10266180773,0.10671859955,0.0851051415,0.11619150322,0.12090421327,0.087115050615,0.085104973933,0.093619833741,0.12047632222,0.057317591845,0.12207300139,0.082247434588,0.11447952859,0.11934715397,0.088256242136,0.084793722866,0.12300215595,0.1212825286,0.057750433438,0.04809329449,0.10999221279,0.086804010577,0.1232213697,0.057565269512
171.5,0.057264436574,0.11052544042,0.11994275885,0.12297945793,0.10259424854,0.10663390351,0.085091293286,0.11605323959,0.12072313516,0.086710342104,0.085091125966,0.093583286894,0.12030017953,0.056849397267,0.12187611559,0.082240089593,0.11435301265,0.11901913527,0.088234607917,0.084780608294,0.12271718047,0.12109676989,0.057383887025,0.047149882445,0.10961784148,0.086399208399,0.12294147831,0.057160824448
172.0,0.056899961483,0.11042164856,0.1197708128,0.12276141845,0.10252673381,0.10654927467,0.085077447324,0.11591514045,0.12054232815,0.086307513525,0.085077280252,0.093546754311,0.12012429426,0.056385025483,0.12167954717,0.082232745254,0.11422663649,0.11869201773,0.088212979,0.084767495749,0.1224328649,0.12091129559,0.057019665658,0.046224968177,0.10924474345,0.085996293193,0.12266222215,0.056759219339
172.5,0.056537805207,0.11031795416,0.11959911318,0.12254376548,0.1024592635,0.10646471298,0.085063603616,0.1157772056,0.12036179184,0.085906556144,0.085063436791,0.093510235987,0.11994866605,0.055924445306,0.12148329564,0.08222540157,0.11410039994,0.11836579888,0.088191355386,0.084754385233,0.12214920771,0.12072610528,0.056657754609,0.045318189323,0.10887291439,0.085595256172,0.12238359978,0.056360434264
173.0,0.056177953005,0.11021435714,0.11942765963,0.12232649835,0.10239183759,0.10638021838,0.085049762161,0.11563943486,0.12018152583,0.085507461274,0.085049595583,0.093473731916,0.11977329452,0.055467625803,0.12128736046,0.082218058543,0.11397430286,0.11804047625,0.088169737071,0.084741276745,0.12186620737,0.1205411985,0.056298139239,0.044429190607,0.10850234997,0.085196088588,0.12210560978,0.055964449446
173.5,0.055820390231,0.1101108574,0.1192564518,0.12210961637,0.10232445604,0.10629579083,0.085035922957,0.11550182802,0.1200015297,0.085110220264,0.085035756627,0.093437242092,0.11959817929,0.055014536294,0.12109174114,0.082210716171,0.11384834509,0.11771604738,0.088148124056,0.084728170283,0.12158386236,0.12035657484,0.055940805006,0.043557623699,0.1081330459,0.084798781732,0.12182825071,0.055571245241
174.0,0.055465102331,0.11000745485,0.11908548933,0.12189311885,0.10225711883,0.10621143027,0.085022086006,0.11536438488,0.11982180306,0.084714824505,0.085021919922,0.093400766511,0.11942332,0.054565146348,0.12089643717,0.082203374455,0.11372252649,0.11739250981,0.088126516338,0.084715065849,0.12130217117,0.12017223385,0.055585737456,0.042703147081,0.10776499791,0.084403326939,0.12155152113,0.055180802147
174.5,0.055112074844,0.1099041494,0.11891477189,0.12167700512,0.10218982594,0.10612713665,0.085008251305,0.11522710526,0.1196423455,0.084321265427,0.085008085469,0.093364305166,0.11924871626,0.054119425781,0.12070144804,0.082196033394,0.11359684688,0.1170698611,0.088104913917,0.084701963442,0.12102113229,0.1199881751,0.05523292223,0.041865425916,0.10739820173,0.084009715582,0.12127541963,0.054793100796
175.0,0.054761293401,0.10980094095,0.11874429911,0.12146127449,0.10212257732,0.10604290991,0.084994418856,0.11508998896,0.11946315662,0.0839295345,0.084994253267,0.093327858052,0.1190743677,0.053677344658,0.12050677324,0.082188692989,0.11347130613,0.11674809882,0.088083316791,0.084688863061,0.1207407442,0.11980439817,0.054882345057,0.041044131915,0.10703265311,0.083617939074,0.12099994478,0.054408121956
175.5,0.054412743723,0.10969782942,0.11857407065,0.12124592629,0.10205537295,0.10595875,0.084980588658,0.11495303578,0.11928423602,0.083539623234,0.084980423315,0.093291425163,0.11890027396,0.053238873284,0.12031241227,0.08218135324,0.11334590408,0.11642722051,0.088061724959,0.084675764706,0.12046100541,0.11962090261,0.054533991757,0.040238943213,0.1066683478,0.083227988869,0.12072509515,0.054025846531
176.0,0.054066411624,0.10959481472,0.11840408616,0.12103095984,0.1019882128,0.10587465687,0.08496676071,0.11481624554,0.1191055833,0.083151523179,0.084966595614,0.093255006494,0.11872643466,0.052803982208,0.12011836462,0.082174014145,0.11322064057,0.11610722377,0.088040138419,0.084662668377,0.12018191441,0.11943768801,0.054187848239,0.039449544238,0.10630528159,0.082839856461,0.12045086934,0.053646255555
176.5,0.053722283006,0.10949189676,0.11823434528,0.12081637446,0.10192109685,0.10579063046,0.084952935012,0.11467961803,0.11892719805,0.082765225922,0.084952770163,0.09321860204,0.11855284942,0.052372642219,0.11992462978,0.082166675707,0.11309551545,0.11578810617,0.088018557171,0.084649574073,0.1199034697,0.11925475392,0.053843900503,0.038675625594,0.10594345026,0.082453533382,0.12017726592,0.0532693302
177.0,0.053380343861,0.10938907543,0.11806484767,0.12060216947,0.10185402506,0.10570667073,0.084939111564,0.11454315307,0.11874907987,0.082380723091,0.084938946961,0.093182211794,0.11837951788,0.051944824343,0.11973120726,0.082159337923,0.11297052857,0.11546986529,0.087996981213,0.084636481794,0.11962566978,0.11907209993,0.053502134637,0.037916883939,0.10558284963,0.082069011205,0.1199042835,0.052895051765
177.5,0.053040580269,0.10928635066,0.11789559298,0.12038834421,0.1017869974,0.10562277762,0.084925290365,0.11440685046,0.11857122838,0.081998006353,0.084925126008,0.093145835751,0.11820643967,0.051520499842,0.11953809655,0.082152000795,0.11284567978,0.11515249874,0.087975410543,0.084623391541,0.11934851317,0.1188897256,0.053162536814,0.037173021863,0.10522347551,0.081686281541,0.11963192065,0.052523401683
178.0,0.052702978401,0.10918372235,0.11772658086,0.120174898,0.10172001385,0.10553895107,0.084911471415,0.11427071,0.11839364315,0.081617067413,0.084911307304,0.093109473906,0.11803361441,0.051099640214,0.11934529714,0.082144664322,0.11272096892,0.1148360041,0.087953845161,0.084610303311,0.11907199837,0.1187076305,0.052825093298,0.036443747778,0.10486532374,0.081305336041,0.11936017598,0.052154361516
178.5,0.052367524512,0.10908119042,0.11755781096,0.11996183016,0.10165307437,0.10545519104,0.084897654713,0.11413473151,0.11821632381,0.081237898013,0.084897490848,0.093073126254,0.11786104174,0.050682217186,0.11915280854,0.082137328505,0.11259639585,0.11452037899,0.087932285064,0.084597217106,0.1187961239,0.11852581421,0.052489790439,0.035728775801,0.10450839017,0.080926166394,0.11908904809,0.051787912954
179.0,0.052034204948,0.10897875476,0.11738928294,0.11974914003,0.10158617894,0.10537149747,0.084883840259,0.1139989148,0.11803926995,0.080860489937,0.084883676641,0.093036792787,0.11768872129,0.050268202719,0.11896063024,0.082129993342,0.1124719604,0.11420562102,0.087910730253,0.084584132925,0.11852088829,0.1183442763,0.052156614672,0.035027825645,0.10415267065,0.080548764327,0.11881853558,0.051424037817
179.5,0.051703006139,0.1088764153,0.11722099645,0.11953682694,0.10151932753,0.1052878703,0.084870028054,0.11386325966,0.11786248117,0.080484835004,0.084869864681,0.093000473502,0.11751665268,0.049857568999,0.11876876175,0.082122658834,0.11234766244,0.1138917278,0.087889180725,0.084571050768,0.11824629004,0.11816301635,0.051825552518,0.034340622505,0.10379816107,0.080173121608,0.11854863705,0.051062718051
180.0,0.051373914603,0.10877417194,0.11705295115,0.11932489022,0.10145252011,0.1052043095,0.084856218096,0.11372776591,0.11768595707,0.080110925072,0.084856054968,0.092964168392,0.11734483556,0.049450288442,0.11857720257,0.082115324982,0.1122235018,0.11357869697,0.087867636479,0.084557970634,0.1179723277,0.11798203392,0.051496590585,0.033666896958,0.10344485732,0.079799230041,0.11827935111,0.050703935729
180.5,0.051046916942,0.10867202458,0.11688514669,0.1191133292,0.10138575665,0.10512081499,0.084842410384,0.11359243335,0.11750969727,0.079738752037,0.084842247503,0.092927877452,0.11717326955,0.049046333685,0.11838595219,0.082107991784,0.11209947833,0.11326652616,0.087846097514,0.084544892522,0.11769899978,0.1178013286,0.051169715563,0.033006384852,0.10309275529,0.079427081468,0.11801067638,0.050347673049
181.0,0.050721999844,0.10856997315,0.11671758271,0.11890214322,0.10131903712,0.10503738674,0.08482860492,0.1134572618,0.11733370136,0.079368307832,0.084828442284,0.092891600677,0.11700195429,0.048645677591,0.11819501013,0.082100659241,0.11197559188,0.11295521301,0.087824563828,0.084531816434,0.11742630482,0.11762089996,0.050844914229,0.032358827207,0.10274185091,0.079056667772,0.11774261146,0.049993912335
181.5,0.050399150081,0.10846801755,0.11655025889,0.11869133161,0.10125236149,0.10495402468,0.084814801702,0.11332225107,0.11715796895,0.078999584428,0.084814639311,0.09285533806,0.11683088941,0.048248293242,0.11800437588,0.082093327353,0.11185184231,0.11264475515,0.087803035421,0.084518742368,0.11715424135,0.11744074758,0.050522173442,0.031723970111,0.1023921401,0.078687980869,0.11747515499,0.049642636032
182.0,0.050078354509,0.10836615769,0.11638317488,0.11848089371,0.10118572973,0.10487072877,0.08480100073,0.11318740095,0.11698249965,0.078632573834,0.084800838584,0.092819089597,0.11666007455,0.047854153942,0.11781404895,0.08208599612,0.11172822946,0.11233515025,0.087781512291,0.084505670323,0.11688280792,0.11726087103,0.050201480143,0.031101564623,0.10204361882,0.078321012717,0.11720830557,0.049293826711
182.5,0.049759600068,0.10826439348,0.11621633032,0.11827082885,0.10111914182,0.10478749895,0.084787202003,0.11305271126,0.11680729306,0.078267268094,0.084787040103,0.092782855282,0.11648950934,0.047463233209,0.11762402884,0.082078665541,0.11160475318,0.11202639597,0.087759994437,0.084492600301,0.11661200306,0.1170812699,0.049882821358,0.030491366675,0.10169628303,0.077955755309,0.11694206184,0.048947467063
183.0,0.049442873781,0.10816272483,0.11604972489,0.11806113639,0.10105259773,0.10470433517,0.084773405522,0.11291818182,0.11663234879,0.077903659291,0.084773243867,0.092746635109,0.11631919341,0.04707550478,0.11743431506,0.082071335617,0.11148141331,0.11171848996,0.087738481857,0.0844795323,0.11634182532,0.11690194375,0.049566184193,0.029893136979,0.10135012869,0.077592200675,0.11667642242,0.048603539902
183.5,0.049128162752,0.10806115165,0.11588335823,0.11785181564,0.10098609742,0.10462123738,0.084759611285,0.11278381242,0.11645766645,0.077541739544,0.084759449875,0.092710429073,0.1161491264,0.046690942604,0.11724490712,0.082064006348,0.11135820972,0.1114114299,0.08771697455,0.08446646632,0.11607227325,0.11672289218,0.049251555837,0.02930664093,0.1010051518,0.077230340884,0.11641138593,0.04826202816
184.0,0.048815454168,0.10795967385,0.11571723001,0.11764286596,0.10091964087,0.10453820553,0.084745819293,0.11264960288,0.11628324564,0.077181501007,0.084745658128,0.092674237169,0.11597930796,0.046309520843,0.11705580453,0.082056677733,0.11123514224,0.11110521346,0.087695472515,0.08445340236,0.11580334541,0.11654411476,0.04893892356,0.028731648518,0.10066134835,0.076870168041,0.11614695103,0.04792291489
184.5,0.048504735298,0.10785829134,0.11555133988,0.11743428669,0.10085322805,0.10445523956,0.084732029546,0.11251555301,0.11610908598,0.076822935874,0.084731868625,0.09263805939,0.1158097377,0.04593121387,0.11686700678,0.082049349773,0.11111221073,0.11079983834,0.08767397575,0.084440340422,0.11553504034,0.11636561106,0.048628274711,0.028167934234,0.10031871436,0.076511674286,0.11588311633,0.047586183263
185.0,0.048195993491,0.10775700404,0.1153856875,0.11722607718,0.10078685893,0.10437233942,0.084718242042,0.11238166262,0.11593518707,0.076466036372,0.084718081366,0.092601895731,0.11564041529,0.045555996266,0.1166785134,0.082042022467,0.11098941503,0.11049530222,0.087652484255,0.084427280503,0.11526735662,0.11618738068,0.04831959672,0.027615276988,0.099977245855,0.076154851797,0.11561988048,0.04725181657
185.5,0.047889216175,0.10765581185,0.11522027253,0.11701823676,0.10072053348,0.10428950506,0.084704456781,0.11224793152,0.11576154852,0.076110794766,0.08470429635,0.092565746187,0.11547134034,0.045183842819,0.11649032389,0.082034695815,0.11086675501,0.11019160279,0.087630998028,0.084414222604,0.11500029279,0.1160094232,0.048012877097,0.027073460017,0.099636938875,0.07579969279,0.11535724213,0.046919798215
186.0,0.04758439086,0.10755471468,0.11505509464,0.11681076478,0.10065425168,0.10420673643,0.084690673764,0.11211435952,0.11558816995,0.075757203355,0.084690513577,0.092529610753,0.1153025125,0.044814728523,0.11630243776,0.082027369817,0.1107442305,0.10988873776,0.087609517067,0.084401166725,0.11473384743,0.11583173819,0.047708103429,0.026542270804,0.099297789477,0.075446189515,0.11509519992,0.046590111722
186.5,0.047281505135,0.10745371244,0.11489015347,0.1166036606,0.10058801349,0.10412403347,0.084676892989,0.11198094643,0.11541505096,0.075405254476,0.084676733046,0.092493489422,0.11513393141,0.044448628577,0.11611485452,0.082020044474,0.11062184136,0.10958670485,0.087588041372,0.084388112865,0.11446801911,0.11565432523,0.047405263385,0.026021500995,0.098959793726,0.075094334258,0.1148337525,0.046262740729
187.0,0.046980546666,0.10735280505,0.1147254487,0.11639692355,0.10052181888,0.10404139613,0.084663114456,0.11184769206,0.11524219117,0.0750549405,0.084662954758,0.092457382189,0.11496559671,0.044085518379,0.11592757369,0.082012719785,0.11049958743,0.10928550176,0.087566570941,0.084375061024,0.11420280639,0.11547718393,0.047104344708,0.025510946314,0.098622947705,0.074744119343,0.11457289851,0.045937668988
187.5,0.046681503199,0.10725199242,0.11456097998,0.11619055299,0.10045566784,0.10395882437,0.084649338166,0.11171459622,0.11506959018,0.074706253834,0.084649178712,0.092421289049,0.11479750804,0.043725373531,0.11574059477,0.08200539575,0.11037746858,0.10898512621,0.087545105773,0.084362011201,0.11393820786,0.11530031385,0.046805335222,0.025010406487,0.098287247507,0.074395537126,0.11431263663,0.045614880365
188.0,0.046384362558,0.10715127446,0.11439674698,0.11598454827,0.10038956032,0.10387631812,0.084635564117,0.11158165873,0.11489724761,0.07435918692,0.084635404907,0.092385209997,0.11462966503,0.043368169831,0.11555391729,0.081998072369,0.11025548465,0.10868557594,0.087523645866,0.084348963397,0.11367422209,0.11512371458,0.046508222825,0.024519685162,0.09795268924,0.074048580003,0.1140529655,0.04529435884
188.5,0.046089112643,0.10705065107,0.11423274936,0.11577890874,0.1003234963,0.10379387734,0.084621792309,0.11144887939,0.11472516308,0.074013732236,0.084621633343,0.092349145026,0.11446206734,0.043013883277,0.11536754075,0.081990749642,0.11013363548,0.10838684868,0.087502191219,0.08433591761,0.11341084766,0.11494738571,0.046212995494,0.024038589835,0.097619269024,0.073703240402,0.11379388378,0.044976088504
189.0,0.045795741431,0.10695012217,0.11406898678,0.11557363375,0.10025747575,0.10371150197,0.084608022742,0.11131625802,0.1145533362,0.073669882293,0.08460786402,0.092313094132,0.1142947146,0.042662490059,0.11518146468,0.081983427569,0.11001192094,0.10808894218,0.087480741831,0.084322873842,0.11314808317,0.11477132682,0.045919641281,0.023566931771,0.097286982994,0.073359510788,0.11353539014,0.04466005356
189.5,0.045504236977,0.10684968767,0.1139054589,0.11536872266,0.10019149864,0.10362919197,0.084594255416,0.11118379444,0.11438176658,0.073327629639,0.084594096937,0.092277057308,0.11412760645,0.042313966565,0.11499568858,0.08197610615,0.10989034087,0.10779185416,0.087459297701,0.08430983209,0.11288592719,0.11459553751,0.045628148313,0.023104525932,0.096955827296,0.07301738366,0.11327748325,0.044346238322
190.0,0.04521458741,0.10674934749,0.11374216539,0.11516417482,0.10012556495,0.10354694728,0.08458049033,0.11105148844,0.11421045384,0.072986966855,0.084580332094,0.092241034549,0.11396074254,0.041968289373,0.11481021198,0.081968785385,0.10976889513,0.1074955824,0.087437858828,0.084296792356,0.11262437833,0.11442001735,0.045338504794,0.022651190905,0.09662579809,0.072676851553,0.11302016177,0.044034627212
190.5,0.044926780936,0.10664910152,0.11357910592,0.11495998959,0.10005967464,0.10346476785,0.084566727483,0.11091933985,0.11403939759,0.072647886558,0.084566569491,0.092205025851,0.11379412251,0.041625435253,0.11462503439,0.081961465273,0.10964758357,0.10720012465,0.087416425209,0.084283754638,0.11236343517,0.11424476594,0.045050698999,0.022206748831,0.09629689155,0.072337907035,0.11276342438,0.043725204765
191.0,0.044640805834,0.1065489497,0.11341628014,0.11475616632,0.099993827695,0.10338265362,0.084552966876,0.11078734848,0.11386859746,0.072310381396,0.084552809127,0.092169031207,0.113627746,0.041285381163,0.11444015533,0.081954145815,0.10952640603,0.10690547867,0.087394996844,0.084270718937,0.11210309632,0.11406978287,0.044764719282,0.021771025335,0.09596910386,0.072000542711,0.11250726976,0.043417955621
191.5,0.044356650458,0.10644889192,0.11325368772,0.11455270438,0.099928024073,0.10330060455,0.084539208508,0.11065551413,0.11369805304,0.071974444056,0.084539051002,0.092133050611,0.11346161266,0.040948104251,0.11425557432,0.081946827011,0.10940536237,0.10661164223,0.087373573732,0.084257685252,0.11184336037,0.11389506772,0.044480554066,0.021343849458,0.095642431221,0.071664751219,0.11225169659,0.043112864527
192.0,0.044074303238,0.10634892809,0.11309132833,0.11434960312,0.099862263752,0.10321862059,0.084525452379,0.11052383664,0.11352776398,0.071640067254,0.084525295116,0.092097084059,0.11329572214,0.040613581849,0.11407129088,0.08193950886,0.10928445245,0.10631861312,0.087352155871,0.084244653583,0.11158422594,0.11372062008,0.044198191851,0.020925053593,0.095316869843,0.07133052523,0.11199670354,0.042809916341
192.5,0.043793752674,0.10624905814,0.11292920164,0.1141468619,0.099796546701,0.10313670167,0.084511698488,0.1103923158,0.11335772987,0.071307243744,0.084511541468,0.092061131545,0.11313007407,0.040281791475,0.11388730453,0.081932191363,0.10916367611,0.10602638912,0.087330743259,0.084231623929,0.11132569163,0.11354643956,0.043917621208,0.020514473413,0.094992415952,0.070997857451,0.11174228931,0.042509096022
193.0,0.043514987342,0.10614928197,0.11276730731,0.1139444801,0.099730872893,0.10305484776,0.084497946835,0.11026095143,0.11318795034,0.070975966311,0.084497790058,0.092025193063,0.11296466811,0.039952710831,0.1137036148,0.08192487452,0.10904303321,0.10573496801,0.087309335897,0.08421859629,0.11106775605,0.11337252572,0.043638830779,0.020111947813,0.094669065784,0.070666740624,0.11148845257,0.042210388638
193.5,0.04323799589,0.10604959949,0.112605645,0.11374245706,0.0996652423,0.1029730588,0.084484197419,0.11012974334,0.11301842502,0.070646227774,0.084484040885,0.091989268608,0.1127995039,0.039626317799,0.11352022119,0.081917558329,0.1089225236,0.10544434759,0.087287933781,0.084205570666,0.11081041782,0.11319887818,0.043361809282,0.019717318844,0.09434681559,0.07033716752,0.11123519203,0.041913779361
194.0,0.042962767036,0.10595001062,0.11244421439,0.11354079215,0.099599654893,0.10289133473,0.084470450241,0.10999869136,0.11284915351,0.070318020986,0.08447029395,0.091953358175,0.11263458109,0.039302590442,0.11333712325,0.081910242792,0.10880214713,0.10515452566,0.087266536912,0.084192547057,0.11055367555,0.11302549652,0.043086545501,0.019330431652,0.094025661633,0.07000913095,0.11098250637,0.041619253466
194.5,0.042689289571,0.10585051527,0.11228301515,0.11333948475,0.099534110643,0.10280967551,0.0844567053,0.10986779529,0.11268013544,0.069991338833,0.084456549251,0.091917461757,0.11246989932,0.038981507003,0.11315432048,0.081902927909,0.10868190365,0.10486550004,0.087245145287,0.084179525462,0.11029752786,0.11285238033,0.042813028295,0.018951134417,0.093705600188,0.069682623753,0.1107303943,0.041326796331
195.0,0.04241755236,0.10575111335,0.11212204694,0.1131385342,0.099468609522,0.10272808109,0.084442962595,0.10973705495,0.11251137044,0.069666174234,0.084442806788,0.09188157935,0.11230545825,0.038663045901,0.11297181243,0.081895613678,0.10856179303,0.10457726853,0.087223758906,0.084166505881,0.11004197339,0.11267952922,0.042541246593,0.018579278296,0.093386627544,0.069357638804,0.1104788545,0.041036393437
195.5,0.042147544333,0.10565180477,0.11196130943,0.1129379399,0.099403151502,0.10264655141,0.084429222126,0.10960647015,0.11234285811,0.06934252014,0.084429066562,0.091845710948,0.11214125752,0.038347185731,0.1127895986,0.081888300101,0.10844181511,0.10428982896,0.087202377768,0.084153488313,0.10978701075,0.11250694276,0.042271189391,0.01821471736,0.09306874,0.069034169012,0.1102278857,0.040748030366
196.0,0.041879254495,0.10555258944,0.11180080229,0.11273770119,0.099337736555,0.10256508642,0.084415483893,0.10947604071,0.11217459809,0.069020369537,0.084415328571,0.091809856546,0.11197729678,0.038033905263,0.11260767853,0.081880987177,0.10832196974,0.10400317914,0.08718100187,0.084140472759,0.10953263859,0.11233462057,0.042002845759,0.017857308541,0.09275193387,0.068712207316,0.10997748658,0.040461692804
196.5,0.041612671919,0.10545346729,0.11164052519,0.11253781745,0.099272364651,0.10248368607,0.084401747895,0.10934576644,0.11200658999,0.06869971544,0.084401592815,0.091774016138,0.11181357568,0.03772318344,0.11242605174,0.081873674906,0.10820225679,0.10371731692,0.087159631211,0.084127459217,0.10927885552,0.11216256222,0.041736204833,0.017506911576,0.092436205481,0.06839174669,0.10972765586,0.040177366533
197.0,0.041347785748,0.10535443821,0.1114804778,0.11233828806,0.099207035764,0.10240235031,0.084388014133,0.10921564717,0.11183883344,0.068380550899,0.084387859295,0.091738189718,0.11165009386,0.037414999378,0.11224471777,0.081866363287,0.1080826761,0.10343224013,0.087138265791,0.084114447689,0.10902566019,0.11199076733,0.041471255819,0.017163388948,0.09212155117,0.068072780141,0.10947839226,0.039895037438
197.5,0.041084585192,0.10525550212,0.1113206598,0.11213911238,0.099141749864,0.10232107909,0.084374282605,0.10908568269,0.11167132807,0.068062868996,0.084374128009,0.091702377282,0.11148685099,0.037109332359,0.11206367614,0.081859052322,0.10796322752,0.10314794661,0.087116905608,0.084101438172,0.10877305125,0.11181923548,0.041207987991,0.016826605837,0.091807967287,0.067755300707,0.10922969448,0.0396146915
198.0,0.040823059533,0.10515665894,0.11116107085,0.11194028979,0.099076506923,0.10223987236,0.084360553311,0.10895587284,0.11150407349,0.067746662846,0.084360398957,0.091666578824,0.11132384672,0.03680616184,0.11188292637,0.08185174201,0.10784391092,0.10286443421,0.087095550661,0.084088430668,0.10852102732,0.11164796628,0.04094639069,0.016496430066,0.091495450196,0.067439301459,0.10898156125,0.039336314801
198.5,0.040563198118,0.10505790858,0.11100171063,0.11174181966,0.099011306912,0.10215873006,0.084346826251,0.10882621743,0.11133706933,0.067431925593,0.084346672139,0.091630794337,0.11116108068,0.03650546744,0.11170246801,0.08184443235,0.10772472614,0.1025817008,0.087074200949,0.084075425176,0.10826958706,0.11147695932,0.040686453327,0.016172732047,0.091183996272,0.067124775501,0.10873399128,0.039059893519
199.0,0.040304990364,0.10495925095,0.1108425788,0.11154370137,0.098946149805,0.10207765215,0.084333101425,0.10869671626,0.11117031522,0.067118650415,0.084332947554,0.091595023818,0.11099855254,0.036207228948,0.11152230057,0.081837123344,0.10760567304,0.10229974422,0.087052856469,0.084062421694,0.10801872912,0.1113062142,0.040428165378,0.015855384733,0.090873601903,0.066811715968,0.1084869833,0.038785413929
199.5,0.040048425753,0.10486068596,0.11068367505,0.11134593429,0.098881035572,0.10199663857,0.084319378832,0.10856736917,0.11100381079,0.066806830522,0.084319225203,0.09155926726,0.11083626195,0.035911426316,0.1113424236,0.08182981499,0.10748675148,0.10201856234,0.087031517222,0.084049420224,0.10776845215,0.11113573052,0.040171516385,0.015544263567,0.090564263488,0.066500116027,0.10824053603,0.038512862402
200.0,0.039793493836,0.10476221353,0.11052499904,0.1111485178,0.098815964185,0.10191568927,0.084305658472,0.10843817596,0.11083755565,0.066496459154,0.084305505084,0.091523524658,0.11067420856,0.03561803966,0.11116283661,0.081822507288,0.10736796131,0.10173815305,0.087010183205,0.084036420765,0.10751875481,0.11096550788,0.039916495958,0.015239246433,0.09025597744,0.066189968879,0.1079946482,0.038242225406
200.5,0.039540184228,0.10466383356,0.11036655045,0.11095145128,0.098750935616,0.10183480421,0.084291940345,0.10830913646,0.11067154944,0.066187529584,0.084291787198,0.091487796006,0.11051239202,0.035327049257,0.11098353916,0.081815200239,0.10724930238,0.10145851421,0.086988854417,0.084023423316,0.10726963575,0.11079554588,0.039663093772,0.014940213608,0.089948740182,0.065881267753,0.10774931855,0.037973489502
201.0,0.039288486611,0.10456554599,0.11020832895,0.11075473412,0.098685949837,0.10175398332,0.084278224449,0.10818025048,0.11050579178,0.065880035116,0.084278071543,0.0914520813,0.11035081199,0.035038435547,0.11080453076,0.081807893843,0.10713077455,0.10117964372,0.086967530858,0.084010427878,0.10702109364,0.11062584412,0.039411299567,0.014647047718,0.089642548151,0.065574005913,0.1075045458,0.037706641346
201.5,0.039038390735,0.1044673507,0.11005033422,0.11055836568,0.09862100682,0.10167322657,0.084264510786,0.10805151783,0.1103402823,0.065573969082,0.084264358121,0.091416380533,0.11018946813,0.034752179128,0.11062581096,0.081800588099,0.10701237767,0.10090153946,0.086946212525,0.083997434449,0.10677312714,0.11045640221,0.039161103148,0.014359633688,0.089337397795,0.065268176651,0.1072603287,0.037441667687
202.0,0.038789886411,0.10436924763,0.10989256593,0.11036234535,0.098556106537,0.10159253389,0.084250799354,0.10792293834,0.11017502063,0.065269324851,0.084250646929,0.0913806937,0.11002836008,0.034468260756,0.11044737929,0.081793283008,0.10689411161,0.10062419933,0.086924899418,0.08398444303,0.10652573492,0.11028721974,0.038912494385,0.0140778587,0.089033285576,0.064963773293,0.10701666599,0.037178555368
202.5,0.038542963517,0.10427123668,0.10973502376,0.11016667252,0.098491248959,0.10151190525,0.084237090152,0.10779451183,0.11001000641,0.064966095816,0.084236937969,0.091345020796,0.10986748751,0.034186661344,0.11026923529,0.081785978569,0.10677597621,0.10034762123,0.086903591535,0.08397145362,0.10627891565,0.11011829632,0.038665463212,0.013801612146,0.088730207964,0.064660789195,0.10677355641,0.036917291323
203.0,0.038297611995,0.10417331776,0.10957770738,0.10997134657,0.098426434058,0.10143134058,0.084223383182,0.10766623811,0.10984523925,0.064664275406,0.084223231239,0.091309361815,0.10970685007,0.033907361963,0.11009137848,0.081778674782,0.10665797133,0.10007180307,0.086882288875,0.083958466219,0.10603266801,0.10994963155,0.038419999627,0.013530785588,0.088428161445,0.064359217744,0.10653099871,0.036657862578
203.5,0.03805382185,0.1040754908,0.10942061648,0.10977636688,0.098361661807,0.10135083983,0.084209678442,0.10753811699,0.10968071879,0.064363857078,0.08420952674,0.091273716752,0.10954644741,0.033630343835,0.10991380842,0.081771371648,0.10654009683,0.099796742758,0.086860991437,0.083945480827,0.10578699067,0.10978122505,0.03817609369,0.013265272713,0.088127142515,0.064059052357,0.10628899163,0.036400256251
204.0,0.037811583154,0.1039777557,0.10926375072,0.10958173285,0.098296932176,0.10127040297,0.084195975931,0.10741014831,0.10951644466,0.06406483432,0.08419582447,0.091238085602,0.1093862792,0.033355588337,0.10973652463,0.081764069165,0.10642235256,0.09952243822,0.086839699219,0.083932497443,0.10554188232,0.1096130764,0.037933735526,0.013004969292,0.087827147682,0.063760286482,0.10604753393,0.036144459548
204.5,0.037570886036,0.10388011237,0.10910710978,0.10938744385,0.098232245139,0.10119002992,0.084182275651,0.10728233187,0.1093524165,0.063767200649,0.084182124429,0.091202468359,0.10922634508,0.033083076998,0.10955952666,0.081756767335,0.10630473839,0.099248887379,0.08681841222,0.083919516067,0.10529734163,0.10944518522,0.037692915319,0.01274977314,0.087528173466,0.0634629136,0.10580662437,0.035890459767
205.0,0.037331720694,0.10378256074,0.10895069335,0.10919349928,0.098167600668,0.10110972066,0.084168577599,0.1071546675,0.10918863393,0.063470949615,0.084168426618,0.091166865017,0.10906664473,0.032812791496,0.10938281405,0.081749466157,0.10618725415,0.098976088165,0.086797130439,0.083906536698,0.10505336729,0.10927755111,0.03745362332,0.012499584076,0.087230216398,0.063166927218,0.10556626169,0.035638244294
205.5,0.037094077383,0.10368510072,0.1087945011,0.10899989853,0.098102998733,0.10102947511,0.084154881777,0.10702715501,0.10902509658,0.063176074794,0.084154731036,0.091131275571,0.10890717779,0.03254471366,0.10920638633,0.081742165631,0.10606989973,0.098704038514,0.086775853875,0.083893559337,0.104809958,0.10911017368,0.037215849838,0.01225430388,0.086933273024,0.062872320876,0.10532644466,0.035387800602
206.0,0.036857946424,0.10358773221,0.10863853271,0.10880664098,0.098038439308,0.10094929324,0.084141188183,0.10689979423,0.1088618041,0.062882569796,0.084141037682,0.091095700016,0.10874794393,0.032278825468,0.10903024305,0.081734865757,0.10595267495,0.098432736368,0.086754582526,0.083880583984,0.10456711244,0.10894305254,0.036979585245,0.012013836263,0.086637339897,0.062579088143,0.10508717204,0.035139116255
206.5,0.036623318197,0.10349045513,0.10848278786,0.10861372603,0.097973922364,0.100869175,0.084127496817,0.10677258497,0.1086987561,0.062590428258,0.084127346556,0.091060138347,0.10858894281,0.032015109042,0.10885438375,0.081727566534,0.1058355797,0.098162179675,0.086733316391,0.083867610636,0.10432482931,0.1087761873,0.036744819972,0.011778086819,0.086342413585,0.06228722262,0.10484844261,0.034892178902
207.0,0.036390183144,0.10339326941,0.10832726623,0.10842115308,0.097909447873,0.10078912032,0.084113807679,0.10664552706,0.10853595224,0.062299643846,0.084113657657,0.091024590557,0.10843017409,0.031753546653,0.10867880797,0.081720267964,0.10571861382,0.097892366387,0.086712055469,0.083854639296,0.10408310731,0.10860957756,0.036511544514,0.011546962995,0.086048490666,0.061996717935,0.10461025512,0.034646976279
207.5,0.036158531768,0.10329617494,0.1081719675,0.10822892151,0.097845015807,0.10070912917,0.084100120768,0.10651862031,0.10837339214,0.062010210258,0.084099970986,0.090989056642,0.10827163742,0.031494120714,0.10850351526,0.081712970045,0.10560177717,0.097623294464,0.086690799758,0.083841669961,0.10384194514,0.10844322293,0.036279749423,0.011320374054,0.08575556773,0.061707567746,0.10437260835,0.034403496207
208.0,0.035928354631,0.10319917165,0.10801689135,0.10803703072,0.097780626139,0.10062920149,0.084086436084,0.10639186455,0.10821107543,0.061722121219,0.084086286542,0.090953536596,0.10811333246,0.031236813783,0.10832850515,0.081705672778,0.1054850696,0.097354961869,0.086669549257,0.083828702633,0.10360134151,0.10827712302,0.036049425312,0.011098231035,0.08546364138,0.061419765743,0.10413550107,0.034161726595
208.5,0.035699642357,0.10310225945,0.10786203746,0.10784548011,0.097716278841,0.10054933723,0.084072753627,0.10626525959,0.10804900176,0.061435370485,0.084072604325,0.090918030414,0.10795525889,0.030981608561,0.1081537772,0.081698376163,0.10536849098,0.097087366573,0.086648303965,0.083815737309,0.10336129511,0.10811127744,0.035820562855,0.010880446724,0.085172708229,0.061133305642,0.10389893206,0.033921655434
209.0,0.035472385628,0.10300543825,0.10770740552,0.10765426907,0.097651973884,0.10046953635,0.084059073396,0.10613880525,0.10788717075,0.061149951839,0.084058924333,0.09088253809,0.10779741636,0.030728487888,0.10797933095,0.081691080199,0.10525204117,0.096820506552,0.086627063881,0.083802773991,0.10312180468,0.10794568581,0.035593152781,0.010666935616,0.084882764901,0.060848181192,0.1036629001,0.033683270801
209.5,0.035246575186,0.10290870798,0.1075529952,0.107463397,0.097587711241,0.10038979878,0.084045395392,0.10601250137,0.10772558205,0.060865859094,0.084045246568,0.090847059618,0.10763980454,0.030477434744,0.10780516595,0.081683784887,0.10513572001,0.096554379786,0.086605829003,0.083789812678,0.10288286891,0.10778034773,0.035367185882,0.010457613884,0.084593808032,0.060564386167,0.10342740398,0.033446560855
210.0,0.035022201831,0.10281206854,0.10739880618,0.10727286331,0.097523490884,0.10031012448,0.084031719613,0.10588634775,0.1075642353,0.060583086092,0.084031571028,0.090811594994,0.10748242308,0.030228432251,0.10763128174,0.081676490226,0.10501952737,0.096288984262,0.08658459933,0.08377685337,0.10264448652,0.10761526282,0.035142653006,0.010252399342,0.084305834271,0.060281914373,0.10319244247,0.03321151384
210.5,0.034799256423,0.10271551984,0.10724483816,0.10708266739,0.097459312785,0.10023051341,0.084018046059,0.10576034421,0.10740313013,0.060301626703,0.084017897713,0.090776144213,0.10732527165,0.029981463664,0.10745767786,0.081669196216,0.10490346311,0.096024317972,0.086563374861,0.083763896066,0.10240665623,0.10745043068,0.03491954506,0.010051211418,0.084018840276,0.060000759644,0.10295801437,0.032978118081
211.0,0.034577729878,0.10261906181,0.10709109081,0.10689280864,0.097395176916,0.1001509655,0.08400437473,0.10563449059,0.10724226618,0.060021474826,0.084004226623,0.090740707268,0.10716834992,0.029736512379,0.10728435388,0.081661902858,0.10478752708,0.095760378914,0.086542155595,0.083750940765,0.10216937677,0.10728585094,0.034697853007,0.0098539711198,0.083732822717,0.059720915842,0.10272411846,0.032746361985
211.5,0.034357613171,0.10252269436,0.10693756382,0.10670328646,0.09733108325,0.10007148072,0.083990705625,0.1055087867,0.10708164308,0.059742624387,0.083990557757,0.090705284154,0.10701165754,0.029493561925,0.10711130934,0.081654610152,0.10467171914,0.09549716509,0.086520941529,0.083737987469,0.10193264686,0.1071215232,0.034477567868,0.009660601003,0.083447778277,0.059442376859,0.10249075354,0.03251623404
212.0,0.034138897335,0.1024264174,0.10678425687,0.10651410027,0.097267031759,0.099992059004,0.083977038745,0.10538323237,0.10692126049,0.059465069341,0.083976891115,0.090669874866,0.10685519419,0.029252595966,0.10693854378,0.081647318096,0.10455603916,0.09523467451,0.086499732664,0.083725036175,0.10169646523,0.10695744709,0.034258680723,0.0094710251429,0.083163703647,0.059165136613,0.10225791841,0.032287722817
212.5,0.033921573458,0.10233023085,0.10663116965,0.10632524945,0.097203022415,0.099912700309,0.083963374088,0.10525782741,0.10676111803,0.059188803673,0.083963226697,0.090634479398,0.10669895953,0.029013598299,0.10676605677,0.081640026692,0.10444048698,0.094972905188,0.086478528997,0.083712086885,0.10146083061,0.10679362221,0.034041182704,0.0092851691034,0.082880595533,0.058889189053,0.10202561187,0.032060816963
213.0,0.033705632686,0.10223413462,0.10647830184,0.10613673343,0.09713905519,0.099833404585,0.083949711655,0.10513257165,0.10660121536,0.058913821392,0.083949564503,0.090599097746,0.10654295323,0.028776552852,0.10659384784,0.081632735939,0.10432506248,0.094711855143,0.086457330528,0.083699139598,0.10122574173,0.10663004818,0.033825065004,0.0091029599081,0.082598450648,0.058614528156,0.10179383271,0.031835505209
213.5,0.033491066222,0.10213812864,0.10632565313,0.1059485516,0.097075130057,0.09975417178,0.083936051445,0.10500746491,0.1064415521,0.058640116539,0.083935904531,0.090563729903,0.10638717494,0.028541443688,0.10642191656,0.081625445837,0.1042097655,0.094451522399,0.086436137255,0.083686194313,0.10099119734,0.10646672461,0.033610318868,0.008924326012,0.082317265721,0.058341147924,0.10156257974,0.031611776362
214.0,0.033277865322,0.1020422128,0.1061732232,0.10576070338,0.097011246988,0.099675001846,0.083922393458,0.10488250701,0.10628212791,0.058367683179,0.083922246782,0.090528375864,0.10623162435,0.028308254995,0.10625026247,0.081618156386,0.10409459591,0.094191904988,0.086414949177,0.08367325103,0.10075719616,0.10630365114,0.033396935598,0.008749197273,0.082037037488,0.05806904239,0.10133185177,0.031389619308
214.5,0.033066021302,0.10194638704,0.10602101175,0.10557318817,0.096947405955,0.099595894732,0.083908737693,0.10475769778,0.10612294242,0.058096515407,0.083908591255,0.090493035624,0.10607630111,0.028076971094,0.10607888513,0.081610867586,0.10397955357,0.093933000945,0.086393766292,0.083660309749,0.10052373695,0.10614082736,0.033184906553,0.0085775049246,0.081757762697,0.057798205613,0.1011016476,0.031169023013
215.0,0.032855525528,0.10185065125,0.10586901845,0.10538600538,0.096883606931,0.099516850389,0.08389508415,0.10463303704,0.10596399529,0.057826607345,0.08389493795,0.090457709178,0.1059212049,0.027847576431,0.10590778409,0.081603579437,0.10386463833,0.093674808311,0.0863725886,0.083647370469,0.10029081845,0.1059782529,0.032974223142,0.008409181549,0.081479438109,0.057528631681,0.10087196606,0.030949976517
215.5,0.032646369426,0.10175500537,0.10571724299,0.10519915442,0.096819849887,0.099437868766,0.083881432828,0.10450852462,0.10580528614,0.057557953141,0.083881286867,0.09042239652,0.10576633538,0.027620055582,0.10573695891,0.081596291938,0.10374985006,0.093417325133,0.086351416098,0.08363443319,0.10005843941,0.10581592737,0.032764876832,0.0082441610507,0.081202060494,0.05726031471,0.10064280595,0.03073246894
216.0,0.032438544472,0.10165944931,0.10556568507,0.10501263471,0.096756134797,0.099358949815,0.083867783728,0.10438416033,0.10564681462,0.057290546971,0.083867638004,0.090387097645,0.10561169222,0.027394393245,0.10556640914,0.081589005091,0.10363518861,0.093160549462,0.086330248787,0.083621497913,0.099826598579,0.10565385041,0.032556859144,0.0080823786303,0.080925626633,0.056993248841,0.1004141661,0.030516489475
216.5,0.0322320422,0.10156398297,0.10541434437,0.10482644565,0.096692461633,0.099280093485,0.083854136849,0.104259944,0.10548858039,0.057024383039,0.083853991363,0.090351812547,0.1054572751,0.027170574247,0.10539613434,0.081581718894,0.10352065385,0.092904479356,0.086309086664,0.083608564636,0.099595294713,0.10549202162,0.032350161651,0.0079237707595,0.080650133319,0.056727428243,0.10018604532,0.030302027395
217.0,0.032026854194,0.10146860629,0.10526322059,0.10464058667,0.096628830367,0.099201299727,0.08384049219,0.10413587545,0.10533058308,0.056759455574,0.083840346942,0.090316541221,0.10530308367,0.026948583535,0.10522613407,0.081574433348,0.10340624563,0.092649112878,0.086287929728,0.083595633359,0.099364526568,0.10533044062,0.032144775981,0.0077682751559,0.080375577355,0.056462847114,0.099958442433,0.030089072045
217.5,0.031822972095,0.10137331916,0.1051123134,0.10445505717,0.096565240971,0.09912256849,0.083826849752,0.10401195452,0.10517282234,0.056495758835,0.083826704741,0.090281283662,0.10514911761,0.026728406181,0.10505640788,0.081567148452,0.10329196382,0.092394448095,0.086266777978,0.083582704082,0.099134292906,0.10516910704,0.031940693814,0.0076158307585,0.080101955555,0.056199499678,0.099731356271,0.029877612845
218.0,0.031620387595,0.10127812152,0.1049616225,0.10426985658,0.096501693419,0.099043899726,0.083813209533,0.10388818102,0.10501529781,0.056233287103,0.08381306476,0.090246039864,0.1049953766,0.026510027378,0.10488695533,0.081559864207,0.10317780828,0.092140483079,0.086245631413,0.083569776805,0.098904592489,0.1050080205,0.031737906882,0.0074663777043,0.079829264745,0.055937380184,0.09950478566,0.029667639291
218.5,0.03141909244,0.10118301327,0.10481114758,0.10408498431,0.096438187682,0.098965293385,0.083799571534,0.10376455478,0.10485800915,0.055972034689,0.083799426998,0.090210809822,0.1048418603,0.026293432441,0.10471777599,0.081552580613,0.10306377886,0.091887215911,0.086224490031,0.083556851527,0.098675424084,0.10484718062,0.031536406971,0.0073198573041,0.07955750176,0.055676482911,0.099278729432,0.02945914095
219.0,0.031219078427,0.10108799433,0.10466088833,0.10390043977,0.096374723733,0.098886749418,0.083785935754,0.10364107562,0.104700956,0.05571199593,0.083785791455,0.09017559353,0.10468856839,0.026078606804,0.10454886941,0.081545297669,0.10294987543,0.091634644673,0.086203353832,0.083543928248,0.098446786459,0.10468658703,0.031336185919,0.0071762120198,0.079286663446,0.055416802162,0.099053186419,0.029252107465
219.5,0.031020337407,0.10099306461,0.10451084444,0.10371622239,0.096311301544,0.098808267774,0.083772302192,0.10351774337,0.104544138,0.055453165187,0.08377215813,0.090140390984,0.10453550053,0.025865536018,0.10438023515,0.081538015375,0.10283609785,0.091382767455,0.086182222813,0.083531006968,0.098218678386,0.10452623934,0.031137235614,0.0070353854422,0.079016746661,0.055158332268,0.098828155458,0.02904652855
220.0,0.03082286128,0.10089822405,0.1043610156,0.10353233159,0.096247921089,0.098729848405,0.083758670849,0.10339455785,0.10438755481,0.055195536852,0.083758527024,0.090105202177,0.1043826564,0.025654205756,0.10421187278,0.081530733731,0.10272244598,0.09113158235,0.086161096974,0.083518087686,0.097991098639,0.10436613717,0.030939547997,0.0068973222683,0.078747748272,0.054901067586,0.098603635389,0.028842393992
220.5,0.030626642001,0.10080347254,0.10421140151,0.10334876679,0.096184582339,0.09865149126,0.083745041724,0.10327151889,0.10423120607,0.054939105337,0.083744898136,0.090070027105,0.10423003568,0.025444601804,0.10404378185,0.081523452738,0.10260891968,0.090881087458,0.086139976313,0.083505170402,0.097764045996,0.10420628017,0.030743115059,0.0067619682797,0.078479665158,0.0546450025,0.098379625052,0.028639693648
221.0,0.030431671574,0.10070881,0.10406200185,0.10316552741,0.096121285267,0.098573196292,0.083731414817,0.10314862632,0.10407509144,0.054683865085,0.083731271465,0.090034865762,0.10407763803,0.025236710065,0.10387596193,0.081516172395,0.10249551881,0.090631280884,0.086118860829,0.083492255116,0.097537519237,0.10404666794,0.030547928842,0.0066292703219,0.078212494208,0.054390131418,0.098156123293,0.028438417447
221.5,0.030237942054,0.10061423636,0.10391281633,0.10298261287,0.096058029846,0.09849496345,0.083717790126,0.10302587995,0.10391921055,0.054429810561,0.083717647012,0.089999718142,0.10392546314,0.02503051656,0.10370841258,0.081508892703,0.10238224323,0.090382160738,0.086097750522,0.083479341828,0.097311517145,0.10388730011,0.03035398144,0.0064991762826,0.077946232321,0.054136448775,0.097933128958,0.02823855539
222.0,0.030045445547,0.10051975153,0.10376384463,0.1028000226,0.095994816049,0.098416792685,0.083704167653,0.10290327963,0.10376356307,0.054176936259,0.083704024775,0.089964584241,0.10377351067,0.024826007419,0.10354113337,0.08150161366,0.10226909281,0.090133725134,0.086076645388,0.083466430537,0.097086038506,0.10372817632,0.030161264994,0.006371635072,0.077680876408,0.053883949034,0.097710640896,0.028040097547
222.5,0.029854174209,0.10042535542,0.10361508644,0.10261775602,0.095931643847,0.098338683948,0.083690547397,0.10278082516,0.10360814865,0.053925236696,0.083690404755,0.089929464053,0.1036217803,0.024623168889,0.10337412386,0.081494335267,0.1021560674,0.089885972192,0.086055545428,0.083453521242,0.096861082108,0.10356929618,0.029969771697,0.0062465966022,0.077416423389,0.053632626681,0.09748865796,0.027843034057
223.0,0.029664120245,0.10033104795,0.10346654146,0.10243581256,0.095868513214,0.09826063719,0.083676929356,0.10265851639,0.10345296693,0.053674706416,0.083676786951,0.089894357573,0.10347027171,0.024421987328,0.10320738361,0.081487057524,0.10204316688,0.089638900039,0.08603445064,0.083440613944,0.096636646743,0.10341065933,0.029779493792,0.0061240117681,0.077152870196,0.05338247623,0.097267179004,0.027647355129
223.5,0.029475275911,0.10023682905,0.10331820939,0.10225419166,0.095805424122,0.098182652361,0.083663313532,0.10253635313,0.10329801756,0.053425339988,0.083663171362,0.089859264794,0.10331898457,0.024222449205,0.1030409122,0.081479780432,0.10193039109,0.089392506804,0.086013361023,0.083427708643,0.096412731204,0.10325226538,0.029590423568,0.0060038324276,0.076890213769,0.053133492217,0.097046202886,0.02745305104
224.0,0.029287633511,0.10014269862,0.10317008993,0.10207289272,0.095742376544,0.098104729412,0.083649699922,0.10241433522,0.10314330021,0.053177132005,0.083649557989,0.089824185713,0.10316791855,0.024024541099,0.10287470919,0.081472503989,0.10181773991,0.089146790624,0.085992276575,0.083414805337,0.096189334289,0.10309411398,0.029402553366,0.005886011383,0.07662845106,0.052885669208,0.096825728466,0.027260112136
224.5,0.029101185398,0.10004865658,0.10302218275,0.10189191519,0.095679370453,0.098026868295,0.083636088528,0.10229246247,0.10298881451,0.052930077087,0.083635946831,0.089789120324,0.10301707335,0.023828249702,0.10270877415,0.081465228195,0.10170521319,0.088901749638,0.085971197295,0.083401904027,0.095966454798,0.10293620475,0.029215875575,0.0057705023626,0.076367579032,0.052639001791,0.096605754605,0.027068528831
225.0,0.028915923976,0.099954702851,0.10287448757,0.1017112585,0.09561640582,0.097949068961,0.083622479349,0.10217073473,0.10283456013,0.052684169878,0.083622337888,0.08975406862,0.10286644863,0.023633561809,0.10254310664,0.081457953052,0.10159281081,0.088657381993,0.085950123182,0.083389004712,0.095744091533,0.10277853731,0.02903038263,0.0056572600021,0.076107594656,0.05239348458,0.09638628017,0.026878291606
225.5,0.028731841693,0.099860837349,0.10272700407,0.10153092207,0.09555348262,0.097871331359,0.083608872384,0.10204915181,0.10268053672,0.052439405048,0.083608731159,0.089719030598,0.10271604407,0.023440464326,0.10237770623,0.081450678558,0.10148053261,0.08841368584,0.085929054235,0.083376107392,0.095522243299,0.1026211113,0.028846067017,0.0055462398273,0.075848494917,0.052149112215,0.096167304026,0.026689391007
226.0,0.028548931049,0.099767059992,0.10257973196,0.10135090534,0.095490600825,0.097793655442,0.083595267634,0.10192771354,0.10252674393,0.052195777288,0.083595126644,0.089684006251,0.10256585935,0.023248944267,0.10221257251,0.081443404714,0.10136837846,0.088170659334,0.085907990452,0.083363212067,0.095300908904,0.10246392635,0.028662921268,0.0054373982364,0.075590276806,0.05190587936,0.095948825046,0.026501817648
226.5,0.028367184589,0.099673370696,0.10243267094,0.10117120775,0.095427760407,0.09771604116,0.083581665097,0.10180641975,0.10237318142,0.051953281319,0.083581524342,0.089648995575,0.10241589415,0.023058988749,0.10204770502,0.08143613152,0.10125634824,0.087928300637,0.085886931833,0.083350318736,0.09508008716,0.10230698209,0.028480937961,0.005330692483,0.075332937327,0.051663780704,0.095730842101,0.026315562209
227.0,0.028186594907,0.099579769378,0.10228582069,0.10099182872,0.09536496134,0.097638488465,0.083568064773,0.10168527027,0.10221984885,0.051711911883,0.083567924254,0.089613998563,0.10226614814,0.022870584996,0.10188310335,0.081428858974,0.10114444179,0.087686607915,0.085865878375,0.0833374274,0.09485977688,0.10215027815,0.028300109724,0.005226080659,0.075076473493,0.051422810961,0.095513354066,0.026130615435
227.5,0.028007154643,0.099486255956,0.10213918092,0.10081276769,0.095302203595,0.097560997307,0.083554466662,0.10156426493,0.10206674586,0.051471663747,0.083554326379,0.089579015212,0.10211662102,0.022683720337,0.10171876707,0.081421587079,0.10103265898,0.087445579338,0.085844830078,0.083324538057,0.094639976879,0.10199381416,0.028120429229,0.0051235216788,0.074820882328,0.051182964869,0.09529635982,0.025946968136
228.0,0.027828856485,0.099392830347,0.10199275132,0.1006340241,0.095239487147,0.097483567639,0.083540870764,0.10144340356,0.10191387212,0.051232531703,0.083540730716,0.089544045514,0.10196731245,0.022498382201,0.10155469575,0.081414315833,0.10092099969,0.087205213084,0.08582378694,0.083311650707,0.094420685978,0.10183758976,0.027941889197,0.0050229752624,0.074566160865,0.050944237192,0.095079858243,0.025764611186
228.5,0.027651693166,0.09929949247,0.1018465316,0.10045559739,0.095176811967,0.09740619941,0.083527277078,0.10132268598,0.10176122728,0.050994510566,0.083527137265,0.089509089465,0.10181822212,0.022314558123,0.10139088897,0.081407045236,0.10080946376,0.086965507333,0.08580274896,0.083298765351,0.094201902998,0.10168160458,0.027764482393,0.0049244019204,0.074312306147,0.050706622716,0.094863848217,0.025583535523
229.0,0.027475657466,0.09920624224,0.10170052146,0.10027748699,0.095114178029,0.097328892573,0.083513685604,0.10120211203,0.101608811,0.050757595177,0.083513546026,0.08947414706,0.10166934971,0.022132235738,0.10122734629,0.081399775288,0.10069805106,0.086726460271,0.085781716137,0.083285881988,0.093983626763,0.10152585826,0.027588201628,0.0048277629377,0.074059315229,0.050470116254,0.094648328628,0.02540373215
229.5,0.027300742211,0.099113079577,0.10155472058,0.10009969235,0.095051585305,0.097251647078,0.083500096341,0.10108168153,0.10145662294,0.0505217804,0.083499956998,0.089439218293,0.10152069491,0.021951402784,0.10106406729,0.08139250599,0.10058676147,0.086488070089,0.08576068847,0.083273000617,0.0937658561,0.10137035042,0.027413039759,0.0047330203589,0.073807185174,0.05023471264,0.094433298364,0.025225192132
230.0,0.027126940272,0.099020004398,0.10140912869,0.099922212895,0.094989033769,0.097174462877,0.08348650929,0.10096139431,0.10130466276,0.050287061122,0.083486370181,0.089404303159,0.10137225738,0.021772047096,0.10090105155,0.08138523734,0.10047559483,0.086250334983,0.085739665956,0.083260121238,0.09354858984,0.1012150807,0.02723898969,0.0046401369733,0.073555913056,0.050000406736,0.094218756316,0.025047906596
230.5,0.026954244567,0.098927016621,0.10126374546,0.099745048079,0.094926523392,0.097097339922,0.083472924449,0.1008412502,0.10115293011,0.050053432254,0.083472785576,0.089369401653,0.10122403683,0.02159415661,0.10073829864,0.08137796934,0.10036455103,0.086013253156,0.085718648596,0.083247243851,0.093331826815,0.10106004874,0.027066044367,0.0045490763001,0.073305495957,0.049767193424,0.094004701375,0.024871866732
231.0,0.026782648056,0.098834116164,0.10111857062,0.099568197342,0.094864054149,0.097020278164,0.083459341819,0.10072124904,0.10100142466,0.049820888732,0.08345920318,0.089334513769,0.10107603292,0.02141771936,0.10057580814,0.081370701989,0.10025362991,0.085776822811,0.085697636388,0.083234368456,0.09311556586,0.10090525418,0.026894196782,0.0044598025741,0.073055930973,0.049535067612,0.093791132438,0.024697063792
231.5,0.026612143747,0.098741302944,0.10097360385,0.099391660126,0.094801626012,0.096943277553,0.083445761399,0.10060139064,0.10085014606,0.049589425515,0.083445622994,0.089299639503,0.10092824535,0.021242723479,0.10041357963,0.081363435287,0.10014283135,0.085541042161,0.08567662933,0.083221495052,0.092899805813,0.10075069665,0.026723439971,0.0043722807319,0.072807215205,0.049304024232,0.093578048403,0.024523489089
232.0,0.026442724691,0.098648576881,0.10082884485,0.099215435875,0.094739238955,0.096866338043,0.083432183189,0.10048167485,0.10069909398,0.049359037583,0.083432045018,0.089264778848,0.10078067379,0.021069157196,0.10025161268,0.081356169234,0.1000321552,0.08530590942,0.085655627421,0.083208623639,0.092684545516,0.10059637579,0.026553767016,0.004286476398,0.072559345767,0.049074058238,0.09336544817,0.024351133998
232.5,0.026274383982,0.098555937891,0.10068429334,0.099039524035,0.094676892949,0.096789459584,0.083418607188,0.1003621015,0.10054826808,0.049129719943,0.083418469252,0.089229931799,0.10063331794,0.020897008834,0.10008990688,0.081348903829,0.099921601345,0.085071422811,0.085634630661,0.083195754217,0.092469783811,0.10044229123,0.02638517104,0.0042023558712,0.072312319782,0.048845164608,0.093153330642,0.024179989953
233.0,0.026107114759,0.098463385893,0.10053994902,0.098863924052,0.094614587968,0.096712642127,0.083405033396,0.1002426704,0.10039766801,0.048901467623,0.083404895694,0.089195098351,0.10048617747,0.020726266814,0.099928461799,0.081341639074,0.099811169636,0.084837580557,0.085613639047,0.083182886785,0.092255519544,0.10028844262,0.026217645212,0.0041198861115,0.072066134383,0.048617338345,0.092941694724,0.024010048449
233.5,0.025940910206,0.098370920807,0.10039581158,0.098688635374,0.094552323985,0.096635885625,0.083391461812,0.1001233814,0.10024729345,0.048674275675,0.083391324345,0.089160278499,0.10033925207,0.020556919651,0.099767277021,0.081334374967,0.099700859942,0.08460438089,0.085592652578,0.083170021344,0.092041751564,0.10013482959,0.026051182742,0.0040390347272,0.071820786712,0.048390574474,0.092730539325,0.02384130104
234.0,0.025775763549,0.098278542549,0.10025188074,0.098513657448,0.094490100973,0.09655919003,0.083377892437,0.10000423433,0.10009714404,0.048448139173,0.083377755204,0.089125472238,0.10019254143,0.020388955954,0.099606352126,0.081327111509,0.099590672128,0.084371822045,0.085571671254,0.083157157892,0.091828478723,0.099981451785,0.025885776885,0.0039597699619,0.071576273921,0.048164868042,0.092519863354,0.02367373934
234.5,0.025611668055,0.098186251038,0.10010815618,0.098338989724,0.094427918906,0.096482555292,0.08336432527,0.099885229008,0.099947219467,0.048223053214,0.08336418827,0.089090679562,0.10004604524,0.020222364423,0.099445686696,0.081319848699,0.099480606058,0.084139902262,0.085550695072,0.083144296429,0.091615699874,0.099828308843,0.025721420938,0.0038820606826,0.071332593171,0.047940214122,0.092309665724,0.023507355021
235.0,0.025448617038,0.098094046194,0.099964637633,0.098164631653,0.094365777755,0.096405981363,0.083350760311,0.099766365277,0.09979751938,0.047999012919,0.083350623544,0.089055900465,0.099899763177,0.020057133852,0.099285280313,0.081312586538,0.0993706616,0.083908619786,0.085529724032,0.083131436956,0.091403413875,0.099675400405,0.025558108241,0.0038058763667,0.071089741635,0.047716607806,0.092099945352,0.023342139814
235.5,0.025286603852,0.098001927934,0.099821324786,0.097990582684,0.094303677495,0.096329468196,0.083337197558,0.099647642965,0.099648043446,0.047776013431,0.083337061026,0.089021134944,0.099753694931,0.019893253126,0.099125132559,0.081305325026,0.099260838618,0.083677972866,0.085508758133,0.083118579471,0.091191619584,0.099522726113,0.025395832174,0.0037311870907,0.070847716493,0.047494044213,0.091890701153,0.023178085509
236.0,0.025125621893,0.097909896178,0.099678217348,0.097816842271,0.094241618098,0.096253015742,0.083323637013,0.099529061904,0.099498791331,0.047554049915,0.083323500714,0.088986382991,0.099607840191,0.019730711221,0.098965243017,0.081298064162,0.099151136979,0.083447959758,0.085487797372,0.083105723975,0.090980315863,0.099370285606,0.025234586162,0.0036579635181,0.070606514935,0.047272518482,0.091681932049,0.023015183952
236.5,0.024965664599,0.097817950843,0.099535315026,0.097643409866,0.094179599538,0.096176623953,0.083310078674,0.099410621926,0.099349762698,0.047333117559,0.083309942608,0.088951644603,0.099462198645,0.019569497203,0.098805611272,0.081290803946,0.099041556548,0.08321857872,0.08546684175,0.083092870467,0.090769501578,0.099218078528,0.02507436367,0.003586176888,0.070366134163,0.047052025775,0.091473636962,0.022853427047
237.0,0.024806725453,0.09772609185,0.099392617526,0.097470284924,0.094117621787,0.096100292781,0.083296522541,0.099292322864,0.099200957215,0.047113211573,0.083296386709,0.088916919773,0.099316769982,0.019409600227,0.098646236909,0.081283544379,0.098932097191,0.082989828017,0.085445891264,0.083080018947,0.090559175594,0.099066104522,0.024915158205,0.0035157990037,0.070126571385,0.046832561277,0.091265814818,0.022692806754
237.5,0.024648797974,0.097634319116,0.099250124554,0.0972974669,0.094055684819,0.096024022178,0.083282968614,0.099174164549,0.099052374546,0.046894327189,0.083282833015,0.088882208497,0.09917155389,0.019251009535,0.098487119512,0.08127628546,0.098822758775,0.082761705918,0.085424945914,0.083067169415,0.090349336783,0.098914363231,0.024756963314,0.0034468022218,0.06988782382,0.046614120197,0.091058464543,0.02253331509
238.0,0.024491875726,0.097542632561,0.099107835817,0.09712495525,0.093993788607,0.095947812095,0.083269416892,0.099056146815,0.098904014358,0.046676459663,0.083269281526,0.088847510768,0.099026550058,0.019093714461,0.098328258668,0.08126902719,0.098713541167,0.082534210695,0.085404005697,0.08305432187,0.090139984016,0.098762854298,0.024599772586,0.0033791594412,0.069649888698,0.046396697763,0.090851585067,0.022374944129
238.5,0.024335952313,0.097451032105,0.098965751023,0.09695274943,0.093931933124,0.095871662485,0.083255867375,0.098938269493,0.098755876319,0.046459604271,0.083255732242,0.088812826583,0.098881758178,0.018937704421,0.098169653963,0.081261769567,0.098604444232,0.082307340628,0.085383070614,0.083041476312,0.089931116168,0.098611577369,0.024443579651,0.0033128440927,0.069412763255,0.046180289227,0.090645175324,0.022217685999
239.0,0.02418102138,0.097359517665,0.098823869879,0.096780848899,0.093870118343,0.0957955733,0.083242320063,0.098820532418,0.098607960096,0.046243756311,0.083242185163,0.088778155935,0.098737177938,0.018782968921,0.098011304985,0.081254512593,0.098495467838,0.082081094,0.085362140662,0.083028632741,0.089722732118,0.098460532087,0.024288378178,0.0032478301282,0.069176444739,0.045964889864,0.090439234247,0.022061532884
239.5,0.024027076612,0.097268089162,0.098682192094,0.096609253115,0.093808344238,0.095719544492,0.083228774956,0.098702935423,0.098460265357,0.046028911104,0.083228640289,0.088743498819,0.098592809031,0.018629497552,0.097853211322,0.081247256267,0.098386611852,0.081855469098,0.08534121584,0.083015791156,0.089514830744,0.098309718099,0.024134161877,0.0031840920107,0.068940930407,0.045750494969,0.090233760774,0.021906477022
240.0,0.023874111733,0.097176746514,0.098540717377,0.096437961539,0.093746610781,0.095643576013,0.083215232052,0.09858547834,0.098312791771,0.045815063992,0.083215097618,0.088708855231,0.098448651147,0.018477279988,0.097695372563,0.081240000588,0.09827787614,0.081630464215,0.085320296148,0.083002951557,0.089307410931,0.09815913505,0.023980924498,0.0031216047043,0.068706217525,0.04553709986,0.090028753845,0.021752510708
240.5,0.023722120509,0.097085489641,0.098399445435,0.096266973632,0.093684917947,0.095567667814,0.083201691352,0.098468161003,0.098165539006,0.045602210338,0.08320155715,0.088674225164,0.098304703978,0.018326305989,0.097537788296,0.081232745558,0.098169260569,0.081406077648,0.085299381583,0.082990113944,0.089100471564,0.098008782588,0.023828659831,0.0030603436644,0.068472303367,0.045324699878,0.089824212401,0.021599626288
241.0,0.023571096744,0.096994318463,0.09825837598,0.096096288854,0.093623265707,0.095491819849,0.083188152855,0.098350983247,0.098018506733,0.045390345529,0.083188018886,0.088639608613,0.098160967216,0.018176565399,0.097380458112,0.081225491175,0.098060765008,0.081182307699,0.085278472145,0.082977278317,0.08889401153,0.097858660358,0.023677361703,0.0030002848277,0.068239185219,0.045113290383,0.089620135386,0.021447816163
241.5,0.023421034283,0.096903232899,0.09811750872,0.095925906669,0.093561654037,0.09541603207,0.083174616562,0.098233944905,0.097871694621,0.04517946497,0.083174482824,0.088605005574,0.098017440555,0.018028048143,0.097223381601,0.081218237441,0.097952389323,0.080959152674,0.085257567832,0.082964444674,0.08868802972,0.09770876801,0.023527023983,0.0029414046034,0.068006860374,0.044902866759,0.089416521748,0.021297072787
242.0,0.023271927008,0.096812232869,0.097976843367,0.095755826541,0.093500082908,0.095340304428,0.08316108247,0.098117045811,0.09772510234,0.04496956409,0.083160948965,0.08857041604,0.097874123686,0.017880744231,0.097066558356,0.081210984354,0.097844133382,0.080736610885,0.085236668643,0.082951613016,0.088482525027,0.09755910519,0.023377640577,0.0028836798634,0.067775326134,0.044693424411,0.089213370435,0.021147388669
242.5,0.023123768842,0.096721318292,0.097836379631,0.095586047934,0.093438552295,0.095264636876,0.083147550581,0.0980002858,0.097578729562,0.044760638338,0.083147417308,0.088535840007,0.097731016304,0.017734643752,0.096909987967,0.081203731914,0.097735997053,0.080514680647,0.085215774577,0.082938783343,0.088277496347,0.097409671549,0.023229205431,0.0028270879332,0.067544579812,0.044484958763,0.0890106804,0.020998756367
243.0,0.022976553746,0.096630489088,0.097696117222,0.095416570314,0.09337706217,0.095189029367,0.083134020894,0.097883664707,0.097432575959,0.044552683185,0.083133887853,0.08850127747,0.097588118102,0.017589736877,0.096753670027,0.081196480123,0.097627980204,0.08029336028,0.085194885633,0.082925955654,0.088072942578,0.097260466734,0.023081712528,0.0027716065836,0.06731461873,0.044277465264,0.088808450595,0.020851168494
243.5,0.022830275719,0.096539745176,0.097556055853,0.095247393147,0.093315612507,0.095113481852,0.083120493408,0.097767182366,0.097286641202,0.044345694121,0.083120360599,0.088466728422,0.097445428775,0.017446013857,0.09659760413,0.081189228979,0.097520082702,0.080072648111,0.085174001808,0.08291312995,0.08786886262,0.097111490396,0.02293515589,0.0027172140212,0.067085440216,0.044070939381,0.088606679978,0.020704617714
244.0,0.022684928797,0.096449086478,0.097416195236,0.095078515901,0.093254203279,0.095037994285,0.083106968123,0.097650838611,0.097140924963,0.04413966666,0.083106835546,0.08843219286,0.097302948018,0.017303465023,0.09644178987,0.081181978483,0.097412304417,0.079852542467,0.085153123103,0.082900306228,0.087665255378,0.096962742185,0.022789529578,0.0026638888805,0.066857041611,0.043865376606,0.088405367506,0.020559096742
244.5,0.022540507057,0.096358512913,0.097276535083,0.094909938044,0.09319283446,0.094962566617,0.083093445039,0.097534633279,0.096995426917,0.043934596335,0.083093312694,0.088397670777,0.097160675526,0.017162080785,0.09628622684,0.081174728634,0.097304645216,0.079633041685,0.085132249516,0.08288748449,0.087462119757,0.096814221752,0.022644827687,0.0026116102149,0.066629420262,0.043660772447,0.088204512141,0.020414598344
245.0,0.022397004611,0.0962680244,0.097137075107,0.094741659045,0.093131506023,0.094887198802,0.083079924156,0.097418566205,0.096850146735,0.043730478699,0.083079792042,0.088363162168,0.097018610995,0.01702185163,0.096130914638,0.081167479432,0.097197104968,0.079414144101,0.085111381045,0.082874664735,0.087259454665,0.096665928749,0.022501044353,0.0025603574892,0.066402573527,0.043457122436,0.088004112846,0.020271115339
245.5,0.02225441561,0.096177620861,0.09699781502,0.094573678376,0.093070217942,0.094811890791,0.083066405472,0.097302637224,0.096705084093,0.043527309327,0.08306627359,0.088328667028,0.096876754121,0.016882768125,0.095975852857,0.081160230878,0.097089683541,0.07919584806,0.085090517689,0.082861846963,0.087057259013,0.096517862826,0.022358173748,0.0025101105707,0.066176498773,0.043254422127,0.087804168587,0.020128640593
246.0,0.02211273424,0.096087302214,0.096858754538,0.094405995506,0.09300897019,0.094736642537,0.083052888988,0.097186846172,0.096560238665,0.043325083815,0.083052757338,0.088294185352,0.096735104601,0.01674482091,0.095821041096,0.081152982971,0.096982380805,0.07897815191,0.085069659447,0.082849031173,0.086855531715,0.096370023638,0.022216210081,0.0024608497221,0.065951193374,0.043052667091,0.087604678332,0.019987167025
246.5,0.021971954727,0.095997068381,0.096719893373,0.094238609909,0.09294776274,0.094661453993,0.083039374704,0.097071192886,0.096415610125,0.043123797778,0.083039243284,0.088259717135,0.096593662132,0.016608000707,0.095666478951,0.081145735711,0.096875196628,0.078761054002,0.085048806318,0.082836217365,0.086654271686,0.096222410836,0.022075147597,0.0024125555931,0.065726654715,0.042851852923,0.08740564105,0.019846687602
247.0,0.021832071332,0.095906919282,0.09658123124,0.094071521057,0.092886595566,0.094586325111,0.083025862618,0.0969556772,0.096271198149,0.042923446851,0.08302573143,0.088225262371,0.096452426411,0.016472298309,0.095512166019,0.081138489099,0.096768130879,0.078544552694,0.085027958301,0.082823405539,0.086453477846,0.096075024075,0.021934980578,0.0023652092133,0.065502880188,0.042651975237,0.087207055715,0.01970719534
247.5,0.021693078353,0.095816854838,0.096442767854,0.093904728425,0.092825468642,0.094511255845,0.083012352731,0.096840298952,0.096127002413,0.042724026692,0.083012221774,0.088190821055,0.096311397137,0.016337704586,0.0953581019,0.081131243134,0.096661183428,0.078328646347,0.085007115394,0.082810595695,0.086253149114,0.095927863008,0.021795703343,0.0023187919844,0.065279867196,0.042453029666,0.087008921302,0.019568683307
248.0,0.021554970123,0.095726874968,0.09630450293,0.093738231487,0.09276438194,0.094436246146,0.082998845043,0.096725057977,0.095983022593,0.042525532977,0.082998714316,0.088156393181,0.096170574007,0.016204210483,0.095204286193,0.081123997815,0.096554354143,0.078113333328,0.084986277596,0.082797787831,0.086053284414,0.09578092729,0.021657310246,0.0022732856731,0.065057613149,0.042255011867,0.086811236788,0.019431144615
248.5,0.021417741012,0.095636979594,0.096166436185,0.09357202972,0.092703335435,0.094361295968,0.082985339552,0.096609954114,0.095839258366,0.042327961402,0.082985209056,0.088121978745,0.096029956721,0.016071807018,0.095050718497,0.081116753144,0.096447642895,0.077898612005,0.084965444905,0.082784981949,0.085853882673,0.095634216576,0.021519795677,0.0022286724038,0.064836115466,0.042057917514,0.086614001152,0.019294572429
249.0,0.021281385427,0.095547168635,0.096028567333,0.093406122599,0.092642329101,0.094286405264,0.082971836259,0.096494987198,0.09569570941,0.042131307684,0.082971705994,0.088087577742,0.095889544978,0.015940485283,0.094897398412,0.08110950912,0.096341049553,0.077684480755,0.084944617321,0.082772178047,0.085654942818,0.095487730522,0.021383154062,0.0021849346517,0.064615371576,0.041861742303,0.086417213377,0.019158959958
249.5,0.021145897809,0.095457442014,0.095890896092,0.093240509604,0.092581362909,0.094211573985,0.082958335162,0.096380157068,0.095552375403,0.041935567559,0.082958205128,0.088053190165,0.095749338478,0.015810236443,0.094744325541,0.081102265742,0.096234573987,0.077470937957,0.084923794842,0.082759376125,0.085456463781,0.095341468783,0.021247379862,0.0021420552359,0.064395378916,0.041666481948,0.086220872446,0.019024300462
250.0,0.021011272634,0.09536779965,0.095753422178,0.093075190212,0.092520436835,0.094136802086,0.082944836263,0.096265463559,0.095409256022,0.041740736783,0.08294470646,0.088018816011,0.09560933692,0.015681051733,0.094591499484,0.081095023012,0.096128216067,0.077257981994,0.084902977468,0.082746576183,0.085258444494,0.095195431017,0.021112467572,0.0021000173125,0.064176134931,0.041472132186,0.086024977347,0.018890587246
250.5,0.020877504414,0.095278241465,0.095616145309,0.092910163904,0.092459550852,0.094062089518,0.08293133956,0.09615090651,0.095266350946,0.041546811132,0.082931209987,0.087984455273,0.095469540006,0.015552922462,0.094438919844,0.081087780928,0.096021975662,0.077045611255,0.084882165196,0.082733778221,0.085060883894,0.095049616881,0.020978411725,0.0020588043683,0.063957637076,0.041278688771,0.085829527067,0.018757813663
251.0,0.020744587697,0.095188767379,0.095479065202,0.092745430159,0.092398704934,0.093987436236,0.082917845053,0.096036485758,0.095123659855,0.041353786402,0.082917715711,0.087950107946,0.095329947437,0.015425840009,0.094286586224,0.081080539491,0.095915852643,0.076833824132,0.084861358025,0.082720982238,0.084863780919,0.094904026032,0.020845206884,0.0020184002141,0.063739882813,0.041086147478,0.085634520599,0.018625973113
251.5,0.020612517063,0.095099377313,0.095342181575,0.09258098846,0.092337899053,0.093912842191,0.082904352743,0.095922201142,0.094981182429,0.041161658408,0.08290422363,0.087915774026,0.095190558914,0.015299795824,0.094134498227,0.081073298701,0.095809846881,0.076622619022,0.084840555955,0.082708188234,0.08466713451,0.094758658129,0.020712847652,0.0019787889781,0.063522869615,0.040894504103,0.085439956936,0.018495059041
252.0,0.020481287128,0.09501007119,0.095205494148,0.092416838288,0.092277133184,0.093838307338,0.082890862627,0.095808052499,0.094838918348,0.040970422985,0.082890733745,0.087881453506,0.095051374138,0.015174781425,0.093982655458,0.081066058557,0.095703958246,0.076411994327,0.084819758983,0.082695396209,0.084470943609,0.094613512831,0.020581328662,0.0019399551004,0.063306594961,0.040703754458,0.085245835072,0.018365064939
252.5,0.020350892543,0.094920848929,0.095069002638,0.092252979127,0.092216407301,0.093763831628,0.082877374706,0.095694039668,0.094696867292,0.040780075985,0.082877246054,0.087847146382,0.094912392813,0.015050788401,0.093831057522,0.08105881906,0.095598186608,0.076201948453,0.08479896711,0.082682606162,0.084275207162,0.094468589796,0.020450644582,0.0019018833259,0.06309105634,0.040513894379,0.085052154007,0.018235984344
253.0,0.020221327992,0.094831710452,0.094932706766,0.092089410462,0.092155721377,0.093689415015,0.08286388898,0.095580162487,0.094555028943,0.040590613283,0.082863760558,0.087812852648,0.094773614641,0.01492780841,0.093679704024,0.081051580209,0.095492531839,0.075992479809,0.084778180333,0.082669818093,0.084079924118,0.094323888685,0.020320790115,0.0018645586993,0.062876251249,0.040324919717,0.08485891274,0.01810781084
253.5,0.020092588193,0.09474265568,0.094796606251,0.091926131776,0.092095075385,0.093615057452,0.082850405449,0.095466420795,0.094413402982,0.04040203077,0.082850277256,0.0877785723,0.094635039325,0.014805833177,0.093528594571,0.081044342005,0.095386993809,0.075783586811,0.084757398651,0.082657032003,0.083885093427,0.094179409159,0.020191759996,0.0018279665585,0.062662177194,0.040136826346,0.084666110274,0.017980538054
254.0,0.019964667897,0.094653684535,0.094660700812,0.091763142557,0.0920344693,0.093540758893,0.082836924111,0.09535281443,0.094271989091,0.040214324357,0.082836796148,0.087744305331,0.094496666569,0.014684854494,0.093377728769,0.081037104447,0.095281572389,0.075575267877,0.084736622063,0.082644247889,0.083690714042,0.094035150877,0.020063548994,0.0017920925291,0.062448831689,0.039949610157,0.084473745614,0.017854159659
254.5,0.019837561889,0.094564796938,0.094524990171,0.091600442291,0.091973903096,0.09346651929,0.082823444967,0.095239343232,0.094130786954,0.040027489976,0.082823317234,0.087710051738,0.094358496077,0.014564864222,0.093227106225,0.081029867535,0.095176267451,0.07536752143,0.084715850568,0.082631465753,0.083496784917,0.093891113501,0.019936151913,0.001756922519,0.062236212257,0.039763267061,0.084281817766,0.017728669373
255.0,0.019711264988,0.094475992812,0.094389474049,0.091438030467,0.091913376745,0.093392338597,0.082809968016,0.095126007041,0.093989796253,0.039841523576,0.082809840513,0.087675811513,0.094220527554,0.014445854286,0.093076726548,0.08102263127,0.095071078866,0.075160345898,0.084695084164,0.082618685594,0.083303305012,0.093747296694,0.019809563586,0.0017224427124,0.062024316429,0.039577792987,0.08409032574,0.017604060955
255.5,0.019585772044,0.094387272076,0.094254152166,0.091275906572,0.091852890223,0.093318216767,0.082796493258,0.095012805694,0.093849016672,0.039656421123,0.082796365984,0.087641584654,0.094082760704,0.01432781668,0.092926589346,0.081015395651,0.094966006505,0.074953739714,0.084674322851,0.082605907411,0.083110273285,0.093603700117,0.019683778882,0.0016886395646,0.061813141744,0.039393183885,0.083899268547,0.017480328211
256.0,0.019461077941,0.094298634654,0.094119024245,0.091114070096,0.091792443502,0.093244153753,0.082783020693,0.094899739033,0.093708447894,0.039472178606,0.082782893648,0.087607371153,0.093945195233,0.01421074346,0.09277669423,0.081008160678,0.094861050241,0.074747701312,0.084653566626,0.082593131205,0.082917688701,0.093460323433,0.019558792703,0.0016554997968,0.06160268575,0.039209435723,0.083708645201,0.01735746499
256.5,0.019337177596,0.094210080466,0.093984090008,0.090952520531,0.091732036556,0.093170149509,0.08276955032,0.094786806896,0.093568089605,0.039288792029,0.082769423504,0.087573171006,0.093807830847,0.014094626749,0.092627040808,0.081000926351,0.094756209944,0.074542229134,0.084632815489,0.082580356974,0.082725550222,0.093317166307,0.019434599979,0.0016230103908,0.061392946004,0.039026544486,0.083518454719,0.017235465183
257.0,0.019214065958,0.094121609436,0.093849349176,0.090791257367,0.09167166936,0.093096203988,0.082756082139,0.094674009125,0.093427941489,0.039106257417,0.082755955552,0.087538984208,0.093670667252,0.013979458734,0.092477628691,0.08099369267,0.094651485488,0.074337321624,0.084612069439,0.082567584719,0.082533856818,0.093174228402,0.019311195677,0.0015911585837,0.061183920068,0.038844506179,0.083328696117,0.017114322724
257.5,0.019091738006,0.094033221484,0.093714801474,0.090630280097,0.091611341887,0.093022317144,0.082742616149,0.094561345558,0.093288003232,0.038924570811,0.082742489791,0.087504810753,0.093533704155,0.013865231666,0.092328457491,0.080986459636,0.094546876743,0.074132977232,0.084591328474,0.08255481444,0.082342607456,0.093031509382,0.019188574794,0.0015599318631,0.060975605517,0.038663316827,0.083139368416,0.016994031592
258.0,0.018970188754,0.093944916532,0.093580446624,0.090469588215,0.091551054111,0.092948488929,0.08272915235,0.094448816037,0.09314827452,0.038743728274,0.082729026221,0.087470650637,0.093396941262,0.013751937858,0.092179526819,0.080979227247,0.094442383582,0.07392919441,0.084570592593,0.082542046135,0.082151801111,0.092889008912,0.019066732357,0.0015293179622,0.060767999931,0.038482972473,0.08295047064,0.016874585804
258.5,0.018849413247,0.093856694503,0.093446284349,0.090309181214,0.091490806006,0.092874719298,0.082715690742,0.094336420402,0.093008755039,0.038563725882,0.082715564842,0.087436503854,0.093260378282,0.013639569687,0.092030836287,0.080971995504,0.094338005878,0.073725971617,0.084549861795,0.082529279806,0.081961436756,0.092746726659,0.018945663428,0.0014993048549,0.0605611009,0.038303469175,0.082762001813,0.016755979422
259.0,0.01872940656,0.09376855532,0.093312314375,0.090149058589,0.091430597546,0.092801008204,0.082702231324,0.094224158493,0.092869444476,0.038384559735,0.082702105653,0.087402370398,0.093124014921,0.013528119592,0.09188238551,0.080964764406,0.094233743503,0.073523307313,0.084529136078,0.08251651545,0.081771513368,0.092604662287,0.018825363097,0.001469880751,0.060354906019,0.038124803015,0.082573960961,0.016638206551
259.5,0.018610163801,0.093680498903,0.093178536426,0.089989219836,0.091370428704,0.0927273556,0.082688774097,0.094112030153,0.092730342518,0.038206225948,0.082688648654,0.087368250265,0.09298785089,0.013417580074,0.091734174101,0.080957533955,0.094129596329,0.073321199965,0.084508415442,0.082503753069,0.081582029926,0.092462815464,0.018705826487,0.0014410340917,0.060149412896,0.037946970088,0.082386347115,0.016521261332
260.0,0.018491680108,0.093592525175,0.093044950226,0.089829664453,0.091310299455,0.092653761441,0.082675319059,0.094000035221,0.092591448854,0.038028720653,0.082675193844,0.08733414345,0.092851885895,0.013307943693,0.091586201673,0.080950304149,0.09402556423,0.073119648044,0.084487699885,0.082490992662,0.081392985412,0.092321185856,0.018587048753,0.0014127535451,0.059944619143,0.037769966511,0.082199159305,0.016405137954
260.5,0.01837395065,0.093504634059,0.092911555501,0.089670391937,0.091250209773,0.092580225679,0.08266186621,0.093888173539,0.09245276317,0.037852040003,0.082661741224,0.087300049947,0.092716119648,0.013199203074,0.091438467842,0.080943074989,0.093921647078,0.072918650023,0.084466989405,0.082478234228,0.081204378809,0.092179773132,0.018469025077,0.0013850280015,0.059740522382,0.037593788417,0.082012396565,0.016289830641
261.0,0.018256970628,0.093416825478,0.092778351976,0.089511401787,0.091190159631,0.092506748269,0.08264841555,0.09377644495,0.092314285157,0.037676180166,0.082648290792,0.087265969751,0.092580551857,0.013091350899,0.091290972224,0.080935846474,0.093817844747,0.072718204381,0.084446284002,0.082465477768,0.081016209105,0.092038576958,0.018351750675,0.0013578465694,0.059537120244,0.037418431957,0.081826057932,0.016175333661
261.5,0.018140735271,0.093329099352,0.092645339378,0.089352693502,0.091130149003,0.092433329163,0.082634967079,0.093664849293,0.092176014504,0.03750113733,0.08263484255,0.087231902857,0.092445182232,0.012984379909,0.091143714434,0.080928618605,0.093714157109,0.072518309601,0.084425583674,0.08245272328,0.080828475287,0.091897597005,0.018235220793,0.001331198571,0.059334410365,0.037243893302,0.081640142442,0.016061641321
262.0,0.018025239842,0.093241455607,0.092512517433,0.089194266582,0.091070177865,0.092359968317,0.082621520796,0.093553386412,0.092037950899,0.0373269077,0.082621396495,0.087197849259,0.092310010483,0.012878282908,0.09099669409,0.080921391381,0.093610584038,0.072318964169,0.084404888421,0.082439970765,0.080641176347,0.09175683294,0.018119430704,0.0013050735379,0.059132390392,0.037070168639,0.081454649137,0.015948747967
262.5,0.017910479631,0.093153894162,0.092379885868,0.089036120529,0.091010246189,0.092286665684,0.082608076702,0.093442056149,0.091900094033,0.037153487498,0.082607952628,0.087163808954,0.092175036323,0.012773052756,0.090849910808,0.080914164803,0.093507125407,0.072120166577,0.08438419824,0.082427220222,0.080454311278,0.091616284433,0.018004375715,0.0012794612071,0.058931057978,0.036897254172,0.081269577058,0.015836647988
263.0,0.017796449958,0.093066414943,0.092247444409,0.088878254846,0.090950353949,0.092213421217,0.082594634794,0.093330858345,0.091762443597,0.036980872963,0.082594510948,0.087129781934,0.092040259462,0.012668682371,0.090703364208,0.08090693887,0.09340378109,0.071921915321,0.08436351313,0.082414471651,0.080267879076,0.091475951155,0.017890051161,0.0012543515173,0.058730410785,0.036725146126,0.081084925249,0.015725335808
263.5,0.017683146176,0.092979017871,0.092115192786,0.088720669034,0.09089050112,0.09214023487,0.082581195074,0.093219792843,0.091624999282,0.036809060354,0.082581071456,0.087095768196,0.091905679612,0.012565164731,0.090557053907,0.080899713582,0.093300550961,0.071724208898,0.084342833091,0.082401725052,0.080081878738,0.091335832775,0.017776452405,0.0012297346043,0.058530446484,0.036553840739,0.080900692759,0.015614805894
264.0,0.017570563664,0.092891702869,0.091983130725,0.088563362599,0.090830687676,0.092067106598,0.082567757541,0.093108859486,0.091487760779,0.036638045945,0.08256763415,0.087061767733,0.091771296484,0.012462492869,0.090410979525,0.08089248894,0.093197434894,0.071527045814,0.084322158121,0.082388980424,0.079896309265,0.091195928966,0.017663574843,0.0012056007977,0.058331162751,0.036383334271,0.080716878635,0.015505052749
264.5,0.017458697832,0.09280446986,0.091851257955,0.088406335044,0.090770913591,0.091994036354,0.082554322194,0.092998058117,0.091350727781,0.036467826028,0.082554199031,0.087027780541,0.091637109793,0.012360659877,0.090265140681,0.080885264943,0.093094432762,0.071330424574,0.084301488219,0.082376237768,0.079711169659,0.091056239399,0.017551413897,0.0011819406166,0.058132557272,0.036213622996,0.080533481929,0.015396070917
265.0,0.017347544118,0.092717318767,0.091719574205,0.088249585876,0.090711178838,0.091921024092,0.082540889033,0.092887388579,0.091213899979,0.036298396913,0.082540766097,0.086993806615,0.09150311925,0.012259658901,0.090119536997,0.080878041591,0.092991544441,0.071134343692,0.084280823383,0.082363497082,0.079526458926,0.090916763745,0.01743996502,0.0011587447665,0.057934627741,0.036044703207,0.080350501693,0.015287854978
265.5,0.017237097992,0.092630249514,0.091588079204,0.088093114601,0.090651483393,0.091848069766,0.082527458058,0.092776850714,0.091077277067,0.036129754926,0.08252733535,0.08695984595,0.091369324569,0.012159483145,0.089974168093,0.080870818884,0.092888769803,0.070938801682,0.084260163613,0.082350758367,0.079342176072,0.090777501678,0.017329223692,0.0011360041351,0.057737371859,0.035876571214,0.080167936982,0.015180399552
266.0,0.017127354949,0.092543262023,0.091456772682,0.087936920727,0.090591827229,0.091775173331,0.082514029269,0.092666444367,0.090940858738,0.035961896411,0.082513906787,0.086925898539,0.091235725465,0.012060125869,0.089829033591,0.080863596821,0.092786108724,0.070743797065,0.084239508907,0.082338021621,0.079158320106,0.09063845287,0.017219185424,0.0011137097888,0.057540787334,0.035709223345,0.079985786856,0.015073699296
266.5,0.017018310516,0.092456356217,0.091325654368,0.087781003762,0.09053221032,0.09170233474,0.082500602664,0.09255616938,0.090804644685,0.035794817728,0.08250048041,0.086891964379,0.09110232165,0.011961580385,0.089684133113,0.080856375404,0.092683561078,0.070549328364,0.084218859264,0.082325286846,0.078974890042,0.090499616995,0.017109845753,0.0010918529695,0.057344871884,0.035542655944,0.079804050371,0.014967748903
267.0,0.016909960245,0.092369532021,0.091194723993,0.087625363214,0.090472632641,0.091629553947,0.082487178244,0.092446025598,0.090668634604,0.035628515254,0.082487056217,0.086858043463,0.090969112841,0.011863840062,0.089539466283,0.080849154632,0.09258112674,0.070355394108,0.084198214682,0.08231255404,0.078791884892,0.090360993727,0.017001200246,0.001070425091,0.057149623233,0.035376865371,0.079622726592,0.014862543107
267.5,0.016802299719,0.092282789357,0.091063981289,0.087469998595,0.090413094165,0.091556830907,0.082473756009,0.092336012865,0.090532828188,0.035462985384,0.082473634209,0.086824135788,0.090836098752,0.011766898324,0.089395032723,0.080841934505,0.092478805585,0.070161992827,0.084177575161,0.082299823204,0.078609303674,0.090222582741,0.016893244498,0.0010494177354,0.056955039114,0.035211848007,0.07944181458,0.014758076674
268.0,0.016695324549,0.092196128148,0.090933425984,0.087314909416,0.090353594867,0.091484165574,0.082460335957,0.092226131025,0.090397225133,0.035298224529,0.082460214384,0.086790241346,0.090703279098,0.011670748646,0.089250832058,0.080834715022,0.092376597487,0.069969123059,0.084156940699,0.082287094336,0.078427145405,0.090084383712,0.016785974131,0.0010288226501,0.056761117266,0.035047600244,0.079261313403,0.014654344412
268.5,0.016589030372,0.092109548319,0.090803057813,0.087160095187,0.090294134722,0.091411557902,0.082446918089,0.092116379921,0.090261825135,0.035134229117,0.082446796743,0.086756360135,0.090570653596,0.011575384557,0.089106863913,0.080827496184,0.092274502323,0.069776783344,0.084136311295,0.082274367437,0.078245409106,0.089946396315,0.016679384795,0.0010086317444,0.056567855437,0.034884118496,0.079081222128,0.014551341161
269.0,0.016483412855,0.092023049793,0.090672876505,0.087005555421,0.090234713703,0.091339007845,0.082433502405,0.092006759399,0.09012662789,0.034970995591,0.082433381285,0.086722492147,0.090438221962,0.011480799641,0.088963127913,0.080820277991,0.092172519967,0.069584972224,0.084115686947,0.082261642506,0.078064093801,0.089808620227,0.016573472169,0.00098883708658,0.056375251382,0.034721399192,0.078901539825,0.014449061801
269.5,0.016378467691,0.091936632493,0.090542881794,0.086851289633,0.090175331784,0.091266515357,0.082420088903,0.091897269303,0.089991633094,0.034808520412,0.082419968009,0.086688637379,0.090305983913,0.011386987532,0.088819623684,0.080813060442,0.092070650294,0.069393688249,0.084095067655,0.082248919544,0.077883198516,0.089671055124,0.016468231957,0.00096943090025,0.056183302865,0.034559438775,0.078722265567,0.014347501244
270.0,0.0162741906,0.091850296343,0.090413073412,0.086697297336,0.090115988941,0.091194080394,0.082406677584,0.091787909479,0.089856840444,0.034646800059,0.082406556917,0.086654795824,0.090173939166,0.011293941918,0.088676350853,0.080805843538,0.09196889318,0.06920292997,0.084074453417,0.082236198549,0.077702722277,0.089533700683,0.016363659892,0.00095040556181,0.055992007655,0.03439823371,0.078543398428,0.014246654441
270.5,0.016170577332,0.091764041268,0.090283451093,0.086543578046,0.090056685146,0.091121702909,0.082393268447,0.09167867977,0.089722249638,0.034485831023,0.082393148006,0.086620967479,0.090042087438,0.011201656536,0.088533309046,0.080798627278,0.091867248502,0.069012695943,0.084053844232,0.082223479521,0.077522664115,0.089396556581,0.016259751734,0.00093175359724,0.055801363532,0.034237780473,0.078364937484,0.014146516378
271.0,0.016067623661,0.09167786719,0.090154014568,0.086390131279,0.089997420376,0.091049382856,0.082379861492,0.091569580023,0.089587860374,0.034325609816,0.082379741277,0.086587152337,0.089910428447,0.011110125175,0.088390497891,0.080791411663,0.091765716134,0.068822984728,0.084033240099,0.082210762461,0.077343023061,0.089259622498,0.01615650327,0.00091346767917,0.05561136828,0.034078075559,0.078186881814,0.014047082073
271.5,0.01596532539,0.091591774034,0.090024763574,0.086236956551,0.089938194603,0.090977120191,0.082366456719,0.091460610083,0.08945367235,0.034166132963,0.08236633673,0.086553350393,0.089778961913,0.011019341678,0.088247917017,0.080784196692,0.091664295953,0.06863379489,0.084012641016,0.082198047367,0.077163798151,0.089122898111,0.016053910311,0.00089554062405,0.055422019693,0.033919115481,0.078009230498,0.013948346584
272.0,0.015863678346,0.091505761724,0.089895697843,0.086084053381,0.089879007802,0.090904914867,0.082353054126,0.091351769795,0.089319685264,0.034007397006,0.082352934363,0.086519561643,0.089647687553,0.010929299933,0.088105566053,0.080776982365,0.091562987834,0.068445124995,0.083992046982,0.08218533424,0.076984988421,0.088986383099,0.015951968699,0.00087796538926,0.055233315571,0.033760896764,0.07783198262,0.013850305
272.5,0.015762678386,0.091419830184,0.08976681711,0.085931421288,0.089819859947,0.09083276684,0.082339653715,0.091243059006,0.089185898817,0.033849398504,0.082339534177,0.08648578608,0.089516605087,0.010839993881,0.087963444629,0.080769768683,0.091461791655,0.068256973616,0.083971457997,0.08217262308,0.076806592909,0.088850077142,0.0158506743,0.00086073507043,0.055045253723,0.033603415952,0.077655137263,0.013752952446
273.0,0.01566232139,0.091333979338,0.08963812111,0.08577905979,0.089760751014,0.090760676063,0.082326255484,0.091134477561,0.089052312707,0.033692134031,0.082326136172,0.086452023701,0.089385714235,0.010751417512,0.087821552373,0.080762555644,0.091360707291,0.068069339328,0.083950874058,0.082159913885,0.076628610657,0.08871397992,0.015750023005,0.00084384289864,0.054857831964,0.033446669606,0.077478693516,0.01365628408
273.5,0.015562603268,0.09124820911,0.089509609578,0.085626968408,0.089701680976,0.090688642491,0.082312859432,0.091026025306,0.088918926635,0.033535600176,0.082312740347,0.0864182745,0.089255014717,0.010663564866,0.087679888918,0.08075534325,0.091259734618,0.067882220711,0.083930295165,0.082147206655,0.076451040707,0.088578091113,0.015650010733,0.00082728223784,0.054671048116,0.033290654301,0.077302650466,0.013560295096
274.0,0.015463519952,0.091162519425,0.089381282251,0.085475146664,0.089642649808,0.090616666079,0.082299465561,0.090917702088,0.088785740302,0.033379793547,0.082299346701,0.086384538472,0.089124506253,0.010576430029,0.087538453894,0.0807481315,0.091158873515,0.067695616348,0.083909721316,0.082134501391,0.076273882107,0.088442410403,0.015550633428,0.00081104658218,0.054484900012,0.033135366629,0.077127007205,0.01346498072
274.5,0.015365067403,0.091076910207,0.089253138864,0.085323594079,0.089583657484,0.090544746782,0.082286073869,0.090809507753,0.088652753409,0.033224710765,0.082285955234,0.086350815611,0.088994188564,0.010490007139,0.087397246934,0.080740920394,0.091058123856,0.067509524827,0.08388915251,0.082121798092,0.076097133902,0.088306937471,0.015451887062,0.0007951295535,0.054299385487,0.032980803196,0.076951762825,0.013370336213
275.0,0.015267241605,0.090991381381,0.089125179153,0.085172310177,0.089524703978,0.090472884554,0.082272684356,0.090701442149,0.088519965657,0.033070348467,0.082272565947,0.086317105912,0.088864061371,0.010404290378,0.087256267669,0.080733709932,0.09095748552,0.067323944739,0.083868588745,0.082109096758,0.075920795144,0.088171671998,0.015353767628,0.0007795248988,0.054114502388,0.032826960627,0.076776916422,0.013276356867
275.5,0.015170038571,0.09090593287,0.088997402856,0.085021294481,0.089465789265,0.09040107935,0.082259297022,0.090593505121,0.088387376747,0.032916703306,0.082259178837,0.086283409371,0.088734124397,0.010319273978,0.087115515734,0.080726500114,0.090856958383,0.067138874679,0.083848030022,0.082096397388,0.075744864883,0.088036613668,0.015256271148,0.00076422648779,0.053930248567,0.03267383556,0.076602467093,0.01318303801
276.0,0.015073454335,0.0908205646,0.08886980971,0.084870546515,0.089406913321,0.090329331125,0.082245911866,0.090485696517,0.088254986384,0.032763771951,0.082245793907,0.086249725982,0.088604377362,0.010234952218,0.086974990761,0.08071929094,0.090756542323,0.066954313245,0.083827476337,0.082083699982,0.075569342175,0.087901762163,0.015159393668,0.00074922831047,0.053746621883,0.03252142465,0.076428413938,0.013090375
276.5,0.014977484961,0.090735276495,0.088742399452,0.084720065806,0.089348076118,0.090257639833,0.082232528888,0.090378016184,0.088122794268,0.032611551086,0.082232411154,0.08621605574,0.088474819991,0.010151319423,0.086834692385,0.080712082409,0.090656237217,0.066770259042,0.083806927691,0.08207100454,0.075394226077,0.087767117167,0.01506313126,0.0007345244748,0.053563620203,0.032369724567,0.076254756056,0.012998363229
277.0,0.014882126534,0.09065006848,0.08861517182,0.08456985188,0.089289277631,0.09018600543,0.082219148087,0.090270463971,0.087990800105,0.03246003741,0.082219030578,0.086182398641,0.088345452004,0.010068369965,0.086694620242,0.080704874523,0.090556042941,0.066586710675,0.083786384082,0.082058311061,0.075219515645,0.087632678364,0.01496748002,0.00072010920437,0.053381241402,0.032218731998,0.076081492552,0.012906998122
277.5,0.014787375166,0.09056494048,0.088488126553,0.084419904263,0.089230517836,0.09011442787,0.082205769464,0.090163039723,0.087859003596,0.032309227639,0.08220565218,0.086148754677,0.088216273127,0.0099860982597,0.086554773965,0.080697667279,0.090455959375,0.066403666755,0.083765845508,0.082045619546,0.075045209942,0.087498445438,0.014872436068,0.00070597683611,0.053199483362,0.032068443643,0.075908622531,0.012816275135
278.0,0.014693226993,0.090479892419,0.088361263389,0.084270222483,0.089171796706,0.090042907108,0.082192393018,0.090055743289,0.087727404447,0.032159118502,0.082192275958,0.086115123846,0.088087283083,0.0099044987719,0.086415153192,0.08069046068,0.090355986395,0.066221125897,0.083745311969,0.082032929993,0.074871308031,0.087364418074,0.014777995551,0.00069212181809,0.053018343969,0.031918856219,0.0757361451,0.012726189757
278.5,0.014599678177,0.090394924223,0.088234582068,0.084120806071,0.089113114217,0.089971443099,0.082179018748,0.089948574518,0.087596002362,0.032009706745,0.082178901913,0.086081506141,0.087958481595,0.0098235660095,0.086275757559,0.080683254724,0.09025612388,0.066039086717,0.083724783463,0.082020242403,0.074697808976,0.087230595957,0.014684154638,0.00067853870734,0.052837821122,0.031769966459,0.075564059369,0.012636737507
279.0,0.014506724902,0.090310035817,0.088108082328,0.083971654554,0.089054470342,0.089900035799,0.082165646654,0.089841533256,0.087464797047,0.031860989128,0.082165530044,0.086047901558,0.087829868388,0.0097432945256,0.086136586703,0.080676049412,0.090156371707,0.065857547839,0.083704259989,0.082007556775,0.074524711845,0.087096978773,0.014590909524,0.00066522216771,0.052657912721,0.031621771108,0.075392364449,0.012547913936
279.5,0.014414363378,0.090225227125,0.087981763911,0.083822767464,0.088995865056,0.089828685161,0.082152276737,0.089734619354,0.087333788206,0.031712962426,0.08215216035,0.086014310091,0.087701443187,0.0096636789179,0.085997640262,0.080668844743,0.090056729755,0.065676507887,0.083683741545,0.081994873109,0.074352015707,0.086963566208,0.014498256427,0.00065216696774,0.052478616679,0.03147426693,0.075221059452,0.012459714629
280.0,0.014322589839,0.090140498072,0.087855626555,0.083674144331,0.088937298335,0.089757391142,0.082138908994,0.089627832658,0.087202975546,0.03156562343,0.082138792832,0.085980731735,0.087573205718,0.0095847138282,0.085858917875,0.080661640717,0.089957197902,0.065495965492,0.083663228131,0.081982191405,0.074179719635,0.08683035795,0.01440619159,0.00063936797867,0.052299930911,0.031327450702,0.075050143495,0.012372135197
280.5,0.014231400541,0.090055848585,0.087729670001,0.083525784689,0.088878770152,0.089686153696,0.082125543427,0.089521173018,0.087072358773,0.031418968945,0.082125427489,0.085947166485,0.087445155706,0.0095063939421,0.08572041918,0.080654437335,0.089857776026,0.065315919286,0.083642719746,0.081969511662,0.074007822701,0.086697353686,0.014314711278,0.00062682017237,0.052121853342,0.031181319216,0.074879615696,0.012285171286
281.0,0.014140791768,0.089971278588,0.087603893991,0.083377688069,0.088820280482,0.089614972778,0.082112180035,0.089414640283,0.086941937593,0.031272995791,0.082112064321,0.085913614336,0.087317292878,0.0094287139885,0.085582143817,0.080647234596,0.089758464006,0.065136367907,0.083622216387,0.081956833881,0.073836323982,0.086564553103,0.014223811782,0.00061451861938,0.051944381903,0.03103586928,0.074709475172,0.01219881857
281.5,0.014050759823,0.089886788007,0.087478298266,0.083229854007,0.0887618293,0.089543848344,0.082098818817,0.089308234302,0.086811711715,0.031127700804,0.082098703327,0.085880075283,0.087189616959,0.0093516687394,0.085444091426,0.0806400325,0.08965926172,0.064957309994,0.083601718054,0.08194415806,0.073665222556,0.086431955889,0.014133489416,0.000602458487,0.051767514532,0.030891097716,0.074539721046,0.012113072756
282.0,0.013961301036,0.089802376766,0.087352882567,0.083082282035,0.088703416581,0.089472780348,0.082085459773,0.089201954923,0.086681680845,0.030983080832,0.082085344507,0.08584654932,0.087062127678,0.0092752530095,0.085306261648,0.080632831047,0.089560169047,0.064778744193,0.083581224745,0.081931484199,0.073494517503,0.086299561734,0.014043740516,0.00059063503734,0.051591249176,0.03074700136,0.074370352441,0.012027929579
282.5,0.013872411758,0.089718044793,0.087227646636,0.082934971691,0.088645042299,0.089401768747,0.082072102903,0.089095801998,0.086551844693,0.030839132741,0.08207198786,0.085813036444,0.08693482476,0.0091994616559,0.085168654124,0.080625630238,0.089461185867,0.064600669152,0.08356073646,0.081918812298,0.073324207905,0.086167370326,0.013954561442,0.00057904362551,0.051415583786,0.030603577066,0.074201368483,0.011943384804
283.0,0.013784088365,0.089633792011,0.087102590217,0.08278792251,0.088586706429,0.089330813495,0.082058748206,0.088989775374,0.086422202966,0.030695853408,0.082058633387,0.085779536648,0.086807707934,0.0091242895777,0.085031268496,0.080618430071,0.089362312059,0.064423083522,0.083540253197,0.081906142358,0.073154292847,0.086035381355,0.013865948578,0.00056767969778,0.051240516321,0.030460821698,0.074032768298,0.011859434227
283.5,0.013696327254,0.089549618347,0.086977713051,0.082641134029,0.088528408946,0.089259914547,0.082045395682,0.088883874901,0.086292755373,0.030553239727,0.082045281087,0.085746049927,0.086680776928,0.0090497317155,0.084894104407,0.080611230548,0.0892635475,0.064245985959,0.083519774955,0.081893474377,0.072984771416,0.085903594512,0.013777898329,0.00055653878975,0.051066044748,0.030318732139,0.073864551016,0.011776073673
284.0,0.013609124847,0.089465523727,0.086853014882,0.082494605785,0.088470149824,0.089189071859,0.082032045331,0.088778100431,0.086163501624,0.030411288607,0.082031930959,0.085712576277,0.086554031471,0.0089757830514,0.084757161498,0.080604031667,0.089164892072,0.064069375123,0.083499301732,0.081880808355,0.072815642699,0.085772009486,0.013690407125,0.00054561652466,0.05089216704,0.030177305284,0.073696715768,0.011693298995
284.5,0.013522477588,0.089381508076,0.086728495454,0.082348337319,0.088411929038,0.089118285386,0.082018697152,0.088672451812,0.086034441429,0.030269996968,0.082018583003,0.085679115691,0.086427471291,0.0089024386085,0.084620439415,0.08059683343,0.089066345653,0.063893249675,0.083478833528,0.081868144292,0.072646905789,0.08564062597,0.013603471418,0.00053490861165,0.050718881176,0.030036538042,0.073529261688,0.011611106078
285.0,0.013436381944,0.08929757132,0.086604154509,0.082202328169,0.088353746564,0.089047555085,0.082005351145,0.088566928896,0.085905574498,0.030129361748,0.08200523722,0.085645668166,0.086301096118,0.0088296934504,0.084483937801,0.080589635835,0.088967908123,0.063717608283,0.083458370341,0.081855482187,0.072478559777,0.085509443654,0.01351708768,0.00052441084405,0.050546185144,0.029896427339,0.07336218791,0.011529490832
285.5,0.013350834403,0.089213713385,0.086479991794,0.082056577876,0.088295602375,0.088976880909,0.081992007309,0.088461531532,0.085776900542,0.029989379897,0.081991893607,0.085612233696,0.086174905681,0.008757542681,0.084347656301,0.080582438882,0.088869579362,0.063542449618,0.08343791217,0.081842822041,0.072310603759,0.08537846223,0.01343125241,0.00051411909773,0.050374076937,0.029756970113,0.073195493572,0.0114484492
286.0,0.013265831476,0.089129934197,0.086356007052,0.081911085981,0.088237496446,0.088906262815,0.081978665645,0.088356259572,0.085648419272,0.029850048379,0.081978552166,0.085578812276,0.086048899711,0.0086859814445,0.08421159456,0.080575242573,0.088771359249,0.063367772352,0.083417459013,0.081830163853,0.072143036832,0.085247681392,0.013345962125,0.00050402932953,0.050202554556,0.029618163317,0.073029177813,0.011367977151
286.5,0.013181369698,0.089046233682,0.086232200027,0.081765852025,0.088179428754,0.088835700757,0.081965326152,0.088251112866,0.0855201304,0.029711364175,0.081965212896,0.085545403901,0.085923077938,0.0086150049244,0.084075752224,0.080568046906,0.088673247665,0.063193575163,0.08339701087,0.081817507623,0.071975858094,0.085117100832,0.013261213366,0.00049413757562,0.050031616009,0.029480003919,0.072863239774,0.011288070682
287.0,0.013097445623,0.088962611766,0.086108570467,0.081620875552,0.088121399271,0.088765194693,0.081951988829,0.088146091265,0.085392033637,0.029573324276,0.081951875796,0.085512008566,0.085797440093,0.0085446083437,0.08394012894,0.080560851882,0.088575244489,0.063019856733,0.083376567739,0.08180485335,0.071809066648,0.084986720243,0.013177002697,0.00048443994994,0.049861259308,0.029342488899,0.072697678598,0.011208725819
287.5,0.01301405583,0.088879068376,0.085985118116,0.081476156106,0.088063407974,0.088694744577,0.081938653676,0.088041194621,0.085264128697,0.029435925689,0.081938540866,0.085478626265,0.085671985907,0.0084747869644,0.083804724354,0.0805536575,0.088477349603,0.062846615746,0.08335612962,0.081792201034,0.071642661596,0.08485653932,0.0130933267,0.00047493264272,0.049691482475,0.029205615253,0.072532493429,0.011129938615
288.0,0.012931196917,0.088795603437,0.08586184272,0.08133169323,0.088005454836,0.088624350364,0.081925320693,0.087936422784,0.085136415291,0.029299165436,0.081925208106,0.085445256994,0.085546715111,0.0084055360873,0.083669538114,0.080546463761,0.088379562886,0.062673850891,0.08333569651,0.081779550675,0.071476642045,0.084726557756,0.013010181984,0.00046561191894,0.049522283538,0.029069379992,0.072367683416,0.011051705154
288.5,0.012848865507,0.088712216877,0.085738744026,0.08118748647,0.087947539833,0.088554012011,0.08191198988,0.087831775607,0.085008893134,0.029163040551,0.081911877515,0.085411900747,0.085421627439,0.0083368510513,0.083534569869,0.080539270664,0.088281884219,0.06250156086,0.083315268408,0.081766902273,0.0713110071,0.084596775248,0.012927565175,0.00045647411689,0.04935366053,0.028933780137,0.072203247706,0.010974021542
289.0,0.01276705824,0.088628908621,0.085615821781,0.081043535373,0.087889662941,0.088483729474,0.081898661236,0.087727252941,0.084881561938,0.029027548082,0.081898549093,0.08537855752,0.085296722622,0.0082687272337,0.083399819266,0.08053207821,0.088184313482,0.062329744348,0.083294845314,0.081754255826,0.071145755873,0.084467191489,0.012845472923,0.00044751564671,0.049185611493,0.028798812727,0.07203918545,0.010896883918
289.5,0.012685771781,0.088545678595,0.085493075732,0.080899839483,0.087831824133,0.088413502707,0.08188533476,0.087622854638,0.084754421419,0.028892685092,0.08188522284,0.085345227307,0.085172000393,0.0082011600493,0.083265285956,0.080524886397,0.088086850557,0.062158400055,0.083274427226,0.081741611336,0.070980887474,0.084337806176,0.012763901898,0.000438732989,0.049018134475,0.028664474812,0.071875495801,0.010820288443
290.0,0.012605002815,0.088462526727,0.085370505626,0.080756398351,0.087774023384,0.088343331667,0.081872010453,0.08751858055,0.084627471291,0.028758448655,0.081871898755,0.085311910103,0.085047460486,0.0081341449506,0.083130969588,0.080517695227,0.087989495324,0.061987526682,0.083254014143,0.081728968801,0.070816401017,0.084208619005,0.012682848792,0.00043012269341,0.048851227528,0.028530763458,0.071712177914,0.010744231309
290.5,0.012524748048,0.088379452943,0.085248111211,0.080613211523,0.087716260671,0.088273216309,0.081858688314,0.087414430529,0.084500711269,0.028624835863,0.081858576838,0.085278605903,0.084923102634,0.008067677427,0.082996869813,0.0805105047,0.087892247665,0.061817122938,0.083233606063,0.081716328221,0.070652295619,0.084079629672,0.012602310316,0.00042168137732,0.048684888715,0.028397675742,0.071549230945,0.010668708733
291.0,0.012445004207,0.08829645717,0.085125892236,0.080470278549,0.087658535966,0.08820315659,0.081845368343,0.087310404428,0.084374141068,0.028491843817,0.081845257089,0.085245314703,0.08479892657,0.0080017530048,0.082862986281,0.080503314814,0.08779510746,0.06164718753,0.083213202986,0.081703689597,0.070488570395,0.083950837876,0.012522283205,0.00041340572448,0.048519116103,0.028265208757,0.071386654052,0.010593716958
291.5,0.012365768039,0.088213539334,0.08500384845,0.08032759898,0.087600849247,0.088133152465,0.081832050539,0.0872065021,0.084247760404,0.028359469633,0.081831939507,0.085212036497,0.084674932031,0.007936367247,0.082729318644,0.08049612557,0.087698074591,0.061477719174,0.08319280491,0.081691052927,0.070325224468,0.083822243313,0.012442764212,0.00040529248374,0.048353907765,0.028133359608,0.071224446396,0.010519252255
292.0,0.012287036315,0.088130699363,0.0848819796,0.080185172366,0.087543200487,0.08806320389,0.081818734902,0.087102723396,0.084121568994,0.028227710442,0.081818624092,0.085178771279,0.084551118749,0.0078715157527,0.082595866554,0.080488936969,0.087601148939,0.061308716585,0.083172411834,0.081678418211,0.070162256957,0.083693845682,0.012363750112,0.00039733846773,0.048189261782,0.028002125415,0.071062607139,0.01044531092
292.5,0.012208805822,0.088047937182,0.084760285437,0.080042998258,0.087485589662,0.087993310821,0.081805421432,0.086999068171,0.083995566555,0.028096563387,0.081805310843,0.085145519046,0.084427486461,0.007807194157,0.082462629664,0.080481749009,0.087504330386,0.061140178484,0.083152023757,0.08166578545,0.069999666987,0.08356564468,0.012285237701,0.00038954055165,0.048025176241,0.027871503311,0.070901135445,0.010371889275
293.0,0.01213107337,0.08796525272,0.08463876571,0.079901076209,0.087428016746,0.087923473214,0.081792110128,0.086895536277,0.083869752802,0.027966025623,0.081791999761,0.085112279791,0.084304034902,0.0077433981306,0.082329607628,0.080474561691,0.087407618814,0.060972103595,0.083131640678,0.081653154642,0.069837453685,0.083437640008,0.012207223793,0.000381895672,0.047861649236,0.02774149044,0.070740030479,0.010298983668
293.5,0.01205383579,0.087882645903,0.08451742017,0.079759405772,0.087370481715,0.087853691025,0.08177880099,0.086792127568,0.083744127455,0.02783609432,0.081778690844,0.08507905351,0.084180763808,0.0076801233795,0.082196800098,0.080467375015,0.087311014105,0.060804490645,0.083111262594,0.081640525788,0.069675616177,0.083309831365,0.012129705225,0.00037440082544,0.047698678866,0.027612083963,0.070579291411,0.010226590473
294.0,0.011977089931,0.087800116658,0.084396248566,0.079617986502,0.087312984544,0.087783964209,0.081765494017,0.086688841897,0.083618690231,0.027706766662,0.081765384093,0.085045840198,0.084057672916,0.007617365645,0.082064206729,0.080460188981,0.08721451614,0.060637338366,0.083090889506,0.081627898887,0.069514153594,0.08318221845,0.012052678851,0.00036705306753,0.047536263239,0.027483281052,0.07041891741,0.01015470609
294.5,0.011900832663,0.087717664912,0.08427525065,0.079476817953,0.087255525208,0.087714292725,0.08175218921,0.086585679117,0.083493440848,0.027578039843,0.081752079507,0.085012639849,0.083934761961,0.007555120703,0.081931827176,0.080453003589,0.087118124801,0.060470645492,0.083070521411,0.081615273939,0.069353065067,0.083054800965,0.011976141549,0.00035984951164,0.047374400466,0.027355078892,0.070258907647,0.010083326943
295.0,0.011825060876,0.087635290593,0.084154426173,0.07933589968,0.087198103682,0.087644676526,0.081738886567,0.086482639083,0.083368379026,0.027449911073,0.081738777086,0.084979452459,0.083812030681,0.007493384364,0.081799661094,0.080445818838,0.087021839972,0.060304410761,0.083050158309,0.081602650943,0.069192349732,0.082927578609,0.011900090212,0.00035278732777,0.047213088668,0.027227474682,0.070099261296,0.010012449482
295.5,0.01174977148,0.087552993628,0.084033774885,0.079195231241,0.087140719941,0.087575115569,0.081725586089,0.086379721649,0.083243504483,0.027322377573,0.081725476829,0.084946278023,0.083689478814,0.0074321524725,0.08166770814,0.080438634729,0.086925661533,0.060138632914,0.083029800199,0.0815900299,0.069032006722,0.082800551085,0.011824521757,0.00034586374148,0.04705232597,0.027100465634,0.069939977532,0.0099420701807
296.0,0.011674961406,0.087470773945,0.08391329654,0.079054812192,0.08708337396,0.087505609811,0.081712287776,0.086276926668,0.083118816939,0.027195436578,0.081712178736,0.084913116535,0.083567106097,0.0073714209074,0.08153596797,0.080431451261,0.086829589368,0.059973310695,0.083009447079,0.081577410809,0.068872035178,0.082673718093,0.011749433119,0.00033907603277,0.046892110503,0.026974048974,0.069781055532,0.0098721855394
296.5,0.0116006276,0.08738863147,0.083792990889,0.07891464209,0.087026065715,0.087436159208,0.081698991626,0.086174253996,0.082994316115,0.027069085336,0.081698882807,0.08487996799,0.08344491227,0.0073111855807,0.081404440242,0.080424268435,0.08673362336,0.059808442854,0.082989098947,0.081564793669,0.068712434237,0.082547079337,0.011674821251,0.00033242153501,0.046732440408,0.026848221937,0.069622494477,0.0098027920818
297.0,0.011526767033,0.087306566131,0.083672857685,0.078774720496,0.08696879518,0.087366763716,0.081685697639,0.086071703486,0.082870001731,0.026943321106,0.081685589042,0.084846832384,0.083322897069,0.0072514424383,0.081273124611,0.080417086251,0.08663776339,0.059644028142,0.082968755804,0.081552178481,0.068553203043,0.082420634518,0.011600683127,0.0003258976339,0.046573313827,0.026722981777,0.069464293546,0.0097338863563
297.5,0.011453376691,0.087224577856,0.08355289668,0.078635046968,0.086911562331,0.087297423291,0.081672405816,0.085969274993,0.082745873508,0.026818141161,0.081672297439,0.084813709711,0.083201060235,0.0071921874588,0.081142020738,0.080409904707,0.086542009343,0.059480065314,0.082948417646,0.081539565244,0.068394340739,0.082294383341,0.011527015739,0.00031950176647,0.046414728913,0.026598325754,0.069306451922,0.0096654649356
298.0,0.011380453582,0.087142666572,0.083433107628,0.078495621067,0.086854367144,0.08722813789,0.081659116156,0.085866968373,0.082621931166,0.026693542789,0.081659007999,0.084780599967,0.083079401506,0.007133416654,0.081011128281,0.080402723805,0.0864463611,0.059316553129,0.082928084475,0.081526953957,0.068235846471,0.082168325508,0.011453816101,0.00031323142003,0.046256683822,0.026474251147,0.069148968791,0.0095975244163
298.5,0.011307994731,0.087060832208,0.083313490283,0.078356442354,0.086797209592,0.087158907469,0.081645828658,0.08576478348,0.082498174429,0.026569523285,0.081645720722,0.084747503145,0.082957920623,0.007075126068,0.080880446899,0.080395543545,0.086350818546,0.059153490348,0.082907756287,0.081514344621,0.068077719387,0.082042460724,0.011381081242,0.00030708413121,0.046099176718,0.026350755243,0.068991843338,0.0095300614191
299.0,0.011235997184,0.08697907469,0.083194044398,0.07821751039,0.086740089652,0.087089731984,0.081632543321,0.085662720169,0.082374603018,0.026446079963,0.081632435606,0.084714419242,0.082836617326,0.0070173117773,0.080749976251,0.080388363925,0.086255381563,0.058990875737,0.082887433082,0.081501737235,0.067919958637,0.081916788693,0.011308808211,0.00030105748497,0.045942205771,0.026227835345,0.068835074753,0.0094630725884
299.5,0.011164458003,0.086897393947,0.083074769728,0.078078824739,0.086683007298,0.087020611392,0.081619260147,0.085560778296,0.082251216656,0.026323210144,0.081619152652,0.084681348252,0.082715491355,0.0069599698906,0.080619715999,0.080381184947,0.086160050035,0.058828708065,0.082867114858,0.081489131799,0.067762563372,0.08179130912,0.011236994078,0.00029514911367,0.045785769157,0.026105488766,0.068678662225,0.009396554592
300.0,0.011093374272,0.086815789907,0.082955666028,0.077940384963,0.086625962507,0.086951545649,0.081605979134,0.085458957717,0.082128015065,0.026200911164,0.081605871859,0.084648290171,0.082594542451,0.0069030965482,0.080489665803,0.080374006609,0.086064823845,0.058666986103,0.082846801615,0.081476528313,0.067605532747,0.081666021711,0.01116563593,0.00028935669614,0.045629865058,0.025983712833,0.068522604947,0.0093305041214
300.5,0.011022743091,0.086734262497,0.082836733052,0.077802190627,0.086568955253,0.086882534711,0.081592700282,0.085357258287,0.08200499797,0.026079180373,0.081592593227,0.084615244992,0.082473770356,0.006846687922,0.080359825325,0.080366828913,0.085969702877,0.058505708628,0.082826493352,0.081463926776,0.067448865917,0.081540926171,0.011094730871,0.00028367795677,0.045474491663,0.025862504885,0.068366902111,0.0092649178911
301.0,0.01095256158,0.086652811646,0.082717970557,0.077664241295,0.086511985511,0.086813578536,0.081579423591,0.085255679862,0.081882165094,0.025958015129,0.081579316756,0.084582212711,0.08235317481,0.0067907402151,0.080230194226,0.080359651858,0.085874687015,0.058344874418,0.082806190066,0.081451327187,0.067292562039,0.081416022207,0.011024276026,0.00027811066459,0.045319647166,0.025741862274,0.068211552915,0.0091997926387
301.5,0.010882826876,0.086571437282,0.082599378296,0.077526536535,0.086455053257,0.08674467708,0.08156614906,0.085154222298,0.081759516161,0.025837412806,0.081566042445,0.084549193323,0.082232755557,0.0067352496618,0.08010077217,0.080352475444,0.085779776142,0.058184482255,0.082785891757,0.081438729548,0.067136620274,0.081291309525,0.010954268536,0.00027265263244,0.045165329768,0.025621782363,0.068056556555,0.0091351251248
302.0,0.010813536135,0.086490139333,0.082480956028,0.077389075911,0.086398158467,0.086675830299,0.081552876689,0.085052885451,0.081637050896,0.025717370789,0.081552770293,0.084516186824,0.082112512338,0.0066802125269,0.07997155882,0.08034529967,0.085684970143,0.058024530926,0.082765598423,0.081426133856,0.066981039783,0.081166787833,0.010884705562,0.00026730171604,0.045011537676,0.025502262528,0.067901912232,0.0090709121329
302.5,0.010744686531,0.086408917727,0.082362703508,0.077251858991,0.086341301115,0.08660703815,0.081539606477,0.084951669178,0.081514769025,0.025597886475,0.081539500302,0.084483193207,0.081992444897,0.0066256251059,0.079842553838,0.080338124537,0.085590268902,0.057865019218,0.082745310064,0.081413540113,0.066825819729,0.081042456838,0.010815584282,0.00026205581324,0.044858269102,0.025383300158,0.067747619145,0.0090071504687
303.0,0.010676275256,0.086327772392,0.082244620493,0.077114885344,0.086284481177,0.08653830059,0.081526338425,0.084850573335,0.081392670272,0.025478957272,0.081526232469,0.084450212468,0.081872552976,0.0065714837245,0.07971375689,0.080330950045,0.085495672304,0.057705945924,0.082725026677,0.081400948318,0.066670959278,0.080918316248,0.010746901893,0.00025691286311,0.044705522266,0.025264892653,0.067593676499,0.0089438369606
303.5,0.01060829952,0.086246703258,0.082126706739,0.076978154537,0.086227698628,0.086469617575,0.081513072532,0.08474959778,0.081270754363,0.025360580603,0.081512966795,0.084417244602,0.08175283632,0.0065177847385,0.07958516764,0.080323776194,0.085401180232,0.057547309839,0.082704748263,0.08138835847,0.066516457596,0.080794365773,0.010678655607,0.00025187084518,0.044553295392,0.025147037427,0.067440083497,0.0088809684594
304.0,0.01054075655,0.086165710252,0.082008962006,0.076841666142,0.086170953444,0.086400989063,0.081499808797,0.084648742368,0.081149021026,0.0252427539,0.08149970328,0.084384289604,0.081633294671,0.0064645245333,0.079456785753,0.080316602984,0.085306792571,0.057389109763,0.082684474819,0.081375770569,0.066362313855,0.08067060512,0.010610842656,0.00024692777863,0.044401586712,0.025029731903,0.067286839346,0.0088185418378
304.5,0.010473643593,0.086084793302,0.081891386049,0.076705419727,0.0861142456,0.086332415009,0.081486547221,0.084548006958,0.081027469986,0.025125474608,0.081486441923,0.084351347469,0.081513927775,0.0064116995239,0.079328610896,0.080309430413,0.085212509205,0.057231344497,0.082664206345,0.081363184615,0.066208527224,0.080547034,0.010543460291,0.00024208172151,0.044250394463,0.024912973518,0.067133943256,0.0087565539904
305.0,0.010406957909,0.086003952338,0.081773978629,0.076569414864,0.086057575072,0.086263895371,0.081473287802,0.084447391406,0.080906100971,0.025008740185,0.081473182723,0.084318418191,0.081394735375,0.0063593061547,0.079200642734,0.080302258484,0.085118330021,0.057074012847,0.082643942839,0.081350600607,0.066055096877,0.080423652121,0.010476505776,0.00023733077,0.044099716887,0.024796759721,0.066981394435,0.008695001834
305.5,0.010340696781,0.085923187289,0.081656739502,0.076433651125,0.086000941835,0.086195430105,0.081460030541,0.08434689557,0.080784913708,0.024892548098,0.081459925681,0.084285501767,0.081275717218,0.006307340899,0.079072880935,0.080295087195,0.085024254902,0.056917113622,0.0826236843,0.081338018546,0.065902021988,0.080300459196,0.010409976397,0.00023267305761,0.043949552235,0.024681087973,0.066829192097,0.0086338823066
306.0,0.010274857504,0.085842498082,0.081539668428,0.076298128082,0.085944345864,0.086127019169,0.081446775437,0.084246519308,0.080663907925,0.024776895829,0.081446670796,0.08425259819,0.081156873048,0.0062558002589,0.078945325165,0.080287916546,0.084930283734,0.056760645633,0.082603430726,0.08132543843,0.065749301735,0.080177454933,0.010343869454,0.00022810675451,0.04379989876,0.024565955745,0.066677335454,0.008573192368
306.5,0.010209437394,0.085761884646,0.081422765166,0.076162845309,0.085887787136,0.086058662519,0.081433522489,0.084146262477,0.08054308335,0.02466178087,0.081433418067,0.084219707456,0.081038202611,0.0062046807651,0.078817975094,0.080280746538,0.084836416402,0.056604607697,0.082583182117,0.081312860261,0.065596935297,0.080054639046,0.010278182266,0.00022363006675,0.043650754724,0.024451360522,0.066525823722,0.0085129289993
307.0,0.010144433783,0.085681346911,0.081306029476,0.07602780238,0.085831265625,0.085990360112,0.081420271699,0.084046124935,0.080422439714,0.024547200725,0.081420167495,0.08418682956,0.080919705654,0.0061539789768,0.078690830388,0.08027357717,0.08474265279,0.05644899863,0.082562938472,0.081300284036,0.065444921855,0.079932011244,0.010212912168,0.00021924123563,0.043502118393,0.0243372998,0.066374656119,0.0084530892028
307.5,0.01007984402,0.085600884806,0.081189461117,0.07589299887,0.085774781307,0.085922111906,0.081407023064,0.08394610654,0.080301976743,0.024433152909,0.081406919079,0.084153964496,0.080801381922,0.0061036914812,0.078563890719,0.080266408442,0.084648992786,0.056293817255,0.082542699789,0.081287709757,0.06529326059,0.079809571241,0.010148056512,0.00021493853691,0.043353988041,0.024223771086,0.066223831863,0.0083936700018
308.0,0.010015665469,0.085520498259,0.08107305985,0.075758434354,0.085718334157,0.085853917857,0.081393776585,0.083846207151,0.080181694169,0.024319634949,0.081393672819,0.084121112261,0.080683231164,0.0060538148932,0.078437155754,0.080259240355,0.084555436273,0.056139062397,0.082522466066,0.081275137422,0.065141950688,0.079687318748,0.010083612667,0.00021072028024,0.043206361945,0.0241107719,0.066073350176,0.0083346684405
308.5,0.0099518955136,0.085440187199,0.080956825436,0.075624108408,0.085661924151,0.085785777921,0.081380532261,0.083746426626,0.080061591721,0.024206644383,0.081380428714,0.084088272848,0.080565253125,0.0060043458556,0.078310625164,0.080252072907,0.084461983139,0.055984732885,0.082502237303,0.081262567032,0.064990991334,0.079565253479,0.010019578019,0.00020658480841,0.043059238391,0.023998299772,0.06592321028,0.0082760815841
309.0,0.0098885315527,0.085359951555,0.080840757635,0.075490020611,0.085605551265,0.085717692058,0.081367290093,0.083646764823,0.079941669129,0.024094178762,0.081367186763,0.084055446253,0.080447447554,0.0059552810385,0.07818429862,0.0802449061,0.084368633268,0.055830827549,0.082482013499,0.081249998586,0.064840381718,0.079443375147,0.0099559499708,0.00020253049675,0.042912615668,0.023886352245,0.065773411399,0.0082179065181
309.5,0.0098255710019,0.085279791258,0.080724856208,0.075356170539,0.085549215475,0.085649660222,0.081354050079,0.083547221602,0.079821926124,0.023982235647,0.081353946968,0.08402263247,0.080329814199,0.0059066171393,0.078058175794,0.080237739932,0.084275386547,0.055677345224,0.082461794652,0.081237432084,0.06469012103,0.079321683466,0.0098927259402,0.00019855575246,0.042766492073,0.023774926872,0.06562395276,0.0081601403487
310.0,0.0097630112932,0.085199706235,0.080609120917,0.075222557772,0.085492916755,0.085581682372,0.081340812219,0.083447796822,0.079702362438,0.023870812611,0.081340709326,0.083989831496,0.080212352808,0.0058583508822,0.077932256355,0.080230574405,0.084182242861,0.055524284747,0.082441580761,0.081224867525,0.06454020846,0.079200178151,0.0098299033628,0.00019465901402,0.042620865907,0.023664021217,0.06547483359,0.0081027802023
310.5,0.0097008498749,0.085119696417,0.080493551525,0.075089181888,0.085436655081,0.085513758465,0.081327576514,0.083348490341,0.079582977802,0.023759907237,0.081327473839,0.083957043324,0.08009506313,0.0058104790184,0.077806539978,0.080223409517,0.084089202097,0.055371644961,0.082421371824,0.08121230491,0.064390643205,0.079078858915,0.00976747969,0.00019083875052,0.042475735479,0.023553632859,0.065326053119,0.0080458232256
311.0,0.0096390842118,0.085039761732,0.080378147793,0.074956042468,0.08538043043,0.085445888458,0.081314342962,0.083249302018,0.079463771948,0.02364951712,0.081314240505,0.08392426795,0.079977944913,0.0057629983254,0.077681026334,0.080216245269,0.083996264142,0.055219424709,0.082401167842,0.081199744237,0.064241424458,0.078957725475,0.0097054523895,0.00018709346114,0.042331099101,0.023443759384,0.065177610579,0.0079892665852
311.5,0.0095777117845,0.084959902111,0.080262909484,0.074823139092,0.085324242776,0.085378072308,0.081301111563,0.083150231714,0.079344744608,0.023539639868,0.081301009324,0.083891505368,0.079860997908,0.0057159056072,0.077555715097,0.080209081661,0.083903428881,0.055067622839,0.082380968811,0.081187185507,0.064092551418,0.078836777545,0.0096438189449,0.00018342167447,0.042186955092,0.023334398391,0.065029505203,0.0079331074677
312.0,0.0095167300899,0.084880117482,0.080147836361,0.074690471343,0.085268092095,0.085310309973,0.081287882317,0.083051279288,0.079225895516,0.023430273096,0.081287780296,0.083858755575,0.079744221865,0.0056691976938,0.07743060594,0.080201918693,0.083810696202,0.0549162382,0.082360774732,0.08117462872,0.063944023285,0.078716014842,0.0095825768559,0.00017982194801,0.042043301778,0.023225547491,0.064881736224,0.0078773430794
312.5,0.0094561366407,0.084800407775,0.080032928187,0.074558038803,0.085211978364,0.085242601409,0.081274655224,0.0829524446,0.079107224404,0.023321414435,0.081274553421,0.083826018564,0.079627616533,0.0056228714413,0.077305698539,0.080194756364,0.08371806599,0.054765269647,0.082340585603,0.081162073874,0.063795839259,0.078595437083,0.0095217236379,0.00017629286755,0.041900137489,0.023117204304,0.064734302881,0.0078219706464
313.0,0.0093959289654,0.08472077292,0.079918184726,0.074425841054,0.085155901557,0.085174946575,0.081261430283,0.082853727509,0.078988731005,0.023213061522,0.081261328697,0.083793294331,0.079511181662,0.0055769237311,0.077180992567,0.080187594675,0.083625538134,0.054614716037,0.082320401423,0.08114952097,0.063647998544,0.078475043983,0.0094612568224,0.00017283304665,0.041757460561,0.023009366464,0.064587204411,0.0077669874141
313.5,0.0093361046083,0.084641212847,0.079803605742,0.07429387768,0.085099861651,0.085107345427,0.081248207494,0.082755127876,0.078870415055,0.02310521201,0.081248106126,0.083760582871,0.079394917005,0.0055313514705,0.077056487701,0.080180433626,0.083533112519,0.054464576228,0.08230022219,0.081136970008,0.063500500345,0.078354835261,0.0094011739562,0.00016944112605,0.041615269336,0.022902031614,0.064440440054,0.0077123906474
314.0,0.0092766611294,0.084561727485,0.079689190999,0.074162148267,0.085043858621,0.085039797922,0.081234986857,0.082656645561,0.078752276288,0.022997863558,0.081234885706,0.083727884179,0.079278822312,0.0054861515917,0.076932183616,0.080173273216,0.083440789033,0.054314849086,0.082280047904,0.081124420987,0.063353343869,0.078234810634,0.0093414726019,0.0001661157732,0.041473562162,0.022795197407,0.064294009053,0.0076581776301
314.5,0.009217596104,0.084482316764,0.079574940262,0.074030652398,0.084987892442,0.08497230402,0.081221768371,0.082558280425,0.078634314437,0.02289101384,0.081221667437,0.083695198249,0.079162897335,0.0054413210522,0.076808079988,0.080166113445,0.083348567562,0.054165533475,0.082259878562,0.081111873906,0.063206528325,0.078114969821,0.0092821503374,0.00016285568169,0.041332337391,0.02268886151,0.06414791065,0.0076043456656
315.0,0.009158907123,0.084402980614,0.079460853296,0.073899389662,0.084931963092,0.084904863676,0.081208552035,0.082460032327,0.078516529239,0.022784660538,0.081208451318,0.083662525078,0.079047141826,0.0053968568343,0.076684176495,0.080158954314,0.083256447996,0.054016628265,0.082239714165,0.081099328766,0.063060052922,0.077995312539,0.009223204756,0.00015965957073,0.041191593382,0.022583021599,0.064002144091,0.0075508920758
315.5,0.0091005917927,0.084323718966,0.079346929866,0.073768359643,0.084876070544,0.084837476848,0.08119533785,0.08236190113,0.078398920428,0.022678801347,0.081195237351,0.083629864659,0.078931555537,0.005352755945,0.076560472814,0.080151795822,0.08316443022,0.053868132329,0.08221955471,0.081086785567,0.062913916874,0.077875838509,0.0091646334665,0.00015652618469,0.0410513285,0.02247767536,0.063856708623,0.0074978142016
316.0,0.0090426477344,0.084244531748,0.079233169738,0.073637561929,0.084820214776,0.084770143494,0.081182125815,0.082263886694,0.078281487742,0.02257343397,0.081182025533,0.083597216988,0.078816138221,0.0053090154156,0.076436968623,0.08014463797,0.083072514122,0.053720044542,0.082199400197,0.081074244307,0.062768119394,0.077756547449,0.0091064340927,0.00015345429258,0.040911541114,0.022372820492,0.063711603494,0.0074451094026
316.5,0.0089850725847,0.084165418892,0.079119572678,0.07350699611,0.084764395763,0.084702863572,0.08116891593,0.082165988879,0.078164230916,0.022468556123,0.081168815864,0.08356458206,0.078700889632,0.0052656323017,0.0763136636,0.080137480756,0.08298069959,0.053572363782,0.082179250624,0.081061704987,0.0626226597,0.07763743908,0.0090486042733,0.00015044268754,0.0407722296,0.022268454703,0.063566827954,0.0073927750569
317.0,0.0089278639953,0.084086380327,0.079006138453,0.073376661773,0.084708613481,0.084635637039,0.081155708195,0.082068207548,0.078047149686,0.022364165533,0.081155608346,0.083531959871,0.078585809522,0.005222603683,0.076190557425,0.080130324182,0.082888986513,0.053425088931,0.08215910599,0.081049167606,0.062477537007,0.077518513122,0.0089911416623,0.00014749018644,0.040633392339,0.022164575712,0.063422381257,0.007340808561
317.5,0.0088710196327,0.084007415984,0.078892866828,0.073246558509,0.084652867905,0.084568463853,0.081142502608,0.081970542562,0.077930243792,0.022260259934,0.081142402976,0.083499350414,0.078470897645,0.0051799266632,0.076067649776,0.080123168247,0.082797374777,0.053278218875,0.082138966293,0.081036632164,0.062332750537,0.077399769295,0.0089340439284,0.00014459562933,0.040495027717,0.02206118125,0.063278262654,0.0072892073297
318.0,0.0088145371782,0.083928525793,0.078779757571,0.073116685907,0.084597159012,0.084501343971,0.081129299171,0.081872993782,0.077813512968,0.022156837074,0.081129199755,0.083466753685,0.078356153756,0.0051375983693,0.075944940335,0.080116012951,0.082705864271,0.053131752501,0.082118831534,0.081024098661,0.06218829951,0.077281207321,0.0088773087552,0.00014175787904,0.040357134125,0.021958269056,0.063134471403,0.007237968796
318.5,0.0087584143282,0.083849709684,0.078666810449,0.072987043559,0.084541486777,0.084434277351,0.081116097881,0.08177556107,0.077696956955,0.022053894711,0.081115998682,0.083434169679,0.078241577609,0.0050956159522,0.075822428781,0.080108858294,0.082614454883,0.052985688699,0.08209870171,0.081011567097,0.06204418315,0.077162826921,0.0088209338409,0.00013897582073,0.040219709962,0.021855836883,0.062991006759,0.007187090411
319.0,0.0087026487933,0.083770967588,0.078554025231,0.072857631057,0.084485851176,0.084367263951,0.08110289874,0.081678244288,0.077580575489,0.021951430612,0.081102799757,0.083401598391,0.07812716896,0.0050539765857,0.075700114796,0.080101704276,0.082523146501,0.052840026364,0.08207857682,0.08099903747,0.061900400682,0.077044627818,0.0087649168984,0.00013624836141,0.04008275363,0.02175388249,0.062847867982,0.0071365696435
319.5,0.008647238299,0.083692299435,0.078441401683,0.072728447994,0.084430252186,0.084300303729,0.081089701746,0.081581043298,0.07746436831,0.021849442555,0.081089602979,0.083369039817,0.078012927562,0.0050126774669,0.075577998061,0.080094550896,0.082431939014,0.052694764392,0.082058456863,0.080986509781,0.061756951333,0.076926609733,0.008709255655,0.00013357442957,0.039946263538,0.021652403651,0.062705054332,0.0070864039803
320.0,0.0085921805851,0.083613705157,0.078328939574,0.072599493962,0.084374689781,0.084233396642,0.0810765069,0.081483957963,0.077348335157,0.021747928329,0.081076408349,0.083336493951,0.077898853173,0.0049717158157,0.075456078259,0.080087398156,0.082340832311,0.052549901684,0.082038341838,0.08097398403,0.061613834331,0.076808772391,0.0086539478526,0.0001309529747,0.039810238098,0.021551398147,0.062562565071,0.0070365909258
320.5,0.008537473406,0.083535184682,0.078216638674,0.072470768556,0.084319163939,0.084166542649,0.081063314201,0.081386988145,0.07723247577,0.021646885733,0.081063215866,0.083303960787,0.077784945548,0.0049310888747,0.075334355071,0.080080246054,0.08224982628,0.052405437143,0.082018231744,0.080961460216,0.061471048907,0.076691115513,0.0085989912472,0.00012838296693,0.03967467573,0.021450863771,0.062420399463,0.0069871280018
321.0,0.00848311453,0.083456737943,0.07810449875,0.07234227137,0.084263674634,0.084099741707,0.081050123648,0.081290133706,0.077116789887,0.021546312575,0.081050025529,0.083271440323,0.077671204442,0.0048907939093,0.075212828182,0.080073094591,0.08215892081,0.052261369674,0.081998126579,0.080948938339,0.061328594292,0.076573638825,0.0085443836093,0.0001258633966,0.039539574859,0.021350798326,0.062278556774,0.0069380127477
321.5,0.0084291017401,0.083378364869,0.077992519573,0.072214002,0.084208221844,0.084032993774,0.081036935241,0.081193394509,0.07700127725,0.021446206675,0.081036837338,0.083238932551,0.077557629614,0.0048508282068,0.075091497274,0.080065943766,0.082068115789,0.052117698187,0.081978026342,0.080936418399,0.061186469721,0.076456342049,0.0084901227233,0.00012339327384,0.039404933914,0.021251199625,0.06213703627,0.00688924272
322.0,0.008375432833,0.083300065393,0.077880700912,0.072085960042,0.084152805543,0.083966298808,0.081023748981,0.081096770418,0.0768859376,0.021346565861,0.081023651294,0.083206437468,0.07744422082,0.0048111890771,0.074970362033,0.08005879358,0.081977411107,0.051974421594,0.081957931032,0.080923900395,0.06104467443,0.076339224912,0.0084362063878,0.00012097162823,0.03927075133,0.021152065492,0.06199583722,0.0068408154926
322.5,0.0083221056196,0.083221839444,0.077769042536,0.071958145094,0.084097425708,0.083899656767,0.081010564866,0.081000261295,0.076770770676,0.021247387974,0.081010467394,0.083173955068,0.077330977817,0.0047718738516,0.074849422141,0.080051644033,0.081886806654,0.051831538809,0.081937840647,0.080911384327,0.060903207656,0.076222287136,0.0083826324154,0.0001185975084,0.039137025548,0.02105339376,0.061854958896,0.0067927286562
323.0,0.0082691179248,0.083143686953,0.077657544217,0.071830556751,0.084042082315,0.083833067609,0.080997382897,0.080903867003,0.076655776222,0.021148670863,0.08099728564,0.083141485347,0.077217900364,0.0047328798839,0.074728677286,0.080044495124,0.081796302318,0.051689048751,0.081917755188,0.080898870195,0.060762068638,0.076105528449,0.0083293986325,0.00011626998163,0.039003755013,0.020955182273,0.061714400568,0.0067449798187
323.5,0.0082164675872,0.083065607853,0.077546205725,0.071703194614,0.083986775339,0.083766531293,0.080984203072,0.080807587407,0.076540953978,0.021050412386,0.080984106031,0.083109028299,0.077104988217,0.0046942045492,0.074608127152,0.080037346854,0.081705897988,0.05154695034,0.081897674652,0.080886357998,0.060621256618,0.075988948576,0.0082765028793,0.00011398813351,0.038870938176,0.020857428884,0.061574161511,0.0066975666044
324.0,0.0081641524591,0.082987602073,0.077435026831,0.07157605828,0.083931504758,0.083700047775,0.080971025392,0.080711422368,0.076426303686,0.020952610414,0.080970928566,0.08307658392,0.076992241137,0.0046558452438,0.074487771425,0.080030199221,0.081615593555,0.051405242501,0.081877599037,0.080873847736,0.060480770838,0.075872547243,0.0082239430098,0.00011175106759,0.038738573494,0.020760131457,0.061434241,0.0066504866548
324.5,0.0081121704068,0.082909669545,0.077324007306,0.07144914735,0.083876270547,0.083633617015,0.080957849856,0.080615371752,0.076311825091,0.020855262826,0.080957753245,0.083044152204,0.07687965888,0.0046177993856,0.074367609793,0.080023052227,0.081525388908,0.05126392416,0.081857528344,0.080861339409,0.060340610542,0.075756324177,0.0081717168914,0.000109557905,0.038606659428,0.020663287866,0.061294638312,0.0066037376276
325.0,0.0080605193097,0.0828318102,0.077213146922,0.071322461424,0.083821072681,0.083567238971,0.080944676463,0.080519435423,0.076197517933,0.02075836751,0.080944580068,0.083011733147,0.076767241208,0.0045800644135,0.074247641942,0.080015905872,0.081435283936,0.051122994248,0.081837462571,0.080848833017,0.060200774978,0.075640279105,0.0081198224053,0.00010740778412,0.038475194445,0.020566895994,0.061155352726,0.006557317197
325.5,0.0080091970612,0.082754023969,0.077102445451,0.071196000104,0.083765911138,0.0835009136,0.080931505215,0.080423613243,0.076083381957,0.020661922365,0.080931409035,0.082979326744,0.076654987879,0.0045426377873,0.07412786756,0.080008760154,0.08134527853,0.050982451696,0.081817401716,0.080836328559,0.060061263392,0.075524411754,0.0080682574461,0.00010529986024,0.038344177016,0.020470953735,0.061016383522,0.0065112230538
326.0,0.0079582015677,0.082676310784,0.076991902665,0.07106976299,0.083710785893,0.083434640861,0.080918336109,0.080327905078,0.075969416907,0.020565925301,0.080918240144,0.082946932989,0.076542898652,0.0045055169876,0.074008286336,0.080001615075,0.08125537258,0.050842295441,0.081797345778,0.080823826035,0.059922075035,0.075408721853,0.0080170199215,0.00010323330523,0.03821360562,0.020375458991,0.060877729982,0.0064654529046
326.5,0.0079075307491,0.082598670576,0.076881518336,0.070943749687,0.083655696922,0.083368420712,0.080905169147,0.080232310792,0.075855622527,0.020470374235,0.080905073396,0.082914551879,0.076430973289,0.0044686995155,0.073888897957,0.079994470634,0.081165565976,0.050702524421,0.081777294756,0.080811325444,0.059783209158,0.07529320913,0.0079661077528,0.00010120730721,0.038083478738,0.020280409677,0.060739391389,0.0064200044726
327.0,0.0078571825387,0.082521103277,0.076771292238,0.070817959796,0.083600644202,0.083302253112,0.080892004326,0.080136830249,0.07574199856,0.020375267096,0.080891908791,0.082882183407,0.07631921155,0.0044321828925,0.073769702114,0.07998732683,0.081075858608,0.050563137578,0.08175724865,0.080798826787,0.059644665015,0.075177873313,0.0079155188744,9.9221070229e-05,0.037953794857,0.020185803714,0.060601367029,0.0063748754966
327.5,0.0078071548825,0.082443608818,0.076661224144,0.070692392922,0.083545627709,0.083236138018,0.080878841648,0.080041463314,0.075628544753,0.020280601821,0.080878746327,0.08284982757,0.076207613196,0.0043959646606,0.073650698495,0.079980183665,0.080986250366,0.050424133856,0.081737207457,0.080786330063,0.05950644186,0.075062714132,0.0078652512337,9.7273813968e-05,0.037824552471,0.020091639035,0.060463656189,0.0063300637314
328.0,0.0077574457401,0.082366187131,0.076551313828,0.07056704867,0.083490647418,0.083170075389,0.080865681112,0.079946209851,0.07551526085,0.020186376357,0.080865586006,0.082817484361,0.076096177987,0.0043600423816,0.073531886792,0.079973041138,0.080896741142,0.050285512202,0.081717171176,0.080773835272,0.059368538951,0.074947731317,0.0078153027911,9.5364773415e-05,0.037695750077,0.019997913582,0.060326258157,0.0062855669477
328.5,0.0077080530837,0.082288838147,0.076441561063,0.070441926644,0.083435703306,0.083104065184,0.080852522717,0.079851069727,0.075402146597,0.020092588662,0.080852427825,0.082785153777,0.075984905687,0.0043244136373,0.073413266694,0.079965899248,0.080807330825,0.050147271568,0.081697139807,0.080761342413,0.059230955544,0.074832924597,0.0077656715203,9.3493198572e-05,0.037567386178,0.019904625307,0.060189172223,0.0062413829318
329.0,0.0076589748985,0.082211561798,0.076331965624,0.070317026452,0.08338079535,0.083038107361,0.080839366463,0.079756042806,0.07528920174,0.0199992367,0.080839271785,0.082752835812,0.075873796055,0.0042890760292,0.073294837893,0.079958757996,0.080718019306,0.050009410905,0.081677113348,0.080748851486,0.059093690902,0.074718293702,0.0077163554074,9.1658354159e-05,0.037439459282,0.01981177217,0.060052397678,0.0061975094855
329.5,0.0076102091827,0.082134358016,0.076222527285,0.070192347699,0.083325923524,0.082972201878,0.08082621235,0.079661128954,0.075176426026,0.019906318449,0.080826117887,0.082720530461,0.075762848856,0.0042540271786,0.073176600081,0.079951617382,0.080628806477,0.049871929169,0.081657091798,0.080736362491,0.058956744285,0.074603838365,0.0076673524516,8.9859519329e-05,0.037311967902,0.019719352144,0.059915933817,0.006153944426
330.0,0.0075617539471,0.082057226733,0.076113245821,0.070067889994,0.083271087807,0.082906348694,0.080813060377,0.079566328036,0.075063819201,0.019813831893,0.080812966128,0.082688237719,0.075652063851,0.0042192647261,0.07305855295,0.079944477406,0.080539692228,0.049734825321,0.081637075155,0.080723875427,0.058820114957,0.074489558315,0.0076186606646,8.8095987379e-05,0.037184910556,0.019627363207,0.059779779933,0.006110685586
330.5,0.0075136072151,0.081980167881,0.076004121008,0.069943652945,0.083216288173,0.082840547767,0.080799910544,0.079471639917,0.074951381013,0.019721775027,0.080799816509,0.082655957582,0.075541440804,0.0041847863314,0.072940696192,0.079937338067,0.08045067645,0.04959809832,0.081617063419,0.080711390295,0.058683802183,0.074375453284,0.0075702780708,8.6367065477e-05,0.037058285766,0.019535803349,0.059643935323,0.0060677308133
331.0,0.0074657670227,0.081903181391,0.07589515262,0.069819636159,0.0831615246,0.082774799056,0.080786762851,0.079377064463,0.074839111209,0.019630145855,0.08078666903,0.082623690045,0.075430979478,0.0041505896737,0.072823029501,0.079930199366,0.080361759035,0.049461747133,0.081597056588,0.080698907094,0.05854780523,0.074261523006,0.0075222027073,8.4672074387e-05,0.036932092062,0.01944467057,0.059508399286,0.0060250779709
331.5,0.0074182314186,0.081826267196,0.075786340434,0.069695839248,0.083106797062,0.082709102519,0.080773617297,0.079282601542,0.074727009537,0.019538942388,0.08077352369,0.082591435102,0.075320679636,0.0041166724508,0.07270555257,0.079923061302,0.080272939874,0.049325770725,0.081577054661,0.080686425823,0.058412123367,0.074147767211,0.0074744326233,8.3010348205e-05,0.036806327977,0.019353962877,0.059373171121,0.0059827249367
332.0,0.0073709984636,0.081749425228,0.075677684226,0.069572261821,0.083052105538,0.082643458116,0.080760473882,0.079188251017,0.074615075745,0.019448162651,0.080760380489,0.082559192749,0.075210541043,0.0040830323796,0.072588265094,0.079915923875,0.080184218858,0.049190168069,0.081557057638,0.080673946483,0.058276755864,0.074034185634,0.0074269658808,8.1381234094e-05,0.036680992047,0.019263678289,0.059238250129,0.0059406696037
332.5,0.0073240662311,0.081672655419,0.075569183773,0.069448903488,0.082997450002,0.082577865804,0.080747332606,0.079094012757,0.074503309582,0.019357804674,0.080747239426,0.08252696298,0.075100563463,0.0040496671955,0.072471166767,0.079908787086,0.08009559588,0.049054938135,0.081537065515,0.080661469073,0.058141701993,0.073920778007,0.0073798005537,7.9784092029e-05,0.036556082818,0.019173814831,0.059103635612,0.0058989098796
333.0,0.0072774328067,0.081595957702,0.07546083885,0.069325763863,0.082942830432,0.082512325542,0.080734193468,0.078999886627,0.074391710797,0.019267866497,0.080734100502,0.082494745792,0.07499074666,0.0040165746523,0.072354257284,0.079901650935,0.08000707083,0.048920079901,0.081517078294,0.080648993592,0.058006961028,0.073807544064,0.0073329347284,7.8218294546e-05,0.036431598835,0.01908437054,0.058969326876,0.0058574436866
333.5,0.0072310962882,0.081519332008,0.075352649236,0.069202842556,0.082888246804,0.08244683729,0.080721056468,0.078905872495,0.07428027914,0.019178346171,0.080720963715,0.082462541178,0.074881090401,0.0039837525223,0.072237536341,0.07989451542,0.079918643601,0.048785592345,0.081497095971,0.080636520041,0.057872532245,0.073694483538,0.0072863665033,7.6683226497e-05,0.036307538654,0.018995343462,0.058835323227,0.005816268962
334.0,0.0071850547853,0.08144277827,0.075244614708,0.069080139182,0.082833699093,0.082381401006,0.080707921605,0.078811970225,0.074169014361,0.019089241755,0.080707829066,0.082430349135,0.074771594449,0.0039511985961,0.072121003634,0.079887380543,0.079830314084,0.048651474449,0.081477118547,0.08062404842,0.057738414919,0.073581596166,0.0072400939889,7.5178284803e-05,0.03618390083,0.01890673165,0.058701623971,0.005775383657
334.5,0.00713930642,0.08136629642,0.075136735043,0.068957653353,0.082779187277,0.082316016648,0.08069478888,0.078718179687,0.074057916209,0.019000551316,0.080694696554,0.082398169656,0.074662258572,0.0039189106821,0.07200465886,0.079880246303,0.079742082172,0.048517725196,0.081457146019,0.080611578727,0.057604608331,0.073468881681,0.0071941153079,7.3702878223e-05,0.036060683928,0.018818533167,0.058568228418,0.0057347857377
335.0,0.0070938493261,0.081289886391,0.07502901002,0.068835384685,0.082724711331,0.082250684175,0.080681658292,0.078624500747,0.073946984435,0.01891227293,0.080681566179,0.082366002738,0.074553082535,0.0038868866067,0.071888501716,0.0798731127,0.079653947757,0.048384343575,0.081437178387,0.080599110962,0.05747111176,0.07335633982,0.0071484285945,7.2256427119e-05,0.035937886515,0.018730746087,0.058435135879,0.0056944731841
335.5,0.0070486816494,0.081213548116,0.074921439417,0.068713332791,0.082670271233,0.082185403547,0.08066852984,0.078530933271,0.07383621879,0.018824404685,0.08066843794,0.082333848376,0.074444066104,0.0038551242142,0.071772531898,0.079865979734,0.079565910731,0.048251328574,0.08141721565,0.080586645126,0.057337924488,0.073243970316,0.0071030319952,7.0838363228e-05,0.035815507163,0.01864336849,0.058302345665,0.0056544439907
336.0,0.0070038015473,0.081137281527,0.074814023012,0.068591497288,0.082615866958,0.082120174722,0.080655403524,0.078437477129,0.073725619026,0.018736944673,0.080655311837,0.082301706563,0.074335209046,0.0038236213664,0.071656749107,0.079858847406,0.079477970987,0.048118679187,0.081397257806,0.080574181218,0.0572050458,0.073131772908,0.0070579236678,6.9448129441e-05,0.03569354445,0.018556398467,0.058169857091,0.0056146961659
336.5,0.0069592071892,0.081061086557,0.074706760586,0.068469877793,0.082561498484,0.082054997659,0.080642279344,0.078344132186,0.073615184894,0.018649890999,0.08064218787,0.082269577297,0.074226511129,0.0037923759424,0.071541153039,0.079851715714,0.079390128417,0.047986394408,0.081377304854,0.080561719237,0.05707247498,0.073019747331,0.0070131017823,6.8085179579e-05,0.035571996958,0.018469834117,0.058037669472,0.0055752277322
337.0,0.0069148967559,0.080984963138,0.074599651916,0.068348473922,0.082507165785,0.081989872317,0.0806291573,0.078250898311,0.073504916146,0.018563241775,0.080629066039,0.082237460571,0.074117972119,0.003761385839,0.071425743394,0.079844584658,0.079302382913,0.047854473236,0.081357356792,0.080549259184,0.056940211316,0.072907893322,0.0069685645198,6.6748978186e-05,0.035450863275,0.018383673548,0.057905782125,0.005536036726
337.5,0.00687086844,0.080908911203,0.074492696784,0.068227285293,0.08245286884,0.081924798654,0.080616037391,0.078157775372,0.073394812535,0.018476995122,0.080615946342,0.082205356381,0.074009591786,0.0037306489698,0.071310519872,0.07983745424,0.079214734369,0.047722914672,0.081337413621,0.080536801058,0.056808254096,0.072796210619,0.0069243100733,6.5439000313e-05,0.035330141991,0.018297914877,0.057774194368,0.0054971211973
338.0,0.0068271204454,0.080832930686,0.074385894968,0.068106311525,0.082398607624,0.081859776631,0.080602919617,0.078064763236,0.073284873813,0.01839114917,0.08060282878,0.082173264721,0.073901369896,0.0037001632657,0.071195482173,0.079830324459,0.079127182678,0.04759171772,0.081317475338,0.080524344859,0.056676602611,0.072684698959,0.0068803366472,6.4154731311e-05,0.035209831704,0.018212556229,0.057642905522,0.0054584792101
338.5,0.0067836509875,0.080757021519,0.074279246249,0.067985552237,0.082344382114,0.081794806206,0.080589803977,0.077971861773,0.073175099734,0.018305702057,0.080589713353,0.082141185588,0.073793306218,0.0036699266745,0.071080629997,0.079823195314,0.079039727732,0.047460881386,0.081297541942,0.080511890586,0.056545256152,0.072573358081,0.0068366424572,6.2895666634e-05,0.035089931015,0.01812759574,0.057511914907,0.0054201088418
339.0,0.0067404582932,0.080681183635,0.074172750408,0.067865007048,0.082290192286,0.081729887337,0.080576690471,0.07787907085,0.07306549005,0.01822065193,0.080576600059,0.082109118976,0.073685400522,0.0036399371606,0.070965963044,0.079816066806,0.078952369424,0.047330404678,0.081277613432,0.080499438239,0.056414214014,0.072462187723,0.0067932257304,6.1661311638e-05,0.03497043853,0.018043031551,0.057381221848,0.0053820081833
339.5,0.0066975406004,0.080605416967,0.074066407226,0.06774467558,0.082236038117,0.081665019985,0.080563579099,0.077786390335,0.072956044517,0.018135996945,0.080563488899,0.08207706488,0.073577652575,0.0036101927052,0.070851481017,0.079808938934,0.078865107649,0.047200286609,0.081257689807,0.080486987818,0.056283475491,0.072351187624,0.0067500847051,6.0451181384e-05,0.03485135286,0.017958861816,0.057250825667,0.0053441753391
340.0,0.0066548961585,0.080529721448,0.073960216484,0.067624557452,0.082181919584,0.081600204108,0.08055046986,0.077693820098,0.072846762889,0.018051735266,0.080550379873,0.082045023295,0.073470062149,0.0035806913058,0.070737183618,0.079801811699,0.078777942299,0.047070526194,0.081237771066,0.080474539323,0.05615303988,0.072240357524,0.0067072176309,5.9264800453e-05,0.034732672621,0.017875084694,0.057120725693,0.0053066084269
340.5,0.0066125232279,0.080454097012,0.073854177963,0.067504652287,0.082127836663,0.081535439666,0.080537362754,0.077601360008,0.072737644919,0.017967865066,0.080537272979,0.082012994217,0.073362629012,0.0035514309764,0.070623070549,0.0797946851,0.078690873267,0.046941122449,0.081217857207,0.080462092753,0.05602290648,0.072129697162,0.0066646227684,5.8101702754e-05,0.034614396433,0.017791698354,0.056990921251,0.0052693055775
341.0,0.0065704200801,0.080378543592,0.073748291446,0.067384959708,0.08207378933,0.081470726617,0.080524257781,0.077509009933,0.072628690363,0.017884384526,0.080524168218,0.08198097764,0.073255352934,0.0035224097474,0.070509141512,0.079787559138,0.078603900448,0.046812074395,0.08119794823,0.080449648108,0.055893074591,0.072019206278,0.0066222983893,5.6961431345e-05,0.034496522922,0.017708700973,0.056861411672,0.005232264935
341.5,0.0065285849976,0.080303061121,0.073642556714,0.067265479338,0.082019777562,0.081406064921,0.080511154941,0.077416769742,0.072519898976,0.017801291836,0.08051106559,0.08194897356,0.073148233687,0.0034936256648,0.070395396212,0.079780433812,0.078517023735,0.046683381054,0.081178044133,0.080437205388,0.055763543515,0.071908884612,0.0065802427761,5.584353825e-05,0.034379050716,0.017626090739,0.056732196287,0.0051954846566
342.0,0.0064870162738,0.080227649533,0.07353697355,0.0671462108,0.081965801336,0.081341454538,0.080498054232,0.077324639305,0.072411270515,0.017718585195,0.080497965093,0.081916981972,0.073041271041,0.0034650767911,0.070281834352,0.079773309123,0.078430243022,0.046555041452,0.081158144914,0.080424764592,0.055634312554,0.071798731907,0.0065384542225,5.4747584286e-05,0.03426197845,0.017543865844,0.056603274426,0.0051589629123
342.5,0.006445712213,0.08015230876,0.073431541736,0.06702715372,0.081911860629,0.081276895425,0.080484955656,0.077232618491,0.072302804735,0.017636262808,0.080484866728,0.081885002871,0.072934464767,0.0034367612044,0.070168455636,0.079766185069,0.078343558203,0.046427054616,0.081138250573,0.08041232572,0.055505381015,0.071688747903,0.0064969310329,5.3673138888e-05,0.034145304764,0.017462024493,0.056474645425,0.005122697885
343.0,0.0064046711303,0.080077038737,0.073326261057,0.066908307721,0.081857955416,0.081212387544,0.08047185921,0.07714070717,0.072194501392,0.01755432289,0.080471770494,0.081853036252,0.072827814637,0.0034086769983,0.070055259769,0.079759061652,0.078256969172,0.046299419578,0.081118361109,0.080399888772,0.055376748203,0.071578932342,0.0064556715222,5.2619779942e-05,0.0340290283,0.017380564895,0.056346308618,0.0050866877704
343.5,0.0063638913515,0.080001839397,0.073221131296,0.06678967243,0.081804085676,0.081147930852,0.080458764896,0.077048905211,0.072086360244,0.017472763665,0.080458676391,0.08182108211,0.072721320422,0.0033808222823,0.069942246456,0.079751938871,0.078170475824,0.04617213537,0.08109847652,0.080387453748,0.055248413427,0.071469284965,0.0064146740165,5.1587093618e-05,0.033913147708,0.017299485272,0.056218263343,0.0050509307768
344.0,0.0063233712131,0.079926710673,0.073116152235,0.066671247474,0.081750251383,0.08108352531,0.080445672712,0.076957212485,0.071978381048,0.017391583364,0.080445584418,0.08178914044,0.072614981895,0.0033531951812,0.069829415404,0.079744816726,0.078084078051,0.046045201028,0.081078596805,0.080375020646,0.055120375997,0.071359805517,0.0063739368521,5.0574674208e-05,0.03379766164,0.01721878385,0.056090508937,0.0050154251253
344.5,0.0062831090621,0.0798516525,0.073011323659,0.06655303248,0.081696452515,0.081019170877,0.080432582658,0.076865628861,0.071870563561,0.017310780227,0.080432494576,0.081757211238,0.072508798829,0.0033257938351,0.069716766319,0.079737695217,0.07799777575,0.045918615592,0.081058721963,0.080362589468,0.054992635224,0.071250493739,0.006333458376,4.9582123964e-05,0.033682568752,0.017138458866,0.055963044739,0.0049801690492
345.0,0.0062431032561,0.079776664811,0.072906645353,0.066435027075,0.08164268905,0.080954867513,0.080419494734,0.07677415421,0.071762907541,0.017230352501,0.080419406863,0.081725294499,0.072402770995,0.0032986163994,0.069604298906,0.079730574344,0.077911568814,0.045792378102,0.081038851993,0.080350160212,0.05486519042,0.071141349374,0.0062932369458,4.8609052946e-05,0.033567867709,0.017058508564,0.055835870093,0.0049451607944
345.5,0.0062033521632,0.07970174754,0.072802117102,0.066317230887,0.081588960962,0.080890615176,0.08040640894,0.076682788403,0.071655412747,0.017150298442,0.08040632128,0.081693390217,0.072296898167,0.0032716610445,0.069492012874,0.079723454107,0.077825457138,0.045666487603,0.081018986894,0.080337732879,0.054738040901,0.071032372167,0.0062532709295,4.7655078866e-05,0.033453557175,0.016978931197,0.055708984339,0.0049103986191
346.0,0.0061638541617,0.07962690062,0.072697738689,0.066199643547,0.08153526823,0.080826413827,0.080393325275,0.076591531309,0.071548078937,0.017070616315,0.080393237826,0.081661498388,0.07219118012,0.0032449259556,0.06937990793,0.079716334506,0.077739440617,0.04554094314,0.080999126663,0.080325307467,0.054611185983,0.070923561862,0.0062135587052,4.6719826939e-05,0.033339635822,0.016899725026,0.055582386823,0.0048758807937
346.5,0.0061246076404,0.079552123986,0.072593509901,0.066082264684,0.081481610829,0.080762263424,0.080380243739,0.076500382799,0.07144090587,0.016991304391,0.080380156501,0.081629619007,0.072085616625,0.0032184093331,0.069267983782,0.079709215541,0.077653519146,0.045415743764,0.080979271301,0.080312883977,0.054484624982,0.070814918203,0.0061740986616,4.5802929736e-05,0.033226102326,0.016820888318,0.05545607689,0.0048416056009
347.0,0.0060856109983,0.079477417572,0.072489430523,0.065965093928,0.081427988737,0.080698163928,0.080367164332,0.076409342744,0.071333893305,0.01691236095,0.080367077305,0.081597752069,0.071980207459,0.0031921093918,0.069156240139,0.079702097211,0.07756769262,0.045290888525,0.080959420806,0.080300462409,0.05435835722,0.070706440935,0.0061348891975,4.4904027036e-05,0.033112955366,0.016742419352,0.055330053887,0.0048075713353
347.5,0.0060468626445,0.079402781312,0.07238550034,0.065848130911,0.081374401931,0.080634115299,0.080354087053,0.076318411016,0.071227041003,0.016833784281,0.080354000236,0.08156589757,0.071874952394,0.0031660243611,0.06904467671,0.079694979517,0.077481960934,0.045166376479,0.080939575176,0.080288042762,0.054232382016,0.070598129803,0.0060959287219,4.402276569e-05,0.033000193627,0.016664316412,0.055204317163,0.0047737763034
348.0,0.0060083609985,0.079328215139,0.07228171914,0.065731375263,0.081320850386,0.080570117495,0.080341011901,0.076227587485,0.071120348723,0.01675557268,0.080340925295,0.081534055504,0.071769851207,0.003140152485,0.068933293203,0.079687862458,0.077396323983,0.045042206681,0.080919734411,0.080275625035,0.054106698693,0.070489984553,0.0060572156538,4.315879948e-05,0.032887815799,0.016586577791,0.055078866068,0.0047402188239
348.5,0.0059701044895,0.079253718989,0.072178086709,0.065614826618,0.081267334081,0.080506170476,0.080327938878,0.076136872022,0.071013816226,0.01667772445,0.080327852482,0.081502225867,0.071664903671,0.0031144920218,0.068822089331,0.079680746036,0.077310781663,0.044918378192,0.08089989851,0.080263209229,0.053981306576,0.070382004931,0.0060187484225,4.2311788981e-05,0.032775820575,0.01650920179,0.054953699954,0.0047068972272
349.0,0.0059320915569,0.079179292795,0.072074602833,0.065498484609,0.081213852991,0.080442274203,0.080314867981,0.0760462645,0.070907443273,0.016600237904,0.080314781796,0.081470408653,0.071560109563,0.003089041244,0.068711064802,0.079673630248,0.077225333868,0.044794890075,0.08088006747,0.080250795344,0.053856204988,0.070274190683,0.0059805254669,4.148140143e-05,0.032664206652,0.016432186717,0.054828818174,0.0046738098552
349.5,0.0058943206501,0.079104936492,0.071971267299,0.065382348869,0.081160407094,0.080378428635,0.080301799211,0.075955764789,0.070801229624,0.016523111361,0.080301713236,0.081438603859,0.071455468659,0.0030637984382,0.068600219327,0.079666515096,0.077139980495,0.044671741392,0.080860241292,0.080238383378,0.053731393259,0.070166541556,0.005942545236,4.0667310595e-05,0.032552972734,0.01635553089,0.054704220083,0.0046409550617
350.0,0.0058567902282,0.079030650013,0.071868079896,0.065266419032,0.081106996367,0.080314633731,0.080288732568,0.075865372762,0.070695175042,0.016446343148,0.080288646803,0.081406811478,0.071350980734,0.003038761905,0.068489552619,0.07965940058,0.07705472144,0.044548931213,0.080840419973,0.080225973332,0.053606870716,0.070059057298,0.0059048061888,3.9869196646e-05,0.032442117526,0.016279232632,0.054579905035,0.0046083312121
350.5,0.0058194987602,0.078956433294,0.07176504041,0.065150694735,0.081053620785,0.080250889452,0.080275668051,0.07577508829,0.070589279288,0.016369931601,0.080275582496,0.081375031507,0.071246645565,0.003013929959,0.068379064389,0.079652286699,0.076969556598,0.044426458606,0.080820603513,0.080213565205,0.05348263669,0.069951737656,0.0058673067938,3.908674603e-05,0.03233163974,0.016203290277,0.05445587239,0.0045759366831
351.0,0.0057824447248,0.078882286269,0.07166214863,0.065035175611,0.081000280327,0.080187195757,0.080262605659,0.075684911246,0.070483542124,0.016293875064,0.080262520315,0.08134326394,0.071142462929,0.0029893009284,0.068268754349,0.079645173453,0.076884485865,0.044304322644,0.080800791911,0.080201158997,0.053358690512,0.069844582378,0.0058300455294,3.8319651348e-05,0.032221538093,0.016127702164,0.054332121506,0.0045437698629
351.5,0.0057456266104,0.078808208873,0.071559404345,0.064919861298,0.080946974969,0.080123552607,0.080249545393,0.075594841501,0.070377963314,0.016218171886,0.080249460259,0.081311508772,0.071038432603,0.0029648731552,0.068158622212,0.079638060842,0.076799509137,0.044182522402,0.080780985164,0.080188754708,0.053235031516,0.069737591212,0.0057930208835,3.7567611233e-05,0.032111811302,0.016052466641,0.054208651743,0.0045118291511
352.0,0.0057090429151,0.078734201039,0.071456807341,0.064804751433,0.080893704688,0.080059959961,0.080236487252,0.075504878928,0.070272542619,0.016142820426,0.080236402327,0.081279765999,0.070934554364,0.0029406449949,0.068048667691,0.079630948867,0.07671462631,0.044061056958,0.080761183273,0.080176352338,0.053111659037,0.069630763908,0.0057562313538,3.6830330232e-05,0.032002458094,0.015977582064,0.054085462463,0.0044801129584
352.5,0.0056726921465,0.078660262704,0.07135435741,0.064689845653,0.080840469461,0.079996417778,0.080223431236,0.075415023399,0.070167279804,0.016067819049,0.080223346521,0.081248035617,0.07083082799,0.0029166148163,0.0679388905,0.079623837526,0.076629837281,0.043939925391,0.080741386235,0.080163951885,0.052988572412,0.069524100214,0.0057196754475,3.6107518692e-05,0.031893477196,0.015903046796,0.053962553029,0.0044486197068
353.0,0.0056365728216,0.078586393801,0.07125205434,0.064575143596,0.080787269265,0.07993292602,0.080210377344,0.075325274788,0.070062174631,0.015993166131,0.080210292839,0.081216317619,0.070727253259,0.0028927810018,0.067829290354,0.079616726821,0.076545141946,0.043819126784,0.08072159405,0.080151553351,0.052865770977,0.069417599879,0.005683351681,3.5398892644e-05,0.031784867342,0.015828859207,0.053839922807,0.0044173478292
353.5,0.005600683467,0.078512594265,0.07114989792,0.064460644901,0.080734104076,0.079869484646,0.080197325577,0.075235632967,0.069957226866,0.015918860051,0.080197241281,0.081184612001,0.07062382995,0.0028691419468,0.067719866966,0.079609616751,0.076460540201,0.043698660222,0.080701806717,0.080139156734,0.052743254073,0.069311262655,0.0056472585805,3.4704173691e-05,0.031676627268,0.015755017677,0.053717571162,0.0043862957698
354.0,0.0055650226186,0.078438864031,0.07104788794,0.064346349209,0.080680973872,0.079806093616,0.080184275933,0.075146097809,0.069852436271,0.015844899198,0.080184191846,0.081152918759,0.070520557841,0.0028456960599,0.067610620053,0.079602507315,0.076376031944,0.043578524793,0.080682024234,0.080126762034,0.052621021041,0.06920508829,0.0056113946814,3.4023088901e-05,0.031568755717,0.015681520591,0.053595497462,0.0043554619836
354.5,0.0055295888216,0.078365203035,0.070946024191,0.064232256158,0.08062787863,0.07974275289,0.080171228412,0.075056669187,0.069747802613,0.015771281969,0.080171144535,0.081121237887,0.070417436711,0.0028224417627,0.067501549328,0.079595398515,0.07629161707,0.043458719587,0.0806622466,0.080114369251,0.052499071224,0.069099076536,0.0055757585283,3.3355370697e-05,0.031461251433,0.015608366342,0.053473701077,0.0043248449362
355.0,0.0054943806306,0.078291611211,0.070844306463,0.064118365389,0.080574818327,0.079679462428,0.080158183014,0.074967346974,0.069643325656,0.015698006767,0.080158099346,0.081089569381,0.07031446634,0.0027993774896,0.067392654509,0.079588290349,0.076207295477,0.043339243696,0.080642473814,0.080101978385,0.052377403964,0.068993227144,0.0055403486751,3.2700756755e-05,0.031354113168,0.015535553333,0.053352181375,0.0042944431045
355.5,0.0054593966091,0.078218088494,0.070742734546,0.064004676545,0.080521792939,0.079616222191,0.08014513974,0.074878131044,0.069539005165,0.015625072002,0.08014505628,0.081057913236,0.070211646507,0.0027765016879,0.067283935313,0.079581182818,0.076123067062,0.043220096215,0.080622705874,0.080089589435,0.052256018609,0.068887539864,0.0055051636851,3.2058989898e-05,0.031247339676,0.015463079971,0.05323093773,0.0042642549756
356.0,0.0054246353301,0.078144634819,0.070641308233,0.063891189267,0.080468802445,0.079553032138,0.080132098587,0.07478902127,0.069434840907,0.015552476095,0.080132015337,0.081026269447,0.070108976993,0.0027538128176,0.067175391455,0.079574075922,0.076038931722,0.043101276243,0.08060294278,0.080077202401,0.052134914505,0.06878201445,0.0054702021303,3.1429817996e-05,0.031140929715,0.015390944671,0.053109969515,0.0042342790475
356.5,0.0053900953755,0.078071250121,0.070540027313,0.063777903197,0.08041584682,0.079489892229,0.080119059556,0.074700017526,0.069330832647,0.015480217469,0.080118976515,0.080994638009,0.070006457577,0.0027313093512,0.067067022653,0.07956696966,0.075954889353,0.042982782878,0.080583184531,0.080064817283,0.052014091,0.068676650653,0.005435462592,3.0812993868e-05,0.031034882047,0.015319145859,0.052989276104,0.0042045138288
357.0,0.0053557753362,0.077997934337,0.070438891579,0.06366481798,0.080362926042,0.079426802426,0.080106022647,0.074611119687,0.069226980152,0.015408294558,0.080105939815,0.080963018917,0.069904088041,0.0027089897737,0.066958828625,0.079559864033,0.075870939854,0.042864615224,0.080563431124,0.080052434081,0.051893547445,0.068571448226,0.0054009436607,3.0208275183e-05,0.030929195441,0.015247681963,0.052868856874,0.0041749578385
357.5,0.0053216738121,0.0779246874,0.070337900823,0.063551933259,0.080310040088,0.079363762688,0.08009298786,0.074522327625,0.069123283188,0.015336705803,0.080092905236,0.080931412167,0.069801868165,0.0026868525826,0.06685080909,0.079552759041,0.075787083121,0.042746772385,0.08054368256,0.080040052794,0.051773283192,0.068466406922,0.0053666439354,2.9615424368e-05,0.030823868667,0.015176551422,0.052748711203,0.0041456096058
358.0,0.0052877894121,0.077851509246,0.070237054837,0.063439248678,0.080257188935,0.079300772975,0.080079955193,0.074433641216,0.069019741524,0.015265449652,0.080079872778,0.080899817754,0.069699797731,0.0026648962874,0.066742963766,0.079545654683,0.075703319053,0.042629253469,0.080523938836,0.080027673421,0.051653297593,0.068361526493,0.0053325620244,2.903420851e-05,0.0307189005,0.015105752682,0.052628838468,0.0041164676706
358.5,0.0052541207538,0.077778399812,0.070136353413,0.063326763884,0.08020437256,0.079237833248,0.080066924647,0.074345060333,0.068916354925,0.015194524557,0.08006684244,0.080868235673,0.06959787652,0.0026431194101,0.066635292372,0.079538550959,0.075619647546,0.042512057586,0.080504199952,0.080015295964,0.051533590004,0.068256806695,0.0052986965446,2.8464399268e-05,0.03061428972,0.015035284194,0.052509238051,0.0040875305829
359.0,0.0052206664637,0.077705359031,0.070035796344,0.063214478521,0.08015159094,0.079174943468,0.080053896221,0.074256584851,0.068813123161,0.015123928983,0.080053814223,0.080836665919,0.069496104315,0.0026215204846,0.066527794628,0.07953144787,0.075536068499,0.042395183848,0.080484465906,0.08000292042,0.05141415978,0.06815224728,0.0052650461218,2.7905772782e-05,0.030510035111,0.014965144419,0.052389909334,0.0040587969028
359.5,0.005187425177,0.07763238684,0.069935383424,0.063102392236,0.080098844053,0.079112103593,0.080040869915,0.074168214644,0.068710046,0.015053661398,0.080040788125,0.080805108488,0.069394480897,0.0026000980568,0.066420470254,0.079524345415,0.075452581809,0.04227863137,0.080464736697,0.079990546791,0.051295006279,0.068047848003,0.0052316093904,2.7358109587e-05,0.030406135461,0.014895331823,0.052270851699,0.0040302652007
360.0,0.0051543955378,0.077559483175,0.069835114446,0.062990504677,0.080046131875,0.079049313586,0.080027845728,0.074079949588,0.068607123209,0.014983720278,0.080027764147,0.080773563374,0.069293006049,0.0025788506845,0.066313318971,0.079517243595,0.075369187375,0.042162399269,0.080445012325,0.079978175075,0.05117612886,0.067943608619,0.0051983849936,2.6821194522e-05,0.030302589561,0.014825844881,0.052152064531,0.0040019340568
360.5,0.0051215761984,0.07748664797,0.069734989203,0.062878815491,0.079993454384,0.078986573406,0.080014823661,0.073991789557,0.068504354558,0.014914104106,0.080014742288,0.080742030572,0.069191679554,0.0025577769372,0.066206340499,0.079510142408,0.075285885095,0.042046486665,0.080425292787,0.079965805272,0.051057526883,0.067839528884,0.0051653715832,2.6294816652e-05,0.030199396208,0.014756682073,0.052033547217,0.0039738020616
361.0,0.00508896582,0.077413881162,0.06963500749,0.062767324326,0.079940811557,0.078923883014,0.080001803713,0.073903734427,0.068401739817,0.014844811373,0.080001722548,0.080710510079,0.069090501195,0.0025368753962,0.06609953456,0.079503041856,0.075202674866,0.041930892679,0.080405578083,0.079953437383,0.050939199712,0.067735608553,0.0051325678194,2.5778769178e-05,0.030096554202,0.014687841888,0.051915299144,0.0039458678151
361.5,0.0050565630724,0.077341182687,0.069535169101,0.062656030831,0.079888203371,0.07886124237,0.079988785883,0.073815784072,0.068299278754,0.014775840576,0.079988704926,0.080679001889,0.068989470755,0.0025161446544,0.065992900876,0.079495941938,0.075119556587,0.041815616437,0.080385868212,0.079941071407,0.050821146708,0.067631847382,0.005099972371,2.5272849364e-05,0.029994062347,0.014619322821,0.051797319699,0.0039181299277
362.0,0.0050243666335,0.07726855248,0.069435473831,0.062544934657,0.079835629803,0.078798651434,0.079975770171,0.073727938368,0.06819697114,0.014707190219,0.079975689422,0.080647505997,0.06888858802,0.0024955833161,0.06588643917,0.079488842654,0.075036530157,0.041700657065,0.080366163171,0.079928707343,0.050703367238,0.067528245127,0.0050675839154,2.4776858448e-05,0.029891919451,0.014551123374,0.051679608275,0.0038905870189
362.5,0.0049923751899,0.077195990477,0.069335921474,0.062434035452,0.079783090831,0.078736110169,0.079962756578,0.073640197191,0.068094816744,0.014638858815,0.079962676036,0.080616022398,0.068787852772,0.002475189997,0.065780149163,0.079481744004,0.074953595474,0.041586013691,0.080346462961,0.079916345191,0.050585860668,0.067424801544,0.0050354011383,2.4290601573e-05,0.029790124327,0.014483242057,0.051562164261,0.0038632377185
363.0,0.0049605874365,0.077123496615,0.069236511825,0.062323332869,0.079730586431,0.078673618533,0.079949745101,0.073552560415,0.067992815339,0.01457084488,0.079949664767,0.080584551089,0.068687264796,0.0024549633243,0.06567403058,0.079474645987,0.074870752436,0.041471685449,0.08032676758,0.079903984951,0.050468626365,0.067321516392,0.0050034227335,2.3813887703e-05,0.029688675791,0.014415677386,0.051444987052,0.0038360806655
363.5,0.0049290020765,0.077051070828,0.069137244681,0.062212826558,0.079678116582,0.078611176488,0.079936735742,0.073465027918,0.067890966694,0.01450314694,0.079936655616,0.080553092063,0.068586823877,0.0024349019362,0.065568083144,0.079467548605,0.074788000943,0.041357671472,0.080307077026,0.079891626623,0.050351663699,0.067218389427,0.0049716474035,2.3346529552e-05,0.029587572663,0.014348427883,0.051328076041,0.0038091145087
364.0,0.0048976178214,0.076978713054,0.069038119837,0.062102516171,0.079625681259,0.078548783994,0.0799237285,0.073377599574,0.06778927058,0.014435763527,0.079923648581,0.080521645316,0.0684865298,0.0024150044821,0.065462306579,0.079460451857,0.074705340894,0.041243970896,0.080287391299,0.079879270206,0.050234972042,0.067115420408,0.0049400738587,2.2888343512e-05,0.029486813769,0.01428149208,0.051211430624,0.0037823379063
364.5,0.0048664333908,0.076906423228,0.068939137088,0.061992401362,0.079573280442,0.078486441013,0.079910723374,0.073290275261,0.067687726771,0.01436869318,0.079910643663,0.080490210844,0.06838638235,0.0023952696225,0.065356700609,0.079453355742,0.074622772187,0.04113058286,0.080267710398,0.079866915701,0.050118550764,0.067012609092,0.004908700818,2.2439149574e-05,0.029386397935,0.014214868513,0.051095050199,0.0037557495259
365.0,0.0048354475124,0.076834201286,0.068840296233,0.061882481783,0.079520914106,0.078424147504,0.079897720365,0.073203054853,0.067586335037,0.014301934444,0.07989764086,0.080458788641,0.068286381314,0.0023756960287,0.06525126496,0.079446260261,0.074540294721,0.041017506505,0.08024803432,0.079854563106,0.050002399241,0.066909955237,0.004877527008,2.1998771266e-05,0.029286323996,0.014148555725,0.050978934162,0.0037293480447
365.5,0.0048046589223,0.076762047166,0.068741597066,0.061772757089,0.079468582229,0.078361903428,0.079884719471,0.073115938228,0.06748509515,0.014235485872,0.079884640173,0.080427378703,0.068186526477,0.0023562823829,0.065145999358,0.079439165413,0.074457908396,0.040904740975,0.080228363066,0.079842212421,0.049886516847,0.066807458604,0.0048465511639,2.1567035576e-05,0.029186590787,0.014082552267,0.050863081915,0.0037031321489
366.0,0.0047740663644,0.076689960803,0.068643039385,0.061663226933,0.079416284789,0.078299708747,0.079871720692,0.073028925263,0.067384006884,0.014169346022,0.079871641602,0.080395981026,0.068086817625,0.0023370273783,0.065040903527,0.079432071199,0.074375613111,0.040792285416,0.080208696633,0.079829863647,0.049770902959,0.066705118951,0.0048157720286,2.114377289e-05,0.029087197148,0.014016856697,0.050747492859,0.003677100534
366.5,0.0047436685905,0.076617942133,0.068544622987,0.061553890972,0.079364021763,0.078237563421,0.079858724029,0.072942015833,0.067283070012,0.014103513461,0.079858645145,0.080364595603,0.067987254546,0.0023179297185,0.064935977195,0.079424977619,0.074293408765,0.040680138975,0.080189035022,0.079817516782,0.049655556955,0.066602936038,0.0047851883529,2.0728816921e-05,0.028988141924,0.013951467578,0.050632166395,0.0036512519049
367.0,0.0047134643607,0.076545991093,0.068446347671,0.06144474886,0.079311793127,0.078175467411,0.07984572948,0.072855209816,0.067182284307,0.01403798676,0.079845650804,0.080333222431,0.067887837026,0.0022989881177,0.064831220088,0.079417884672,0.074211295258,0.040568300804,0.080169378229,0.079805171827,0.049540478215,0.066500909625,0.0047547988959,2.0322004647e-05,0.028889423963,0.013886383481,0.050517101929,0.0036255849752
367.5,0.0046834524426,0.07647410762,0.068348213232,0.061335800255,0.079259598861,0.078113420677,0.079832737046,0.072768507089,0.067081649542,0.013972764499,0.079832658576,0.080301861504,0.067788564853,0.0022802013008,0.064726631933,0.079410792358,0.07412927249,0.040456770055,0.080149726255,0.079792828781,0.049425666119,0.066399039473,0.0047246024243,1.9923176243e-05,0.028791042117,0.013821602984,0.050402298864,0.0036000984679
368.0,0.0046536316119,0.076402291649,0.068250219471,0.061227044813,0.07920743894,0.078051423181,0.079819746726,0.072681907529,0.066981165492,0.013907845263,0.079819668463,0.080270512818,0.067689437813,0.002261568003,0.064622212458,0.079403700678,0.074047340361,0.040345545883,0.080130079098,0.079780487644,0.04931112005,0.066297325341,0.0046945977126,1.9532175022e-05,0.028692995242,0.01375712467,0.050287756608,0.0035747911148
368.5,0.0046240006521,0.076330543118,0.068152366185,0.061118482192,0.079155313343,0.077989474884,0.079806758519,0.072595411012,0.066880831931,0.013843227644,0.079806680463,0.080239176369,0.067590455696,0.0022430869697,0.064517961392,0.079396609631,0.073965498769,0.040234627446,0.080110436757,0.079768148416,0.049196839393,0.066195766992,0.0046647835432,1.9148847374e-05,0.028595282198,0.013692947129,0.050173474568,0.0035496616566
369.0,0.0045945583542,0.076258861964,0.068054653172,0.061010112049,0.079103222046,0.077927575747,0.079793772426,0.072509017418,0.066780648634,0.013778910242,0.079793694576,0.08020785215,0.067491618288,0.0022247569568,0.064413878462,0.079389519218,0.073883747616,0.040124013904,0.08009079923,0.079755811097,0.049082823531,0.066094364186,0.0046351587062,1.87730427e-05,0.02849790185,0.01362906896,0.050059452154,0.003524708843
369.5,0.0045653035172,0.076187248123,0.067957080233,0.060901934045,0.079051165028,0.07786572573,0.079780788446,0.072422726622,0.066680615375,0.013714891661,0.079780710802,0.080176540158,0.06739292538,0.0022065767303,0.064309963398,0.079382429437,0.073802086802,0.040013704419,0.080071166517,0.079743475685,0.048969071852,0.065993116686,0.0046057219995,1.840461336e-05,0.028400853064,0.013565488766,0.049945688776,0.0034999314323
370.0,0.0045362349476,0.076115701531,0.067859647165,0.060793947837,0.078999142265,0.077803924794,0.079767806578,0.072336538503,0.066580731931,0.013651170514,0.079767729141,0.080145240388,0.067294376759,0.0021885450662,0.064206215929,0.07937534029,0.073720516226,0.039903698155,0.080051538617,0.079731142181,0.048855583745,0.065892024254,0.0045764722284,1.8043414608e-05,0.028304134711,0.013502205157,0.049832183847,0.0034753281916
370.5,0.0045073514594,0.076044222126,0.067762353769,0.060686153087,0.078947153736,0.077742172902,0.079754826823,0.072250452939,0.066480998076,0.013587745417,0.079754749592,0.080113952835,0.067195972215,0.0021706607505,0.064102635785,0.079368251776,0.073639035788,0.03979399428,0.080031915527,0.079718810585,0.048742358598,0.065791086652,0.0045474082059,1.7689304542e-05,0.028207745669,0.01343921675,0.049718936778,0.0034508978968
371.0,0.0044786518744,0.075972809845,0.067665199845,0.060578549454,0.078895199417,0.077680470013,0.07974184918,0.072164469808,0.066381413587,0.013524614997,0.079741772155,0.080082677495,0.067097711537,0.0021529225792,0.063999222696,0.079361163894,0.073557645391,0.039684591961,0.080012297248,0.079706480896,0.048629395802,0.065690303644,0.0045185287526,1.7342144043e-05,0.028111684815,0.013376522167,0.049605946986,0.0034266393321
371.5,0.0044501350216,0.075901464624,0.067568185192,0.0604711366,0.078843279286,0.077618816089,0.079728873649,0.072078588987,0.066281978241,0.013461777883,0.07972879683,0.080051414361,0.066999594515,0.002135329358,0.063895976393,0.079354076646,0.073476344933,0.039575490371,0.079992683777,0.079694153114,0.04851669475,0.065589674992,0.0044898326964,1.7001796722e-05,0.028015951032,0.013314120039,0.049493213886,0.0034025512906
372.0,0.0044217997377,0.075830186401,0.067471309611,0.060363914187,0.07879139332,0.077557211092,0.079715900229,0.071992810356,0.066182691814,0.013399232714,0.079715823616,0.080020163431,0.066901620939,0.0021178799026,0.063792896607,0.079346990031,0.073395134316,0.039466688682,0.079973075115,0.079681827238,0.048404254836,0.065489200461,0.0044613188729,1.6668128869e-05,0.027920543208,0.013252009001,0.049380736895,0.0033786325736
372.5,0.0043936448667,0.075758975112,0.067374572903,0.060256881878,0.078739541498,0.077495654981,0.079702928919,0.071907133792,0.066083554083,0.013336978132,0.079702852512,0.079988924698,0.066803790599,0.0021005730382,0.063689983069,0.079339904048,0.07331401344,0.039358186072,0.079953471258,0.079669503269,0.048292075455,0.065388879814,0.0044329861249,1.6341009395e-05,0.027825460233,0.013190187696,0.049268515431,0.003354881991
373.0,0.00436566926,0.075687830695,0.067277974868,0.060150039334,0.078687723796,0.077434147719,0.079689959721,0.071821559175,0.065984564825,0.013275012788,0.079689883519,0.079957698159,0.066706103287,0.0020834075996,0.063587235512,0.079332818698,0.073232982206,0.039249981717,0.079933872207,0.079657181205,0.048180156002,0.065288712816,0.0044048333025,1.6020309786e-05,0.027730701002,0.013128654772,0.049156548916,0.0033312983609
373.5,0.0043378717762,0.075616753088,0.067181515309,0.06004338622,0.078635940193,0.077372689267,0.079676992633,0.071736086382,0.065885723819,0.013213335339,0.079676916637,0.079926483808,0.066608558792,0.0020663824311,0.063484653669,0.079325733981,0.073152040515,0.039142074799,0.07991427796,0.079644861048,0.048068495878,0.065188699232,0.0043768592634,1.5705904048e-05,0.027636264412,0.013067408884,0.049044836769,0.0033078805099
374.0,0.0043102512814,0.075545742226,0.067085194026,0.0599369222,0.078584190665,0.077311279586,0.079664027654,0.071650715293,0.065787030841,0.013151944445,0.079663951864,0.07989528164,0.066511156907,0.0020494963866,0.063382237271,0.079318649897,0.073071188269,0.0390344645,0.079894688516,0.079632542796,0.047957094479,0.065088838826,0.0043490628722,1.5397668663e-05,0.027542149365,0.013006448694,0.048933378413,0.0032846272726
374.5,0.0042828066486,0.075474798049,0.066989010821,0.059830646939,0.078532475191,0.077249918637,0.079651064785,0.071565445787,0.065688485672,0.013090838777,0.079650989201,0.079864091652,0.066413897423,0.0020327483292,0.063279986053,0.079311566445,0.072990425368,0.038927150004,0.079875103874,0.079620226449,0.047845951209,0.064989131364,0.0043214430009,1.5095482535e-05,0.027448354767,0.012945772869,0.048822173272,0.0032615374921
375.0,0.0042555367582,0.075403920492,0.066892965497,0.059724560102,0.078480793748,0.077188606382,0.079638104026,0.071480277743,0.065590088089,0.013030017009,0.079638028646,0.079832913838,0.066316780132,0.0020161371313,0.063177899747,0.079304483626,0.072909751714,0.038820130499,0.079855524033,0.079607912007,0.047735065468,0.064889576613,0.0042939985287,1.4799226943e-05,0.027354879527,0.012885380082,0.048711220771,0.0032386100194
375.5,0.0042284404978,0.075333109494,0.066797057856,0.059618661355,0.078429146313,0.077127342781,0.079625145375,0.07139521104,0.065491837871,0.012969477823,0.079625070201,0.079801748193,0.066219804825,0.0019996616747,0.063075978089,0.079297401439,0.072829167208,0.038713405175,0.07983594899,0.079595599469,0.047624436659,0.064790174338,0.0042667283417,1.4508785499e-05,0.027261722558,0.012825269014,0.048600520338,0.0032158437137
376.0,0.0042015167618,0.075262364991,0.066701287701,0.059512950365,0.078377532864,0.077066127798,0.079612188833,0.071310245558,0.065393734798,0.012909219904,0.079612113864,0.079770594712,0.066122971296,0.0019833208501,0.062974220813,0.079290319885,0.072748671751,0.038606973222,0.079816378746,0.079583288836,0.047514064189,0.064690924305,0.0042396313333,1.4224044097e-05,0.027168882778,0.01276543835,0.048490071398,0.0031932374421
376.5,0.0041747644518,0.075191686922,0.066605654834,0.059407426799,0.078325953379,0.077004961392,0.079599234399,0.071225381176,0.06529577865,0.012849241947,0.079599159635,0.079739453392,0.066026279338,0.0019671135574,0.062872627653,0.079283238963,0.072668265246,0.038500833835,0.0797968133,0.079570980107,0.047403947463,0.064591826283,0.0042127064038,1.3944890872e-05,0.027076359106,0.012705886783,0.048379873382,0.0031707900797
377.0,0.0041481824764,0.075121075225,0.066510159059,0.059302090324,0.078274407836,0.076943843525,0.079586282073,0.071140617774,0.065197969207,0.012789542651,0.079586207514,0.079708324227,0.065929728743,0.0019510387054,0.062771198346,0.079276158674,0.072587947595,0.03839498621,0.079777252648,0.079558673281,0.047294085889,0.064492880037,0.0041859524606,1.3671216153e-05,0.026984150466,0.012646613011,0.048269925719,0.0031485005095
377.5,0.0041217697512,0.075050529836,0.066414800179,0.059196940609,0.078222896212,0.076882774159,0.079573331855,0.071055955233,0.065100306248,0.012730120721,0.079573257501,0.079677207212,0.065833319305,0.001935095212,0.062669932626,0.079269079016,0.072507718698,0.038289429544,0.079757696792,0.079546368359,0.047184478876,0.064394085336,0.0041593684179,1.3402912421e-05,0.026892255786,0.012587615737,0.048160227841,0.0031263676225
378.0,0.0040955251985,0.074980050693,0.066319577998,0.059091977323,0.078171418484,0.076821753256,0.079560383744,0.070971393431,0.065002789555,0.012670974869,0.079560309594,0.079646102344,0.065737050817,0.0019192820037,0.062568830232,0.079261999991,0.072427578458,0.038184163039,0.079738145729,0.079534065339,0.047075125834,0.064295441947,0.0041329531967,1.313987427e-05,0.026800673999,0.012528893674,0.048050779182,0.0031043903174
378.5,0.0040694477478,0.074909637735,0.066224492321,0.058987200136,0.078119974631,0.076760780776,0.079547437739,0.070886932249,0.064905418908,0.012612103811,0.079547363794,0.079615009616,0.065640923074,0.0019035980159,0.062467890898,0.079254921599,0.072347526777,0.038079185896,0.079718599459,0.079521764223,0.046966026175,0.06419694964,0.0041067057253,1.288199836e-05,0.026709404037,0.012470445536,0.047941579175,0.0030825675004
379.0,0.004043536335,0.074839290899,0.066129542952,0.058882608717,0.07806856463,0.076699856682,0.079534493841,0.070802571568,0.06480819409,0.012553506272,0.079534420101,0.079583929024,0.06554493587,0.0018880421926,0.062367114362,0.079247843838,0.072267563557,0.037974497321,0.07969905798,0.079509465009,0.046857179312,0.064098608182,0.0040806249382,1.2629183379e-05,0.026618444841,0.012412270046,0.047832627256,0.0030608980858
379.5,0.004017789903,0.074769010124,0.066034729694,0.058778202737,0.07801718846,0.076638980936,0.07952155205,0.070718311267,0.064711114881,0.012495180981,0.079521478514,0.079552860563,0.065449089,0.0018726134867,0.062266500363,0.079240766709,0.0721876887,0.037870096521,0.079679521291,0.079497167697,0.04674858466,0.064000417343,0.0040547097772,1.2381330005e-05,0.026527795353,0.012354365933,0.047723922861,0.0030393809953
380.0,0.0039922074016,0.074698795346,0.065940052354,0.058673981867,0.077965846096,0.076578153497,0.079508612364,0.070634151228,0.064614181064,0.012437126672,0.079508539032,0.07952180423,0.065353382258,0.0018573108593,0.062166048637,0.079233690212,0.072107902109,0.037765982704,0.07965998939,0.079484872287,0.046640241634,0.063902376891,0.0040289591905,1.2138340863e-05,0.026437454517,0.01229673193,0.047615465429,0.0030180151581
380.5,0.0039667877869,0.074628646504,0.065845510737,0.05856994578,0.077914537519,0.07651737433,0.079495674783,0.070550091331,0.064517392422,0.012379342087,0.079495601656,0.079490760018,0.065257815439,0.0018421332802,0.062065758924,0.079226614348,0.072028203687,0.037662155082,0.079640462278,0.079472578779,0.046532149652,0.063804486598,0.004003372133,1.1900120491e-05,0.026347421285,0.012239366779,0.047507254398,0.0029967995112
381.0,0.003941530022,0.074558563537,0.065751104647,0.058466094148,0.077863262704,0.076456643394,0.079482739308,0.070466131457,0.064420748735,0.012321825973,0.079482666385,0.079459727924,0.06516238834,0.0018270797277,0.061965630961,0.079219539115,0.071948593335,0.037558612869,0.079620939951,0.079460287172,0.046424308132,0.063706746233,0.0039779475663,1.1666575301e-05,0.026257694608,0.012182269224,0.04739928921,0.0029757329987
381.5,0.0039164330763,0.074488546382,0.065656833892,0.058362426643,0.077812021631,0.076395960652,0.079469805937,0.070382271488,0.064324249789,0.012264577082,0.079469733218,0.079428707942,0.065067100756,0.0018121491881,0.061865664489,0.079212464514,0.071869070958,0.037455355281,0.079601422411,0.079447997466,0.046316716494,0.063609155566,0.0039526844587,1.1437613538e-05,0.026168273444,0.012125438018,0.047291569307,0.0029548145726
382.0,0.0038914959259,0.074418594977,0.065562698276,0.05825894294,0.077760814276,0.076335326066,0.079456874671,0.070298511303,0.064227895366,0.012207594173,0.079456802156,0.079397700069,0.064971952483,0.0017973406564,0.061765859247,0.079205390545,0.071789636456,0.037352381534,0.079581909654,0.079435709661,0.04620937416,0.063511714368,0.0039275817849,1.1213145253e-05,0.026079156752,0.012068871918,0.04718409413,0.0029340431917
382.5,0.0038667175536,0.074348709261,0.065468697606,0.058155642712,0.077709640618,0.076274739598,0.079443945509,0.070214850785,0.064131685249,0.01215087601,0.079443873198,0.079366704298,0.064876943317,0.0017826531354,0.061666214975,0.079198317207,0.071710289734,0.037249690849,0.07956240168,0.079423423756,0.046102280551,0.06341442241,0.0039026385261,1.0993082257e-05,0.025990343496,0.012012569689,0.047076863125,0.0029134178226
383.0,0.0038420969483,0.074278889173,0.065374831689,0.058052525634,0.077658500635,0.076214201208,0.079431018451,0.070131289816,0.064035619223,0.012094421364,0.079430946344,0.079335720625,0.064782073056,0.0017680856365,0.061566731414,0.079191244501,0.071631030695,0.037147282449,0.079542898488,0.079411139751,0.045995435092,0.063317279464,0.00387785367,1.0777338096e-05,0.025901832644,0.011956530098,0.046969875738,0.002892937439
383.5,0.0038176331057,0.074209134649,0.065281100332,0.057949591382,0.077607394303,0.07615371086,0.079418093496,0.070047828275,0.063939697072,0.012038229009,0.079418021593,0.079304749047,0.064687341496,0.0017536371788,0.061467408304,0.079184172427,0.071551859241,0.037045155557,0.079523400077,0.079398857647,0.045888837207,0.063220285302,0.0038532262109,1.056582801e-05,0.025813623166,0.011900751922,0.046863131414,0.0028726010216
384.0,0.0037933250276,0.07413944563,0.065187503341,0.057846839632,0.077556321602,0.076093268515,0.079405170644,0.069964466046,0.06384391858,0.011982297728,0.079405098944,0.079273789557,0.064592748434,0.0017393067896,0.061368245388,0.079177100984,0.071472775275,0.036943309399,0.079503906445,0.079386577441,0.045782486324,0.063123439696,0.0038287551491,1.0358468903e-05,0.025725714036,0.01184523394,0.046756629603,0.0028524075587
384.5,0.0037691717224,0.074069822053,0.065094040525,0.057744270059,0.077505282509,0.076032874134,0.079392249895,0.06988120301,0.063748283533,0.011926626306,0.079392178399,0.079242842151,0.064498293669,0.0017250935041,0.061269242406,0.079170030173,0.071393778702,0.036841743205,0.079484417591,0.079374299135,0.045676381871,0.063026742419,0.0038044394917,1.0155179312e-05,0.025638104231,0.01178997494,0.046650369754,0.0028323560452
385.0,0.0037451722046,0.074000263857,0.065000711691,0.057641882341,0.077454277002,0.075972527681,0.079379331249,0.06979803905,0.063652791715,0.011871213538,0.079379259956,0.079211906825,0.064403976998,0.0017109963654,0.0611703991,0.079162959993,0.071314869425,0.036740456204,0.079464933515,0.079362022728,0.045570523276,0.062930193243,0.0037802782517,9.9558793695e-06,0.025550792734,0.011734973713,0.046544351317,0.0028124454835
385.5,0.003721325495,0.073930770981,0.064907516646,0.057539676156,0.077403305058,0.075912229116,0.079366414704,0.069714974046,0.063557442913,0.011816058222,0.079366343614,0.079180983574,0.064309798219,0.0016970144243,0.061071715215,0.079155890444,0.071236047347,0.036639447631,0.079445454214,0.07934974822,0.04546490997,0.062833791941,0.0037562704487,9.7604907773e-06,0.025463778529,0.011680229056,0.046438573744,0.0027926748828
386.0,0.0036976306209,0.073861343362,0.0648144552,0.057437651182,0.077352366657,0.075851978402,0.079353500261,0.069632007882,0.063462236912,0.011761159161,0.079353429375,0.079150072393,0.06421575713,0.0016831467396,0.060973190491,0.079148821527,0.071157312371,0.036538716718,0.079425979689,0.07933747561,0.045359541385,0.062737538288,0.0037324151083,9.5689367733e-06,0.025377060603,0.011625739774,0.046333036488,0.0027730432593
386.5,0.0036740866155,0.073791980941,0.064721527161,0.057335807097,0.077301461775,0.075791775502,0.07934058792,0.06954914044,0.063367173498,0.011706515164,0.079340517236,0.079119173277,0.064121853531,0.0016693923777,0.060874824674,0.079141753241,0.071078664403,0.036438262704,0.079406509936,0.079325204898,0.045254416954,0.062641432056,0.0037087112623,9.3811421022e-06,0.025290637948,0.011571504675,0.046227739004,0.0027535496361
387.0,0.0036506925182,0.073722683655,0.064628732338,0.057234143582,0.07725059039,0.075731620376,0.079327677679,0.069466371603,0.063272252458,0.011652125047,0.079327607199,0.079088286222,0.064028087221,0.0016557504124,0.060776617506,0.079134685587,0.071000103345,0.036338084828,0.079387044957,0.079312936084,0.045149536112,0.062545473022,0.0036851579488,9.1970329853e-06,0.02520450956,0.011517522574,0.046122680747,0.0027341930432
387.5,0.0036274473747,0.073653451444,0.064536070539,0.057132660315,0.077199752481,0.075671512987,0.07931476954,0.069383701253,0.063177473579,0.011597987631,0.079314699262,0.079057411223,0.063934457998,0.0016422199253,0.060678568733,0.079127618563,0.070921629101,0.036238182329,0.079367584748,0.079300669167,0.045044898294,0.062449660958,0.0036617542119,9.0165370921e-06,0.025118674436,0.01146379229,0.046017861175,0.0027149725174
388.0,0.0036043502365,0.073584284247,0.064443541574,0.057031356977,0.077148948026,0.075611453297,0.0793018635,0.069301129273,0.063082836647,0.011544101741,0.079301793426,0.079026548275,0.063840965663,0.0016288000055,0.060580678098,0.079120552171,0.070843241576,0.036138554453,0.07934812931,0.079288404148,0.044940502938,0.06235399564,0.0036384991017,8.8395835112e-06,0.025033131579,0.011410312648,0.045913279744,0.0026958871022
388.5,0.0035814001613,0.073515182002,0.064351145252,0.056930233249,0.077098177002,0.075551441269,0.079288959561,0.069218655546,0.062988341451,0.011490466208,0.079288889689,0.078995697374,0.063747610016,0.0016154897496,0.060482945346,0.079113486409,0.070764940674,0.036039200443,0.079328678641,0.079276141025,0.044836349481,0.062258476844,0.0036153916745,8.6661027234e-06,0.024947879993,0.011357082481,0.045808935915,0.002676935848
389.0,0.0035585962129,0.073446144648,0.064258881385,0.056829288814,0.077047439388,0.075491476864,0.079276057721,0.069136279956,0.062893987779,0.01143707987,0.079275988052,0.078964858514,0.063654390856,0.0016022882613,0.060385370224,0.079106421279,0.070686726299,0.035940119548,0.079309232739,0.079263879799,0.044732437364,0.062163104345,0.0035924309925,8.4960265735e-06,0.024862918688,0.011304100623,0.045704829148,0.0026581178117
389.5,0.0035359374608,0.073377172125,0.064166749781,0.056728523352,0.076996735161,0.075431560045,0.07926315798,0.069054002385,0.062799775417,0.011383941569,0.079263088514,0.078934031692,0.063561307985,0.0015891946518,0.060287952477,0.079099356779,0.070608598356,0.035841311017,0.079289791604,0.07925162047,0.044628766028,0.062067877919,0.0035696161238,8.329288244e-06,0.024778246674,0.011251365918,0.045600958905,0.0026394320569
390.0,0.0035134229806,0.073308264371,0.064074750251,0.056627936548,0.0769460643,0.075371690774,0.079250260339,0.068971822717,0.062705704155,0.011331050152,0.079250191075,0.078903216902,0.063468361203,0.0015762080397,0.060190691852,0.079092292911,0.070530556749,0.035742774101,0.079270355234,0.079239363036,0.044525334914,0.061972797342,0.0035469461425,8.1658222287e-06,0.024693862968,0.011198877211,0.045497324648,0.0026208776538
390.5,0.0034910518537,0.073239421326,0.063982882606,0.056527528083,0.076895426783,0.075311869014,0.079237364796,0.068889740835,0.062611773782,0.011278404472,0.079237295734,0.07887241414,0.063375550311,0.0015633275507,0.060093588094,0.079085229673,0.070452601382,0.035644508054,0.079250923629,0.079227107498,0.044422143466,0.061877862392,0.0035244201286,8.0055643069e-06,0.024609766588,0.011146633356,0.045393925842,0.0026024536791
391.0,0.0034688231675,0.073170642929,0.063891146658,0.056427297643,0.076844822587,0.075252094726,0.079224471351,0.068807756623,0.062517984087,0.011226003388,0.079224402492,0.078841623401,0.06328287511,0.0015505523174,0.059996640952,0.079078167066,0.070374732161,0.035546512131,0.079231496786,0.079214853856,0.04431919113,0.061783072844,0.0035020371678,7.8484515185e-06,0.024525956556,0.011094633211,0.045290761953,0.002584159216
391.5,0.0034467360151,0.07310192912,0.063799542216,0.05632724491,0.076794251691,0.075192367872,0.079211580005,0.068725869965,0.062424334858,0.011173845764,0.079211511348,0.078810844681,0.063190335403,0.0015378814798,0.059899850173,0.07907110509,0.070296948991,0.03544878559,0.079212074706,0.079202602109,0.044216477351,0.061688428478,0.0034797963518,7.6944221387e-06,0.024442431897,0.011042875639,0.045187832446,0.0025659933542
392.0,0.0034247894953,0.073033279837,0.063708069093,0.056227369571,0.076743714073,0.075132688417,0.079198690756,0.068644080745,0.062330825886,0.011121930468,0.079198622301,0.078780077974,0.063097930991,0.0015253141849,0.059803215504,0.079064043744,0.070219251775,0.035351327691,0.079192657386,0.079190352256,0.044114001577,0.061593929069,0.003457696778,7.5434156544e-06,0.024359191639,0.010991359508,0.04508513679,0.0025479551896
392.5,0.0034029827127,0.07296469502,0.063616727101,0.056127671311,0.076693209711,0.075073056321,0.079185803604,0.068562388847,0.062237456961,0.011070256374,0.079185735351,0.078749323276,0.063005661677,0.0015128495866,0.059706736694,0.079056983029,0.07014164042,0.035254137695,0.079173244826,0.079178104298,0.044011763257,0.061499574397,0.0034357375493,7.3953727397e-06,0.024276234816,0.010940083693,0.044982674453,0.0025300438247
393.0,0.0033813147777,0.072896174609,0.063525516051,0.056028149816,0.076642738583,0.075013471547,0.079172918549,0.068480794156,0.062144227873,0.011018822362,0.079172850498,0.078718580582,0.062913527263,0.0015004868455,0.059610413492,0.079049922944,0.070064114831,0.035157214867,0.079153837025,0.079165858235,0.043909761839,0.061405364239,0.0034139177747,7.2502352336e-06,0.024193560462,0.010889047072,0.044880444907,0.0025122583681
393.5,0.0033597848062,0.072827718542,0.063434435757,0.055928804772,0.076592300667,0.074953934057,0.079160035591,0.068399296554,0.062051138412,0.010967627316,0.079159967741,0.078687849888,0.062821527552,0.0014882251295,0.059514245648,0.07904286349,0.069986674912,0.035060558472,0.07913443398,0.079153614065,0.043807996777,0.061311298375,0.0033922365685,7.1079461157e-06,0.024111167615,0.010838248529,0.044778447622,0.0024945979349
394.0,0.0033383919199,0.072759326761,0.063343486029,0.055829635867,0.076541895941,0.074894443815,0.079147154729,0.068317895928,0.06195818837,0.010916670126,0.079147087081,0.078657131189,0.062729662347,0.001476063613,0.059418232909,0.079035804666,0.069909320569,0.034964167777,0.079115035692,0.079141371789,0.043706467522,0.061217376584,0.0033706930509,6.9684494854e-06,0.024029055318,0.010787686955,0.044676682071,0.0024770616463
394.5,0.0033171352459,0.072690999203,0.063252666683,0.055730642789,0.076491524384,0.074835000782,0.079134275963,0.068236592161,0.061865377538,0.010865949688,0.079134208517,0.07862642448,0.062637931452,0.0014640014772,0.059322375027,0.079028746473,0.069832051708,0.034868042053,0.079095642158,0.079129131407,0.043605173528,0.061123598644,0.0033492863474,6.8316905389e-06,0.023947222615,0.010737361243,0.044575147727,0.0024596486296
395.0,0.003296013917,0.07262273581,0.06316197753,0.055631825225,0.076441185974,0.074775604922,0.079121399292,0.068155385139,0.061772705708,0.010815464901,0.079121332048,0.078595729757,0.06254633467,0.00145203791,0.059226671752,0.07902168891,0.069754868234,0.034772180571,0.079076253379,0.079116892917,0.04350411425,0.061029964336,0.0033280155894,6.6976155479e-06,0.023865668554,0.010687270295,0.044473844067,0.0024423580182
395.5,0.0032750270715,0.07255453652,0.063071418384,0.055533182865,0.076390880688,0.074716256196,0.079108524717,0.068074274747,0.061680172671,0.01076521467,0.079108457674,0.078565047015,0.062454871806,0.0014401721059,0.059131122834,0.079014631977,0.069677770053,0.034676582605,0.079056869352,0.079104656321,0.043403289145,0.06093647344,0.0033068799135,6.5661718385e-06,0.023784392188,0.010637413013,0.044372770566,0.0024251889519
396.0,0.0032541738531,0.072486401274,0.062980989059,0.055434715398,0.076340608506,0.074656954568,0.079095652237,0.067993260868,0.061587778219,0.010715197906,0.079095585395,0.078534376249,0.062363542662,0.0014284032661,0.059035728025,0.079007575675,0.06960075707,0.034581247431,0.079037490076,0.079092421617,0.043302697669,0.060843125736,0.003285878462,6.4373077708e-06,0.02370339257,0.01058778831,0.044271926701,0.0024081405761
396.5,0.0032334534111,0.072418330012,0.062890689368,0.055336422514,0.076290369405,0.074597699999,0.079082781851,0.06791234339,0.061495522146,0.010665413523,0.07908271521,0.078503717455,0.062272347045,0.0014167305983,0.058940487077,0.079000520002,0.069523829192,0.034486174327,0.079018115551,0.079080188805,0.043202339283,0.060749921005,0.0032650103824,6.310972718e-06,0.02362266876,0.0105383951,0.044171311951,0.0023912120427
397.0,0.0032128649,0.072350322672,0.062800519126,0.055238303904,0.076240163364,0.074538492453,0.079069913559,0.067831522196,0.061403404243,0.010615860443,0.079069847119,0.078473070627,0.062181284759,0.0014051533164,0.05884539974,0.07899346496,0.069446986324,0.034391362572,0.078998745774,0.079067957885,0.043102213445,0.060656859028,0.003244274828,6.1871170472e-06,0.023542219817,0.010489232303,0.044070925795,0.0023744025091
397.5,0.0031924074799,0.072282379196,0.062710478148,0.055140359258,0.07618999036,0.074479331893,0.079057047361,0.067750797173,0.061311424305,0.010566537591,0.079056981123,0.078442435762,0.06209035561,0.0013936706412,0.058750465768,0.078986410547,0.069370228373,0.034296811449,0.078979380746,0.079055728856,0.043002319617,0.060563939587,0.003223670957,6.0656920992e-06,0.023462044807,0.010440298844,0.043970767716,0.0023577111389
398.0,0.0031720803162,0.072214499523,0.062620566248,0.055042588269,0.076139850373,0.07442021828,0.079044183257,0.067670168205,0.061219582124,0.010517443896,0.079044117219,0.078411812854,0.061999559401,0.0013822817995,0.058655684914,0.078979356765,0.069293555245,0.03420252024,0.078960020464,0.079043501719,0.042902657263,0.060471162463,0.0032031979334,5.9466501702e-06,0.023382142797,0.010391593654,0.043870837194,0.0023411371015
398.5,0.0031518825795,0.072146683594,0.062530783241,0.054944990628,0.076089743379,0.074361151578,0.079031321246,0.06758963518,0.061127877494,0.010468578295,0.079031255409,0.078381201899,0.06190889594,0.0013709860245,0.05856105693,0.078972303612,0.069216966846,0.034108488232,0.078940664928,0.079031276474,0.042803225845,0.060378527438,0.0031828549262,5.8299444924e-06,0.023302512857,0.010343115668,0.043771133714,0.0023246795722
399.0,0.0031318134458,0.072078931348,0.062441128942,0.054847566027,0.076039669359,0.07430213175,0.079018461327,0.067509197982,0.06103631021,0.010419939728,0.079018395691,0.078350602892,0.061818365033,0.0013597825557,0.05846658157,0.07896525109,0.069140463082,0.034014714712,0.078921314137,0.079019053118,0.042704024829,0.060286034295,0.0031626411097,5.7155292157e-06,0.023223154062,0.010294863826,0.043671656759,0.0023083377319
399.5,0.0031118720962,0.072011242726,0.062351603167,0.054750314162,0.075989628289,0.074243158759,0.079005603501,0.067428856497,0.060944880065,0.01037152714,0.079005538066,0.078320015829,0.061727966485,0.0013486706389,0.058372258589,0.078958199197,0.06906404386,0.03392119897,0.078901968088,0.079006831654,0.04260505368,0.060193682817,0.0031425556636,5.60335939e-06,0.023144065488,0.010246837073,0.043572405815,0.0022921107675
400.0,0.0030920577172,0.071943617668,0.062262205732,0.054653234724,0.075939620149,0.074184232566,0.078992747768,0.067348610613,0.060853586855,0.01032333948,0.078992682533,0.078289440705,0.061637700103,0.0013376495259,0.058278087739,0.078951147934,0.068987709086,0.033827940298,0.078882626782,0.078994612079,0.042506311868,0.060101472786,0.0031225977727,5.4933909475e-06,0.023065246216,0.01019903436,0.04347338037,0.0022759978715
400.5,0.0030723695004,0.071876056114,0.062172936453,0.054556327408,0.075889644916,0.074125353136,0.078979894126,0.067268460214,0.060762430374,0.010275375705,0.078979829092,0.078258877515,0.061547565694,0.0013267184747,0.058184068777,0.0789440973,0.068911458668,0.033734937988,0.078863290217,0.078982394394,0.04240779886,0.060009403987,0.0031027666271,5.3855806848e-06,0.022986695329,0.010151454641,0.04337457991,0.0022599982421
401.0,0.0030528066425,0.071808558005,0.062083795146,0.05445959191,0.075839702569,0.074066520431,0.078967042576,0.067188405188,0.060671410418,0.010227634773,0.078966977742,0.078228326255,0.061457563065,0.0013158767494,0.058090201457,0.078937047297,0.068835292512,0.033642191337,0.078843958392,0.078970178599,0.042309514126,0.059917476202,0.0030830614217,5.2798862467e-06,0.022908411913,0.010104096876,0.043276003926,0.002244111083
401.5,0.0030333683453,0.071741123281,0.061994781628,0.054363027925,0.075789793087,0.074007734413,0.078954193116,0.067108445421,0.060580526782,0.01018011565,0.078954128483,0.07819778692,0.061367692023,0.00130512362,0.057996485535,0.078929997922,0.068759210526,0.033549699641,0.078824631305,0.078957964693,0.042211457137,0.059825689216,0.003063481357,5.1762661093e-06,0.022830395059,0.010056960031,0.043177651907,0.0022283356038
402.0,0.0030140538159,0.071673751882,0.061905895716,0.054266635148,0.075739916447,0.073948995047,0.078941345748,0.067028580799,0.060489779262,0.010132817305,0.078941281314,0.078167259505,0.061277952377,0.0012944583626,0.057902920767,0.078922949178,0.068683212615,0.033457462201,0.078805308955,0.078945752677,0.042113627367,0.059734042814,0.0030440256383,5.0746795636e-06,0.022752643857,0.010010043074,0.043079523344,0.0022126710194
402.5,0.0029948622661,0.07160644375,0.061817137226,0.054170413276,0.075690072628,0.073890302295,0.07892850047,0.06694881121,0.060399167655,0.010085738712,0.078928436236,0.078136744005,0.061188343934,0.001283880259,0.057809506909,0.078915901063,0.068607298687,0.033365478316,0.078785991342,0.078933542549,0.042016024289,0.059642536779,0.0030246934758,4.9750866993e-06,0.022675157405,0.0099633449798,0.042981617732,0.0021971165502
403.0,0.002975792913,0.071539198824,0.061728505976,0.054074362007,0.075640261609,0.073831656119,0.078915657282,0.06686913654,0.060308691756,0.010038878851,0.078915593249,0.078106240417,0.061098866502,0.0012733885972,0.057716243718,0.078908853577,0.06853146865,0.033273747291,0.078766678464,0.078921334309,0.041918647377,0.059551170898,0.003005484085,4.8774483896e-06,0.022597934801,0.0099168647276,0.042883934562,0.0021816714223
403.5,0.0029568449785,0.071472017046,0.061640001785,0.053978481037,0.075590483367,0.073773056484,0.078902816184,0.066789556677,0.060218351364,0.0099922367042,0.07890275235,0.078075748735,0.06100951989,0.0012629826708,0.05762313095,0.07890180672,0.06845572241,0.033182268431,0.078747370321,0.078909127957,0.041821496107,0.059459944956,0.0029863966863,4.7817262754e-06,0.022520975147,0.0098706013013,0.042786473331,0.0021663348671
404.0,0.0029380176896,0.071404898356,0.061551624469,0.053882770065,0.075540737882,0.073714503351,0.078889977175,0.066710071508,0.060128146274,0.0099458112614,0.078889913541,0.078045268954,0.060920303907,0.0012526617791,0.057530168364,0.078894760493,0.068380059876,0.033091041042,0.078728066909,0.078896923494,0.041724569958,0.059368858738,0.0029674305051,4.6878827507e-06,0.022444277548,0.0098245536895,0.042689233534,0.0021511061213
404.5,0.0029193102781,0.071337842694,0.061463373846,0.053787228789,0.075491025132,0.073655996685,0.078877140256,0.066630680919,0.060038076284,0.0098996015154,0.078877076822,0.078014801071,0.060831218362,0.0012424252273,0.057437355717,0.078887714895,0.068304480954,0.033000064433,0.07870876823,0.078884720917,0.041627868407,0.05927791203,0.0029485847714,4.5958809472e-06,0.022367841111,0.0097787208855,0.042592214668,0.0021359844272
405.0,0.0029007219809,0.071270850003,0.061375249737,0.053691856909,0.075441345095,0.073597536448,0.078864305425,0.0665513848,0.059948141193,0.009853606464,0.07886424219,0.07798434508,0.060742263064,0.0012322723261,0.057344692768,0.078880669926,0.068228985553,0.032909337916,0.078689474281,0.078872520228,0.041531390935,0.059187104619,0.0029298587205,4.5056847204e-06,0.022291664948,0.0097331018874,0.042495416232,0.0021209690323
405.5,0.0028822520394,0.071203920222,0.061287251958,0.053596654125,0.07539169775,0.073539122603,0.078851472682,0.066472183036,0.059858340797,0.0098078251099,0.078851409647,0.077953900976,0.060653437823,0.0012222023921,0.057252179275,0.078873625587,0.068153573579,0.032818860802,0.078670185062,0.078860321427,0.041435137022,0.059096436292,0.0029112515924,4.4172586349e-06,0.022215748173,0.0096876956979,0.042398837725,0.0021060591893
406.0,0.0028638997002,0.071137053292,0.061199380329,0.053501620136,0.075342083075,0.073480755114,0.078838642028,0.066393075517,0.059768674896,0.0097622564601,0.078838579193,0.077923468756,0.060564742449,0.0012122147473,0.057159814998,0.078866581876,0.068078244942,0.032728632407,0.07865090057,0.078848124511,0.04133910615,0.059005906835,0.0028927626318,4.3305679508e-06,0.022140089902,0.0096425013243,0.042302478648,0.0020912541563
406.5,0.0028456642145,0.071070249154,0.061111634669,0.053406754643,0.075292501048,0.073422433944,0.078825813461,0.066314062129,0.059679143288,0.0097168995265,0.078825750825,0.077893048415,0.060476176751,0.0012023087191,0.057067599695,0.078859538795,0.068002999548,0.032638652046,0.078631620806,0.078835929482,0.041243297803,0.058915516036,0.0028743910884,4.2455786104e-06,0.022064689257,0.0095975177787,0.042206338502,0.0020765531965
407.0,0.0028275448382,0.071003507751,0.061024014798,0.053312057348,0.075242951649,0.073364159056,0.078812986982,0.066235142761,0.059589745772,0.0096717533255,0.078812924545,0.077862639947,0.060387740541,0.0011924836408,0.056975533126,0.078852496342,0.067927837307,0.032548919039,0.078612345767,0.078823736339,0.041147711466,0.058825263683,0.0028561362165,4.1622572238e-06,0.021989545359,0.0095527440776,0.04211041679,0.0020619555785
407.5,0.0028095408321,0.070936829021,0.060936520535,0.053217527952,0.075193434856,0.073305930414,0.07880016259,0.066156317301,0.059500482147,0.0096268168779,0.078800100352,0.077832243348,0.06029943363,0.0011827388507,0.056883615053,0.078845454518,0.067852758125,0.032459432704,0.078593075453,0.078811545082,0.041052346623,0.058735149564,0.0028379972752,4.0805710568e-06,0.021914657334,0.0095081792421,0.042014713017,0.0020474605757
408.0,0.0027916514616,0.070870212908,0.060849151701,0.053123166158,0.075143950647,0.07324774798,0.078787340284,0.066077585637,0.059411352213,0.0095820892093,0.078787278246,0.077801858614,0.060211255827,0.0011730736929,0.056791845235,0.078838413323,0.067777761912,0.032370192365,0.078573809863,0.078799355711,0.040957202762,0.058645173466,0.0028199735284,4.0004880175e-06,0.021840024313,0.0094638222982,0.041919226688,0.0020330674669
408.5,0.002773875997,0.070803659351,0.060761908115,0.053028971668,0.075094499,0.073189611718,0.078774520065,0.065998947658,0.059322355769,0.0095375693497,0.078774458226,0.07777148574,0.060123206945,0.0011634875165,0.056700223433,0.078831372757,0.067702848575,0.032281197346,0.078554548995,0.078787168224,0.040862279371,0.05855533518,0.0028020642445,3.9219766437e-06,0.021765645426,0.0094196722759,0.041823957307,0.0020187755357
409.0,0.0027562137128,0.070737168292,0.060674789598,0.052934944187,0.075045079896,0.073131521592,0.078761701932,0.065920403253,0.059233492617,0.0094932563336,0.078761640292,0.077741124722,0.060035286795,0.0011539796762,0.056608749409,0.07882433282,0.067628018023,0.032192446971,0.078535292849,0.078774982623,0.04076757594,0.058465634493,0.0027842686967,3.8450060908e-06,0.021691519809,0.0093757282103,0.041728904384,0.0020045840712
409.5,0.0027386638886,0.070670739673,0.060587795971,0.052841083418,0.074995693311,0.073073477565,0.078748885885,0.065841952309,0.059144762555,0.0094491492,0.078748824443,0.077710775554,0.05994749519,0.0011445495318,0.056517422925,0.078817293511,0.067553270165,0.032103940569,0.078516041422,0.078762798906,0.040673091958,0.058376071195,0.0027665861627,3.7695461195e-06,0.021617646599,0.0093319891405,0.041634067427,0.0019904923669
410.0,0.0027212258082,0.070604373435,0.060500927055,0.052747389065,0.074946339225,0.0730154796,0.078736071923,0.065763594716,0.059056165385,0.0094052469924,0.07873601068,0.077680438232,0.05985983194,0.0011351964484,0.056426243742,0.078810254831,0.067478604909,0.032015677469,0.078496794715,0.078750617074,0.040578826918,0.058286645075,0.0027490159248,3.6955670839e-06,0.021544024937,0.0092884541104,0.041539445944,0.0019764997216
410.5,0.0027038987603,0.070538069519,0.060414182671,0.052653860834,0.074897017616,0.07295752766,0.078723260046,0.065685330363,0.058967700908,0.0093615487587,0.078723199001,0.077650112751,0.059772296859,0.0011259197964,0.056335211623,0.07880321678,0.067404022165,0.031927657003,0.078477552725,0.078738437125,0.040484780312,0.058197355925,0.0027315572699,3.6230399201e-06,0.021470653967,0.0092451221682,0.041445039448,0.0019626054391
411.0,0.0026866820378,0.070471827867,0.06032756264,0.052560498429,0.074847728463,0.07289962171,0.078710450254,0.065607159138,0.058879368926,0.0093180535512,0.078710389407,0.077619799108,0.059684889759,0.0011167189511,0.056244326332,0.078796179357,0.06732952184,0.031839878504,0.078458315451,0.078726259061,0.040390951634,0.058108203533,0.0027142094895,3.5519361344e-06,0.021397532836,0.0092019923666,0.041350847448,0.0019488088279
411.5,0.0026695749383,0.07040564842,0.060241066786,0.052467301558,0.074798471745,0.072841761713,0.078697642546,0.065529080932,0.058791169239,0.0092747604268,0.078697581898,0.077589497296,0.059597610453,0.0011075932931,0.056153587631,0.078789142562,0.067255103844,0.031752341305,0.078439082894,0.078714082879,0.04029734038,0.058019187691,0.0026969718794,3.4822277924e-06,0.021324660692,0.0091590637627,0.04125686946,0.0019351092014
412.0,0.002652576764,0.070339531119,0.060154694928,0.052374269926,0.07474924744,0.072783947632,0.078684836922,0.065451095633,0.05870310165,0.0092316684464,0.078684776472,0.077559207313,0.059510458755,0.001098542208,0.056062995284,0.078782106396,0.067180768086,0.031665044746,0.07841985505,0.078701908581,0.040203946046,0.057930308189,0.00267984374,3.413887508e-06,0.021252036689,0.0091163354181,0.041163104996,0.001921505878
412.5,0.0026356868211,0.070273475908,0.06006844689,0.05228140324,0.074700055526,0.072726179431,0.078672033381,0.06537320313,0.058615165961,0.0091887766757,0.07867197313,0.077528929152,0.059423434477,0.0010895650863,0.055972549055,0.078775070858,0.067106514474,0.031577988163,0.07840063192,0.078689736166,0.040110768129,0.057841564818,0.0026628243762,3.3468884323e-06,0.021179659982,0.0090738063986,0.041069553571,0.0019079981806
413.0,0.0026189044207,0.070207482726,0.059982322495,0.052188701209,0.074650895983,0.072668457073,0.078659231924,0.065295403314,0.058527361975,0.0091460841844,0.078659171871,0.077498662809,0.059336537435,0.0010806613238,0.055882248708,0.078768035949,0.06703234292,0.031491170898,0.078381413501,0.078677565634,0.040017806128,0.057752957372,0.0026459130972,3.2812042434e-06,0.021107529728,0.0090314757744,0.040976214703,0.001894585437
413.5,0.002602228878,0.070141551517,0.059896321565,0.05209616354,0.07460176879,0.072610780522,0.07864643255,0.065217696075,0.058439689494,0.0091035900467,0.078646372695,0.077468408281,0.05924976744,0.0010718303209,0.055792094009,0.078761001667,0.06695825333,0.031404592293,0.078362199794,0.078665396983,0.039925059543,0.05766448564,0.0026291092166,3.2168091363e-06,0.02103564509,0.0089893426203,0.040883087908,0.0018812669799
414.0,0.0025856595126,0.070075682221,0.059810443923,0.052003789942,0.074552673924,0.072553149742,0.078633635259,0.065140081301,0.058352148322,0.0090612933411,0.078633575602,0.077438165561,0.059163124309,0.001063071483,0.055702084723,0.078753968014,0.066884245616,0.031318251692,0.078342990796,0.078653230215,0.039832527874,0.057576149415,0.0026124120524,3.153677812e-06,0.02096400523,0.0089474060149,0.040790172704,0.0018680421464
414.5,0.0025691956486,0.070009874781,0.059724689392,0.051911580124,0.074503611366,0.072495564696,0.07862084005,0.065062558884,0.058264738262,0.0090191931502,0.078620780591,0.077407934646,0.059076607856,0.0010543842205,0.055612220615,0.078746934989,0.066810319687,0.03123214844,0.078323786507,0.078641065328,0.039740210625,0.057487948491,0.0025958209269,3.0917854682e-06,0.020892609315,0.0089056650415,0.040697468611,0.0018549102785
415.0,0.0025528366141,0.069944129139,0.059639057796,0.051819533796,0.074454581092,0.072438025349,0.078608046923,0.064985128712,0.058177459117,0.0089772885611,0.078607987661,0.077377715531,0.058990217895,0.0010457679485,0.055522501451,0.078739902592,0.066736475452,0.031146281886,0.078304586925,0.078628902323,0.039648107298,0.057399882659,0.0025793351667,3.0311077893e-06,0.020821456516,0.0088641187877,0.04060497515,0.0018418707225
415.5,0.0025365817417,0.069878445236,0.05955354896,0.051727650667,0.074405583083,0.072380531664,0.078595255877,0.064907790677,0.058090310692,0.008935578665,0.078595196814,0.077347508211,0.058903954242,0.0010372220868,0.055432926997,0.078732870823,0.066662712821,0.031060651379,0.078285392049,0.078616741199,0.039556217398,0.057311951713,0.0025629541028,2.9716209372e-06,0.020750546004,0.0088227663451,0.040512691843,0.0018289228297
416.0,0.0025204303683,0.069812823014,0.059468162706,0.051635930449,0.074356617317,0.072323083604,0.078582466913,0.064830544669,0.05800329279,0.0088940625573,0.078582408047,0.077317312682,0.058817816712,0.0010287460601,0.05534349702,0.078725839682,0.066589031703,0.030975256269,0.078266201878,0.078604581956,0.03946454043,0.057224155446,0.0025466770702,2.9133015413e-06,0.020679876954,0.0087816068096,0.040420618212,0.0018160659558
416.5,0.0025043818349,0.069747262416,0.059382898859,0.051544372853,0.074307683772,0.072265681133,0.07856968003,0.064753390579,0.057916405217,0.0088527393377,0.078569621361,0.077287128939,0.05873180512,0.0010203392977,0.055254211288,0.078718809169,0.06651543201,0.030890095911,0.078247016412,0.078592424593,0.039373075901,0.057136493652,0.0025305034084,2.8561266896e-06,0.020609448546,0.0087406392814,0.040328753781,0.0018032994608
417.0,0.0024884354866,0.069681763384,0.059297757244,0.05145297759,0.074258782428,0.072208324216,0.078556895227,0.064676328296,0.057829647778,0.0088116081102,0.078556836756,0.077256956978,0.058645919283,0.0010120012336,0.055165069567,0.078711779284,0.066441913651,0.030805169659,0.078227835648,0.078580269111,0.039281823319,0.057048966126,0.0025144324609,2.8000739202e-06,0.020539259958,0.008699862865,0.040237098075,0.0017906227095
417.5,0.0024725906728,0.06961632586,0.059212737686,0.051361744373,0.074209913264,0.072151012816,0.078544112505,0.064599357712,0.057743020277,0.0087706679826,0.078544054231,0.077226796794,0.058560159017,0.0010037313065,0.055076071625,0.078704750027,0.066368476535,0.03072047687,0.078208659585,0.078568115508,0.039190782193,0.056961572661,0.0024984635754,2.7451212114e-06,0.020469310376,0.0086592766689,0.040145650619,0.0017780350711
418.0,0.0024568467472,0.069550949786,0.05912784001,0.051270672915,0.074161076258,0.072093746897,0.078531331863,0.064522478718,0.05765652252,0.0087299180671,0.078531273786,0.077196648382,0.058474524138,0.00099552895947,0.054987217232,0.078697721397,0.066295120574,0.030636016901,0.078189488223,0.078555963786,0.039099952033,0.056874313052,0.0024825961037,2.6912469742e-06,0.020399598985,0.0086188798057,0.040054410942,0.0017655359191
418.5,0.0024412030673,0.069485635104,0.05904306404,0.051179762927,0.074112271388,0.072036526423,0.0785185533,0.064445691205,0.057570154312,0.00868935748,0.07851849542,0.077166511737,0.058389014463,0.00098739364036,0.054898506154,0.078690693395,0.066221845678,0.030551789113,0.07817032156,0.078543813942,0.039009332351,0.056787187095,0.002466829402,2.6384300431e-06,0.020330124974,0.0085786713923,0.039963378571,0.0017531246315
419.0,0.0024256589948,0.069420381758,0.058958409603,0.051089014126,0.074063498635,0.071979351358,0.078505776816,0.064368995063,0.057483915461,0.0086489853416,0.078505719133,0.077136386856,0.058303629809,0.00097932480141,0.054809938162,0.07868366602,0.066148651757,0.030467792869,0.078151159596,0.078531665978,0.038918922659,0.056700194585,0.0024511628302,2.586649668e-06,0.020260887536,0.0085386505496,0.039872553036,0.0017408005908
419.5,0.0024102138956,0.069355189688,0.058873876525,0.050998426224,0.074014757976,0.071922221666,0.078493002412,0.064292390185,0.057397805771,0.0086088007766,0.078492944926,0.077106273734,0.058218369994,0.00097132189937,0.054721513024,0.078676639273,0.066075538721,0.03038402753,0.078132002328,0.078519519893,0.03882872247,0.056613335317,0.0024355957525,2.535885506e-06,0.020191885865,0.0084988164028,0.039781933866,0.0017285631835
420.0,0.0023948671394,0.069290058839,0.058789464631,0.050907998936,0.073966049391,0.071865137311,0.078480230086,0.064215876461,0.05731182505,0.0085688029133,0.078480172796,0.077076172365,0.058133234835,0.00096338439544,0.05463323051,0.078669613154,0.066002506482,0.030300492464,0.078112849757,0.078507375686,0.038738731299,0.056526609087,0.002420127537,2.4861176134e-06,0.020123119158,0.008459168081,0.039691520594,0.0017164118008
420.5,0.0023796181002,0.069224989151,0.058705173747,0.050817731978,0.073917372859,0.071808098257,0.078467459838,0.064139453784,0.057225973105,0.0085289908843,0.078467402745,0.077046082746,0.058048224149,0.00095551175518,0.054545090391,0.078662587662,0.06592955495,0.030217187037,0.07809370188,0.078495233357,0.038648948662,0.056440015692,0.002404757556,2.437326438e-06,0.020054586616,0.0084197047173,0.039601312751,0.001704345838
421.0,0.0023644661558,0.069159980568,0.058621003702,0.050727625065,0.073868728358,0.071751104468,0.078454691668,0.064063122045,0.057140249742,0.0084893638263,0.078454634772,0.077016004871,0.057963337755,0.00094770344856,0.054457092436,0.078655562797,0.065856684035,0.030134110617,0.078074558696,0.078483092906,0.038559374076,0.056353554929,0.0023894851856,2.3894928114e-06,0.019986287441,0.0083804254491,0.039511309871,0.0016923646945
421.5,0.0023494106879,0.069095033033,0.05853695432,0.050637677914,0.073820115868,0.071694155907,0.078441925576,0.063986881135,0.05705465477,0.00844992088,0.078441868876,0.076985938737,0.057878575471,0.00093995894987,0.054369236417,0.07864853856,0.06578389365,0.030051262576,0.078055420205,0.078470954333,0.038470007059,0.056267226593,0.0023743098059,2.3425979412e-06,0.019918220839,0.0083413294175,0.039421511489,0.0016804677741
422.0,0.0023344510823,0.069030146488,0.05845302543,0.050547890242,0.073771535366,0.07163725254,0.078429161561,0.063910730947,0.056969187996,0.0084106611898,0.078429105058,0.076955884339,0.057793937115,0.00093227773769,0.054281522104,0.07864151495,0.065711183704,0.029968642286,0.078036286405,0.078458817637,0.03838084713,0.056181030483,0.0023592308011,2.2966234039e-06,0.019850386018,0.0083024157679,0.03933191714,0.0016686544849
422.5,0.0023195867286,0.068965320875,0.058369216858,0.050458261765,0.073722986833,0.071580394331,0.078416399622,0.063834671373,0.056883849227,0.0083715839044,0.078416343316,0.076925841671,0.057709422508,0.00092465929485,0.05419394927,0.078634491967,0.06563855411,0.029886249121,0.078017157296,0.078446682818,0.038291893809,0.056094966397,0.002344247559,2.2515511376e-06,0.019782782189,0.0082636836496,0.039242526361,0.0016569242389
423.0,0.0023048170204,0.068900556138,0.058285528432,0.050368792202,0.073674470248,0.071523581243,0.078403639761,0.063758702304,0.056798638274,0.0083326881764,0.07840358365,0.07689581073,0.057625031467,0.00091710310843,0.054106517685,0.078627469611,0.065566004778,0.029804082456,0.077998032875,0.078434549876,0.038203146618,0.056009034131,0.0023293594716,2.2073634347e-06,0.019715408567,0.0082251322157,0.039153338689,0.0016452764524
423.5,0.002290141355,0.06883585222,0.05820195998,0.05027948127,0.073625985588,0.07146681324,0.078390881975,0.063682823634,0.056713554943,0.0082939731623,0.078390826061,0.076865791511,0.057540763812,0.00090960866968,0.054019227123,0.078620447883,0.065493535619,0.029722141669,0.077978913142,0.078422418811,0.038114605079,0.055923233484,0.0023145659347,2.1640429353e-06,0.019648264366,0.0081867606234,0.039064353664,0.0016337105458
424.0,0.0022755591337,0.068771209063,0.058118511331,0.050190328689,0.073577532834,0.071410090288,0.078378126266,0.063607035255,0.056628599044,0.0082554380223,0.078378070548,0.076835784009,0.057456619363,0.00090217547403,0.053932077356,0.078613426781,0.065421146545,0.029640426139,0.077959798095,0.078410289621,0.038026268716,0.055837564254,0.0022998663476,2.1215726201e-06,0.019581348806,0.0081485680338,0.038975570825,0.0016222259434
424.5,0.0022610697615,0.06870662661,0.058035182311,0.050101334178,0.073529111964,0.071353412349,0.078365372632,0.063531337059,0.056543770387,0.0082170819209,0.07836531711,0.07680578822,0.05737259794,0.00089480302101,0.053845068157,0.078606406307,0.065348837468,0.029558935248,0.077940687735,0.078398162308,0.037938137054,0.055752026241,0.0022852601139,2.0799358039e-06,0.019514661109,0.008110553612,0.038886989713,0.0016108220738
425.0,0.0022466726471,0.068642104804,0.057951972751,0.050012497457,0.073480722957,0.07129677939,0.078352621073,0.063455728939,0.05645906878,0.0081789040263,0.078352565747,0.076775804139,0.057288699363,0.00088749081426,0.0537581993,0.078599386459,0.065276608299,0.029477668377,0.077921582058,0.07838603687,0.037850209617,0.055666619243,0.0022707466407,2.039116129e-06,0.019448200499,0.0080727165269,0.038798609869,0.0015994983695
425.5,0.0022323672034,0.068577643589,0.057868882478,0.049923818245,0.073432365792,0.071240191373,0.078339871589,0.063380210788,0.056374494033,0.0081409035103,0.078339816458,0.076745831762,0.057204923452,0.00088023836145,0.053671470557,0.078592367238,0.06520445895,0.029396624911,0.077902481065,0.078373913308,0.037762485934,0.05558134306,0.002256325339,1.9990975585e-06,0.019381966202,0.0080350559513,0.038710430838,0.0015882542669
426.0,0.0022181528464,0.068513242907,0.057785911322,0.049835296265,0.073384040449,0.071183648263,0.078327124179,0.063304782499,0.056290045958,0.0081030795491,0.078327069245,0.076715871084,0.057121270028,0.0008730451743,0.053584881704,0.078585348644,0.065132389332,0.029315804236,0.077883384753,0.07836179162,0.037674965532,0.055496197491,0.0022419956233,1.9598643704e-06,0.019315957449,0.0079975710618,0.038622452162,0.0015770892065
426.5,0.0022040289963,0.068448902702,0.057703059111,0.049746931236,0.073335746906,0.071127150025,0.078314378844,0.063229443965,0.056205724363,0.0080654313223,0.078314324105,0.0766859221,0.057037738912,0.00086591076851,0.053498432515,0.078578330677,0.065060399359,0.02923520574,0.077864293123,0.078349671808,0.037587647941,0.055411182337,0.0022277569122,1.9214011513e-06,0.019250173472,0.0079602610389,0.038534673387,0.0015660026326
427.0,0.0021899950769,0.068384622916,0.057620325677,0.04965872288,0.073287485143,0.071070696622,0.078301635583,0.063154195079,0.056121529059,0.0080279580134,0.078301581039,0.076655984806,0.056954329926,0.00085883466373,0.053412122764,0.078571313337,0.064988488941,0.029154828812,0.077845206173,0.078337553869,0.03750053269,0.055326297398,0.0022136086276,1.8836927901e-06,0.019184613505,0.0079231250669,0.038447094058,0.0015549939936
427.5,0.0021760505154,0.068320403494,0.057537710847,0.049570670921,0.073239255138,0.07101428802,0.078288894395,0.063079035735,0.056037459858,0.0079906588097,0.078288840047,0.076626059198,0.05687104289,0.00085181638354,0.053325952227,0.078564296623,0.06491665799,0.029074672843,0.077826123901,0.078325437805,0.03741361931,0.055241542474,0.0021995501953,1.8467244723e-06,0.019119276786,0.0078861623339,0.038359713724,0.0015440627416
428.0,0.0021621947431,0.068256244377,0.057455214453,0.04948277508,0.073191056871,0.070957924183,0.07827615528,0.063003965825,0.05595351657,0.0079535329024,0.078276101127,0.07659614527,0.056787877627,0.00084485545542,0.053239920679,0.078557280536,0.06484490642,0.028994737226,0.077807046306,0.078313323615,0.037326907335,0.055156917366,0.0021855810448,1.8104816746e-06,0.019054162554,0.0078493720319,0.038272531931,0.0015332083326
428.5,0.0021484271944,0.068192145511,0.057372836324,0.049395035082,0.073142890321,0.070901605075,0.078263418238,0.062928985245,0.055869699008,0.0079165794864,0.078263364281,0.076566243019,0.056704833959,0.00083795141071,0.053154027896,0.078550265075,0.064773234142,0.028915021354,0.077787973388,0.078301211298,0.037240396297,0.055072421876,0.002171700609,1.7749501579e-06,0.018989270053,0.0078127533564,0.03818554823,0.0015224302264
429.0,0.0021347473078,0.068128106838,0.057290576292,0.049307450649,0.073094755466,0.070845330661,0.078250683269,0.062854093886,0.055786006982,0.0078797977601,0.078250629506,0.076536352439,0.056621911707,0.00083110378456,0.053068273655,0.078543250241,0.064701641069,0.028835524625,0.077768905145,0.078289100855,0.037154085731,0.054988055805,0.0021579083246,1.7401159633e-06,0.018924598527,0.0077763055071,0.03809876217,0.0015117278868
429.5,0.0021211545251,0.068064128301,0.057208434186,0.049220021505,0.073046652287,0.070789100906,0.078237950372,0.062779291644,0.055702440305,0.007843186926,0.078237896804,0.076506473527,0.056539110695,0.00082431211595,0.052982657731,0.078536236034,0.064630127112,0.028756246436,0.077749841576,0.078276992285,0.037067975173,0.054903818954,0.0021442036317,1.7059654052e-06,0.018860147225,0.0077400276869,0.038012173302,0.001501100781
430.0,0.0021076482916,0.068000209845,0.057126409838,0.049132747377,0.072998580762,0.070732915773,0.078225219546,0.062704578412,0.05561899879,0.0078067461901,0.078225166174,0.076476606277,0.056456430745,0.0008175759476,0.052897179903,0.078529222452,0.064558692186,0.028677186186,0.07773078268,0.078264885587,0.036982064159,0.054819711127,0.0021305859741,1.6724850673e-06,0.018795915396,0.0077039191027,0.037925781178,0.0014905483803
430.5,0.0020942280563,0.067936351412,0.057044503079,0.049045627988,0.07295054087,0.070676775228,0.078212490793,0.062629954084,0.055535682248,0.0077704747622,0.078212437615,0.076446750685,0.056373871681,0.00081089482598,0.052811839948,0.078522209497,0.064487336202,0.028598343276,0.077711728455,0.078252780762,0.036896352227,0.054735732126,0.0021170547991,1.6396617961e-06,0.018731902293,0.0076679789652,0.037839585352,0.0014800701595
431.0,0.0020808932717,0.067872552947,0.05696271374,0.048958663064,0.072902532591,0.070620679235,0.07819976411,0.062555418555,0.055452490493,0.0077343718555,0.078199711127,0.076416906746,0.056291433325,0.00080426830127,0.052726637642,0.078515197169,0.064416059074,0.028519717109,0.077692678901,0.078240677809,0.036810838916,0.054651881752,0.0021036095576,1.6074826962e-06,0.018668107171,0.0076322064886,0.037753585378,0.0014696655971
431.5,0.0020676433936,0.067808814393,0.056881041654,0.048871852332,0.072854555903,0.070564627758,0.078187039498,0.062480971719,0.055369423338,0.0076984366871,0.07818698671,0.076387074457,0.056209115501,0.00079769592731,0.052641572765,0.078508185466,0.064344860713,0.028441307089,0.077673634017,0.078228576727,0.036725523765,0.05456815981,0.0020902497037,1.5759351257e-06,0.01860452929,0.0075966008908,0.037667780812,0.0014593341754
432.0,0.0020544778815,0.067745135693,0.056799486651,0.048785195518,0.072806610787,0.070508620764,0.078174316956,0.06240661347,0.055286480596,0.0076626684778,0.078174264363,0.076357253812,0.056126918033,0.0007911772616,0.052556645094,0.07850117439,0.064273741034,0.028363112622,0.077654593801,0.078216477518,0.036640406317,0.054484566102,0.0020769746952,1.5450066904e-06,0.018541167908,0.0075611613933,0.037582171208,0.0014490753803
432.5,0.0020413961982,0.067681516792,0.056718048565,0.04869869235,0.072758697221,0.070452658215,0.078161596485,0.062332343703,0.055203662081,0.0076270664518,0.078161544086,0.076327444807,0.056044840746,0.00078471186526,0.052471854409,0.07849416394,0.064202699949,0.028285133116,0.077635558252,0.078204380179,0.036555486112,0.054401100433,0.0020637839933,1.5146852395e-06,0.018478022289,0.0075258872215,0.037496756125,0.0014388887012
433.0,0.0020283978099,0.067617957634,0.056636727228,0.048612342554,0.072710815184,0.070396740077,0.078148878084,0.062258162313,0.055120967607,0.007591629837,0.078148825879,0.076297647437,0.055962883463,0.00077829930297,0.052387200489,0.078487154115,0.064131737372,0.028207367979,0.077616527369,0.078192284712,0.036470762693,0.054317762606,0.0020506770627,1.4849588607e-06,0.018415091698,0.007490777604,0.037411535121,0.0014287736311
433.5,0.0020154821863,0.067554458162,0.056555522473,0.04852614586,0.072662964656,0.070340866315,0.078136161752,0.062184069195,0.055038396988,0.007556357865,0.078136109741,0.076267861697,0.055881046008,0.00077193914299,0.052302683112,0.078480144917,0.064060853215,0.028129816623,0.077597501151,0.078180191115,0.036386235605,0.054234552425,0.0020376533713,1.4558158755e-06,0.018352375404,0.0074558317732,0.037326507755,0.0014187296667
434.0,0.0020026488004,0.067491018321,0.056474434131,0.048440101995,0.072615145616,0.070285036894,0.078123447489,0.062110064243,0.054955950039,0.0075212497708,0.078123395673,0.076238087584,0.055799328208,0.00076563095711,0.05221830206,0.078473136345,0.063990047392,0.02805247846,0.077578479596,0.078168099389,0.036301904394,0.054151469696,0.0020247123905,1.4272448345e-06,0.018289872676,0.0074210489653,0.037241673587,0.0014087563082
434.5,0.0019898971287,0.067427638053,0.056393462038,0.048354210689,0.072567358043,0.070229251778,0.078110735295,0.062036147353,0.054873626575,0.007486304793,0.078110683673,0.076208325093,0.055717729887,0.0007593743206,0.052134057112,0.078466128398,0.063919319817,0.027975352904,0.077559462705,0.078156009532,0.036217768604,0.054068514222,0.002011853595,1.3992345129e-06,0.018227582788,0.0073864284197,0.037157032179,0.0013988530593
435.0,0.0019772266507,0.067364317304,0.056312606025,0.048268471671,0.072519601917,0.070173510932,0.078098025169,0.06196231842,0.054791426411,0.0074515221738,0.078097973741,0.076178574219,0.05563625087,0.00075316881223,0.052049948048,0.078459121078,0.063848670402,0.02789843937,0.077540450474,0.078143921546,0.036133827784,0.053985685809,0.0019990764631,1.3717739066e-06,0.018165505015,0.0073519693795,0.037072583093,0.001389019427
435.5,0.0019646368497,0.067301056018,0.056231865926,0.048182884671,0.072471877217,0.070117814321,0.078085317112,0.061888577339,0.054709349361,0.0074169011588,0.078085265878,0.076148834958,0.055554890984,0.00074701401418,0.05196597465,0.078452114383,0.063778099063,0.027821737277,0.077521442904,0.078131835429,0.036050081482,0.053902984263,0.0019863804759,1.3448522269e-06,0.018103638635,0.0073176710914,0.036988325891,0.0013792549221
436.0,0.0019521272117,0.067237854138,0.056151241576,0.04809744942,0.072424183921,0.07006216191,0.078072611122,0.061814924006,0.054627395243,0.0073824409973,0.078072560082,0.076119107304,0.055473650053,0.00074090951206,0.051882136699,0.078445108314,0.063707605712,0.027745246042,0.077502439994,0.078119751181,0.035966529247,0.053820409389,0.0019737651184,1.3184588972e-06,0.018041982928,0.0072835328055,0.036904260139,0.0013695590586
436.5,0.0019396972266,0.067174711609,0.056070732809,0.048012165649,0.072376522011,0.070006553664,0.0780599072,0.061741358316,0.054545563871,0.0073481409419,0.078059856353,0.076089391254,0.055392527904,0.00073485489487,0.051798433977,0.07843810287,0.063637190263,0.027668965087,0.077483441741,0.078107668803,0.03588317063,0.053737960993,0.0019612298783,1.2925835486e-06,0.017980537178,0.0072495537753,0.036820385401,0.0013599313539
437.0,0.0019273463871,0.067111628375,0.055990339458,0.047927033089,0.072328891464,0.069950989548,0.078047205344,0.061667880166,0.054463855063,0.0073140002487,0.078047154692,0.076059686804,0.055311524364,0.00072884975496,0.051714866265,0.078431098053,0.063566852631,0.027592893833,0.077464448145,0.078095588292,0.035800005182,0.053655638882,0.0019487742469,1.2672160154e-06,0.017919300668,0.0072157332582,0.036736701244,0.0013503713291
437.5,0.0019150741892,0.067048604381,0.055910061359,0.047842051473,0.072281292261,0.069895469527,0.078034505556,0.061594489451,0.054382268634,0.0072800181774,0.078034455097,0.076029993947,0.055230639259,0.00072289368802,0.051631433346,0.07842409386,0.063496592728,0.027517031703,0.077445459204,0.078083509651,0.035717032456,0.053573442861,0.0019363977186,1.2423463314e-06,0.017858272687,0.0071820705146,0.036653207234,0.0013408785082
438.0,0.0019028801323,0.066985639571,0.055829898347,0.047757220531,0.07223372438,0.069839993566,0.078021807834,0.061521186066,0.054300804401,0.007246193991,0.078021757568,0.076000312681,0.055149872416,0.00071698629303,0.051548135003,0.078417090293,0.063426410471,0.027441378124,0.077426474919,0.078071432877,0.035634252004,0.053491372739,0.0019240997912,1.2179647262e-06,0.017797452525,0.0071485648085,0.036569902941,0.001331452419
438.5,0.0018907637188,0.066922733888,0.055749850255,0.047672539998,0.072186187801,0.069784561629,0.078009112178,0.061447969909,0.054219462181,0.0072125269559,0.078009062106,0.075970643,0.055069223662,0.00071112717227,0.051464971018,0.078410087352,0.063356305772,0.027365932522,0.077407495286,0.078059357971,0.035551663383,0.053409428323,0.0019118799654,1.1940616209e-06,0.017736839475,0.0071152154075,0.036486787932,0.0013220925923
439.0,0.0018787244544,0.066859887279,0.05566991692,0.047588009607,0.072138682503,0.069729173683,0.077996418588,0.061374840875,0.054138241792,0.007179016342,0.077996368709,0.0759409849,0.054988692824,0.00070531593124,0.051381941175,0.078403085036,0.063286278545,0.027290694325,0.077388520307,0.078047284933,0.035469266146,0.053327609419,0.0018997377453,1.1706276248e-06,0.017676432831,0.0070820215824,0.036403861779,0.0013127985623
439.5,0.0018667618477,0.066797099687,0.055590098177,0.047503629092,0.072091208467,0.069673829691,0.077983727064,0.06130179886,0.054057143051,0.0071456614226,0.077983677378,0.075911338377,0.054908279731,0.00069955217868,0.051299045257,0.078396083345,0.063216328707,0.027215662963,0.077369549978,0.078035213762,0.035387059852,0.053245915836,0.001887672638,1.1476535313e-06,0.01761623189,0.0070489826075,0.036321124052,0.0013035698665
440.0,0.0018548754109,0.066734371056,0.055510393863,0.047419398186,0.07204376567,0.06961852962,0.077971037604,0.061228843762,0.053976165777,0.0071124614743,0.077970988111,0.075881703425,0.05482798421,0.00069383552653,0.05121628305,0.07838908228,0.06314645617,0.027140837868,0.077350584299,0.078023144458,0.035305044057,0.053164347382,0.0018756841538,1.1251303148e-06,0.017556235953,0.0070160977605,0.036238574323,0.0012944060456
440.5,0.0018430646588,0.066671701333,0.055430803812,0.047335316625,0.071996354094,0.069563273434,0.077958350209,0.061155975477,0.053895309786,0.0070794157771,0.07795830091,0.075852080041,0.054747806089,0.00068816558991,0.051133654336,0.078382081839,0.063076660849,0.027066218473,0.077331623269,0.07801107702,0.03522321832,0.053082903865,0.0018637718062,1.1030491264e-06,0.017496444321,0.0069833663224,0.036156212166,0.0012853066436
441.0,0.0018313291095,0.06660909046,0.055351327861,0.047251384144,0.071948973716,0.069508061099,0.077945664879,0.061083193901,0.053814574898,0.0070465236144,0.077945615772,0.075822468219,0.054667745197,0.00068254198705,0.051051158901,0.078375082024,0.06300694266,0.026991804212,0.077312666887,0.077999011449,0.035141582201,0.053001585093,0.0018519351115,1.0814012913e-06,0.017436856299,0.0069507875776,0.036074037154,0.0012762712077
441.5,0.0018196682843,0.066546538383,0.055271965847,0.047167600479,0.071901624517,0.069452892579,0.077932981613,0.061010498931,0.053733960931,0.0070137842728,0.077932932699,0.075792867956,0.054587801362,0.00067696433934,0.050968796531,0.078368082834,0.062937301517,0.026917594522,0.077293715152,0.077986947744,0.035060135261,0.052920390877,0.0018401735894,1.0601783048e-06,0.017377471193,0.0069183608138,0.035992048862,0.0012672992882
442.0,0.0018080817074,0.066484045047,0.055192717606,0.047083965365,0.071854306477,0.069397767841,0.07792030041,0.060937890465,0.053653467705,0.0069811970423,0.077920251689,0.075763279247,0.054507974414,0.00067143227124,0.05088656701,0.078361084269,0.062867737335,0.02684358884,0.077274768061,0.077974885904,0.034978877062,0.052839321025,0.0018284867625,1.0393718289e-06,0.017318288313,0.0068860853221,0.035910246866,0.0012583904386
442.5,0.001796568906,0.066421610396,0.055113582976,0.04700047854,0.071807019574,0.069342686848,0.077907621271,0.060865368399,0.053573095037,0.0069487612162,0.077907572743,0.075733702088,0.05442826418,0.00066594541028,0.050804470124,0.078354086329,0.062798250028,0.026769786606,0.077255825616,0.077962825931,0.034897807165,0.052758375346,0.0018168741564,1.0189736894e-06,0.017259306971,0.0068539603968,0.035828630744,0.0012495442156
443.0,0.0017851294103,0.066359234376,0.055034561792,0.04691713974,0.071759763788,0.069287649567,0.077894944195,0.060792932631,0.053492842749,0.0069164760911,0.077894895859,0.075704136473,0.054348670492,0.00066050338704,0.050722505659,0.078347089014,0.062728839513,0.02669618726,0.077236887813,0.077950767822,0.034816925136,0.052677553651,0.0018053352998,9.9897587262e-07,0.017200526479,0.0068219853356,0.035747200073,0.001240760179
443.5,0.0017737627536,0.066296916931,0.054955653894,0.046833948704,0.071712539099,0.069232655964,0.077882269182,0.060720583057,0.053412710659,0.0068843409668,0.077882221038,0.075674582398,0.054269193178,0.00065510583512,0.050640673403,0.078340092324,0.062659505703,0.026622790245,0.077217954653,0.077938711578,0.034736230538,0.05259685575,0.0017938697244,9.7937052203e-07,0.017141946155,0.0067901594394,0.035665954431,0.0012320378915
444.0,0.0017624684722,0.066234658007,0.054876859118,0.046750905168,0.071665345485,0.069177706002,0.077869596231,0.060648319576,0.053332698589,0.0068523551464,0.07786954828,0.075645039859,0.054189832068,0.00064975239112,0.050558973141,0.078333096258,0.062590248515,0.026549595004,0.077199026133,0.077926657199,0.034655722937,0.052516281453,0.0017824769647,9.6014993508e-07,0.017083565316,0.0067584820124,0.0355848934,0.0012233769191
444.5,0.0017512461052,0.066172457548,0.054798177303,0.046668008873,0.071618182928,0.069122799648,0.077856925342,0.060576142085,0.053252806357,0.0068205179362,0.077856877583,0.075615508852,0.054110586993,0.00064444269458,0.050477404661,0.078326100818,0.062521067863,0.026476600984,0.077180102253,0.077914604684,0.034575401901,0.052435830571,0.0017711565583,9.4130656095e-07,0.017025383284,0.006726952362,0.035504016558,0.0012147768309
445.0,0.0017400951947,0.0661103155,0.054719608286,0.046585259556,0.071571051406,0.069067936867,0.077844256515,0.060504050482,0.053173033784,0.0067888286458,0.077844208949,0.075585989371,0.054031457783,0.00063917638802,0.050395967751,0.078319106002,0.062451963664,0.02640380763,0.077161183012,0.077902554033,0.034495266997,0.052355502915,0.0017599080458,9.2283299641e-07,0.016967399382,0.0066955697989,0.035423323489,0.0012062371987
445.5,0.0017290152858,0.066048231807,0.054641151906,0.046502656956,0.071523950899,0.069013117624,0.077831589749,0.060432044664,0.053093380692,0.0067572865879,0.077831542375,0.075556481413,0.053952444269,0.00063395311687,0.050314662198,0.07831211181,0.062382935832,0.026331214392,0.077142268409,0.077890505246,0.034415317794,0.052275298296,0.0017487309706,9.0472198386e-07,0.016909612935,0.0066643336369,0.035342813774,0.0011977575977
446.0,0.0017180059263,0.065986206415,0.054562808001,0.046420200815,0.071476881387,0.068958341885,0.077818925045,0.06036012453,0.053013846902,0.0067258910785,0.077818877863,0.075526984972,0.053873546281,0.00062877252945,0.050233487791,0.078305118243,0.062313984284,0.026258820719,0.077123358441,0.077878458323,0.034335553861,0.052195216526,0.0017376248789,8.8696640816e-07,0.016852023272,0.0066332431932,0.035262486997,0.0011893376059
446.5,0.0017070666672,0.065924239269,0.05448457641,0.046337890872,0.071429842848,0.068903609616,0.077806262401,0.060288289977,0.052934432234,0.0066946414367,0.077806215411,0.075497500045,0.05379476365,0.00062363427696,0.050152444317,0.078298125301,0.062245108935,0.026186626064,0.077104453109,0.077866413262,0.03425597477,0.052115257417,0.0017265893201,8.6955929357e-07,0.016794629721,0.006602297788,0.035182342743,0.0011809768042
447.0,0.0016961970619,0.065862330315,0.054406456972,0.046255726869,0.071382835263,0.068848920781,0.077793601818,0.060216540904,0.052855136511,0.0066635369849,0.077793555019,0.075468026627,0.053716096209,0.00061853801345,0.050071531567,0.078291132984,0.0621763097,0.026114629878,0.077085552411,0.077854370065,0.034176580092,0.052035420781,0.0017156238463,8.5249380147e-07,0.016737431616,0.0065714967447,0.035102380597,0.0011726747765
447.5,0.0016853966671,0.065800479497,0.054328449527,0.046173708545,0.071335858612,0.068794275347,0.077780943294,0.060144877209,0.052775959554,0.0066325770483,0.077780896687,0.075438564713,0.053637543788,0.00061348339579,0.049990749329,0.07828414129,0.062107586496,0.026042831616,0.077066656346,0.07784232873,0.0340973694,0.05195570643,0.0017047280122,8.3576322734e-07,0.01668042829,0.0065408393899,0.035022600146,0.0011644311098
448.0,0.001674665042,0.065738686762,0.054250553914,0.046091835644,0.071288912874,0.068739673279,0.07776828683,0.06007329879,0.052696901186,0.0066017609557,0.077768240415,0.075409114299,0.05355910622,0.00060847008366,0.049910097393,0.078277150221,0.06203893924,0.025971230735,0.077047764913,0.077830289257,0.034018342268,0.051876114177,0.0016939013757,8.1936099827e-07,0.016623619082,0.0065103250533,0.034943000977,0.0011562453936
448.5,0.0016640017488,0.065676952054,0.054172769972,0.046010107907,0.071241998028,0.068685114543,0.077755632426,0.060001805546,0.052617961229,0.0065710880387,0.077755586203,0.07537967538,0.053480783337,0.00060349773953,0.049829575549,0.078270159777,0.061970367846,0.025899826691,0.077028878111,0.077818251647,0.03393949827,0.051796643835,0.0016831434973,8.0328067029e-07,0.016567003329,0.0064799530678,0.034863582678,0.0011481172208
449.0,0.0016534063524,0.065615275319,0.054095097542,0.045928525078,0.071195114055,0.068630599104,0.077742980081,0.059930397376,0.052539139506,0.0065405576321,0.077742934049,0.075350247952,0.05340257497,0.00059856602861,0.049749183586,0.078263169956,0.061901872231,0.025828618945,0.077009995938,0.077806215898,0.033860836983,0.051717295218,0.0016724539404,7.8751592587e-07,0.016510580373,0.0064497227694,0.034784344838,0.0011400461867
449.5,0.0016428784205,0.065553656504,0.054017536464,0.045847086898,0.071148260933,0.068576126927,0.077730329795,0.059859074179,0.052460435839,0.0065101690739,0.077730283954,0.075320832011,0.053324480953,0.00059367461886,0.049668921296,0.07825618076,0.061833452311,0.025757606955,0.076991118393,0.077794182011,0.033782357982,0.051638068139,0.0016618322711,7.7206057167e-07,0.016454349559,0.0064196334971,0.034705287048,0.0011320318897
450.0,0.0016324175236,0.065492095552,0.053940086578,0.045765793111,0.071101438644,0.068521697979,0.077717681566,0.059787835853,0.052381850052,0.0064799217049,0.077717635917,0.075291427552,0.053246501119,0.00058882318095,0.04958878847,0.078249192188,0.061765108003,0.025686790185,0.076972245476,0.077782149985,0.033704060846,0.051558962412,0.0016512780582,7.5690853578e-07,0.016398310231,0.0063896845931,0.034626408898,0.001124073931
450.5,0.0016220232348,0.065430592411,0.053862747724,0.045684643463,0.071054647165,0.068467312226,0.077705035396,0.059716682297,0.052303381969,0.0064498148691,0.077704989938,0.07526203457,0.053168635301,0.00058401138823,0.049508784898,0.07824220424,0.061696839223,0.025616168097,0.076953377185,0.077770119819,0.033625945153,0.051479977851,0.0016407908734,7.4205386534e-07,0.016342461738,0.0063598754025,0.034547709981,0.0011161719145
451.0,0.0016116951299,0.065369147025,0.053785519745,0.045603637696,0.071007886478,0.068412969632,0.077692391284,0.05964561341,0.052225031413,0.0064198479138,0.077692346017,0.075232653061,0.053090883331,0.00057923891674,0.049428910372,0.078235216916,0.061628645889,0.025545740157,0.076934513519,0.077758091514,0.033548010483,0.051401114271,0.001630370291,7.2749072449e-07,0.01628680343,0.0063302052737,0.03446918989,0.001108325447
451.5,0.0016014327877,0.06530775934,0.05370840248,0.045522775557,0.070961156562,0.068358670164,0.077679749229,0.059574629093,0.052146798208,0.0063900201889,0.077679704153,0.07520328302,0.053013245044,0.00057450544515,0.049349164685,0.078228230216,0.061560527915,0.025475505831,0.076915654477,0.07774606507,0.033470256417,0.051322371486,0.001620015888,7.1321339194e-07,0.016231334659,0.006300673558,0.034390848217,0.001100534138
452.0,0.0015912357893,0.065246429303,0.053631395771,0.04544205679,0.070914457397,0.068304413788,0.077667109231,0.059503729244,0.052068682178,0.0063603310476,0.077667064346,0.075173924443,0.052935720273,0.00056981065476,0.049269547629,0.07822124414,0.06149248522,0.025405464587,0.076896800057,0.077734040486,0.033392682536,0.051243749312,0.0016097272442,6.9921625832e-07,0.016176054781,0.0062712796096,0.034312684559,0.0010927975998
452.5,0.0015811037188,0.06518515686,0.05355449946,0.045361481141,0.070867788962,0.068250200469,0.07765447129,0.059432913762,0.051990683149,0.0063307798461,0.077654426596,0.075144577326,0.052858308853,0.00056515422948,0.049190058995,0.078214258688,0.061424517719,0.025335615893,0.07687795026,0.077722017761,0.033315288423,0.051165247563,0.001599503942,6.8549382487e-07,0.016120963152,0.006242022786,0.034234698511,0.0010851154473
453.0,0.0015710361627,0.065123941955,0.053477713388,0.045281048357,0.070821151237,0.068196030173,0.077641835405,0.059362182548,0.051912800944,0.0063013659435,0.077641790902,0.075115241665,0.052781010618,0.00056053585579,0.049110698578,0.07820727386,0.061356625331,0.025265959221,0.076859105082,0.077709996896,0.03323807366,0.051086866056,0.0015893455663,6.7204070031e-07,0.016066059131,0.0062129024474,0.03415688967,0.0010774872983
453.5,0.0015610327102,0.065062784535,0.053401037397,0.045200758184,0.070774544202,0.068141902866,0.077629201576,0.059291535501,0.051835035389,0.0062720887018,0.077629157264,0.075085917453,0.052703825402,0.00055595522275,0.04903146617,0.078200289655,0.061288807971,0.025196494043,0.076840264524,0.077697977889,0.033161037834,0.051008604606,0.0015792517048,6.5885159938e-07,0.016011342079,0.0061839179572,0.034079257632,0.0010699127731
454.0,0.0015510929531,0.065001684547,0.05332447133,0.045120610369,0.070727967837,0.068087818514,0.077616569803,0.059220972521,0.05175738631,0.0062429474861,0.077616525681,0.075056604688,0.052626753041,0.00055141202195,0.048952361565,0.078193306074,0.061221065558,0.025127219833,0.076821428584,0.077685960742,0.033084180529,0.05093046303,0.001569221948,6.4592134036e-07,0.01595681136,0.0061550686818,0.034001801996,0.0010623914948
454.5,0.001541216486,0.064940641935,0.05324801503,0.045040604661,0.070681422122,0.068033777083,0.077603940086,0.059150493508,0.051679853532,0.0062139416644,0.077603896154,0.075027303364,0.052549793368,0.0005469059475,0.048873384557,0.078186323117,0.061153398008,0.025058136066,0.076802597262,0.077673945454,0.033007501331,0.050852441143,0.0015592558886,6.332448435e-07,0.01590246634,0.0061263539903,0.033924522363,0.001054923089
455.0,0.0015314029059,0.064879656647,0.053171668337,0.044960740806,0.070634907036,0.067979778539,0.077591312423,0.059080098362,0.05160243688,0.0061850706078,0.077591268682,0.074998013478,0.05247294622,0.00054243669602,0.04879453494,0.078179340783,0.061085805238,0.024989242218,0.076783770555,0.077661932023,0.032930999828,0.050774538763,0.0015493531221,6.2081712867e-07,0.015848306386,0.0060977732549,0.033847418331,0.0010475071841
455.5,0.0015216518122,0.064818728628,0.053095431097,0.044881018554,0.07058842256,0.067925822848,0.077578686815,0.059009786983,0.051525136181,0.0061563336901,0.077578643264,0.074968735025,0.052396211433,0.00053800396658,0.048715812508,0.078172359073,0.061018287166,0.024920537767,0.076764948463,0.077649920451,0.032854675609,0.050696755706,0.0015395132466,6.0863331324e-07,0.015794330868,0.0060693258508,0.033770489502,0.001040143411
456.0,0.0015119628072,0.064757857825,0.053019303151,0.044801437654,0.070541968672,0.067871909975,0.077566063261,0.058939559272,0.051447951261,0.0061277302879,0.077566019901,0.074939467999,0.052319588841,0.00053360746075,0.048637217058,0.078165377987,0.06095084371,0.024852022192,0.076746130985,0.077637910736,0.032778528262,0.05061909179,0.0015297358626,5.9668861069e-07,0.015740539159,0.006041011156,0.033693735479,0.0010328314033
456.5,0.0015023354955,0.064697044184,0.052943284344,0.044721997854,0.070495545354,0.067818039887,0.077553441762,0.058869415128,0.051370881947,0.0060992597812,0.077553398591,0.074910212398,0.052243078281,0.00052924688251,0.048558748383,0.078158397523,0.060883474787,0.024783694975,0.076727318119,0.077625902879,0.032702557378,0.050541546833,0.0015200205734,5.8497832843e-07,0.015686930632,0.0060128285514,0.033617155864,0.0010255707971
457.0,0.0014927694844,0.064636287651,0.052867374518,0.044642698906,0.070449152585,0.06776421255,0.077540822316,0.058799354454,0.051293928066,0.0060709215523,0.077540779335,0.074880968216,0.052166679589,0.00052492193827,0.04848040628,0.078151417684,0.060816180314,0.024715555598,0.076708509865,0.077613896879,0.032626762548,0.050464120652,0.0015103669846,5.734978657e-07,0.015633504663,0.0059847774209,0.033540750261,0.001018361231
457.5,0.0014832643834,0.064575588173,0.052791573518,0.044563540558,0.070402790344,0.06771042793,0.077528204924,0.058729377149,0.051217089445,0.0060427149867,0.077528162133,0.074851735448,0.052090392601,0.00052063233684,0.048402190544,0.078144438467,0.06074896021,0.024647603545,0.076689706221,0.077601892735,0.032551143363,0.050386813065,0.0015007747043,5.6224271215e-07,0.015580260632,0.0059568571511,0.033464518275,0.0010112023463
458.0,0.0014738198048,0.064514945696,0.052715881187,0.044484522563,0.070356458612,0.067656685993,0.077515589584,0.058659483114,0.051140365911,0.0060146394727,0.077515546983,0.074822514092,0.052014217155,0.00051637778939,0.048324100972,0.078137459874,0.060681814392,0.0245798383,0.076670907186,0.077589890449,0.032475699419,0.050309623891,0.0014912433432,5.5120844606e-07,0.015527197918,0.0059290671316,0.033388459511,0.0010040937866
458.5,0.0014644353632,0.064454360166,0.05264029737,0.04440564467,0.070310157369,0.067602986705,0.077502976297,0.058589672251,0.051063757293,0.0059866944015,0.077502933886,0.074793304141,0.051938153088,0.00051215800949,0.048246137361,0.078130481904,0.060614742778,0.02451225935,0.07665211276,0.077577890018,0.032400430307,0.050232552948,0.0014817725144,5.4039073237e-07,0.015474315905,0.0059014067549,0.033312573576,0.00099703519831
459.0,0.0014551106757,0.064393831531,0.052564821911,0.044326906632,0.070263886595,0.067549330033,0.077490365063,0.058519944459,0.050987263417,0.0059588791669,0.077490322842,0.074764105592,0.051862200235,0.000507972713,0.048168299506,0.078123504557,0.060547745286,0.024444866183,0.07663332294,0.077565891444,0.032325335623,0.050155600056,0.0014723618336,5.2978532128e-07,0.015421613977,0.0058738754162,0.033236860078,0.00099002623003
459.5,0.0014458453618,0.064333359736,0.052489454656,0.044248308201,0.070217646269,0.067495715942,0.077477755881,0.058450299641,0.050910884112,0.0059311931658,0.077477713849,0.07473491844,0.051786358436,0.00050382161815,0.048090587206,0.078116527833,0.060480821835,0.024377658289,0.076614537726,0.077553894725,0.032250414964,0.050078765034,0.0014630109186,5.1938804609e-07,0.015369091521,0.0058464725134,0.033161318624,0.00098306653298
460.0,0.0014366390435,0.064272944728,0.052414195448,0.044169849129,0.070171436371,0.067442144399,0.07746514875,0.058380737697,0.050834619207,0.0059036357977,0.077465106908,0.07470574268,0.051710627527,0.00049970444545,0.048013000258,0.078109551732,0.060413972342,0.024310635158,0.076595757116,0.077541899861,0.032175667925,0.0500020477,0.00145371939,5.0919482202e-07,0.015316747926,0.0058191974476,0.033085948825,0.0009761557608
460.5,0.0014274913452,0.064212586454,0.052339044133,0.044091529169,0.070125256882,0.067388615369,0.077452543671,0.05831125853,0.050758468531,0.005876206465,0.077452502018,0.074676578309,0.051635007347,0.00049562091769,0.04793553846,0.078102576254,0.060347196726,0.024243796282,0.076576981111,0.077529906853,0.032101094105,0.049925447876,0.0014444868706,4.992016447e-07,0.015264582583,0.0057920496223,0.03301075029,0.00096929356957
461.0,0.0014184018936,0.064152284861,0.052264000556,0.044013348074,0.070079107782,0.067335128821,0.077439940643,0.05824186204,0.050682431911,0.0058489045729,0.077439899179,0.074647425321,0.051559497734,0.00049157075992,0.04785820161,0.078095601399,0.060280494905,0.024177141155,0.076558209707,0.0775179157,0.032026693102,0.04984896538,0.0014353129857,4.8940458794e-07,0.015212594885,0.005765028444,0.03293572263,0.0009624796178
461.5,0.0014093703178,0.064092039896,0.052189064564,0.043935305599,0.07003298905,0.067281684718,0.077427339665,0.05817254813,0.050606509178,0.0058217295291,0.07742729839,0.074618283713,0.051484098525,0.00048755369946,0.047780989507,0.078088627167,0.060213866797,0.024110669271,0.076539442905,0.077505926401,0.031952464516,0.049772600034,0.001426197363,4.797998028e-07,0.015160784227,0.005738133322,0.032860865458,0.00095571356636
462.0,0.0014003962494,0.064031851504,0.052114236001,0.043857401498,0.069986900667,0.067228283029,0.077414740738,0.0581033167,0.050530700161,0.0057946807445,0.077414699652,0.07458915348,0.051408809561,0.00048356946585,0.047703901949,0.078081653558,0.060147312322,0.024044380128,0.076520680703,0.077493938956,0.031878407948,0.049696351658,0.0014171396323,4.7038351582e-07,0.015109150007,0.0057113636681,0.032786178385,0.00094899507854
462.5,0.0013914793221,0.063971719634,0.052039514714,0.043779635524,0.069940842612,0.067174923719,0.077402143861,0.058034167653,0.05045500469,0.0057677576323,0.077402102964,0.074560034617,0.051333630678,0.00047961779082,0.047626938735,0.078074680571,0.060080831398,0.023978273223,0.0765019231,0.077481953366,0.031804522998,0.049620220073,0.001408139426,4.6115202779e-07,0.015057691624,0.0056847188971,0.032711661025,0.00094232382
463.0,0.0013826191721,0.063911644232,0.051964900549,0.043702007434,0.069894814866,0.067121606754,0.077389549033,0.057965100891,0.050379422595,0.0057409596087,0.077389508326,0.07453092712,0.051258561718,0.00047569840832,0.047550099666,0.078067708207,0.060014423943,0.023912348054,0.076483170095,0.077469969629,0.03173080927,0.0495442051,0.0013991963789,4.5210171175e-07,0.015006408478,0.0056581984265,0.032637312994,0.00093569945871
463.5,0.001373815438,0.063851625245,0.051890393352,0.043624516983,0.069848817408,0.067068332102,0.077376956255,0.057896116316,0.050303953705,0.0057142860925,0.077376915737,0.074501830985,0.051183602518,0.00047181105446,0.047473384541,0.078060736466,0.059948089877,0.023846604123,0.076464421686,0.077457987745,0.031657266367,0.04946830656,0.001390310128,4.4322901237e-07,0.014955299974,0.0056318016763,0.032563133906,0.00092912166503
464.0,0.0013650677604,0.06379166262,0.051815992971,0.043547163927,0.069802850219,0.067015099728,0.077364365526,0.05782721383,0.050228597852,0.0056877365053,0.077364325196,0.074472746207,0.051108752919,0.00046795546751,0.04739679316,0.078053765347,0.059881829118,0.023781040932,0.076445677874,0.077446007715,0.031583893892,0.049392524275,0.0013814803125,4.3453044373e-07,0.014904365517,0.0056055280696,0.032489123378,0.00092259011158
464.5,0.0013563757826,0.063731756304,0.051741699252,0.043469948023,0.069756913279,0.066961909599,0.077351776846,0.057758393336,0.050153354866,0.0056613102713,0.077351736705,0.074443672781,0.051034012761,0.00046413138787,0.047320325323,0.078046794851,0.059815641586,0.023715657982,0.076426938655,0.077434029538,0.031510691452,0.049316858068,0.001372706574,4.260025883e-07,0.014853604515,0.0055793770317,0.032415281027,0.00091610447332
465.0,0.0013477391498,0.063671906244,0.051667512041,0.043392869026,0.069711006568,0.066908761681,0.077339190214,0.057689654735,0.050078224578,0.0056350068173,0.077339150261,0.074414610704,0.050959381883,0.00046033855807,0.047243980832,0.078039824978,0.059749527199,0.02365045478,0.076408204031,0.077422053213,0.031437658651,0.049241307759,0.0013639885564,4.1764209586e-07,0.014803016376,0.005553347991,0.03234160647,0.00090966442749
465.5,0.0013391575096,0.063612112388,0.051593431188,0.043315926695,0.069665130066,0.066855655941,0.07732660563,0.057620997932,0.050003206819,0.0056088255729,0.077326565866,0.074385559971,0.050884860125,0.00045657672274,0.047167759488,0.078032855727,0.059683485877,0.02358543083,0.076389473998,0.07741007874,0.031364795098,0.049165873173,0.0013553259058,4.0944568191e-07,0.014752600512,0.0055274403783,0.032268099328,0.00090326965359
466.0,0.0013306305119,0.063552374682,0.051519456538,0.043239120787,0.069619283753,0.066802592346,0.077314023094,0.057552422827,0.049928301421,0.0055827659703,0.077313983518,0.074356520577,0.050810447329,0.00045284562861,0.047091661092,0.078025887098,0.059617517539,0.023520585641,0.076370748556,0.077398106119,0.031292100399,0.049090554132,0.0013467182707,4.0141012623e-07,0.014702356336,0.0055016536273,0.032194759219,0.00089691983336
466.5,0.0013221578087,0.063492693075,0.051445587941,0.04316245106,0.069573467609,0.066749570861,0.077301442605,0.057483929324,0.049853508216,0.0055568274445,0.077301403217,0.074327492518,0.050736143334,0.00044914502447,0.047015685445,0.078018919091,0.059551622104,0.023455918721,0.076352027705,0.07738613535,0.031219574165,0.049015350458,0.0013381653016,3.9353227203e-07,0.014652283265,0.005475987174,0.032121585763,0.00089061465082
467.0,0.0013137390544,0.063433067512,0.051371825243,0.043085917274,0.069527681615,0.066696591455,0.077288864163,0.057415517327,0.049778827036,0.0055310094327,0.077288824964,0.074298475789,0.050661947983,0.00044547466114,0.04693983235,0.078011951707,0.059485799491,0.023391429579,0.076333311442,0.077374166432,0.031147216004,0.048940261975,0.0013296666514,3.8580902412e-07,0.014602380715,0.0054504404574,0.032048578584,0.00088435379216
467.5,0.0013053739055,0.063373497943,0.051298168294,0.043009519186,0.069481925751,0.066643654092,0.077276287768,0.057347186737,0.049704257713,0.0055053113751,0.077276248756,0.074269470387,0.050587861115,0.00044183429152,0.046864101609,0.078004984945,0.059420049622,0.023327117728,0.076314599767,0.077362199366,0.031075025526,0.048865288507,0.0013212219751,3.7823734844e-07,0.014552648105,0.0054250129189,0.031975737302,0.0008781369458
468.0,0.0012970620205,0.063313984313,0.05122461694,0.042933256556,0.069436199996,0.06659075874,0.077263713419,0.057278937458,0.049629800079,0.0054797327145,0.077263674596,0.074240476307,0.050513882573,0.0004382236705,0.046788493025,0.077998018805,0.059354372414,0.023262982679,0.076295892679,0.07735023415,0.031003002345,0.048790429878,0.00131283093,3.708142704e-07,0.014503084859,0.0053997040025,0.031903061542,0.00087196380237
468.5,0.0012888030605,0.063254526571,0.051151171033,0.042857129145,0.069390504331,0.066537905366,0.077251141116,0.057210769394,0.049555453967,0.005454272896,0.077251102481,0.074211493544,0.050440012199,0.00043464255498,0.046713006402,0.077991053287,0.059288767787,0.023199023948,0.076277190177,0.077338270785,0.030931146071,0.048715685911,0.0013044931753,3.6353687351e-07,0.014453690397,0.0053745131548,0.031830550926,0.00086583405463
469.0,0.0012805966884,0.063195124663,0.051077830419,0.042781136712,0.069344838736,0.066485093936,0.077238570859,0.057142682448,0.049481219211,0.0054289313676,0.077238532412,0.074182522093,0.050366249833,0.00043109070385,0.046637641541,0.077984088391,0.059223235663,0.023135241049,0.076258492258,0.07732630927,0.030859456319,0.048641056431,0.0012962083728,3.564022988e-07,0.014404464147,0.0053494398252,0.031758205081,0.00085974739755
469.5,0.0012724425693,0.063135778539,0.051004594948,0.042705279018,0.069299203192,0.066432324417,0.077226002647,0.057074676523,0.049407095643,0.0054037075795,0.077225964388,0.074153561952,0.050292595318,0.00042756787795,0.046562398248,0.077977124117,0.059157775959,0.023071633498,0.076239798923,0.077314349605,0.030787932702,0.048566541264,0.0012879761861,3.4940774346e-07,0.014355405534,0.0053244834654,0.031686023631,0.00085370352819
470.0,0.0012643403705,0.063076488145,0.05093146447,0.042629555824,0.069253597678,0.066379596776,0.07721343648,0.057006751523,0.049333083097,0.0053786009849,0.077213398409,0.074124613114,0.050219048497,0.00042407384012,0.046487276325,0.077970160465,0.059092388598,0.023008200815,0.07622111017,0.07730239179,0.030716574836,0.048492140233,0.0012797962811,3.4255045934e-07,0.01430651399,0.0052996435297,0.031614006204,0.00084770214579
470.5,0.0012562897615,0.063017253428,0.050858438834,0.042553966893,0.069208022175,0.066326910979,0.077200872358,0.056938907351,0.049259181406,0.0053536110392,0.077200834474,0.074095675576,0.050145609212,0.00042060835508,0.046412275578,0.077963197435,0.059027073497,0.022944942518,0.076202425998,0.077290435824,0.030645382336,0.048417853164,0.0012716683258,3.358277525e-07,0.014257788943,0.0052749194751,0.031542152427,0.00084174295167
471.0,0.0012482904138,0.062958074337,0.050785517889,0.042478511985,0.069162476663,0.066274266994,0.077188310281,0.056871143912,0.049185390406,0.0053287372004,0.077188272584,0.074066749333,0.050072277306,0.00041717118953,0.04633739581,0.077956235027,0.058961830578,0.022881858128,0.076183746406,0.077278481707,0.03057435482,0.048343679883,0.0012635919901,3.2923698189e-07,0.014209229829,0.0052503107609,0.031470461927,0.00083582564927
471.5,0.001240342001,0.06289895082,0.050712701486,0.042403190863,0.069116961123,0.066221664787,0.077175750247,0.056803461109,0.049111709929,0.0053039789292,0.077175712738,0.074037834381,0.049999052622,0.00041376211203,0.046262636827,0.077949273241,0.058896659761,0.022818947167,0.076165071393,0.077266529439,0.030503491905,0.048269620215,0.0012555669464,3.2277555801e-07,0.014160836081,0.0052258168492,0.031398934335,0.00082994994409
472.0,0.0012324441987,0.062839882824,0.050639989475,0.04232800329,0.069071475534,0.066169104324,0.077163192257,0.056735858847,0.049038139811,0.0052793356885,0.077163154935,0.074008930715,0.049925935004,0.00041038089305,0.046187998435,0.077942312076,0.058831560967,0.022756209158,0.076146400957,0.07725457902,0.03043279321,0.048195673986,0.0012475928689,3.1644094247e-07,0.014112607136,0.0052014372043,0.03132756928,0.00082411554374
472.5,0.0012245966848,0.062780870297,0.050567381706,0.042252949029,0.069026019877,0.066116585573,0.077150636311,0.056668337029,0.048964679886,0.005254806944,0.077150599176,0.073980038332,0.049852924294,0.00040702730494,0.046113480438,0.077935351533,0.058766534115,0.022693643626,0.076127735098,0.077242630448,0.030362258354,0.048121841023,0.0012396694338,3.1023064663e-07,0.014064542435,0.0051771712933,0.031256366393,0.00081832215784
473.0,0.0012167991389,0.062721913186,0.05049487803,0.042178027845,0.068980594133,0.066064108502,0.077138082407,0.056600895561,0.04889132999,0.0052303921636,0.07713804546,0.073951157226,0.049780020336,0.0004037011219,0.046039082642,0.077928391611,0.058701579126,0.022631250097,0.076109073814,0.077230683725,0.030291886958,0.048048121151,0.0012317963197,3.041422307e-07,0.014016641416,0.0051530185856,0.031185325305,0.00081256949809
473.5,0.001209051243,0.062663011441,0.050422478297,0.0421032395,0.068935198281,0.066011673075,0.077125530547,0.056533534345,0.048818089957,0.005206090818,0.077125493786,0.073922287393,0.049707222975,0.00040040211999,0.045964804854,0.077921432311,0.058636695921,0.022569028097,0.076090417105,0.07721873885,0.030221678643,0.047974514199,0.0012239732068,2.9817330265e-07,0.013968903524,0.0051289785531,0.03111444565,0.00080685727819
474.0,0.0012013526809,0.062604165009,0.050350182359,0.04202858376,0.068889832302,0.065959279262,0.077112980728,0.056466253288,0.048744959623,0.00518190238,0.077112944155,0.07389342883,0.049634532055,0.00039713007709,0.045890646881,0.077914473632,0.058571884421,0.022506977157,0.076071764969,0.077206795822,0.030151633031,0.047901019993,0.0012161997777,2.9232151752e-07,0.013921328202,0.0051050506702,0.03104372706,0.00080118521386
474.5,0.0011937031386,0.062545373837,0.050277990067,0.041954060389,0.068844496176,0.065906927028,0.077100432952,0.056399052293,0.048671938824,0.005157826325,0.077100396565,0.07386458153,0.04956194742,0.00039388477289,0.045816608528,0.077907515575,0.058507144545,0.022445096804,0.076053117404,0.077194854641,0.030081749745,0.047827638361,0.0012084757169,2.8658457618e-07,0.013873914897,0.0050812344137,0.030973169169,0.00079555302282
475.0,0.0011861023038,0.062486637875,0.050205901272,0.041879669152,0.068799189884,0.065854616341,0.077087887217,0.056331931265,0.048599027396,0.005133862131,0.077087851017,0.073835745491,0.049489468914,0.00039066598889,0.045742689603,0.077900558139,0.058442476216,0.022383386571,0.076034474411,0.077182915306,0.03001202841,0.047754369129,0.0012008007108,2.8096022495e-07,0.013826663058,0.0050575292629,0.030902771614,0.00078996042479
475.5,0.0011785498664,0.06242795707,0.050133915826,0.041805409816,0.068753913405,0.065802347167,0.077075343524,0.05626489011,0.048526225174,0.0051100092783,0.077075307511,0.073806920707,0.049417096383,0.00038747350837,0.045668889914,0.077893601325,0.058377879354,0.02232184599,0.076015835987,0.077170977819,0.02994246865,0.047681212126,0.0011931744478,2.7544625422e-07,0.013779572134,0.0050339346995,0.030832534028,0.00078440714142
476.0,0.0011710455183,0.062369331371,0.05006203358,0.041731282147,0.068708666721,0.065750119474,0.077062801872,0.056197928731,0.048453531996,0.0050862672494,0.077062766045,0.073778107175,0.049344829672,0.00038430711638,0.045595209268,0.077886645132,0.058313353881,0.022260474594,0.075997202133,0.077159042177,0.02987307009,0.04760816718,0.0011855966185,2.7004049753e-07,0.013732641578,0.0050104502076,0.03076245605,0.00077889289636
476.5,0.0011635889533,0.062310760725,0.049990254388,0.041657285911,0.068663449812,0.065697933229,0.07705026226,0.056131047035,0.048380947698,0.0050626355296,0.07705022662,0.073749304889,0.049272668626,0.00038116659973,0.045521647473,0.07787968956,0.058248899716,0.022199271918,0.075978572845,0.077147108382,0.029803832357,0.04753523412,0.0011780669152,2.6474083122e-07,0.013685870844,0.0049870752738,0.030692537316,0.00077341741518
477.0,0.0011561798672,0.062252245081,0.049918578101,0.041583420875,0.068618262658,0.065645788399,0.077037724689,0.056064244926,0.048308472118,0.0050391136063,0.077037689235,0.073720513846,0.04920061309,0.00037805174698,0.045448204338,0.077872734609,0.058184516782,0.0221382375,0.075959948124,0.077135176432,0.029734755079,0.047462412774,0.0011705850323,2.5954517337e-07,0.013639259387,0.0049638093869,0.030622777465,0.00076798042538
477.5,0.0011488179575,0.062193784388,0.049847004571,0.041509686807,0.068573105239,0.065593684951,0.077025189158,0.05599752231,0.048236105091,0.0050157009694,0.077025153891,0.073691734041,0.049128662911,0.0003749623484,0.045374879671,0.077865780279,0.058120205,0.022077370875,0.075941327969,0.077123246328,0.029665837884,0.047389702971,0.0011631506661,2.5445148255e-07,0.013592806665,0.0049406520384,0.030553176135,0.00076258165638
478.0,0.001141502924,0.062135378594,0.049775533652,0.041436083473,0.068527977537,0.065541622852,0.077012655666,0.055930879092,0.048163846457,0.0049923971112,0.077012620585,0.073662965469,0.049056817934,0.00037189819598,0.045301673282,0.07785882657,0.058055964291,0.022016671583,0.075922712377,0.077111318069,0.0295970804,0.04731710454,0.0011557635149,2.4945775783e-07,0.013546512138,0.0049176027218,0.030483732968,0.00075722083949
478.5,0.0011342344682,0.062077027646,0.049704165196,0.041362610644,0.068482879531,0.06548960207,0.077000124214,0.055864315178,0.048091696052,0.0049692015262,0.07700008932,0.073634208127,0.048985078006,0.00036885908342,0.045228584979,0.077851873482,0.057991794576,0.021956139164,0.075904101349,0.077099391654,0.029528482259,0.047244617311,0.0011484232787,2.4456203717e-07,0.013500375268,0.0048946609332,0.030414447603,0.00075189770794
479.0,0.0011270122935,0.062018731495,0.049632899057,0.041289268086,0.068437811202,0.065437622571,0.076987594802,0.055797830473,0.048019653714,0.0049461137114,0.076987560093,0.07360546201,0.048913442972,0.0003658448061,0.045155614572,0.077844921015,0.057927695778,0.02189577316,0.075885494883,0.077087467084,0.02946004309,0.047172241113,0.0011411296597,2.3976239727e-07,0.013454395516,0.004871826171,0.030345319682,0.0007466119968
479.5,0.0011198361051,0.061960490087,0.049561735087,0.04121605557,0.06839277253,0.065385684323,0.076975067427,0.055731424883,0.047947719282,0.0049231331661,0.076975032905,0.073576727114,0.048841912681,0.00036285516107,0.045082761872,0.077837969169,0.057863667818,0.021835573112,0.075866892977,0.077075544359,0.029391762525,0.047099975776,0.0011338823618,2.3505695245e-07,0.013408572349,0.0048490979359,0.030276348848,0.00074136344302
480.0,0.0011127056104,0.061902303373,0.049490673141,0.041142972865,0.068347763496,0.065333787294,0.076962542091,0.055665098314,0.047875892594,0.0049002593919,0.076962507755,0.073548003433,0.048770486977,0.00035988994703,0.045010026687,0.077831017944,0.057799710617,0.021775538565,0.075848295631,0.077063623477,0.029323640198,0.047027821131,0.0011266810908,2.3044385399e-07,0.013362905233,0.004826475731,0.030207534743,0.0007361517854
480.5,0.0011056205183,0.0618441713,0.049419713072,0.04107001974,0.068302784081,0.06528193145,0.076950018794,0.055598850672,0.047804173489,0.0048774918927,0.076949984643,0.073519290965,0.04869916571,0.00035694896434,0.04493740883,0.07782406734,0.057735824098,0.021715669064,0.075829702844,0.077051704439,0.02925567574,0.046955777009,0.0011195255544,2.2592128977e-07,0.013317393637,0.0048039590617,0.030138877011,0.00073097676457
481.0,0.0010985805398,0.061786093817,0.049348854734,0.040997195966,0.068257834264,0.065230116758,0.076937497534,0.055532681863,0.047732561805,0.0048548301748,0.076937463568,0.073490589704,0.048627948726,0.00035403201499,0.04486490811,0.077817117356,0.057672008182,0.021655964155,0.075811114615,0.077039787245,0.029187868787,0.046883843239,0.0011124154621,2.2148748281e-07,0.013272037032,0.0047815474356,0.030070375299,0.00072583812298
481.5,0.0010915853876,0.061728070874,0.049278097981,0.040924501313,0.068212914027,0.065178343187,0.076924978311,0.055466591793,0.047661057382,0.0048322737467,0.076924944531,0.073461899645,0.048556835872,0.00035113890258,0.044792524338,0.077810167993,0.057608262792,0.021596423386,0.075792530941,0.077027871893,0.029120218974,0.046812019653,0.0011053505255,2.1714069131e-07,0.013226834889,0.0047592403628,0.03000202925,0.00072073560491
482.0,0.0010846347763,0.061670102417,0.049207442668,0.040851935554,0.06816802335,0.065126610704,0.076912461125,0.055400580369,0.047589660059,0.0048098221192,0.076912427531,0.073433220786,0.048485826997,0.00034826943232,0.044720257327,0.07780321925,0.057544587849,0.021537046305,0.075773951823,0.077015958385,0.029052725936,0.046740306082,0.0010983304576,2.1287920758e-07,0.013181786682,0.0047370373555,0.029933838512,0.0007156689564
482.5,0.0010777284223,0.061612188398,0.04913688865,0.040779498458,0.068123162213,0.065074919275,0.076899945976,0.055334647497,0.047518369676,0.0047874748055,0.076899912568,0.073404553121,0.048414921948,0.00034542341101,0.044648106888,0.077796271128,0.057480983275,0.021477832462,0.075755377259,0.077004046719,0.02898538931,0.046668702358,0.0010913549735,2.0870135729e-07,0.013136891888,0.0047149379282,0.029865802731,0.00071063792532
483.0,0.0010708660437,0.061554328764,0.04906643578,0.040707189798,0.068078330598,0.065023268868,0.076887432864,0.055268793084,0.047447186073,0.0047652313208,0.076887399641,0.073375896646,0.048344120574,0.00034260064703,0.044576072833,0.077789323627,0.057417448994,0.021418781409,0.075736807248,0.076992136895,0.028918208735,0.046597208312,0.0010844237901,2.0460549937e-07,0.013092149984,0.0046929415977,0.029797921556,0.00070564226128
483.5,0.0010640473607,0.061496523464,0.048996083915,0.040635009346,0.068033528484,0.064971659452,0.076874921788,0.055203017035,0.047376109089,0.0047430911827,0.076874888749,0.073347251356,0.048273422722,0.00033980095032,0.044504154973,0.077782376745,0.057353984927,0.021359892699,0.075718241789,0.076980228913,0.028851183847,0.046525823777,0.0010775366261,2.0059002449e-07,0.01304756045,0.0046710478832,0.029730194635,0.00070068171566
484.0,0.0010572720949,0.061438772448,0.048925832909,0.040562956875,0.067988755852,0.064920090993,0.076862412747,0.055137319259,0.047305138566,0.0047210539111,0.076862379894,0.073318617248,0.048202828243,0.00033702413238,0.044432353123,0.077775430485,0.057290590996,0.021301165885,0.075699680881,0.076968322773,0.028784314288,0.046454548584,0.0010706932019,1.9665335496e-07,0.013003122767,0.0046492563059,0.029662621619,0.0006957560416
484.5,0.0010505399699,0.061381075664,0.048855682618,0.040491032159,0.067944012683,0.064868563458,0.076849905742,0.055071699662,0.047234274343,0.0046991190281,0.076849873074,0.073289994316,0.048132336985,0.00033427000625,0.044360667095,0.077768484844,0.057227267124,0.021242600522,0.075681124523,0.076956418474,0.028717599696,0.046383382567,0.0010638932397,1.9279394436e-07,0.012958836417,0.0046275663893,0.029595202157,0.00069086499395
485.0,0.001043850711,0.061323433061,0.048785632897,0.04041923497,0.067899298958,0.064817076816,0.076837400771,0.05500615815,0.047163516261,0.004677286058,0.076837368289,0.073261382557,0.048061948796,0.00033153838649,0.044289096701,0.077761539824,0.057164013235,0.021184196166,0.075662572713,0.076944516016,0.028651039712,0.046312325558,0.0010571364635,1.8901027645e-07,0.012914700886,0.0046059776592,0.0295279359,0.00068600832931
485.5,0.0010372040453,0.061265844589,0.048715683603,0.040347565082,0.067854614657,0.064765631034,0.076824897836,0.054940694632,0.047092864163,0.0046555545272,0.076824865538,0.073232781966,0.047991663526,0.0003288290892,0.044217641756,0.077754595424,0.057100829249,0.021125952375,0.07564402545,0.0769326154,0.02858463398,0.046241377391,0.001050422599,1.8530086482e-07,0.012870715659,0.0045844896436,0.029460822502,0.00068118580597
486.0,0.0010305997016,0.061208310197,0.048645834591,0.040276022271,0.06780995976,0.064714226079,0.076812396935,0.054875309014,0.047022317888,0.0046339239645,0.076812364822,0.073204192539,0.047921481025,0.00032614193194,0.044146302074,0.077747651644,0.057037715091,0.021067868708,0.075625482734,0.076920716623,0.02851838214,0.046170537898,0.0010437513737,1.8166425203e-07,0.012826880226,0.0045631018727,0.029393861614,0.00067639718393
486.5,0.0010240374103,0.061150829834,0.048576085718,0.040204606309,0.067765334249,0.06466286192,0.076799898068,0.054810001203,0.046951877278,0.0046123939008,0.07679986614,0.073175614271,0.047851401143,0.00032347673381,0.044075077468,0.077740708484,0.056974670683,0.021009944723,0.075606944563,0.076908819687,0.028452283837,0.046099806913,0.0010371225168,1.7809900939e-07,0.012783194076,0.0045418138788,0.02932705289,0.00067164222487
487.0,0.0010175169039,0.061093403449,0.04850643684,0.040133316974,0.067720738103,0.064611538523,0.076787401235,0.054744771107,0.046881542176,0.0045909638691,0.076787369491,0.073147047158,0.047781423729,0.00032083331534,0.044003967753,0.077733765945,0.056911695948,0.020952179983,0.075588410936,0.076896924591,0.028386338714,0.04602918427,0.0010305357593,1.7460373628e-07,0.012739656701,0.0045206251965,0.029260395984,0.00066692069215
487.5,0.001011037916,0.061036030992,0.048436887813,0.040062154039,0.067676171305,0.064560255856,0.076774906435,0.054679618633,0.046811312423,0.0045696334046,0.076774874876,0.073118491196,0.047711548634,0.00031821149856,0.043932972744,0.077726824025,0.056848790809,0.02089457405,0.075569881852,0.076885031335,0.028320546418,0.045958669803,0.0010239908338,1.7117705946e-07,0.012696267594,0.0044995353624,0.029193890552,0.0006622323508
488.0,0.0010046001825,0.060978712411,0.048367438495,0.039991117282,0.067631633834,0.064509013887,0.076762413668,0.05461454369,0.046741187862,0.0045484020448,0.076762382294,0.073089946381,0.047641775708,0.00031561110696,0.043862092256,0.077719882725,0.056785955189,0.020837126486,0.07555135731,0.076873139918,0.028254906593,0.045888263347,0.0010174874746,1.6781763263e-07,0.01265302625,0.0044785439156,0.029127536249,0.0006575769675
488.5,0.00099820344069,0.060921447657,0.048298088743,0.039920206478,0.067587125671,0.064457812585,0.076749922934,0.054549546185,0.046671168334,0.0045272693293,0.076749891744,0.073061412707,0.047572104802,0.00031303196543,0.043791326103,0.077712942045,0.056723189012,0.020779836858,0.075532837309,0.076861250341,0.028189418887,0.045817964736,0.0010110254177,1.6452413619e-07,0.012609932167,0.0044576503969,0.029061332732,0.00065295431054
489.0,0.00099184742947,0.060864236678,0.048228838414,0.039849421404,0.067542646797,0.064406651915,0.076737434233,0.054484626025,0.046601253683,0.0045062347996,0.076737403227,0.073032890171,0.047502535766,0.00031047390033,0.043720674103,0.077706001985,0.0566604922,0.020722704729,0.075514321847,0.076849362602,0.028124082947,0.045747773805,0.0010046044008,1.6129527608e-07,0.012566984842,0.0044368543495,0.028995279659,0.00064836414989
489.5,0.00098553188953,0.060807079425,0.048159687366,0.039778761837,0.067498197192,0.064355531847,0.076724947563,0.054419783119,0.046531443752,0.0044852979997,0.076724916742,0.073004378768,0.047433068453,0.00030793673943,0.04365013607,0.077699062545,0.056597864677,0.020665729669,0.075495810924,0.076837476701,0.028058898421,0.045677690388,0.00099822416334,1.5812978381e-07,0.012524183777,0.0044161553189,0.028929376688,0.0006438062571
490.0,0.00097925656319,0.060749975847,0.048090635456,0.039708227554,0.067453776838,0.064304452348,0.076712462926,0.054355017375,0.046461738383,0.0044644584755,0.076712432288,0.072975878494,0.047363702712,0.00030542031191,0.043579711821,0.077692123724,0.056535306366,0.020608911244,0.075477304539,0.076825592639,0.027993864959,0.045607714322,0.0009918844463,1.5502641561e-07,0.012481528472,0.0043955528523,0.028863623477,0.00063928040534
490.5,0.00097302119439,0.060692925893,0.048021682542,0.039637818334,0.067409385714,0.064253413386,0.076699980319,0.054290328701,0.046392137421,0.0044437157749,0.076699949866,0.072947389345,0.047294438396,0.00030292444832,0.043509401173,0.077685185523,0.056472817192,0.020552249025,0.075458802689,0.076813710415,0.027928982211,0.045537845442,0.00098558499233,1.5198395255e-07,0.012439018433,0.0043750464993,0.028798019688,0.00063478636936
491.0,0.00096682552872,0.060635929513,0.047952828482,0.039567533955,0.067365023803,0.064202414929,0.076687499744,0.054225717006,0.046322640708,0.0044230694483,0.076687469475,0.072918911316,0.047225275357,0.00030044898063,0.043439203942,0.077678247941,0.056410397077,0.020495742582,0.075440305375,0.076801830029,0.027864249827,0.045468083584,0.00097932554575,1.4900119915e-07,0.012396653163,0.0043546358116,0.02873256498,0.00063032392552
491.5,0.00096066931336,0.060578986657,0.047884073134,0.039497374196,0.067320691084,0.064151456944,0.0766750212,0.054161182197,0.04625324809,0.0044025190477,0.076674991114,0.072890444403,0.047156213446,0.00029799374216,0.043369119945,0.077671310979,0.056348045945,0.020439391486,0.075421812595,0.07678995148,0.027799667459,0.045398428584,0.00097310585246,1.4607698356e-07,0.012354432171,0.0043343203429,0.028667259014,0.00062589285173
492.0,0.00095455229712,0.060522097274,0.047815416358,0.039427338834,0.067276387539,0.064100539399,0.076662544686,0.054096724183,0.046183959409,0.0043820641276,0.076662514784,0.072861988602,0.047087252515,0.00029555856761,0.043299149,0.077664374637,0.05628576372,0.020383195312,0.075403324348,0.076778074768,0.02773523476,0.045328880278,0.00096692566,1.43210157e-07,0.012312354965,0.0043140996489,0.028602101453,0.00062149292746
492.5,0.00094847423042,0.060465261314,0.047746858012,0.039357427651,0.067232113147,0.064049662263,0.076650070202,0.054032342873,0.046114774511,0.0043617042442,0.076650040484,0.072833543908,0.047018392417,0.00029314329301,0.043229290924,0.077657438914,0.056223550327,0.020327153632,0.075384840633,0.076766199893,0.027670951382,0.045259438503,0.00096078471751,1.4039959326e-07,0.012270421055,0.0042939732876,0.02853709196,0.00061712393375
493.0,0.00094243486525,0.060408478728,0.047678397954,0.039287640426,0.067187867891,0.063998825503,0.076637597748,0.053968038176,0.046045693239,0.0043414389561,0.076637568214,0.072805110317,0.046949633005,0.00029074775575,0.043159545536,0.07765050381,0.056161405688,0.020271266022,0.075366361449,0.076754326855,0.02760681698,0.045190103095,0.00095468277573,1.3764418816e-07,0.012228629954,0.004273940819,0.028472230198,0.00061278565317
493.5,0.00093643395518,0.060351749465,0.047610036044,0.039217976938,0.067143651751,0.063948029088,0.076625127324,0.053903810001,0.045976715439,0.0043212678238,0.076625097973,0.072776687824,0.046880974131,0.00028837179454,0.043089912654,0.077643569326,0.056099329728,0.020215532059,0.075347886794,0.076742455653,0.027542831209,0.045120873893,0.00094861958696,1.34942859e-07,0.012186981175,0.0042540018049,0.028407515832,0.0006084778698
494.0,0.00093047125536,0.060295073474,0.047541772141,0.03914843697,0.067099464707,0.063897272985,0.076612658928,0.053839658256,0.045907840956,0.0043011904097,0.076612629761,0.072748276426,0.046812415648,0.00028601524939,0.043020392096,0.077636635461,0.056037322371,0.020159951321,0.075329416668,0.076730586287,0.027478993724,0.045051750733,0.0009425949051,1.3229454474e-07,0.012145474233,0.0042341558095,0.028342948527,0.00060420036927
494.5,0.00092454652249,0.060238450707,0.047473606105,0.039079020301,0.06705530674,0.063846557162,0.076600192562,0.05377558285,0.045839069635,0.0042812062785,0.076600163577,0.072719876118,0.04674395741,0.00028367796166,0.042950983681,0.077629702215,0.055975383542,0.020104523386,0.075310951069,0.076718718756,0.027415304181,0.044982733453,0.0009366084856,1.2969820479e-07,0.012104108647,0.0042144023987,0.028278527948,0.00059995293868
495.0,0.00091865951482,0.060181881112,0.047405537795,0.039009726713,0.067011177833,0.063795881587,0.076587728223,0.053711583693,0.045770401322,0.0042613149968,0.076587699422,0.072691486895,0.04667559927,0.00028135977396,0.042881687229,0.077622769588,0.055913513164,0.020049247833,0.075292489996,0.076706853061,0.027351762238,0.04491382189,0.00093066008545,1.2715281913e-07,0.012062883933,0.0041947411408,0.028214253763,0.00059573536667
495.5,0.00091280999214,0.060125364641,0.047337567072,0.038940555988,0.066967077964,0.063745246229,0.076575265913,0.053647660695,0.045701835862,0.0042415161332,0.076575237295,0.072663108754,0.046607341082,0.00027906053022,0.042812502559,0.077615837581,0.055851711161,0.019994124246,0.075274033449,0.076694989202,0.027288367553,0.044845015883,0.00092474946321,1.2465738785e-07,0.012021799613,0.0041751716058,0.02815012564,0.00059154744333
496.0,0.00090699771578,0.060068901242,0.047269693795,0.038871507908,0.066923007116,0.063694651055,0.076562805631,0.053583813763,0.045633373101,0.0042218092583,0.076562777196,0.072634741689,0.0465391827,0.00027678007563,0.04274342949,0.077608906192,0.05578997746,0.019939152204,0.075255581426,0.076683127177,0.027225119785,0.044776315271,0.00091887637895,1.2221093053e-07,0.011980855209,0.0041556933658,0.028086143245,0.00058738896024
496.5,0.00090122244858,0.060012490867,0.047201917825,0.038802582255,0.066878965268,0.063644096034,0.076550347376,0.053520042809,0.045565012886,0.0042021939446,0.076550319124,0.072606385697,0.046471123977,0.00027451825664,0.042674467843,0.077601975422,0.055728311983,0.019884331293,0.075237133925,0.076671266986,0.027162018593,0.044707719891,0.00091304059428,1.1981248597e-07,0.011940050244,0.004136305995,0.028022306248,0.00058325971045
497.0,0.00089548395488,0.059956133465,0.047134239022,0.038733778814,0.066834952403,0.063593581134,0.076537891149,0.053456347741,0.045496755063,0.0041826697669,0.07653786308,0.072578040774,0.046403164769,0.00027227492098,0.042605617437,0.077595045272,0.055666714656,0.019829661096,0.075218690947,0.07665940863,0.027099063638,0.044639229583,0.00090724187231,1.1746111196e-07,0.011899384243,0.0041170090694,0.02795861432,0.00057915948844
497.5,0.00088978200054,0.059899828987,0.047066657247,0.038665097366,0.066790968501,0.063543106322,0.076525436948,0.053392728469,0.045428599478,0.0041632363016,0.076525409062,0.072549706914,0.046335304929,0.00027004991759,0.042536878095,0.07758811574,0.055605185403,0.0197751412,0.075200252489,0.076647552108,0.027036254581,0.044570844186,0.00090147997768,1.1515588476e-07,0.011858856733,0.0040978021671,0.027895067129,0.00057508809017
498.0,0.00088411635291,0.059843577383,0.046999172361,0.038596537695,0.066747013542,0.063492671568,0.076512984774,0.053329184903,0.045360545979,0.0041438931274,0.07651295707,0.072521384115,0.046267544312,0.00026784309667,0.042468249635,0.077581186827,0.055543724149,0.01972077119,0.075181818552,0.07663569742,0.026973591083,0.044502563538,0.00089575467648,1.1289589874e-07,0.011818467244,0.0040786848682,0.027831664349,0.00057104531302
498.5,0.00087848678079,0.059787378604,0.046931784225,0.038528099587,0.066703087509,0.063442276839,0.076500534625,0.053265716954,0.045292594413,0.0041246398247,0.076500507104,0.07249307237,0.046199882774,0.00026565430964,0.042399731881,0.077574258533,0.055482330819,0.019666550656,0.075163389132,0.076623844565,0.026911072808,0.044434387481,0.00089006573633,1.1068026588e-07,0.011778215303,0.0040596567547,0.027768405649,0.00056703095578
499.0,0.00087289305449,0.059731232599,0.046864492701,0.038459782824,0.066659190381,0.063391922103,0.076488086503,0.05320232453,0.045224744627,0.0041054759759,0.076488059165,0.072464771677,0.046132320169,0.00026348340911,0.042331324653,0.077567330857,0.055421005338,0.019612479186,0.07514496423,0.076611993543,0.026848699419,0.044366315853,0.0008844129263,1.0850811588e-07,0.011738100444,0.0040407174104,0.027705290704,0.00056304481867
499.5,0.00086733494577,0.059675139319,0.046797297649,0.038391587193,0.06661532214,0.063341607329,0.076475640406,0.053139007542,0.045156996468,0.0040864011655,0.07647561325,0.07243648203,0.046064856354,0.00026133024894,0.042263027772,0.0775604038,0.05535974763,0.01955855637,0.075126543845,0.076600144355,0.02678647058,0.044298348494,0.00087879601695,1.0637859533e-07,0.0116981222,0.0040218664214,0.027642319186,0.00055908670331
500.0,0.00086181222783,0.059619098715,0.046730198932,0.038323512478,0.066571482766,0.063291332486,0.076463196334,0.053075765901,0.045089349785,0.0040674149797,0.076463169361,0.072408203426,0.045997491182,0.00025919468414,0.042194841062,0.077553477362,0.055298557622,0.019504781801,0.075108127974,0.076588296998,0.026724385957,0.044230485246,0.00087321478025,1.0429086754e-07,0.011658280105,0.0040031033754,0.027579490771,0.00055515641271
500.5,0.00085632467534,0.059563110738,0.046663196412,0.038255558465,0.066527672242,0.063241097541,0.076450754287,0.053012599517,0.045021804425,0.0040485170069,0.076450727496,0.07237993586,0.045930224512,0.00025707657093,0.042126764344,0.077546551542,0.055237435238,0.019451155069,0.075089716618,0.076576451475,0.026662445215,0.044162725948,0.00086766898968,1.022441123e-07,0.011618573696,0.0039844278621,0.027516805132,0.00055125375128
