Time,C_B_target,C_B_pat,CYP3A4_2_SOC,CYP3A4_3_SOC,CYP3A4_4_SOC,CYP3A4_5_SOC,CYP3A4_7_SOC,CYP3A4_8_SOC,CYP3A4_9_SOC,CYP3A4_10_SOC,CYP3A4_11_SOC,CYP3A4_12_SOC,CYP3A4_13_SOC,CYP3A4_14_SOC,CYP3A4_15_SOC,CYP3A4_16_SOC,CYP3A4_17_SOC,CYP3A4_18_SOC,CYP3A4_19_SOC,CYP3A4_20_SOC,CYP3A4_21_SOC,CYP3A4_23_SOC,CYP3A4_24_SOC,CYP3A4_28_SOC,CYP3A4_29_SOC,CYP3A4_31_SOC,CYP3A4_32_SOC,CYP3A4_33_SOC,CYP3A4_34_SOC
1.0,0.504,0.504,0.504,0.504,0.504,0.504,0.504,0.504,0.504,0.504,0.504,0.504,0.504,0.504,0.504,0.504,0.504,0.504,0.504,0.504,0.504,0.504,0.504,0.504,0.504,0.504,0.504,0.504,0.504
1.5,0.50080283356,0.50352677555,0.50352677555,0.50327813877,0.50310685789,0.50366845496,0.50360033155,0.50391800252,0.50340073469,0.50324601084,0.50165986534,0.50391801025,0.5038034138,0.50326402298,0.49989676647,0.50318841286,0.50395499798,0.50344359161,0.50261667114,0.50387648208,0.50392206219,0.5028341631,0.50322891246,0.50081652046,0.49415694053,0.50228908267,0.50165434299,0.50285810066,0.50047463692
2.0,0.49762587293,0.50305399533,0.50305399533,0.50255731021,0.5022152975,0.50333712791,0.50320097971,0.50383601838,0.50280218117,0.50249314798,0.49933058904,0.50383603383,0.5036069042,0.50252911896,0.49582681475,0.50237812988,0.50390999997,0.50288779665,0.50123713235,0.50375299442,0.50384413644,0.50167101735,0.50245900294,0.49765304017,0.48450519683,0.5005839539,0.49931957662,0.5017187798,0.49697381062
2.5,0.49446899135,0.50258165895,0.50258165895,0.50183751284,0.50132531603,0.50300601872,0.50280194422,0.50375404758,0.50220433862,0.50174140975,0.49701212076,0.50375407075,0.50341047116,0.5017952864,0.49178987689,0.50156914897,0.50386500599,0.50233261446,0.49986137328,0.50362953701,0.50376622273,0.50051055656,0.50169026962,0.49450943484,0.47504108569,0.49888459424,0.49699565056,0.50058203164,0.49349735203
3.0,0.49133206287,0.50210976598,0.50210976598,0.50111874519,0.5004369107,0.50267512724,0.50240322484,0.50367209011,0.50160720619,0.50099079447,0.49470441043,0.50367212099,0.50321411468,0.50106252372,0.48778568705,0.50076146805,0.50382001602,0.50177804435,0.49848938362,0.50350610985,0.50368832107,0.49935277456,0.50092271073,0.49138558095,0.4657609935,0.49719098431,0.49468251473,0.49944785041,0.49004509321
3.5,0.4882149623,0.501638316,0.501638316,0.50040100579,0.49955007871,0.50234445332,0.50200482132,0.50359014597,0.50101078303,0.50024130047,0.49240740819,0.50359018457,0.5030178347,0.50033082939,0.48381398154,0.49995508503,0.50377503006,0.50122408566,0.49712115306,0.50338271294,0.50361043145,0.4981976652,0.50015632447,0.48828135575,0.45666137491,0.49550310477,0.49238011926,0.49831623034,0.48661686734
4.0,0.48511756524,0.5011673086,0.5011673086,0.49968429317,0.49866481728,0.50201399683,0.5016067334,0.50350821517,0.5004150683,0.49949292608,0.49012106443,0.50350826146,0.5028216312,0.49960020184,0.47987449873,0.49914999785,0.50373004813,0.50067073772,0.49575667136,0.50325934625,0.50353255388,0.49704522231,0.49939110906,0.4851966372,0.44773875163,0.49382093638,0.49008841452,0.49718716569,0.48321250876
4.5,0.48203974804,0.50069674336,0.50069674336,0.49896860586,0.49778112363,0.50168375762,0.50120896085,0.50342629768,0.49982006117,0.49874566964,0.48784532974,0.50342635169,0.50262550416,0.49887063952,0.47596697906,0.49834620442,0.5036850702,0.50011799984,0.49439592827,0.5031360098,0.50345468834,0.49589543979,0.49862706272,0.48213130403,0.43898971119,0.49214445993,0.4878073511,0.49606065074,0.4798318529
5.0,0.47898138783,0.50022661987,0.50022661987,0.49825394241,0.49689899499,0.50135373555,0.5008115034,0.50334439353,0.49922576079,0.49799952947,0.48558015497,0.50334445523,0.50242945354,0.49814214089,0.47209116505,0.49754370268,0.5036400963,0.49956587136,0.49303891358,0.50301270356,0.50337683485,0.49474831151,0.49786418365,0.4790852357,0.43041090575,0.49047365628,0.48553687983,0.49493667975,0.47647473631
5.5,0.47594236248,0.49975693772,0.49975693772,0.49754030135,0.49601842859,0.50102393047,0.50041436081,0.50326250269,0.49863216634,0.49725450391,0.48332549117,0.50326257209,0.50223347931,0.4974147044,0.46824680126,0.49674249056,0.5035951264,0.49901435162,0.49168561712,0.50288942753,0.50329899339,0.49360383136,0.49710247009,0.47605831239,0.42199905092,0.48880850638,0.48327695174,0.49381524703,0.47314099667
6.0,0.47292255064,0.49928769648,0.49928769648,0.49682768123,0.49513942168,0.50069434225,0.50001753283,0.50318062518,0.49803927696,0.49651059131,0.48108128964,0.50318070227,0.50203758144,0.49668832851,0.46443363427,0.49594256599,0.50355016053,0.49846343994,0.49033602873,0.50276618171,0.50322116396,0.49246199327,0.49634192026,0.47305041503,0.41375092462,0.48714899121,0.48102751812,0.49269634688,0.46983047271
6.5,0.4699218317,0.49881889575,0.49881889575,0.49611608058,0.49426197148,0.50036497074,0.49962101921,0.50309876099,0.49744709183,0.49576779001,0.47884750189,0.50309884576,0.50184175991,0.49596301168,0.4606514127,0.49514392692,0.50350519866,0.49791313564,0.48899013828,0.50264296608,0.50314334657,0.49132279116,0.49558253239,0.47006142526,0.40566336588,0.48549509184,0.47878853044,0.49157997362,0.4665430043
7.0,0.46694008579,0.49835053511,0.49835053511,0.49540549795,0.49338607525,0.5000358158,0.49922481971,0.50301691011,0.49685561011,0.49502609835,0.47662407966,0.50301700257,0.50164601468,0.49523875236,0.45689988712,0.49434657128,0.50346024081,0.49736343808,0.48764793569,0.50251978065,0.50306554121,0.49018621896,0.4948243047,0.46709122546,0.3977332738,0.48384678937,0.47655994043,0.49046612159,0.46327843236
7.5,0.46397719379,0.49788261416,0.49788261416,0.49469593189,0.49251173023,0.49970687728,0.49882893407,0.50293507254,0.49626483096,0.49428551467,0.47441097491,0.50293517268,0.50145034573,0.49451554902,0.45317881013,0.49355049703,0.50341528698,0.49681434657,0.48630941088,0.50239662539,0.50298774788,0.48905227063,0.49406723542,0.4641396987,0.38995760639,0.482204065,0.47434170002,0.48935478511,0.4600365989
8.0,0.46103303732,0.49741513247,0.49741513247,0.49398738094,0.4916389337,0.49937815505,0.49843336204,0.50285324829,0.49567475356,0.49354603734,0.47220813981,0.50285335611,0.50125475302,0.49379340012,0.44948793626,0.49275570211,0.50337033716,0.49626586045,0.48497455381,0.50227350031,0.50290996658,0.48792094014,0.49331132281,0.46120672879,0.3823333795,0.48056689997,0.47213376136,0.48824595855,0.45681734699
8.5,0.45810749872,0.49694808963,0.49694808963,0.49327984366,0.49076768289,0.49904964896,0.49803810339,0.50277143735,0.49508537707,0.49280766469,0.47001552679,0.50277155284,0.50105923652,0.49307230414,0.44582702202,0.49196218448,0.50332539135,0.49571797906,0.48364335446,0.50215040539,0.5028321973,0.48679222147,0.49255656508,0.45829220022,0.37485766576,0.47893527558,0.46993607684,0.48713963628,0.45362052079
9.0,0.45520046107,0.49648148524,0.49648148524,0.49257331861,0.48989797509,0.49872135887,0.49764315786,0.50268963971,0.49449670067,0.49207039509,0.46783308845,0.50268976287,0.50086379621,0.49235225953,0.44219582583,0.49116994209,0.50328044955,0.49517070173,0.48231580284,0.50202734064,0.50275444005,0.48566610861,0.49180296049,0.4553959982,0.36752759356,0.47730917321,0.46774859904,0.48603581268,0.45044596548
9.5,0.45231180816,0.49601531888,0.49601531888,0.49186780433,0.48902980756,0.49839328464,0.4972485252,0.50260785538,0.49390872351,0.49133422689,0.46566077765,0.50260798621,0.50066843205,0.49163326478,0.43859410806,0.4903789729,0.50323551176,0.49462402779,0.480991889,0.50190430604,0.50267669481,0.48454259557,0.49105050727,0.45251800864,0.36034034596,0.47568857429,0.46557128078,0.48493448215,0.44729352732
10.0,0.44944142453,0.49554959014,0.49554959014,0.49116329938,0.48816317758,0.49806542613,0.49685420516,0.50252608436,0.49332144478,0.49059915845,0.46349854745,0.50252622284,0.50047314402,0.49091531836,0.43502163097,0.48958927487,0.50319057799,0.49407795659,0.479671603,0.50178130158,0.5025989616,0.48342167638,0.49029920367,0.44965811816,0.35329315974,0.4740734603,0.46340407508,0.48383563908,0.44416305358
10.5,0.4465891954,0.49508429861,0.49508429861,0.49045980233,0.48729808243,0.49773778319,0.49646019751,0.50244432663,0.49273486364,0.48986518814,0.46134635112,0.50244447278,0.50027793209,0.49019841874,0.43147815871,0.48880084597,0.50314564823,0.49353248746,0.47835493492,0.50165832726,0.50252124041,0.48230334507,0.48954904794,0.44681621403,0.34638332436,0.4724638128,0.46124693518,0.4827392779,0.4410543926
11.0,0.44375500673,0.49461944388,0.49461944388,0.48975731173,0.48643451939,0.49741035568,0.49606650199,0.50236258221,0.49214897926,0.48913231431,0.45920414215,0.502362736,0.50008279622,0.48948256441,0.42796345731,0.48801368416,0.50310072248,0.49298761973,0.4770418749,0.50153538306,0.50244353123,0.48118759568,0.48880003833,0.44399218425,0.33960818104,0.47085961342,0.45909981454,0.48164539303,0.43796739372
11.5,0.44093874515,0.49415502553,0.49415502553,0.48905582615,0.48557248575,0.49708314346,0.49567311835,0.50228085108,0.49156379083,0.48840053534,0.45707187427,0.50228101253,0.49988773639,0.48876775383,0.42447729467,0.48722778742,0.50305580074,0.49244335276,0.47573241308,0.501412469,0.50236583407,0.48007442229,0.4880521731,0.44118591748,0.33296512174,0.46926084381,0.45696266684,0.48055397893,0.43490190732
12.0,0.43814029804,0.49369104317,0.49369104317,0.48835534415,0.48471197881,0.4967561464,0.49528004635,0.50219913324,0.49097929752,0.48766984958,0.45494950139,0.50219930234,0.49969275257,0.48805398551,0.42101944053,0.48644315373,0.50301088301,0.49189968586,0.47442653962,0.50128958504,0.50228814891,0.47896381897,0.4873054505,0.43839730308,0.32645158824,0.46766748573,0.45483544594,0.47946503004,0.43185778478
12.5,0.43535955345,0.49322749638,0.49322749638,0.4876558643,0.48385299587,0.49642936434,0.49488728574,0.5021174287,0.4903954985,0.48694025543,0.45283697764,0.50211760544,0.49949784472,0.48734125791,0.41758966646,0.48565978106,0.50296596929,0.4913566184,0.47312424474,0.5011667312,0.50221047577,0.4778557798,0.48655986879,0.43562623106,0.32006507124,0.46607952097,0.45271810594,0.47837854083,0.42883487851
13.0,0.43259640012,0.49276438475,0.49276438475,0.48695738518,0.48299553423,0.49610279715,0.49449483628,0.50203573745,0.48981239295,0.48621175124,0.45073425738,0.50203592183,0.49930301283,0.48662956953,0.41418774587,0.48487766739,0.50292105958,0.4908141497,0.47182551865,0.50104390745,0.50213281464,0.4767502989,0.48581542623,0.43287259213,0.31380310942,0.46449693139,0.45061060115,0.47729450579,0.4258330419
13.5,0.42985072749,0.49230170788,0.49230170788,0.48625990534,0.4821395912,0.49577644469,0.49410269772,0.50195405948,0.48922998004,0.4854843354,0.44864129517,0.5019542515,0.49910825685,0.48591891886,0.41081345395,0.48409681071,0.50287615388,0.49027227911,0.47053035161,0.5009211138,0.50205516552,0.47564737037,0.48507212108,0.43013627764,0.30766328855,0.4629196989,0.44851288609,0.47621291941,0.42285212935
14.0,0.42712242569,0.49183946535,0.49183946535,0.48556342338,0.4812851641,0.49545030681,0.49371086982,0.5018723948,0.48864825896,0.48475800628,0.44655804577,0.50187259445,0.49891357676,0.48520930439,0.40746656771,0.483317209,0.50283125218,0.48973100597,0.4692387339,0.50079835023,0.5019775284,0.47454698835,0.48432995162,0.42741717962,0.30164324063,0.46134780549,0.44642491546,0.47513377618,0.41989199624
14.5,0.42441138552,0.49137765676,0.49137765676,0.48486793785,0.48043225024,0.49512438338,0.49331935232,0.50179074341,0.48806722889,0.48403276226,0.44448446417,0.50179095069,0.49871897253,0.48450072461,0.4041468659,0.48253886026,0.5027863545,0.48919032963,0.46795065582,0.50067561674,0.50189990328,0.47344914699,0.48358891612,0.42471519075,0.295740643,0.45978123319,0.4443466442,0.47405707063,0.41695249894
15.0,0.42171749847,0.4909162817,0.4909162817,0.48417344734,0.47958084694,0.49479867425,0.49292814499,0.5017091053,0.487486889,0.48330860173,0.44242050555,0.5017093202,0.49852444413,0.48379317802,0.40085412906,0.48176176249,0.50274146082,0.48865024942,0.46666610771,0.50055291333,0.50182229017,0.47235384043,0.48284901284,0.4220302044,0.28995321752,0.4582199641,0.44227802745,0.47298279728,0.41403349478
15.5,0.41904065668,0.49045533977,0.49045533977,0.48347995044,0.47873095155,0.49447317929,0.49253724757,0.50162748046,0.48690723848,0.48258552308,0.4403661253,0.50162770298,0.49832999153,0.48308666311,0.39758813949,0.48098591367,0.50269657116,0.48811076469,0.46538507993,0.50043023997,0.50174468905,0.47126106286,0.48211024006,0.41936211454,0.28427872972,0.45666398038,0.44021902055,0.47191095068,0.41113484209
16.0,0.416380753,0.48999483055,0.48999483055,0.48278744571,0.47788256137,0.49414789834,0.49214665983,0.50154586891,0.48632827652,0.48186352469,0.43832127904,0.50154609905,0.4981356147,0.4823811784,0.3943486812,0.48021131181,0.5026516855,0.4875718748,0.46410756285,0.50030759667,0.50166709994,0.47017080845,0.48137259605,0.41671081582,0.27871498799,0.45511326424,0.43816957904,0.47084152537,0.40825640013
16.5,0.41373768091,0.48953475364,0.48953475364,0.48209593175,0.47703567377,0.49382283128,0.49175638152,0.50146427063,0.48575000229,0.48114260495,0.43628592255,0.50146450838,0.49794131362,0.48167672237,0.39113553994,0.47943795492,0.50260680384,0.48703357907,0.4628335469,0.50018498343,0.50158952281,0.4690830714,0.48063607911,0.41407620353,0.27325984276,0.45356779797,0.43612965868,0.46977451593,0.40539802914
17.0,0.41111133456,0.48907510865,0.48907510865,0.48140540713,0.47619028607,0.49349797796,0.49136641238,0.50138268562,0.48517241497,0.48042276226,0.43426001186,0.50138293098,0.49774708825,0.48097329354,0.38794850316,0.478665841,0.5025619262,0.48649587687,0.4615630225,0.50006240022,0.50151195769,0.46799784592,0.4799006875,0.41145817361,0.26791118575,0.4520275639,0.43409921541,0.46870991693,0.4025595903
17.5,0.40850160877,0.48861589515,0.48861589515,0.48071587046,0.47534639562,0.49317333824,0.49097675219,0.50130111388,0.48459551377,0.47970399501,0.43224350318,0.50130136685,0.49755293856,0.48027089041,0.38478736001,0.47789496806,0.50251705256,0.48595876753,0.46029598012,0.49993984705,0.50143440455,0.46691512623,0.47916641952,0.40885662262,0.26266694917,0.45049254442,0.4320782054,0.46764772296,0.39974094573
18.0,0.40590839899,0.48815711274,0.48815711274,0.48002732031,0.47450399978,0.49284891197,0.4905874007,0.50121955542,0.48401929785,0.4789863016,0.43023635292,0.50121981598,0.49735886452,0.47956951149,0.38165190134,0.47712533411,0.50247218292,0.4854222504,0.45903241024,0.4998173239,0.50135686341,0.46583490658,0.47843327346,0.40627144776,0.25752510493,0.44896272197,0.43006658499,0.46658792861,0.39694195851
18.5,0.40333160135,0.48769876103,0.48769876103,0.47933975528,0.47366309589,0.49252469903,0.49019835765,0.50113801022,0.48344376642,0.47826968043,0.4282385177,0.50113827838,0.49716486611,0.47886915529,0.37854191963,0.47635693717,0.50242731729,0.48488632484,0.45777230339,0.49969483077,0.50127933425,0.46475718121,0.47770124759,0.40370254686,0.25248366396,0.44743807909,0.42806431075,0.46553052851,0.39416249262
19.0,0.40077111259,0.48724083961,0.48724083961,0.47865317397,0.47282368134,0.49220069927,0.48980962281,0.50105647828,0.48286891865,0.4775541299,0.42624995434,0.50105675404,0.49697094329,0.47816982032,0.37545720906,0.47558977527,0.50238245567,0.4843509902,0.45651565009,0.49957236766,0.50120181708,0.46368194438,0.47697034023,0.40114981838,0.24754067542,0.44591859832,0.42607133944,0.46447551728,0.39140241299
19.5,0.39822683012,0.48678334807,0.48678334807,0.47796757496,0.47198575346,0.49187691255,0.48942119594,0.5009749596,0.48229475374,0.47683964842,0.42427061986,0.50097524295,0.49677709604,0.4774715051,0.37239756543,0.47482384641,0.50233759805,0.48381624581,0.45526244092,0.49944993455,0.5011243119,0.46260919037,0.47624054966,0.3986131614,0.24269422601,0.4444042623,0.42408762799,0.46342288955,0.38866158547
20.0,0.39569865197,0.486326286,0.486326286,0.47728295687,0.47114930965,0.49155333873,0.48903307678,0.50089345419,0.48172127088,0.47612623439,0.42230047148,0.50089374513,0.49658332432,0.47677420816,0.36936278618,0.47405914864,0.50229274444,0.48328209104,0.45401266647,0.49932753144,0.50104681869,0.46153891346,0.47551187418,0.39609247561,0.23794243924,0.44289505372,0.42211313358,0.46237263997,0.3859398768
20.5,0.39318647682,0.48586965302,0.48586965302,0.47659931827,0.47031434727,0.49122997767,0.4886452651,0.50081196203,0.48114846926,0.47541388622,0.4203394666,0.50081226055,0.49638962811,0.47607792799,0.36635267036,0.47329567998,0.50224789483,0.48274852524,0.45276631736,0.49920515831,0.50096933747,0.46047110797,0.47478431209,0.39358766133,0.23328347476,0.44139095531,0.42014781354,0.4613247632,0.38323715466
21.0,0.39069020397,0.48541344871,0.48541344871,0.47591665779,0.4694808637,0.49090682923,0.48825776066,0.50073048313,0.48057634807,0.47470260234,0.41838756285,0.50073078923,0.49619600737,0.47538266314,0.36336701863,0.47253343845,0.50220304922,0.48221554775,0.45152338422,0.49908281517,0.50089186823,0.45940576821,0.4740578617,0.39109861948,0.22871552765,0.43989194987,0.41819162542,0.46027925392,0.38055328761
21.5,0.38820973335,0.48495767267,0.48495767267,0.47523497402,0.46864885632,0.49058389327,0.4878705632,0.50064901748,0.48000490651,0.47399238114,0.41644471803,0.50064933116,0.49600246209,0.47468841212,0.36040563325,0.4717724221,0.50215820762,0.48168315794,0.45028385772,0.49896050201,0.50081441097,0.4583428885,0.47333252131,0.3886252516,0.22423682779,0.43839802026,0.41624452696,0.45923610681,0.3778881451
22.0,0.3857449655,0.4845023245,0.4845023245,0.47455426557,0.46781832253,0.49026116965,0.48748367249,0.50056756509,0.47943414376,0.47328322105,0.41451089014,0.50056788634,0.49580899222,0.47399517346,0.35746831805,0.47101262897,0.50211337002,0.48115135515,0.44904772856,0.49883821881,0.50073696568,0.45728246318,0.47260828923,0.38616745981,0.21984563915,0.4369091494,0.41430647609,0.45819531657,0.3752415975
22.5,0.38329580159,0.4840474038,0.4840474038,0.47387453104,0.46698925972,0.48993865823,0.48709708829,0.50048612594,0.47886405903,0.47257512049,0.41258603738,0.50048645476,0.49561559774,0.47330294569,0.35455487844,0.47025405709,0.50206853643,0.48062013874,0.44781498746,0.49871596558,0.50065953236,0.45622448661,0.47188516377,0.38372514685,0.21554025919,0.43542532025,0.41237743094,0.4571568779,0.37261351603
23.0,0.38086214341,0.48359291017,0.48359291017,0.47319576904,0.46616166528,0.48961635887,0.48671081035,0.50040470004,0.47829465151,0.47186807788,0.41067011814,0.50040503643,0.49542227862,0.47261172733,0.35166512137,0.46949670452,0.50202370683,0.48008950806,0.44658562515,0.49859374229,0.50058211102,0.45516895316,0.47116314325,0.38129821606,0.2113190182,0.43394651584,0.41045734983,0.45612078552,0.37000377282
23.5,0.37844389334,0.4831388432,0.4831388432,0.4725179782,0.46533553663,0.48929427144,0.48632483843,0.50032328739,0.4777259204,0.47116209163,0.40876309101,0.50032363133,0.49522903484,0.47192151693,0.34879885536,0.46874056929,0.50197888124,0.47955946248,0.44535963241,0.49847154896,0.50050470164,0.4541158572,0.47044222598,0.37888657136,0.2071802787,0.43247271926,0.40854619127,0.45508703417,0.36741224083
24.0,0.3760409544,0.4826852025,0.4826852025,0.47184115711,0.46451087115,0.48897239579,0.48593917229,0.50024188798,0.47715786489,0.47045716019,0.40686491476,0.50024223948,0.49503586635,0.47123231301,0.34595589043,0.46798564946,0.50193405965,0.47903000134,0.44413700003,0.49834938556,0.50042730424,0.45306519313,0.46972241027,0.37649011728,0.20312243478,0.43100391365,0.40664391395,0.45405561858,0.36483879394
24.5,0.37365323018,0.48223198767,0.48223198767,0.4711653044,0.46368766627,0.48865073178,0.48555381169,0.5001605018,0.47659048419,0.46975328197,0.40497554835,0.50016086086,0.49484277313,0.47054411411,0.34313603815,0.46723194309,0.50188924206,0.478501124,0.44291771883,0.49822725209,0.5003499188,0.45201695536,0.46900369446,0.37410875891,0.19914391159,0.42954008219,0.40475047677,0.45302653351,0.36228330685
25.0,0.3712806249,0.4817791983,0.4817791983,0.47049041869,0.46286591941,0.48832927928,0.48516875638,0.50007912887,0.47602377749,0.4690504554,0.40309495094,0.50007949548,0.49464975516,0.46985691877,0.34033911158,0.46647944822,0.50184442847,0.47797282983,0.44170177965,0.49810514855,0.50027254532,0.45097113829,0.46828607687,0.37174240193,0.19524316463,0.42808120814,0.40286583881,0.45199977373,0.35974565513
25.5,0.36892304334,0.481326834,0.481326834,0.46981649858,0.46204562798,0.48800803815,0.48478400613,0.49999776918,0.475457744,0.46834867893,0.40122308188,0.49999814333,0.4944568124,0.46917072553,0.33756492528,0.46572816293,0.50179961889,0.47744511817,0.44048917337,0.49798307493,0.50019518381,0.44992773637,0.46756955581,0.36939095262,0.1914186793,0.42662727482,0.40098995933,0.45097533402,0.35722571519
26.0,0.36658039091,0.48087489436,0.48087489436,0.46914354272,0.46122678941,0.48768700825,0.48439956069,0.49991642271,0.47489238292,0.46764795098,0.3993599007,0.49991680441,0.49426394483,0.46848553293,0.3348132953,0.46497808527,0.5017548133,0.4769179884,0.43927989086,0.49786103121,0.50011783426,0.44888674403,0.46685412963,0.36705431782,0.18766897024,0.42517826558,0.39912279779,0.44995320915,0.3547233643
26.5,0.3642525736,0.480423379,0.480423379,0.46847154971,0.46040940112,0.48736618943,0.48401541982,0.49983508949,0.47432769345,0.46694827,0.39750536711,0.49983547872,0.49407115241,0.46780133953,0.33208403914,0.46422921332,0.50171001171,0.47639143987,0.43807392306,0.4977390174,0.50004049667,0.44784815574,0.46613979665,0.36473240494,0.18399258079,0.42373416384,0.39726431382,0.44893339395,0.35223848057
27.0,0.36193949795,0.47997228751,0.47997228751,0.46780051818,0.45959346056,0.48704558156,0.48363158329,0.49975376949,0.47376367479,0.46624963442,0.39565944102,0.49975416626,0.49387843511,0.46711814386,0.32937697581,0.46348154513,0.50166521413,0.47586547193,0.4368712609,0.49761703348,0.49996317103,0.44681196595,0.4654265552,0.36242512195,0.1803880825,0.42229495307,0.39541446726,0.44791588321,0.34977094291
27.5,0.35964107114,0.47952161949,0.47952161949,0.46713044677,0.45877896516,0.48672518451,0.48324805084,0.49967246271,0.47320032615,0.46555204268,0.39382208253,0.49967286701,0.49368579291,0.46643594448,0.32669192571,0.46273507878,0.50162042054,0.47534008396,0.43567189535,0.49749507944,0.49988585735,0.44577816916,0.46471440363,0.36013237743,0.1768540745,0.42086061681,0.39357321811,0.44690067176,0.3473206311
28.0,0.35735720089,0.47907137455,0.47907137455,0.46646133409,0.45796591237,0.48640499813,0.48286482224,0.49959116917,0.47263764673,0.46485549324,0.39199325192,0.499591581,0.49349322578,0.46575473993,0.32402871073,0.46198981235,0.50157563095,0.47481527531,0.43447581741,0.49737315529,0.49980855562,0.44474675985,0.46400334027,0.35785408046,0.17338918307,0.41943113863,0.39174052656,0.44588775444,0.34488742571
28.5,0.35508779549,0.47862155229,0.47862155229,0.46579317879,0.45715429963,0.48608502228,0.48248189726,0.49950988884,0.47207563575,0.46415998453,0.39017290963,0.4995103082,0.49330073369,0.46507452878,0.32138715416,0.46124574392,0.50153084536,0.47429104535,0.43328301808,0.49725126101,0.49973126585,0.44371773253,0.46329336346,0.35559014074,0.16999206105,0.41800650218,0.389916353,0.4448771261,0.34247120814
29.0,0.35283276383,0.47817215231,0.47817215231,0.46512597949,0.45634412439,0.48576525683,0.48209927564,0.49942862174,0.4715142924,0.46346551501,0.38836101631,0.49942904862,0.49310831661,0.46439530957,0.31876708071,0.46050287157,0.50148606377,0.47376739344,0.43209348842,0.4971293966,0.49965398802,0.44269108173,0.46258447155,0.35334046847,0.16666138736,0.41658669115,0.38810065798,0.44386878159,0.3400718606
29.5,0.35059201535,0.47772317422,0.47772317422,0.46445973483,0.45553538412,0.48544570163,0.48171695715,0.49934736786,0.4709536159,0.46277208312,0.3865575328,0.49934780225,0.4929159745,0.46371708087,0.31616831649,0.45976119338,0.50144128617,0.47324431895,0.43090721947,0.49700756204,0.49957672214,0.44166680197,0.46187666289,0.35110497445,0.16339586651,0.41517168929,0.38629340224,0.44286271577,0.3376892661
30.0,0.34836546006,0.47727461762,0.47727461762,0.46379444345,0.45472807627,0.48512635656,0.48133494156,0.49926612719,0.47039360546,0.46207968733,0.38476242009,0.4992665691,0.49272370735,0.46303984123,0.31359068902,0.45902070744,0.50139651258,0.47272182123,0.42972420234,0.49688575734,0.49949946821,0.4406448878,0.46116993582,0.34888357,0.16019422811,0.41376148039,0.3844945467,0.44185892354,0.33532330847
30.5,0.34615300852,0.47682648211,0.47682648211,0.46313010398,0.45392219831,0.48480722147,0.48095322861,0.49918489974,0.46983426028,0.46138832608,0.38297563937,0.49918534916,0.49253151511,0.46236358922,0.3110340272,0.45828141184,0.50135174298,0.47219989966,0.42854442814,0.49676398248,0.49942222622,0.43962533378,0.46046428869,0.34667616699,0.15705522635,0.41235604831,0.38270405247,0.44085739979,0.3329738723
31.0,0.34395457187,0.47637876731,0.47637876731,0.46246671507,0.45311774771,0.48448829622,0.48057181807,0.49910368551,0.46927557958,0.46069799784,0.38119715201,0.49910414243,0.49233939777,0.46168832339,0.30849816128,0.45754330468,0.50130697737,0.4716785536,0.427367888,0.49664223745,0.49934499617,0.43860813446,0.45975971986,0.34448267784,0.15397763961,0.41095537696,0.38092188082,0.43985813941,0.330640843
31.5,0.34177006177,0.4759314728,0.4759314728,0.46180427536,0.45231472195,0.48416958068,0.48019070971,0.49902248448,0.46871756257,0.46000870107,0.37942691956,0.4990229489,0.4921473553,0.46101404233,0.30598292289,0.45680638405,0.50126221576,0.47115778242,0.42619457309,0.49652052226,0.49926777807,0.43759328445,0.45905622769,0.34230301552,0.15096026991,0.4095594503,0.3791479932,0.43886113733,0.32832410674
32.0,0.33959939047,0.47548459821,0.47548459821,0.4611427835,0.4515131185,0.48385107471,0.47980990328,0.49894129666,0.46816020846,0.45932043423,0.37766490373,0.49894176858,0.49195538765,0.46034074458,0.30348814501,0.45607064805,0.50121745815,0.47063758548,0.42502447459,0.49639883688,0.4991905719,0.43658077832,0.45835381053,0.3401370935,0.14800194252,0.40816825235,0.37738235126,0.43786638847,0.3260235505
32.5,0.33744247075,0.47503814314,0.47503814314,0.46048223813,0.45071293484,0.48353277817,0.47942939855,0.49886012205,0.46760351647,0.45863319578,0.37591106643,0.49886060146,0.49176349481,0.45966842873,0.30101366197,0.45533609479,0.50117270454,0.47011796216,0.4238575837,0.49627718132,0.49911337767,0.43557061069,0.45765246675,0.33798482582,0.14510150548,0.40678176718,0.3756249168,0.43687388777,0.32373906201
33.0,0.33529921591,0.47459210719,0.47459210719,0.45982263789,0.44991416848,0.48321469092,0.47904919527,0.49877896064,0.46704748582,0.4579469842,0.37416536973,0.49877944755,0.49157167675,0.45899709335,0.2985593094,0.45460272237,0.50112795492,0.46959891183,0.42269389168,0.49615555557,0.49903619537,0.43456277617,0.4569521947,0.33584612704,0.14225782919,0.40539997891,0.37387565181,0.43588363018,0.32147052977
33.5,0.33316953984,0.47414648996,0.47414648996,0.45916398145,0.44911681689,0.48289681283,0.47866929321,0.49869781243,0.46649211571,0.45726179795,0.37242777588,0.49869830683,0.49137993344,0.45832673701,0.29612492427,0.45387052889,0.50108320929,0.46908043384,0.42153338976,0.49603395962,0.49895902501,0.4335572694,0.45625299277,0.33372091223,0.13946980594,0.40402287171,0.37213451845,0.43489561065,0.31921784304
34.0,0.33105335692,0.47370129108,0.47370129108,0.45850626745,0.44832087758,0.48257914376,0.47828969213,0.49861667743,0.46593740536,0.4565776355,0.37069824732,0.4986171793,0.49118826484,0.45765735829,0.29371034486,0.45313951248,0.50103846766,0.46856252759,0.42037606923,0.49591239345,0.49888186658,0.43255408501,0.45555485931,0.33160909701,0.13673634955,0.40265042981,0.37040147905,0.43390982416,0.31698089187
34.5,0.3289505821,0.47325651014,0.47325651014,0.45784949455,0.44752634804,0.48226168357,0.47791039179,0.49853555562,0.465383354,0.45589449534,0.36897674664,0.49853606497,0.49099667093,0.45698895576,0.29131541073,0.45240967125,0.50099373003,0.46804519242,0.4192219214,0.49579085708,0.49880472008,0.43155321767,0.4548577927,0.32951059749,0.1340563949,0.4012826375,0.36867649612,0.43292626569,0.31475956702
35.0,0.32686113083,0.47281214675,0.47281214675,0.4571936614,0.44673322579,0.48194443212,0.47753139195,0.49845444701,0.46482996083,0.45521237592,0.36726323662,0.49845496384,0.49080515168,0.45632152801,0.28893996276,0.45168100331,0.50094899638,0.46752842773,0.4180709376,0.49566935048,0.4987275855,0.43055466204,0.45416179131,0.32742533033,0.13142889756,0.3999194791,0.36695953235,0.43194493024,0.31255376002
35.5,0.32478491912,0.47236820052,0.47236820052,0.45653876667,0.44594150833,0.48162738927,0.47715269238,0.49837335159,0.46427722509,0.45453127575,0.3655576802,0.49837387589,0.49061370706,0.45565507362,0.28658384307,0.45095350678,0.50090426674,0.46701223287,0.41692310917,0.49554787365,0.49865046285,0.4295584128,0.45346685352,0.32535321267,0.12885283339,0.39856093901,0.36525055058,0.43096581281,0.31036336316
36.0,0.32272186348,0.47192467105,0.47192467105,0.45588480901,0.44515119318,0.4813105549,0.47677429284,0.49829226936,0.46372514599,0.45385119329,0.36386004049,0.49829280113,0.49042233704,0.45498959117,0.28424689508,0.4502271798,0.50085954108,0.46649660722,0.4157784275,0.49542642659,0.49857335213,0.42856446465,0.4527729777,0.3232941622,0.12632719811,0.39720700165,0.36354951384,0.42998890841,0.30818826943
36.5,0.32067188096,0.47148155797,0.47148155797,0.45523178708,0.44436227786,0.48099392886,0.47639619309,0.49821120032,0.46317372275,0.45317212702,0.3621702808,0.49821173956,0.49023104159,0.45432507925,0.28192896345,0.44950202048,0.50081481942,0.46598155016,0.41463688397,0.49530500928,0.49849625332,0.42757281228,0.45208016224,0.32124809709,0.123851007,0.39585765151,0.36185638532,0.42901421207,0.30602837258
37.0,0.3186348891,0.47103886087,0.47103886087,0.45457969955,0.44357475989,0.48067751102,0.4760183929,0.49813014446,0.4626229546,0.45249407545,0.36048836457,0.49813069117,0.49003982069,0.45366153645,0.27962989408,0.44877802696,0.50077010175,0.46546706107,0.41349847002,0.49518362172,0.49841916644,0.42658345041,0.45138840553,0.31921493602,0.12142329442,0.39451287315,0.36017112838,0.42804171884,0.30388356708
37.5,0.31661080598,0.47059657937,0.47059657937,0.45392854509,0.44278863679,0.48036130123,0.47564089202,0.4980491018,0.46207284075,0.45181703704,0.35881425544,0.49804965596,0.4898486743,0.45299896136,0.27734953414,0.44805519736,0.50072538807,0.46495313931,0.41236317708,0.4950622639,0.49834209147,0.42559637378,0.45069770594,0.31719459817,0.11904311354,0.39317265114,0.35849370656,0.42707142375,0.30175374814
38.0,0.31459955018,0.47015471307,0.47015471307,0.45327832235,0.44200390611,0.48004529937,0.47526369022,0.49796807231,0.46152338044,0.4511410103,0.35714791719,0.49796863393,0.4896576024,0.45233735257,0.27508773199,0.44733352983,0.50068067838,0.46443978426,0.41123099663,0.49494093582,0.49826502842,0.42461157712,0.45000806187,0.31518700323,0.11670953591,0.39183697014,0.35682408355,0.42610332187,0.29963881165
38.5,0.31260104081,0.46971326159,0.46971326159,0.45262903002,0.44122056537,0.47972950529,0.47488678727,0.49788705601,0.46097457288,0.45046599371,0.3554893138,0.49788762507,0.48946660495,0.45167670868,0.27284433724,0.44661302251,0.50063597269,0.4639269953,0.41010192016,0.49481963746,0.49818797729,0.42362905518,0.44931947171,0.31319207138,0.11442165116,0.39050581483,0.35516222321,0.42513740827,0.29753865427
39.0,0.31061519744,0.46927222454,0.46927222454,0.45198066676,0.44043861213,0.47941391886,0.47451018293,0.49780605288,0.4604264173,0.44979198577,0.35383840939,0.49780662939,0.48927568193,0.45101702828,0.27061920069,0.44589367353,0.50059127098,0.46341477181,0.40897593918,0.49469836882,0.49811093807,0.42264880273,0.44863193385,0.31120972329,0.11217856658,0.38917916997,0.35350808959,0.42417367804,0.29545317331
39.5,0.3086419402,0.46883160153,0.46883160153,0.45133323125,0.43965804391,0.47909853995,0.47413387696,0.49772506293,0.45987891294,0.44911898498,0.35219516825,0.49772564689,0.48908483331,0.45035830998,0.26841217435,0.44517548103,0.50054657327,0.46290311316,0.40785304524,0.49457712989,0.49803391076,0.42167081454,0.44794544668,0.30923988012,0.10997940685,0.38785702034,0.35186164687,0.42321212625,0.29338226684
40.0,0.30668118966,0.46839139217,0.46839139217,0.45068672216,0.43887885828,0.47878336841,0.47375786912,0.49764408616,0.45933205901,0.44844698984,0.35055955486,0.49764467755,0.48889405906,0.44970055237,0.2662231114,0.44445844318,0.50050187955,0.46239201873,0.40673322988,0.49445592067,0.49795689535,0.42069508541,0.44726000862,0.30728246352,0.10782331369,0.3865393508,0.35022285942,0.42225274803,0.29132583358
40.5,0.30473286694,0.46795159606,0.46795159606,0.45004113817,0.43810105278,0.47846840411,0.47338215918,0.49756312255,0.45878585475,0.44777599884,0.34893153382,0.49756372138,0.48870335915,0.44904375405,0.26405186623,0.44374255812,0.50045718981,0.46188148791,0.4056164847,0.49433474115,0.49787989186,0.41972161012,0.44657561805,0.30533739563,0.10570944549,0.38522614625,0.34859169177,0.42129553848,0.28928377297
41.0,0.30279689363,0.46751221284,0.46751221284,0.44939647796,0.43732462498,0.47815364691,0.47300674691,0.49748217212,0.45824029939,0.44710601049,0.34731106995,0.49748277838,0.48851273356,0.44838791364,0.26189829438,0.44302782399,0.50041250407,0.46137152007,0.40450280131,0.49421359132,0.49780290027,0.41875038351,0.44589227338,0.30340459907,0.10363697703,0.38391739164,0.34696810861,0.42034049273,0.28725598516
41.5,0.30087319179,0.46707324209,0.46707324209,0.44875274021,0.43654957243,0.47783909669,0.47263163207,0.49740123485,0.45769539215,0.44643702329,0.34569812818,0.49740184854,0.48832218224,0.44773302973,0.25976225256,0.44231423897,0.50036782232,0.46086211459,0.40339217133,0.49409247117,0.49772592058,0.41778140038,0.44520997301,0.30148399692,0.10160509916,0.38261307195,0.34535207478,0.41938760591,0.28524237094
42.0,0.29896168399,0.46663468345,0.46663468345,0.4481099236,0.43577589271,0.47752475329,0.47225681442,0.49732031075,0.45715113227,0.44576903577,0.34409267363,0.49732093187,0.48813170518,0.44707910095,0.25764359863,0.4416018012,0.50032314455,0.46035327086,0.40228458641,0.49397138069,0.4976489528,0.41681465558,0.44452871537,0.29957551275,0.099613018459,0.38131317224,0.3437435553,0.41843687317,0.28324283182
42.5,0.29706229329,0.46619653652,0.46619653652,0.44746802682,0.43500358338,0.47721061659,0.47188229374,0.49723939981,0.45660751898,0.44510204641,0.34249467158,0.49724002835,0.48794130235,0.44642612589,0.2555421916,0.44089050885,0.50027847077,0.45984498825,0.40118003823,0.49385031989,0.49757199692,0.41585014395,0.44384849884,0.29767907061,0.097659956977,0.38001767762,0.34214251535,0.41748828967,0.28125726997
43.0,0.29517494323,0.46575880091,0.46575880091,0.44682704855,0.43423264203,0.47689668646,0.47150806977,0.49715850204,0.45606455152,0.44443605374,0.34090408746,0.49715913799,0.48775097371,0.44577410317,0.2534578916,0.44018036009,0.50023380098,0.45933726615,0.40007851849,0.49372928874,0.49749505293,0.41488786034,0.44316932185,0.29579459501,0.095745151899,0.37872657322,0.34054892026,0.41654185059,0.27928558824
43.5,0.2932995578,0.46532147625,0.46532147625,0.44618698748,0.43346306622,0.47658296274,0.4711341423,0.49707761742,0.45552222911,0.44377105627,0.33932088687,0.49707826079,0.48756071923,0.44512303141,0.25139055989,0.43947135308,0.50018913518,0.45883010395,0.39898001891,0.49360828725,0.49741812084,0.41392779965,0.44249118282,0.29392201093,0.093867855269,0.37743984424,0.33896273553,0.41559755108,0.27732769013
44.0,0.29143606149,0.46488456214,0.46488456214,0.44554784231,0.43269485355,0.47626944532,0.47076051108,0.49699674596,0.454980551,0.44310705252,0.33774503557,0.49699739674,0.4873705389,0.44447290922,0.24934005886,0.43876348599,0.50014447337,0.45832350102,0.39788453123,0.49348731541,0.49734120064,0.41296995673,0.44181408016,0.29206124381,0.092027333699,0.37615747594,0.33738392681,0.41465538636,0.27538347982
44.5,0.28958437927,0.4644480582,0.4644480582,0.44490961171,0.4319280016,0.47595613405,0.47038717588,0.49691588766,0.45443951642,0.44244404101,0.33617649948,0.49691654584,0.48718043268,0.44382373522,0.247306252,0.438056757,0.50009981554,0.45781745675,0.39679204721,0.49336637321,0.49726429234,0.4120143265,0.44113801229,0.29021221955,0.09022286809,0.37487945361,0.33581245991,0.41371535162,0.27345286215
45.0,0.28774443655,0.46401196404,0.46401196404,0.4442722944,0.43116250796,0.4756430288,0.47001413647,0.4968350425,0.4538991246,0.44178202025,0.33461524466,0.49683570809,0.48699040053,0.44317550804,0.24528900389,0.43735116429,0.5000551617,0.45731197054,0.39570255865,0.49324546064,0.49718739593,0.41106090385,0.44046297763,0.28837486453,0.088453753353,0.37360576259,0.3342483008,0.41277744206,0.2715357426
45.5,0.28591615924,0.46357627929,0.46357627929,0.44363588906,0.43039837024,0.47533012943,0.46964139261,0.4967542105,0.45335937478,0.44112098878,0.33306123734,0.49675488349,0.48680044244,0.44252822629,0.24328818022,0.43664670603,0.50001051185,0.45680704175,0.39461605735,0.49312457769,0.49711051141,0.4101096837,0.43978897461,0.28654910555,0.086719298137,0.37233638827,0.3326914156,0.41184165292,0.26963202732
46.0,0.28409947369,0.46314100354,0.46314100354,0.4430003944,0.42963558602,0.4750174358,0.46926894408,0.49667339165,0.45282026621,0.44046094511,0.33151444392,0.49667407203,0.48661055838,0.44188188861,0.24130364773,0.43594338041,0.49996586598,0.45630266978,0.39353253515,0.49300372436,0.49703363877,0.40916066099,0.43911600166,0.28473486988,0.085018824569,0.37107131611,0.33114177061,0.41090797942,0.26774162308
46.5,0.28229430672,0.46270613643,0.46270613643,0.4423658091,0.42887415293,0.47470494779,0.46889679062,0.49659258594,0.45228179812,0.43980188778,0.32997483092,0.49659327372,0.4864207483,0.44123649361,0.23933527427,0.43524118561,0.4999212241,0.45579885403,0.39245198389,0.49288290065,0.49695677802,0.40821383065,0.4384440572,0.28293208526,0.083351667985,0.36981053159,0.32959933225,0.40997641681,0.26586443732
47.0,0.28050058561,0.46227167757,0.46227167757,0.44173213188,0.42811406856,0.47439266526,0.46852493202,0.49651179338,0.45174396975,0.43914381531,0.32844236506,0.49651248854,0.4862310122,0.44059203993,0.23738292873,0.43454011983,0.49987658621,0.45529559386,0.39137439547,0.49276210653,0.49687992915,0.40726918763,0.43777313967,0.28114067986,0.08171717668,0.36855402026,0.32806406712,0.40904696034,0.2640003781
47.5,0.27871823808,0.46183762657,0.46183762657,0.44109936144,0.42735533053,0.47408058807,0.46815336804,0.49643101396,0.45120678035,0.43848672623,0.32691701317,0.49643171651,0.48604135003,0.4399485262,0.23544648106,0.43384018124,0.4998319523,0.45479288868,0.39029976177,0.49264134201,0.49680309216,0.40632672691,0.43710324751,0.27936058227,0.080114711657,0.36730176769,0.32653594196,0.40811960527,0.2621493541
48.0,0.27694719233,0.46140398306,0.46140398306,0.44046749647,0.42659793646,0.47376871609,0.46778209845,0.49635024768,0.45067022915,0.43783061909,0.32539874227,0.49635095761,0.48585176177,0.43930595105,0.23352580226,0.43314136805,0.49978732237,0.45429073788,0.38922807471,0.49252060708,0.49672626705,0.40538644345,0.43643437914,0.27759172158,0.078543646377,0.36605375954,0.32501492368,0.40719434689,0.26031127466
48.5,0.27518737698,0.46097074664,0.46097074664,0.4398365357,0.42584188397,0.47345704918,0.46741112301,0.49626949453,0.45013431541,0.43717549241,0.32388751951,0.49627021184,0.48566224738,0.43866431311,0.23162076438,0.43244367846,0.49974269643,0.45378914084,0.38815932624,0.49239990174,0.49664945383,0.40444833224,0.43576653301,0.27583402726,0.077003366521,0.36480998147,0.32350097932,0.40627118047,0.25848604972
49.0,0.27343872112,0.46053791695,0.46053791695,0.43920647782,0.42508717069,0.4731455872,0.46704044149,0.49618875453,0.44959903835,0.43652134474,0.3223833122,0.49618947921,0.48547280685,0.43802361103,0.22973124048,0.43174711066,0.49969807447,0.45328809695,0.38709350833,0.49227922596,0.49657265247,0.40351238829,0.43509970756,0.27408742926,0.075493269752,0.36357041923,0.32199407608,0.40535010132,0.25667358985
49.5,0.27170115427,0.46010549359,0.46010549359,0.43857732155,0.42433379425,0.47283433003,0.46667005366,0.49610802765,0.44906439724,0.43586817462,0.3208860878,0.4961087597,0.48528344014,0.43738384344,0.22785710466,0.43105166286,0.49965345649,0.45278760561,0.38603061295,0.49215857975,0.49649586299,0.4025786066,0.43443390124,0.27235185794,0.074012765482,0.3623350586,0.32049418133,0.40443110474,0.25487380624
50.0,0.2699746064,0.45967347618,0.45967347618,0.4379490656,0.42358175227,0.47252327753,0.46629995928,0.49602731391,0.44853039131,0.43521598058,0.31939581392,0.49602805333,0.48509414723,0.43674500898,0.22599823202,0.43035733326,0.4996088425,0.45228766621,0.38497063213,0.49203796311,0.49641908539,0.40164698218,0.43376911248,0.2706272441,0.072561274647,0.36110388539,0.31900126257,0.40351418604,0.25308661066
50.5,0.26825900791,0.45924186435,0.45924186435,0.43732170869,0.42283104241,0.47221242957,0.46593015813,0.4959466133,0.44799701981,0.43456476118,0.31791245832,0.49594736008,0.48490492808,0.4361071063,0.22415449868,0.42966412007,0.49956423249,0.45178827814,0.38391355788,0.49191737601,0.49634231965,0.40071751009,0.43310533975,0.26891351898,0.071138229478,0.3598768855,0.31751528744,0.40259934055,0.25131191554
51.0,0.26655428965,0.45881065771,0.45881065771,0.43669524953,0.4220816623,0.471901786,0.46556064997,0.49586592581,0.44746428199,0.43391451496,0.31643598892,0.49586667995,0.48471578266,0.43547013403,0.22232578176,0.4289720215,0.49951962647,0.4512894408,0.38285938226,0.49179681846,0.49626556578,0.39979018535,0.43244258149,0.26721061422,0.069743073289,0.35865404483,0.31603622376,0.40168656362,0.24954963387
51.5,0.26486038289,0.45837985588,0.45837985588,0.43606968683,0.42133360959,0.4715913467,0.46519143458,0.49578525145,0.44693217709,0.43326524048,0.31496637376,0.49578601294,0.48452671095,0.43483409084,0.22051195936,0.42828103577,0.49947502442,0.45079115357,0.38180809734,0.49167629045,0.49618882378,0.39886500303,0.43178083615,0.26551846191,0.068375260255,0.35743534936,0.31456403948,0.40077585058,0.24779967926
52.0,0.26317721932,0.45794945849,0.45794945849,0.43544501933,0.42058688193,0.47128111153,0.46482251171,0.49570459021,0.44640070438,0.43261693627,0.31350358107,0.49570535906,0.48433771292,0.43419897535,0.21871291057,0.42759116109,0.49943042636,0.45029341586,0.38075969522,0.49155579197,0.49611209364,0.39794195819,0.43112010219,0.26383699454,0.067034255208,0.35622078511,0.31309870269,0.39986719681,0.24606196591
52.5,0.2615047311,0.45751946515,0.45751946515,0.43482124573,0.41984147698,0.47097108035,0.46445388114,0.49562394209,0.44586986309,0.4319696009,0.31204757919,0.49562471829,0.48414878855,0.43356478624,0.21692851545,0.42690239569,0.49938583228,0.44979622706,0.37971416801,0.49143532302,0.49603537537,0.39702104591,0.43046037806,0.26216614505,0.065719533424,0.35501033813,0.31164018164,0.39896059765,0.24433640862
53.0,0.25984285077,0.45708987548,0.45708987548,0.43419836477,0.4190973924,0.47066125304,0.46408554263,0.49554330709,0.44533965247,0.43132323293,0.31059833662,0.49554409063,0.48395993779,0.43293152214,0.21515865503,0.42621473778,0.49934124218,0.44929958656,0.37867150785,0.49131488358,0.49595866896,0.39610226128,0.42980166224,0.26050584675,0.064430580423,0.35380399453,0.31018844473,0.39805604851,0.24262292274
53.5,0.25819151131,0.45666068911,0.45666068911,0.43357637517,0.41835462585,0.47035162946,0.46371749597,0.49546268521,0.44481007179,0.4306778309,0.30915582201,0.49546347609,0.48377116062,0.43229918171,0.2134032113,0.4255281856,0.49929665606,0.44880349376,0.3776317069,0.49119447365,0.49588197441,0.3951855994,0.42914395317,0.25885603341,0.063166891771,0.35260174048,0.3087434605,0.39715354475,0.24092142427
54.0,0.25655064614,0.45623190565,0.45623190565,0.43295527566,0.41761317499,0.47004220948,0.4633497409,0.49538207644,0.44428112029,0.43003339338,0.30772000415,0.49538287466,0.48358245702,0.43166776362,0.2116620672,0.42484273736,0.49925207392,0.44830794806,0.37659475735,0.49107409322,0.49580529171,0.39427105539,0.42848724933,0.25721663918,0.061927972884,0.35140356217,0.30730519762,0.39625308179,0.23923182972
54.5,0.25492018905,0.45580352474,0.45580352474,0.43233506496,0.41687303751,0.46973299295,0.46298227721,0.49530148078,0.44375279723,0.42938991894,0.30629085198,0.49530228634,0.48339382695,0.43103726651,0.20993510661,0.4241583913,0.49920749576,0.44781294886,0.37556065138,0.49095374228,0.49572862087,0.39335862435,0.42783154919,0.25558759863,0.060713338834,0.35020944585,0.30587362493,0.39535465504,0.23755405622
55.0,0.2533000743,0.45537554599,0.45537554599,0.4317157418,0.41613421107,0.46942397976,0.46261510467,0.49522089823,0.44322510186,0.42874740613,0.30486833458,0.49522171112,0.48320527039,0.43040768905,0.20822221437,0.42347514566,0.49916292158,0.44731849556,0.37452938123,0.49083342084,0.49565196189,0.39244830144,0.42717685121,0.25396884674,0.059522514166,0.34901937781,0.30444871139,0.3944582599,0.23588802146
55.5,0.25169023652,0.45494796902,0.45494796902,0.43109730492,0.41539669336,0.46911516976,0.46224822304,0.49514032879,0.44269803344,0.42810585353,0.30345242116,0.49514114901,0.48301678731,0.4297790299,0.20652327622,0.42279299868,0.49911835138,0.44682458755,0.37350093914,0.49071312887,0.49557531475,0.39154008179,0.42652315386,0.25236031888,0.05835503271,0.3478333444,0.30303042613,0.39356389183,0.23423364369
56.0,0.25009061077,0.45452079345,0.45452079345,0.43047975306,0.41466048206,0.46880656282,0.46188163209,0.49505977246,0.44217159122,0.4274652597,0.30204308111,0.4950606,0.48282837768,0.42915128772,0.20483817884,0.42211194858,0.49907378516,0.44633122424,0.37247531738,0.49059286638,0.49549867947,0.39063396055,0.42587045562,0.25076195085,0.057210437405,0.346651332,0.3016187384,0.39267154624,0.23259084173
56.5,0.24850113251,0.45409401892,0.45409401892,0.42986308495,0.41392557485,0.4684981588,0.46151533159,0.49497922923,0.44164577447,0.42682562321,0.30064028392,0.49498006409,0.48264004147,0.42852446119,0.20316680981,0.42143199362,0.49902922292,0.44583840503,0.37145250822,0.49047263335,0.49542205604,0.38972993291,0.42521875497,0.24917367881,0.056088280115,0.34547332704,0.30021361759,0.3917812186,0.23095953497
57.0,0.24692173761,0.45366764504,0.45366764504,0.42924729932,0.41319196944,0.46818995759,0.46114932132,0.4948986991,0.44112058243,0.42618694263,0.29924399924,0.49489954127,0.48245177865,0.42789854896,0.20150905763,0.42075313203,0.49898466466,0.44534612931,0.37043250398,0.49035242978,0.49534544445,0.38882799403,0.42456805039,0.24759543934,0.054988121462,0.344299316,0.29881503326,0.39089290437,0.22933964334
57.5,0.24535236235,0.45324167143,0.45324167143,0.42863239491,0.41245966352,0.46788195903,0.46078360105,0.49481818207,0.44059601437,0.42554921655,0.29785419686,0.49481903156,0.4822635892,0.42727354971,0.19986481171,0.42007536208,0.49894011037,0.44485439649,0.36941529699,0.49023225566,0.49526884471,0.38792813911,0.42391834035,0.24602716942,0.053909530653,0.34312928539,0.29742295507,0.39000659901,0.22773108732
58.0,0.24379294338,0.45281609773,0.45281609773,0.42801837048,0.41172865479,0.467574163,0.46041817054,0.49473767814,0.44007206955,0.42491244354,0.29647084672,0.49473853493,0.48207547308,0.42664946211,0.19823396232,0.419398682,0.49889556006,0.44436320598,0.3684008796,0.49011211099,0.49519225681,0.38703036335,0.42326962334,0.2444688064,0.052852085312,0.34196322179,0.29603735285,0.389122298,0.22613378795
58.5,0.24224341779,0.45239092356,0.45239092356,0.42740522475,0.41099894095,0.46726656936,0.46005302956,0.49465718731,0.43954874723,0.42427662217,0.29509391887,0.4946580514,0.48188743027,0.42602628484,0.19661640064,0.41872309005,0.49885101373,0.44387255717,0.36738924416,0.48999199576,0.49511568075,0.38613466195,0.42262189784,0.24292028804,0.051815371318,0.34080111181,0.29465819657,0.38823999685,0.22454766682
59.0,0.24070372302,0.45196614853,0.45196614853,0.42679295648,0.41027051971,0.46695917799,0.4596881779,0.49457670956,0.43902604667,0.42364175103,0.29372338354,0.49457758096,0.48169946074,0.42540401657,0.19501201873,0.41804858449,0.49880647138,0.44338244947,0.36638038309,0.48987190995,0.49503911653,0.38524103014,0.42197516236,0.24138155247,0.050798982642,0.3396429421,0.2932854563,0.38735969104,0.22297264605
59.5,0.23917379694,0.45154177229,0.45154177229,0.42618156442,0.40954338879,0.46665198874,0.45932361531,0.49449624491,0.43850396713,0.4230078287,0.29235921106,0.49449712361,0.48151156446,0.42478265597,0.19342070951,0.41737516358,0.498761933,0.44289288229,0.36537428878,0.48975185357,0.49496256415,0.38434946316,0.42132941536,0.23985253823,0.049802521195,0.33848869936,0.29191910231,0.3864813761,0.22140864831
60.0,0.23765357778,0.45111779444,0.45111779444,0.4255710473,0.40881754589,0.4663450015,0.45895934157,0.49441579335,0.43798250789,0.42237485377,0.29100137191,0.49441667934,0.48132374139,0.42416220174,0.19184236678,0.41670282557,0.4987173986,0.44240385503,0.36437095367,0.4896318266,0.4948860236,0.38345995624,0.42068465536,0.2383331842,0.048825596665,0.33733837034,0.29055910495,0.38560504753,0.21985559677
60.5,0.23614300419,0.45069421463,0.45069421463,0.42496140389,0.40809298875,0.46603821611,0.45859535645,0.49433535487,0.43746166819,0.42174282483,0.28964983672,0.49433624815,0.48113599153,0.42354265254,0.19027688517,0.41603156874,0.49867286817,0.44191536709,0.3633703702,0.48951182904,0.49480949489,0.38257250465,0.42004088083,0.23682342968,0.047867826374,0.33619194183,0.28920543473,0.38473070087,0.21831341518
61.0,0.23464201518,0.45027103247,0.45027103247,0.42435263293,0.40736971509,0.46573163246,0.45823165972,0.49425492947,0.43694144731,0.42111174046,0.28830457624,0.49425583004,0.48094831482,0.42292400706,0.1887241602,0.41536139136,0.49862834172,0.44142741789,0.36237253087,0.48939186088,0.49473297801,0.38168710364,0.41939809029,0.23532321433,0.046928835122,0.33504940067,0.28785806231,0.38385833167,0.21678202779
61.5,0.23315055014,0.44984824759,0.44984824759,0.42374473318,0.40664772263,0.4654252504,0.45786825116,0.49417451716,0.43642184451,0.42048159925,0.28696556136,0.49417542501,0.48076071125,0.42230626399,0.1871840882,0.41469229168,0.49858381924,0.44094000682,0.36137742815,0.48927192211,0.49465647296,0.3808037485,0.41875628223,0.23383247819,0.046008255048,0.33391073372,0.28651695847,0.38298793547,0.21526135936
62.0,0.23166854886,0.44942585962,0.44942585962,0.4231377034,0.40592700911,0.46511906981,0.45750513054,0.49409411793,0.43590285907,0.41985239981,0.28563276311,0.49409503306,0.48057318079,0.42168942202,0.18565656636,0.41402426798,0.49853930074,0.4404531333,0.36038505456,0.48915201273,0.49457997974,0.37992243452,0.41811545515,0.23235116166,0.045105725481,0.33277592791,0.28518209411,0.38211950783,0.2137513352
62.5,0.2301959515,0.44900386819,0.44900386819,0.42253154233,0.40520757227,0.46481309055,0.45714229763,0.49401373178,0.43538449024,0.41922414072,0.28430615265,0.49401465419,0.48038572341,0.42107347983,0.18414149269,0.41335731855,0.49849478621,0.43996679674,0.35939540264,0.48903213273,0.49450349834,0.37904315698,0.41747560755,0.23087920554,0.044220892805,0.33164497021,0.2838534403,0.38125304433,0.21225188111
63.0,0.22873269859,0.44858227293,0.44858227293,0.42192624875,0.40448940984,0.4645073125,0.4567797522,0.4939333587,0.4348667373,0.41859682059,0.28298570126,0.49393428838,0.48019833908,0.42045843611,0.18263876602,0.41269144165,0.49845027566,0.43948099655,0.35840846494,0.48891228211,0.49442702877,0.37816591121,0.41683673795,0.22941655096,0.043353410318,0.33051784763,0.28253096821,0.38038854054,0.21076292343
63.5,0.22727873105,0.44816107345,0.44816107345,0.4213218214,0.40377251958,0.46420173551,0.45641749402,0.4938529987,0.43434959951,0.41797043802,0.28167138039,0.49385393565,0.48001102777,0.41984428956,0.18114828601,0.41202663558,0.49840576908,0.43899573213,0.35742423403,0.48879246085,0.49435057102,0.37729069252,0.41619884485,0.22796313945,0.0425029381,0.32939454722,0.28121464916,0.37952599206,0.20928438897
64.0,0.22583399014,0.4477402694,0.4477402694,0.42071825906,0.40305689922,0.46389635946,0.45605552287,0.49377265177,0.43383307615,0.4173449916,0.28036316158,0.49377359598,0.47982378946,0.41923103888,0.17966995312,0.4113628986,0.49836126647,0.43851100289,0.35644270252,0.48867266894,0.4942741251,0.37641749624,0.41556192676,0.22651891289,0.041669142878,0.32827505607,0.2799044546,0.37866539448,0.20781620509
64.5,0.22439841751,0.4473198604,0.4473198604,0.42011556049,0.40234254653,0.46359118422,0.45569383852,0.49369231791,0.43331716649,0.41672047994,0.27906101653,0.49369326938,0.47963662411,0.41861868275,0.17820366863,0.41070022902,0.49831676784,0.43802680826,0.35546386301,0.48855290639,0.49419769099,0.37554631772,0.41492598219,0.22508381351,0.040851697899,0.32715936132,0.27860035612,0.37780674342,0.20635829963
65.0,0.22297195519,0.44689984608,0.44689984608,0.41951372446,0.40162945925,0.46328620964,0.45533244074,0.49361199711,0.4328018698,0.41609690165,0.27776491705,0.49361295585,0.4794495317,0.41800721989,0.17674933459,0.41003862511,0.49827227318,0.43754314763,0.35448770814,0.48843317318,0.4941212687,0.3746771523,0.41429100967,0.22365778393,0.040050282799,0.32604745017,0.27730232542,0.37695003449,0.20491060092
65.5,0.22155454554,0.44648022606,0.44648022606,0.41891274972,0.40091763516,0.46298143561,0.45497132931,0.49353168938,0.43228718535,0.41547425533,0.27647483511,0.49353265537,0.4792625122,0.41739664898,0.17530685388,0.40937808518,0.49822778249,0.43706002042,0.35351423057,0.4883134693,0.49404485822,0.37380999535,0.41365700771,0.22224076709,0.039264583486,0.32493930982,0.27601033435,0.37609526332,0.20347303779
66.0,0.22014613132,0.44606099999,0.44606099999,0.41831263506,0.40020707201,0.46267686199,0.454610504,0.49345139472,0.43177311241,0.4148525396,0.27519074278,0.49345236796,0.47907556557,0.41678696873,0.17387613013,0.40871860751,0.49818329577,0.43657742605,0.35254342297,0.48819379476,0.49396845956,0.37294484224,0.41302397482,0.22083270632,0.038494292008,0.32383492755,0.27472435487,0.37524242556,0.20204553959
66.5,0.21874665561,0.44564216749,0.44564216749,0.41771337925,0.39949776758,0.46237248865,0.45424996459,0.49337111311,0.43125965027,0.41423175307,0.27391261227,0.4933720936,0.4788886918,0.41617817785,0.17245706777,0.40806019041,0.49813881303,0.43609536393,0.35157527803,0.48807414953,0.49389207271,0.37208168835,0.41239190954,0.21943354528,0.03773910644,0.32273429067,0.27344435911,0.37439151685,0.20062803611
67.0,0.21735606189,0.44522372818,0.44522372818,0.41711498105,0.39878971963,0.46206831545,0.45388971084,0.49329084457,0.4307467982,0.41361189436,0.27264041593,0.4932918323,0.47870189086,0.41557027503,0.17104957199,0.40740283217,0.49809433426,0.43561383347,0.35060978848,0.48795453363,0.49381569767,0.37122052908,0.41176081038,0.21804322798,0.036998730767,0.32163738654,0.27217031927,0.37354253285,0.19922045768
67.5,0.21597429395,0.44480568171,0.44480568171,0.41651743925,0.39808292594,0.46176434227,0.45352974253,0.49321058908,0.43023455547,0.41299296207,0.27137412623,0.49321158405,0.47851516271,0.414963259,0.16965354876,0.4067465311,0.49804985945,0.43513283408,0.34964694705,0.48783494703,0.49373933444,0.37036135984,0.41113067587,0.2166616988,0.036272874761,0.32054420254,0.27090220773,0.37269546923,0.19782273506
68.0,0.21460129597,0.4443880277,0.4443880277,0.41592075261,0.3973773843,0.46146056896,0.45317005944,0.49313034664,0.42972292136,0.41237495484,0.27011371575,0.49313134885,0.47832850732,0.41435712846,0.16826890481,0.40609128549,0.49800538862,0.43465236519,0.34868674649,0.48771538972,0.49366298302,0.36950417604,0.41050150455,0.21528890245,0.035561253878,0.31945472611,0.26963999697,0.37185032167,0.19643479952
68.5,0.21323701246,0.44397076578,0.44397076578,0.41532491993,0.39667309248,0.46115699542,0.45281066135,0.49305011726,0.42921189515,0.41175787127,0.26885915723,0.4930511267,0.47814192468,0.41375188211,0.16689554761,0.40543709367,0.49796092176,0.43417242621,0.34772917958,0.48759586172,0.4935866434,0.36864897311,0.40987329494,0.21392478399,0.03486358914,0.31836894474,0.2683836596,0.37100708585,0.1950565828
69.0,0.2118813883,0.44355389559,0.44355389559,0.41472993997,0.39597004829,0.46085362149,0.45245154801,0.49296990093,0.42870147611,0.41114171,0.2676104235,0.4929709176,0.47795541474,0.41314751868,0.16553338539,0.40478395395,0.49791645886,0.43369301655,0.34677423911,0.487476363,0.49351031558,0.36779574647,0.40924604557,0.21256928882,0.03417960703,0.31728684595,0.26713316836,0.37016575747,0.19368801712
69.5,0.21053436868,0.44313741676,0.44313741676,0.41413581152,0.39526824949,0.46055044705,0.45209271922,0.49288969765,0.42819166354,0.41052646965,0.26636748756,0.49289072155,0.47776897749,0.41254403688,0.16418232712,0.40413186462,0.49787199994,0.43321413564,0.3458219179,0.48735689355,0.49343399956,0.36694449159,0.40861975499,0.21122236267,0.033509039383,0.31620841729,0.26588849613,0.36932633223,0.19232903514
70.0,0.20919589918,0.44272132891,0.44272132891,0.41354253337,0.39456769391,0.46024747197,0.45173417474,0.49280950741,0.4276824567,0.40991214884,0.26513032249,0.49281053853,0.47758261289,0.41194143543,0.1628422825,0.40348082402,0.49782754498,0.43273578289,0.34487220877,0.48723745338,0.49335769535,0.36609520392,0.40799442172,0.20988395163,0.032851623284,0.31513364638,0.26464961588,0.36848880587,0.19097957002
70.5,0.20786592568,0.4423056317,0.4423056317,0.4129501043,0.39386837932,0.45994469612,0.45137591436,0.49272933022,0.42717385489,0.4092987462,0.26389890152,0.49273036856,0.47739632092,0.41133971304,0.16151316198,0.40283083046,0.497783094,0.43225795773,0.34392510459,0.48711804248,0.49328140293,0.36524787891,0.40737004432,0.20855400212,0.032207100963,0.31406252086,0.26341650074,0.36765317409,0.18963955537
71.0,0.20654439443,0.44189032474,0.44189032474,0.41235852309,0.39317030355,0.45964211936,0.45101793783,0.49264916607,0.42666585737,0.40868626037,0.26267319801,0.49265021162,0.47721010155,0.41073886844,0.16019487671,0.40218188226,0.49773864698,0.43178065956,0.34298059821,0.48699866083,0.4932051223,0.36440251207,0.40674662132,0.20723246087,0.031575219697,0.31299502841,0.26218912395,0.36681943264,0.18830892525
71.5,0.20523125201,0.44147540767,0.44147540767,0.41176778854,0.39247346439,0.45933974157,0.45066024495,0.49256901496,0.42615846344,0.40807468998,0.26145318542,0.49257006772,0.47702395474,0.41013890034,0.15888733857,0.40153397775,0.49769420393,0.43130388781,0.34203868255,0.48687930843,0.49312885347,0.36355909886,0.40612415126,0.20591927498,0.030955731709,0.31193115677,0.26096745887,0.36598757726,0.18698761419
72.0,0.20392644532,0.44106088013,0.44106088013,0.41117789944,0.39177785965,0.45903756262,0.45030283549,0.49248887688,0.42565167238,0.40746403366,0.26023883735,0.49248993686,0.47683788047,0.40953980749,0.15759046017,0.40088711525,0.49764976485,0.43082764191,0.3410993505,0.48675998527,0.49305259643,0.36271763479,0.4055026327,0.20461439185,0.030348394075,0.31087089371,0.25975147899,0.3651576037,0.18567555716
72.5,0.20262992163,0.44064674174,0.44064674174,0.41058885457,0.39108348716,0.45873558236,0.44994570922,0.49240875185,0.42514548348,0.40685429005,0.25903012751,0.49240981902,0.47665187872,0.40894158859,0.15630415479,0.4002412931,0.49760532973,0.43035192126,0.340162595,0.48664069135,0.49297635119,0.36187811537,0.40488206418,0.20331775923,0.029752968624,0.30981422704,0.25854115791,0.36432950773,0.1843726896
73.0,0.20134162849,0.44023299215,0.44023299215,0.41000065274,0.39039034473,0.45843380069,0.44958886592,0.49232863984,0.42463989601,0.40624545779,0.25782702975,0.49232971422,0.47646594946,0.40834424238,0.15502833645,0.39959650962,0.49756089858,0.42987672531,0.339228409,0.48652142666,0.49290011772,0.36104053612,0.40426244425,0.20202932518,0.02916922185,0.3087611446,0.25733646938,0.36350328512,0.18307894737
73.5,0.20006151383,0.439819631,0.439819631,0.40941329274,0.38969843019,0.45813221745,0.44923230536,0.49224854087,0.42413490928,0.40563753552,0.25662951803,0.49224962245,0.47628009264,0.40774776759,0.15376291984,0.39895276316,0.4975164714,0.42940205345,0.33829678546,0.48640219119,0.49282389605,0.36020489257,0.40364377148,0.20074903808,0.028596924818,0.3077116343,0.25613738723,0.36267893166,0.18179426681
74.0,0.19878952588,0.4394066579,0.4394066579,0.40882677336,0.38900774136,0.45783083253,0.44887602732,0.49216845493,0.42363052255,0.40503052188,0.25543756643,0.4921695437,0.47609430826,0.40715216296,0.15250782035,0.39831005204,0.49747204819,0.42892790513,0.33736771738,0.48628298493,0.49274768616,0.35937118026,0.4030260444,0.19947684666,0.028035853076,0.30666568406,0.25494388545,0.36185644314,0.18051858467
74.5,0.1975256132,0.43899407251,0.43899407251,0.40824109341,0.38831827607,0.45752964579,0.44852003158,0.49208838201,0.42312673514,0.40442441552,0.25425114914,0.49208947797,0.47590859628,0.40655742721,0.15126295406,0.39766837461,0.49742762894,0.42845427977,0.33644119776,0.48616380788,0.49267148805,0.35853939473,0.40240926158,0.19821269993,0.027485786568,0.30562328186,0.25375593813,0.36103581535,0.17925183814
75.0,0.19626972469,0.43858187446,0.43858187446,0.40765625169,0.38763003215,0.45722865711,0.44816431792,0.49200832212,0.42262354631,0.40381921509,0.2530702405,0.49200942527,0.47572295667,0.40596355908,0.15002823772,0.39702772922,0.49738321365,0.42798117678,0.33551721962,0.48604466004,0.49259530173,0.35770953155,0.40179342159,0.19695654726,0.026946509546,0.30458441571,0.25257351947,0.36021704411,0.17799396487
75.5,0.19502180953,0.43817006338,0.43817006338,0.40707224699,0.38694300746,0.45692786634,0.4478088861,0.49192827525,0.42212095536,0.40321491923,0.25189481494,0.49192938558,0.4755373894,0.40537055731,0.14880358876,0.3963881142,0.49733880233,0.4275085956,0.33459577602,0.48592554138,0.49251912718,0.3568815863,0.40117852297,0.1957083383,0.026417810488,0.30354907366,0.25139660382,0.35940012524,0.17674490292
76.0,0.19378181727,0.4377586389,0.4377586389,0.40648907813,0.38625719982,0.45662727337,0.44745373592,0.4918482414,0.42161896159,0.40261152659,0.25072484702,0.49184935891,0.47535189445,0.40477842063,0.14758892529,0.39574952791,0.49729439498,0.42703653565,0.33367686002,0.48580645191,0.49244296441,0.35605555454,0.4005645643,0.19446802304,0.025899482013,0.30251724382,0.25022516563,0.35858505456,0.17550459078
76.5,0.19254969774,0.43734760068,0.43734760068,0.40590674391,0.38557260709,0.45632687806,0.44709886714,0.49176822057,0.42111756428,0.40200903584,0.24956031141,0.49176934526,0.47516647178,0.4041871478,0.14638416605,0.39511196869,0.49724999159,0.42656499635,0.33276046469,0.48568739162,0.49236681342,0.35523143187,0.39995154415,0.19323555177,0.025391320802,0.30148891431,0.24905917946,0.35777182793,0.17427296738
77.0,0.19132540112,0.43693694834,0.43693694834,0.40532524313,0.38488922711,0.45602668029,0.44674427955,0.49168821276,0.42061676273,0.40140744562,0.24840118292,0.49168934462,0.47498112138,0.40359673755,0.14518923046,0.39447543491,0.49720559216,0.42609397714,0.33184658315,0.4855683605,0.4922906742,0.35440921389,0.39933946108,0.19201087509,0.02489312752,0.30046407331,0.24789861999,0.35696044117,0.17304997206
77.5,0.19010887786,0.43652668153,0.43652668153,0.40474457462,0.38420705774,0.45572667991,0.44638997291,0.49160821796,0.42011655623,0.40080675459,0.24724743644,0.49160935699,0.47479584321,0.40300718863,0.14400403861,0.39383992491,0.4971611967,0.42562347744,0.33093520851,0.48544935854,0.49221454675,0.35358889622,0.39872831366,0.1907939439,0.024404706733,0.29944270902,0.24674346204,0.35615089017,0.17183554459
78.0,0.18890007876,0.43611679988,0.43611679988,0.40416473717,0.38352609684,0.45542687681,0.44603594701,0.49152823618,0.41961694407,0.40020696141,0.24609904701,0.49152938237,0.47461063723,0.40241849978,0.14282851121,0.39320543706,0.4971168052,0.42515349668,0.33002633391,0.48533038575,0.49213843107,0.35277047447,0.39811810047,0.18958470944,0.023925866838,0.29842480971,0.24559368052,0.35534317077,0.17062962515
78.5,0.18769895491,0.43570730302,0.43570730302,0.4035857296,0.38284634226,0.45512727086,0.44568220164,0.4914482674,0.41911792556,0.39960806475,0.24495598977,0.49144942075,0.47442550344,0.40183066975,0.14166256961,0.39257196972,0.49707241767,0.42468403428,0.32911995251,0.4852114421,0.49206232716,0.35195394427,0.39750882007,0.18838312322,0.023456419984,0.29741036367,0.24444925047,0.35453727885,0.16943215433
79.0,0.18650545772,0.43529819061,0.43529819061,0.40300755072,0.38216779187,0.45482786191,0.44532873655,0.49136831163,0.41861949998,0.39901006326,0.24381823998,0.49136947214,0.47424044179,0.40124369729,0.14050613583,0.39193952125,0.49702803409,0.42421508969,0.32821605749,0.48509252759,0.49198623501,0.35113930127,0.39690047106,0.18718913706,0.022996181998,0.29639935922,0.24331014704,0.3537332103,0.16824307315
79.5,0.1853195389,0.43488946227,0.43488946227,0.40243019936,0.38149044355,0.45452864985,0.44497555154,0.49128836887,0.41812166663,0.39841295561,0.242685773,0.49128953654,0.47405545226,0.40065758116,0.13935913248,0.39130809001,0.49698365448,0.42374666232,0.32731464203,0.48497364222,0.49191015463,0.35032654111,0.396293052,0.1860027031,0.022544972318,0.29539178474,0.2421763455,0.35293096102,0.16706232303
80.0,0.18414115045,0.43448111765,0.43448111765,0.40185367433,0.38081429516,0.45422963455,0.44462264638,0.49120843911,0.41762442481,0.39781674046,0.24155856433,0.49120961393,0.47387053482,0.40007232011,0.13822148283,0.39067767439,0.49693927883,0.42327875161,0.32641569937,0.48485478598,0.49183408601,0.34951565946,0.39568656148,0.18482377375,0.022102613917,0.29438762863,0.24104782122,0.35213052691,0.16588984579
80.5,0.18297024469,0.43407315639,0.43407315639,0.40127797444,0.38013934458,0.45393081587,0.44427002085,0.49112852236,0.41712777382,0.3972214165,0.24043658957,0.49112970432,0.47368568945,0.39948791289,0.13709311076,0.39004827274,0.49689490715,0.422811357,0.32551922272,0.48473595886,0.49175802916,0.34870665199,0.39508099809,0.18365230174,0.021668933237,0.29338687935,0.2399245497,0.35133190387,0.16472558366
81.0,0.18180677425,0.43366557812,0.43366557812,0.40070309853,0.37946558969,0.45363219369,0.44391767473,0.4910486186,0.41663171295,0.39662698238,0.23931982443,0.49104980771,0.47350091611,0.39890435827,0.13597394075,0.38941988344,0.49685053942,0.4223444779,0.32462520534,0.48461716086,0.49168198406,0.34789951438,0.3944763604,0.18248824009,0.021243760119,0.29238952539,0.23880650655,0.35053508784,0.16356947927
81.5,0.18065069203,0.43325838249,0.43325838249,0.40012904541,0.37879302837,0.45333376787,0.44356560779,0.49096872784,0.41613624152,0.39603343678,0.23820824473,0.49096992409,0.47331621477,0.39832165499,0.13486389793,0.38879250487,0.49680617565,0.42187811376,0.3237336405,0.48449839196,0.49160595072,0.34709424232,0.39387264701,0.1813315421,0.02082692774,0.29139555525,0.23769366748,0.34974007473,0.16242147564
82.0,0.17950195125,0.43285156915,0.43285156915,0.39955581391,0.37812165851,0.4530355383,0.44321381983,0.49088885008,0.41564135881,0.39544077837,0.23710182641,0.49089005346,0.47313158542,0.39773980183,0.133762908,0.38816613542,0.49676181585,0.42141226401,0.32284452149,0.48437965216,0.49152992914,0.34629083151,0.39326985651,0.18018216139,0.020418272544,0.29040495752,0.23658600834,0.3489468605,0.1612815162
82.5,0.1783605054,0.43244513772,0.43244513772,0.39898340285,0.37745147801,0.45273750483,0.44286231061,0.49080898531,0.41514706413,0.39484900584,0.23600054552,0.49081019583,0.47294702801,0.39715879754,0.13267089729,0.38754077345,0.49671746,0.42094692808,0.3219578416,0.48426094146,0.4914539193,0.34548927765,0.39266798749,0.17904005184,0.020017634179,0.2894177208,0.23548350505,0.34815544109,0.16014954477
83.0,0.1772263083,0.43203908785,0.43203908785,0.39841181106,0.37678248476,0.45243966735,0.44251107991,0.49072913353,0.41465335678,0.39425811786,0.23490437823,0.49073035118,0.47276254253,0.3965786409,0.1315877927,0.38691641736,0.49667310812,0.42048210541,0.32107359417,0.48414225984,0.49137792123,0.34468957648,0.39206703855,0.17790516763,0.019624855436,0.28843383372,0.23438613369,0.34736581245,0.15902550555
83.5,0.17609931402,0.43163341919,0.43163341919,0.39784103738,0.37611467665,0.45214202571,0.44216012752,0.49064929474,0.41416023607,0.39366811311,0.2338133008,0.49065051951,0.47257812894,0.39599933066,0.13051352175,0.38629306554,0.49662876019,0.42001779544,0.32019177254,0.4840236073,0.4913019349,0.34389172372,0.39146700827,0.17677746323,0.019239782188,0.28745328496,0.23329387041,0.34657797056,0.15790934313
84.0,0.17497947695,0.43122813137,0.43122813137,0.39727108063,0.37544805159,0.4518445798,0.44180945322,0.49056946893,0.4136677013,0.39307899028,0.23272728961,0.49057070083,0.47239378722,0.39542086559,0.12944801252,0.38567071637,0.49658441623,0.41955399758,0.31931237007,0.48390498383,0.49122596031,0.34309571511,0.39086789526,0.1756568934,0.018862263324,0.28647606324,0.23220669149,0.34579191139,0.15680100248
84.5,0.17386675175,0.43082322404,0.43082322404,0.39670193964,0.37478260749,0.45154732949,0.44145905679,0.49048965612,0.41317575177,0.39249074804,0.23164632116,0.49049089513,0.47220951734,0.39484324447,0.12839119371,0.38504936824,0.49654007622,0.4190907113,0.31843538013,0.48378638942,0.49114999748,0.34230154641,0.39026969813,0.17454341317,0.018492150698,0.28550215732,0.23112457332,0.34500763093,0.15570042898
85.0,0.17276109338,0.43041869684,0.43041869684,0.39613361325,0.37411834225,0.45125027464,0.44110893799,0.49040985628,0.41268438679,0.3919033851,0.23057037204,0.49041110241,0.47202531927,0.39426646607,0.12734299456,0.38442901956,0.49649574017,0.41862793601,0.31756079612,0.48366782408,0.49107404639,0.34150921336,0.38967241547,0.17343697786,0.018129299065,0.28453155598,0.23004749239,0.34422512516,0.15460756835
85.5,0.17166245706,0.43001454942,0.43001454942,0.39556610031,0.37345525379,0.45095341513,0.44075909663,0.49033006942,0.41219360567,0.39131690012,0.22949941896,0.49033132267,0.47184119298,0.39369052915,0.1263033449,0.38380966871,0.49645140808,0.41816567117,0.31668861146,0.48354928778,0.49099810704,0.34071871174,0.38907604589,0.17233754306,0.017773566027,0.28356424806,0.2289754253,0.3434443901,0.15352236671
86.0,0.17057079833,0.42961078142,0.42961078142,0.39499939963,0.37279334003,0.45065675083,0.44040953247,0.49025029555,0.41170340771,0.39073129182,0.22843343873,0.4902515559,0.47165713845,0.3931154325,0.12527217513,0.3831913141,0.49640707995,0.4177039162,0.31581881958,0.48343078053,0.49092217944,0.33993003733,0.38848058799,0.17124506465,0.017424811978,0.28260022243,0.22790834877,0.34266542175,0.15244477055
86.5,0.16948607297,0.42920739248,0.42920739248,0.39443351007,0.37213259888,0.4503602816,0.4400602453,0.49017053465,0.41121379223,0.39014655887,0.22737240829,0.49017180211,0.47147315565,0.3925411749,0.12424941623,0.38257395414,0.49636275577,0.41724267055,0.31495141393,0.48331230231,0.49084626357,0.33914318591,0.38788604039,0.17015949877,0.017082900045,0.28163946798,0.22684623962,0.34188821613,0.15137472673
87.0,0.16840823706,0.42880438224,0.42880438224,0.39386843047,0.37147302828,0.45006400734,0.4397112349,0.49009078672,0.41072475853,0.38956269998,0.22631630465,0.49009206128,0.47128924454,0.39196775511,0.1232349997,0.38195758722,0.49631843555,0.41678193365,0.31408638798,0.48319385312,0.49077035944,0.33835815329,0.3872924017,0.16908080185,0.01674769604,0.28068197366,0.22578907477,0.34111276928,0.15031218248
87.5,0.16733724696,0.42840175035,0.42840175035,0.39330415966,0.37081462615,0.44976792789,0.43936250105,0.49001105177,0.41023630592,0.38897971383,0.22526510496,0.49001233343,0.47110540511,0.39139517193,0.12222885763,0.38134221176,0.49627411929,0.41632170495,0.31322373521,0.48307543295,0.49069446704,0.33757493527,0.38669967052,0.16800893059,0.016419068405,0.27972772846,0.22473683126,0.34033907723,0.14925708539
88.0,0.16627305929,0.42799949646,0.42799949646,0.3927406965,0.37015739042,0.44947204315,0.43901404353,0.48993132978,0.40974843371,0.38839759913,0.22421878646,0.48993261854,0.47092163732,0.39082342413,0.12123092265,0.38072782615,0.49622980698,0.41586198389,0.31236344913,0.4829570418,0.49061858638,0.33679352767,0.38610784549,0.16694384196,0.016096888158,0.27877672137,0.22368948623,0.33956713602,0.14820938343
88.5,0.16521563096,0.42759762022,0.42759762022,0.39217803982,0.36950131902,0.44917635297,0.43866586212,0.48985162077,0.40926114121,0.38781635458,0.22317732649,0.48985291661,0.47073794114,0.3902525105,0.12024112793,0.38011442883,0.49618549863,0.4154027699,0.31150552325,0.48283867966,0.49054271745,0.33601392632,0.38551692521,0.16588549318,0.015781028849,0.27782894147,0.22264701691,0.33879694172,0.14716902492
89.0,0.16416491914,0.42719612125,0.42719612125,0.39161618849,0.36884640991,0.44888085723,0.43831795661,0.48977192472,0.40877442774,0.38723597889,0.22214070251,0.48977322765,0.47055431655,0.38968242983,0.1192594072,0.3795020182,0.49614119424,0.41494406243,0.31064995113,0.48272034651,0.49046686025,0.33523612704,0.3849269083,0.16483384178,0.015471366502,0.27688437784,0.22160940067,0.33802849039,0.14613595853
89.5,0.16312088127,0.42679499923,0.42679499923,0.39105514134,0.36819266101,0.44858555581,0.43797032677,0.48969224163,0.40828829261,0.38665647074,0.22110889208,0.48969355165,0.47037076353,0.3891131809,0.1182856947,0.37889059268,0.4960968938,0.41448586093,0.30979672631,0.48260204236,0.49039101478,0.3344601257,0.38433779339,0.16378884551,0.015167779574,0.2759430196,0.22057661496,0.33726177811,0.14511013331
90.0,0.16208347507,0.42639425378,0.42639425378,0.39049489722,0.36754007028,0.44829044857,0.43762297239,0.48961257151,0.40780273513,0.38607782886,0.22008187285,0.4896138886,0.47018728203,0.3885447625,0.11731992524,0.37828015069,0.49605259731,0.41402816483,0.30894584237,0.4824837672,0.49031518104,0.33368591814,0.3837495791,0.16275046242,0.014870148905,0.27500485591,0.21954863733,0.33649680095,0.14409149864
90.5,0.16105265851,0.42599388455,0.42599388455,0.389935455,0.36688863567,0.44799553539,0.43727589324,0.48953291434,0.40731775462,0.38550005195,0.2190596226,0.48953423851,0.47000387204,0.38797717342,0.11636203412,0.37767069066,0.49600830478,0.41357097358,0.3080972929,0.48236552101,0.49023935902,0.33291350024,0.38316226405,0.16171865079,0.014578357669,0.27406987598,0.21852544546,0.335733555,0.14308000427
91.0,0.16002838984,0.4255938912,0.4255938912,0.38937681352,0.36623835512,0.44770081615,0.43692908912,0.48945327013,0.4068333504,0.38492313871,0.21804211919,0.48945460138,0.46982053353,0.38741041246,0.1154119572,0.377062211,0.49596401621,0.41311428662,0.3072510715,0.4822473038,0.49016354872,0.33214286785,0.38257584689,0.1606933692,0.014292291329,0.27313806905,0.2175070171,0.33497203637,0.14207560029
91.5,0.15901062756,0.42519427336,0.42519427336,0.38881897164,0.36558922661,0.4474062907,0.43658255981,0.48937363888,0.40634952177,0.38434708787,0.21702934059,0.48937497719,0.46963726646,0.38684447842,0.11446963083,0.37645471015,0.49591973158,0.41265810341,0.30640717182,0.48212911555,0.49008775014,0.33137401687,0.38199032622,0.15967457645,0.014011837598,0.27220942437,0.21649333013,0.33421224117,0.14107823715
92.0,0.15799933044,0.4247950307,0.4247950307,0.38826192822,0.36494124808,0.44711195893,0.43623630508,0.48929402058,0.40586626806,0.38377189813,0.21602126487,0.48929536596,0.46945407082,0.38627937008,0.1135349919,0.37584818654,0.49587545091,0.41220242337,0.30556558748,0.48201095626,0.49001196329,0.3306069432,0.3814057007,0.15866223162,0.013736886384,0.27128393127,0.21548436252,0.3334541655,0.14008786561
92.5,0.15699445752,0.42439616285,0.42439616285,0.38770568212,0.36429441751,0.44681782071,0.43589032472,0.48921441523,0.40538358859,0.38319756821,0.21501787021,0.48921576768,0.46927094656,0.38571508624,0.1126079778,0.3752426386,0.4958311742,0.41174724597,0.30472631216,0.48189282592,0.48993618815,0.32984164273,0.38082196894,0.15765629406,0.013467329759,0.27036157908,0.21448009234,0.33269780551,0.13910443681
93.0,0.15599596807,0.42399766946,0.42399766946,0.38715023219,0.36364873286,0.44652387591,0.43554461852,0.48913482283,0.40490148267,0.38262409683,0.21401913489,0.48913618234,0.46908789368,0.38515162572,0.11168852643,0.37463806477,0.49578690144,0.41129257064,0.30388933953,0.48177472452,0.48986042472,0.32907811137,0.3802391296,0.15665672333,0.013203061907,0.26944235718,0.21348049778,0.33194315731,0.13812790221
93.5,0.15500382164,0.42359955018,0.42359955018,0.38659557731,0.3630041921,0.44623012441,0.43519918625,0.48905524338,0.40441994962,0.3820514827,0.21302503728,0.48905660994,0.46890491213,0.3845889873,0.11077657619,0.37403446348,0.49574263263,0.41083839684,0.30305466328,0.48165665207,0.48978467301,0.32831634506,0.3796571813,0.15566347929,0.012943979087,0.26852625499,0.21248555709,0.33119021706,0.13715821362
94.0,0.15401797804,0.42320180467,0.42320180467,0.38604171633,0.36236079321,0.44593656607,0.4348540277,0.48897567687,0.40393898876,0.38147972456,0.21203555585,0.48897705048,0.46872200189,0.38402716979,0.109872066,0.37343183317,0.49569836777,0.41038472401,0.30222227713,0.48153860854,0.48970893301,0.32755633971,0.37907612269,0.15467652203,0.012689979594,0.26761326195,0.21149524867,0.33043898091,0.13619532318
94.5,0.15303839731,0.42280443256,0.42280443256,0.38548864812,0.36171853417,0.44564320077,0.43450914266,0.48889612331,0.40345859942,0.38090882112,0.21105066918,0.48889750397,0.46853916293,0.38346617199,0.10897493524,0.37283017229,0.49565410686,0.40993155161,0.30139217481,0.48142059393,0.48963320472,0.32679809127,0.37849595241,0.15369581188,0.012440963715,0.26670336756,0.21050955099,0.32968944501,0.13523918334
95.0,0.15206503975,0.42240743352,0.42240743352,0.38493637155,0.36107741295,0.44535002839,0.4341645309,0.48881658268,0.40297878092,0.3803387711,0.21007035596,0.48881797039,0.46835639523,0.38290599272,0.10808512383,0.37222947928,0.4956098499,0.40947887907,0.30056435007,0.48130260824,0.48955748814,0.32604159569,0.37791666911,0.15272130945,0.012196833692,0.26579656133,0.20952844263,0.32894160554,0.13428974692
95.5,0.15109786593,0.42201080718,0.42201080718,0.38438488549,0.36043742756,0.44505704879,0.43382019221,0.488737055,0.40249953258,0.37976957324,0.20909459495,0.48873844974,0.46817369876,0.38234663079,0.10720257213,0.3716297526,0.4955655969,0.40902670585,0.29973879666,0.48118465145,0.48948178327,0.32528684893,0.37733827143,0.15175297556,0.011957493685,0.26489283282,0.20855190225,0.32819545867,0.13334696704
96.0,0.15013683665,0.4216145532,0.4216145532,0.3838341888,0.35979857597,0.44476426185,0.43347612637,0.48865754025,0.40202085372,0.37920122626,0.20812336502,0.48865894203,0.46799107348,0.38178808499,0.10632722101,0.37103099068,0.49552134785,0.40857503141,0.29891550838,0.48106672357,0.4894060901,0.32453384696,0.37676075802,0.15079077129,0.011722849732,0.26399217163,0.20757990865,0.32745100059,0.13241079716
96.5,0.14918191295,0.42121867124,0.42121867124,0.38328428037,0.35916085618,0.44447166745,0.43313233318,0.48857803843,0.40154274366,0.3786337289,0.20715664516,0.48857944725,0.46780851937,0.38123035415,0.10545901181,0.37043319199,0.49547710274,0.40812385519,0.29809447902,0.48094882458,0.48933040863,0.32378258574,0.37618412754,0.14983465799,0.011492809714,0.26309456737,0.20661244068,0.3267082275,0.13148119106
97.0,0.14823305614,0.42082316093,0.42082316093,0.38273515905,0.35852426618,0.44417926545,0.4327888124,0.48849854955,0.40106520175,0.37806707988,0.20619441441,0.4884999654,0.46762603641,0.38067343708,0.10459788637,0.36983635497,0.49543286159,0.40767317664,0.2972757024,0.48083095448,0.48925473887,0.32303306128,0.37560837863,0.1488845972,0.011267283317,0.26220000971,0.20564947732,0.32596713559,0.13055810284
97.5,0.14729022775,0.42042802194,0.42042802194,0.38218682374,0.35788880398,0.44388705574,0.43244556384,0.48841907359,0.40058822728,0.37750127795,0.20523665196,0.48842049647,0.46744362457,0.38011733259,0.10374378696,0.36924047809,0.49538862438,0.40722299521,0.29645917234,0.48071311326,0.4891790808,0.32228526957,0.37503350995,0.14794055076,0.011046182,0.26130848834,0.20469099763,0.32522772108,0.12964148691
98.0,0.14635338958,0.42003325391,0.42003325391,0.3816392733,0.35725446759,0.44359503818,0.43210258726,0.48833961057,0.40011181961,0.37693632183,0.20428333706,0.48834104047,0.46726128381,0.3795620395,0.10289665636,0.36864555981,0.49534439113,0.40677331036,0.2956448827,0.48059530091,0.48910343443,0.3215392066,0.37445952016,0.14700248069,0.010829418955,0.260419993,0.20373698079,0.32448998018,0.12873129802
98.5,0.14542250364,0.41963885649,0.41963885649,0.38109250661,0.35662125499,0.44330321264,0.43175988247,0.48826016047,0.39963597805,0.37637221027,0.20333444907,0.48826159739,0.46707901411,0.37900755663,0.1020564378,0.36805159859,0.49530016182,0.40632412155,0.29483282734,0.48047751743,0.48902779976,0.3207948684,0.37388640792,0.1460703493,0.010616909079,0.25953451345,0.20278740605,0.32375390914,0.12782749121
99.0,0.1444975322,0.41924482934,0.41924482934,0.38054652256,0.35598916422,0.44301157901,0.43141744923,0.48818072329,0.39916070193,0.37580894201,0.20238996745,0.48818216723,0.46689681545,0.3784538828,0.10122307495,0.36745859289,0.49525593647,0.40587542822,0.29402300014,0.48035976281,0.48895217678,0.32005225099,0.37331417189,0.1451441191,0.010408568937,0.25865203948,0.20184225276,0.32301950417,0.12693002185
99.5,0.14357843776,0.41885117212,0.41885117212,0.38000132003,0.35535819328,0.44272013716,0.43107528734,0.48810129904,0.39868599058,0.37524651578,0.20144987174,0.48810274999,0.46671468779,0.37790101684,0.10039651197,0.36686654119,0.49521171506,0.40542722983,0.29321539501,0.48024203704,0.48887656549,0.3193113504,0.37274281073,0.14422375286,0.010204316729,0.25777256094,0.20090150039,0.32228676154,0.12603884562
100.0,0.14266518306,0.41845788446,0.41845788446,0.3794568979,0.35472834019,0.44242888695,0.43073339659,0.4880218877,0.39821184333,0.37468493034,0.20051414159,0.48802334567,0.46653263111,0.37734895756,0.099576693456,0.36627544194,0.49516749759,0.40497952584,0.29241000586,0.48012434011,0.4888009659,0.31857216267,0.3721723231,0.14330921356,0.010004072261,0.25689606769,0.19996512848,0.32155567748,0.12515391849
100.5,0.14175773108,0.41806496603,0.41806496603,0.37891325505,0.35409960297,0.44213782827,0.43039177675,0.48794248928,0.39773825951,0.37412418443,0.19958275673,0.48794395426,0.46635064538,0.37679770379,0.098763564456,0.36568529364,0.49512328408,0.4045323157,0.29160682661,0.48000667202,0.48872537799,0.31783468385,0.37160270768,0.14240046443,0.0098077569099,0.25602254963,0.19903311667,0.32082624828,0.12427519676
101.0,0.14085604503,0.41767241649,0.41767241649,0.37837039037,0.35347197965,0.44184696099,0.43005042762,0.48786310378,0.39726523846,0.37356427679,0.19865569701,0.48786457576,0.46616873057,0.37624725437,0.097957070468,0.36509609473,0.49507907451,0.40408559887,0.29080585123,0.47988903276,0.48864980177,0.31709891001,0.37103396314,0.14149746892,0.0096152935947,0.2551519967,0.1981054447,0.32009847018,0.12340263702
101.5,0.13996008835,0.41728023547,0.41728023547,0.37782830275,0.35284546825,0.44155628497,0.42970934898,0.48778373119,0.3967927795,0.37300520618,0.19773294233,0.48778521017,0.46598688665,0.37569760811,0.097157157429,0.36450784372,0.49503486889,0.40363937481,0.29000707367,0.47977142232,0.48857423723,0.31636483721,0.37046608814,0.14060019073,0.0094266067464,0.25428439886,0.1971820924,0.31937233948,0.12253619617
102.0,0.1390698247,0.41688842264,0.41688842264,0.37728699108,0.35222006681,0.44126580011,0.42936854061,0.48770437152,0.39632088197,0.37244697135,0.19681447273,0.48770585749,0.46580511361,0.37514876386,0.096363771718,0.36392053907,0.49499066722,0.40319364296,0.28921048792,0.47965384071,0.48849868437,0.31563246152,0.36989908136,0.13970859376,0.009241622278,0.25341974612,0.19626303969,0.31864785245,0.1216758314
102.5,0.13818521799,0.41649697766,0.41649697766,0.37674645425,0.35159577336,0.44097550627,0.4290280023,0.48762502475,0.3958495452,0.37188957105,0.19590026831,0.48762651771,0.4656234114,0.37460072044,0.095576860149,0.36333417927,0.49494646949,0.4027484028,0.28841608797,0.4795362879,0.4884231432,0.31490177904,0.36933294147,0.13882264214,0.0090602675551,0.25255802852,0.19534826659,0.31792500541,0.12082150021
103.0,0.13730623235,0.41610590017,0.41610590017,0.37620669115,0.35097258595,0.44068540332,0.42868773385,0.48754569089,0.39537876853,0.37133300404,0.19499030928,0.48754719084,0.46544178001,0.37405347668,0.094796369966,0.3627487628,0.49490227571,0.40230365378,0.28762386784,0.47941876389,0.48834761371,0.31417278587,0.36876766715,0.13794230025,0.0088824713679,0.25169923612,0.19443775321,0.31720379464,0.11997316039
103.5,0.13643283214,0.41571518983,0.41571518983,0.37566770068,0.3503505026,0.44039549114,0.42834773503,0.48746636993,0.3949085513,0.37077726906,0.19408457593,0.48746787687,0.4652602194,0.37350703143,0.094022248845,0.36216428816,0.49485808587,0.40185939535,0.28683382157,0.47930126868,0.48827209589,0.3134454781,0.36820325709,0.13706753267,0.0087081639031,0.25084335904,0.19353147975,0.31648421646,0.11913077001
104.0,0.13556498193,0.4153248463,0.4153248463,0.37512948173,0.34972952138,0.44010576961,0.42800800562,0.48738706187,0.39443889283,0.37022236489,0.19318304865,0.48738857579,0.46507872955,0.37296138352,0.093254444884,0.36158075382,0.49481389998,0.40141562699,0.28604594319,0.47918380225,0.48819658975,0.31271985185,0.36763970996,0.13619830421,0.0085372767165,0.2499903874,0.1926294265,0.31576626719,0.11829428747
104.5,0.13470264653,0.41493486924,0.41493486924,0.37459203321,0.34910964032,0.43981623859,0.42766854543,0.48730776672,0.39396979247,0.36966829029,0.19228570792,0.48730928762,0.46489731042,0.37241653179,0.092492906605,0.36099815828,0.49476971803,0.40097234814,0.28526022677,0.47906636461,0.48812109528,0.31199590324,0.36707702444,0.1353345799,0.0083697427065,0.24914031138,0.19173157385,0.31504994316,0.11746367141
105.0,0.13384579097,0.41454525829,0.41454525829,0.374055354,0.34849085749,0.43952689797,0.42732935424,0.48722848447,0.39350124955,0.36911504401,0.19139253431,0.48723001234,0.464715962,0.37187247508,0.091737582948,0.36041650004,0.49472554003,0.40052955828,0.28447666639,0.47894895574,0.48804561249,0.3112736284,0.36651519923,0.13447632499,0.0082054960871,0.24829312117,0.19083790228,0.31433524071,0.1166388808
105.5,0.13299438049,0.41415601312,0.41415601312,0.37351944302,0.34787317093,0.43923774762,0.42699043182,0.48714921511,0.39303326341,0.36856262481,0.19050350847,0.48715074995,0.46453468426,0.37132921224,0.090988423266,0.35983577759,0.49468136597,0.40008725686,0.28369525614,0.47883157564,0.48797014137,0.31055302348,0.365954233,0.13362350494,0.0080444723629,0.24744880703,0.18994839234,0.31362215617,0.11581987487
106.0,0.13214838056,0.41376713337,0.41376713337,0.37298429916,0.3472565787,0.43894878742,0.42665177798,0.48706995864,0.3925658334,0.36801103148,0.18961861115,0.48707150046,0.46435347716,0.3707867421,0.090245377326,0.35925598943,0.49463719586,0.39964544334,0.28291599015,0.4787142243,0.48789468191,0.30983408462,0.36539412445,0.13277608545,0.0078866083032,0.2466073592,0.18906302469,0.31291068591,0.11500661315
106.5,0.13130775687,0.41337861872,0.41337861872,0.37244992133,0.34664107888,0.43866001723,0.42631339249,0.48699071507,0.39209895885,0.36746026276,0.18873782319,0.48699226385,0.46417234068,0.37024506351,0.089508395303,0.35867713406,0.49459302968,0.3992041172,0.28213886253,0.47859690171,0.48781923412,0.30911680798,0.36483487228,0.1319340324,0.0077318419175,0.245768768,0.18818178009,0.31220082628,0.11419905544
107.0,0.13047247531,0.41299046882,0.41299046882,0.37191630843,0.34602666952,0.43837143694,0.42597527515,0.48691148439,0.3916326391,0.36691031745,0.18786112552,0.48691304013,0.46399127479,0.36970417533,0.088777427776,0.35809920998,0.49454886745,0.39876327788,0.28136386743,0.47847960786,0.487743798,0.30840118973,0.36427647516,0.13109731192,0.0075801124313,0.24493302376,0.18730463935,0.31149257365,0.11339716183
107.5,0.12964250201,0.41260268332,0.41260268332,0.37138345936,0.3454133487,0.43808304641,0.42563742574,0.48683226659,0.3911668735,0.36636119429,0.18698849914,0.48683382929,0.46381027947,0.3691640764,0.088052425725,0.35752221571,0.49450470917,0.39832292486,0.280590999,0.47836234276,0.48766837354,0.30768722604,0.3637189318,0.13026589033,0.0074313602619,0.24410011685,0.18643158342,0.31078592441,0.11260089268
108.0,0.1288178033,0.41221526188,0.41221526188,0.37085137305,0.34480111449,0.43779484553,0.42529984406,0.48675306169,0.39070166139,0.36581289208,0.18611992517,0.48675463134,0.46362935468,0.36862476558,0.08733334053,0.35694614975,0.49446055482,0.3978830576,0.27982025144,0.47824510639,0.48759296074,0.3069749131,0.3631622409,0.12943973417,0.0072855269953,0.24327003766,0.18556259329,0.31008087493,0.11181020862
108.5,0.12799834571,0.41182820416,0.41182820416,0.3703200484,0.34418996496,0.43750683418,0.42496252988,0.48667386966,0.3902370021,0.36526540958,0.18525538479,0.48667544626,0.46344850041,0.36808624171,0.086620123966,0.35637101061,0.49441640442,0.39744367556,0.27905161892,0.47812789874,0.4875175596,0.3062642471,0.36260640116,0.12861881018,0.0071425553633,0.24244277663,0.18469765007,0.30937742161,0.11102507058
109.0,0.12718409602,0.41144150982,0.41144150982,0.36978948431,0.3435798982,0.43721901222,0.424625483,0.48659469052,0.38977289499,0.36471874557,0.18439485929,0.48659627407,0.46326771661,0.36754850364,0.0859127282,0.35579679681,0.49437225796,0.39700477822,0.27828509565,0.47801071981,0.48744217012,0.30555522424,0.36205141127,0.12780308533,0.0070023892209,0.24161832422,0.18383673494,0.30867556084,0.11024543973
109.5,0.12637502117,0.41105517852,0.41105517852,0.36925967971,0.34297091228,0.43693137952,0.42428870321,0.48651552426,0.38930933941,0.36417289883,0.18353833001,0.48651711475,0.46308700327,0.36701155025,0.085211105788,0.35522350685,0.49432811544,0.39656636504,0.27752067586,0.47789356959,0.48736679229,0.30484784074,0.36149726994,0.12699252678,0.0068649735244,0.24079667092,0.18297982918,0.30797528905,0.10947127754
110.0,0.12557108835,0.41066920992,0.41066920992,0.3687306335,0.3423630053,0.43664393598,0.42395219029,0.48643637087,0.38884633468,0.36362786814,0.18268577843,0.48643796831,0.46290636036,0.36647538037,0.08451520967,0.35465113927,0.49428397686,0.39612843548,0.27675835379,0.47777644808,0.48729142612,0.30414209281,0.36094397588,0.12618710189,0.0067302543097,0.23997780726,0.18212691416,0.30727660265,0.10870254572
110.5,0.12477226494,0.41028360367,0.41028360367,0.36820234461,0.34175617535,0.43635668146,0.42361594404,0.48635723036,0.38838388017,0.36308365229,0.18183718606,0.48635883473,0.46272578785,0.36593999288,0.08382499317,0.35407969257,0.49423984222,0.39569098901,0.27599812369,0.47765935526,0.4872160716,0.30343797667,0.36039152779,0.12538677825,0.0065981786713,0.2391617238,0.1812779713,0.30657949805,0.10793920628
111.0,0.12397851852,0.40989835944,0.40989835944,0.36767481196,0.34115042051,0.43606961584,0.42327996424,0.48627810273,0.38792197522,0.36254025006,0.18099253454,0.48627971403,0.46254528571,0.36540538663,0.083140409993,0.35350916529,0.49419571152,0.3952540251,0.27523997983,0.47754229113,0.48714072873,0.30273548858,0.35983992438,0.12459152363,0.0064686947413,0.23834841114,0.18043298216,0.30588397171,0.10718122146
111.5,0.12318981689,0.40951347689,0.40951347689,0.36714803445,0.34054573889,0.43578273899,0.42294425068,0.48619898796,0.38746061917,0.36199766023,0.18015180557,0.4862006062,0.46236485392,0.36487156049,0.082461414217,0.35293955594,0.49415158476,0.39481754323,0.2744839165,0.47742525568,0.48706539751,0.30203462476,0.35928916436,0.12380130602,0.0063417516693,0.23753785989,0.17959192835,0.30519002005,0.10642855378
112.0,0.12240612805,0.40912895568,0.40912895568,0.36662201101,0.33994212859,0.43549605079,0.42260880315,0.48611988606,0.38699981138,0.36145588159,0.17931498095,0.48612151123,0.46218449245,0.36433851332,0.081787960297,0.35237086305,0.49410746194,0.39438154285,0.27372992799,0.47730824891,0.48699007793,0.30133538148,0.35873924645,0.12301609359,0.0062172996024,0.23673006071,0.17875479157,0.30449763953,0.10568116603
112.5,0.12162742019,0.40874479546,0.40874479546,0.36609674057,0.33933958771,0.43520955112,0.42227362145,0.48604079704,0.3865395512,0.36091491293,0.17848204254,0.48604242912,0.46200420126,0.36380624399,0.081120003055,0.35180308516,0.49406334306,0.39394602344,0.27297800864,0.47719127081,0.48691477001,0.300637755,0.35819016936,0.12223585473,0.0060952896655,0.23592500429,0.17792155361,0.3038068266,0.10493902124
113.0,0.12085366171,0.40836099591,0.40836099591,0.36557222205,0.33873811435,0.43492323985,0.42193870535,0.48596172087,0.38607983797,0.36037475305,0.17765297232,0.48596335988,0.46182398034,0.36327475136,0.080457497684,0.35123622079,0.49401922812,0.39351098447,0.27222815276,0.47707432137,0.48683947372,0.29994174159,0.35764193181,0.12146055803,0.0059756739423,0.23512268133,0.17709219634,0.30311757773,0.10420208271
113.5,0.12008482122,0.40797755667,0.40797755667,0.36504845437,0.33813770663,0.43463711686,0.42160405466,0.48588265757,0.38562067105,0.35983540074,0.17682775233,0.48588430349,0.46164382966,0.3627440343,0.079800399737,0.35067026849,0.49397511712,0.39307642542,0.27148035471,0.47695740058,0.48676418908,0.29924733752,0.35709453252,0.12069017225,0.0058584054564,0.23432308259,0.17626670173,0.3024298894,0.103470314
114.0,0.1193208675,0.40759447742,0.40759447742,0.36452543646,0.33753836266,0.43435118203,0.42126966916,0.48580360713,0.38516204979,0.35929685478,0.17600636469,0.48580525996,0.46146374918,0.36221409169,0.079148665133,0.35010522678,0.49393101005,0.39264234574,0.27073460885,0.47684050844,0.48668891607,0.2985545391,0.3565479702,0.11992466638,0.0057434381529,0.23352619886,0.1754450518,0.30174375808,0.10274367891
114.5,0.11856176956,0.40721175781,0.40721175781,0.36400316725,0.33694008056,0.43406543522,0.42093554864,0.48572456955,0.38470397354,0.35875911399,0.17518879161,0.48572622929,0.46128373889,0.36168492239,0.078502250145,0.34954109421,0.49388690692,0.39220874492,0.26999090956,0.47672364494,0.48661365471,0.2978633426,0.35600224359,0.11916400958,0.0056307268804,0.23273202093,0.1746272287,0.30105918027,0.10202214151
115.0,0.11780749659,0.40682939751,0.40682939751,0.36348164568,0.33634285845,0.43377987633,0.42060169289,0.48564554483,0.38424644165,0.35822217716,0.1743750154,0.48564721147,0.46110379875,0.36115652529,0.077861111407,0.34897786931,0.49384280773,0.39177562243,0.26924925124,0.47660681008,0.48653840498,0.29717374435,0.3554573514,0.11840817122,0.005520227373,0.23194053965,0.17381321461,0.30037615245,0.10130566609
115.5,0.11705801797,0.40644739618,0.40644739618,0.36296087066,0.33574669445,0.43349450521,0.4202681017,0.48556653296,0.38378945348,0.35768604308,0.17356501841,0.48556820651,0.46092392874,0.36062889925,0.0772252059,0.34841555064,0.49379871248,0.39134297774,0.26850962829,0.47649000384,0.48646316688,0.29648574064,0.35491329236,0.11765712086,0.0054118962334,0.23115174589,0.17300299184,0.29969467114,0.10059421723
116.0,0.11631330327,0.40606575349,0.40606575349,0.36244084114,0.33515158668,0.43320932176,0.41993477487,0.48548753394,0.38333300839,0.35715071057,0.17275878312,0.48548921439,0.46074412882,0.36010204315,0.076594490959,0.34785413674,0.49375462116,0.39091081032,0.26777203514,0.47637322622,0.48638794042,0.29579932781,0.3543700652,0.11691082824,0.0053056909155,0.23036563056,0.17219654274,0.29901473285,0.099887759731
116.5,0.11557332229,0.40568446909,0.40568446909,0.36192155604,0.33455753329,0.43292432585,0.41960171218,0.48540854777,0.38287710572,0.35661617842,0.17195629206,0.48541023512,0.46056439898,0.35957595588,0.075968924265,0.34729362615,0.49371053378,0.39047911966,0.26703646623,0.47625647722,0.48631272559,0.29511450219,0.35382766866,0.11616926329,0.0052015697079,0.22958218458,0.17139384979,0.29833633409,0.099186258639
117.0,0.11483804496,0.40530354265,0.40530354265,0.36140301431,0.33396453239,0.43263951735,0.41926891342,0.48532957445,0.38242174484,0.35608244544,0.17115752785,0.48533126869,0.46038473918,0.35905063631,0.075348463842,0.34673401743,0.49366645033,0.39004790521,0.26630291601,0.47613975681,0.48623752238,0.2944312601,0.35328610146,0.11543239615,0.0050994917174,0.22880139893,0.1705948955,0.2976594714,0.098489679252
117.5,0.11410744146,0.40492297384,0.40492297384,0.36088521489,0.33337258214,0.43235489615,0.41893637839,0.48525061398,0.3819669251,0.35554951045,0.17036247318,0.4852523151,0.4602051494,0.35852608333,0.074733068057,0.34617530913,0.49362237082,0.38961716647,0.26557137896,0.47602306501,0.48616233081,0.29374959791,0.35274536234,0.11470019714,0.004999416853,0.22802326459,0.1697996625,0.29698414131,0.097797987108
118.0,0.11338148212,0.40454276232,0.40454276232,0.3603681567,0.33278168067,0.43207046211,0.41860410688,0.48517166635,0.38151264586,0.35501737224,0.16957111084,0.48517337436,0.46002562962,0.35800229582,0.074122695614,0.3456174998,0.49357829525,0.38918690291,0.26484184955,0.4759064018,0.48608715086,0.29306951197,0.35220545003,0.11397263674,0.0049013058104,0.22724777259,0.16900813347,0.29631034037,0.097111147985
118.5,0.11266013747,0.40416290775,0.40416290775,0.3598518387,0.33219182611,0.43178621511,0.41827209868,0.48509273156,0.38105890649,0.35448602963,0.16878342369,0.48509444646,0.45984617979,0.35747927266,0.073517305556,0.34506058801,0.49353422361,0.388757114,0.2641143223,0.47578976717,0.48601198253,0.29239099863,0.35166636328,0.11324968566,0.004805120056,0.22647491398,0.16822029121,0.29563806513,0.096429127899
119.0,0.11194337822,0.4037834098,0.4037834098,0.35933625983,0.33160301663,0.43150215504,0.41794035357,0.48501380962,0.38060570633,0.35395548143,0.16799939467,0.48501553139,0.4596667999,0.35695701275,0.072916857255,0.34450457231,0.4934901559,0.38832779922,0.26338879171,0.47567316113,0.48593682582,0.29171405428,0.35112810082,0.11253131475,0.0047108218124,0.22570467986,0.16743611856,0.29496731214,0.095751893104
119.5,0.11123117527,0.40340426813,0.40340426813,0.35882141902,0.33101525037,0.43121828177,0.41760887136,0.48493490051,0.38015304475,0.35342572646,0.1672190068,0.48493662915,0.45948748992,0.35643551497,0.072321310418,0.34394945127,0.49344609213,0.38789895805,0.26266525232,0.47555658365,0.48586168074,0.29103867529,0.3505906614,0.11181749507,0.0046183740434,0.22493706132,0.16665559845,0.29429807797,0.095079410089
120.0,0.11052349972,0.40302548241,0.40302548241,0.35830731523,0.33042852548,0.43093459518,0.41727765183,0.48485600424,0.37970092111,0.35289676353,0.16644224317,0.48485773975,0.45930824982,0.35591477821,0.071730625076,0.34339522345,0.49340203229,0.38747058997,0.26194369868,0.47544003473,0.48578654727,0.29036485805,0.35005404376,0.11110819787,0.004527740439,0.22417204953,0.1658787139,0.2936303592,0.094411645577
120.5,0.10982032283,0.40264705231,0.40264705231,0.3577939474,0.32984284012,0.43065109513,0.41694669478,0.4847771208,0.37924933477,0.35236859147,0.16566908696,0.48477886318,0.45912907958,0.35539480136,0.071144761588,0.34284188741,0.49335797639,0.38704269445,0.26122412533,0.47532351437,0.48571142542,0.28969259896,0.34951824664,0.11040339455,0.004438885402,0.22340963565,0.16510544802,0.29296415241,0.093748566522
121.0,0.10912161604,0.40226897749,0.40226897749,0.35728131447,0.32925819244,0.43036778153,0.416616,0.48469825019,0.37879828509,0.35184120909,0.16489952143,0.48469999944,0.45894997916,0.35487558332,0.070563680633,0.34228944173,0.49331392441,0.38661527099,0.26050652686,0.47520702256,0.48563631518,0.28902189443,0.3489832688,0.10970305671,0.0043517740333,0.22264981088,0.16433578395,0.29229945418,0.09309014011
121.5,0.10842735099,0.40189125762,0.40189125762,0.35676941541,0.32867458062,0.43008465423,0.41628556728,0.48461939241,0.37834777145,0.35131461521,0.1641335299,0.48462114852,0.45877094854,0.35435712298,0.069987343212,0.34173788498,0.49326987638,0.38618831905,0.25979089786,0.4750905593,0.48556121656,0.28835274087,0.34844910898,0.10900715613,0.0042663721185,0.22189256647,0.16356970496,0.29163626112,0.092436333756
122.0,0.10773749949,0.40151389236,0.40151389236,0.35625824915,0.32809200282,0.42980171311,0.41595539642,0.48454054746,0.37789779319,0.35078880866,0.16337109579,0.48454231043,0.4585919877,0.35383941924,0.069415710643,0.34118721573,0.49322583227,0.38576183812,0.25907723293,0.47497412456,0.48548612954,0.2876851347,0.34791576594,0.10831566476,0.0041826461144,0.22113789367,0.16280719438,0.29097456984,0.091787115102
122.5,0.10705203352,0.40113688139,0.40113688139,0.35574781466,0.32751045721,0.42951895806,0.4156254872,0.48446171533,0.37744834969,0.35026378826,0.16261220257,0.48446348515,0.4584130966,0.353322471,0.068848744559,0.34063743256,0.4931817921,0.38533582767,0.25836552669,0.47485771836,0.48541105414,0.28701907235,0.34738323843,0.10762855473,0.0041005631361,0.22038578378,0.1620482356,0.29031437694,0.091142452014
123.0,0.10637092525,0.40076022436,0.40076022436,0.35523811089,0.32692994195,0.42923638896,0.41529583942,0.48438289603,0.37699944031,0.34973955284,0.16185683382,0.4843846727,0.45823427522,0.35280627715,0.068286406903,0.34008853404,0.49313775585,0.3849102872,0.25765577378,0.47474134068,0.48533599034,0.28635455026,0.3468515252,0.10694579835,0.0040200909436,0.21963622811,0.16129281211,0.28965567904,0.090502312585
123.5,0.10569414702,0.40038392095,0.40038392095,0.35472913678,0.32635045524,0.42895400567,0.41496645288,0.48430408955,0.37655106442,0.34921610123,0.16110497317,0.48430587307,0.45805552354,0.35229083661,0.067728659931,0.33954051876,0.49309372354,0.38448521619,0.25694796884,0.47462499151,0.48526093815,0.28569156487,0.34632062501,0.1062673681,0.0039411979295,0.21888921803,0.16054090747,0.28899847277,0.089866665129
124.0,0.10502167135,0.40000797083,0.40000797083,0.35422089131,0.32577199523,0.42867180808,0.41463732736,0.48422529589,0.37610322138,0.34869343226,0.16035660434,0.48422708625,0.45787684151,0.35177614826,0.067175466205,0.33899338529,0.49304969516,0.38406061411,0.25624210654,0.47450867085,0.48518589757,0.28503011265,0.34579053662,0.10559323661,0.0038638531067,0.2181447449,0.15979250531,0.28834275477,0.089235478182
124.5,0.10435347093,0.39963237367,0.39963237367,0.35371337343,0.32519456013,0.42838979606,0.41430846266,0.48414651504,0.37565591057,0.34817154477,0.15961171111,0.48414831224,0.45769822913,0.35126221102,0.066626788589,0.33844713223,0.49300567071,0.38363648045,0.25553818156,0.47439237869,0.48511086858,0.28437019006,0.3452612588,0.10492337673,0.0037880260958,0.21740280015,0.15904758934,0.28768852168,0.0886087205
125.0,0.10368951862,0.39925712912,0.39925712912,0.35320658209,0.32461814811,0.4281079695,0.41397985857,0.48406774701,0.37520913134,0.34765043757,0.15887027735,0.48406955105,0.45751968635,0.3507490238,0.066082590253,0.33790175817,0.49296165019,0.3832128147,0.25483618858,0.47427611503,0.4850358512,0.28371179356,0.3447327903,0.10425776145,0.0037136871136,0.2166633752,0.15830614334,0.28703577015,0.087986361055
125.5,0.10302978745,0.39888223687,0.39888223687,0.35270051626,0.32404275736,0.42782632828,0.4136515149,0.4839889918,0.37476288308,0.34713010952,0.15813228701,0.48399080267,0.45734121316,0.3502365855,0.065542834666,0.33735726168,0.4929176336,0.38278961634,0.25413612232,0.47415987985,0.48496084541,0.28305491963,0.34420512989,0.10359636393,0.0036408069611,0.21592646153,0.15756815118,0.28638449683,0.087368369037
126.0,0.10237425063,0.39850769658,0.39850769658,0.35219517491,0.32346838608,0.42754487226,0.41332343142,0.48391024939,0.37431716515,0.34661055945,0.15739772409,0.48391206709,0.45716280952,0.34972489503,0.065007485593,0.33681364137,0.49287362094,0.38236688485,0.2534379775,0.47404367315,0.48488585122,0.28239956476,0.34367827634,0.1029391575,0.0035693570122,0.21519205062,0.1568335968,0.2857346984,0.086754713852
126.5,0.10172288153,0.39813350792,0.39813350792,0.351690557,0.32289503246,0.42726360133,0.41299560794,0.48383151979,0.37387197691,0.34609178619,0.15666657269,0.48383334432,0.45698447541,0.34921395129,0.064476507094,0.33627089582,0.49282961221,0.38194461973,0.25274174885,0.47392749492,0.48481086863,0.28174572546,0.34315222841,0.10228611566,0.0034993092026,0.21446013401,0.1561024642,0.28508637153,0.086145365117
127.0,0.1010756537,0.39775967056,0.39775967056,0.35118666149,0.32232269469,0.42698251537,0.41266804425,0.483752803,0.37342731775,0.34557378859,0.15593881696,0.48375463435,0.45680621081,0.34870375322,0.063949863523,0.33572902364,0.49278560741,0.38152282045,0.25204743112,0.47381134516,0.48473589762,0.28109339821,0.34262698488,0.1016372121,0.0034306360185,0.21373070325,0.15537473746,0.28443951289,0.085540292665
127.5,0.10043254085,0.39738618417,0.39738618417,0.35068348735,0.32175137099,0.42670161425,0.41234074014,0.48367409901,0.37298318704,0.3450565655,0.15521444115,0.48367593718,0.45662801568,0.34819429971,0.063427519524,0.33518802341,0.49274160653,0.38110148651,0.25135501908,0.47369522386,0.48466093821,0.28044257954,0.34210254452,0.10099242063,0.0033633104857,0.21300374992,0.15465040075,0.28379411918,0.084939466535
128.0,0.099793516853,0.39701304843,0.39701304843,0.35018103355,0.32118105955,0.42642089786,0.41201369542,0.48359540783,0.37253958414,0.34454011574,0.15449342956,0.48359725282,0.45644989,0.34768558969,0.062909440026,0.33464789375,0.49269760959,0.38068061739,0.2506645075,0.47357913101,0.48458599039,0.27979326596,0.3415789061,0.10035171527,0.0032973061597,0.21227926563,0.1539294383,0.28315018708,0.084342856978
128.5,0.099158555754,0.396640263,0.396640263,0.34967929906,0.32061175858,0.42614036606,0.41168690986,0.48351672944,0.37209650843,0.34402443818,0.15377576657,0.48351858124,0.45627183374,0.34717762206,0.062395590248,0.33410863326,0.49265361657,0.38026021259,0.24997589118,0.47346306661,0.48451105416,0.27914545399,0.3410560684,0.099715070159,0.0032325971146,0.21155724201,0.1532118344,0.28250771331,0.083750434452
129.0,0.098527631759,0.39626782755,0.39626782755,0.34917828285,0.3200434663,0.42586001875,0.41136038328,0.48343806386,0.37165395929,0.34350953166,0.15306143664,0.48343992247,0.45609384687,0.34667039576,0.061885935688,0.33357024054,0.49260962748,0.37984027158,0.24928916493,0.47334703064,0.48443612951,0.27849914018,0.3405340302,0.099082459641,0.003169157933,0.21083767074,0.15249757345,0.28186669457,0.083162169623
129.5,0.097900719237,0.39589574175,0.39589574175,0.34867798391,0.31947618091,0.4255798558,0.41103411546,0.48335941107,0.37121193609,0.34299539503,0.1523504243,0.48336127648,0.45591592937,0.3461639097,0.061380442129,0.33303271419,0.49256564232,0.37942079387,0.24860432357,0.4732310231,0.48436121645,0.27785432107,0.34001279027,0.098453858197,0.0031069636966,0.2101205435,0.15178663988,0.28122712757,0.082578033359
130.0,0.097277792722,0.39552400529,0.39552400529,0.34817840119,0.31890990064,0.42529987709,0.4107081062,0.48328077107,0.3707704382,0.34248202714,0.15164271414,0.48328264329,0.45573808121,0.34565816281,0.060879075628,0.33249605283,0.49252166108,0.37900177893,0.24792136193,0.47311504399,0.48428631497,0.27721099321,0.3394923474,0.097829240474,0.0030459899756,0.20940585202,0.15107901823,0.28058900905,0.081997996732
130.5,0.096658826905,0.39515261782,0.39515261782,0.34767953368,0.31834462371,0.4250200825,0.41038235529,0.48320214387,0.37032946501,0.34196942684,0.15093829083,0.48320402289,0.45556030236,0.345153154,0.060381802522,0.33196025507,0.49247768377,0.37858322626,0.24724027486,0.47299909329,0.48421142507,0.27656915316,0.33897270038,0.097208581281,0.0029862128199,0.20869358805,0.15037469308,0.27995233573,0.081422031018
131.0,0.096043796642,0.39478157903,0.39478157903,0.34718138035,0.31778034834,0.4247404719,0.41005686253,0.48312352945,0.36988901589,0.34145759299,0.15023713912,0.48312541527,0.4553825928,0.3446488822,0.05988858942,0.33142531953,0.49243371038,0.37816513536,0.24656105723,0.472883171,0.48413654674,0.27592879748,0.33845384798,0.096591855584,0.002927608749,0.20798374337,0.14967364909,0.27931710436,0.080850107692
131.5,0.095432676944,0.39441088858,0.39441088858,0.34668394019,0.31721707275,0.42446104518,0.40973162772,0.48304492783,0.36944909022,0.34094652444,0.14953924381,0.48304682043,0.4552049525,0.34414534634,0.059399403204,0.33089124482,0.49238974092,0.3777475057,0.24588370392,0.47276727712,0.48406168,0.27528992275,0.33793578899,0.095979038505,0.0028701547434,0.20727630978,0.14897587102,0.27868331167,0.080282198428
132.0,0.094825442983,0.39404054615,0.39404054615,0.34618721218,0.31665479518,0.42418180222,0.40940665065,0.48296633899,0.36900968737,0.34043622006,0.14884458979,0.48296823838,0.45502738143,0.34364254535,0.058914211026,0.33035802955,0.49234577539,0.3773303368,0.24520820981,0.47265141163,0.48398682483,0.27465252556,0.33741852221,0.095370105325,0.002813828235,0.20657127911,0.14828134366,0.27805095444,0.079718275099
132.5,0.094222070087,0.3936705514,0.3936705514,0.34569119529,0.31609351386,0.42390274289,0.40908193112,0.48288776293,0.36857080673,0.33992667869,0.14815316201,0.48288966911,0.45484987956,0.34314047815,0.058432980304,0.32982567236,0.49230181378,0.37691362813,0.24453456981,0.47253557453,0.48391198123,0.27401660249,0.33690204643,0.09476503148,0.0027586070986,0.20586864323,0.14759005188,0.2774200294,0.079158309773
133.0,0.093622533739,0.39330090403,0.39330090403,0.34519588852,0.31553322702,0.42362386707,0.40875746893,0.48280919966,0.36813244768,0.33941789921,0.1474649455,0.48281111262,0.45467244687,0.34263914369,0.057955678722,0.32929417186,0.4922578561,0.37649737919,0.24386277884,0.47241976582,0.48383714921,0.27338215014,0.33638636043,0.094163792561,0.0027044696433,0.20516839403,0.14690198065,0.27679053334,0.078602274716
133.5,0.09302680958,0.39293160369,0.39293160369,0.34470129084,0.31497393291,0.42334517464,0.40843326386,0.48273064916,0.3676946096,0.33890988047,0.14677992533,0.4827325689,0.45449508334,0.34213854088,0.057482274228,0.32876352667,0.49221390234,0.37608158947,0.24319283184,0.47230398548,0.48376232875,0.27274916512,0.33587146301,0.093566364312,0.0026513946035,0.20447052342,0.14621711497,0.27616246303,0.078050142383
134.0,0.092434873404,0.39256265007,0.39256265007,0.34420740124,0.31441562977,0.42306666549,0.40810931572,0.48265211144,0.36725729187,0.33840262135,0.14609808668,0.48265403796,0.45431778893,0.34163866867,0.05701273503,0.32823373543,0.4921699525,0.37566625848,0.24252472376,0.4721882335,0.48368751986,0.27211764404,0.33535735298,0.09297272263,0.0025993611311,0.20377502333,0.14553543994,0.27553581526,0.077501885426
134.5,0.091846701157,0.39219404283,0.39219404283,0.34371421871,0.31385831585,0.42278833949,0.40778562431,0.4825735865,0.36682049387,0.3378961207,0.14541941477,0.48257551979,0.45414056362,0.34113952599,0.056547029595,0.32770479677,0.49212600659,0.37525138569,0.24185844954,0.47207250989,0.48361272254,0.27148758353,0.33484402912,0.092382843565,0.002548348787,0.20308188575,0.1448569407,0.2749105868,0.076957476686
135.0,0.091262268939,0.39182578165,0.39182578165,0.34322174224,0.31330198938,0.42251019652,0.40746218942,0.48249507433,0.36638421499,0.3373903774,0.1447438949,0.48249701439,0.45396340737,0.34064111179,0.056085126648,0.32717670931,0.4920820646,0.37483697062,0.24119400418,0.47195681464,0.48353793679,0.27085898022,0.33433149023,0.091796703316,0.002498337533,0.20239110267,0.14418160249,0.27428677446,0.076416889193
135.5,0.090681553001,0.39145786622,0.39145786622,0.34272997083,0.31274664863,0.42223223647,0.40713901084,0.48241657493,0.36594845461,0.33688539031,0.14407151244,0.48241852175,0.45378632017,0.34014342499,0.055626995166,0.32664947169,0.49203812654,0.37442301275,0.24053138265,0.47184114773,0.48346316259,0.27023183073,0.33381973513,0.091214278233,0.0024493077243,0.20170266611,0.1435094106,0.27366437505,0.075880096166
136.0,0.090104529743,0.39109029619,0.39109029619,0.34223890345,0.31219229185,0.4219544592,0.40681608838,0.4823380883,0.36551321211,0.33638115831,0.14340225283,0.48234004189,0.45360930199,0.33964646454,0.055172604381,0.32612308255,0.49199419239,0.37400951159,0.23987057996,0.47172550916,0.48338839996,0.26960613173,0.3333087626,0.090635544815,0.0024012401015,0.20101656812,0.14284035039,0.27304338537,0.075347071014
136.5,0.089531175717,0.39072307126,0.39072307126,0.34174853912,0.3116389173,0.42167686461,0.40649342183,0.48225961444,0.36507848688,0.33587768027,0.14273610155,0.48226157478,0.4534323528,0.33915022938,0.054721923776,0.32559754052,0.49195026217,0.37359646662,0.23921159113,0.47160989892,0.48331364888,0.26898187985,0.33279857147,0.090060479708,0.0023541157829,0.20033280079,0.14217440728,0.27242380225,0.074817787326
137.0,0.088961467621,0.39035619109,0.39035619109,0.34125887681,0.31108652323,0.42139945256,0.406171011,0.48218115334,0.36464427831,0.33537495507,0.14207304419,0.48218312044,0.45325547257,0.33865471846,0.05427492308,0.32507284425,0.49190633587,0.37318387736,0.23855441118,0.47149431701,0.48323890937,0.26835907176,0.33228916053,0.089489059708,0.0023079162576,0.19965135621,0.14151156679,0.2718056225,0.074292218881
137.5,0.088395382302,0.38998965536,0.38998965536,0.34076991553,0.31053510792,0.42112222295,0.40584885567,0.48210270501,0.36421058578,0.33487298157,0.14141306637,0.48210467886,0.45307866128,0.33815993072,0.053831572272,0.32454899238,0.4918624135,0.37277174328,0.23789903516,0.47137876342,0.48316418141,0.26773770413,0.3317805286,0.088921261754,0.0022626233777,0.19897222651,0.14085181447,0.27118884297,0.073770339638
138.0,0.087832896754,0.38962346375,0.38962346375,0.34028165428,0.30998466962,0.42084517565,0.40552695564,0.48202426944,0.36377740868,0.33437175867,0.14075615381,0.48202625003,0.4529019189,0.3376658651,0.053391841572,0.32402598355,0.49181849504,0.3723600639,0.23724545812,0.47126323814,0.483089465,0.26711777364,0.33127267448,0.088357062932,0.0022182193515,0.19829540386,0.14019513595,0.27057346049,0.07325212374
138.5,0.087273988115,0.38925761594,0.38925761594,0.33979409206,0.30943520662,0.42056831054,0.40520531072,0.48194584662,0.36334474641,0.33387128523,0.14010229226,0.48194783396,0.4527252454,0.33717252057,0.052955701445,0.3235038164,0.4917745805,0.37194883872,0.23659367514,0.47114774117,0.48301476014,0.26649927697,0.33076559699,0.087796440471,0.0021746867364,0.19762088043,0.13954151694,0.26995947191,0.072737545509
139.0,0.086718633669,0.3888921116,0.3888921116,0.33930722786,0.30888671717,0.42029162751,0.4048839207,0.48186743656,0.36291259834,0.33337156015,0.13945146757,0.48186943065,0.45254864075,0.33667989605,0.052523122595,0.3229824896,0.49173066989,0.37153806723,0.2359436813,0.4710322725,0.48294006684,0.2658822108,0.33025929494,0.087239371745,0.002132008432,0.19694864844,0.13889094319,0.26934687408,0.072226579447
139.5,0.086166810844,0.38852695041,0.38852695041,0.33882106069,0.30833919957,0.42001512642,0.40456278539,0.48178903926,0.36248096386,0.33287258229,0.13880366563,0.48179104008,0.45237210494,0.33618799052,0.052094075967,0.32246200179,0.49168676319,0.37112774893,0.23529547169,0.47091683212,0.48286538508,0.26526657184,0.32975376716,0.086685834271,0.0020901676735,0.19627870012,0.13824340054,0.26873566387,0.071719200235
140.0,0.08561849721,0.38816213204,0.38816213204,0.33833558955,0.30779265209,0.41973880717,0.40424190457,0.48171065471,0.36204984238,0.33237435056,0.13815887242,0.48171266227,0.45219563793,0.33569680291,0.05166853274,0.32194235162,0.49164286042,0.37071788332,0.23464904143,0.47080142003,0.48279071487,0.2646523568,0.32924901245,0.086135805706,0.0020491480251,0.19561102774,0.13759887488,0.26812583814,0.07121538273
140.5,0.085073670482,0.38779765619,0.38779765619,0.33785081346,0.30724707301,0.41946266963,0.40392127804,0.48163228291,0.36161923328,0.33187686384,0.13751707395,0.4816342972,0.45201923969,0.33520633219,0.051246464328,0.32142353774,0.49159896156,0.37030846992,0.23400438564,0.47068603621,0.4827160562,0.26403956239,0.32874502963,0.085589263849,0.0020089333734,0.19494562358,0.13695735218,0.26751739376,0.070715101965
141.0,0.084532308511,0.38743352251,0.38743352251,0.3373667314,0.30670246061,0.41918671369,0.40360090562,0.48155392386,0.36118913594,0.331380121,0.13687825633,0.48155594487,0.45184291021,0.33471657731,0.050827842381,0.32090555883,0.49155506662,0.36989950821,0.23336149946,0.47057068066,0.48264140908,0.26342818532,0.32824181754,0.085046186638,0.0019695079212,0.19428247996,0.13631881847,0.26691032763,0.070218333147
141.5,0.083994389293,0.38706973071,0.38706973071,0.3368833424,0.30615881319,0.41891093921,0.40328078708,0.48147557755,0.36075954978,0.33088412096,0.13624240572,0.48147760529,0.45166664944,0.33422753723,0.050412638777,0.32038841353,0.4915111756,0.3694909977,0.23272037803,0.47045535338,0.4825667735,0.26281822234,0.32773937499,0.084506552151,0.0019308561813,0.19362158921,0.13568325983,0.26630463663,0.069725051658
142.0,0.083459890961,0.38670628044,0.38670628044,0.33640064546,0.30561612904,0.4186353461,0.40296092225,0.48139724399,0.36033047417,0.33038886258,0.13560950835,0.48139927845,0.45149045737,0.3337392109,0.050000825623,0.31987210051,0.4914672885,0.3690829379,0.23208101652,0.47034005435,0.48249214945,0.26220967016,0.32723770081,0.083970338604,0.0018929629705,0.19296294371,0.13505066242,0.26570031765,0.069235233051
142.5,0.082928791788,0.3863431714,0.3863431714,0.33591863959,0.30507440644,0.41835993422,0.4026413109,0.48131892317,0.35990190851,0.32989434478,0.13497955049,0.48132096435,0.45131433397,0.33325159729,0.049592375255,0.31935661843,0.49142340532,0.3686753283,0.23144341012,0.47022478358,0.48241753695,0.26160252555,0.32673679383,0.08343752435,0.0018558134035,0.19230653585,0.13442101247,0.26509736761,0.068748853049
143.0,0.082401070183,0.38598040326,0.38598040326,0.3354373238,0.30453364371,0.41808470346,0.40232195285,0.48124061509,0.3594738522,0.32940056643,0.13435251851,0.48124266298,0.45113827921,0.33276469537,0.049187260233,0.31884196596,0.49137952606,0.36826816842,0.230807554,0.47010954105,0.48234293598,0.26099678525,0.32623665287,0.082908087878,0.0018193928868,0.19165235804,0.13379429626,0.2644957834,0.068265887546
143.5,0.081876704693,0.3856179757,0.3856179757,0.33495669712,0.30399383914,0.41780965369,0.40200284789,0.48116231975,0.35904630463,0.32890752645,0.13372839881,0.48116437435,0.45096229307,0.33227850408,0.048785453342,0.31832814177,0.49133565071,0.36786145775,0.23017344337,0.46999432675,0.48226834654,0.26039244602,0.32573727676,0.082382007815,0.0017836871137,0.19100040273,0.13317050013,0.26389556195,0.067786312604
144.0,0.081355674,0.3852558884,0.3852558884,0.33447675854,0.30345499103,0.4175347848,0.40168399582,0.48108403715,0.3586192652,0.32841522372,0.13310717789,0.48108609846,0.45078637551,0.3317930224,0.048386927586,0.31781514453,0.49129177928,0.36745519581,0.22954107345,0.46987914069,0.48219376864,0.25978950462,0.32523866435,0.081859262919,0.0017486820579,0.19035066239,0.13254961049,0.26329670017,0.067310104453
144.5,0.080837956922,0.38489414105,0.38489414105,0.3339975071,0.30291709768,0.41726009668,0.40136539645,0.48100576728,0.3581927333,0.32792365715,0.13248884227,0.48100783529,0.45061052652,0.3313082493,0.047991656193,0.3173029729,0.49124791176,0.36704938209,0.22891043946,0.46976398285,0.48211920227,0.25918795784,0.32474081445,0.081339832085,0.0017143639685,0.1897031295,0.13193161384,0.26269919501,0.066837239489
145.0,0.080323532412,0.38453273332,0.38453273332,0.3335189418,0.30238015742,0.41698558919,0.40104704957,0.48092751014,0.35776670834,0.32743282564,0.13187337856,0.48092958485,0.45043474606,0.33082418373,0.047599612606,0.31679162557,0.49120404817,0.36664401611,0.22828153666,0.46964885322,0.48204464742,0.25858780244,0.32424372592,0.08082369434,0.0016807193644,0.18905779659,0.13131649669,0.2621030434,0.066367694271
145.5,0.079812379554,0.3841716649,0.3841716649,0.33304106167,0.30184416855,0.41671126223,0.40072895498,0.48084926573,0.35734118971,0.32694272809,0.13126077343,0.48085134714,0.45025903411,0.33034082468,0.047210770485,0.31628110122,0.49116018848,0.36623909737,0.22765436029,0.4695337518,0.48197010411,0.25798903523,0.32374739758,0.080310828843,0.0016477350291,0.18841465621,0.13070424565,0.26150824228,0.065901445526
146.0,0.079304477566,0.38381093546,0.38381093546,0.33256386573,0.30130912939,0.41643711567,0.40041111248,0.48077103404,0.35691617681,0.32645336341,0.13065101361,0.48077312215,0.45008339065,0.32985817112,0.046825103705,0.31577139851,0.49111633272,0.36583462538,0.22702890562,0.46941867859,0.48189557232,0.25739165299,0.32325182827,0.079801214885,0.0016153980052,0.18777370092,0.13009484739,0.2609147886,0.065438470139
146.5,0.078799805797,0.38345054469,0.38345054469,0.33208735299,0.30077503825,0.4161631494,0.40009352188,0.48069281509,0.35649166904,0.3259647305,0.13004408588,0.48069490988,0.44990781563,0.329376222,0.046442586355,0.31526251614,0.49107248087,0.36543059965,0.22640516794,0.46930363357,0.48182105205,0.25679565252,0.32275701685,0.079294831888,0.0015836955899,0.18713492332,0.12948828862,0.26032267933,0.064978745161
147.0,0.078298343728,0.38309049227,0.38309049227,0.33161152249,0.30024189347,0.4158893633,0.39977618297,0.48061460886,0.35606766581,0.32547682827,0.1294399771,0.48061671034,0.44973230905,0.32889497632,0.046063192733,0.31475445278,0.49102863293,0.36502701968,0.22578314253,0.46918861673,0.4817465433,0.25620103065,0.32226296214,0.078791659401,0.0015526153294,0.18649831603,0.12888455614,0.25973191142,0.064522247801
147.5,0.077800070969,0.38273077789,0.38273077789,0.33113637325,0.29970969335,0.41561575724,0.39945909555,0.48053641534,0.3556441665,0.32498965562,0.12883867417,0.48053852351,0.44955687087,0.32841443304,0.045686897347,0.31424720712,0.49098478891,0.36462388499,0.22516282471,0.46907362808,0.48167204607,0.25560778419,0.321769663,0.078291677107,0.0015221450144,0.18586387169,0.12828363678,0.25914248186,0.064068955427
148.0,0.07730496726,0.38237140122,0.38237140122,0.33066190428,0.29917843623,0.41534233111,0.39914225943,0.48045823455,0.35522117053,0.32450321148,0.12824016407,0.4804603494,0.44938150107,0.32793459115,0.045313674914,0.31374077785,0.4909409488,0.36422119508,0.2245442098,0.46895866761,0.48159756037,0.25501590996,0.32127711827,0.077794864812,0.0014922726753,0.18523158297,0.12768551747,0.25855438761,0.063618845568
148.5,0.076813012469,0.38201236195,0.38201236195,0.33018811463,0.29864812044,0.4150690848,0.39882567441,0.48038006648,0.35479867729,0.32401749475,0.12764443384,0.480382188,0.44920619961,0.32745544961,0.044943500357,0.31323516366,0.49089711261,0.36381894947,0.22392729312,0.4688437353,0.48152308617,0.25442540479,0.3207853268,0.077301202452,0.001462986577,0.18460144257,0.12709018516,0.25796762567,0.063171895906
149.0,0.076324186591,0.38165365977,0.38165365977,0.32971500332,0.29811874432,0.41479601818,0.39850934029,0.48030191112,0.3543766862,0.32353250435,0.12705147056,0.48030403932,0.44903096647,0.32697700741,0.044576348801,0.31273036323,0.49085328033,0.36341714766,0.22331207002,0.46872883115,0.4814486235,0.25383626553,0.32029428744,0.07681067009,0.0014342752152,0.1839734432,0.12649762688,0.25738219302,0.062728084283
149.5,0.07583846975,0.38129529434,0.38129529434,0.32924256938,0.29759030619,0.41452313113,0.39819325686,0.48022376847,0.35395519665,0.3230482392,0.12646126139,0.48022590334,0.44885580164,0.32649926354,0.044212195577,0.31222637527,0.49080945196,0.36301578918,0.22269853587,0.46861395515,0.48137417233,0.25324848902,0.31980399904,0.076323247914,0.0014061273108,0.18334757762,0.12590782974,0.25679808666,0.062287388694
150.0,0.075355842192,0.38093726537,0.38093726537,0.32877081184,0.29706280441,0.41425042354,0.39787742394,0.48014563854,0.35353420805,0.3225646982,0.12587379353,0.48014778007,0.44868070507,0.32602221697,0.043851016214,0.31172319847,0.4907656275,0.36261487352,0.22208668603,0.4684991073,0.48129973268,0.25266207212,0.31931446046,0.075838916236,0.0013785318065,0.18272383857,0.12532078087,0.25621530361,0.061849787288
150.5,0.074876284292,0.38057957254,0.38057957254,0.32829972974,0.2965362373,0.4139778953,0.39756184132,0.48006752131,0.3531137198,0.32208188028,0.12528905427,0.48006966951,0.44850567674,0.32554586668,0.043492786443,0.31122083152,0.49072180696,0.3622144002,0.22147651588,0.46838428759,0.48122530453,0.25207701169,0.31882567055,0.075357655493,0.0013514778618,0.18210221887,0.12473646749,0.25563384087,0.061415258368
151.0,0.074399776548,0.38022221552,0.38022221552,0.3278293221,0.29601060322,0.41370554627,0.39724650881,0.47998941679,0.35269373131,0.32159978437,0.12470703093,0.47999157165,0.44833071663,0.32507021168,0.04313748219,0.31071927313,0.49067799033,0.36181436873,0.22086802083,0.46826949602,0.48115088789,0.2514933046,0.31833762817,0.074879446247,0.0013249548488,0.18148271132,0.12415487686,0.25505369546,0.060983780388
151.5,0.073926299581,0.379865194,0.379865194,0.32735958797,0.29548590052,0.41343337635,0.3969314262,0.47991132498,0.352274242,0.32111840938,0.12412771091,0.47991348649,0.44815582471,0.32459525093,0.042785079581,0.310218522,0.49063417761,0.36141477864,0.22026119627,0.46815473257,0.48107648276,0.25091094772,0.31785033217,0.07440426918,0.0012989523484,0.18086530876,0.12357599631,0.2544748644,0.060555331951
152.0,0.073455834135,0.37950850768,0.37950850768,0.32689052638,0.29496212754,0.41316138542,0.3966165933,0.47983324587,0.35185525125,0.32063775423,0.12355108164,0.47983541404,0.44798100095,0.32412098343,0.042435554934,0.30971857683,0.49059036881,0.36101562942,0.21965603764,0.46803999724,0.48100208913,0.25032993794,0.31736378142,0.073932105098,0.0012734601457,0.18025000407,0.12299981323,0.25389734474,0.060129891814
152.5,0.072988361079,0.37915215622,0.37915215622,0.32642213638,0.29443928263,0.41288957335,0.39630200992,0.47975517946,0.35143675849,0.32015781786,0.12297713064,0.47975735428,0.44780624533,0.32364740818,0.042088884759,0.30921943633,0.49054656391,0.3606169206,0.21905254036,0.46792529002,0.480927707,0.24975027214,0.31687797479,0.073462934926,0.0012484682265,0.17963679012,0.12242631507,0.25332113351,0.059707438877
153.0,0.072523861398,0.37879613933,0.37879613933,0.32595441699,0.29391736417,0.41261794004,0.39598767585,0.47967712574,0.35101876313,0.31967859919,0.12240584547,0.47967930721,0.44763155781,0.32317452416,0.04174504576,0.3087210992,0.49050276292,0.36021865169,0.21845069988,0.46781061091,0.48085333638,0.24917194723,0.31639291112,0.072996739712,0.0012239667729,0.17902565984,0.12185548932,0.25274622775,0.059287952193
153.5,0.072062316202,0.37844045668,0.37844045668,0.32548736727,0.2933963705,0.41234648536,0.3956735909,0.47959908473,0.35060126456,0.31920009715,0.12183721376,0.47960127284,0.44745693838,0.32270233036,0.041404014831,0.30822356416,0.49045896585,0.35982082221,0.21785051166,0.46769595989,0.48077897725,0.24859496011,0.3159085893,0.072533500621,0.0011999461599,0.17841660615,0.12128732355,0.25217262452,0.058871410958
154.0,0.071603706718,0.37808510797,0.37808510797,0.32502098625,0.29287629998,0.41207520919,0.39535975486,0.47952105641,0.35018426221,0.31872231067,0.12127122318,0.47952325116,0.44728238701,0.32223082578,0.041065769051,0.30772682993,0.49041517268,0.35942343167,0.21725197118,0.46758133697,0.48070462962,0.24801930769,0.31542500819,0.072073198938,0.001176396951,0.17780962203,0.12072180538,0.25160032087,0.058457794516
154.5,0.071148014294,0.37773009287,0.37773009287,0.32455527298,0.29235715099,0.41180411143,0.39504616755,0.47944304078,0.34976775548,0.31824523867,0.12070786146,0.47944524217,0.44710790367,0.32176000942,0.04073028569,0.3072308952,0.49037138343,0.35902647959,0.2166550739,0.46746674213,0.48063029348,0.24744498689,0.31494216665,0.071615816068,0.0011533098954,0.17720470045,0.12015892249,0.25102931388,0.058047082352
155.0,0.070695220395,0.37737541108,0.37737541108,0.3240902265,0.2918389219,0.41153319195,0.39473282877,0.47936503784,0.34935174378,0.31776888011,0.12014711641,0.47936724586,0.44693348833,0.32128988027,0.0403975422,0.30673575871,0.49032759808,0.35862996549,0.21605981534,0.46735217537,0.48055596884,0.24687199464,0.31446006356,0.071161333529,0.0011306759233,0.17660183442,0.1195986626,0.2504596006,0.057639254098
155.5,0.070245306604,0.37702106228,0.37702106228,0.32362584587,0.29132161106,0.41126245063,0.39441973832,0.47928704759,0.34893622654,0.3172932339,0.11958897587,0.47928926224,0.44675914097,0.32082043734,0.040067516219,0.30624141916,0.49028381664,0.35823388888,0.21546619099,0.46723763668,0.48048165569,0.24630032786,0.31397869779,0.07070973296,0.0011084861433,0.17600101698,0.11904101352,0.24989117813,0.057234289528
156.0,0.06979825462,0.37666704616,0.37666704616,0.32316213012,0.29080521686,0.41099188736,0.394106896,0.47920907003,0.34852120315,0.31681829899,0.11903342775,0.47921129131,0.44658486156,0.32035167961,0.039740185566,0.30574787528,0.49024003911,0.35783824929,0.21487419638,0.46712312606,0.48040735402,0.24572998351,0.31349806821,0.070260996113,0.0010867318382,0.17540224117,0.11848596308,0.24932404355,0.056832168556
156.5,0.06935404626,0.37631336241,0.37631336241,0.32269907832,0.29028973768,0.41072150202,0.39379430162,0.47913110515,0.34810667304,0.31634407432,0.11848046002,0.47913333305,0.44641065008,0.31988360611,0.039415528241,0.3052551258,0.49019626549,0.35744304622,0.21428382704,0.46700864349,0.48033306385,0.24516095852,0.31301817371,0.069815104856,0.001065404462,0.17480550008,0.11793349919,0.24875819395,0.056432871237
157.0,0.068912663454,0.37596001071,0.37596001071,0.3222366895,0.28977517189,0.4104512945,0.39348195498,0.47905315296,0.34769263562,0.31587055881,0.11793006068,0.47905538748,0.44623650649,0.31941621582,0.039093522425,0.30476316943,0.49015249578,0.35704827921,0.21369507852,0.46689418897,0.48025878516,0.24459324986,0.31253901315,0.069372041173,0.0010444956365,0.17421078681,0.11738360982,0.24819362642,0.056036377767
157.5,0.068474088249,0.37560699076,0.37560699076,0.32177496272,0.28926151787,0.41018126467,0.39316985588,0.47897521344,0.3472790903,0.31539775143,0.11738221782,0.47897745458,0.44606243078,0.31894950775,0.038774146474,0.30427200491,0.49010872997,0.35665394777,0.21310794637,0.4667797625,0.48018451796,0.24402685448,0.31206058543,0.068931787159,0.0010239971476,0.17361809449,0.11683628297,0.24763033808,0.055642668478
158.0,0.068038302802,0.37525430224,0.37525430224,0.32131389704,0.28874877402,0.40991141242,0.39285800413,0.4788972866,0.34686603651,0.31492565111,0.11683691956,0.47889953435,0.44588842291,0.31848348092,0.038457378924,0.30378163095,0.49006496807,0.35626005141,0.21252242616,0.46666536406,0.48011026224,0.24346176934,0.31158288941,0.068494325025,0.0010039009428,0.17302741626,0.11629150673,0.24706832603,0.055251723843
158.5,0.067605289388,0.37490194485,0.37490194485,0.32085349151,0.28823693872,0.40964173764,0.39254639954,0.47881937244,0.34645347365,0.31445425678,0.11629415409,0.4788216268,0.44571448286,0.31801813432,0.038143198481,0.3032920463,0.49002121008,0.35586658967,0.21193851347,0.46655099366,0.48003601799,0.24289799143,0.31110592398,0.06805963709,0.00098419912722,0.17243874529,0.11574926921,0.24650758739,0.054863524469
159.0,0.06717503039,0.37454991826,0.37454991826,0.32039374519,0.28772601036,0.4093722402,0.3922350419,0.47874147095,0.34604140114,0.31398356741,0.11575390965,0.47874373192,0.4455406106,0.31755346697,0.037831584031,0.30280324969,0.489977456,0.35547356207,0.2113562039,0.46643665127,0.47996178523,0.24233551773,0.31062968803,0.067627705791,0.00096488396118,0.17185207478,0.1152095586,0.24594811929,0.0544780511
159.5,0.066747508306,0.37419822217,0.37419822217,0.31993465713,0.28721598734,0.40910291999,0.39192393103,0.47866358214,0.34562981841,0.31351358194,0.11521617453,0.4786658497,0.44536680611,0.31708947787,0.037522514626,0.30231523984,0.48993370582,0.35508096811,0.21077549304,0.46632233691,0.47988756395,0.24177434523,0.31015418045,0.067198513669,0.00094594785679,0.17126739795,0.11467236314,0.24538991886,0.054095284613
160.0,0.066322705743,0.37384685628,0.37384685628,0.3194762264,0.28670686805,0.4088337769,0.39161306672,0.47858570599,0.34521872487,0.31304429931,0.11468093708,0.47858798016,0.44519306936,0.31662616604,0.037215969492,0.3018280155,0.48988995954,0.35468880734,0.21019637653,0.46620805055,0.47981335414,0.24121447092,0.30967940012,0.06677204338,0.00092738337507,0.17068470804,0.11413767112,0.24483298322,0.053715206022
160.5,0.06590060542,0.37349582026,0.37349582026,0.31901845204,0.28619865089,0.40856481081,0.39130244878,0.47850784251,0.34480811994,0.31257571848,0.11414818571,0.47851012328,0.44501940032,0.3161635305,0.036911928026,0.30134157541,0.48984621718,0.35429707926,0.20961884998,0.46609379219,0.4797391558,0.2406558918,0.30920534592,0.066348277687,0.00090918322303,0.17010399831,0.11360547088,0.24427730954,0.053337796471
161.0,0.065481190164,0.37314511382,0.37314511382,0.31856133313,0.28569133427,0.40829602159,0.39099207702,0.4784299917,0.34439800304,0.3121078384,0.11361790886,0.47843227906,0.44484579897,0.31570157025,0.036610369788,0.3008559183,0.48980247871,0.35390578341,0.20904290905,0.46597956183,0.47966496894,0.24009860489,0.30873201676,0.065927199464,0.0008913402508,0.16952526204,0.11307575083,0.24372289495,0.052963037237
161.5,0.065064442911,0.37279473663,0.37279473663,0.31810486873,0.28518491659,0.40802740914,0.39068195125,0.47835215355,0.3439883736,0.31164065803,0.11309009505,0.4783544475,0.44467226528,0.31524028431,0.03631127451,0.30037104292,0.48975874416,0.3535149193,0.20846854937,0.46586535946,0.47959079354,0.2395426072,0.30825941153,0.065508791692,0.0008738474488,0.16894849255,0.11254849942,0.24316973661,0.052590909729
162.0,0.064650346706,0.3724446884,0.3724446884,0.31764905791,0.28467939626,0.40775897334,0.39037207126,0.47827432806,0.34357923102,0.31117417632,0.11256473284,0.4782766286,0.44449879923,0.3147796717,0.036014622086,0.29988694802,0.4897150135,0.35312448647,0.20789576662,0.46575118507,0.47951662962,0.23898789576,0.30778752912,0.065093037458,0.00085669794502,0.16837368316,0.11202370515,0.24261783169,0.052221395484
162.5,0.064238884702,0.37209496881,0.37209496881,0.31719389972,0.28417477169,0.40749071408,0.39006243686,0.47819651523,0.34317057474,0.31070839222,0.11204181085,0.47819882235,0.44432540078,0.31431973145,0.035720392574,0.29940363234,0.48967128675,0.35273448443,0.20732455648,0.46563703865,0.47944247716,0.23843446759,0.30731636842,0.064679919958,0.00083988500232,0.16780082724,0.1115013566,0.24206717736,0.051854476171
163.0,0.063830040157,0.37174557756,0.37174557756,0.31673939323,0.2836710413,0.40722263123,0.38975304787,0.47811871506,0.34276240418,0.3102433047,0.11152131775,0.47812102876,0.44415206992,0.31386046256,0.035428566196,0.29892109463,0.48962756391,0.35234491272,0.20675491463,0.4655229202,0.47936833616,0.23788231973,0.30684592834,0.064269422494,0.00082340201574,0.16722991815,0.11098144237,0.24151777078,0.051490133585
163.5,0.063423796438,0.37139651433,0.37139651433,0.31628553752,0.28316820349,0.40695472468,0.38944390407,0.47804092755,0.34235471876,0.30977891271,0.11100324225,0.47804324782,0.44397880661,0.31340186407,0.035139123335,0.29843933363,0.48958384496,0.35195577086,0.20618683677,0.46540882972,0.47929420663,0.23733144923,0.30637620777,0.063861528471,0.00080724250997,0.1666609493,0.11046395113,0.24096960915,0.05112834965
164.0,0.063020137014,0.37104777883,0.37104777883,0.31583233165,0.2826662567,0.40668699431,0.38913500529,0.47796315269,0.34194751791,0.30931521522,0.11048757314,0.47796547953,0.44380561083,0.312943935,0.034852044534,0.29795834812,0.48954012992,0.35156705837,0.20562031861,0.46529476719,0.47922008856,0.23678185314,0.30590720562,0.063456221402,0.00079140013675,0.1660939141,0.1099488716,0.24042268965,0.050769106415
164.5,0.062619045462,0.37069937073,0.37069937073,0.31537977469,0.28216519933,0.40641944002,0.38882635133,0.47788539048,0.34154080104,0.30885221119,0.10997429924,0.47788772389,0.44363248255,0.31248667436,0.034567310493,0.29747813683,0.48949641879,0.35117877479,0.20505535589,0.4651807326,0.47914598195,0.23623352851,0.30543892079,0.063053484902,0.0007758686724,0.16552880601,0.10943619255,0.23987700947,0.050412386056
165.0,0.062220505461,0.37035128974,0.37035128974,0.31492786572,0.28166502983,0.40615206167,0.38851794198,0.47780764092,0.34113456759,0.30838989959,0.10946340942,0.4778099809,0.44345942175,0.31203008119,0.034284902072,0.29699869852,0.48945271155,0.35079091963,0.20449194433,0.46506672596,0.4790718868,0.23568647241,0.30497135218,0.062653302691,0.00076064201539,0.16496561847,0.10892590282,0.23933256582,0.050058170873
165.5,0.061824500795,0.37000353554,0.37000353554,0.3144766038,0.28116574661,0.40588485917,0.38820977707,0.477729904,0.34072881699,0.30792827938,0.10895489262,0.47773225055,0.4432864284,0.31157415452,0.034004800285,0.29652003196,0.48940900822,0.35040349243,0.20393007968,0.46495274725,0.4789978031,0.23514068191,0.3045044987,0.062255658591,0.00074571418391,0.16440434499,0.10841799126,0.23878935591,0.04970644329
166.0,0.06143101535,0.36965610784,0.36965610784,0.31402598803,0.28066734811,0.40561783239,0.3879018564,0.47765217973,0.34032354865,0.30746734953,0.10844873781,0.47765453284,0.44311350248,0.31111889336,0.033726986302,0.29604213591,0.48936530879,0.35001649272,0.2033697577,0.46483879646,0.47892373086,0.23459615409,0.30403835926,0.061860536525,0.00073107931356,0.16384497907,0.10791244682,0.23824737693,0.049357185855
166.5,0.061040033115,0.36930900632,0.36930900632,0.31357601746,0.28016983276,0.40535098121,0.38759417976,0.47757446811,0.33991876201,0.30700710901,0.10794493403,0.47757682777,0.44294064395,0.31066429677,0.033451441447,0.29556500912,0.48932161326,0.34962992003,0.20281097417,0.4647248736,0.47884967007,0.23405288604,0.30357293277,0.061467920519,0.000716731655,0.16328751424,0.10740925847,0.23770662613,0.049010381238
167.0,0.060651538179,0.36896223067,0.36896223067,0.31312669118,0.279673199,0.40508430553,0.38728674698,0.47749676912,0.3395144565,0.30654755679,0.10744347036,0.47749913534,0.44276785279,0.31021036375,0.033178147193,0.29508865037,0.48927792163,0.34924377388,0.20225372486,0.46461097865,0.47877562072,0.23351087483,0.30310821814,0.061077794701,0.00070266557174,0.16273194405,0.10690841525,0.23716710071,0.048666012228
167.5,0.060265514735,0.3686157806,0.3686157806,0.31267800827,0.27917744526,0.40481780522,0.38697955785,0.47741908278,0.33911063153,0.30608869184,0.10694433594,0.47742145554,0.44259512898,0.30975709336,0.03290708517,0.29461305841,0.4892342339,0.34885805381,0.20169800556,0.46449711161,0.47870158283,0.23297011758,0.30264421429,0.060690143296,0.00068887553789,0.16217826209,0.10640990623,0.23662879792,0.048324061738
168.0,0.059881947072,0.3682696558,0.3682696558,0.3122299678,0.27868256998,0.40455148018,0.38667261218,0.47734140907,0.33870728656,0.30563051313,0.10644751995,0.47734378838,0.44242247249,0.30930448462,0.032638237151,0.29413823203,0.48919055007,0.34847275935,0.20114381209,0.46438327247,0.47862755639,0.23243061138,0.30218092012,0.060304950632,0.000675356136,0.16162646194,0.10591372054,0.23609171499,0.047984512799
168.5,0.059500819582,0.36792385596,0.36792385596,0.31178256886,0.27818857162,0.40428533028,0.38636590979,0.477263748,0.33830442099,0.30517301965,0.10595301161,0.47726613385,0.4422498833,0.30885253657,0.032371585064,0.29366416998,0.48914687014,0.34808789003,0.20059114026,0.46426946122,0.47855354139,0.23189235335,0.30171833456,0.059922201135,0.00066210205493,0.16107653722,0.10541984738,0.23555584916,0.04764734856
169.0,0.059122116756,0.36757838077,0.36757838077,0.31133581054,0.27769544862,0.40401935541,0.38605945048,0.47718609955,0.33790203427,0.30471621037,0.10546080023,0.47718849195,0.44207736137,0.30840124825,0.032107110979,0.29319087104,0.48910319411,0.34770344537,0.20003998589,0.46415567785,0.47847953783,0.23135534061,0.30125645651,0.059541879327,0.0006491080878,0.16052848158,0.10492827597,0.23502119769,0.047312552289
169.5,0.058745823181,0.36723322993,0.36723322993,0.31088969191,0.27720319942,0.40375355546,0.38575323405,0.47710846374,0.33750012583,0.30426008427,0.10497087513,0.47711086268,0.44190490668,0.3079506187,0.031844797117,0.29271833399,0.48905952198,0.34731942492,0.19949034483,0.46404192237,0.47840554572,0.23081957028,0.30079528492,0.059163969831,0.00063636912986,0.15998228867,0.1044389956,0.23448775784,0.046980107372
170.0,0.058371923543,0.36688840314,0.36688840314,0.31044421206,0.27671182249,0.4034879303,0.38544726032,0.47703084056,0.3370986951,0.30380464033,0.10448322569,0.47703324603,0.4417325192,0.30750064695,0.031584625841,0.2922465576,0.48901585375,0.3469358282,0.19894221293,0.46392819475,0.47833156504,0.23028503949,0.30033481868,0.058788457366,0.00062388017659,0.15943795218,0.10395199559,0.23395552686,0.046649997309
170.5,0.058000402627,0.3665439001,0.3665439001,0.30999937007,0.27622131627,0.40322247983,0.38514152908,0.47695323001,0.3366977415,0.30334987752,0.10399784134,0.476955642,0.44156019892,0.30705133205,0.031326579657,0.29177554065,0.48897218942,0.34655265475,0.19839558604,0.46381449501,0.47825759581,0.22975174537,0.29987505673,0.058415326747,0.00061163632164,0.15889546581,0.10346726534,0.23342450202,0.046322205718
171.0,0.057631245312,0.36619972049,0.36619972049,0.30955516505,0.27573167923,0.40295720394,0.38483604016,0.47687563208,0.33629726449,0.30289579484,0.10351471158,0.4768780506,0.44138794579,0.30660267304,0.031070641217,0.29130528192,0.48892852898,0.3461699041,0.19785046005,0.46370082312,0.47818363801,0.22921968508,0.29941599799,0.058044562886,0.00059963275497,0.15835482329,0.10298479427,0.23289468061,0.04599671633
171.5,0.057264436574,0.36585586401,0.36585586401,0.30911159606,0.27524290983,0.4026921025,0.38453079336,0.47679804677,0.33589726348,0.30244239126,0.10303382592,0.47680047182,0.44121575981,0.30615466896,0.030816793313,0.2908357802,0.48888487244,0.34578757579,0.19730683084,0.46358717908,0.47810969164,0.22868885577,0.29895764139,0.057676150789,0.00058786476093,0.15781601835,0.10250457187,0.23236605989,0.045673512992
172.0,0.056899961483,0.36551233037,0.36551233037,0.30866866222,0.27475500652,0.4024271754,0.38422578848,0.47672047408,0.33549773792,0.30198966578,0.10255517396,0.47672290565,0.44104364093,0.30570731887,0.030565018876,0.29036703427,0.4888412198,0.34540566935,0.1967646943,0.46347356289,0.47803575671,0.22815925459,0.29849998586,0.057310075558,0.0005763277164,0.15727904478,0.10202658766,0.23183863717,0.045352579661
172.5,0.056537805207,0.36516911926,0.36516911926,0.3082263626,0.27426796778,0.40216242253,0.38392102534,0.47664291401,0.33509868723,0.30153761738,0.10207874531,0.4766453521,0.44087158914,0.3052606218,0.030315300977,0.28989904291,0.48879757106,0.34502418432,0.19622404634,0.46335997454,0.47796183321,0.2276308787,0.29804303032,0.056946322389,0.000565017089,0.15674389636,0.10155083123,0.23131240973,0.045033900408
173.0,0.056177953005,0.36482623038,0.36482623038,0.3077846963,0.27378179207,0.40189784377,0.38361650375,0.47656536656,0.33470011087,0.30108624505,0.10160452964,0.47656781116,0.4406996044,0.30481457681,0.030067622827,0.28943180491,0.48875392622,0.34464312023,0.19568488288,0.46324641401,0.47788792114,0.22710372527,0.29758677371,0.05658487657,0.0005539284353,0.15621056689,0.10107729219,0.23078737487,0.044717459418
173.5,0.055820390231,0.36448366341,0.36448366341,0.30734366241,0.27329647788,0.40163343901,0.3833122235,0.47648783172,0.33430200825,0.30063554778,0.1011325167,0.47649028283,0.4405276867,0.30436918295,0.029821967772,0.28896531906,0.48871028527,0.34426247662,0.19514719985,0.46313288132,0.4778140205,0.22657779149,0.29713121495,0.056225723484,0.00054305739904,0.15567905022,0.10060596024,0.2302635299,0.044403240982
174.0,0.055465102331,0.36414141807,0.36414141807,0.30690326004,0.27281202366,0.40136920813,0.38300818442,0.4764103095,0.33390437883,0.30018552457,0.10066269624,0.47641276711,0.440355836,0.30392443927,0.029578319293,0.28849958416,0.48866664821,0.34388225303,0.19461099318,0.46301937644,0.47774013128,0.22605307454,0.29667635299,0.055868848605,0.00053239970949,0.15514934018,0.10013682508,0.22974087212,0.044091229505
174.5,0.055112074844,0.36379949405,0.36379949405,0.30646348827,0.2723284279,0.40110515102,0.38270438631,0.47633279988,0.33350722204,0.2997361744,0.10019505808,0.476335264,0.44018405229,0.30348034482,0.029336661009,0.288034599,0.48862301505,0.34350244899,0.19407625884,0.46290589937,0.47766625348,0.22552957161,0.29622218676,0.0555142375,0.00052195117971,0.15462143065,0.099669876491,0.22921939887,0.0437814095
175.0,0.054761293401,0.36345789105,0.36345789105,0.30602434621,0.27184568908,0.40084126757,0.38240082898,0.47625530288,0.33311053732,0.29928749628,0.099729592097,0.47625777349,0.44001233552,0.30303689865,0.029096976669,0.28757036238,0.48857938579,0.34312306404,0.19354299279,0.4627924501,0.47759238711,0.22500727988,0.2957687152,0.055161875826,0.00051170770492,0.15409531553,0.099205104292,0.22869910745,0.043473765587
175.5,0.054412743723,0.36311660877,0.36311660877,0.30558583295,0.27136380568,0.40057755766,0.38209751224,0.47617781847,0.3327143241,0.29883948919,0.099266288195,0.47618029559,0.43984068569,0.30259409983,0.028859250156,0.28710687309,0.48853576042,0.34274409772,0.19301119099,0.46267902864,0.47751853216,0.22448619657,0.29531593724,0.054811749332,0.00050166526092,0.15357098872,0.098742498347,0.22817999521,0.043168282495
176.0,0.054066411624,0.3627756469,0.3627756469,0.30514794761,0.27088277618,0.40031402118,0.3817944359,0.47610034668,0.33231858184,0.29839215214,0.098805136337,0.47610283028,0.43966910275,0.3021519474,0.028623465486,0.28664412993,0.48849213895,0.34236554957,0.19248084943,0.46256563496,0.47744468863,0.22396631889,0.29486385183,0.054463843855,0.00049181990246,0.15304844416,0.098282048569,0.22766205947,0.042864945062
176.5,0.053722283006,0.36243500514,0.36243500514,0.30471068927,0.27040259908,0.40005065801,0.38149159977,0.47602288748,0.33192330996,0.29794548413,0.098346126528,0.47602537758,0.43949758669,0.30171044043,0.028389606804,0.2861821317,0.48844852137,0.34198741912,0.19195196411,0.46245226907,0.47737085651,0.22344764405,0.29441245791,0.054118145323,0.00048216776173,0.15252767581,0.097823744919,0.22714529758,0.042563738228
177.0,0.053380343861,0.3620946832,0.3620946832,0.30427405704,0.26992327287,0.39978746804,0.38118900366,0.47594544089,0.33152850792,0.29749948415,0.097889248821,0.47594793747,0.43932613748,0.30126957797,0.028157658383,0.28572087721,0.48840490769,0.34160970593,0.19142453104,0.46233893095,0.47729703581,0.22293016927,0.29396175442,0.053774639754,0.00047270504681,0.15200867764,0.097367577402,0.22662970689,0.042264647041
177.5,0.053040580269,0.36175468078,0.36175468078,0.30383805003,0.26944479603,0.39952445115,0.38088664737,0.47586800689,0.33113417515,0.29705415122,0.097434493316,0.47587050996,0.4391547551,0.30082935909,0.027927604627,0.28526036527,0.4883612979,0.34123240952,0.19089854623,0.46222562061,0.47722322652,0.22241389179,0.29351174031,0.053433313252,0.0004634280402,0.15149144365,0.096913536072,0.22611528475,0.041967656655
178.0,0.052702978401,0.36141499757,0.36141499757,0.30340266734,0.26896716707,0.39926160724,0.38058453073,0.47579058549,0.33074031109,0.29660948433,0.096981850156,0.47579309504,0.43898343951,0.30038978284,0.027699430066,0.28480059468,0.488317692,0.34085552944,0.19037400571,0.46211233802,0.47714942865,0.22189880883,0.29306241453,0.053094152011,0.00045433309736,0.15097596784,0.096461611028,0.22560202851,0.041672752324
178.5,0.052367524512,0.36107563327,0.36107563327,0.30296790809,0.26849038448,0.39899893618,0.38028265354,0.47571317668,0.33034691519,0.29616548249,0.096531309534,0.47571569271,0.43881219069,0.2999508483,0.027473119355,0.28434156425,0.48827408999,0.34047906524,0.18985090552,0.4619990832,0.47707564218,0.22138491764,0.29261377603,0.05275714231,0.00044541664528,0.15046224426,0.096011792414,0.22508993555,0.041379919411
179.0,0.052034204948,0.36073658759,0.36073658759,0.30253377137,0.26801444676,0.39873643787,0.3799810156,0.47563578047,0.3299539869,0.2957221447,0.096082861685,0.47563830297,0.43864100862,0.29951255453,0.027248657276,0.28388327279,0.48823049188,0.34010301644,0.18932924172,0.46188585612,0.47700186713,0.22087221546,0.29216582375,0.052422270516,0.00043667518106,0.14995026696,0.095564070422,0.22457900324,0.041089143375
179.5,0.051703006139,0.36039786023,0.36039786023,0.3021002563,0.26753935242,0.39847411219,0.37967961674,0.47555839684,0.32956152566,0.29527946999,0.09563649689,0.47556092581,0.43846989327,0.29907490059,0.027026028735,0.28342571911,0.48818689766,0.3397273826,0.18880901036,0.46177265679,0.47692810348,0.22036069955,0.29171855665,0.052089523083,0.00042810527053,0.14944003003,0.095118435288,0.22406922895,0.040800409782
180.0,0.051373914603,0.36005945088,0.36005945088,0.30166736199,0.26706509996,0.39821195903,0.37937845676,0.4754810258,0.32916953092,0.29483745734,0.095192205476,0.47548356124,0.43829884461,0.29863788555,0.02680521876,0.28296890204,0.48814330733,0.33935216326,0.18829020751,0.46165948519,0.47685435123,0.21985036718,0.29127197369,0.05175888655,0.00041970354694,0.14893152754,0.094674877295,0.22356061006,0.040513704298
180.5,0.051046916942,0.35972135925,0.35972135925,0.30123508756,0.2665916879,0.39794997827,0.37907753548,0.47540366735,0.32877800211,0.29439610579,0.094749977815,0.47540620925,0.43812786262,0.29820150848,0.026586212502,0.28251282038,0.48809972089,0.33897735796,0.18777282926,0.46154634132,0.47678061039,0.2193412156,0.29082607381,0.051430347539,0.0004114667096,0.14842475362,0.094233386769,0.22305314397,0.040229012687
181.0,0.050721999844,0.35938358505,0.35938358505,0.30080343211,0.26611911474,0.39768816981,0.37877685269,0.47532632148,0.32838693869,0.29395541434,0.094309804322,0.47532886984,0.43795694728,0.29776576846,0.026368995233,0.28205747296,0.48805613835,0.33860296625,0.1872568717,0.46143322518,0.47670688095,0.21883324208,0.29038085597,0.051103892761,0.00040339152259,0.14791970241,0.093793954082,0.22254682808,0.039946320816
181.5,0.050399150081,0.35904612796,0.35904612796,0.30037239476,0.265647379,0.39742653352,0.37847640823,0.47524898819,0.32799634011,0.293515382,0.093871675459,0.47525154301,0.43778609854,0.29733066454,0.026153552345,0.28160285859,0.48801255969,0.33822898767,0.18674233094,0.46132013675,0.4766331629,0.21832644392,0.28993631914,0.050779509007,0.00039547481351,0.14741636806,0.093356569652,0.22204165977,0.039665614649
182.0,0.050078354509,0.35870898771,0.35870898771,0.29994197462,0.2651764792,0.39716506929,0.37817620188,0.47517166749,0.32760620581,0.29307600779,0.093435581731,0.47517422876,0.4376153164,0.29689619581,0.025939869349,0.28114897611,0.48796898493,0.33785542176,0.18622920308,0.46120707603,0.47655945626,0.21782081839,0.28949246227,0.050457183153,0.00038771347219,0.14691474475,0.09292122394,0.22153763646,0.039386880249
182.5,0.049759600068,0.35837216398,0.35837216398,0.29951217083,0.26470641385,0.39690377702,0.37787623348,0.47509435936,0.32721653525,0.29263729073,0.093001513685,0.47509692708,0.43744460082,0.29646236134,0.025727931875,0.28069582433,0.48792541405,0.33748226807,0.18571748426,0.46109404301,0.47648576101,0.21731636279,0.28904928433,0.050136902159,0.00038010444954,0.14641482666,0.09248790745,0.22103475557,0.039110103776
183.0,0.049442873781,0.35803565648,0.35803565648,0.29908298248,0.26423718148,0.39664265658,0.37757650283,0.4750170638,0.32682732787,0.29219922984,0.092569461916,0.47501963797,0.43727395178,0.29602916021,0.02551772567,0.28024340208,0.48788184707,0.33710952615,0.18520717061,0.46098103769,0.47641207715,0.21681307441,0.28860678428,0.049818653065,0.00037264475626,0.14591660803,0.092056610735,0.2205330145,0.038835271488
183.5,0.049128162752,0.35769946492,0.35769946492,0.29865440871,0.26376878062,0.39638170787,0.37727700974,0.47493978082,0.32643858311,0.29176182413,0.09213941706,0.47494236143,0.43710336925,0.29559659149,0.025309236596,0.27979170818,0.48783828397,0.33673719554,0.18469825828,0.46086806005,0.47633840469,0.21631095056,0.28816496107,0.049502422996,0.00036533146175,0.14542008307,0.091627324386,0.22003241068,0.03856236974
184.0,0.048815454168,0.35736358899,0.35736358899,0.29822644863,0.26330120978,0.39612093078,0.37697775402,0.47486251041,0.32605030045,0.29132507264,0.091711369797,0.47486509747,0.43693285321,0.29516465426,0.025102450633,0.27934074148,0.48779472476,0.33636527579,0.18419074343,0.4607551101,0.47626474362,0.21580998855,0.28772381369,0.049188199156,0.00035816169291,0.14492524604,0.091200039041,0.21953294155,0.03829138498
184.5,0.048504735298,0.35702802841,0.35702802841,0.29779910137,0.26283446751,0.39586032518,0.37667873549,0.47478525257,0.32566247932,0.29088897437,0.091285310849,0.47478784606,0.43676240363,0.29473334761,0.024897353872,0.27889050079,0.48775116945,0.33599376645,0.18368462221,0.46064218782,0.47619109394,0.21531018569,0.2872833411,0.04887596883,0.00035113263301,0.14443209122,0.090774745383,0.21903460454,0.038022303753
185.0,0.048195993491,0.35669278287,0.35669278287,0.29737236606,0.26236855233,0.39559989097,0.37637995396,0.47470800729,0.32527511917,0.29045352837,0.090861230985,0.47471060722,0.43659202048,0.2943026706,0.024693932521,0.27844098497,0.48770761802,0.33562266706,0.18317989082,0.46052929321,0.47611745564,0.21481153931,0.28684354226,0.048565719385,0.00034424152063,0.1439406129,0.090351434134,0.21853739709,0.037755112699
185.5,0.047889216175,0.35635785208,0.35635785208,0.2969462418,0.26190346278,0.39533962803,0.37608140923,0.47463077459,0.32488821946,0.29001873364,0.090439121011,0.47463338095,0.43642170375,0.29387262233,0.024492172898,0.27799219283,0.48766407048,0.33525197718,0.18267654543,0.46041642627,0.47604382873,0.21431404673,0.28640441615,0.048257438267,0.00033748564852,0.14345080539,0.089930096063,0.21804131664,0.037489798548
186.0,0.04758439086,0.35602323574,0.35602323574,0.29652072774,0.2614391974,0.39507953626,0.37578310113,0.47455355444,0.32450177965,0.28958458923,0.090018971782,0.47455616723,0.43625145339,0.29344320188,0.024292061433,0.27754412322,0.48762052682,0.33488169635,0.18217458225,0.46030358697,0.4759702132,0.2138177053,0.28596596174,0.047951113002,0.00033086236255,0.14296266302,0.089510721979,0.21754636066,0.037226348127
186.5,0.047281505135,0.35568893356,0.35568893356,0.296095823,0.26097575472,0.39481961554,0.37548502947,0.47447634686,0.32411579919,0.28915109415,0.08960077419,0.47447896607,0.43608126939,0.29301440834,0.024093584669,0.27709677497,0.48757698706,0.33451182412,0.18167399749,0.46019077533,0.47589660905,0.21332251234,0.285528178,0.047646731193,0.00032436906071,0.14247618014,0.089093302737,0.21705252659,0.036964748354
187.0,0.046980546666,0.35535494525,0.35535494525,0.2956715267,0.2605131333,0.39455986575,0.37518719406,0.47439915183,0.32373027752,0.28871824745,0.089184519172,0.47440177746,0.43591115173,0.29258624078,0.023896729255,0.27665014694,0.48753345118,0.33414236004,0.18117478736,0.46007799132,0.47582301629,0.21282846522,0.28509106391,0.047344280524,0.00031800319203,0.14199135113,0.088677829231,0.21655981191,0.036704986237
187.5,0.046681503199,0.35502127051,0.35502127051,0.29524783799,0.26005133167,0.39430028679,0.3748895947,0.47432196936,0.32334521412,0.28828604815,0.088770197708,0.47432460141,0.43574110037,0.29215869831,0.023701481951,0.27620423795,0.48748991918,0.33377330367,0.1806769481,0.45996523496,0.4757494349,0.21233556128,0.28465461846,0.047043748754,0.00031176225561,0.14150817036,0.088264292399,0.21606821408,0.036447048878
188.0,0.046384362558,0.35468790904,0.35468790904,0.29482475598,0.25959034839,0.39404087854,0.37459223123,0.47424479945,0.32296060842,0.28785449528,0.088357800817,0.47424743792,0.43557111528,0.29173178,0.023507829627,0.27575904687,0.48744639108,0.33340465454,0.18018047595,0.45985250621,0.47567586489,0.21184379788,0.28421884061,0.046745123723,0.00030564379962,0.14102663225,0.087852683223,0.21557773058,0.036190923467
188.5,0.046089112643,0.35435486056,0.35435486056,0.29440227981,0.259130182,0.39378164089,0.37429510344,0.47416764209,0.3225764599,0.28742358788,0.087947319562,0.47417028697,0.43540119646,0.29130548495,0.023315759257,0.27531457252,0.48740286686,0.33303641223,0.17968536715,0.45973980509,0.47560230625,0.21135317239,0.28378372934,0.046448393344,0.00029964542036,0.14054673121,0.087442992723,0.21508835889,0.035936597286
189.0,0.045795741431,0.35402212476,0.35402212476,0.29398040862,0.25867083106,0.39352257373,0.37399821115,0.47409049728,0.322192768,0.28699332499,0.087538745046,0.47409314857,0.43523134386,0.29087981225,0.023125257922,0.27487081377,0.48735934652,0.33266857627,0.17919161797,0.45962713159,0.47552875899,0.21086368218,0.28334928365,0.04615354561,0.00029376476131,0.14006846171,0.087035211964,0.2146000965,0.035684057703
189.5,0.045504236977,0.35368970135,0.35368970135,0.29355914154,0.25821229412,0.39326367695,0.37370155418,0.47401336502,0.32180953219,0.28656370564,0.087132068415,0.47401602271,0.43506155746,0.29045476099,0.022936312809,0.27442776947,0.48731583007,0.33230114621,0.17869922468,0.45951448569,0.4754552231,0.21037532463,0.28291550251,0.045860568588,0.00028799951216,0.13959181819,0.086629332051,0.2141129409,0.035433292178
190.0,0.04521458741,0.35335759005,0.35335759005,0.29313847771,0.25775456975,0.39300495043,0.37340513234,0.47393624531,0.32142675192,0.28613472888,0.086727280855,0.4739389094,0.43489183724,0.29003033027,0.022748911211,0.27398543846,0.48727231751,0.33193412162,0.17820818357,0.45940186739,0.47538169858,0.20988809711,0.28248238491,0.04556945042,0.00028234740799,0.13911679515,0.08622534413,0.21362688958,0.035184288256
190.5,0.044926780936,0.35302579056,0.35302579056,0.29271841626,0.2572976565,0.39274639406,0.37310894544,0.47385913814,0.32104442666,0.28570639374,0.086324373592,0.47386180863,0.43472218317,0.28960651918,0.022563040521,0.27354381959,0.48722880883,0.33156750205,0.17771849091,0.45928927668,0.47530818542,0.20940199703,0.28204992983,0.045280179325,0.00027680622829,0.13864338708,0.08582323939,0.21314194006,0.034937033571
191.0,0.044640805834,0.35269430258,0.35269430258,0.29229895633,0.25684155294,0.39248800773,0.37281299329,0.47378204351,0.32066255586,0.28527869926,0.085923337894,0.4737847204,0.43455259523,0.28918332683,0.022378688238,0.27310291174,0.48718530403,0.33120128704,0.17723014302,0.45917671357,0.47523468363,0.20891702178,0.28161813627,0.044992743594,0.00027137379614,0.13817158851,0.08542300906,0.21265808984,0.034691515844
191.5,0.044356650458,0.35236312582,0.35236312582,0.29188009706,0.25638625764,0.39222979133,0.37251727572,0.47370496143,0.32028113898,0.28485164449,0.08552416507,0.47370764471,0.43438307338,0.2887607523,0.022195841962,0.27266271374,0.48714180312,0.33083547616,0.1767431362,0.45906417803,0.47516119321,0.20843316875,0.2811870032,0.044707131595,0.00026604797735,0.13770139397,0.085024644408,0.21217533644,0.034447722881
192.0,0.044074303238,0.35203225999,0.35203225999,0.2914618376,0.25593176916,0.39197174475,0.37222179254,0.47362789188,0.31990017548,0.28442522848,0.085126846468,0.47363058155,0.43421361761,0.2883387947,0.022014489394,0.27222322447,0.48709830609,0.33047006896,0.17625746678,0.45895167007,0.47508771414,0.20795043535,0.28075652964,0.044423331767,0.0002608266796,0.13723279801,0.084628136746,0.21169367738,0.034205642574
192.5,0.043793752674,0.3517017048,0.3517017048,0.29104417708,0.25547808607,0.39171386788,0.37192654356,0.47355083487,0.31951966484,0.28399945027,0.084731373477,0.47355353092,0.43404422789,0.28791745313,0.021834618337,0.27178444279,0.48705481294,0.33010506498,0.17577313109,0.45883918967,0.47501424644,0.20746881901,0.28032671455,0.044141332623,0.00025570785165,0.13676579522,0.084233477424,0.21121311018,0.033965262899
193.0,0.043514987342,0.35137145996,0.35137145996,0.29062711465,0.25502520694,0.39145616059,0.37163152859,0.4734737904,0.3191396065,0.2835743089,0.084337737526,0.47347649283,0.43387490418,0.28749672669,0.02165621669,0.27134636755,0.48701132368,0.3297404638,0.17529012547,0.45872673683,0.4749407901,0.20698831713,0.27989755695,0.043861122749,0.0002506894825,0.13630038019,0.083840657832,0.21073363238,0.033726571917
193.5,0.04323799589,0.35104152518,0.35104152518,0.29021064946,0.25457313036,0.39119862279,0.37133674745,0.47339675845,0.31875999993,0.28314980343,0.083945930084,0.47339946727,0.43370564648,0.28707661449,0.021479272454,0.27090899763,0.4869678383,0.32937626497,0.17480844628,0.45861431155,0.47486734511,0.20650892715,0.27946905583,0.043582690804,0.00024576960061,0.13583654752,0.083449669402,0.21025524151,0.033489557774
194.0,0.042962767036,0.35071190016,0.35071190016,0.28979478064,0.25412185491,0.39094125437,0.37104219996,0.47331973904,0.3183808446,0.28272593291,0.083555942657,0.47332245423,0.43353645475,0.28665711562,0.021303773727,0.27047233189,0.4869243568,0.32901246803,0.17432808987,0.45850191381,0.47479391148,0.2060306465,0.27904121018,0.043306025517,0.00024094627315,0.13537429185,0.083060503605,0.20977793512,0.033254208697
194.5,0.042689289571,0.35038258461,0.35038258461,0.28937950735,0.25367137916,0.3906840552,0.37074788592,0.47324273216,0.31800213996,0.28230269638,0.083167766795,0.47324545372,0.43336732896,0.28623822921,0.021129708704,0.27003636919,0.48688087919,0.32864907256,0.17384905261,0.45838954361,0.47472048921,0.20555347261,0.27861401901,0.043031115689,0.00023621760522,0.13491360783,0.08267315195,0.20930171075,0.033020512997
195.0,0.04241755236,0.35005357825,0.35005357825,0.28896482874,0.25322170169,0.39042702518,0.37045380516,0.4731657378,0.3176238855,0.28188009291,0.082781394083,0.47316846573,0.43319826909,0.28581995434,0.020957065676,0.26960110842,0.48683740545,0.3282860781,0.17337133089,0.45827720095,0.47464707828,0.20507740292,0.27818748131,0.042757950192,0.00023158173909,0.13445449012,0.082287605988,0.20882656597,0.032788459066
195.5,0.042147544333,0.34972488078,0.34972488078,0.28855074395,0.2527728211,0.3901701642,0.37015995749,0.47308875597,0.31724608066,0.28145812155,0.082396816148,0.47309149026,0.43302927511,0.28540229014,0.02078583303,0.26916654844,0.4867939356,0.32792348422,0.17289492111,0.45816488581,0.47457367871,0.20460243489,0.27776159608,0.042486517968,0.0002270368535,0.13399693341,0.081903857308,0.20835249832,0.032558035377
196.0,0.041879254495,0.34939649192,0.34939649192,0.28813725213,0.25232473597,0.38991347214,0.36986634273,0.47301178666,0.31686872492,0.28103678134,0.082014024655,0.47301452731,0.43286034701,0.28498523571,0.020615999247,0.26873268812,0.48675046962,0.32756129047,0.17241981966,0.4580525982,0.47450029048,0.20412856597,0.27733636233,0.042216808031,0.00022258116295,0.1335409324,0.081521897538,0.20787950537,0.032329230485
196.5,0.041612671919,0.34906841137,0.34906841137,0.28772435245,0.2518774449,0.3896569489,0.36957296069,0.47293482987,0.31649181774,0.28061607136,0.081633011306,0.47293757688,0.43269148474,0.28456879017,0.020447552904,0.26829952635,0.48670700753,0.32719949642,0.17194602295,0.45794033809,0.4744269136,0.20365579362,0.27691177907,0.041948809461,0.00021821291694,0.1330864818,0.081141718345,0.2074075847,0.032102033026
197.0,0.041347785748,0.34874063884,0.34874063884,0.28731204404,0.25143094647,0.38940059436,0.36927981119,0.47285788559,0.31611535859,0.28019599066,0.081253767844,0.47286063897,0.43252268829,0.28415295262,0.02028048267,0.267867062,0.48666354932,0.32683810162,0.1714735274,0.45782810549,0.47435354806,0.20318411531,0.2764878453,0.041682511409,0.00021393039936,0.13263357636,0.080763311436,0.20693673388,0.031876431712
197.5,0.041084585192,0.34841317405,0.34841317405,0.28690032607,0.25098523928,0.38914440842,0.36898689404,0.47278095384,0.31573934694,0.27977653829,0.080876286049,0.47278371356,0.43235395764,0.28373772218,0.020114777304,0.26743529395,0.48662009499,0.32647710563,0.17100232945,0.45771590039,0.47428019387,0.20271352851,0.27606456003,0.041417903096,0.00020973192776,0.13218221084,0.080386668555,0.20646695049,0.031652415339
198.0,0.040823059533,0.3480860167,0.3480860167,0.28648919769,0.25054032194,0.38888839096,0.36869420906,0.4727040346,0.31536378226,0.27935771333,0.08050055774,0.47270680067,0.43218529275,0.28332309797,0.019950425662,0.26700422108,0.48657664453,0.32611650802,0.17053242553,0.45760372278,0.47420685102,0.20224403071,0.27564192226,0.041154973809,0.00020561585271,0.13173238,0.080011781485,0.20599823212,0.031429972779
198.5,0.040563198118,0.34775916652,0.34775916652,0.28607865806,0.25009619304,0.38863254187,0.36840175607,0.47262712787,0.31498866402,0.27893951483,0.080126574772,0.47262990029,0.4320166936,0.28290907911,0.019787416687,0.26657384227,0.48653319796,0.32575630834,0.17006381211,0.45749157266,0.47413351951,0.20177561937,0.27521993102,0.040893712904,0.00020158055716,0.13128407864,0.079638642047,0.20553057636,0.03120909298
199.0,0.040304990364,0.3474326232,0.3474326232,0.28566870633,0.24965285119,0.38837686105,0.36810953487,0.47255023365,0.31461399168,0.27852194187,0.07975432904,0.47255301241,0.43184816016,0.2824956647,0.019625739413,0.26614415641,0.48648975526,0.32539650616,0.16959648563,0.45737945002,0.47406019934,0.201308292,0.27479858531,0.040634109803,0.0001976244558,0.13083730156,0.0792672421,0.20506398081,0.030989764972
199.5,0.040048425753,0.34710638646,0.34710638646,0.28525934167,0.249210295,0.38812134837,0.3678175453,0.47247335194,0.31423976472,0.27810499349,0.079383812477,0.47247613704,0.43167969242,0.28208285387,0.019465382964,0.26571516239,0.48644631644,0.32503710104,0.16913044256,0.45726735485,0.4739868905,0.20084204608,0.27437788414,0.040376153997,0.00019374599439,0.13039204359,0.078897573541,0.20459844307,0.030771977859
200.0,0.039793493836,0.34678045602,0.34678045602,0.28485056323,0.24876852306,0.38786600374,0.36752578716,0.47239648273,0.31386598261,0.27768866878,0.07901501705,0.47239927417,0.43151129033,0.28167064574,0.019306336553,0.26528685909,0.4864028815,0.32467809254,0.1686656794,0.45715528715,0.473913593,0.20037687913,0.27395782654,0.040119835041,0.00018994364925,0.12994829959,0.078529628306,0.20413396074,0.030555720822
200.5,0.039540184228,0.34645483159,0.34645483159,0.28444237018,0.248327534,0.38761082703,0.36723426028,0.47231962603,0.31349264482,0.2772729668,0.078647934767,0.47232242381,0.43134295389,0.28125903943,0.019148589481,0.26485924541,0.48635945044,0.32431948023,0.16820219262,0.4570432469,0.47384030683,0.19991278865,0.27353841151,0.039865142559,0.00018621592657,0.12950606439,0.078163398366,0.20367053146,0.030340983118
201.0,0.039288486611,0.34612951287,0.34612951287,0.28403476168,0.24788732643,0.38735581814,0.36694296446,0.47224278183,0.31311975082,0.27685788662,0.078282557672,0.47224558594,0.43117468306,0.28084803406,0.018992131135,0.26443232024,0.48631602326,0.32396126366,0.16773997872,0.45693123411,0.47376703199,0.19944977215,0.27311963809,0.039612066239,0.00018256136185,0.1290653329,0.077798875732,0.20320815282,0.030127754079
201.5,0.039038390735,0.34580449959,0.34580449959,0.28362773689,0.24744789896,0.38710097697,0.36665189953,0.47216595013,0.31274730009,0.27644342731,0.077918877845,0.47216876057,0.43100647781,0.28043762877,0.01883695099,0.26400608247,0.48627259995,0.32360344241,0.16727903422,0.45681924876,0.47369376848,0.19898782714,0.27270150527,0.039360595834,0.00017897851935,0.12862609999,0.077436052449,0.20274682246,0.029916023112
202.0,0.038789886411,0.34547979145,0.34547979145,0.28322129498,0.24700925021,0.38684630339,0.36636106531,0.47208913093,0.3123752921,0.27602958794,0.077556887404,0.47209194769,0.43083833813,0.28002782267,0.018683038607,0.26358053099,0.48622918052,0.32324601603,0.16681935563,0.45670729086,0.4736205163,0.19852695116,0.2722840121,0.039110721162,0.0001754659915,0.1281883606,0.077074920601,0.20228653801,0.029705779699
202.5,0.038542963517,0.34515538817,0.34515538817,0.28281543512,0.2465713788,0.3865917973,0.36607046161,0.47201232423,0.31200372633,0.2756163676,0.077196578501,0.4720151473,0.43067026398,0.27961861489,0.018530383632,0.26315566471,0.48618576496,0.3228889841,0.16636093948,0.45659536038,0.47354727544,0.19806714174,0.27186715759,0.038862432106,0.00017202239836,0.12775210963,0.07671547231,0.2018272971,0.029497013395
203.0,0.038297611995,0.34483128947,0.34483128947,0.28241015647,0.24613428335,0.38633745859,0.36578008824,0.47193553002,0.31163260224,0.27520376535,0.076837943329,0.47193835941,0.43050225534,0.27921000455,0.018378975794,0.26273148252,0.48614235328,0.32253234617,0.1659037823,0.45648345733,0.47347404591,0.19760839641,0.27145094077,0.038615718613,0.00016864638705,0.12731734205,0.076357699733,0.20136909738,0.029289713827
203.5,0.03805382185,0.34450749505,0.34450749505,0.2820054582,0.2456979625,0.38608328715,0.36548994503,0.4718587483,0.31126191932,0.27479178027,0.076480974114,0.471861584,0.43033431219,0.2788019908,0.018228804908,0.26230798332,0.48609894548,0.32217610181,0.16544788064,0.4563715817,0.4734008277,0.1971507127,0.27103536066,0.038370570693,0.00016533663126,0.12688405282,0.076001595062,0.20091193648,0.029083870698
204.0,0.037811583154,0.34418400463,0.34418400463,0.28160133949,0.24526241487,0.38582928287,0.3652000318,0.47178197907,0.31089167704,0.27438041144,0.076125663117,0.47178482109,0.4301664345,0.27839457275,0.018079860872,0.26188516603,0.48605554155,0.3218202506,0.16499323107,0.45625973348,0.47332762081,0.19669408818,0.27062041629,0.038126978421,0.0001620918307,0.12645223691,0.075647150529,0.20045581206,0.028879473781
204.5,0.037570886036,0.34386081793,0.34386081793,0.28119779949,0.24482763909,0.38557544563,0.36491034836,0.47170522232,0.31052187488,0.27396965795,0.075772002639,0.47170807065,0.42999862224,0.27798774954,0.017932133664,0.26146302953,0.4860121415,0.32146479209,0.16453983013,0.45614791266,0.47325442523,0.19623852039,0.27020610669,0.037884931932,0.00015891071062,0.12602188934,0.075294358399,0.20000072178,0.02867651292
205.0,0.037331720694,0.34353793466,0.34353793466,0.2807948374,0.24439363379,0.38532177534,0.36462089452,0.47162847807,0.31015251231,0.27355951886,0.075419985013,0.4716313327,0.42983087539,0.27758152031,0.017785613347,0.26104157274,0.48596874532,0.32110972585,0.16408767441,0.45603611925,0.47318124098,0.19578400689,0.26979243089,0.037644421425,0.00015579202125,0.12559300511,0.074943210975,0.19954666329,0.028474978032
205.5,0.037094077383,0.34321535453,0.34321535453,0.28039245237,0.24396039761,0.38506827187,0.36433167012,0.4715517463,0.30978358882,0.27314999327,0.075069602609,0.47155460723,0.42966319392,0.27717588419,0.017640290063,0.26062079457,0.48592535301,0.32075505146,0.1636367605,0.45592435322,0.47310806804,0.19533054525,0.26937938792,0.037405437161,0.00015273453738,0.12516557925,0.074593700594,0.19909363428,0.028274859104
206.0,0.036857946424,0.34289307727,0.34289307727,0.27999064358,0.24352792918,0.38481493513,0.36404267497,0.47147502701,0.30941510388,0.27274108025,0.074720847834,0.47147789424,0.42949557781,0.2767708403,0.017496154035,0.26020069392,0.48588196458,0.32040076848,0.16318708498,0.45581261458,0.47303490641,0.19487813303,0.26896697681,0.037167969463,0.00014973705782,0.12473960682,0.07424581963,0.19864163239,0.028076146194
206.5,0.036623318197,0.34257110259,0.34257110259,0.27958941021,0.24309622716,0.38456176499,0.36375390887,0.4713983202,0.30904705697,0.27233277889,0.074373713127,0.47140119372,0.42932802703,0.2763663878,0.017353195567,0.25978126971,0.48583858003,0.32004687647,0.16273864446,0.45570090332,0.4729617561,0.1944267678,0.26855519661,0.036932008715,0.00014679840498,0.12431508288,0.073899560493,0.19819065533,0.027878829427
207.0,0.036390183144,0.3422494302,0.3422494302,0.27918875144,0.24266529017,0.38430876136,0.36346537167,0.47132162586,0.30867944758,0.27192508829,0.074028190964,0.47132450568,0.42916054156,0.27596252582,0.01721140504,0.25936252085,0.48579519934,0.31969337502,0.16229143555,0.45558921943,0.47288861709,0.19397644716,0.26814404634,0.036697545361,0.00014391742435,0.12389200252,0.073554915626,0.19774070075,0.027682899002
207.5,0.036158531768,0.34192805981,0.34192805981,0.27878866645,0.24223511686,0.38405592412,0.36317706317,0.471244944,0.30831227518,0.27151800752,0.073684273856,0.47124783011,0.42899312137,0.27555925349,0.017070772914,0.25894444625,0.48575182253,0.31934026368,0.16184545488,0.45547756291,0.47281548939,0.19352716869,0.26773352504,0.036464569908,0.00014109298411,0.12347036082,0.07321187751,0.19729176637,0.027488345181
208.0,0.035928354631,0.34160699116,0.34160699116,0.27838915441,0.24180570589,0.38380325315,0.36288898319,0.47116827462,0.30794553925,0.27111153568,0.073341954349,0.47117116701,0.42882576644,0.27515656996,0.016931289729,0.25852704483,0.48570844959,0.31898754203,0.16140069906,0.45536593374,0.472742373,0.19307892997,0.26732363176,0.036233072919,0.00013832397462,0.12305015292,0.072870438658,0.19684384986,0.0272951583
208.5,0.035699642357,0.34128622394,0.34128622394,0.2779902145,0.2413770559,0.38355074837,0.36260113155,0.47109161771,0.30757923927,0.27070567185,0.073001225022,0.47109451638,0.42865847673,0.27475447437,0.016792946101,0.25811031552,0.48566508052,0.31863520964,0.16095716475,0.45525433193,0.47266926792,0.19263172862,0.26691436553,0.03600304502,0.00013560930804,0.12263137394,0.07253059162,0.19639694893,0.027103328759
209.0,0.035472385628,0.34096575789,0.34096575789,0.27759184591,0.24094916555,0.38329840964,0.36231350807,0.47101497326,0.30721337474,0.27030041513,0.072662078491,0.47101787821,0.42849125223,0.27435296586,0.016655732721,0.25769425722,0.48562171533,0.31828326607,0.16051484859,0.45514275746,0.47259617413,0.19218556222,0.2665057254,0.035774476895,0.00013294791787,0.12221401903,0.072192328981,0.19595106128,0.026912847025
209.5,0.035246575186,0.34064559272,0.34064559272,0.27719404782,0.24052203348,0.38304623687,0.36202611257,0.47093834129,0.30684794512,0.26989576461,0.072324507403,0.47094125251,0.42832409291,0.27395204358,0.016519640357,0.25727886886,0.485578354,0.31793171091,0.16007374724,0.45503121033,0.47252309165,0.19174042839,0.26609771041,0.035547359289,0.00013033875855,0.12179808335,0.071855643358,0.19550618461,0.026723703636
210.0,0.035022201831,0.34032572814,0.34032572814,0.27679681941,0.24009565836,0.38279422995,0.36173894487,0.47086172178,0.30648294991,0.26949171939,0.071988504443,0.47086463928,0.42815699875,0.27355170668,0.016384659854,0.25686414938,0.48553499655,0.31758054373,0.15963385736,0.45491969053,0.47245002047,0.19129632474,0.2656903196,0.035321683003,0.00012778080502,0.1213835621,0.071520527404,0.19506231665,0.026535889192
210.5,0.034799256423,0.34000616387,0.34000616387,0.27640015987,0.23967003884,0.38254238876,0.36145200479,0.47078511473,0.30611838859,0.26908827857,0.071654062326,0.4707880385,0.42798996972,0.27315195429,0.01625078213,0.25645009768,0.48549164297,0.31722976409,0.15919517564,0.45480819806,0.47237696058,0.19085324889,0.26528355203,0.035097438896,0.00012527305235,0.12097045046,0.071186973807,0.19461945511,0.026349394361
211.0,0.034577729878,0.33968689963,0.33968689963,0.27600406839,0.23924517359,0.3822907132,0.36116529215,0.47070852015,0.30575426064,0.26868544123,0.071321173804,0.47071145018,0.42782300578,0.27275278557,0.016117998178,0.25603671269,0.48544829326,0.31687937157,0.15875769876,0.4546967329,0.47230391199,0.19041119847,0.26487740673,0.034874617888,0.00012281451534,0.12055874365,0.070854975288,0.19417759771,0.026164209875
211.5,0.034357613171,0.33936793514,0.33936793514,0.27560854415,0.23882106127,0.38203920316,0.36087880677,0.47063193802,0.30539056555,0.26828320648,0.070989831661,0.47063487432,0.42765610693,0.27235419967,0.015986299063,0.25562399336,0.48540494742,0.31652936574,0.15832142341,0.45458529506,0.4722308747,0.18997017111,0.26447188277,0.034653210954,0.0001204042281,0.12014843689,0.070524524601,0.19373674219,0.025980326534
212.0,0.034138897335,0.33904927012,0.33904927012,0.27521358634,0.23839770055,0.38178785852,0.36059254847,0.47055536835,0.30502730281,0.26788157342,0.070660028715,0.47055831091,0.42748927313,0.27195619573,0.015855675925,0.2552119386,0.48536160544,0.31617974618,0.1578863463,0.45447388451,0.4721578487,0.18953016445,0.26406697918,0.034433209126,0.00011804124372,0.11973952545,0.070195614536,0.19329688627,0.0257977352
212.5,0.033921573458,0.33873090429,0.33873090429,0.27481919415,0.2379750901,0.38153667919,0.36030651707,0.47047881114,0.3046644719,0.26748054115,0.070331757817,0.47048175995,0.42732250436,0.27155877291,0.015726119975,0.25480054735,0.48531826734,0.31583051246,0.15745246414,0.45436250127,0.47208483398,0.18909117611,0.26366269503,0.034214603494,0.00011572463387,0.11933200458,0.069868237913,0.19285802771,0.025616426799
213.0,0.033705632686,0.33841283737,0.33841283737,0.27442536677,0.23755322858,0.38128566505,0.36002071239,0.47040226638,0.3043020723,0.26708010877,0.070005011852,0.47040522144,0.42715580059,0.27116193037,0.015597622497,0.25438981854,0.48527493311,0.31548166415,0.15701977365,0.45425114532,0.47201183056,0.18865320376,0.26325902936,0.033997385205,0.00011345348843,0.11892586955,0.06954238759,0.19242016423,0.025436392322
213.5,0.033491066222,0.33809506906,0.33809506906,0.27403210339,0.23713211467,0.381034816,0.35973513424,0.47032573407,0.30394010352,0.26668027539,0.069679783736,0.47032869538,0.4269891618,0.27076566725,0.015470174844,0.25397975112,0.48523160274,0.31513320084,0.15658827156,0.45413981666,0.47193883842,0.18821624505,0.26285598123,0.03378154546,0.00011122691513,0.11852111567,0.069218056455,0.1919832936,0.025257622823
214.0,0.033277865322,0.33777759911,0.33777759911,0.27363940322,0.23671174705,0.38078413192,0.35944978246,0.47024921421,0.30357856503,0.26628104011,0.069356066422,0.47025218177,0.42682258796,0.27036998272,0.015343768441,0.253570344,0.48518827624,0.31478512209,0.15615795462,0.45402851527,0.47186585757,0.18778029763,0.2624535497,0.033567075516,0.00010904403925,0.11811773824,0.068895237429,0.19154741356,0.025080109418
214.5,0.033066021302,0.33746042722,0.33746042722,0.27324726544,0.2362921244,0.38053361271,0.35916465687,0.4701727068,0.30321745632,0.26588240204,0.06903385289,0.4701756806,0.42665607904,0.26997487592,0.015218394784,0.25316159614,0.48514495361,0.31443742749,0.15572881956,0.45391724115,0.47179288801,0.18734535916,0.26205173383,0.033353966687,0.00010690400319,0.11771573259,0.068573923468,0.19111252188,0.024903843285
215.0,0.032855525528,0.33714355311,0.33714355311,0.27285568924,0.23587324539,0.38028325825,0.35887975727,0.47009621184,0.30285677689,0.26548436029,0.068713136158,0.47009919188,0.42648963503,0.26958034602,0.015094045436,0.25275350648,0.48510163485,0.31409011661,0.15530086316,0.4538059943,0.47171992972,0.18691142731,0.26165053267,0.033142210341,0.00010480596622,0.11731509406,0.06825410756,0.19067861631,0.024728815665
215.5,0.032646369426,0.33682697651,0.33682697651,0.27246467383,0.23545510871,0.38003306845,0.3585950835,0.47001972931,0.30249652622,0.26508691396,0.068393909273,0.47002271559,0.42632325589,0.26918639217,0.014970712032,0.25234607395,0.48505831996,0.31374318902,0.15487408216,0.4536947747,0.47164698272,0.18647849977,0.2612499453,0.032931797901,0.00010274910408,0.11691581802,0.067935782724,0.19024569464,0.02455501786
216.0,0.032438544472,0.33651069714,0.33651069714,0.2720742184,0.23503771305,0.37978304319,0.35831063538,0.46994325923,0.30213670381,0.26469006217,0.068076165316,0.46994625174,0.42615694161,0.26879301354,0.014848386272,0.25193929751,0.48501500893,0.31339664432,0.15444847336,0.45358358236,0.47157404699,0.1860465742,0.26084997076,0.032722720844,0.0001007326087,0.11651789982,0.067618942013,0.18981375463,0.024382441234
216.5,0.0322320422,0.33619471471,0.33619471471,0.27168432215,0.23462105708,0.37953318236,0.35802641272,0.46986680159,0.30177730915,0.26429380403,0.067759897399,0.46986980033,0.42599069215,0.26840020929,0.014727059925,0.25153317609,0.48497170177,0.31305048206,0.15402403353,0.45347241726,0.47150112254,0.18561564829,0.26045060812,0.032514970701,9.8755687879e-05,0.11612133488,0.067303578512,0.18938279407,0.02421107721
217.0,0.032026854194,0.33587902896,0.33587902896,0.27129498429,0.23420513951,0.37928348586,0.35774241535,0.46979035638,0.30141834172,0.26389813865,0.067445098666,0.46979336135,0.42582450749,0.26800797858,0.014606724829,0.25112770865,0.48492839848,0.31270470184,0.15360075947,0.4533612794,0.47142820937,0.18518571974,0.26005185645,0.032308539056,9.6817564939e-05,0.11572611858,0.066989685339,0.18895281074,0.024040917271
217.5,0.031822972095,0.33556363959,0.33556363959,0.270906204,0.23378995903,0.37903395358,0.35745864309,0.46971392361,0.30105980103,0.26350306514,0.067131762295,0.4697169348,0.4256583876,0.26761632057,0.014487372887,0.25072289413,0.48488509905,0.31235930322,0.15317864798,0.45325016877,0.47135530746,0.18475678623,0.25965371482,0.032103417548,9.4917478461e-05,0.11533224635,0.066677255643,0.18852380242,0.023871952961
218.0,0.031620387595,0.33524854634,0.33524854634,0.27051798051,0.23337551432,0.3787845854,0.35717509576,0.46963750327,0.30070168656,0.26310858263,0.066819881492,0.46964052069,0.42549233247,0.26722523443,0.014368996067,0.25031873149,0.48484180349,0.3120142858,0.15275769586,0.45313908537,0.47128241683,0.18432884547,0.25925618229,0.031899597867,9.3054681966e-05,0.11493971362,0.066366282605,0.18809576692,0.023704175884
218.5,0.03141909244,0.33493374892,0.33493374892,0.270130313,0.23296180408,0.37853538123,0.35689177318,0.46956109537,0.30034399782,0.26271469024,0.066509449497,0.469564119,0.42532634206,0.26683471933,0.014251586404,0.24991521967,0.48479851179,0.31166964915,0.15233789994,0.45302802918,0.47120953747,0.18390189516,0.25885925793,0.031697071757,9.1228443624e-05,0.11454851585,0.066056759438,0.18766870203,0.023537577701
219.0,0.031219078427,0.33461924705,0.33461924705,0.26974320068,0.23254882702,0.37828634095,0.35660867519,0.46948469989,0.29998673428,0.26232138707,0.066200459582,0.46948772973,0.42516041635,0.26644477443,0.014135135999,0.24951235764,0.48475522395,0.31132539285,0.15191925705,0.45291700021,0.47113666938,0.18347593302,0.25846294081,0.031495831014,8.9438045966e-05,0.11415864851,0.065748679386,0.18724260556,0.023372150133
219.5,0.031020337407,0.33430504047,0.33430504047,0.26935664277,0.23213658184,0.37803746446,0.35632580159,0.46940831684,0.29962989546,0.26192867224,0.065892905048,0.46941135289,0.42499455531,0.2660553989,0.014019637016,0.24911014434,0.48471193999,0.31098151648,0.15150176402,0.45280599844,0.47106381255,0.18305095675,0.25806723002,0.031295867485,8.7682785606e-05,0.11377010707,0.065442035726,0.18681747532,0.023207884957
220.0,0.03082286128,0.33399112888,0.33399112888,0.26897063846,0.23172506723,0.37778875165,0.35604315221,0.46933194621,0.29927348084,0.26153654489,0.065586779229,0.46933498848,0.42482875892,0.26566659191,0.013905081683,0.24870857874,0.48466865988,0.31063801963,0.15108541769,0.45269502387,0.47099096699,0.18262696409,0.25767212461,0.031097173071,8.5961972961e-05,0.11338288704,0.065136821764,0.18639330911,0.02304477401
220.5,0.030626642001,0.33367751203,0.33367751203,0.26858518697,0.23131428191,0.37754020241,0.35576072687,0.46925558801,0.29891748992,0.26114500413,0.065282075489,0.46925863648,0.42466302716,0.26527835264,0.013791462291,0.24830765979,0.48462538364,0.31029490187,0.15067021493,0.45258407648,0.47091813269,0.18220395276,0.25727762367,0.030899739721,8.4274931981e-05,0.11299698392,0.064833030839,0.18597010477,0.022882809185
221.0,0.030431671574,0.33336418962,0.33336418962,0.2682002875,0.23090422459,0.37729181664,0.3554785254,0.46917924223,0.2985619222,0.26075404909,0.064978787223,0.4691822969,0.42449736,0.26489068025,0.013678771196,0.24790738645,0.48458211126,0.30995216279,0.15025615259,0.45247315629,0.47084530966,0.18178192049,0.25688372627,0.030703559438,8.2620999884e-05,0.11261239325,0.064530656319,0.18554786012,0.022721982433
221.5,0.030237942054,0.33305116138,0.33305116138,0.26781593927,0.23049489397,0.37704359422,0.35519654762,0.46910290886,0.29820677717,0.26036367889,0.064676907856,0.46910596973,0.42433175741,0.26450357393,0.013567000815,0.24750775769,0.48453884275,0.30960980197,0.14984322754,0.45236226327,0.47077249788,0.18136086502,0.25649043148,0.030508624274,8.0999526897e-05,0.11222911056,0.064229691607,0.18512657298,0.022562285761
222.0,0.030045445547,0.33273842704,0.33273842704,0.26743214148,0.23008628877,0.37679553505,0.35491479335,0.46902658792,0.29785205434,0.25997389266,0.064376430845,0.46902965498,0.42416621937,0.26411703284,0.013456143626,0.24710877248,0.4844955781,0.309267819,0.14943143667,0.45225139742,0.47069969736,0.18094078409,0.2560977384,0.030314926332,7.9409875995e-05,0.11184713142,0.063930130131,0.18470624118,0.022403711231
222.5,0.029854174209,0.33242598632,0.33242598632,0.26704889335,0.2296784077,0.37654763902,0.35463326242,0.46895027939,0.2974977532,0.25958468952,0.064077349676,0.46895335265,0.42400074585,0.26373105615,0.013346192171,0.24671042977,0.48445231731,0.30892621345,0.14902077686,0.45214055874,0.47062690809,0.18052167545,0.2557056461,0.030122457764,7.7851422659e-05,0.1114664514,0.063631965354,0.18428686258,0.022246250962
223.0,0.029664120245,0.33211383894,0.33211383894,0.2666661941,0.22927124948,0.37629990603,0.35435195464,0.46887398327,0.29714387326,0.25919606861,0.063779657866,0.46887706272,0.42383533683,0.26334564306,0.013237139051,0.24631272853,0.48440906038,0.30858498491,0.148611245,0.45202974721,0.47055413008,0.18010353686,0.25531415366,0.029931210773,7.6323554625e-05,0.11108706609,0.063335190768,0.183868435,0.022089897127
223.5,0.029475275911,0.33180198464,0.33180198464,0.26628404293,0.22886481282,0.37605233596,0.35407086984,0.46879769956,0.296790414,0.25880802905,0.063483348962,0.46880078519,0.42366999229,0.26296079273,0.013128976926,0.24591566774,0.48436580732,0.30824413297,0.14820283801,0.45191896284,0.47048136332,0.17968636606,0.25492326017,0.029741177611,7.4825671642e-05,0.11070897109,0.063039799895,0.18345095631,0.021934641956
224.0,0.029287633511,0.33149042312,0.33149042312,0.26590243907,0.22845909647,0.37580492871,0.35379000785,0.46872142826,0.29643737494,0.25842056998,0.063188416542,0.46872452008,0.42350471219,0.26257650435,0.013021698521,0.24551924636,0.48432255811,0.30790365721,0.1477955528,0.45180820561,0.47040860781,0.17927016083,0.2545329647,0.029552350578,7.3357185244e-05,0.11033216201,0.062745786287,0.18303442435,0.021780477732
224.5,0.029101185398,0.33117915413,0.33117915413,0.26552138173,0.22805409912,0.37555768418,0.35350936849,0.46864516937,0.29608475557,0.25803369053,0.062894854211,0.46864826737,0.42333949651,0.2621927771,0.012915296614,0.24512346337,0.48427931277,0.30756355721,0.14738938629,0.45169747552,0.47033586355,0.17885491893,0.25414326636,0.029364722025,7.1917518511e-05,0.1099566345,0.062453143527,0.18261883698,0.021627396792
225.0,0.028915923976,0.33086817738,0.33086817738,0.26514087012,0.22764981952,0.37531060226,0.35322895158,0.46856892289,0.29573255539,0.25764738983,0.062602655606,0.46857202706,0.42317434524,0.26180961015,0.012809764047,0.24472831774,0.48423607129,0.30722383257,0.1469843354,0.45158677256,0.47026313054,0.17844063813,0.25375416422,0.029178284349,7.0506105845e-05,0.1095823842,0.062161865226,0.18220419206,0.021475391528
225.5,0.028731841693,0.3305574926,0.3305574926,0.26476090348,0.22724625639,0.37506368283,0.35294875694,0.4684926888,0.29538077391,0.25726166703,0.062311814393,0.46849579915,0.42300925834,0.2614270027,0.012705093718,0.24433380845,0.48419283367,0.30688448287,0.14658039709,0.45147609673,0.47019040877,0.17802731623,0.25336565737,0.028993029997,6.9122392749e-05,0.10920940677,0.061871945027,0.18179048747,0.021324454384
226.0,0.028548931049,0.33024709952,0.33024709952,0.26438148101,0.22684340847,0.3748169258,0.35266878441,0.46841646712,0.29502941063,0.25687652125,0.062022324267,0.46841958363,0.42284423578,0.26104495392,0.012601278583,0.24393993447,0.48414959991,0.3065455077,0.14617756829,0.45136544801,0.47011769825,0.17761495098,0.25297774491,0.028808951463,6.7765835608e-05,0.10883769789,0.061583376602,0.18137772108,0.021174577858
226.5,0.028367184589,0.32993699786,0.32993699786,0.26400260195,0.22644127447,0.37457033105,0.3523890338,0.46834025783,0.29467846506,0.25649195163,0.061734178953,0.46834338051,0.42267927755,0.26066346301,0.012498311657,0.24354669479,0.48410637,0.30620690663,0.14577584596,0.45125482641,0.47004499897,0.1772035402,0.25259042592,0.028626041289,6.6435901476e-05,0.10846725325,0.06129615365,0.18096589075,0.0210257545
227.0,0.028186594907,0.32962718735,0.32962718735,0.26362426551,0.22603985315,0.37432389848,0.35210950494,0.46826406095,0.29432793669,0.25610795732,0.061447372205,0.46826718979,0.42251438361,0.26028252914,0.012396186011,0.24315408837,0.48406314396,0.30586867927,0.14537522706,0.45114423191,0.46997231093,0.17679308167,0.25220369951,0.028444292064,6.5132067865e-05,0.10809806855,0.061010269903,0.18055499439,0.020877976912
227.5,0.028007154643,0.32931766771,0.32931766771,0.26324647091,0.22563914324,0.37407762799,0.35183019765,0.46818787645,0.29397782503,0.25572453745,0.061161897806,0.46819101146,0.42234955395,0.25990215151,0.012294894772,0.24276211422,0.48401992178,0.3055308252,0.14497570858,0.45103366451,0.46989963412,0.17638357319,0.25181756476,0.028263696423,6.3853822543e-05,0.10773013953,0.060725719121,0.18014502986,0.02073123775
228.0,0.027828856485,0.32900843868,0.32900843868,0.26286921739,0.22523914348,0.37383151946,0.35155111176,0.46811170435,0.29362812959,0.25534169117,0.060877749567,0.46811484551,0.42218478854,0.2595223293,0.012194431125,0.2423707713,0.48397670345,0.30519334401,0.14457728748,0.4509231242,0.46982696856,0.17597501256,0.25143202077,0.02808424705,6.2600663329e-05,0.10736346191,0.060442495091,0.17973599507,0.02058552972
228.5,0.027651693166,0.32869949997,0.32869949997,0.26249250417,0.22483985261,0.37358557279,0.3512722471,0.46803554464,0.29327884988,0.25495941762,0.060594921328,0.46803869196,0.42202008735,0.25914306172,0.012094788308,0.24198005861,0.48393348899,0.30485623528,0.14417996076,0.45081261097,0.46975431422,0.1755673976,0.25104706664,0.027905936672,6.1372097898e-05,0.10699803144,0.060160591631,0.17932788791,0.020440845578
229.0,0.027475657466,0.32839085133,0.32839085133,0.26211633047,0.22444126937,0.37333978788,0.35099360348,0.46795939732,0.29292998539,0.25457771595,0.060313406959,0.46796255079,0.42185545036,0.25876434794,0.011995959617,0.24158997513,0.48389027838,0.30451949861,0.14378372541,0.45070212482,0.46968167113,0.17516072612,0.25066270146,0.027728758066,6.0167643588e-05,0.10663384389,0.059880002587,0.17892070629,0.020297178133
229.5,0.027300742211,0.32808249247,0.32808249247,0.26174069552,0.22404339251,0.37309416461,0.35071518073,0.46788326239,0.29258153564,0.25419658529,0.060033200356,0.467886422,0.42169087754,0.25838618716,0.0118979384,0.24120051985,0.48384707163,0.30418313359,0.14338857844,0.45059166575,0.46960903926,0.17475499594,0.25027892435,0.027552704052,5.8986827207e-05,0.10627089503,0.059600721835,0.1785144481,0.020154520243
230.0,0.027126940272,0.32777442312,0.32777442312,0.26136559856,0.22364622079,0.37284870288,0.35043697868,0.46780713984,0.29223350013,0.2538160248,0.059754295447,0.4678103056,0.42152636887,0.25800857857,0.011800718062,0.24081169176,0.48380386873,0.3038471398,0.14299451686,0.45048123374,0.46953641862,0.17435020488,0.24989573439,0.027377767495,5.7829184852e-05,0.10590918067,0.059322743277,0.17810911126,0.020012864817
230.5,0.026954244567,0.32746664301,0.32746664301,0.26099103881,0.22324975295,0.37260340259,0.35015899716,0.46773102967,0.29188587838,0.25343603363,0.059476686183,0.46773420157,0.42136192432,0.25763152137,0.01170429206,0.24042348986,0.4837606697,0.30351151684,0.1426015377,0.45037082879,0.46946380921,0.17394635077,0.2495131307,0.027203941309,5.6694261723e-05,0.1055486966,0.059046060846,0.17770469368,0.019872204813
231.0,0.026782648056,0.32715915188,0.32715915188,0.26061701551,0.22285398774,0.37235826363,0.34988123598,0.46765493189,0.29153866989,0.25305661092,0.059200366549,0.46765810992,0.42119754387,0.25725501476,0.011608653906,0.24003591313,0.48371747452,0.30317626431,0.14220963798,0.45026045089,0.46939121103,0.17354343144,0.24913111237,0.027031218448,5.5581611946e-05,0.10518943865,0.058770668501,0.17730119329,0.01973253324
231.5,0.026612143747,0.32685194944,0.32685194944,0.26024352789,0.22245892392,0.37211328589,0.34960369498,0.46757884648,0.29119187416,0.25267775582,0.058925330553,0.46758203065,0.42103322749,0.25687905793,0.011513797162,0.23964896058,0.48367428319,0.30284138178,0.14181881474,0.45015010003,0.46931862407,0.17314144475,0.24874967851,0.026859591915,5.4490798398e-05,0.10483140265,0.05849656023,0.17689860801,0.019593843153
232.0,0.026442724691,0.32654503543,0.32654503543,0.25987057517,0.22206456025,0.37186846926,0.34932637397,0.46750277345,0.29084549072,0.2522994675,0.058651572234,0.46750596375,0.42086897516,0.25650365009,0.011419715447,0.23926263119,0.48363109572,0.30250686886,0.14142906504,0.45003977622,0.46924604834,0.17274038852,0.24836882823,0.026689054754,5.3421392533e-05,0.10447458445,0.05822373005,0.17649693577,0.01945612766
232.5,0.026274383982,0.32623840957,0.32623840957,0.2594981566,0.22167089549,0.37162381365,0.34904927279,0.46742671279,0.29049951907,0.25192174509,0.058379085657,0.46742990922,0.42070478686,0.25612879042,0.011326402428,0.23887692397,0.48358791211,0.30217272513,0.14104038591,0.44992947943,0.46917348382,0.17234026061,0.24798856064,0.026519600054,5.2372974218e-05,0.10411897992,0.057952172005,0.17609617451,0.019319379914
233.0,0.026107114759,0.3259320716,0.3259320716,0.25912627142,0.2212779284,0.37137931894,0.34877239127,0.46735066451,0.29015395871,0.25154458776,0.058107864915,0.46735386707,0.42054066255,0.25575447813,0.011233851826,0.23849183792,0.48354473235,0.3018389502,0.14065277443,0.44981920967,0.46910093053,0.17194105888,0.24760887485,0.02635122095,5.1345131563e-05,0.10376458493,0.057681880166,0.17569632215,0.019183593117
233.5,0.025940910206,0.32562602125,0.32562602125,0.25875491885,0.22088565774,0.37113498503,0.34849572922,0.46727462859,0.28980880918,0.25116799467,0.057837904128,0.46727783727,0.42037660222,0.25538071243,0.011142057412,0.23810737204,0.48350155645,0.30150554364,0.14026622766,0.44970896693,0.46902838845,0.17154278118,0.24722976997,0.026183910617,5.0337460761e-05,0.10341139538,0.057412848632,0.17529737665,0.019048760519
234.0,0.025775763549,0.32532025825,0.32532025825,0.25838409814,0.22049408229,0.37089081182,0.34821928648,0.46719860505,0.28946406996,0.25079196496,0.057569197445,0.46720181985,0.42021260583,0.25500749252,0.01105101301,0.23772352533,0.4834583844,0.30117250507,0.13988074269,0.4495987512,0.46895585759,0.17114542537,0.24685124511,0.026017662276,4.9349565933e-05,0.10305940717,0.057145071531,0.17489933596,0.018914875417
234.5,0.025611668055,0.32501478232,0.32501478232,0.25801380853,0.2201032008,0.37064679919,0.34794306286,0.46712259387,0.28911974059,0.2504164978,0.05730173904,0.46712581479,0.42004867337,0.25463481759,0.010960712492,0.2373402968,0.48341521621,0.30083983407,0.13949631659,0.44948856248,0.46888333794,0.17074898934,0.24647329938,0.025852469189,4.8381058967e-05,0.10270861622,0.056878543016,0.17450219802,0.018781931155
235.0,0.025448617038,0.3247095932,0.3247095932,0.25764404926,0.21971301206,0.37040294704,0.34766705821,0.46704659506,0.28877582056,0.25004159235,0.057035523115,0.46704982209,0.41988480481,0.25426268687,0.010871149782,0.23695768545,0.48337205187,0.30050753023,0.13911294647,0.44937840076,0.4688108295,0.17035347094,0.2460959319,0.025688324662,4.7431559367e-05,0.10235901846,0.056613257268,0.17410596079,0.018649921125
235.5,0.025286603852,0.32440469061,0.32440469061,0.25727481956,0.21932351482,0.37015925528,0.34739127233,0.46697060861,0.2884323094,0.24966724776,0.056770543899,0.46697384174,0.41972100012,0.25389109954,0.010782318851,0.23657569029,0.48332889138,0.30017559316,0.13873062943,0.44926826603,0.46873833228,0.16995886806,0.24571914179,0.025525222044,4.6500694107e-05,0.10201060985,0.056349208497,0.17371062224,0.018518838764
236.0,0.025125621893,0.3241000743,0.3241000743,0.25690611868,0.21893470788,0.36991572378,0.34711570507,0.46689463452,0.28808920663,0.2492934632,0.056506795648,0.46689787376,0.41955725928,0.25352005483,0.010694213722,0.23619431033,0.48328573475,0.29984402244,0.13834936257,0.44915815828,0.46866584626,0.16956517859,0.24534292816,0.025363154724,4.558809748e-05,0.10166338633,0.056086390937,0.17331618034,0.018388677555
236.5,0.024965664599,0.32379574398,0.32379574398,0.25653794587,0.21854659,0.36967235245,0.34684035625,0.46681867278,0.28774651174,0.24892023784,0.056244272645,0.46682191813,0.41939358226,0.25314955194,0.010606828465,0.23581354459,0.48324258197,0.29951281768,0.13796914301,0.44904807751,0.46859337146,0.16917240041,0.24496729014,0.025202116134,4.4693410956e-05,0.10131734389,0.055824798851,0.17292263304,0.018259431027
237.0,0.024806725453,0.3234916994,0.3234916994,0.25617030037,0.21815915997,0.36942914118,0.34656522568,0.46674272341,0.28740422427,0.24854757084,0.055982969197,0.46674597486,0.41922996905,0.25277959007,0.0105201572,0.23543339207,0.48319943304,0.29918197847,0.13758996789,0.44893802372,0.46852090785,0.16878053141,0.24459222684,0.025042099748,4.3816283042e-05,0.10097247852,0.055564426527,0.17252997834,0.018131092756
237.5,0.024648797974,0.32318794028,0.32318794028,0.25580318142,0.21777241656,0.36918608987,0.34629031322,0.46666678639,0.28706234372,0.24817546136,0.055722879641,0.46667004393,0.4190664196,0.25241016845,0.010434194095,0.23505385179,0.48315628796,0.29885150441,0.13721183432,0.44882799689,0.46844845545,0.1683895695,0.24421773739,0.024883099081,4.2956369143e-05,0.10062878621,0.055305268281,0.1721382142,0.01800365636
238.0,0.024491875726,0.32288446635,0.32288446635,0.25543658827,0.21738635857,0.36894319841,0.34601561867,0.46659086172,0.28672086962,0.24780390857,0.055463998339,0.46659412536,0.41890293391,0.25204128628,0.010348933362,0.23467492277,0.48311314674,0.29852139509,0.13683473947,0.44871799702,0.46837601426,0.16799951257,0.24384382091,0.024725107689,4.2113331427e-05,0.10028626298,0.055047318455,0.17174733862,0.017877115504
238.5,0.024335952313,0.32258127736,0.32258127736,0.25507052017,0.21700098477,0.36870046669,0.34574114187,0.4665149494,0.28637980147,0.24743291164,0.055206319677,0.46651821913,0.41873951195,0.25167294278,0.010264369266,0.23429660401,0.48307000937,0.29819165012,0.13645868047,0.4486080241,0.46830358426,0.16761035854,0.24347047652,0.02456811917,4.1286838692e-05,0.099944904859,0.054790571417,0.17135734959,0.017751463898
239.0,0.02418102138,0.32227837302,0.32227837302,0.25470497637,0.21661629396,0.36845789461,0.34546688264,0.46643904943,0.28603913881,0.24706246974,0.05494983807,0.46644232525,0.41857615368,0.25130513716,0.010180496113,0.23391889455,0.48302687584,0.29786226909,0.13608365448,0.44849807813,0.46823116546,0.16722210532,0.24309770335,0.02441212716,4.0476566235e-05,0.09960470789,0.054535021562,0.17096824509,0.017626695294
239.5,0.024027076612,0.32197575307,0.32197575307,0.25433995612,0.21623228492,0.36821548207,0.34519284081,0.46636316181,0.28569888114,0.24669258204,0.054694547959,0.46636644371,0.41841285909,0.25093786864,0.010097308261,0.2335417934,0.48298374617,0.2975332516,0.13570965867,0.4483881591,0.46815875786,0.16683475082,0.24272550053,0.024257125338,3.9682195727e-05,0.099265668127,0.05428066331,0.17058002312,0.01750280349
240.0,0.023874111733,0.32167341726,0.32167341726,0.25397545867,0.21584895644,0.36797322896,0.34491901622,0.46628728653,0.28535902799,0.24632324772,0.054440443807,0.46629057451,0.41824962815,0.25057113644,0.010014800111,0.23316529959,0.48294062035,0.29720459726,0.13533669021,0.448278267,0.46808636145,0.16644829297,0.24235386718,0.024103107421,3.8903415086e-05,0.098927781641,0.054027491108,0.1701926817,0.017379782325
240.5,0.023722120509,0.3213713653,0.3213713653,0.25361148326,0.21546630733,0.36773113518,0.34464540868,0.46621142359,0.28501957888,0.24595446593,0.054187520108,0.46621471765,0.41808646083,0.25020493976,0.0099329661087,0.23278941214,0.48289749838,0.29687630565,0.13496474628,0.44816840183,0.46801397624,0.1660627297,0.24198280244,0.023950067168,3.8139918353e-05,0.098591044512,0.053775499428,0.16980621882,0.017257625684
241.0,0.023571096744,0.32106959693,0.32106959693,0.25324802917,0.21508433638,0.36748920061,0.34437201803,0.46613557299,0.28468053332,0.24558623587,0.053935771377,0.46613887313,0.41792335712,0.24983927784,0.009851800748,0.23241413007,0.48285438026,0.29654837639,0.13459382407,0.44805856357,0.46794160222,0.16567805894,0.24161230544,0.023797998375,3.7391405576e-05,0.098255452837,0.053524682769,0.1694206325,0.017136327493
241.5,0.023421034283,0.3207681119,0.3207681119,0.25288509563,0.21470304239,0.36724742517,0.34409884409,0.46605973474,0.28434189084,0.24521855671,0.053685192158,0.46606304095,0.41776031698,0.24947414989,0.009771298566,0.2320394524,0.48281126599,0.29622080907,0.13422392077,0.44794875223,0.46786923938,0.16529427862,0.24124237531,0.023646894879,3.6657582688e-05,0.097921002724,0.053275035654,0.16903592075,0.017015881722
242.0,0.023271927008,0.32046690992,0.32046690992,0.2525226819,0.21432242415,0.36700580873,0.3438258867,0.46598390881,0.28400365096,0.24485142761,0.053435777018,0.46598722109,0.4175973404,0.24910955513,0.0096914541449,0.23166537818,0.48276815556,0.29589360329,0.1338550336,0.4478389678,0.46779688774,0.16491138668,0.24087301118,0.023496750556,3.5938161394e-05,0.097587690296,0.053026552633,0.1686520816,0.016896282383
242.5,0.023123768842,0.32016599074,0.32016599074,0.25216078725,0.21394248048,0.36676435121,0.34355314567,0.46590809523,0.2836658132,0.24448484777,0.053187520549,0.46591141357,0.41743442734,0.24874549279,0.0096122621111,0.23129190643,0.48272504899,0.29556675865,0.13348715975,0.44772921027,0.46772454728,0.16452938108,0.24050421219,0.02334755932,3.5232859057e-05,0.097255511686,0.05277922828,0.16826911307,0.016777523528
243.0,0.022976553746,0.31986535408,0.31986535408,0.25179941092,0.21356321017,0.36652305248,0.34328062085,0.46583229397,0.28332837708,0.24411881636,0.052940417371,0.46583561838,0.41727157778,0.24838196209,0.0095337171349,0.23091903618,0.48268194626,0.29524027477,0.13312029646,0.44761947962,0.46765221801,0.16414825977,0.24013597747,0.023199315125,3.4541398586e-05,0.096924463044,0.052533057195,0.16788701318,0.016659599255
243.5,0.022830275719,0.3195649997,0.3195649997,0.25143855218,0.21318461204,0.36628191246,0.34300831206,0.46575650505,0.28299134213,0.24375333256,0.052694462126,0.46575983552,0.4171087917,0.24801896226,0.0094558139301,0.23054676646,0.48263884739,0.29491415123,0.13275444094,0.44750977587,0.46757989992,0.16376802069,0.23976830617,0.023052011962,3.3863508328e-05,0.09659454053,0.052288034003,0.16750577999,0.016542503698
244.0,0.022684928797,0.31926492731,0.31926492731,0.25107821028,0.21280668489,0.36604093103,0.34273621912,0.46568072845,0.28265470786,0.24338839555,0.052449649481,0.46568406498,0.41694606907,0.24765649251,0.0093785472537,0.23017509631,0.48259575236,0.29458838764,0.13238959043,0.447400099,0.46750759301,0.16338866181,0.23940119741,0.02290564386,3.3198921963e-05,0.096265740319,0.052044153354,0.16712541151,0.016426231037
244.5,0.022540507057,0.31896513665,0.31896513665,0.25071838449,0.21242942753,0.36580010809,0.34246434188,0.46560496418,0.28231847381,0.24302400452,0.052205974131,0.46560830676,0.41678340988,0.24729455209,0.0093019119056,0.22980402477,0.48255266117,0.29426298361,0.13202574218,0.447290449,0.46743529728,0.1630101811,0.23903465036,0.022760204886,3.2547378395e-05,0.095938058598,0.051801409924,0.1667459058,0.016310775491
245.0,0.022397004611,0.31866562747,0.31866562747,0.25035907407,0.21205283878,0.36555944354,0.34219268015,0.46552921224,0.2819826395,0.24266015865,0.051963430791,0.46553256086,0.41662081408,0.24693314021,0.0092259027279,0.22943355086,0.48250957384,0.29393793874,0.13166289342,0.44718082586,0.46736301273,0.16263257652,0.23866866413,0.022615689146,3.1908621655e-05,0.095611491567,0.051559798412,0.16636726091,0.016196131319
245.5,0.02225441561,0.31836639949,0.31836639949,0.25000027828,0.21167691746,0.36531893727,0.34192123376,0.46545347262,0.28164720445,0.24229685713,0.051722014205,0.46545682729,0.41645828166,0.2465722561,0.0091505146051,0.22906367364,0.48246649035,0.29361325263,0.13130104142,0.44707122959,0.46729073936,0.16225584605,0.23830323788,0.022472090782,3.1282400796e-05,0.095286035439,0.051319313542,0.16598947488,0.016082292821
246.0,0.02211273424,0.31806745246,0.31806745246,0.24964199639,0.21130166237,0.36507858917,0.34165000255,0.46537774531,0.28131216819,0.24193409914,0.051481719138,0.46538110603,0.4162958126,0.246211899,0.0090757424633,0.22869439214,0.4824234107,0.29328892489,0.13094018345,0.44696166017,0.46721847716,0.16187998768,0.23793837076,0.022329403973,3.0668469795e-05,0.09496168644,0.051079950063,0.16561254577,0.015969254337
246.5,0.021971954727,0.3177687861,0.3177687861,0.24928422765,0.21092707235,0.36483839915,0.34137898635,0.46530203033,0.28097753025,0.24157188387,0.051242540381,0.46530539709,0.41613340687,0.24585206814,0.0090015812703,0.22832570541,0.48238033491,0.29296495512,0.13058031677,0.4468521176,0.46714622613,0.16150499937,0.2375740619,0.022187622936,3.0066587459e-05,0.094638440807,0.05084170275,0.16523647164,0.015857010245
247.0,0.021832071332,0.31747040016,0.31747040016,0.24892697134,0.21055314621,0.3645983671,0.34110818498,0.46522632766,0.28064329015,0.24121021051,0.051004472748,0.46522970046,0.41597106444,0.24549276275,0.0089280260347,0.22795761248,0.48233726296,0.29264134293,0.13022143867,0.44674260187,0.46707398627,0.16113087913,0.23721031046,0.022046741923,2.9476517327e-05,0.094316294794,0.050604566399,0.16486125056,0.015745554967
247.5,0.021693078353,0.31717229437,0.31717229437,0.24857022673,0.21017988278,0.36435849292,0.34083759828,0.46515063731,0.28030944743,0.24084907825,0.050767511079,0.46515401614,0.41580878529,0.24513398207,0.0088550718061,0.22759011241,0.48229419485,0.29231808792,0.12986354643,0.44663311297,0.46700175758,0.16075762494,0.23684711558,0.021906755224,2.8898027581e-05,0.093995244663,0.050368535834,0.1644868806,0.015634882959
248.0,0.021554970123,0.31687446847,0.31687446847,0.24821399307,0.20980728088,0.3641187765,0.34056722607,0.46507495927,0.2799760016,0.24048848629,0.050531650237,0.46507834413,0.4156465694,0.24477572532,0.0087827136743,0.22722320424,0.48225113059,0.29199518971,0.12950663734,0.4465236509,0.46692954006,0.1603852348,0.23648447641,0.021767657164,2.8330890949e-05,0.093675286692,0.050133605899,0.16411335983,0.015524988719
248.5,0.021417741012,0.3165769222,0.3165769222,0.24785826964,0.20943533935,0.36387921774,0.34029706819,0.46499929354,0.27964295219,0.2401284338,0.050296885107,0.46500268443,0.41548441673,0.24441799175,0.0087109467694,0.22685688702,0.48220807017,0.29167264789,0.12915070871,0.44641421565,0.46685733371,0.16001370672,0.2361223921,0.021629442106,2.7774884623e-05,0.09335641717,0.049899771465,0.16374068632,0.015415866783
249.0,0.021281385427,0.31627965529,0.31627965529,0.24750305571,0.209064057,0.36363981653,0.34002712446,0.46492364012,0.27931029875,0.23976892,0.050063210601,0.46492703703,0.41532232728,0.24406078059,0.0086397662612,0.2264911598,0.4821650136,0.29135046208,0.12879575784,0.44630480721,0.46678513852,0.15964303871,0.23576086181,0.021492104446,2.7229790165e-05,0.093038632398,0.049667027427,0.16336885816,0.015307511724
249.5,0.021145897809,0.31598266748,0.31598266748,0.24714835055,0.20869343269,0.36340057277,0.33975739472,0.464847999,0.27897804079,0.23940994407,0.049830621653,0.46485140194,0.415160301,0.24370409108,0.0085691673589,0.22612602163,0.48212196087,0.29102863188,0.12844178206,0.44619542558,0.46671295449,0.15927322876,0.23539988469,0.021355638618,2.6695393426e-05,0.092721928691,0.049435368701,0.16299787345,0.015199918155
250.0,0.021011272634,0.31568595851,0.31568595851,0.24679415344,0.20832346523,0.36316148637,0.33948787879,0.46477237019,0.27864617785,0.23905150521,0.04959911322,0.46477577914,0.41499833789,0.24334792247,0.008499145311,0.22576147157,0.48207891198,0.29070715691,0.12808877869,0.44608607076,0.46664078162,0.15890427491,0.23503945989,0.021220039088,2.6171484457e-05,0.092406302376,0.04920479023,0.16262773025,0.015093080727
250.5,0.020877504414,0.31538952812,0.31538952812,0.24644046364,0.20795415346,0.36292255721,0.33921857651,0.46469675368,0.27831470945,0.23869360262,0.049368680283,0.46470016865,0.4148364379,0.24299227398,0.0084296954047,0.22539750866,0.48203586694,0.29038603676,0.12773674505,0.44597674273,0.46656861991,0.15853617516,0.23467958658,0.021085300362,2.5657857433e-05,0.092091749792,0.048975286978,0.16225842669,0.014986994126
251.0,0.020744587697,0.31509337604,0.31509337604,0.24608728043,0.20758549623,0.36268378519,0.33894948771,0.46462114947,0.27798363514,0.2383362355,0.049139317847,0.46462457045,0.41467460102,0.24263714486,0.0083608129655,0.22503413197,0.48199282574,0.29006527105,0.12738567849,0.44586744148,0.46649646936,0.15816892756,0.2343202639,0.020951416975,2.5154310564e-05,0.091778267292,0.048746853934,0.16188996084,0.014881653078
251.5,0.020612517063,0.31479750202,0.31479750202,0.24573460308,0.20721749237,0.3624451702,0.33868061222,0.46454555756,0.27765295444,0.23797940305,0.048911020939,0.46454898455,0.41451282723,0.24228253436,0.0082924933575,0.22467134055,0.48194978839,0.28974485938,0.12703557635,0.44575816702,0.46642432996,0.15780253012,0.23396149101,0.020818383503,2.4660646025e-05,0.091465851239,0.04851948611,0.16152233082,0.014777052345
252.0,0.020481287128,0.3145019058,0.3145019058,0.24538243088,0.20685014073,0.36220671215,0.33841194987,0.46446997795,0.27732266688,0.23762310446,0.04868378461,0.46447341095,0.4143511165,0.24192844172,0.0082247319824,0.22430913346,0.48190675487,0.28942480138,0.12668643598,0.44564891933,0.46635220172,0.15743698088,0.23360326708,0.02068619455,2.4176669869e-05,0.091154498009,0.04829317854,0.16115553474,0.014673186725
252.5,0.020350892543,0.3142065871,0.3142065871,0.2450307631,0.20648344015,0.36196841094,0.3381435005,0.46439441063,0.27699277199,0.23726733894,0.048457603933,0.46439784963,0.4141894688,0.24157486619,0.0081575242793,0.22394750977,0.4818637252,0.28910509664,0.12633825475,0.44553969841,0.46628008463,0.15707227788,0.23324559127,0.020554844759,2.3702191959e-05,0.090844203992,0.048067926284,0.1607895707,0.014570051054
253.0,0.020221327992,0.31391154568,0.31391154568,0.24467959901,0.20611738948,0.36173026645,0.33787526392,0.4643188556,0.27666326932,0.2369121057,0.048232474004,0.4643223006,0.4140278841,0.241221807,0.008090865725,0.22358646853,0.48182069937,0.28878574478,0.12599103002,0.44543050426,0.46620797868,0.15670841916,0.23288846273,0.020424328805,2.3237025887e-05,0.090534965588,0.047843724421,0.16042443683,0.014467640203
253.5,0.020092588193,0.31361678127,0.31361678127,0.2443289379,0.20575198757,0.36149227859,0.33760723998,0.46424331286,0.27633415839,0.23655740394,0.048008389944,0.46424676386,0.4138663624,0.24086926341,0.0080247518328,0.2232260088,0.48177767738,0.28846674541,0.12564475917,0.44532133686,0.46613588389,0.15634540278,0.23253188064,0.020294641396,2.2780988904e-05,0.090226779211,0.047620568057,0.16006013124,0.01436594908
254.0,0.019964667897,0.31332229362,0.31332229362,0.24397877905,0.20538723327,0.36125444725,0.33733942851,0.46416778242,0.27600543874,0.23620323286,0.047785346894,0.46417123941,0.41370490365,0.24051723466,0.007959178153,0.22286612966,0.48173465923,0.28814809814,0.12529943958,0.4452121962,0.46606380024,0.15598322677,0.23217584416,0.020165777276,2.2333901848e-05,0.089919641286,0.047398452317,0.15969665206,0.014264972628
254.5,0.019837561889,0.31302808246,0.31302808246,0.24362912173,0.20502312542,0.36101677233,0.33707182933,0.46409226425,0.27567710991,0.23584959167,0.047563340018,0.46409572724,0.41354350784,0.24016572001,0.007894140272,0.22250683017,0.48169164492,0.28782980259,0.12495506864,0.44510308229,0.46599172774,0.15562188921,0.23182035245,0.02003773122,2.1895589073e-05,0.089613548251,0.047177372352,0.15933399742,0.014164705827
255.0,0.019711264988,0.31273414753,0.31273414753,0.24327996524,0.20465966289,0.36077925373,0.33680444229,0.46401675838,0.27534917143,0.23549647959,0.047342364503,0.46402022735,0.41338217495,0.2398147187,0.0078296338123,0.2221481094,0.48164863445,0.28751185836,0.12461164374,0.44499399512,0.46591966639,0.15526138816,0.23146540468,0.019910498038,2.1465878379e-05,0.089308496554,0.046957323334,0.15897216545,0.014065143689
255.5,0.019585772044,0.31244048857,0.31244048857,0.24293130885,0.20429684454,0.36054189134,0.3365372672,0.46394126478,0.27502162283,0.23514389581,0.047122415559,0.46394473974,0.41322090494,0.23946422999,0.0077656544322,0.22178996641,0.48160562782,0.28719426507,0.12426916229,0.44488493467,0.46584761617,0.15490172167,0.23111100003,0.01978407257,2.1044600948e-05,0.089004482658,0.046738300457,0.1586111543,0.013966281264
256.0,0.019461077941,0.31214710533,0.31214710533,0.24258315185,0.20393466921,0.36030468507,0.33627030391,0.46386578346,0.27469446366,0.23479183955,0.046903488418,0.4638692644,0.41305969779,0.23911425313,0.0077021978255,0.22143240028,0.48156262503,0.28687702233,0.1239276217,0.44477590095,0.46577557709,0.15454288782,0.23075713765,0.019658449692,2.0631591272e-05,0.088701503035,0.046520298938,0.15825096209,0.013868113637
256.5,0.019337177596,0.31185399754,0.31185399754,0.24223549352,0.20357313578,0.3600676348,0.33600355225,0.46379031443,0.27436769345,0.23444031003,0.046685578332,0.46379380134,0.41289855348,0.23876478737,0.0076392597212,0.22107541008,0.48151962608,0.28656012975,0.12358701938,0.44466689394,0.46570354915,0.15418488468,0.23040381673,0.01953362431,2.0226687094e-05,0.088399554173,0.046303314017,0.15789158699,0.013770635924
257.0,0.019214065958,0.31156116496,0.31156116496,0.24188833316,0.20321224311,0.35983074044,0.33573701205,0.46371485767,0.27404131174,0.23408930645,0.046468680577,0.46371835056,0.41273747199,0.23841583197,0.0075768358829,0.22071899489,0.48147663096,0.28624358695,0.12324735276,0.44455791364,0.46563153235,0.15382771034,0.23005103643,0.019409591365,1.9829729339e-05,0.088098632567,0.046087340955,0.15753302713,0.01367384328
257.5,0.019091738006,0.31126860731,0.31126860731,0.24154167004,0.20285199005,0.35959400188,0.33547068314,0.46363941318,0.27371531807,0.23373882803,0.046252790452,0.46364291204,0.41257645328,0.23806738618,0.0075149221093,0.22036315378,0.48143363969,0.28592739355,0.12290861928,0.44444896005,0.46555952668,0.15347136287,0.22969879593,0.019286345827,1.9440562056e-05,0.087798734728,0.045872375036,0.15717528068,0.013577730891
258.0,0.018970188754,0.31097632434,0.31097632434,0.24119550346,0.20249237548,0.35935741903,0.33520456535,0.46356398097,0.27338971198,0.23338887399,0.046037903275,0.4635674858,0.41241549734,0.23771944926,0.0074535142329,0.22000788583,0.48139065225,0.28561154916,0.12257081636,0.44434003315,0.46548753215,0.15311584037,0.2293470944,0.0191638827,1.9059032352e-05,0.087499857177,0.045658411565,0.15681834578,0.013482293976
258.5,0.018849413247,0.3106843158,0.3106843158,0.24084983271,0.20213339827,0.35912099177,0.33493865852,0.46348856102,0.273064493,0.23303944354,0.045824014389,0.46349207182,0.41225460414,0.23737202047,0.0073926081205,0.21965319011,0.48134766866,0.28529605339,0.12223394147,0.44423113294,0.46541554875,0.15276114092,0.22899593102,0.019042197019,1.8684990338e-05,0.087201996445,0.045445445869,0.15646222062,0.013387527791
259.0,0.01872940656,0.31039258142,0.31039258142,0.24050465708,0.20177505728,0.35888472002,0.33467296248,0.46341315335,0.27273966068,0.23269053589,0.045611119155,0.46341667011,0.41209377366,0.23702509906,0.0073321996728,0.2192990657,0.4813046889,0.28498090586,0.12189799204,0.44412225941,0.46534357647,0.15240726263,0.22864530497,0.018921283851,1.8318289064e-05,0.086905149079,0.045233473298,0.15610690334,0.013293427623
259.5,0.018610163801,0.31010112095,0.31010112095,0.24015997585,0.2014173514,0.35864860365,0.33440747707,0.46333775794,0.27241521456,0.23234215028,0.045399212958,0.46334128066,0.41193300586,0.23667868431,0.0072722848237,0.2189455117,0.48126171297,0.28466610618,0.12156296554,0.44401341256,0.46527161533,0.1520542036,0.22829521543,0.018801138293,1.7958784465e-05,0.086609311634,0.045022489222,0.15575239213,0.013199988792
260.0,0.018491680108,0.30980993413,0.30980993413,0.23981578833,0.20106027949,0.35841264258,0.33414220211,0.4632623748,0.27209115418,0.23199428591,0.045188291204,0.46326590347,0.41177230074,0.23633277546,0.0072128595404,0.21859252718,0.48121874088,0.28435165398,0.12122885944,0.44390459238,0.46519966531,0.15170196193,0.22794566157,0.018681755474,1.7606335303e-05,0.086314480679,0.044812489033,0.15539868516,0.013107206651
260.5,0.01837395065,0.3095190207,0.3095190207,0.2394720938,0.20070384043,0.3581768367,0.33387713744,0.46318700392,0.27176747909,0.23164694201,0.044978349321,0.46319053855,0.41161165826,0.23598737178,0.0071539198232,0.21824011122,0.48117577263,0.28403754887,0.1208956712,0.44379579887,0.46512772641,0.15135053573,0.22759664258,0.018563130553,1.7260803112e-05,0.086020652794,0.044603468147,0.1550457806,0.013015076587
261.0,0.018256970628,0.30922838041,0.30922838041,0.23912889156,0.20034803311,0.35794118591,0.33361228289,0.46311164529,0.27144418881,0.23130011781,0.044769382756,0.46311518588,0.41145107839,0.23564247253,0.0070954617049,0.21788826291,0.48113280822,0.28372379047,0.12056339832,0.44368703201,0.46505579864,0.15099992312,0.22724815764,0.018445258722,1.6922052143e-05,0.085727824568,0.044395421996,0.15469367664,0.012923594018
261.5,0.018140735271,0.30893801301,0.30893801301,0.23878618091,0.19999285639,0.35770569011,0.33334763831,0.46303629893,0.27112128291,0.23095381251,0.044561386979,0.46303984546,0.41129056112,0.23529807698,0.0070374812506,0.21753698134,0.48108984764,0.28341037839,0.12023203827,0.4435782918,0.46498388199,0.15065012221,0.22690020594,0.018328135202,1.6589949312e-05,0.085435992606,0.044188346039,0.15434237148,0.012832754394
262.0,0.018025239842,0.30864791823,0.30864791823,0.23844396114,0.19963830917,0.35747034919,0.33308320351,0.46296096482,0.27079876091,0.23060802536,0.04435435748,0.4629645173,0.41113010642,0.2349541844,0.0069799745579,0.21718626559,0.4810468909,0.28309731225,0.11990158856,0.44346957824,0.46491197645,0.15030113113,0.22655278665,0.018211755242,1.6264364147e-05,0.085145153522,0.043982235752,0.15399186329,0.012742553198
262.5,0.017910479631,0.30835809581,0.30835809581,0.23810223155,0.19928439033,0.35723516305,0.33281897834,0.46288564297,0.27047662237,0.23026275557,0.044148289772,0.46288920139,0.41096971427,0.23461079404,0.0069229377561,0.21683611476,0.48100393799,0.28278459168,0.11957204668,0.44336089131,0.46484008204,0.14995294801,0.22620589898,0.018096114126,1.5945168735e-05,0.084855303942,0.043777086635,0.15364215028,0.012652985944
263.0,0.017796449958,0.30806854551,0.30806854551,0.23776099144,0.19893109876,0.35700013159,0.33255496263,0.46281033337,0.27015486683,0.22991800238,0.043943179387,0.46281389773,0.41080938464,0.23426790519,0.0068663670058,0.21648652795,0.48096098891,0.28247221629,0.11924341014,0.44325223102,0.46476819874,0.14960557097,0.22585954209,0.017981207164,1.5632237674e-05,0.084566440503,0.043572894206,0.15329323064,0.012564048177
263.5,0.017683146176,0.30777926707,0.30777926707,0.2374202401,0.19857843335,0.35676525472,0.33229115621,0.46273503602,0.26983349383,0.22957376501,0.043739021877,0.46273860631,0.4106491175,0.2339255171,0.0068102584996,0.21613750423,0.48091804367,0.28216018569,0.11891567645,0.44314359735,0.46469632655,0.14925899816,0.22551371519,0.017867029697,1.5325448024e-05,0.084278559853,0.043369654007,0.15294510258,0.012475735476
264.0,0.017570563664,0.30749026024,0.30749026024,0.23707997685,0.19822639298,0.35653053232,0.33202755891,0.46265975092,0.26951250292,0.22923004268,0.043535812816,0.46266332714,0.41048891284,0.23358362904,0.0067546084606,0.21578904271,0.48087510227,0.28184849952,0.11858884315,0.44303499029,0.46462446548,0.14891322771,0.22516841746,0.017753577095,1.5024679258e-05,0.083991658653,0.043167361598,0.15259776431,0.012388043448
264.5,0.017458697832,0.30720152475,0.30720152475,0.23674020098,0.19787497654,0.3562959643,0.33176417059,0.46258447807,0.26919189365,0.22888683464,0.043333547799,0.46258806022,0.41032877062,0.2332422403,0.0066994131431,0.21544114248,0.48083216469,0.28153715739,0.11826290775,0.44292640985,0.46455261552,0.14856825777,0.2248236481,0.01764084476,1.4729813212e-05,0.083705733575,0.042966012561,0.15225121404,0.012300967731
265.0,0.017347544118,0.30691306035,0.30691306035,0.23640091179,0.19752418295,0.35606155055,0.33150099105,0.46250921746,0.26887166556,0.22854414011,0.043132222441,0.46251280553,0.41016869083,0.23290135013,0.006644668832,0.21509380264,0.48078923095,0.28122615893,0.11793786779,0.44281785602,0.46448077666,0.14822408649,0.22447940629,0.017528828119,1.4440734043e-05,0.0834207813,0.0427656025,0.15190544999,0.012214503996
265.5,0.017237097992,0.30662486679,0.30662486679,0.23606210858,0.19717401108,0.35582729098,0.33123802015,0.46243396909,0.2685518182,0.22820195832,0.042931832376,0.46243756309,0.41000867344,0.23256095781,0.0065903718423,0.21474702229,0.48074630105,0.28091550374,0.11761372081,0.44270932878,0.46440894892,0.14788071202,0.22413569123,0.01741752263,1.4157328181e-05,0.083136798523,0.042566127036,0.15156047037,0.012128647942
266.0,0.017127354949,0.30633694382,0.30633694382,0.23572379067,0.19682445984,0.35559318548,0.33097525772,0.46235873297,0.26823235112,0.22786028851,0.042732373261,0.46236233288,0.40984871842,0.23222106262,0.0065365185192,0.21440080053,0.48070337497,0.28060519146,0.11729046437,0.44260082813,0.46433713228,0.14753813252,0.22379250212,0.017306923782,1.3879484285e-05,0.082853781949,0.042367581814,0.1512162734,0.012043395299
266.5,0.017018310516,0.30604929118,0.30604929118,0.23538595736,0.19647552814,0.35535923395,0.33071270358,0.46228350908,0.26791326387,0.22751912992,0.04253384077,0.46228711491,0.40968882576,0.23188166384,0.006483105238,0.21405513647,0.48066045273,0.28029522171,0.11696809601,0.44249235407,0.46426532674,0.14719634615,0.22344983815,0.017197027088,1.3607093199e-05,0.082571728294,0.042169962496,0.15087285733,0.011958741829
267.0,0.016909960245,0.30576190861,0.30576190861,0.23504860795,0.19612721486,0.35512543629,0.33045035758,0.46220829743,0.26759455599,0.22717848177,0.0423362306,0.46221190917,0.40952899542,0.23154276072,0.0064301284034,0.21371002919,0.48061753432,0.27998559411,0.11664661331,0.44238390659,0.4641935323,0.14685535108,0.22310769851,0.017087828093,1.334004791e-05,0.082290634285,0.041973264767,0.15053022037,0.011874683319
267.5,0.016802299719,0.30547479587,0.30547479587,0.23471174176,0.19577951892,0.3548917924,0.33018821956,0.46213309801,0.26727622704,0.22683834331,0.042139538465,0.46213671567,0.40936922738,0.23120435257,0.0063775844493,0.21336547782,0.48057461974,0.27967630828,0.11632601382,0.44227548568,0.46412174897,0.14651514547,0.22276608242,0.01697932237,1.3078243503e-05,0.082010496662,0.041777484331,0.15018836077,0.011791215591
268.0,0.016695324549,0.3051879527,0.3051879527,0.23437535808,0.19543243923,0.35465830218,0.32992628934,0.46205791082,0.26695827656,0.22649871378,0.041943760102,0.46206153439,0.40920952162,0.23086643864,0.006325469839,0.21302148145,0.480531709,0.27936736384,0.11600629512,0.44216709134,0.46404997673,0.14617572751,0.22242498906,0.016871505518,1.2821577124e-05,0.081731312174,0.041582616911,0.14984727676,0.011708334492
268.5,0.016589030372,0.30490137884,0.30490137884,0.23403945623,0.19508597468,0.35442496552,0.32966456676,0.46198273587,0.26664070411,0.22615959241,0.041748891267,0.46198636534,0.40904987812,0.23052901823,0.0062737810647,0.21267803919,0.48048880208,0.27905876043,0.11568745481,0.44205872355,0.46397821559,0.14583709536,0.22208441765,0.016764373166,1.2569947936e-05,0.081453077581,0.041388658252,0.14950696659,0.011626035902
269.0,0.016483412855,0.30461507405,0.30461507405,0.23370403553,0.1947401242,0.35419178233,0.32940305166,0.46190757314,0.26632350924,0.22582097845,0.041554927733,0.46191120851,0.40889029684,0.23019209061,0.006222514647,0.21233515016,0.48044589899,0.27875049766,0.11536949046,0.44195038232,0.46390646555,0.14549924722,0.22174436737,0.016657920969,1.2323257084e-05,0.081175789655,0.041195604117,0.14916742851,0.011544315726
269.5,0.016378467691,0.30432903807,0.30432903807,0.23336909527,0.19439488669,0.35395875251,0.32914174388,0.46183242264,0.26600669149,0.22548287113,0.041361865295,0.46183606391,0.40873077777,0.22985565506,0.0061716671352,0.21199281346,0.48040299974,0.27844257515,0.11505239966,0.44184206764,0.4638347266,0.14516218127,0.22140483744,0.016552144612,1.2081407649e-05,0.080899445178,0.04100345029,0.14882866077,0.0114631699
270.0,0.0162741906,0.30404327065,0.30404327065,0.23303463478,0.19405026107,0.35372587594,0.32888064324,0.46175728437,0.26569025042,0.22514526971,0.041169699769,0.46176093153,0.40857132089,0.22951971087,0.0061212351067,0.2116510282,0.48036010431,0.27813499254,0.11473618004,0.44173377949,0.46376299874,0.1448258957,0.22106582706,0.016447039804,1.1844304617e-05,0.080624040945,0.040812192574,0.14849066162,0.01138259439
270.5,0.016170577332,0.30375777154,0.30375777154,0.23270065337,0.19370624626,0.35349315255,0.32861974959,0.46168215832,0.26537418559,0.22480817342,0.040978426988,0.46168581137,0.40841192616,0.22918425731,0.0060712151667,0.2113097935,0.48031721272,0.27782774945,0.11442082918,0.44162551788,0.46369128197,0.14449038871,0.22072733543,0.016342602284,1.1611854838e-05,0.080349573759,0.040621826791,0.14815342932,0.011302585186
271.0,0.016067623661,0.30347254048,0.30347254048,0.23236715035,0.19336284117,0.35326058221,0.32835906276,0.46160704449,0.26505849654,0.22447158151,0.040788042804,0.46161070343,0.40825259356,0.22884929368,0.0060216039484,0.21096910847,0.48027432495,0.2775208455,0.11410634471,0.4415172828,0.46361957629,0.14415565849,0.22038936177,0.016238827816,1.1383966989e-05,0.080076040436,0.040432348783,0.14781696214,0.011223138311
271.5,0.01596532539,0.30318757722,0.30318757722,0.23203412504,0.19302004471,0.35302816484,0.32809858259,0.46153194287,0.26474318283,0.22413549322,0.04059854309,0.4615356077,0.40809332307,0.22851481926,0.0059723981123,0.21062897223,0.48023144101,0.27721428032,0.11379272424,0.44140907423,0.46354788169,0.14382170325,0.22005190527,0.016135712194,1.1160551541e-05,0.079803437801,0.040243754412,0.14748125835,0.011144249813
272.0,0.015863678346,0.30290288152,0.30290288152,0.23170157676,0.19267785583,0.35279590032,0.32783830891,0.46145685348,0.26442824402,0.22379990781,0.040409923737,0.46146052419,0.40793411467,0.22818083334,0.0059235943462,0.2102893839,0.4801885609,0.27690805354,0.11347996541,0.44130089218,0.46347619818,0.1434885212,0.21971496516,0.016033251235,1.094152072e-05,0.079531762692,0.040056039559,0.14714631621,0.011065915767
272.5,0.015762678386,0.30261845312,0.30261845312,0.23136950482,0.19233627343,0.35256378857,0.32757824157,0.4613817763,0.26411367965,0.22346482452,0.040222180657,0.46138545289,0.40777496832,0.2278473352,0.005875189365,0.20995034259,0.48014568462,0.27660216479,0.11316806586,0.44119273664,0.46340452575,0.14315611055,0.21937854064,0.015931440784,1.0726788477e-05,0.079261011955,0.039869200123,0.14681213401,0.010988132279
273.0,0.01566232139,0.30233429177,0.30233429177,0.23103790854,0.19199529644,0.35233182948,0.32731838039,0.46130671133,0.26379948929,0.2231302426,0.040035309777,0.4613103938,0.40761588402,0.22751432413,0.0058271799105,0.20961184743,0.48010281216,0.27629661368,0.11285702321,0.4410846076,0.46333286441,0.14282446952,0.21904263092,0.015830276713,1.051627045e-05,0.078991182449,0.039683232024,0.14647871001,0.010910895479
273.5,0.015562603268,0.30205039722,0.30205039722,0.23070678723,0.19165492379,0.35210002295,0.32705872521,0.46123165857,0.26348567249,0.2227961613,0.039849307048,0.46123534691,0.40745686172,0.22718179942,0.0057795627511,0.20927389753,0.48005994354,0.27599139986,0.11254683513,0.44097650505,0.46326121414,0.14249359632,0.21870723522,0.01572975492,1.0309883933e-05,0.078722271043,0.0394981312,0.14614604251,0.010834201526
274.0,0.015463519952,0.30176676922,0.30176676922,0.23037614023,0.19131515442,0.35186836888,0.32679927588,0.46115661802,0.2631722288,0.22246257988,0.039664168436,0.46116031223,0.40729790141,0.22684976036,0.0057323346814,0.20893649202,0.48001707874,0.27568652294,0.11223749925,0.44086842899,0.46318957496,0.14216348918,0.21837235276,0.015629871328,1.0107547843e-05,0.078454274617,0.039313893606,0.14581412979,0.010758046606
274.5,0.015365067403,0.30148340751,0.30148340751,0.23004596685,0.19097598724,0.35163686717,0.32654003223,0.46108158968,0.26285915779,0.22212949758,0.039479889927,0.46108528976,0.40713900307,0.22651820625,0.0056854925225,0.20859963003,0.47997421776,0.27538198256,0.11192901325,0.44076037941,0.46311794685,0.14183414634,0.21803798273,0.015530621887,9.9091826894e-06,0.078187190059,0.039130515221,0.14548297015,0.010682426931
275.0,0.015267241605,0.30120031186,0.30120031186,0.22971626642,0.1906374212,0.35140551772,0.32628099409,0.46100657354,0.26254645901,0.22179691367,0.039296467525,0.46101027948,0.40698016667,0.22618713637,0.0056390331212,0.20826331068,0.47993136062,0.27507777834,0.1116213748,0.44065235631,0.46304632981,0.14150556601,0.21770412438,0.015432002572,9.7147105403e-06,0.077921014271,0.038947992037,0.14515256187,0.010607338739
275.5,0.015170038571,0.30091748201,0.30091748201,0.22938703825,0.19029945523,0.35117432043,0.3260221613,0.4609315696,0.26223413201,0.22146482739,0.039113897255,0.46093528141,0.40682139218,0.22585655003,0.0055929533503,0.2079275331,0.4798885073,0.27477390992,0.11131458155,0.44054435968,0.46297472385,0.14117774644,0.2173707769,0.015334009383,9.5240549939e-06,0.077655744165,0.038766320068,0.14482290325,0.010532778297
276.0,0.015073454335,0.3006349177,0.3006349177,0.22905828168,0.18996208827,0.3509432752,0.32576353371,0.46085657787,0.26192217636,0.22113323801,0.038932175156,0.46086029553,0.40666267958,0.22552644651,0.0055472501078,0.20759229641,0.4798456578,0.27447037692,0.1110086312,0.4404363895,0.46290312895,0.14085068587,0.21703793953,0.015236638347,9.3371411478e-06,0.07739137666,0.038585495345,0.1444939926,0.010458741895
276.5,0.014977484961,0.3003526187,0.3003526187,0.22872999602,0.18962531925,0.35071238193,0.32550511114,0.46078159833,0.26161059162,0.22080214478,0.038751297291,0.46078532185,0.40650402886,0.22519682511,0.0055019203174,0.20725759976,0.47980281213,0.27416717898,0.11070352143,0.44032844579,0.46283154513,0.14052438255,0.21670561147,0.015139885515,9.1538955692e-06,0.077127908691,0.03840551392,0.14416582823,0.010385225852
277.0,0.014882126534,0.30007058474,0.30007058474,0.2284021806,0.18928914712,0.35048164052,0.32524689343,0.46070663099,0.26129937735,0.22047154695,0.038571259736,0.46071036037,0.40634543997,0.22486768513,0.0054569609278,0.20692344226,0.47975997029,0.27386431572,0.11039924993,0.44022052852,0.46275997238,0.14019883472,0.21637379196,0.015043746964,8.9742462669e-06,0.076865337198,0.038226371861,0.14383840844,0.01031222651
277.5,0.014787375166,0.29978881559,0.29978881559,0.22807483476,0.18895357081,0.35025105086,0.32498888043,0.46063167585,0.26098853309,0.2201414438,0.038392058589,0.46063541107,0.4061869129,0.22453902587,0.0054123689126,0.20658982305,0.47971713227,0.27356178678,0.11009581441,0.44011263769,0.46268841069,0.13987404063,0.21604248022,0.014948218794,8.7981226624e-06,0.076603659134,0.038048065253,0.14351173154,0.010239740239
278.0,0.014693226993,0.29950731099,0.29950731099,0.22774795781,0.18861858928,0.35002061287,0.32473107198,0.4605567329,0.26067805843,0.21981183457,0.038213689963,0.46056047397,0.40602844763,0.22421084662,0.00536814127,0.20625674127,0.47967429807,0.27325959179,0.10979321256,0.4400047733,0.46261686006,0.13954999855,0.21571167546,0.014853297132,8.6254555623e-06,0.076342871464,0.037870590204,0.14318579587,0.010167763433
278.5,0.014599678177,0.2992260707,0.2992260707,0.22742154909,0.18828420147,0.34979032644,0.3244734679,0.46048180214,0.26036795291,0.21948271854,0.038036149993,0.46048554905,0.40587004414,0.22388314668,0.005324275023,0.20592419605,0.4796314677,0.27295773038,0.10949144209,0.43989693534,0.4625453205,0.13922670672,0.21538137692,0.014758978128,8.456177131e-06,0.07608297116,0.037693942836,0.14286059973,0.010096292513
279.0,0.014506724902,0.29894509447,0.29894509447,0.22709560793,0.18795040633,0.34956019147,0.32421606803,0.46040688357,0.2600582161,0.21915409496,0.037859434828,0.46041063632,0.40571170238,0.22355592536,0.0052807672188,0.20559218653,0.47958864116,0.27265620218,0.10919050073,0.43978912381,0.462473792,0.13890416343,0.21505158382,0.014665257957,8.2902208646e-06,0.075823955206,0.03751811929,0.14253614145,0.010025323923
279.5,0.014414363378,0.29866438205,0.29866438205,0.22677013365,0.1876172028,0.34933020786,0.32395887223,0.46033197718,0.25974884755,0.21882596309,0.037683540637,0.46033573577,0.40555342235,0.22322918196,0.0052376149286,0.20526071185,0.47954581843,0.27235500683,0.1088903862,0.43968133869,0.46240227456,0.13858236693,0.21472229539,0.014572132819,8.127521564e-06,0.075565820595,0.037343115727,0.14221241936,0.0099548541347
280.0,0.014322589839,0.29838393318,0.29838393318,0.2264451256,0.18728458985,0.34910037551,0.32370188031,0.46025708298,0.25943984685,0.21849832222,0.037508463606,0.4602608474,0.40539520403,0.22290291578,0.0051948152477,0.20492977114,0.47950299953,0.27205414396,0.10859109623,0.43957357998,0.46233076817,0.13826131551,0.21439351086,0.014479598936,7.9680153098e-06,0.075308564333,0.037168928322,0.14188943179,0.0098848796415
280.5,0.014231400541,0.29810374764,0.29810374764,0.2261205831,0.18695256642,0.34887069433,0.32344509213,0.46018220096,0.25913121353,0.21817117159,0.03733419994,0.46018597122,0.40523704737,0.22257712613,0.005152365295,0.20459936355,0.47946018445,0.27175361319,0.10829262855,0.43946584767,0.46225927284,0.13794100743,0.21406522945,0.014387652556,7.8116394372e-06,0.075052183433,0.036995553271,0.14156717709,0.0098153969635
281.0,0.014140791768,0.29782382516,0.29782382516,0.22579650549,0.18662113147,0.34864116421,0.32318850753,0.46010733113,0.25882294718,0.21784451048,0.037160745859,0.46011110721,0.40507895237,0.2222518123,0.005110262213,0.20426948823,0.4794173732,0.27145341418,0.10799498091,0.43935814176,0.46218778857,0.13762144098,0.2137374504,0.014296289951,7.6583325109e-06,0.074796674919,0.036822986788,0.14124565359,0.0097464026445
281.5,0.014050759823,0.2975441655,0.2975441655,0.2254728921,0.18629028395,0.34841178505,0.32293212633,0.46003247347,0.25851504735,0.21751833816,0.036988097604,0.46003625537,0.40492091899,0.22192697361,0.0050685031675,0.20394014431,0.47937456576,0.27115354654,0.10769815106,0.43925046224,0.46211631535,0.13730261444,0.21341017295,0.014205507413,7.5080343016e-06,0.074542035827,0.036651225102,0.14092485963,0.0096778932528
282.0,0.013961301036,0.29726476842,0.29726476842,0.22514974226,0.18596002283,0.34818255676,0.32267594838,0.45995762799,0.25820751361,0.21719265389,0.036816251431,0.45996141572,0.40476294722,0.22160260936,0.0050270853477,0.20361133094,0.47933176215,0.27085400992,0.10740213675,0.43914280911,0.46204485318,0.1369845261,0.21308339631,0.014115301263,7.3606857618e-06,0.0742882632,0.036480264461,0.14060479356,0.0096098653808
282.5,0.013872411758,0.29698563366,0.29698563366,0.22482705533,0.18563034707,0.34795347923,0.32241997352,0.45988279468,0.25790034552,0.21686745695,0.036645203614,0.45988658823,0.40460503702,0.22127871886,0.0049860059653,0.20328304727,0.47928896236,0.27055480394,0.10710693574,0.43903518235,0.46197340205,0.13666717426,0.21275711974,0.014025667842,7.216229003e-06,0.074035354094,0.036310101131,0.14028545374,0.0095423156447
283.0,0.013784088365,0.29670676098,0.29670676098,0.22450483062,0.18530125562,0.34772455237,0.32216420158,0.45980797355,0.25759354266,0.2165427466,0.036474950445,0.45981177291,0.40444718839,0.22095530143,0.0049452622551,0.20295529244,0.47924616639,0.27025592826,0.10681254579,0.43892758197,0.46190196198,0.1363505572,0.21243134246,0.013936603514,7.0746072726e-06,0.073783305573,0.036140731395,0.13996683852,0.0094752406846
283.5,0.013696327254,0.29642815014,0.29642815014,0.22418306748,0.18497274747,0.34749577607,0.32190863242,0.45973316459,0.25728710458,0.21621852213,0.036305488231,0.45973696976,0.40428940128,0.22063235636,0.0049048514745,0.20262806561,0.47920337424,0.26995738249,0.10651896469,0.43882000795,0.46183053295,0.13603467324,0.21210606371,0.013848104667,6.9357649321e-06,0.073532114711,0.035972151553,0.13964894625,0.0094086371642
284.0,0.013609124847,0.29614980089,0.29614980089,0.22386176526,0.18464482156,0.34726715025,0.32165326586,0.4596583678,0.25698103085,0.2158947828,0.036136813299,0.45966217878,0.40413167568,0.22030988297,0.0048647709032,0.20230136592,0.47916058591,0.26965916629,0.10622619022,0.43871246028,0.46175911496,0.13571952067,0.21178128273,0.013760167712,6.7996474345e-06,0.073281778593,0.035804357922,0.13933177531,0.0093425017704
284.5,0.013522477588,0.29587171298,0.29587171298,0.22354092328,0.18431747688,0.34703867479,0.32139810174,0.45958358317,0.25667532104,0.21557152789,0.035968921992,0.45958739996,0.40397401156,0.21998788058,0.0048250178431,0.20197519254,0.4791178014,0.26936127927,0.10593422015,0.43860493898,0.46168770802,0.13540509781,0.21145699875,0.013672789083,6.6662013038e-06,0.073032294314,0.035637346837,0.13901532405,0.0092768312137
285.0,0.013436381944,0.29559388617,0.29559388617,0.2232205409,0.18399071238,0.3468103496,0.32114313992,0.45950881071,0.25636997471,0.21524875668,0.03580181067,0.45951263331,0.40381640891,0.21966634849,0.0047855896183,0.2016495446,0.47907502071,0.26906372109,0.10564305228,0.43849744401,0.46161631211,0.13509140297,0.21113321103,0.013585965235,6.535374113e-06,0.072783658977,0.035471114649,0.13869959085,0.0092116222276
285.5,0.013350834403,0.29531632021,0.29531632021,0.22290061745,0.18366452705,0.34658217459,0.32088838021,0.45943405041,0.25606499145,0.21492646844,0.035635475709,0.45943787881,0.40365886768,0.21934528602,0.0047464835745,0.20132442127,0.47903224384,0.26876649138,0.1053526844,0.43838997539,0.46154492725,0.13477843446,0.21080991879,0.013499692648,6.4071144643e-06,0.072535869696,0.035305657728,0.13838457408,0.0091468715684
286.0,0.013265831476,0.29503901487,0.29503901487,0.22258115228,0.18333891985,0.34635414965,0.32063382248,0.45935930228,0.2557603708,0.21460466245,0.035469913502,0.45936313647,0.40350138787,0.21902469249,0.0047076970793,0.20099982171,0.47898947078,0.26846958978,0.10506311433,0.43828253309,0.46147355342,0.1344661906,0.21048712129,0.013413967822,6.2813719686e-06,0.072288923596,0.035140972459,0.13807027212,0.0090825760153
286.5,0.013181369698,0.29476196988,0.29476196988,0.22226214473,0.18301388977,0.34612627468,0.32037946654,0.4592845663,0.25545611236,0.21428333799,0.035305120461,0.45928840629,0.40334396945,0.21870456721,0.0046692275218,0.20067574506,0.47894670155,0.26817301592,0.10477433986,0.43817511713,0.46140219063,0.13415466972,0.21016481777,0.01332878728,6.1580972257e-06,0.07204281781,0.034977055244,0.13775668334,0.0090187323703
287.0,0.013097445623,0.29448518502,0.29448518502,0.22194359414,0.18268943578,0.34589854959,0.32012531226,0.45920984248,0.25515221567,0.21396249434,0.035141093011,0.45921368826,0.40318661239,0.21838490949,0.0046310723124,0.2003521905,0.47890393613,0.26787676944,0.10448635882,0.43806772748,0.46133083887,0.13384387014,0.20984300747,0.013244147568,6.0372418047e-06,0.071797549481,0.034813902503,0.13744380615,0.0089553374575
287.5,0.01301405583,0.29420866003,0.29420866003,0.22162549987,0.18236555685,0.34567097428,0.31987135946,0.45913513082,0.25484868032,0.21364213079,0.034977827597,0.45913898238,0.40302931668,0.21806571867,0.0045932288825,0.20002915718,0.47886117454,0.26758084999,0.10419916903,0.43796036415,0.46125949814,0.1335337902,0.20952168963,0.013160045253,5.9187582255e-06,0.071553115763,0.034651510671,0.13713163891,0.0088923881236
288.0,0.012931196917,0.29393239467,0.29393239467,0.22130786126,0.18204225198,0.34544354864,0.31961760798,0.45906043131,0.25454550587,0.21332224661,0.034815320679,0.45906428866,0.40287208227,0.21774699404,0.0045556946847,0.19970664425,0.47881841676,0.2672852572,0.10391276831,0.43785302712,0.46118816844,0.13322442823,0.20920086351,0.013076476924,5.8025999396e-06,0.071309513817,0.0344898762,0.13682018003,0.0088298812372
288.5,0.012848865507,0.2936563887,0.2936563887,0.22099067766,0.18171952014,0.34521627259,0.31936405768,0.45898574395,0.2542426919,0.21300284108,0.034653568732,0.45898960708,0.40271490916,0.21742873495,0.0045184671924,0.1993846509,0.47877566279,0.26698999071,0.1036271545,0.4377457164,0.46111684978,0.13291578257,0.20888052835,0.012993439192,5.688721312e-06,0.071066740817,0.03432899556,0.13650942789,0.0087678136893
289.0,0.01276705824,0.29338064188,0.29338064188,0.22067394842,0.18139736032,0.34498914602,0.31911070838,0.45891106874,0.25394023798,0.2126839135,0.034492568251,0.45891493765,0.40255779732,0.2171109407,0.0044815438994,0.19906317627,0.47873291265,0.26669505017,0.10334232543,0.43763843197,0.46104554213,0.13260785157,0.20856068341,0.012910928687,5.5770776034e-06,0.070824793944,0.034168865237,0.13619938091,0.0087061823923
289.5,0.012685771781,0.29310515395,0.29310515395,0.22035767288,0.1810757715,0.34476216883,0.31885755993,0.45883640567,0.25363814367,0.21236546315,0.034332315744,0.45884028036,0.40240074673,0.21679361061,0.0044449223202,0.19874221953,0.47869016632,0.26640043521,0.10305827896,0.43753117382,0.46097424552,0.13230063357,0.20824132793,0.012828942065,5.4676249526e-06,0.07058367039,0.034009481731,0.13589003748,0.0086449842806
290.0,0.012605002815,0.29282992468,0.29282992468,0.2200418504,0.18075475268,0.34453534093,0.31860461217,0.45876175475,0.25333640856,0.21204748932,0.034172807736,0.45876563522,0.40224375735,0.21647674402,0.0044085999897,0.19842177986,0.47864742381,0.26610614548,0.10277501294,0.43742394196,0.46090295992,0.13199412693,0.20792246116,0.012747475999,5.3603203592e-06,0.070343367355,0.033850841562,0.135581396,0.0085842163099
290.5,0.012524748048,0.29255495383,0.29255495383,0.21972648033,0.18043430284,0.34430866222,0.31835186494,0.45868711598,0.25303503222,0.21172999128,0.03401404077,0.45869100221,0.40208682917,0.21616034024,0.0043725744625,0.19810185642,0.47860468511,0.26581218061,0.10249252521,0.43731673637,0.46083168535,0.13168832999,0.20760408236,0.012666527185,5.2551216664e-06,0.070103882051,0.033692941263,0.1352734549,0.0085238754574
291.0,0.012445004207,0.29228024115,0.29228024115,0.21941156202,0.18011442097,0.34408213259,0.31809931808,0.45861248934,0.25273401422,0.21141296834,0.033856011402,0.45861638134,0.40192996216,0.21584439861,0.0043368433138,0.19778244838,0.47856195023,0.26551854025,0.10221081365,0.43720955705,0.4607604218,0.13138324111,0.20728619079,0.012586092341,5.1519875451e-06,0.069865211696,0.033535777385,0.13496621258,0.0084639587217
291.5,0.012365768039,0.2920057864,0.2920057864,0.21909709482,0.17979510608,0.34385575196,0.31784697144,0.45853787485,0.25243335413,0.21109641979,0.033698716207,0.45854177261,0.40177315631,0.21552891844,0.004301404138,0.19746355491,0.47851921916,0.26522522404,0.10192987612,0.43710240399,0.46068916927,0.13107885867,0.2069687857,0.012506168203,5.050877477e-06,0.069627353521,0.033379346495,0.13465966745,0.0084044631221
292.0,0.012287036315,0.29173158934,0.29173158934,0.2187830781,0.17947635715,0.34362952022,0.31759482485,0.45846327249,0.25213305153,0.2107803449,0.033542151773,0.45846717602,0.40161641158,0.21521389906,0.0042662545496,0.19714517518,0.47847649191,0.26493223163,0.10164971051,0.43699527719,0.46061792775,0.13077518102,0.20665186633,0.01242675153,4.9517517393e-06,0.069390304764,0.033223645175,0.13435381795,0.0083453856992
292.5,0.012208805822,0.29145764973,0.29145764973,0.2184695112,0.17915817318,0.34340343728,0.31734287816,0.45838868227,0.25183310599,0.21046474298,0.033386314707,0.45839259156,0.40145972795,0.2148993398,0.0042313921823,0.19682730837,0.47843376847,0.26463956265,0.10137031468,0.43688817664,0.46054669725,0.13047220653,0.20633543196,0.0123478391,4.8545713886e-06,0.069154062674,0.033068670023,0.13404866248,0.0082867235143
293.0,0.01213107337,0.29118396732,0.29118396732,0.21815639348,0.17884055318,0.34317750303,0.31709113121,0.45831410418,0.2515335171,0.21014961332,0.033231201628,0.45831801922,0.40130310539,0.21458524,0.0041968146894,0.19650995366,0.47839104885,0.26434721675,0.10109168652,0.43678110232,0.46047547776,0.13016993359,0.20601948185,0.012269427713,4.7592982459e-06,0.068918624508,0.032914417655,0.1337441995,0.0082284736492
293.5,0.01205383579,0.29091054187,0.29091054187,0.21784372431,0.17852349614,0.34295171739,0.31683958383,0.45823953823,0.25123428442,0.20983495522,0.033076809175,0.45824345902,0.4011465439,0.21427159897,0.004162519743,0.19619311021,0.47834833304,0.26405519357,0.10081382394,0.43667405425,0.46040426928,0.12986836055,0.20570401524,0.012191514189,4.6658948812e-06,0.068683987532,0.032760884699,0.13344042741,0.0081706332063
294.0,0.011977089931,0.29063737314,0.29063737314,0.21753150302,0.17820700106,0.34272608024,0.31658823588,0.4581649844,0.25093540754,0.20952076796,0.032923133999,0.45816891094,0.40099004343,0.21395841605,0.0041285050347,0.19587677721,0.47830562104,0.26376349276,0.10053672482,0.4365670324,0.46033307181,0.12956748582,0.2053890314,0.012114095367,4.5743245995e-06,0.068450149023,0.032608067802,0.13313734466,0.0081131993083
294.5,0.011900832663,0.2903644609,0.2903644609,0.217219729,0.17789106695,0.34250059151,0.31633708719,0.4580904427,0.25063688603,0.20920705084,0.032770172768,0.45809437499,0.40083360397,0.21364569057,0.0040947682745,0.19556095383,0.47826291286,0.26347211397,0.10026038706,0.43646003678,0.46026188536,0.12926730776,0.2050745296,0.012037168106,4.4845514255e-06,0.068217106266,0.032455963626,0.13283494969,0.0080561690984
295.0,0.011825060876,0.29009180489,0.29009180489,0.21690840159,0.17757569281,0.34227525108,0.31608613761,0.45801591313,0.25033871946,0.20889380317,0.032617922166,0.45801985116,0.40067722549,0.21333342187,0.0040613071915,0.19524563926,0.47822020849,0.26318105683,0.099984808592,0.43635306738,0.4601907099,0.12896782477,0.20476050909,0.011960729288,4.3965400903e-06,0.067984856556,0.032304568846,0.13253324094,0.0079995397394
295.5,0.01174977148,0.28981940489,0.28981940489,0.21659752016,0.17726087766,0.34205005886,0.31583538698,0.45794139568,0.25004090743,0.20858102423,0.032466378892,0.45794533945,0.40052090797,0.21302160928,0.0040281195329,0.19493083267,0.47817750793,0.262890321,0.099709987314,0.43624612418,0.46011954545,0.12866903525,0.20444696915,0.01188477581,4.310256017e-06,0.067753397196,0.032153880157,0.13223221685,0.0079433084143
296.0,0.011674961406,0.28954726064,0.28954726064,0.21628708406,0.17694662051,0.34182501475,0.31558483514,0.45786689035,0.2497434495,0.20826871334,0.032315539659,0.45787083985,0.40036465139,0.21271025213,0.0039952030648,0.19461653326,0.47813481119,0.26259990611,0.099435921152,0.43613920719,0.46004839201,0.12837093759,0.20413390903,0.011809304593,4.2256653073e-06,0.067522725499,0.032003894265,0.13193187588,0.007887472326
296.5,0.0116006276,0.28927537192,0.28927537192,0.21597709267,0.17663292036,0.34160011866,0.31533448193,0.45779239714,0.24944634526,0.20795686979,0.032165401198,0.45779635238,0.40020845571,0.21239934976,0.0039625555713,0.1943027402,0.47809211825,0.26230981182,0.099162608031,0.4360323164,0.45997724956,0.12807353018,0.203821328,0.011734312575,4.1427347282e-06,0.067292838787,0.031854607894,0.13163221647,0.0078320286968
297.0,0.011526767033,0.28900373847,0.28900373847,0.21566754534,0.17631977622,0.34137537048,0.3150843272,0.45771791605,0.24914959428,0.20764549287,0.032015960252,0.45772187702,0.40005232093,0.21208890151,0.0039301748545,0.19398945268,0.47804942913,0.26202003777,0.098890045884,0.43592545179,0.45990611812,0.12777681143,0.20350922533,0.011659796713,4.0614316989e-06,0.067063734392,0.031706017782,0.13133323709,0.0077769747686
297.5,0.011453376691,0.28873236006,0.28873236006,0.21535844144,0.17600718712,0.34115077013,0.31483437079,0.45764344707,0.24885319615,0.20733458191,0.031867213582,0.45764741377,0.39989624701,0.21177890671,0.0038980587347,0.19367666989,0.47800674382,0.26173058361,0.098618232649,0.43581861338,0.45983499767,0.12748077975,0.2031976003,0.011585753987,3.981724278e-06,0.066835409653,0.031558120684,0.13103493618,0.0077223078028
298.0,0.011380453582,0.28846123645,0.28846123645,0.21504978034,0.17569515207,0.3409263175,0.31458461254,0.45756899021,0.24855715045,0.20702413619,0.031719157963,0.45757296264,0.39974023393,0.2114693647,0.0038662050498,0.19336439101,0.47796406232,0.26144144898,0.09834716627,0.43571180114,0.45976388822,0.12718543355,0.20288645216,0.011512181392,3.9035811509e-06,0.06660786192,0.031410913367,0.13073731223,0.0076680250799
298.5,0.011307994731,0.28819036741,0.28819036741,0.2147415614,0.17538367008,0.3407020125,0.3143350523,0.45749454546,0.24826145676,0.20671415502,0.031571790183,0.45749852361,0.39958428167,0.21116027482,0.0038346116555,0.19305261524,0.47792138463,0.26115263354,0.098076844697,0.43560501507,0.45969278976,0.12689077124,0.2025757802,0.011439075943,3.8269716178e-06,0.06638108855,0.031264392616,0.13044036368,0.0076141238995
299.0,0.011235997184,0.28791975268,0.28791975268,0.21443378398,0.17507274018,0.34047785502,0.31408568991,0.45742011282,0.24796611465,0.20640463771,0.031425107049,0.45742409669,0.3994283902,0.21085163641,0.0038032764249,0.19274134176,0.47787871075,0.26086413693,0.097807265883,0.43549825517,0.4596217023,0.12659679125,0.20226558367,0.011366434676,3.7518655811e-06,0.066155086911,0.03111855523,0.13014408901,0.0075606015803
299.5,0.011164458003,0.28764939204,0.28764939204,0.21412644746,0.1747623614,0.34025384498,0.31383652521,0.45734569229,0.24767112372,0.20609558356,0.031279105379,0.45734968187,0.3992725595,0.21054344882,0.0037721972487,0.19243056977,0.47783604068,0.2605759588,0.09753842779,0.43539152142,0.45955062583,0.12630349199,0.20195586186,0.011294254644,3.6782335341e-06,0.065929854379,0.030973398022,0.1298484867,0.0075074554598
300.0,0.011093374272,0.28737928524,0.28737928524,0.21381955121,0.17445253274,0.34002998227,0.31358755804,0.45727128386,0.24737648354,0.20578699189,0.031133782007,0.45727527916,0.39911678955,0.21023571138,0.0037413720345,0.19212029846,0.47779337441,0.2602880988,0.097270328384,0.43528481383,0.45947956034,0.12601087188,0.20164661405,0.01122253292,3.606046549e-06,0.065705388339,0.030828917821,0.12955355522,0.007454682894
300.5,0.011022743091,0.28710943205,0.28710943205,0.2135130946,0.17414325325,0.33980626681,0.31333878825,0.45719688754,0.24708219371,0.205478862,0.030989133783,0.45720088854,0.39896108032,0.20992842344,0.0037107987074,0.19181052703,0.47775071196,0.26000055658,0.097002965637,0.43517813239,0.45940850585,0.12571892936,0.20133783949,0.011151266592,3.5352762658e-06,0.065481686184,0.03068511147,0.12925929305,0.0074022812577
301.0,0.01095256158,0.28683983223,0.28683983223,0.21320707699,0.17383452194,0.33958269848,0.31309021569,0.45712250332,0.24678825379,0.2051711932,0.030845157571,0.45712651003,0.39880543178,0.20962158434,0.003680475209,0.19150125466,0.47770805332,0.25971333179,0.096736337525,0.43507147708,0.45933746234,0.12542766287,0.20102953748,0.011080452772,3.4658948812e-06,0.065258745318,0.030541975828,0.12896569868,0.0073502479442
301.5,0.010882826876,0.28657048554,0.28657048554,0.21290149775,0.17352633784,0.3393592772,0.31284184019,0.4570481312,0.24649466339,0.2048639848,0.030701850248,0.45705214361,0.39864984393,0.20931519344,0.0036503994981,0.19119248057,0.47766539848,0.25942642407,0.096470442032,0.43496484791,0.45926642981,0.12513707083,0.20072170729,0.011010088586,3.3978751374e-06,0.065036563152,0.030399507768,0.12867277059,0.0072985803649
302.0,0.010813536135,0.28630139174,0.28630139174,0.21259635627,0.17321869999,0.33913600287,0.3125936616,0.45697377118,0.24620142207,0.20455723611,0.030559208707,0.45697778929,0.39849431672,0.20900925006,0.0036205695499,0.19088420394,0.47762274746,0.25913983309,0.096205277145,0.43485824487,0.45919540827,0.12484715168,0.2004143482,0.01094017118,3.3311903116e-06,0.064815137106,0.030257704176,0.12838050727,0.0072472759495
302.5,0.010744686531,0.2860325506,0.2860325506,0.21229165192,0.17291160742,0.33891287539,0.31234567977,0.45689942325,0.24590852943,0.20425094646,0.030417229855,0.45690344706,0.39833885014,0.20870375357,0.0035909833564,0.19057642398,0.47758010024,0.25885355848,0.09594084086,0.43475166795,0.45912439771,0.12455790388,0.20010745949,0.010870697718,3.2658142054e-06,0.064594464609,0.030116561954,0.12808890722,0.0071963321457
303.0,0.010676275256,0.28576396188,0.28576396188,0.21198738406,0.17260505916,0.33868989466,0.31209789454,0.45682508742,0.24561598506,0.20394511514,0.030275910614,0.45682911693,0.39818344417,0.20839870331,0.0035616389258,0.19026913989,0.47753745682,0.2585675999,0.095677131175,0.43464511714,0.45905339812,0.12426932586,0.19980104043,0.010801665382,3.2017211345e-06,0.064374543099,0.029976078019,0.12779796893,0.0071457464193
303.5,0.01060829952,0.28549562534,0.28549562534,0.21168355208,0.17229905425,0.3384670606,0.31185030575,0.45675076368,0.24532378853,0.20363974148,0.03013524792,0.45675479888,0.39802809878,0.20809409863,0.0035325342826,0.18996235086,0.47749481722,0.25828195701,0.095414146094,0.43453859244,0.45898240952,0.12398141608,0.19949509032,0.010733071371,3.138885919e-06,0.064155370022,0.029836249302,0.12750769091,0.0070955162537
304.0,0.01054075655,0.28522754074,0.28522754074,0.21138015534,0.17199359172,0.3382443731,0.31160291325,0.45667645203,0.24503193944,0.20333482479,0.029995238723,0.45668049292,0.39787281394,0.20778993888,0.0035036674676,0.18965605611,0.47745218142,0.25799662945,0.095151883629,0.43443209384,0.45891143189,0.12369417299,0.19918960843,0.010664912903,3.0772838728e-06,0.063936942834,0.029697072747,0.12721807165,0.00704563915
304.5,0.010473643593,0.28495970785,0.28495970785,0.21107719324,0.17168867061,0.33802183206,0.31135571688,0.45660215247,0.24474043738,0.20303036439,0.029855879986,0.45660619904,0.39771758964,0.2074862234,0.0034750365374,0.18935025484,0.47740954943,0.25771161688,0.094890341796,0.43432562133,0.45884046523,0.12340759505,0.19888459406,0.010597187213,3.0168907943e-06,0.063719258998,0.029558545313,0.12692910968,0.006996112627
305.0,0.010406957909,0.28469212644,0.28469212644,0.21077466514,0.17138428997,0.33779943739,0.31110871649,0.45652786499,0.24444928193,0.20272635959,0.029717168689,0.45653191725,0.39756242584,0.20718295156,0.0034466395646,0.18904494626,0.47736692124,0.25742691895,0.094629518614,0.43421917492,0.45876950955,0.12312168072,0.19858004647,0.010529891554,2.9576829571e-06,0.063502315987,0.029420663975,0.12664080349,0.0069469342208
305.5,0.010340696781,0.28442479626,0.28442479626,0.21047257042,0.17108044883,0.337577189,0.31086191192,0.4564535896,0.24415847267,0.20242280972,0.029579101823,0.45645764754,0.39740732254,0.20688012271,0.0034184746375,0.18874012957,0.47732429686,0.25714253531,0.094369412112,0.43411275459,0.45869856483,0.12283642847,0.19827596497,0.010463023196,2.8996371003e-06,0.063286111282,0.029283425718,0.1263531516,0.0068981014849
306.0,0.010274857504,0.28415771708,0.28415771708,0.21017090847,0.17077714625,0.33735508678,0.31061530302,0.45637932629,0.2438680092,0.2021197141,0.029441676395,0.4563833899,0.39725227969,0.20657773619,0.0033905398601,0.18843580398,0.47728167629,0.25685846561,0.09411002032,0.43400636033,0.45862763109,0.12255183676,0.19797234883,0.010396579426,2.8427304194e-06,0.063070642371,0.029146827546,0.12606615254,0.00684961199
306.5,0.010209437394,0.28389088866,0.28389088866,0.20986967866,0.17047438126,0.33713313065,0.31036888963,0.45630507506,0.24357789112,0.20181707204,0.029304889425,0.45630914435,0.39709729729,0.20627579137,0.0033628333518,0.1881319687,0.47723905952,0.25657470952,0.093851341277,0.43389999214,0.45855670831,0.12226790407,0.19766919735,0.010330557549,2.7869405577e-06,0.062855906754,0.029010866472,0.12577980481,0.0068014633238
307.0,0.010144433783,0.28362431077,0.28362431077,0.20956888038,0.17017215292,0.3369113205,0.31012267159,0.45623083591,0.243288118,0.20151488288,0.029168737947,0.45623491087,0.3969423753,0.20597428759,0.0033353532473,0.18782862294,0.47719644655,0.25629126668,0.093593373026,0.43379365002,0.4584857965,0.12198462886,0.19736650982,0.010264954887,2.7322455971e-06,0.062641901937,0.028875539527,0.12549410695,0.0067536530908
307.5,0.01007984402,0.28335798318,0.28335798318,0.20926851301,0.16987046027,0.33668965624,0.30987664876,0.45615660883,0.24299868943,0.20121314592,0.029033219009,0.45616068946,0.39678751371,0.20567322422,0.0033080976968,0.18752576592,0.47715383739,0.25600813675,0.093336113614,0.43368733395,0.45841489566,0.12170200963,0.19706428553,0.010199768778,2.6786240496e-06,0.062428625435,0.028740843755,0.12520905748,0.0067061789127
308.0,0.010015665469,0.28309190565,0.28309190565,0.20896857593,0.16956930236,0.33646813778,0.30963082098,0.45608239383,0.24270960502,0.2009118605,0.028898329672,0.45608648013,0.39663271248,0.20537260062,0.0032810648653,0.18722339684,0.47711123203,0.25572531939,0.093079561095,0.43358104393,0.45834400577,0.12142004485,0.19676252376,0.010134996578,2.6260548491e-06,0.06221607477,0.02860677621,0.12492465493,0.0066590384277
308.5,0.0099518955136,0.28282607794,0.28282607794,0.20866906853,0.16926867825,0.33624676501,0.30938518809,0.45600819091,0.24242086434,0.20061102594,0.028764067012,0.45601228286,0.3964779716,0.20507241613,0.003254252933,0.18692151493,0.47706863048,0.25544281424,0.092823713528,0.43347477996,0.45827312685,0.12113873301,0.19646122382,0.010070635659,2.5745173427e-06,0.062004247476,0.028473333966,0.12464089784,0.0066122292905
309.0,0.0098885315527,0.28256049982,0.28256049982,0.20836999019,0.16896858699,0.33602553784,0.30913974994,0.45593400005,0.242132467,0.20031064157,0.028630428117,0.45593809767,0.39632329103,0.20477267013,0.0032276600949,0.1866201194,0.47702603273,0.25516062097,0.092568568978,0.43336854202,0.45820225888,0.1208580726,0.19616038499,0.010006683411,2.523991283e-06,0.061793141091,0.028340514105,0.12435778475,0.0065657491724
309.5,0.0098255710019,0.28229517105,0.28229517105,0.20807134029,0.16866902764,0.33580445618,0.30889450637,0.45585982126,0.24184441258,0.20001070671,0.02849741009,0.45586392453,0.39616867077,0.20447336196,0.0032012845607,0.18631920947,0.47698343878,0.25487873923,0.092314125513,0.43326233012,0.45813140187,0.12057806211,0.19586000657,0.009943137239,2.4744568199e-06,0.061582753166,0.028208313727,0.12407531419,0.0065195957612
310.0,0.0097630112932,0.28203009141,0.28203009141,0.20777311823,0.16836999926,0.33558351994,0.30864945724,0.45578565454,0.24155670067,0.1997112207,0.028365010046,0.45578976346,0.39601411079,0.20417449101,0.0031751245549,0.18601878436,0.47694084863,0.25459716868,0.092060381209,0.43315614424,0.45806055582,0.12029870004,0.19556008786,0.0098799945653,2.4258944929e-06,0.061373081256,0.028076729941,0.12379348472,0.0064737667605
310.5,0.0097008498749,0.28176526065,0.28176526065,0.20747532339,0.1680715009,0.335362729,0.30840460238,0.45571149988,0.24126933088,0.19941218286,0.028233225115,0.45571561446,0.39585961105,0.20387605661,0.0031491783163,0.18571884328,0.47689826229,0.25431590897,0.091807334145,0.43304998438,0.45798972072,0.12001998489,0.19526062816,0.0098172528283,2.3782852234e-06,0.061164122927,0.027945759874,0.12351229487,0.0064282598906
311.0,0.0096390842118,0.28150067855,0.28150067855,0.20717795516,0.16777353162,0.33514208329,0.30815994164,0.45563735729,0.24098230278,0.19911359251,0.028102052439,0.45564147751,0.39570517154,0.20357805814,0.0031234440982,0.18541938546,0.47685567975,0.25403495976,0.091554982408,0.43294385053,0.45791889657,0.11974191516,0.19496162676,0.0097549094827,2.3316103071e-06,0.060955875752,0.027815400664,0.1232317432,0.0063830728874
311.5,0.0095777117845,0.28123634487,0.28123634487,0.20688101294,0.16747609049,0.3349215827,0.30791547488,0.45556322675,0.24069561599,0.19881544901,0.027971489174,0.45556735262,0.39555079224,0.20328049497,0.0030979201682,0.18512041012,0.47681310101,0.25375432072,0.091303324087,0.43283774268,0.45784808337,0.11946448935,0.19466308296,0.0096929619994,2.285851407e-06,0.060748337313,0.027685649462,0.12295182826,0.0063382035029
312.0,0.0095167300899,0.28097225938,0.28097225938,0.2065844961,0.16717917657,0.33470122714,0.30767120193,0.45548910828,0.24040927008,0.19851775166,0.027841532489,0.45549323979,0.39539647312,0.20298336645,0.0030726048079,0.18482191649,0.47677052607,0.25347399149,0.091052357278,0.43273166084,0.45777728113,0.11918770599,0.19436499606,0.0096314078653,2.2409905459e-06,0.0605415052,0.027556503433,0.12267254861,0.0062936495048
312.5,0.0094561366407,0.28070842184,0.28070842184,0.20628840404,0.16688278893,0.33448101651,0.30742712264,0.45541500186,0.24012326466,0.19822049982,0.027712179566,0.45541913901,0.39524221415,0.20268667196,0.0030474963131,0.18452390378,0.47672795493,0.25319397174,0.090802080084,0.43262560499,0.45770648982,0.11891156358,0.19406736537,0.0095702445834,2.1970100993e-06,0.060335377011,0.027427959755,0.12239390281,0.0062494086766
313.0,0.0093959289654,0.28044483202,0.28044483202,0.20599273616,0.16658692664,0.33426095072,0.30718323686,0.4553409075,0.23983759933,0.1979236928,0.027583427599,0.45534505028,0.39508801532,0.20239041085,0.0030225929935,0.18422637124,0.4766853876,0.25291426113,0.090552490609,0.43251957512,0.45763570947,0.11863606063,0.19377019018,0.0095094696722,2.1538927888e-06,0.060129950352,0.02730001562,0.12211588942,0.0062054788173
313.5,0.0093361046083,0.28018148969,0.28018148969,0.20569749184,0.16629158876,0.33404102967,0.30693954444,0.45526682518,0.23955227367,0.19762732996,0.027455273798,0.4552709736,0.3949338766,0.2020945825,0.0029978931725,0.18392931807,0.47664282406,0.25263485931,0.090303586965,0.43241357124,0.45756494006,0.11836119568,0.19347346981,0.0094490806663,2.1116216748e-06,0.059925222838,0.027172668232,0.12183850702,0.0061618577413
314.0,0.0092766611294,0.27991839462,0.27991839462,0.20540267049,0.16599677436,0.33382125327,0.30669604522,0.45519275492,0.23926728728,0.19733141061,0.027327715384,0.45519690897,0.39477979797,0.20179918628,0.0029733951873,0.18363274352,0.47660026432,0.25235576594,0.090055367269,0.43230759333,0.45749418158,0.11808696724,0.19317720355,0.0093890751157,2.0701801504e-06,0.059721192091,0.027045914809,0.12156175416,0.0061185432784
314.5,0.009217596104,0.27965554657,0.27965554657,0.20510827148,0.16570248253,0.33360162143,0.30645273905,0.45511869671,0.23898263977,0.19703593411,0.02720074959,0.45512285638,0.3946257794,0.20150422156,0.0029490973887,0.18333664681,0.47655770838,0.25207698069,0.089807829644,0.43220164139,0.45742343405,0.11781337385,0.19288139071,0.0093294505862,2.0295519345e-06,0.059517855741,0.026919752581,0.12128562944,0.0060755332738
315.0,0.009158907123,0.27939294532,0.27939294532,0.20481429423,0.16540871232,0.33338213404,0.30620962578,0.45504465055,0.23869833073,0.19674089979,0.027074373664,0.45504881584,0.39447182087,0.2012096877,0.002924998141,0.18304102717,0.47651515625,0.25179850321,0.089560972215,0.43209571541,0.45735269746,0.11754041403,0.1925860306,0.0092702046587,1.9897210655e-06,0.059315211427,0.026794178791,0.12101013141,0.0060328255877
315.5,0.0091005917927,0.27913059062,0.27913059062,0.20452073813,0.16511546282,0.33316279101,0.30596670525,0.45497061643,0.23841435975,0.19644630698,0.026948584865,0.45497478734,0.39431792236,0.20091558408,0.0029010958216,0.18274588384,0.47647260791,0.25152033316,0.089314793115,0.43198981538,0.45728197181,0.11726808631,0.19229112253,0.0092113349299,1.9506718953e-06,0.059113256796,0.026669190695,0.12073525866,0.0059904180953
316.0,0.0090426477344,0.27886848226,0.27886848226,0.20422760257,0.16482273311,0.33294359226,0.30572397731,0.45489659435,0.23813072644,0.19615215503,0.026823380466,0.45490077089,0.39416408385,0.20062191006,0.0028773888215,0.18245121605,0.47643006336,0.25124247022,0.089069290481,0.4318839413,0.45721125709,0.11699638924,0.1919966658,0.0091528390113,1.9123890827e-06,0.058911989502,0.026544785563,0.12046100978,0.0059483086867
316.5,0.0089850725847,0.27860661999,0.27860661999,0.20393488695,0.16453052227,0.33272453767,0.30548144182,0.45482258432,0.23784743039,0.19585844328,0.026698757752,0.45482676646,0.3940103053,0.20032866504,0.0028538755447,0.18215702303,0.47638752262,0.25096491402,0.088824462455,0.43177809317,0.4571405533,0.11672532135,0.19170265972,0.0090947145298,1.8748575874e-06,0.058711407208,0.026420960675,0.12018738335,0.0059064952671
317.0,0.0089278639953,0.2783450036,0.2783450036,0.20364259067,0.16423882936,0.33250562717,0.3052390986,0.45474858632,0.23756447121,0.19556517107,0.02657471402,0.45475277408,0.3938565867,0.20003584837,0.0028305544082,0.18186330403,0.47634498568,0.25068766425,0.088580307186,0.43167227096,0.45706986044,0.1164548812,0.19140910361,0.0090369591274,1.8380626645e-06,0.058511507584,0.026297713327,0.11991437796,0.0058649757561
317.5,0.0088710196327,0.27808363283,0.27808363283,0.20335071314,0.16394765349,0.33228686064,0.30499694753,0.45467460036,0.23728184849,0.19527233774,0.026451246582,0.45467879373,0.39370292803,0.19974345943,0.0028074238421,0.18157005827,0.47630245253,0.25041072056,0.088336822824,0.43156647469,0.45699917852,0.11618506732,0.19111599678,0.0089795704609,1.8019898585e-06,0.058312288309,0.026175040825,0.11964199221,0.005823748088
318.0,0.0088145371782,0.27782250748,0.27782250748,0.20305925374,0.16365699373,0.33206823801,0.30475498843,0.45460062644,0.23699956183,0.19497994264,0.02632835276,0.45460482541,0.39354932925,0.1994514976,0.002784482289,0.18127728501,0.47625992318,0.25013408262,0.088094007529,0.43146070435,0.45692850752,0.11591587827,0.19082333854,0.0089225462021,1.7666249976e-06,0.058113747068,0.026052940489,0.11937022468,0.0057828102118
318.5,0.0087584143282,0.2775616273,0.2775616273,0.20276821189,0.16336684916,0.33184975917,0.30451322117,0.45452666455,0.23671761084,0.19468798511,0.026206029888,0.45453086913,0.39339579035,0.19915996225,0.0027617282046,0.18098498346,0.47621739763,0.24985775008,0.087851859463,0.43135495992,0.45685784745,0.1156473126,0.1905311282,0.0088658840375,1.7319541879e-06,0.057915881557,0.025931409651,0.11909907398,0.0057421600907
319.0,0.0087026487933,0.27730099206,0.27730099206,0.20247758699,0.16307721888,0.33163142403,0.30427164558,0.45445271469,0.23643599511,0.19439646451,0.026084275315,0.45445692487,0.39324231131,0.19886885277,0.002739160057,0.18069315289,0.47617487587,0.24958172261,0.087610376793,0.4312492414,0.45678719831,0.11537936887,0.19023936509,0.0088095816684,1.6979638084e-06,0.057718689477,0.025810445655,0.11882853871,0.0057017957022
319.5,0.008647238299,0.27704060154,0.27704060154,0.20218737843,0.16278810197,0.3314132325,0.30403026152,0.45437877686,0.23615471425,0.19410538016,0.025963086401,0.45438299263,0.3930888921,0.19857816853,0.0027167763268,0.18040179253,0.47613235791,0.24930599987,0.087369557691,0.43114354878,0.45671656009,0.11511204565,0.18994804851,0.0087536368104,1.6646405055e-06,0.057522168538,0.025690045857,0.11855861748,0.0056617150382
320.0,0.0085921805851,0.27678045551,0.27678045551,0.20189758563,0.16249949753,0.33119518447,0.30378906883,0.45430485106,0.23587376786,0.19381473143,0.025842460518,0.45430907242,0.39293553269,0.19828790892,0.0026945755072,0.18011090162,0.47608984374,0.24903058154,0.087129400337,0.43103788206,0.45664593279,0.11484534149,0.18965717779,0.0086980471939,1.6319711873e-06,0.057326316457,0.025570207628,0.11828930889,0.0056219161046
320.5,0.008537473406,0.27652055373,0.27652055373,0.20160820798,0.16221140464,0.33097727986,0.30354806737,0.45423093728,0.23559315554,0.19352451766,0.025722395049,0.45423516424,0.39278223307,0.1979980733,0.0026725561035,0.17982047941,0.47604733337,0.24875546726,0.086889902912,0.43093224123,0.45657531641,0.11457925497,0.18936675223,0.0086428105637,1.5999430192e-06,0.05713113096,0.025450928348,0.11802061155,0.0055823969213
321.0,0.00848311453,0.27626089598,0.27626089598,0.2013192449,0.1619238224,0.33075951858,0.30330725698,0.45415703553,0.2353128769,0.19323473821,0.025602887393,0.45416126807,0.39262899321,0.19770866107,0.0026507166333,0.17953052514,0.4760048268,0.24848065671,0.086651063604,0.43082662629,0.45650471094,0.11431378465,0.18907677117,0.0085879246786,1.5685434182e-06,0.056936609779,0.025332205412,0.11775252409,0.0055431555221
321.5,0.0084291017401,0.27600148203,0.27600148203,0.20103069579,0.1616367499,0.33054190052,0.30306663751,0.4540831458,0.23503293154,0.19294539241,0.025483934957,0.45408738393,0.39247581309,0.1974196716,0.0026290556264,0.17924103806,0.47596232402,0.24820614956,0.086412880606,0.43072103723,0.4564341164,0.11404892911,0.18878723393,0.0085333873121,1.5377600485e-06,0.056742750656,0.025214036224,0.11748504511,0.0055041899547
322.0,0.008375432833,0.27574231164,0.27574231164,0.20074256006,0.16135018624,0.3303244256,0.30282620881,0.45400926808,0.23475331906,0.19265647963,0.025365535162,0.4540135118,0.39232269268,0.19713110428,0.0026075716244,0.17895201743,0.47591982503,0.24793194546,0.086175352115,0.43061547404,0.45636353277,0.11378468693,0.18849813981,0.0084791962513,1.5075808162e-06,0.056549551338,0.025096418203,0.11721817325,0.0054654982804
322.5,0.0083221056196,0.2754833846,0.2754833846,0.20045483711,0.16106413053,0.33010709372,0.30258597073,0.45393540239,0.23447403906,0.19236799922,0.02524768544,0.45393965168,0.39216963197,0.1968429585,0.0025862631811,0.17866346249,0.47587732984,0.24765804408,0.085938476335,0.43050993671,0.45629296005,0.11352105669,0.18820948816,0.0084253492977,1.477993865e-06,0.056357009582,0.024979348778,0.11695190712,0.0054270785742
323.0,0.0082691179248,0.27522470067,0.27522470067,0.20016752636,0.16077858185,0.32988990478,0.30234592312,0.45386154871,0.23419509116,0.19207995053,0.025130383237,0.45386580358,0.39201663092,0.19655523363,0.0025651288618,0.17837537248,0.47583483844,0.2473844451,0.085702251472,0.43040442524,0.45622239824,0.11325803697,0.18792127828,0.0083718442668,1.448987571e-06,0.056165123152,0.024862825392,0.11668624535,0.0053889289247
323.5,0.0082164675872,0.27496625962,0.27496625962,0.19988062721,0.16049353932,0.3296728587,0.30210606582,0.45378770704,0.23391647496,0.19179233291,0.025013626008,0.45379196748,0.39186368951,0.19626792907,0.0025441672438,0.17808774667,0.47579235084,0.24711114817,0.085466675738,0.43029893963,0.45615184735,0.11299562636,0.1876335095,0.0083186789876,1.4205505385e-06,0.055973889818,0.024746845497,0.11642118657,0.0053510474337
324.0,0.0081641524591,0.27470806123,0.27470806123,0.19959413908,0.16020900203,0.32945595537,0.30186639869,0.45371387739,0.23363819006,0.19150514572,0.024897411223,0.4537181434,0.39171080773,0.1959810442,0.0025233769159,0.1778005843,0.47574986703,0.24683815296,0.085231747352,0.43019347987,0.45608130736,0.11273382345,0.18734618116,0.0082658513032,1.3926715955e-06,0.05578330736,0.024631406561,0.11615672942,0.0053134322166
324.5,0.0081121704068,0.27445010527,0.27445010527,0.19930806138,0.15992496909,0.32923919471,0.30162692157,0.45364005975,0.23336023608,0.19121838833,0.024781736361,0.45364433132,0.39155798555,0.19569457841,0.0025027564784,0.17751388464,0.47570738701,0.24656545914,0.084997464536,0.43008804594,0.45601077828,0.11247262683,0.18705929257,0.0082133590704,1.3653397894e-06,0.055593373564,0.024516506059,0.11589287253,0.0052760814019
325.0,0.0080605193097,0.2741923915,0.2741923915,0.19902239352,0.1596414396,0.32902257662,0.30138763432,0.45356625411,0.23308261261,0.19093206007,0.024666598913,0.45357053125,0.39140522294,0.19540853108,0.002482304543,0.17722764692,0.47566491078,0.24629306639,0.084763825516,0.42998263785,0.4559402601,0.11221203511,0.18677284307,0.0081612001593,1.3385443822e-06,0.055404086223,0.024402141482,0.11562961454,0.0052389931312
325.5,0.0080091970612,0.27393491971,0.27393491971,0.19873713492,0.15935841268,0.328806101,0.30114853679,0.45349246048,0.23280531926,0.19064616032,0.024551996383,0.45349674318,0.39125251988,0.19512290161,0.002462019733,0.17694187042,0.47562243835,0.24602097436,0.084530828524,0.42987725559,0.45586975283,0.11195204688,0.18648683198,0.0081093724538,1.3122748469e-06,0.05521544314,0.02428831033,0.11536695409,0.0052021655593
326.0,0.0079582015677,0.27367768967,0.27367768967,0.19845228498,0.15907588743,0.32858976777,0.30090962881,0.45341867885,0.23252835565,0.19036068843,0.024437926287,0.45342296712,0.39109987635,0.19483768939,0.0024419006826,0.1766565544,0.47557996971,0.24574918272,0.084298471798,0.42977189915,0.45579925646,0.11169266074,0.18620125864,0.0080578738511,1.2865208631e-06,0.055027442122,0.024175010116,0.11510488983,0.0051655968539
326.5,0.0079075307491,0.27342070114,0.27342070114,0.19816784313,0.15879386297,0.32837357683,0.30067091026,0.45334490923,0.23225172138,0.19007564377,0.02432438615,0.45334920305,0.39094729232,0.1945528938,0.0024219460374,0.1763716981,0.47553750486,0.24547769115,0.084066753578,0.42966656852,0.45572877098,0.11143387531,0.18591612237,0.0080067022619,1.2612723127e-06,0.054840080987,0.024062238364,0.11484342042,0.0051292851956
327.0,0.0078571825387,0.27316395391,0.27316395391,0.19788380877,0.1585123384,0.32815752808,0.30043238096,0.4532711516,0.23197541606,0.18979102569,0.024211373511,0.45327545098,0.39079476778,0.19426851425,0.002402154454,0.17608730079,0.4754950438,0.24520649931,0.083835672112,0.42956126371,0.45565829641,0.11117568919,0.1856314225,0.0079558556099,1.2365192766e-06,0.054653357557,0.023949992609,0.11458254449,0.0050932287777
327.5,0.0078071548825,0.27290744774,0.27290744774,0.19760018133,0.15823131284,0.32794162144,0.30019404078,0.45319740598,0.23169943929,0.18950683356,0.024098885919,0.4532017109,0.3906423027,0.19398455012,0.0023825245999,0.17580336173,0.47545258653,0.24493560687,0.083605225651,0.42945598469,0.45558783273,0.110918101,0.18534715837,0.0079053318322,1.2122520299e-06,0.054467269665,0.0238382704,0.11432226071,0.0050574258063
328.0,0.0077574457401,0.27265118241,0.27265118241,0.19731696023,0.15795078542,0.3277258568,0.29995588957,0.45312367235,0.2314237907,0.18922306674,0.023986920935,0.45312798282,0.39048989705,0.19370100081,0.0023630551537,0.17551988018,0.47541013305,0.2446650135,0.08337541245,0.42935073147,0.45551737995,0.11066110935,0.18506332931,0.0078551288789,1.1884610387e-06,0.054281815148,0.023727069294,0.11406256773,0.0050218745001
328.5,0.0077080530837,0.2723951577,0.2723951577,0.19703414488,0.15767075523,0.32751023408,0.29971792717,0.45304995071,0.23114846988,0.18893972459,0.023875476131,0.45305426672,0.39033755082,0.1934178657,0.0023437448045,0.17523685542,0.47536768336,0.24439471888,0.083146230771,0.42924550405,0.45544693805,0.11040471286,0.18477993466,0.0078052447131,1.1651369565e-06,0.054096991852,0.023616386861,0.11380346422,0.0049865730902
329.0,0.0076589748985,0.27213937337,0.27213937337,0.19675173469,0.15739122141,0.32729475318,0.29948015343,0.45297624107,0.23087347645,0.18865680649,0.023764549091,0.45298056262,0.39018526398,0.19313514421,0.0023245922523,0.17495428669,0.47532523746,0.24412472267,0.082917678879,0.4291403024,0.45537650705,0.11014891016,0.18449697375,0.0077556773109,1.1422706199e-06,0.05391279763,0.023506220683,0.11354494883,0.0049515198202
329.5,0.0076102091827,0.2718838292,0.2718838292,0.1964697291,0.15711218308,0.32707941402,0.29924256822,0.45290254341,0.23059881003,0.18837431178,0.023654137408,0.45290687051,0.3900330365,0.19285283572,0.0023055962078,0.17467217328,0.47528279535,0.24385502454,0.082689755044,0.42903512654,0.45530608694,0.10989369987,0.18421444593,0.0077064246611,1.1198530454e-06,0.053729230344,0.023396568352,0.11328702024,0.0049167129461
330.0,0.0075617539471,0.27162852497,0.27162852497,0.19618812753,0.15683363935,0.32686421648,0.29900517136,0.45282885775,0.23032447021,0.18809223986,0.02354423869,0.45283319038,0.38988086837,0.19257093963,0.002286755392,0.17439051444,0.47524035703,0.24358562417,0.082462457542,0.42892997644,0.45523567772,0.10963908062,0.18393235052,0.0076574847655,1.0978754259e-06,0.053546287859,0.023287427472,0.11302967712,0.0048821507362
330.5,0.0075136072151,0.27137346045,0.27137346045,0.19590692938,0.15655558935,0.32664916049,0.29876796273,0.45275518407,0.23005045662,0.18781059007,0.023434850553,0.45275952223,0.38972875955,0.19228945534,0.0022680685364,0.17410930944,0.4751979225,0.24331652123,0.082235784652,0.42882485211,0.45516527939,0.10938505104,0.18365068686,0.0076088556384,1.076329127e-06,0.053363968052,0.023178795659,0.11277291813,0.0048478314707
331.0,0.0074657670227,0.27111863542,0.27111863542,0.1956261341,0.1562780322,0.32643424596,0.29853094216,0.45268152238,0.22977676887,0.18752936179,0.023325970625,0.45268586606,0.38957671004,0.19200838225,0.0022495343832,0.17382855757,0.47515549176,0.24304771539,0.08200973466,0.42871975354,0.45509489193,0.10913160978,0.1833694543,0.0075605353067,1.0552056839e-06,0.053182268804,0.023070670537,0.11251674196,0.0048137534421
331.5,0.0074182314186,0.27086404965,0.27086404965,0.19534574109,0.15600096704,0.32621947277,0.29829410952,0.45260787266,0.22950340656,0.18724855439,0.023217596545,0.45261222188,0.38942471979,0.19172771976,0.0022311516843,0.17354825807,0.4751130648,0.24277920631,0.081784305854,0.42861468072,0.45502451537,0.10887875546,0.18308865218,0.0075125218099,1.0344967979e-06,0.053001188005,0.022963049745,0.11226114729,0.004779914955
332.0,0.0073709984636,0.27060970292,0.27060970292,0.19506574979,0.15572439299,0.32600484085,0.29805746464,0.45253423493,0.22923036932,0.18696816724,0.023109725963,0.45253858967,0.3892727888,0.19144746727,0.0022129192024,0.17326841024,0.47507064163,0.24251099368,0.081559496528,0.42850963365,0.45495414968,0.10862648673,0.18280827984,0.0074648131999,1.0141943331e-06,0.052820723551,0.02285593093,0.11200613279,0.0047463143256
332.5,0.0073240662311,0.270355595,0.270355595,0.19478615962,0.15544830917,0.32579035011,0.29782100739,0.45246060918,0.22895765675,0.18668819972,0.02300235654,0.45246496944,0.38912091704,0.19116762418,0.0021948357098,0.17298901333,0.47502822225,0.24224307717,0.081335304981,0.42840461231,0.45488379487,0.10837480223,0.18252833662,0.007417407541,9.9429031329e-07,0.052640873346,0.022749311753,0.11175169715,0.0047129498823
333.0,0.0072774328067,0.27010172566,0.27010172566,0.19450697,0.15517271473,0.32557600044,0.29758473761,0.4523869954,0.22868526848,0.18640865119,0.022895485948,0.45239136118,0.38896910449,0.19088818989,0.0021768999892,0.17271006664,0.47498580666,0.24197545645,0.081111729517,0.42829961671,0.45481345094,0.10812370062,0.18224882186,0.0073703029097,9.7477691884e-07,0.052461635301,0.022643189881,0.11149783906,0.0046798199648
333.5,0.0072310962882,0.26984809469,0.26984809469,0.19422818036,0.1548976088,0.32536179176,0.29734865516,0.4523133936,0.2284132041,0.18612952102,0.022789111869,0.45231776489,0.38881735111,0.19060916382,0.0021591108329,0.17243156942,0.47494339485,0.2417081312,0.080888768442,0.42819464684,0.45474311789,0.10787318055,0.18196973492,0.0073234973948,9.5564648347e-07,0.052283007333,0.022537562998,0.11124455721,0.0046469229249
334.0,0.0071850547853,0.26959470186,0.26959470186,0.19394979014,0.1546229905,0.32514772396,0.29711275988,0.45223980377,0.22814146325,0.1858508086,0.022683231997,0.45224418058,0.38866565689,0.19033054535,0.0021414670435,0.17215352096,0.47490098683,0.24144110108,0.080666420071,0.42808970269,0.45467279571,0.10762324066,0.18169107513,0.0072769890973,9.3689149152e-07,0.052104987367,0.022432428793,0.11099185029,0.0046142571258
334.5,0.00713930642,0.26934154695,0.26934154695,0.19367179875,0.15434885897,0.32493379697,0.29687705163,0.45216622591,0.22787004554,0.1855725133,0.022577844035,0.45217060823,0.38851402181,0.19005233391,0.0021239674331,0.17187592054,0.4748585826,0.24117436578,0.08044468272,0.42798478425,0.4546024844,0.10737387962,0.18141284184,0.00723077613,9.1850457473e-07,0.051927573336,0.02232778497,0.11073971701,0.0045818209422
335.0,0.0070938493261,0.26908862973,0.26908862973,0.19339420563,0.15407521336,0.32472001069,0.29664153026,0.45209266003,0.22759895058,0.1852946345,0.0224729457,0.45209704784,0.38836244585,0.18977452888,0.0021066108234,0.17159876743,0.47481618215,0.24090792496,0.08022355471,0.42787989152,0.45453218396,0.10712509608,0.18113503441,0.007184856618,9.0047850947e-07,0.051750763178,0.022223629243,0.11048815605,0.0045496127602
335.5,0.0070486816494,0.26883594998,0.26883594998,0.1931170102,0.1538020528,0.32450636503,0.29640619563,0.4520191061,0.22732817799,0.18501717156,0.022368534715,0.45202349942,0.38821092897,0.18949712969,0.0020893960461,0.17132206091,0.47477378549,0.24064177831,0.080003034369,0.42777502449,0.4544618944,0.10687688872,0.18085765218,0.007139228698,8.8280621385e-07,0.051574554839,0.022119959334,0.11023716613,0.0045176309772
336.0,0.0070038015473,0.26858350748,0.26858350748,0.1928402119,0.15352937643,0.32429285988,0.29617104758,0.45194556415,0.22705772738,0.18474012388,0.022264608818,0.45194996297,0.38805947116,0.18922013574,0.0020723219421,0.17104580028,0.47473139261,0.2403759255,0.079783120028,0.42767018316,0.4543916157,0.10662925619,0.18058069449,0.0070938905187,8.6548074497e-07,0.051398946273,0.022016772978,0.10998674595,0.004485874002
336.5,0.0069592071892,0.268331302,0.268331302,0.19256381016,0.1532571834,0.32407949517,0.29593608596,0.45187203415,0.22678759837,0.18446349083,0.022161165753,0.45187643847,0.38790807239,0.18894354643,0.0020553873618,0.1707699848,0.47468900351,0.2401103662,0.079563810021,0.42756536751,0.45432134787,0.10638219717,0.18030416071,0.0070488402405,8.4849529619e-07,0.051223935438,0.021914067921,0.10973689422,0.0044543402546
337.0,0.0069148967559,0.26807933333,0.26807933333,0.19228780442,0.15298547284,0.32386627079,0.29570131064,0.45179851612,0.22651779059,0.18418727179,0.022058203279,0.45180292593,0.38775673265,0.18866736118,0.0020385911654,0.17049461377,0.4746466182,0.2398451001,0.07934510269,0.42746057755,0.4542510909,0.10613571033,0.18002805018,0.0070040760355,8.3184319445e-07,0.051049520303,0.021811841917,0.10948760964,0.0044230281658
337.5,0.00687086844,0.26782760124,0.26782760124,0.19201219409,0.1527142439,0.32365318666,0.29546672145,0.45172501004,0.22624830365,0.18391146613,0.021955719163,0.45172942535,0.3876054519,0.1883915794,0.0020219322218,0.17021968646,0.47460423668,0.23958012687,0.079126996379,0.42735581327,0.45418084479,0.10588979435,0.17975236226,0.0069595960874,8.1551789769e-07,0.050875698841,0.021710092733,0.10923889094,0.0043919361779
338.0,0.0068271204454,0.2675761055,0.2675761055,0.19173697863,0.15244349574,0.32344024269,0.29523231826,0.45165151593,0.22597913717,0.18363607326,0.021853711182,0.45165593672,0.38745423013,0.18811620049,0.0020054094096,0.16994520217,0.47456185894,0.23931544618,0.078909489437,0.42725107465,0.45411060955,0.1056444479,0.17947709629,0.0069153985913,7.995129922e-07,0.050702469032,0.021608818146,0.10899073683,0.0043610627437
338.5,0.0067836509875,0.2673248459,0.2673248459,0.19146215746,0.15217322749,0.32322743877,0.29499810092,0.45157803377,0.22571029076,0.18336109253,0.021752177124,0.45158246004,0.38730306731,0.18784122388,0.0019890216164,0.16967116018,0.47451948498,0.23905105771,0.078692580218,0.4271463617,0.45404038516,0.10539966967,0.17920225164,0.0068714817541,7.8382219021e-07,0.050529828863,0.021508015941,0.10874314603,0.0043304063271
339.0,0.0067404582932,0.26707382221,0.26707382221,0.19118773002,0.15190343831,0.32301477483,0.29476406928,0.45150456356,0.22544176405,0.18308652335,0.021651114788,0.45150899532,0.38715196342,0.18756664897,0.0019727677389,0.16939755977,0.4744771148,0.23878696114,0.078476267081,0.42704167441,0.45397017163,0.10515545835,0.17892782766,0.0068278437937,7.6843932723e-07,0.05035777633,0.021407683917,0.10849611727,0.0042999654028
339.5,0.0066975406004,0.26682303422,0.26682303422,0.19091369574,0.15163412734,0.32280225076,0.29453022319,0.4514311053,0.22517355666,0.18281236509,0.021550521982,0.45143554254,0.38700091843,0.18729247518,0.0019566466828,0.16912440025,0.47443474841,0.23852315616,0.078260548388,0.42693701277,0.45389996896,0.10491181261,0.17865382371,0.0067844829395,7.5335835991e-07,0.050186309434,0.021307819879,0.10824964926,0.0042697384561
340.0,0.0066548961585,0.2665724817,0.2665724817,0.19064005407,0.15136529375,0.32258986648,0.2942965625,0.45135765899,0.22490566821,0.18253861714,0.021450396525,0.45136210171,0.38684993233,0.18701870192,0.0019406573628,0.16885168089,0.4743923858,0.23825964243,0.078045422507,0.42683237677,0.45382977714,0.10466873116,0.17838023914,0.006741397432,7.3857336331e-07,0.050015426182,0.021208421647,0.10800374075,0.0042397239831
340.5,0.0066125232279,0.26632216443,0.26632216443,0.19036680444,0.15109693668,0.32237762189,0.29406308708,0.45128422463,0.22463809831,0.18226527889,0.021350736246,0.45128867282,0.38669900509,0.18674532861,0.0019247987023,0.168579401,0.47435002697,0.23799641963,0.077830887809,0.42672776642,0.45375959618,0.10442621268,0.17810707332,0.0066985855232,7.2407852891e-07,0.049845124589,0.021109487047,0.10775839045,0.0042099204904
341.0,0.0065704200801,0.26607208218,0.26607208218,0.19009394628,0.1508290553,0.3221655169,0.29382979677,0.45121080222,0.2243708466,0.18199234973,0.021251538984,0.45121525588,0.38654813669,0.18647235466,0.0019090696338,0.16830755986,0.47430767192,0.23773348746,0.077616942671,0.42662318169,0.45368942607,0.10418425587,0.1778343256,0.0066560454757,7.0986816216e-07,0.049675402676,0.021011013918,0.10751359712,0.004180326495
341.5,0.0065285849976,0.26582223475,0.26582223475,0.18982147905,0.15056164875,0.32195355143,0.29359669142,0.45113739175,0.22410391269,0.18171982903,0.021152802587,0.45114185087,0.3863973271,0.1861997795,0.0018934690982,0.16803615677,0.47426532065,0.23747084557,0.077403585474,0.4265186226,0.4536192668,0.10394285944,0.17756199534,0.0066137755636,6.9593668024e-07,0.049506258472,0.020913000108,0.10726935947,0.0041509405245
342.0,0.0064870162738,0.26557262191,0.26557262191,0.18954940217,0.15029471619,0.32174172537,0.29336377089,0.45106399322,0.22383729621,0.1814477162,0.021054524915,0.45106845781,0.3862465763,0.18592760253,0.0018779960453,0.16776519102,0.47422297317,0.23720849367,0.077190814602,0.42641408912,0.45354911838,0.10370202209,0.17729008191,0.0065717740717,6.8227860993e-07,0.049337690012,0.020815443474,0.10702567626,0.0041217611167
342.5,0.006445712213,0.26532324343,0.26532324343,0.1892777151,0.1500282568,0.32153003864,0.29313103504,0.45099060663,0.22357099677,0.18117601062,0.020956703836,0.45099507668,0.38609588427,0.18565582319,0.0018626494333,0.16749466191,0.47418062946,0.23694643141,0.076978628446,0.42630958125,0.45347898081,0.10346174252,0.17701858466,0.0065300392957,6.6888858537e-07,0.049169695336,0.020718341885,0.10678254623,0.0040927868198
343.0,0.0064046711303,0.2650740991,0.2650740991,0.18900641727,0.14976226972,0.32131849114,0.29289848371,0.45091723197,0.22330501401,0.18090471168,0.020859337229,0.45092170749,0.38594525099,0.18538444088,0.0018474282291,0.16722456873,0.47413828954,0.2366846585,0.076767025398,0.426205099,0.45340885409,0.10322201944,0.17674750297,0.0064885695422,6.5576134608e-07,0.049002272494,0.020621693217,0.10653996812,0.004064016192
343.5,0.0063638913515,0.26482518871,0.26482518871,0.18873550813,0.14949675412,0.32110708279,0.29266611676,0.45084386926,0.22303934754,0.18063381878,0.020762422984,0.45084835023,0.38579467643,0.18511345503,0.0018323314078,0.16695491079,0.47409595339,0.2364231746,0.076556003859,0.42610064234,0.4533387382,0.10298285157,0.17647683619,0.0064473631284,6.4289173475e-07,0.04883541954,0.020525495361,0.10629794068,0.0040354478018
344.0,0.0063233712131,0.26457651202,0.26457651202,0.18846498711,0.14923170917,0.32089581349,0.29243393405,0.45077051848,0.22277399699,0.18036333131,0.020665958998,0.4507750049,0.38564416057,0.18484286506,0.0018173579532,0.16668568739,0.47405362103,0.2361619794,0.07634556223,0.42599621128,0.45326863316,0.10274423762,0.1762065837,0.0064064183824,6.3027469533e-07,0.048669134536,0.020429746212,0.10605646266,0.0040070802278
344.5,0.0062831090621,0.26432806882,0.26432806882,0.18819485367,0.14896713403,0.32068468315,0.29220193542,0.45069717962,0.22250896198,0.18009324866,0.02056994318,0.4507016715,0.38549370339,0.1845726704,0.001802506857,0.16641689782,0.47401129244,0.23590107257,0.076135698918,0.42589180581,0.45319853895,0.10250617631,0.17593674486,0.0063657336427,6.1790527101e-07,0.048503415549,0.020334443678,0.10581553283,0.0039789120585
345.0,0.0062431032561,0.26407985889,0.26407985889,0.18792510725,0.14870302787,0.32047369168,0.29197012074,0.4506238527,0.22224424215,0.17982357023,0.020474373447,0.45062835003,0.38534330486,0.18430287046,0.0017877771194,0.16614854139,0.47396896764,0.23564045381,0.075926412336,0.42578742592,0.45312845559,0.10226866636,0.17566731903,0.0063253072586,6.0577860218e-07,0.048338260655,0.020239585677,0.10557514993,0.0039509418923
345.5,0.0062033521632,0.26383188201,0.26383188201,0.18765574729,0.14843938986,0.32026283899,0.29173848986,0.45055053771,0.22197983711,0.1795542954,0.020379247728,0.45055504048,0.38519296496,0.18403346467,0.0017731677488,0.1658806174,0.47392664661,0.2353801228,0.0757177009,0.42568307161,0.45305838306,0.10203170649,0.17539830558,0.0062851375895,5.9388992467e-07,0.048173667933,0.020145170135,0.10533531272,0.0039231683374
346.0,0.0061638541617,0.26358413796,0.26358413796,0.18738677325,0.14817621917,0.32005212499,0.29150704263,0.45047723464,0.22171574649,0.17928542359,0.020284563959,0.45048174286,0.38504268368,0.18376445246,0.0017586777616,0.16561312515,0.47388432936,0.23512007921,0.075509563028,0.42557874287,0.45298832136,0.10179529543,0.17512970389,0.0062452230056,5.8223456782e-07,0.048009635473,0.020051194989,0.10509601997,0.003895590012
346.5,0.0061246076404,0.26333662653,0.26333662653,0.18711818456,0.14791351497,0.31984154958,0.2912757789,0.4504039435,0.22145196992,0.17901695419,0.020190320087,0.45040845715,0.38489246097,0.18349583324,0.0017443061823,0.16534606395,0.47384201588,0.23486032273,0.075301997147,0.42547443969,0.45291827049,0.10155943191,0.17486151333,0.0062055618873,5.7080795261e-07,0.047846161367,0.019957658185,0.10485727045,0.0038682055439
347.0,0.0060856109983,0.2630893475,0.2630893475,0.18684998068,0.14765127643,0.31963111267,0.29104469853,0.45033066428,0.22118850702,0.17874888659,0.020096514069,0.45033518337,0.38474229684,0.18322760646,0.0017300520432,0.16507943311,0.47379970619,0.23460085304,0.075095001685,0.42537016206,0.45284823046,0.10132411467,0.17459373326,0.0061661526251,5.5960558984e-07,0.047683243717,0.019864557679,0.10461906292,0.0038410135703
347.5,0.0060468626445,0.26284230064,0.26284230064,0.18658216106,0.14738950274,0.31942081418,0.29081380138,0.45025739698,0.22092535742,0.17848122019,0.02000314387,0.4502619215,0.38459219124,0.18295977153,0.0017159143848,0.16481323193,0.47375740027,0.23434166984,0.074888575076,0.42526590999,0.45277820126,0.10108934243,0.17432636306,0.0061269936201,5.4862307849e-07,0.04752088063,0.019771891437,0.10438139615,0.0038140127384
348.0,0.0060083609985,0.26259548574,0.26259548574,0.18631472515,0.14712819305,0.31921065401,0.2905830873,0.4501841416,0.22066252075,0.1782139544,0.019910207467,0.45018867155,0.38444214416,0.18269232788,0.0017018922551,0.16454745972,0.47371509813,0.23408277279,0.074682715756,0.42516168347,0.45270818288,0.10085511395,0.1740594021,0.0060880832831,5.3785610381e-07,0.04735907022,0.019679657432,0.10414426893,0.0037872017047
348.5,0.0059701044895,0.26234890258,0.26234890258,0.18604767239,0.14686734656,0.31900063207,0.29035255615,0.45011089814,0.22039999664,0.17794708862,0.019817702843,0.45011543351,0.38429215557,0.18242527494,0.0016879847102,0.1642821158,0.47367279977,0.23382416159,0.074477422168,0.42505748248,0.45263817533,0.10062142795,0.17379284975,0.0060494200353,5.2730043592e-07,0.047197810605,0.01958785365,0.10390768001,0.003760579135
349.0,0.0059320915569,0.26210255095,0.26210255095,0.18578100225,0.14660696245,0.31879074828,0.29012220777,0.45003766658,0.22013778472,0.17768062224,0.019725627992,0.45004220739,0.38414222546,0.18215861215,0.0016741908137,0.16401719947,0.47363050518,0.23356583591,0.074272692757,0.42495330703,0.4525681786,0.10038828319,0.1735267054,0.0060110023079,5.1695192773e-07,0.047037099913,0.019496478083,0.1036716282,0.0037341437048
349.5,0.0058943206501,0.26185643063,0.26185643063,0.18551471416,0.14634703989,0.31858100253,0.28989204204,0.44996444695,0.21987588461,0.17741455468,0.019633980919,0.44996899317,0.3839923538,0.18189233893,0.001660509637,0.16375271004,0.47358821437,0.23330779546,0.074068525975,0.4248491571,0.4524981927,0.10015567841,0.17326096841,0.005972828542,5.0680651363e-07,0.046876936276,0.019405528736,0.10343611226,0.0037078940985
350.0,0.0058567902282,0.26161054139,0.26161054139,0.18524880759,0.14608757806,0.31837139475,0.28966205879,0.44989123922,0.21961429595,0.17714888532,0.019542759635,0.44989579086,0.38384254056,0.18162645471,0.0016469402589,0.16348864683,0.47354592733,0.2330500399,0.073864920276,0.42474503269,0.45242821761,0.099923612367,0.17299563817,0.0059348971884,4.9686020789e-07,0.046717317833,0.019315003619,0.10320113098,0.0036818290102
350.5,0.0058194987602,0.26136488303,0.26136488303,0.18498328199,0.14582857615,0.31816192483,0.28943225789,0.4498180434,0.21935301836,0.17688361359,0.019451962162,0.44982260046,0.38369278573,0.18136095893,0.0016334817659,0.16322500915,0.47350364407,0.23279256894,0.073661874118,0.42464093379,0.45235825335,0.099692083808,0.17273071405,0.0058972067082,4.8710910282e-07,0.046558242729,0.019224900756,0.10296668315,0.0036559471429
351.0,0.0057824447248,0.26111945532,0.26111945532,0.18471813681,0.14557003335,0.31795259269,0.28920263919,0.44974485949,0.21909205147,0.17661873888,0.019361586533,0.44974942196,0.38354308928,0.18109585102,0.0016201332519,0.16296179631,0.47346136458,0.23253538224,0.073459385966,0.4245368604,0.4522882999,0.09946109149,0.17246619543,0.0058597555717,4.7754936759e-07,0.046399709117,0.019135218175,0.10273276756,0.0036302472086
351.5,0.0057456266104,0.26087425805,0.26087425805,0.18445337151,0.14531194883,0.31774339823,0.28897320256,0.44967168748,0.21883139493,0.1763542606,0.019271630786,0.44967625536,0.38339345118,0.18083113041,0.0016068938182,0.16269900764,0.47341908887,0.2322784795,0.073257454285,0.42443281252,0.45221835727,0.099230634174,0.17220208169,0.0058225422595,4.6817724647e-07,0.046241715153,0.019045953918,0.10249938301,0.0036047279287
352.0,0.0057090429151,0.26062929101,0.26062929101,0.18418898555,0.1450543218,0.31753434138,0.28874394783,0.44959852738,0.21857104835,0.17609017816,0.019182092971,0.44960310066,0.38324387142,0.18056679654,0.0015937625735,0.16243664245,0.47337681693,0.23202186042,0.073056077548,0.42432879013,0.45214842545,0.09900071062,0.17193837221,0.0057855652613,4.5898905742e-07,0.046084259003,0.018957106034,0.10226652829,0.0035793880334
352.5,0.0056726921465,0.26038455398,0.26038455398,0.18392497837,0.14479715143,0.31732542203,0.28851487488,0.44952537917,0.21831101136,0.17582649097,0.019092971147,0.44952995787,0.38309434998,0.18030284885,0.0015807386336,0.16217470006,0.47333454877,0.23176552466,0.07285525423,0.42422479322,0.45207850445,0.098771319595,0.17167506638,0.0057488230768,4.499811907e-07,0.045927338837,0.01886867258,0.1020342022,0.0035542262618
353.0,0.0056365728216,0.26014004673,0.26014004673,0.18366134945,0.14454043693,0.3171166401,0.28828598355,0.44945224287,0.21805128361,0.17556319843,0.019004263381,0.44945682696,0.38294488682,0.18003928676,0.0015678211217,0.16191317979,0.47329228438,0.23150947193,0.072654982811,0.4241208218,0.45200859425,0.098542459865,0.17141216358,0.005712314215,4.4115010746e-07,0.04577095283,0.018780651624,0.10180240354,0.0035292413618
353.5,0.005600683467,0.25989576906,0.25989576906,0.18339809823,0.14428417747,0.31690799549,0.2880572737,0.44937911846,0.21779186473,0.17530029996,0.01891596775,0.44938370795,0.38279548194,0.17977610972,0.0015550091682,0.16165208096,0.47325002376,0.2312537019,0.072455261776,0.42401687586,0.45193869487,0.0983141302,0.17114966318,0.0056760371944,4.3249233821e-07,0.045615099167,0.018693041243,0.10157113111,0.0035044320903
354.0,0.0055650226186,0.25965172075,0.25965172075,0.18313522419,0.14402837226,0.31669948811,0.28782874519,0.44930600595,0.21753275434,0.17503779496,0.018828082338,0.44931060084,0.38264613529,0.17951331717,0.0015423019105,0.16139140288,0.47320776691,0.23099821427,0.072256089612,0.42391295538,0.45186880629,0.098086329376,0.17088756458,0.005639990543,4.2400448157e-07,0.045459776035,0.018605839521,0.10134038373,0.0034797972127
354.5,0.0055295888216,0.25940790159,0.25940790159,0.18287272677,0.14377302049,0.31649111789,0.28760039788,0.44923290533,0.21727395208,0.17477568285,0.01874060524,0.44923750561,0.38249684687,0.17925090855,0.001529698493,0.16113114489,0.47316551384,0.23074300873,0.072057464812,0.42380906037,0.45179892852,0.097859056166,0.17062586716,0.0056041727979,4.1568320288e-07,0.045304981631,0.018519044552,0.10111016019,0.0034553355034
355.0,0.0054943806306,0.25916431135,0.25916431135,0.18261060544,0.14351812135,0.31628288472,0.28737223161,0.4491598166,0.21701545758,0.17451396304,0.018653534559,0.44916442227,0.38234761665,0.17898888328,0.0015171980673,0.16087130631,0.47312326454,0.23048808497,0.071859385872,0.42370519082,0.45172906155,0.097632309351,0.17036457031,0.0055685825059,4.0752523303e-07,0.045150714155,0.01843265444,0.10088045933,0.003431045745
355.5,0.0054593966091,0.25892094983,0.25892094983,0.18234885965,0.14326367405,0.31607478851,0.28714424626,0.44908673976,0.21675727049,0.17425263495,0.018566868408,0.44909135082,0.38219844461,0.17872724083,0.0015047997916,0.16061188646,0.47308101901,0.23023344266,0.071661851293,0.42360134671,0.45165920538,0.097406087712,0.17010367341,0.0055332182226,3.9952736702e-07,0.044996971815,0.018346667296,0.10065127994,0.0034069267291
356.0,0.0054246353301,0.25867781681,0.25867781681,0.18208748888,0.14300967778,0.31586682918,0.28691644167,0.44901367481,0.21649939043,0.17399169798,0.018480604905,0.44901829125,0.38204933072,0.17846598062,0.0014925028314,0.16035288467,0.47303877726,0.22997908151,0.07146485958,0.42349752806,0.45158936002,0.097180390034,0.16984317585,0.005498078513,3.9168646274e-07,0.044843752825,0.018261081242,0.10042262084,0.0033829772554
356.5,0.0053900953755,0.25843491208,0.25843491208,0.18182649259,0.14275613175,0.31565900663,0.2866888177,0.44894062174,0.21624181703,0.17373115155,0.018394742182,0.44894524357,0.38190027496,0.1782051021,0.0014803063586,0.16009430027,0.47299653927,0.22972500121,0.071268409242,0.42339373484,0.45151952545,0.096955215104,0.16958307703,0.0054631619512,3.8399943973e-07,0.044691055403,0.018175894406,0.10019448087,0.0033591961322
357.0,0.0053557753362,0.25819223541,0.25819223541,0.18156587024,0.14250303515,0.31545132078,0.28646137421,0.44886758056,0.21598454994,0.17347099509,0.018309278376,0.44887220776,0.38175127731,0.17794460471,0.0014682095522,0.15983613258,0.47295430506,0.22947120144,0.071072498791,0.42328996705,0.45144970169,0.096730561712,0.16932337633,0.0054284671203,3.7646327799e-07,0.044538877776,0.018091104926,0.099966858833,0.0033355821762
357.5,0.0053216738121,0.25794978661,0.25794978661,0.18130562129,0.1422503872,0.31524377153,0.28623411105,0.44879455126,0.21572758879,0.173211228,0.018224211633,0.44879918384,0.38160233775,0.17768448789,0.0014562115977,0.15957838093,0.47291207461,0.22921768189,0.070877126744,0.42318622469,0.45137988871,0.096506428652,0.16906407314,0.0053939926124,3.6907501688e-07,0.044387218175,0.018006710951,0.099739753563,0.0033121342125
358.0,0.0052877894121,0.25770756545,0.25770756545,0.18104574521,0.14199818709,0.3150363588,0.28600702809,0.44872153384,0.21547093322,0.17295184971,0.01813954011,0.44872617179,0.38145345625,0.1774247511,0.0014443116874,0.15932104466,0.47286984794,0.22896444226,0.070682291624,0.42308250775,0.45131008653,0.096282814719,0.16880516686,0.0053597370285,3.6183175365e-07,0.044236074837,0.017922710634,0.099513163888,0.0032888510742
358.5,0.0052541207538,0.25746557171,0.25746557171,0.18078624147,0.14174643403,0.31482908249,0.28578012518,0.44864852829,0.21521458286,0.17269285962,0.018055261969,0.44865317162,0.3813046328,0.17716539377,0.00143250902,0.15906412309,0.47282762503,0.22871148224,0.070487991954,0.42297881622,0.45124029515,0.096059718711,0.16854665688,0.0053256989786,3.5473064275e-07,0.044085446007,0.017839102141,0.099287088638,0.0032657316028
359.0,0.0052206664637,0.25722380519,0.25722380519,0.18052710952,0.14149512723,0.31462194252,0.28555340217,0.44857553463,0.21495853735,0.17243425718,0.017971375384,0.44858018332,0.38115586736,0.17690641536,0.001420802801,0.15880761556,0.4727854059,0.22845880151,0.070294226264,0.4228751501,0.45117051455,0.095837139431,0.16828854259,0.0052918770814,3.4776889433e-07,0.043935329934,0.017755883643,0.099061526647,0.003242774648
359.5,0.005187425177,0.25698226568,0.25698226568,0.18026834885,0.1412442659,0.31441493879,0.28532685893,0.44850255283,0.21470279633,0.17217604178,0.017887878536,0.44850720689,0.38100715991,0.1766478153,0.0014091922421,0.1585515214,0.47274319053,0.22820639978,0.070100993087,0.42277150939,0.45110074475,0.095615075683,0.16803082339,0.0052582699644,3.4094377333e-07,0.043785724874,0.017673053322,0.098836476752,0.0032199790673
360.0,0.0051543955378,0.25674095295,0.25674095295,0.18000995892,0.14099384925,0.31420807123,0.28510049532,0.44842958291,0.21444735943,0.17191821286,0.017804769613,0.44843424232,0.38085851044,0.17638959305,0.0013976765618,0.15829583995,0.47270097894,0.22795427673,0.069908290961,0.42266789407,0.45103098573,0.095393526272,0.16777349867,0.0052248762639,3.3425259843e-07,0.043636629087,0.017590609368,0.09861193779,0.0031973437265
360.5,0.0051215761984,0.25649986681,0.25649986681,0.1797519392,0.14074387649,0.31400133973,0.28487431118,0.44835662486,0.21419222631,0.17166076983,0.017722046813,0.44836128963,0.38070991893,0.17613174805,0.0013862549847,0.15804057054,0.47265877111,0.22770243205,0.069716118426,0.42256430413,0.45096123749,0.095172490009,0.16751656784,0.0051916946248,3.2769274088e-07,0.043488040842,0.017508549979,0.098387908605,0.0031748674992
361.0,0.00508896582,0.25625900702,0.25625900702,0.17949428916,0.14049434684,0.3137947442,0.28464830638,0.44828367867,0.21393739659,0.17140371212,0.017639708344,0.4482883488,0.38056138534,0.17587427976,0.0013749267419,0.15778571251,0.47261656705,0.22745086545,0.069524474029,0.42246073958,0.45089150004,0.094951965707,0.16726003028,0.0051587237005,3.2126162347e-07,0.043339958412,0.01742687336,0.098164388039,0.0031525492671
361.5,0.0050565630724,0.25601837339,0.25601837339,0.17923700826,0.1402452595,0.31358828457,0.28442248078,0.44821074436,0.21368286991,0.17114703916,0.017557752418,0.44821541984,0.38041290965,0.17561718763,0.0013636910705,0.1575312652,0.47257436675,0.2271995766,0.069333356318,0.42235720041,0.45082177338,0.09473195218,0.16700388539,0.0051259621531,3.1495671958e-07,0.043192380075,0.017345577728,0.09794137494,0.0031303879196
362.0,0.0050243666335,0.25577796569,0.25577796569,0.17898009599,0.13999661371,0.31338196074,0.28419683423,0.4481378219,0.21342864591,0.17089075036,0.01747617726,0.44814250273,0.38026449185,0.1753604711,0.0013525472143,0.15727722794,0.47253217023,0.22694856521,0.069142763846,0.4222536866,0.45075205749,0.094512448246,0.16674813259,0.0050934086531,3.0877555227e-07,0.043045304118,0.017264661304,0.097718868157,0.003108382354
362.5,0.0049923751899,0.25553778373,0.25553778373,0.17872355181,0.13974840866,0.31317577261,0.28397136659,0.44806491131,0.21317472424,0.17063484516,0.017394981099,0.44806959749,0.38011613191,0.17510412963,0.0013414944229,0.15702360008,0.47248997747,0.22669783097,0.068952695171,0.42215019816,0.45068235238,0.094293452726,0.16649277126,0.0050610618794,3.0271569317e-07,0.042898728829,0.017184122321,0.097496866543,0.0030865314753
363.0,0.0049605874365,0.25529782728,0.25529782728,0.1784673752,0.13950064359,0.31296972011,0.28374607772,0.44799201258,0.21292110454,0.17037932298,0.017314162176,0.4479967041,0.37996782981,0.17484816267,0.0013305319522,0.15677038096,0.47244778848,0.22644737358,0.068763148854,0.42204673508,0.45061265805,0.094074964443,0.16623780081,0.0050289205196,2.9677476152e-07,0.042752652507,0.017103959019,0.09727536895,0.0030648341961
363.5,0.0049290020765,0.25505809613,0.25505809613,0.17821156562,0.13925331771,0.31276380313,0.28352096749,0.44791912571,0.21266778644,0.17012418324,0.017233718738,0.44792382257,0.37981958552,0.17459256967,0.0013196590641,0.15651756991,0.47240560325,0.22619719272,0.06857412346,0.42194329735,0.4505429745,0.093856982223,0.16598322064,0.0049969832691,2.9095042335e-07,0.042607073454,0.017024169644,0.097054374238,0.0030432894369
364.0,0.0048976178214,0.25481859007,0.25481859007,0.17795612257,0.13900643025,0.3125580216,0.28329603574,0.44784625069,0.21241476959,0.16986942538,0.017153649039,0.44785095289,0.37967139903,0.17433735009,0.0013088750265,0.15626516629,0.47236342179,0.2259472881,0.068385617559,0.42183988497,0.45047330172,0.093639504896,0.16572903015,0.0049652488321,2.8524039046e-07,0.042461989977,0.016944752454,0.096833881266,0.0030218961255
364.5,0.0048664333908,0.2545793089,0.2545793089,0.1777010455,0.13875998042,0.31235237543,0.28307128234,0.44777338753,0.21216205363,0.16961504883,0.017073951345,0.44777809507,0.3795232703,0.17408250339,0.0012981791135,0.15601316944,0.4723212441,0.22569765941,0.068197629722,0.42173649792,0.45040363971,0.093422531292,0.16547522875,0.0049337159207,2.7964241949e-07,0.042317400392,0.016865705712,0.096613888895,0.0030006531975
365.0,0.0048354475124,0.25434025239,0.25434025239,0.17744633389,0.13851396746,0.31214686451,0.28284670714,0.44770053622,0.21190963821,0.16936105301,0.016994623926,0.44770524909,0.37937519933,0.17382802901,0.0012875706049,0.15576157869,0.47227907017,0.22544830634,0.068010158528,0.42163313621,0.45033398848,0.093206060246,0.16522181585,0.0049023832553,2.7415431121e-07,0.042173303016,0.016787027691,0.096394395991,0.0029795595957
365.5,0.0048046589223,0.25410142034,0.25410142034,0.17719198723,0.13826839058,0.31194148878,0.28262231,0.44762769676,0.21165752296,0.16910743735,0.016915665063,0.44763241496,0.37922718608,0.17357392642,0.0012770487865,0.15551039341,0.47223690001,0.22519922859,0.067823202556,0.42152979982,0.45026434801,0.092990090594,0.16496879084,0.0048712495643,2.6877390958e-07,0.042029696176,0.016708716671,0.096175401422,0.0029586142706
366.0,0.0047740663644,0.25386281255,0.25386281255,0.176938005,0.13802324902,0.31173624812,0.28239809079,0.44755486915,0.21140570752,0.16885420129,0.016837073043,0.44755959268,0.37907923053,0.17332019508,0.0012666129498,0.15525961293,0.47219473361,0.22495042586,0.067636760392,0.42142648876,0.45019471831,0.092774621176,0.16471615313,0.0048403135844,2.6349910072e-07,0.041886578204,0.016630770941,0.095956904057,0.0029378161799
366.5,0.0047436685905,0.25362442878,0.25362442878,0.17668438665,0.13777854201,0.31153114247,0.28217404936,0.44748205339,0.21115419156,0.16860134426,0.016758846162,0.44748678224,0.37893133267,0.17306683444,0.0012562623923,0.1550092366,0.47215257098,0.22470189785,0.067450830623,0.42132320301,0.45012509937,0.092559650835,0.16446390214,0.0048095740602,2.5832781235e-07,0.041743947434,0.016553188796,0.09573890277,0.0029171642887
367.0,0.0047134643607,0.25338626885,0.25338626885,0.17643113169,0.13753426877,0.31132617173,0.28195018558,0.44740924947,0.21090297469,0.16834886569,0.016680982724,0.44741398364,0.37878349246,0.17281384395,0.0012459964172,0.15475926378,0.47211041211,0.22445364424,0.067265411844,0.42121994256,0.4500554912,0.092345178415,0.16421203728,0.0047790297441,2.5325801283e-07,0.041601802211,0.016475968541,0.095521396434,0.0028966575694
367.5,0.0046834524426,0.25314833253,0.25314833253,0.17617823959,0.13729042853,0.3111213358,0.28172649929,0.4473364574,0.21065205658,0.16809676502,0.01660348104,0.44734119689,0.37863570989,0.17256122309,0.0012358143331,0.15450969382,0.472068257,0.22420566475,0.067080502649,0.42111670742,0.44998589379,0.092131202764,0.16396055794,0.0047486793967,2.4828771044e-07,0.041460140882,0.016399108489,0.095304383928,0.0028762950015
368.0,0.0046536316119,0.25291061962,0.25291061962,0.17592570982,0.13704702053,0.31091663461,0.28150299036,0.44726367716,0.21040143687,0.16784504167,0.016526339429,0.44726842197,0.37848798493,0.17230897131,0.0012257154546,0.15426052606,0.47202610566,0.22395795906,0.06689610164,0.42101349758,0.44991630715,0.091917722732,0.16370946354,0.0047185217864,2.4341495242e-07,0.0413189618,0.016322606959,0.095087864133,0.0028560755718
368.5,0.0046240006521,0.25267312991,0.25267312991,0.17567354187,0.13680404401,0.31071206806,0.28127965865,0.44719090877,0.2101511152,0.1675936951,0.016449556219,0.44719565889,0.37834031756,0.17205708807,0.0012156991019,0.15401175985,0.47198395808,0.22371052687,0.06671220742,0.42091031302,0.44984673126,0.091704737172,0.1634587535,0.0046885556893,2.3863782449e-07,0.041178263325,0.016246462279,0.09487183593,0.0028359982741
369.0,0.0045945583542,0.25243586318,0.25243586318,0.17542173522,0.13656149819,0.31050763607,0.28105650402,0.44711815221,0.20990109121,0.16734272473,0.016373129744,0.44712290764,0.37819270777,0.17180557283,0.0012057646004,0.15376339456,0.47194181427,0.22346336789,0.066528818596,0.42080715375,0.44977716613,0.09149224494,0.16320842722,0.0046587798892,2.3395444982e-07,0.041038043822,0.016170672785,0.094656298206,0.0028160621094
369.5,0.0045653035172,0.25219881924,0.25219881924,0.17517028936,0.13631938232,0.31030333854,0.28083352633,0.44704540749,0.20965136456,0.16709213,0.016297058348,0.44705016822,0.37804515551,0.17155442506,0.0011959112814,0.15351542954,0.47189967421,0.22321648181,0.066345933782,0.42070401976,0.44970761175,0.091280244894,0.16295848412,0.004629193178,2.2936298848e-07,0.04089830166,0.01609523682,0.094441249847,0.0027962660857
370.0,0.0045362349476,0.25196199786,0.25196199786,0.17491920377,0.13607769563,0.31009917539,0.28061072544,0.4469726746,0.2094019349,0.16684191035,0.01622134038,0.44697744064,0.37789766079,0.17130364423,0.0011861384814,0.15326786414,0.47185753792,0.22296986832,0.066163551591,0.42060091103,0.44963806813,0.091068735894,0.16270892362,0.0045997943549,2.2486163666e-07,0.040759035217,0.016020152736,0.094226689745,0.0027766092178
370.5,0.0045073514594,0.25172539884,0.25172539884,0.17466847793,0.13583643736,0.30989514653,0.28038810121,0.44689995354,0.20915280185,0.16659206521,0.016145974199,0.44690472488,0.37775022356,0.17105322978,0.0011764455426,0.15302069772,0.47181540539,0.22272352714,0.065981670644,0.42049782757,0.44956853526,0.090857716804,0.16245974512,0.0045705822269,2.204486259e-07,0.040620242873,0.015945418891,0.094012616792,0.0027570905278
371.0,0.0044786518744,0.25148902198,0.25148902198,0.17441811132,0.13559560676,0.30969125187,0.28016565349,0.44682724431,0.20890396509,0.16634259404,0.016070958171,0.44683202095,0.37760284381,0.1708031812,0.0011668318122,0.15277392964,0.47177327662,0.22247745796,0.065800289563,0.42039476937,0.44949901314,0.09064718649,0.16221094804,0.0045415556085,2.1612222249e-07,0.040481923015,0.015871033652,0.093799029884,0.0027377090442
371.5,0.0044501350216,0.25125286706,0.25125286706,0.17416810344,0.13535520306,0.30948749132,0.27994338216,0.44675454691,0.20865542425,0.16609349627,0.015996290668,0.44675932885,0.37745552152,0.17055349795,0.001157296643,0.15252755925,0.47173115161,0.22223166048,0.065619406976,0.42029173643,0.44942950177,0.090437143822,0.1619625318,0.0045127133217,2.1188072662e-07,0.040344074035,0.015796995393,0.093585927918,0.0027184638027
372.0,0.0044217997377,0.25101693387,0.25101693387,0.17391845376,0.13511522551,0.3092838648,0.27972128706,0.44668186134,0.20840717898,0.16584477133,0.015921970071,0.44668664857,0.37730825666,0.17030417949,0.0011478393931,0.15228158592,0.47168903037,0.22198613439,0.065439021512,0.42018872873,0.44936000115,0.090227587669,0.16171449582,0.0044840541961,2.0772247208e-07,0.040206694333,0.015723302496,0.093373309795,0.0026993538455
372.5,0.0043936448667,0.25078122221,0.25078122221,0.17366916179,0.13487567335,0.30908037222,0.27949936807,0.44660918759,0.20815922893,0.16559641868,0.015847994769,0.44661398011,0.37716104922,0.17005522529,0.0011384594258,0.15203600901,0.47164691288,0.22174087941,0.065259131807,0.42008574626,0.44929051128,0.090018516907,0.16146683952,0.0044555770686,2.0364582515e-07,0.04006978231,0.01564995335,0.093161174417,0.0026803782218
373.0,0.00436566926,0.25054573187,0.25054573187,0.17342022699,0.13463654583,0.30887701348,0.27927762503,0.44653652566,0.20791157375,0.16534843776,0.015774363158,0.44654132347,0.37701389916,0.16980663482,0.0011291561094,0.15179082787,0.47160479915,0.22149589523,0.065079736499,0.41998278904,0.44922103215,0.089809930412,0.16121956231,0.0044272807836,1.9964918427e-07,0.039933336375,0.015576946352,0.09294952069,0.0026615359873
373.5,0.0043378717762,0.25031046264,0.25031046264,0.17317164887,0.1343978422,0.3086737885,0.27905605782,0.44646387555,0.20766421309,0.16510082801,0.01570107364,0.44646867864,0.37686680647,0.16955840755,0.0011199288177,0.15154604188,0.47156268919,0.22125118155,0.064900834228,0.41987985704,0.44915156376,0.089601827062,0.16097266361,0.0043991641927,1.9573097922e-07,0.039797354944,0.015504279905,0.092738347521,0.0026428262045
374.0,0.0043102512814,0.25007541431,0.25007541431,0.17292342691,0.13415956171,0.3084706972,0.27883466628,0.44639123726,0.2074171466,0.16485358887,0.015628124627,0.44639604563,0.37671977113,0.16931054295,0.0011107769293,0.15130165039,0.47152058298,0.22100673808,0.064722423642,0.41977695026,0.44908210611,0.08939420574,0.16072614285,0.004371226155,1.918896707e-07,0.039661836434,0.015431952423,0.092527653822,0.0026242479422
374.5,0.0042828066486,0.24984058668,0.24984058668,0.17267556061,0.1339217036,0.30826773948,0.27861345029,0.44631861078,0.20717037393,0.1646067198,0.015555514537,0.44632342443,0.37657279311,0.16906304049,0.0011016998282,0.15105765278,0.47147848053,0.22076256451,0.064544503389,0.4196740687,0.4490126592,0.08918706533,0.16047999945,0.0043434655367,1.8812374962e-07,0.039526779272,0.015359962323,0.092317438504,0.002605800276
375.0,0.0042555367582,0.24960597953,0.24960597953,0.17242804944,0.13368426713,0.30806491526,0.27839240971,0.44624599612,0.20692389473,0.16436022023,0.015483241794,0.44625081505,0.37642587239,0.16881589964,0.0010926969032,0.1508140484,0.47143638184,0.22051866055,0.064367072122,0.41957121234,0.44894322303,0.088980404719,0.16023423284,0.0043158812111,1.8443173643e-07,0.039392181887,0.015288308032,0.092107700483,0.0025874822879
375.5,0.0042284404978,0.24937159267,0.24937159267,0.17218089292,0.13344725155,0.30786222445,0.27817154438,0.44617339327,0.20667770865,0.16411408962,0.015411304833,0.44617821747,0.37627900894,0.16856911987,0.0010837675481,0.15057083662,0.47139428691,0.22027502591,0.064190128498,0.41946838119,0.44887379759,0.088774222796,0.15998884242,0.0042884720588,1.8081218067e-07,0.039258042715,0.015216987984,0.091898438676,0.0025692930665
376.0,0.0042015167618,0.24913742589,0.24913742589,0.17193409052,0.13321065611,0.30765966696,0.27795085419,0.44610080223,0.20643181535,0.16386832742,0.015339702092,0.44610563171,0.37613220276,0.16832270066,0.0010749111618,0.15032801682,0.47135219573,0.22003166027,0.064013671177,0.41936557524,0.44880438289,0.088568518453,0.15974382764,0.0042612369675,1.7726366026e-07,0.039124360197,0.015146000621,0.091689652004,0.0025512317065
376.5,0.0041747644518,0.24890347897,0.24890347897,0.17168764173,0.13297448008,0.3074572427,0.27773033898,0.446028223,0.20618621447,0.16362293306,0.015268432019,0.44603305774,0.3759854538,0.16807664148,0.001066127148,0.15008558836,0.47131010832,0.21978856336,0.063837698824,0.41926279448,0.44873497892,0.088363290585,0.15949918791,0.004234174832,1.7378478121e-07,0.038991132779,0.01507534439,0.091481339389,0.0025332973092
377.0,0.0041481824764,0.24866975171,0.24866975171,0.17144154607,0.1327387227,0.30725495159,0.27750999861,0.44595565558,0.20594090568,0.16337790601,0.015197493069,0.44596049558,0.37583876206,0.1678309418,0.0010574149153,0.1498435506,0.47126802466,0.21954573487,0.063662210106,0.4191600389,0.44866558568,0.08815853809,0.15925492266,0.0042072845539,1.703741767e-07,0.038858358913,0.015005017747,0.091273499755,0.0025154889822
377.5,0.0041217697512,0.24843624391,0.24843624391,0.17119580301,0.13250338324,0.30705279354,0.27728983296,0.44588309996,0.20569588861,0.16313324572,0.015126883703,0.44588794523,0.37569212751,0.16758560111,0.001048773877,0.14960190294,0.47122594476,0.2193031745,0.063487203695,0.4190573085,0.44859620317,0.087954259866,0.15901103133,0.004180565042,1.6703050682e-07,0.038726037055,0.014935019155,0.091066132031,0.0024978058394
378.0,0.0040955251985,0.24820295536,0.24820295536,0.17095041205,0.13226846095,0.30685076846,0.27706984188,0.44581055614,0.20545116293,0.16288895163,0.01505660239,0.44581540667,0.37554555012,0.16734061886,0.0010402034515,0.14936064472,0.47118386861,0.21906088196,0.063312678265,0.41895460327,0.44852683139,0.087750454816,0.15876751333,0.004154015212,1.6375245797e-07,0.038594165667,0.014865347084,0.090859235147,0.0024802470006
378.5,0.0040694477478,0.24796988586,0.24796988586,0.1707053727,0.1320339551,0.30664887626,0.27685002523,0.44573802413,0.20520672829,0.16264502319,0.014986647606,0.44574287991,0.37539902988,0.16709599456,0.0010317030617,0.14911977533,0.47114179623,0.21881885696,0.063138632495,0.41885192321,0.44845747033,0.087547121845,0.15852436809,0.0041276339864,1.6053874237e-07,0.038462743217,0.014796000011,0.090652808033,0.0024628115923
379.0,0.004043536335,0.24773703519,0.24773703519,0.17046068444,0.13179986495,0.30644711686,0.27663038288,0.44566550391,0.20496258433,0.16240145987,0.014917017834,0.44567036495,0.37525256675,0.16685172766,0.0010232721354,0.14887929415,0.47109972759,0.21857709919,0.062965065068,0.41874926831,0.44838812,0.08734425986,0.15828159506,0.0041014202945,1.5738809738e-07,0.038331768178,0.01472697642,0.090446849626,0.0024454987468
379.5,0.004017789903,0.24750440315,0.24750440315,0.17021634677,0.13156618975,0.30624549017,0.27641091469,0.44559299549,0.20471873073,0.16215826112,0.014847711563,0.44559786178,0.37510616073,0.16660781765,0.0010149101047,0.14863920054,0.47105766272,0.21833560837,0.062791974669,0.41864663856,0.44831878039,0.087141867771,0.15803919365,0.0040753730726,1.5429928515e-07,0.038201239026,0.014658274802,0.090241358862,0.0024283076026
380.0,0.0039922074016,0.24727198955,0.24727198955,0.16997235919,0.13133292879,0.30604399611,0.27619162051,0.44552049887,0.20447516713,0.16191542638,0.014778727292,0.4455253704,0.37495981179,0.16636426401,0.0010066164069,0.14839949388,0.4710156016,0.2180943842,0.062619359989,0.41854403396,0.44824945151,0.08693994449,0.15779716329,0.0040494912635,1.5127109225e-07,0.038071154244,0.014589893657,0.09003633468,0.0024112373042
380.5,0.0039667877869,0.24703979416,0.24703979416,0.16972872121,0.13110008131,0.30584263457,0.27597250022,0.44544801403,0.20423189319,0.16167295512,0.014710063524,0.44545289081,0.3748135199,0.16612106621,0.00099839048345,0.14816017356,0.47097354423,0.21785342639,0.06244721972,0.4184414545,0.44818013334,0.086738488932,0.15755550343,0.004023773817,1.4830232906e-07,0.037941512321,0.014521831488,0.089831776023,0.0023942870022
381.0,0.003941530022,0.2468078168,0.2468078168,0.16948543231,0.13086764659,0.30564140549,0.27575355367,0.44537554099,0.20398890856,0.16143084679,0.01464171877,0.44538042301,0.37466728504,0.16587822375,0.00099023178055,0.14792123894,0.47093149062,0.21761273464,0.062275552558,0.41833890018,0.44811082589,0.086537500015,0.1573142135,0.0039982196892,1.4539182913e-07,0.037812311749,0.014454086808,0.089627681835,0.002377455853
381.5,0.0039164330763,0.24657605724,0.24657605724,0.16924249201,0.1306356239,0.30544030876,0.27553478072,0.44530307974,0.2037462129,0.16118910085,0.014573691547,0.445307967,0.3745211072,0.16563573609,0.0009821397489,0.14768268941,0.47088944076,0.21737230866,0.062104357205,0.41823637098,0.44804152915,0.086336976658,0.15707329292,0.0039728278432,1.4253844911e-07,0.037683551028,0.014386658138,0.089424051062,0.0023607430192
382.0,0.0038914959259,0.2463445153,0.2463445153,0.16899989979,0.13040401251,0.30523934431,0.27531618125,0.44523063028,0.20350380587,0.16094771676,0.014505980382,0.44523552277,0.37437498634,0.16539360273,0.00097411384369,0.14744452435,0.47084739466,0.21713214815,0.061933632364,0.41813386691,0.44797224313,0.086136917784,0.15683274113,0.0039475972485,1.3974106794e-07,0.037555228659,0.014319544001,0.089220882653,0.0023441476691
382.5,0.0038667175536,0.24611319076,0.24611319076,0.16875765517,0.13017281168,0.30503851205,0.2750977551,0.4451581926,0.20326168712,0.16070669398,0.014438583805,0.44516309032,0.37422892246,0.16515182314,0.00096615352454,0.14720674313,0.47080535231,0.21689225283,0.061763376742,0.41803138795,0.44790296782,0.085937322318,0.15659255758,0.0039225268811,1.3699858659e-07,0.037427343152,0.014252742933,0.08901817556,0.0023276689768
383.0,0.0038420969483,0.24588208342,0.24588208342,0.16851575764,0.1299420207,0.30483781188,0.27487950215,0.4450857667,0.20301985631,0.16046603196,0.014371500355,0.44509066966,0.37408291551,0.16491039681,0.00095825825552,0.14696934515,0.47076331371,0.21665262239,0.061593589051,0.41792893411,0.44783370322,0.085738189187,0.15635274169,0.0038976157236,1.3430992769e-07,0.03729989302,0.014186253472,0.088815928737,0.0023113061223
383.5,0.0038176331057,0.24565119307,0.24565119307,0.16827420671,0.12971163883,0.30463724373,0.27466142226,0.44501335259,0.2027783131,0.16022573017,0.014304728577,0.44501826077,0.37393696549,0.16466932322,0.00095042750505,0.14673232978,0.47072127887,0.21641325656,0.061424268004,0.41782650537,0.44776444933,0.08553951732,0.15611329291,0.003872862765,1.3167403494e-07,0.037172876782,0.014120074165,0.088614141139,0.0022950582915
384.0,0.0037933250276,0.24542051952,0.24542051952,0.16803300189,0.12948166535,0.3044368075,0.27444351528,0.44494095025,0.20253705715,0.15998578806,0.014238267023,0.44494586366,0.37379107237,0.16442860186,0.00094266074591,0.1464956964,0.47067924778,0.21617415503,0.061255412321,0.41772410173,0.44769520615,0.085341305651,0.15587421067,0.0038482670007,1.2908987281e-07,0.037046292961,0.014054203566,0.088412811726,0.0022789246757
384.5,0.0037691717224,0.24519006256,0.24519006256,0.16779214267,0.12925209953,0.30423650312,0.27422578109,0.44486855969,0.20229608811,0.15974620511,0.014172114251,0.44487347833,0.37364523612,0.16418823221,0.00093495745519,0.14625944441,0.47063722044,0.21593531752,0.061087020722,0.41762172318,0.44762597368,0.085143553114,0.15563549441,0.0038238274326,1.2655642603e-07,0.036920140086,0.013988640234,0.088211939458,0.0022629044721
385.0,0.0037451722046,0.24495982198,0.24495982198,0.16755162856,0.12902294066,0.30403633049,0.27400821955,0.44479618091,0.20205540565,0.15950698077,0.014106268829,0.44480110477,0.37349945673,0.16394821377,0.00092731711422,0.14602357319,0.47059519685,0.21569674373,0.060919091932,0.41751936971,0.44755675191,0.084946258645,0.15539714357,0.0037995430688,1.2407269921e-07,0.03679441669,0.013923382737,0.088011523299,0.0022469968835
385.5,0.003721325495,0.24472979758,0.24472979758,0.16731145906,0.12879418802,0.30383628952,0.27379083051,0.4447238139,0.20181500942,0.1592681145,0.014040729326,0.44472874298,0.37335373418,0.16370854601,0.00091973920863,0.14578808213,0.47055317702,0.21545843337,0.060751624681,0.41741704133,0.44748754084,0.084749421186,0.1551591576,0.0037754129238,1.2163771668e-07,0.036669121312,0.013858429648,0.087811562213,0.0022312011184
386.0,0.0036976306209,0.24449998917,0.24449998917,0.16707163369,0.12856584087,0.30363638013,0.27357361385,0.44465145867,0.20157489909,0.15902960578,0.013975494323,0.44465639295,0.37320806843,0.16346922843,0.00091222322818,0.14555297061,0.47051116094,0.21522038616,0.0605846177,0.41731473802,0.44741834047,0.084553039678,0.15492153593,0.0037514360182,1.1925052179e-07,0.036544252495,0.013793779548,0.087612055169,0.0022155163906
386.5,0.0036740866155,0.24427039653,0.24427039653,0.16683215196,0.12833789851,0.30343660224,0.27335656942,0.4445791152,0.20133507431,0.15879145406,0.013910562404,0.4445840547,0.37306245948,0.16323026051,0.00090476866687,0.14531823802,0.4704691486,0.2149826018,0.060418069725,0.41721245978,0.44734915081,0.084357113065,0.15468427801,0.003727611379,1.1691017663e-07,0.036419808789,0.013729431023,0.087413001137,0.0021999419197
387.0,0.0036506925182,0.24404101947,0.24404101947,0.16659301336,0.12811036021,0.30323695575,0.27313969709,0.44450678351,0.20109553474,0.15855365882,0.013845932162,0.44451172821,0.37291690729,0.16299164175,0.00089737502278,0.14508388375,0.47042714002,0.21474508,0.060251979494,0.4171102066,0.44727997184,0.084161640294,0.15444738329,0.0037039380394,1.1461576184e-07,0.036295788746,0.013665382666,0.08721439909,0.0021844769307
387.5,0.0036274473747,0.24381185778,0.24381185778,0.16635421741,0.12788322527,0.30303744058,0.27292299672,0.44443446357,0.20085628006,0.15831621951,0.013781602194,0.44443941348,0.37277141185,0.16275337163,0.00089004179812,0.1448499072,0.47038513519,0.21450782047,0.06008634575,0.41700797847,0.44721080356,0.083966620316,0.1542108512,0.0036804150385,1.1236637592e-07,0.036172190925,0.013601633078,0.087016248002,0.0021691206539
388.0,0.0036043502365,0.24358291126,0.24358291126,0.16611576361,0.12765649296,0.30283805665,0.27270646818,0.44436215541,0.2006173099,0.15807913562,0.013717571107,0.44436711052,0.37262597313,0.16251544965,0.00088276849917,0.14461630776,0.47034313411,0.21427082293,0.05992116724,0.41690577539,0.44714164598,0.083772052082,0.15397468119,0.0036570414217,1.1016113522e-07,0.036049013889,0.013538180865,0.086818546851,0.0021538723253
388.5,0.0035814001613,0.2433541797,0.2433541797,0.16587765149,0.12743016257,0.30263880386,0.27249011134,0.444289859,0.20037862395,0.15784240659,0.01365383751,0.44429481931,0.37248059111,0.1622778753,0.00087555463622,0.14438308481,0.47030113678,0.21403408708,0.059756442712,0.41680359736,0.4470724991,0.083577934546,0.15373887271,0.0036338162403,1.0799917341e-07,0.035926256206,0.01347502464,0.086621294617,0.0021387311859
389.0,0.0035585962129,0.24312566291,0.24312566291,0.16563988054,0.12720423339,0.30243968214,0.27227392604,0.44421757436,0.20014022186,0.15760603192,0.013590400023,0.44422253987,0.37233526578,0.16204064807,0.00086839972358,0.14415023776,0.4702591432,0.21379761263,0.059592170919,0.41670144436,0.4470033629,0.083384266664,0.15350342521,0.0036107385519,1.0587964103e-07,0.035803916449,0.013412163023,0.08642449028,0.0021236964824
389.5,0.0035359374608,0.24289736069,0.24289736069,0.16540245029,0.12697870471,0.30224069139,0.27205791217,0.44414530147,0.1999021033,0.15737001106,0.013527257269,0.44415027218,0.37218999709,0.16180376745,0.00086130327953,0.143917766,0.47021715336,0.21356139931,0.059428350617,0.4165993164,0.4469342374,0.083191047397,0.15326833813,0.0035878074199,1.0380170543e-07,0.035681993197,0.013349594639,0.086228132826,0.0021087674666
390.0,0.0035134229806,0.24266927283,0.24266927283,0.16516536023,0.12675357582,0.30204183153,0.27184206958,0.44407304034,0.19966426792,0.15713434348,0.013464407879,0.44407801624,0.37204478505,0.16156723294,0.00085426482628,0.14368566891,0.47017516728,0.21332544681,0.059264980567,0.41649721346,0.44686512258,0.082998275706,0.15303361092,0.0035650219135,1.0176455028e-07,0.035560485031,0.013287318121,0.08603222124,0.0020939433955
390.5,0.0034910518537,0.24244139913,0.24244139913,0.16492860989,0.12652884602,0.30184310247,0.27162639814,0.44400079097,0.1994267154,0.15689902866,0.01340185049,0.44400577205,0.37189962961,0.16133104403,0.00084728388995,0.14345394591,0.47013318494,0.21308975486,0.059102059531,0.41639513553,0.44679601845,0.082805950554,0.15279924303,0.0035423811081,9.976737523e-08,0.03543939054,0.013225332107,0.085836754512,0.0020792235315
391.0,0.0034688231675,0.24221373939,0.24221373939,0.16469219878,0.12630451458,0.30164450413,0.2714108977,0.44392855335,0.19918944539,0.15666406608,0.013339583747,0.44393353962,0.37175453077,0.16109520022,0.00084036000052,0.14322259639,0.47009120636,0.21285432316,0.058939586275,0.41629308262,0.446726925,0.082614070908,0.15256523391,0.0035198840848,9.7809395585e-08,0.035318708315,0.013163635243,0.085641731633,0.0020646071421
391.5,0.0034467360151,0.24198629341,0.24198629341,0.16445612641,0.12608058081,0.30144603642,0.27119556815,0.44385632748,0.19895245755,0.15642945519,0.013277606297,0.44386131893,0.3716094885,0.16085970101,0.00083349269182,0.14299161975,0.47004923151,0.21261915142,0.05877755957,0.41619105472,0.44665784223,0.082422635737,0.15233158302,0.0034975299305,9.588984218e-08,0.035198436954,0.01310222618,0.085447151595,0.0020500934999
392.0,0.0034247894953,0.24175906099,0.24175906099,0.1642203923,0.12585704401,0.30124769926,0.27098040934,0.44378411335,0.19871575157,0.15619519549,0.013215916798,0.44378910999,0.37146450277,0.16062454588,0.0008266815015,0.14276101538,0.47000726042,0.21238423937,0.058615978188,0.41608905182,0.44658877015,0.082231644012,0.1520982898,0.0034753177381,9.4007960863e-08,0.035078575059,0.013041103576,0.085253013394,0.0020356818827
392.5,0.0034029827127,0.24153204193,0.24153204193,0.16398499596,0.12563390347,0.30104949256,0.27076542113,0.44371191098,0.19847932709,0.15596128643,0.013154513911,0.44371691279,0.37131957356,0.16038973435,0.00081992597097,0.14253078269,0.46996529308,0.21214958672,0.058454840906,0.41598707391,0.44651970875,0.082041094706,0.15186535372,0.003453246606,9.2163012313e-08,0.034959121235,0.012980266094,0.085059316029,0.0020213715733
393.0,0.0033813147777,0.24130523603,0.24130523603,0.16374993692,0.12541115848,0.30085141623,0.27055060339,0.44363972035,0.19824318378,0.15572772751,0.013093396305,0.44364472734,0.37117470086,0.1601552659,0.00081322564539,0.14230092107,0.46992332948,0.21191519317,0.058294146504,0.41588512098,0.44645065802,0.081850986795,0.15163277421,0.0034313156385,9.0354271778e-08,0.034840074096,0.012919712404,0.084866058499,0.0020071618596
393.5,0.0033597848062,0.24107864309,0.24107864309,0.16351521468,0.12518880835,0.30065347019,0.27033595599,0.44356754146,0.19800732132,0.15549451819,0.013032562655,0.44357255362,0.37102988464,0.15992114005,0.00080658007365,0.14207142994,0.46988136962,0.21168105844,0.058133893765,0.41578319304,0.44638161797,0.081661319258,0.15140055074,0.0034095239457,8.8581028537e-08,0.034721432256,0.012859441183,0.084673239807,0.0019930520345
394.0,0.0033383919199,0.2408522629,0.2408522629,0.16328082876,0.12496685237,0.30045565435,0.27012147879,0.44349537432,0.19777173936,0.15526165795,0.012972011641,0.44350039165,0.37088512488,0.15968735628,0.00079998880831,0.1418423087,0.46983941352,0.21144718225,0.057974081476,0.41568129008,0.44631258859,0.081472091074,0.15116868276,0.0033878706429,8.6842585992e-08,0.034603194336,0.012799451114,0.084480858957,0.0019790413958
394.5,0.0033171352459,0.24062609527,0.24062609527,0.16304677869,0.12474528986,0.30025796862,0.26990717166,0.44342321891,0.19753643758,0.15502914627,0.01291174195,0.44342824141,0.37074042156,0.15945391409,0.00079345140559,0.14161355674,0.46979746115,0.21121356431,0.057814708427,0.41557941208,0.44624356989,0.081283301227,0.15093716973,0.0033663548515,8.5138261222e-08,0.034485358962,0.012739740885,0.084288914957,0.0019651292463
395.0,0.003296013917,0.24040014001,0.24040014001,0.16281306398,0.1245241201,0.30006041293,0.26969303446,0.44335107525,0.19730141564,0.15479698262,0.012851752275,0.4433561029,0.37059577465,0.159220813,0.00078696742535,0.14138517348,0.46975551254,0.21098020434,0.057655773412,0.41547755905,0.44617456186,0.081094948703,0.15070601111,0.0033449756982,8.346738454e-08,0.034367924765,0.012680309191,0.084097406815,0.0019513148937
395.5,0.0032750270715,0.2401743969,0.2401743969,0.16257968416,0.12430334241,0.29986298719,0.26947906705,0.44327894331,0.1970666732,0.1545651665,0.012792041316,0.44328397613,0.37045118413,0.15898805249,0.00078053643102,0.14115715833,0.46971356767,0.21074710205,0.057497275225,0.41537573098,0.4461055645,0.080907032489,0.15047520635,0.0033237323154,8.1829299584e-08,0.034250890378,0.012621154732,0.083906333543,0.0019375976506
396.0,0.0032541738531,0.23994886575,0.23994886575,0.16234663873,0.12408295609,0.2996656913,0.26926526931,0.44320682312,0.19683220994,0.15433369737,0.012732607777,0.44321186109,0.37030664999,0.15875563209,0.00077415798963,0.14092951068,0.46967162654,0.21051425716,0.057339212668,0.41527392785,0.44603657781,0.080719551574,0.15024475491,0.0033026238409,8.0223362778e-08,0.034134254442,0.012562276216,0.083715694154,0.0019239768343
396.5,0.0032334534111,0.23972354636,0.23972354636,0.16211392723,0.12386296044,0.29946852519,0.2690516411,0.44313471465,0.19659802553,0.15410257473,0.01267345037,0.44313975778,0.37016217219,0.15852355128,0.00076783167173,0.14070222995,0.46962968916,0.21028166938,0.057181584544,0.41517214968,0.44596760178,0.080532504952,0.15001465625,0.003281649418,7.8648943161e-08,0.0340180156,0.012503672356,0.083525487664,0.0019104517671
397.0,0.0032128649,0.23949843854,0.23949843854,0.16188154918,0.12364335478,0.29927148877,0.26883818228,0.44306261791,0.19636411962,0.15387179804,0.012614567811,0.4430676662,0.37001775072,0.15829180957,0.00076155705138,0.14047531554,0.46958775552,0.21004933844,0.057024389659,0.41507039644,0.44589863642,0.080345891616,0.14978490984,0.0032608081955,7.7105422294e-08,0.033902172501,0.01244534187,0.083335713092,0.0018970217758
397.5,0.0031924074799,0.23927354208,0.23927354208,0.1616495041,0.12342413842,0.29907458196,0.26862489271,0.4429905329,0.1961304919,0.1536413668,0.012555958824,0.44299558634,0.36987338555,0.15806040646,0.00075533370611,0.14024876687,0.46954582562,0.20981726404,0.056867626823,0.41496866813,0.44582968172,0.080159710564,0.14955551513,0.0032400993275,7.559219373e-08,0.033786723798,0.012387283484,0.083146369458,0.0018836861921
398.0,0.0031720803162,0.23904885679,0.23904885679,0.1614177915,0.12320531065,0.29887780466,0.26841177228,0.44291845962,0.19589714203,0.15341128048,0.012497622138,0.4429235182,0.36972907667,0.15782934148,0.00074916121693,0.14002258336,0.46950389947,0.2095854459,0.056711294848,0.41486696475,0.44576073768,0.079973960796,0.14932647158,0.0032195219736,7.410866292e-08,0.03367166815,0.012329495928,0.082957455783,0.0018704443525
398.5,0.0031518825795,0.23882438246,0.23882438246,0.16118641093,0.1229868708,0.2986811568,0.26819882083,0.44284639806,0.19566406968,0.15318153858,0.012439556488,0.44285146179,0.36958482405,0.15759861411,0.00074303916824,0.1397967644,0.46946197706,0.20935388375,0.056555392552,0.41476528629,0.4456918043,0.079788641312,0.14909777867,0.0031990752985,7.2654247044e-08,0.033557004218,0.012271977939,0.082768971094,0.001857295598
399.0,0.0031318134458,0.2386001189,0.2386001189,0.16095536189,0.12276881818,0.29848463829,0.26798603825,0.44277434823,0.19543127452,0.15295214057,0.012381760614,0.44277941709,0.36944062767,0.15736822386,0.00073696714787,0.13957130941,0.4694200584,0.2091225773,0.056399918753,0.41466363275,0.44562288158,0.079603751117,0.14886943584,0.0031787584726,7.1228374735e-08,0.03344273067,0.01221472826,0.082580914417,0.0018442392741
399.5,0.0031118720962,0.23837606592,0.23837606592,0.16072464392,0.1225511521,0.29828824904,0.26777342439,0.44270231011,0.19519875623,0.15272308594,0.012324233263,0.44270738411,0.3692964875,0.15713817025,0.000730944747,0.13934621782,0.46937814347,0.20889152626,0.056244872275,0.41456200411,0.44555396952,0.079419289217,0.14864144258,0.0031585706712,6.9830485819e-08,0.033328846177,0.012157745639,0.08239328478,0.0018312747313
400.0,0.0030920577172,0.23815222331,0.23815222331,0.16049425654,0.12233387187,0.29809198897,0.26756097911,0.44263028371,0.19496651446,0.15249437418,0.012266973188,0.44263536285,0.36915240354,0.15690845279,0.00072497156014,0.13912148902,0.46933623229,0.20866073036,0.056090251943,0.41446040038,0.44548506811,0.07923525462,0.14841379833,0.0031385110749,6.8460031136e-08,0.033215349415,0.01210102883,0.082206081216,0.0018184013244
400.5,0.0030723695004,0.23792859087,0.23792859087,0.16026419928,0.12211697682,0.29789585799,0.2673487023,0.44255826903,0.1947345489,0.15226600478,0.012209979146,0.44256335331,0.36900837574,0.15667907097,0.00071904718514,0.13889712244,0.46929432485,0.20843018932,0.055936056586,0.41435882154,0.44541617735,0.079051646337,0.14818650257,0.0031185788697,6.7116472272e-08,0.033102239065,0.012044576595,0.082019302758,0.0018056184126
401.0,0.0030528066425,0.23770516842,0.23770516842,0.16003447167,0.12190046625,0.29769985602,0.2671365938,0.44248626606,0.19450285922,0.15203797722,0.012153249903,0.44249135547,0.3688644041,0.15645002432,0.00071317122312,0.1386731175,0.46925242115,0.20819990284,0.055782285037,0.41425726759,0.44534729725,0.078868463382,0.14795955477,0.0030987732466,6.5799281293e-08,0.032989513811,0.011988387698,0.081832948442,0.00179292536
401.5,0.0030333683453,0.23748195574,0.23748195574,0.15980507323,0.1216843395,0.29750398298,0.2669246535,0.44241427481,0.19427144508,0.15181029099,0.012096784227,0.44241936934,0.36872048858,0.15622131234,0.00070734327845,0.13844947362,0.4692105212,0.20796987066,0.055628936132,0.41415573853,0.4452784278,0.078685704769,0.14773295439,0.0030790934018,6.4507940836e-08,0.032877172344,0.011932460912,0.081647017305,0.0017803215347
402.0,0.0030140538159,0.23725895265,0.23725895265,0.15957600349,0.12146859587,0.29730823878,0.26671288126,0.44234229527,0.19404030617,0.15158294558,0.012040580894,0.44234739493,0.36857662918,0.15599293455,0.00070156295876,0.1382261902,0.46916862498,0.2077400925,0.05547600871,0.41405423434,0.44520956899,0.078503369517,0.1475067009,0.0030595385366,6.3241943485e-08,0.032765213357,0.011876795014,0.081461508388,0.0017678063098
402.5,0.0029948622661,0.23703615895,0.23703615895,0.15934726198,0.12125323469,0.29711262333,0.26650127693,0.44227032743,0.19380944214,0.15135594049,0.011984638685,0.44227543221,0.36843282586,0.15576489045,0.00069582987486,0.13800326668,0.4691267325,0.20751056806,0.055323501611,0.41395275503,0.44514072083,0.078321456645,0.14728079378,0.0030401078572,6.2000791859e-08,0.032653635548,0.011821388787,0.081276420732,0.0017553790622
403.0,0.002975792913,0.23681357444,0.23681357444,0.15911884824,0.12103825528,0.29691713655,0.2662898404,0.44219837131,0.19357885269,0.15112927519,0.011928956388,0.44220348121,0.36828907861,0.15553717957,0.00069014364075,0.13778070246,0.46908484377,0.20728129707,0.055171413682,0.41385130058,0.44507188332,0.078139965175,0.14705523248,0.0030208005752,6.0783998438e-08,0.03254243762,0.01176624102,0.081091753383,0.0017430391736
403.5,0.0029568449785,0.23659119893,0.23659119893,0.15889076178,0.12082365697,0.29672177836,0.26607857153,0.44212642689,0.19334853747,0.1509029492,0.011873532794,0.4421315419,0.36814538739,0.1553098014,0.0006845038736,0.13755849699,0.46904295877,0.20705227926,0.055019743771,0.413749871,0.44500305645,0.077958894133,0.14683001649,0.0030016159069,5.9591085114e-08,0.03243161828,0.011711350507,0.080907505387,0.00173078603
404.0,0.0029380176896,0.23636903221,0.23636903221,0.15866300216,0.12060943907,0.29652654867,0.26586747018,0.44205449417,0.19311849617,0.15067696199,0.011818366702,0.4420596143,0.3680017522,0.15508275548,0.00067891019367,0.13733664966,0.46900107751,0.20682351434,0.05486849073,0.41364846626,0.44493424022,0.077778242544,0.14660514527,0.0029825530736,5.8421583285e-08,0.032321176241,0.011656716049,0.080723675793,0.0017186190215
404.5,0.0029193102781,0.2361470741,0.2361470741,0.15843556888,0.12039560092,0.29633144739,0.26565653622,0.44198257315,0.19288872846,0.15045131306,0.011763456916,0.44198769839,0.36785817301,0.1548560413,0.00067336222437,0.13711515992,0.46895919999,0.20659500204,0.054717653413,0.41354708637,0.44486543463,0.077598009437,0.14638061829,0.0029636113018,5.7275033408e-08,0.032211110218,0.011602336451,0.080540263651,0.0017065375426
405.0,0.0029007219809,0.2359253244,0.2359253244,0.1582084615,0.12018214184,0.29613647445,0.26544576953,0.44191066383,0.19265923402,0.1502260019,0.011708802244,0.44191579418,0.36771464979,0.1546296584,0.00066785959216,0.13689402718,0.46891732621,0.20636674207,0.054567230677,0.41344573133,0.44479663968,0.077418193845,0.14615643504,0.0029447898226,5.6150985087e-08,0.032101418931,0.011548210525,0.080357268014,0.0016945409922
405.5,0.0028822520394,0.23570378291,0.23570378291,0.15798167954,0.11996906117,0.29594162976,0.26523516996,0.44183876621,0.19243001251,0.15000102802,0.011654401501,0.44184390167,0.36757118253,0.15440360628,0.00066240192654,0.13667325087,0.46887545617,0.20613873415,0.054417221384,0.41334440112,0.44472785536,0.077238794799,0.14593259498,0.0029260878721,5.504899672e-08,0.031992101105,0.011494337086,0.080174687939,0.0016826287733
406.0,0.0028638997002,0.23548244943,0.23548244943,0.15775522253,0.11975635822,0.29574691323,0.26502473738,0.44176688029,0.19220106362,0.1497763909,0.011600253508,0.44177202084,0.36742777121,0.15417788446,0.00065698886007,0.13645283041,0.46883358987,0.20591097802,0.054267624399,0.41324309574,0.44465908168,0.077059811337,0.14570909759,0.0029075046913,5.3968635408e-08,0.031883155469,0.011440714958,0.079992522481,0.001670800293
406.5,0.0028456642145,0.23526132377,0.23526132377,0.15752909002,0.11954403233,0.29555232478,0.26481447167,0.44169500606,0.19197238701,0.14955209004,0.01154635709,0.44170015171,0.36728441579,0.15395249246,0.00065162002829,0.13623276524,0.4687917273,0.20568347339,0.054118438587,0.41314181518,0.44459031864,0.076881242495,0.14548594235,0.0028890395261,5.2909476692e-08,0.031774580757,0.011387342969,0.079810770701,0.0016590549628
407.0,0.0028275448382,0.23504040574,0.23504040574,0.15730328153,0.11933208284,0.29535786432,0.26460437269,0.44162314352,0.19174398238,0.14932812494,0.011492711079,0.44162829427,0.36714111627,0.1537274298,0.00064629506973,0.13601305478,0.46874986847,0.20545621998,0.05396966282,0.41304055944,0.44452156622,0.076703087314,0.14526312873,0.0028706916268,5.187110437e-08,0.031666375705,0.011334219951,0.07962943166,0.0016473921981
407.5,0.0028095408321,0.23481969514,0.23481969514,0.1570777966,0.11912050907,0.29516353177,0.26439444031,0.44155129267,0.19151584939,0.1491044951,0.011439314311,0.44155644852,0.36699787261,0.153502696,0.00064101362586,0.13579369845,0.46870801338,0.20522921752,0.053821295971,0.41293932851,0.44445282444,0.076525344837,0.1450406562,0.002852460249,5.0853110592e-08,0.031558539057,0.011281344744,0.079448504422,0.0016358114185
408.0,0.0027916514616,0.23459919178,0.23459919178,0.15685263478,0.11890931036,0.29496932706,0.26418467439,0.44147945351,0.19128798772,0.14888120001,0.011386165629,0.44148461445,0.3668546848,0.15327829058,0.0006357753411,0.1355746957,0.46866616202,0.20500246572,0.053673336916,0.41283812239,0.44438409328,0.076348014107,0.14481852426,0.0028343446526,4.9855095411e-08,0.031451069559,0.011228716191,0.079267988053,0.0016243120477
408.5,0.002773875997,0.23437889546,0.23437889546,0.15662779559,0.11869848605,0.29477525008,0.26397507481,0.44140762603,0.19106039705,0.14865823917,0.011333263878,0.44141279206,0.36671155282,0.15305421305,0.00063057986276,0.13535604594,0.4686243144,0.20477596433,0.053525784535,0.41273694106,0.44431537275,0.076171094173,0.14459673237,0.0028163441024,4.8876666695e-08,0.03134396596,0.011176333142,0.079087881621,0.0016128935135
409.0,0.0027562137128,0.23415880598,0.23415880598,0.15640327857,0.11848803546,0.29458130077,0.26376564142,0.44133581024,0.19083307706,0.14843561209,0.011280607914,0.44134098135,0.36656847664,0.15283046294,0.00062542684103,0.13513774862,0.46858247052,0.20454971304,0.05337863771,0.41263578453,0.44424666285,0.075994584081,0.14437528002,0.0027984578678,4.791744013e-08,0.031237227015,0.011124194452,0.078908184195,0.0016015552477
409.5,0.0027386638886,0.23393892316,0.23393892316,0.15617908327,0.11827795795,0.29438747902,0.26355637412,0.44126400613,0.19060602742,0.14821331827,0.011228196593,0.44126918233,0.36642545624,0.15260703978,0.00062031592897,0.13491980316,0.46854063037,0.2043237116,0.053231895328,0.41253465278,0.44417796357,0.075818482885,0.14415416669,0.0027806852229,4.6977038773e-08,0.031130851485,0.011072298981,0.078728894848,0.0015902966859
410.0,0.0027212258082,0.2337192468,0.2337192468,0.15595520922,0.11806825284,0.29419378477,0.26334727275,0.44119221371,0.19037924782,0.1479913572,0.011176028778,0.44119739498,0.3662824916,0.15238394307,0.00061524678246,0.134702209,0.46849879396,0.20409795973,0.053085556277,0.41243354581,0.44410927491,0.075642789637,0.14393339185,0.0027630254464,4.6055093231e-08,0.031024838131,0.011020645594,0.078550012654,0.001579117268
410.5,0.0027038987603,0.2334997767,0.2334997767,0.15573165596,0.11785891948,0.29400021793,0.26313833718,0.44112043296,0.19015273793,0.1477697284,0.01112410334,0.44112561931,0.36613958269,0.15216117236,0.00061021906022,0.13448496557,0.46845696128,0.20387245715,0.052939619448,0.41233246362,0.44404059687,0.075467503392,0.143712955,0.0027454778215,4.5151241304e-08,0.030919185721,0.010969233164,0.078371536689,0.0015680164375
411.0,0.0026866820378,0.23328051268,0.23328051268,0.15550842303,0.11764995721,0.29380677841,0.2629295673,0.44104866388,0.18992649743,0.14754843135,0.01107241915,0.44105385531,0.36599672951,0.15193872716,0.00060523242373,0.1342680723,0.46841513234,0.20364720358,0.052794083738,0.4122314062,0.44397192945,0.075292623209,0.1434928556,0.002728041636,4.42651279e-08,0.030813893027,0.010918060564,0.078193466033,0.0015569936421
411.5,0.0026695749383,0.23306145453,0.23306145453,0.15528550998,0.11744136537,0.29361346613,0.26272096296,0.44097690648,0.189700526,0.14732746557,0.01102097509,0.44098210299,0.36585393201,0.151716607,0.00060028653725,0.13405152864,0.46837330713,0.20342219875,0.052648948043,0.41213037354,0.44390327265,0.075118148148,0.14327309316,0.0027107161823,4.339640485e-08,0.030708958824,0.010867126678,0.078015799765,0.0015460483333
412.0,0.002652576764,0.23284260207,0.23284260207,0.15506291635,0.1172331433,0.29342028101,0.26251252404,0.44090516076,0.18947482333,0.14710683056,0.010969770043,0.44091036233,0.3657111902,0.15149481139,0.00059538106777,0.13383533402,0.46833148566,0.20319744239,0.052504211265,0.41202936564,0.44383462647,0.074944077269,0.14305366715,0.0026935007571,4.2544730919e-08,0.030604381893,0.010816430391,0.077838536968,0.0015351799662
412.5,0.0026356868211,0.2326239551,0.2326239551,0.15484064167,0.11702529036,0.29322722296,0.26230425039,0.4408334267,0.18924938909,0.14688652583,0.010918802898,0.44083863334,0.36556850403,0.15127333988,0.00059051568502,0.13361948788,0.46828966792,0.20297293422,0.052359872307,0.41192838248,0.44376599089,0.074770409639,0.14283457706,0.0026763946617,4.170977144e-08,0.030500161018,0.010765970595,0.077661676727,0.0015243880002
413.0,0.0026189044207,0.23240551342,0.23240551342,0.1546186855,0.11681780588,0.29303429189,0.26209614191,0.44076170432,0.18902422296,0.14666655087,0.01086807255,0.44076691602,0.36542587349,0.15105219198,0.00058569006143,0.13340398966,0.46824785391,0.20274867397,0.052215930078,0.41182742407,0.44369736593,0.074597144323,0.14261582237,0.002659397202,4.0891198408e-08,0.030396294986,0.010715746188,0.077485218128,0.001513671898
413.5,0.002602228878,0.23218727686,0.23218727686,0.15439704738,0.11661068921,0.29284148774,0.26188819844,0.4406899936,0.18879932463,0.14644690521,0.0108175779,0.44069521036,0.36528329856,0.15083136722,0.00058090387208,0.13318883879,0.46820604363,0.20252466137,0.052072383485,0.4117264904,0.44362875158,0.07442428039,0.14239740257,0.0026425076879,4.0088690215e-08,0.030292782591,0.01066575607,0.077309160261,0.0015030311265
414.0,0.0025856595126,0.2319692452,0.2319692452,0.15417572684,0.1164039397,0.2926488104,0.26168041986,0.44061829455,0.18857469378,0.14622758835,0.010767317852,0.44062351637,0.36514077921,0.15061086514,0.00057615679473,0.13297403472,0.46816423709,0.20230089614,0.051929231443,0.41162558146,0.44356014784,0.07425181691,0.14217931715,0.002625725434,3.9301931646e-08,0.030189622628,0.01061599915,0.077133502216,0.0014924651561
414.5,0.0025691956486,0.23175141827,0.23175141827,0.15395472344,0.11619755671,0.29245625981,0.26147280605,0.44054660716,0.18835033009,0.14600859978,0.010717291316,0.44055183403,0.36499831543,0.15039068525,0.00057144850976,0.13275957689,0.46812243428,0.202077378,0.051786472868,0.41152469725,0.44349155471,0.074079752957,0.1419615656,0.0026090497592,3.8530613525e-08,0.030086813898,0.01056647434,0.076958243087,0.001481973461
415.0,0.0025528366141,0.23153379587,0.23153379587,0.15373403672,0.11599153957,0.29226383587,0.26126535686,0.44047493143,0.18812623323,0.14578993903,0.010667497208,0.44048016336,0.3648559072,0.1501708271,0.00056677870018,0.13254546474,0.46808063521,0.2018541067,0.051644106677,0.41142383776,0.44342297218,0.073908087605,0.1417441474,0.0025924799866,3.7774432896e-08,0.029984355206,0.010517180557,0.076783381967,0.001471555519
415.5,0.0025365817417,0.23131637781,0.23131637781,0.15351366623,0.11578588765,0.2920715385,0.26105807217,0.44040326736,0.18790240291,0.14557160561,0.010617934447,0.44040850434,0.36471355448,0.1499512902,0.00056214705156,0.13233169772,0.46803883986,0.20163108195,0.051502131795,0.41132300298,0.44335440025,0.073736819931,0.14152706205,0.0025760154438,3.7033092662e-08,0.029882245361,0.010468116723,0.076608917955,0.0014612108118
416.0,0.0025204303683,0.23109916388,0.23109916388,0.15329361152,0.11558060029,0.29187936762,0.26085095185,0.44033161495,0.18767883879,0.14535359902,0.010568601958,0.44033685698,0.36457125726,0.1497320741,0.00055755325208,0.13211827527,0.46799704825,0.20140830348,0.051360547144,0.41122219291,0.44328583893,0.073565949016,0.14131030904,0.0025596554624,3.6306301591e-08,0.029780483175,0.010419281765,0.07643485015,0.0014509388245
416.5,0.0025043818349,0.23088215392,0.23088215392,0.15307387213,0.11537567684,0.29168732315,0.26064399577,0.44025997419,0.18745554056,0.14513591877,0.010519498673,0.44026522126,0.36442901553,0.14951317832,0.00055299699242,0.13190519683,0.46795526036,0.20118577102,0.051219351653,0.41112140754,0.44321728821,0.07339547394,0.14109388785,0.0025433993786,3.5593774131e-08,0.029679067464,0.010370674617,0.076261177651,0.001440739046
417.0,0.0024884354866,0.23066534771,0.23066534771,0.15285444762,0.11517111668,0.291495405,0.2604372038,0.44018834509,0.18723250791,0.14491856438,0.010470623525,0.44019359721,0.36428682924,0.1492946024,0.00054847796584,0.13169246186,0.46791347621,0.2009634843,0.051078544252,0.41102064687,0.44314874808,0.073225393787,0.14087779799,0.0025272465325,3.4895230331e-08,0.029577997051,0.010322294216,0.076087899564,0.0014306109686
417.5,0.0024725906728,0.23044874508,0.23044874508,0.15263533752,0.11496691914,0.29130361309,0.26023057581,0.44011672764,0.18700974052,0.14470153536,0.010421975455,0.44012198479,0.3641446984,0.14907634586,0.00054399586805,0.13148006979,0.46787169579,0.20074144304,0.050938123876,0.41091991088,0.44308021856,0.073055707642,0.14066203894,0.0025111962684,3.4210395742e-08,0.029477270759,0.010274139504,0.075915014993,0.0014205540883
418.0,0.0024568467472,0.23023234582,0.23023234582,0.1524165414,0.11476308359,0.29111194733,0.26002411167,0.44004512184,0.18678723808,0.14448483122,0.010373553409,0.44005038403,0.36400262296,0.14885840824,0.0005395503973,0.13126802008,0.46782991909,0.20051964699,0.050798089461,0.41081919958,0.44301169963,0.072886414594,0.1404466102,0.002495247935,3.3539001335e-08,0.029376887418,0.010226209428,0.075742523045,0.0014105679047
418.5,0.0024412030673,0.23001614976,0.23001614976,0.15219805879,0.11455960938,0.29092040765,0.25981781125,0.43997352769,0.18656500026,0.14426845147,0.010325356335,0.43997879491,0.36386060292,0.14864078908,0.00053514125427,0.13105631217,0.46778814613,0.20029809586,0.050658439947,0.41071851296,0.44294319129,0.072717513733,0.14023151127,0.0024794008851,3.2880783322e-08,0.029276845859,0.01017850294,0.075570422829,0.0014006519208
419.0,0.0024256589948,0.22980015669,0.22980015669,0.15197988926,0.11435649588,0.29072899396,0.25961167441,0.43990194518,0.18634302676,0.14405239564,0.010277383189,0.43990721744,0.36371863825,0.14842348792,0.00053076814209,0.13084494551,0.4677463769,0.20007678939,0.050519174275,0.41061785101,0.44287469355,0.072549004149,0.14001674163,0.0024636544752,3.2235483153e-08,0.029177144921,0.010131018998,0.075398713457,0.0013908056431
419.5,0.0024102138956,0.22958436643,0.22958436643,0.15176203236,0.11415374245,0.29053770618,0.25940570104,0.43983037432,0.18612131726,0.14383666324,0.010229632931,0.43983565161,0.36357672893,0.14820650428,0.00052643076635,0.13063391957,0.46770461139,0.19985572731,0.050380291391,0.41051721372,0.44280620639,0.072380884938,0.13980230079,0.0024480080665,3.1602847254e-08,0.029077783443,0.010083756564,0.075227394041,0.0013810285817
420.0,0.0023948671394,0.22936877878,0.22936877878,0.15154448763,0.11395134844,0.29034654423,0.25919989099,0.4397588151,0.18589987145,0.14362125378,0.010182104524,0.43976409741,0.36343487493,0.1479898377,0.00052212883499,0.13042323377,0.46766284961,0.19963490934,0.050241790244,0.4104166011,0.44273772983,0.072213155196,0.13958818824,0.0024324610238,3.0982627201e-08,0.028978760271,0.010036714604,0.075056463699,0.0013713202499
420.5,0.0023796181002,0.22915339357,0.22915339357,0.15132725463,0.11374931323,0.29015550801,0.25899424415,0.43968726752,0.18567868901,0.14340616678,0.010134796938,0.43969255486,0.36329307624,0.14777348773,0.00051786205838,0.13021288759,0.46762109157,0.19941433522,0.050103669785,0.41031601313,0.44266926385,0.07204581402,0.13937440348,0.0024170127162,3.0374579189e-08,0.028880074253,0.0099898920898,0.074885921545,0.0013616801646
421.0,0.0023644661558,0.22893821059,0.22893821059,0.15111033291,0.11354763617,0.28996459746,0.25878876038,0.43961573159,0.18545776964,0.14319140175,0.010087709148,0.43962102394,0.36315133283,0.14755745389,0.00051363014925,0.13000288047,0.46757933725,0.19919400468,0.049965928967,0.4102154498,0.44260080846,0.071878860512,0.13916094601,0.0024016625166,2.9778464387e-08,0.028781724241,0.009943287998,0.074715766701,0.0013521078462
421.5,0.0023494106879,0.22872322965,0.22872322965,0.15089372203,0.11334631663,0.28977381248,0.25858343955,0.43954420728,0.18523711301,0.14297695823,0.010040840132,0.43954950465,0.36300964469,0.14734173573,0.00050943282265,0.12979321186,0.46753758665,0.19897391746,0.049828566747,0.41011491112,0.44253236365,0.071712293774,0.13894781532,0.0023864098019,2.9194048671e-08,0.028683709092,0.0098969013097,0.074545998287,0.0013426028181
422.0,0.0023344510823,0.22850845058,0.22850845058,0.15067742154,0.11314535398,0.289583153,0.25837828154,0.43947269462,0.18501671882,0.14276283572,0.0099941888729,0.439477997,0.36286801179,0.14712633279,0.000505269796,0.12958388123,0.46749583979,0.19875407327,0.049691582086,0.41001439707,0.44246392943,0.071546112909,0.13873501092,0.0023712539532,2.8621102358e-08,0.028586027666,0.0098507310108,0.074376615426,0.0013331646075
422.5,0.0023195867286,0.22829387317,0.22829387317,0.150461431,0.11294474758,0.28939261893,0.25817328621,0.43940119358,0.18479658675,0.14254903374,0.0099477543602,0.43940650098,0.3627264341,0.1469112446,0.000501140789,0.12937488802,0.46745409665,0.19853447186,0.049554973945,0.40991390765,0.44239550579,0.071380317026,0.13852253232,0.0023561943553,2.8059400385e-08,0.028488678827,0.0098047760921,0.074207617243,0.0013237927447
423.0,0.0023048170204,0.22807949724,0.22807949724,0.15024574997,0.11274449681,0.28920221019,0.25796845343,0.43932970418,0.1845767165,0.14233555182,0.0099015355863,0.43933501658,0.36258491162,0.14669647071,0.00049704552364,0.12916623169,0.46741235724,0.19831511295,0.049418741291,0.40981344286,0.44232709272,0.071214905232,0.138310379,0.0023412303969,2.7508722037e-08,0.028391661443,0.0097590355488,0.074039002867,0.0013144867631
423.5,0.002290141355,0.2278653226,0.2278653226,0.150030378,0.11254460102,0.28901192669,0.25776378308,0.4392582264,0.18435710775,0.14212238948,0.0098555315491,0.43926354382,0.36244344431,0.14648201066,0.0004929837242,0.12895791171,0.46737062155,0.19809599628,0.049282883092,0.40971300268,0.44225869024,0.071049876639,0.13809855048,0.0023263614707,2.6968850956e-08,0.028294974387,0.009713508381,0.073870771426,0.0013052461998
424.0,0.0022755591337,0.22765134906,0.22765134906,0.14981531464,0.11234505961,0.28882176837,0.25755927503,0.43918676026,0.18413776019,0.14190954623,0.0098097412509,0.43919208267,0.36230203216,0.14626786399,0.0004889551172,0.12874992752,0.4673288896,0.19787712158,0.049147398317,0.40961258711,0.44219029833,0.070885230358,0.13788704625,0.0023115869733,2.6439575133e-08,0.028198616534,0.0096681935935,0.073702922051,0.0012960705948
424.5,0.0022610697615,0.22743757643,0.22743757643,0.14960055946,0.11214587192,0.28863173512,0.25735492915,0.43911530573,0.18391867351,0.14169702161,0.0097641636986,0.43912063315,0.36216067514,0.14605403024,0.0004849594314,0.12854227859,0.46728716136,0.19765848859,0.049012285943,0.40951219615,0.44212191699,0.070720965506,0.13767586582,0.0022969063049,2.5920686557e-08,0.028102586763,0.0096230901956,0.073535453876,0.0012869594915
425.0,0.0022466726471,0.22722400452,0.22722400452,0.14938611202,0.11194703735,0.28844182688,0.25715074531,0.43904386284,0.1836998474,0.14148481514,0.0097187979038,0.43904919525,0.36201937323,0.14584050896,0.00048099639778,0.12833496438,0.46724543685,0.19744009703,0.048877544945,0.40941182979,0.44205354623,0.070557081198,0.1374650087,0.0022823188697,2.541198139e-08,0.028006883958,0.0095781972012,0.073368366035,0.0012779124366
425.5,0.0022323672034,0.22701063315,0.22701063315,0.14917197187,0.11174855526,0.28825204355,0.25694672339,0.43897243156,0.18348128155,0.14127292633,0.0096736428827,0.43897776897,0.36187812641,0.14562729968,0.0004770657495,0.12812798435,0.46720371607,0.19722194665,0.048743174303,0.40931148802,0.44198518604,0.070393576554,0.13725447438,0.0022678240756,2.4913259792e-08,0.027911507006,0.009533513629,0.073201657666,0.0012689289797
426.0,0.0022181528464,0.22679746212,0.22679746212,0.14895813857,0.11155042502,0.28806238506,0.25674286325,0.4389010119,0.18326297565,0.14106135472,0.009628697656,0.43890635431,0.36173693466,0.14541440196,0.00047316722192,0.12792133797,0.46716199901,0.19700403717,0.048609172999,0.40921117084,0.44191683642,0.070230450695,0.13704426238,0.0022534213343,2.4424325832e-08,0.027816454798,0.0094890385021,0.073035327908,0.0012600086739
426.5,0.0022040289963,0.22658449125,0.22658449125,0.14874461169,0.11135264603,0.28787285132,0.25653916476,0.43882960386,0.1830449294,0.14085009983,0.0095839612492,0.43883495126,0.36159579796,0.14520181534,0.00046930055255,0.12771502468,0.46712028568,0.19678636833,0.048475540019,0.40911087824,0.44184849736,0.070067702743,0.13683437221,0.0022391100613,2.3944987486e-08,0.027721726229,0.0094447708482,0.072869375901,0.0012511510752
427.0,0.0021899950769,0.22637172035,0.22637172035,0.14853139079,0.11115521764,0.28768344226,0.2563356278,0.43875820744,0.18282714248,0.14063916118,0.0095394326919,0.43876355983,0.36145471629,0.14498953936,0.00046546548107,0.12750904397,0.46707857607,0.19656893987,0.04834227435,0.40901061021,0.44178016887,0.069905331824,0.13662480337,0.0022248896756,2.3475056369e-08,0.027627320196,0.0094007096996,0.072703800789,0.0012423557428
427.5,0.0021760505154,0.22615914924,0.22615914924,0.14831847542,0.11095813924,0.28749415779,0.25613225225,0.43868682263,0.18260961459,0.14042853831,0.0094951110185,0.43869218,0.36131368962,0.14477757357,0.00046166174925,0.12730339529,0.46703687018,0.19635175151,0.048209374983,0.40891036676,0.44171185095,0.069743337065,0.13641555536,0.0022107596001,2.3014347832e-08,0.027533235603,0.009356854093,0.072538601717,0.0012336222389
428.0,0.0021621947431,0.22594677772,0.22594677772,0.14810586516,0.11076141022,0.28730499782,0.25592903796,0.43861544944,0.18239234541,0.14021823073,0.0094509952678,0.43862081179,0.36117271793,0.14456591752,0.00045788910099,0.1270980781,0.46699516802,0.196134803,0.048076840912,0.40881014786,0.44164354359,0.069581717595,0.13620662771,0.0021967192614,2.2562680861e-08,0.027439471355,0.0093132030696,0.07237377783,0.0012249501291
428.5,0.0021484271944,0.2257346056,0.2257346056,0.14789355956,0.11056502995,0.28711596228,0.25572598482,0.43854408785,0.18217533464,0.14000823799,0.0094070844832,0.43854945518,0.3610318012,0.14435457076,0.00045414728228,0.12689309188,0.46695346958,0.19591809407,0.047944671133,0.40870995353,0.44157524679,0.069420472544,0.13599801991,0.0021827680894,2.2119878089e-08,0.027346026362,0.0092697556752,0.072209328279,0.0012163389816
429.0,0.0021347473078,0.22552263271,0.22552263271,0.14768155818,0.1103689978,0.28692705109,0.2555230927,0.43847273787,0.18195858198,0.1397985596,0.0093633777124,0.43847811018,0.36089093942,0.14414353283,0.0004504360412,0.12668843609,0.46691177486,0.19570162445,0.047812864645,0.40860978374,0.44150696055,0.069259601047,0.13578973148,0.002168905518,2.1685765521e-08,0.027252899538,0.0092265109599,0.072045252214,0.001207788368
429.5,0.0021211545251,0.22531085885,0.22531085885,0.1474698606,0.11017331318,0.28673826415,0.25532036147,0.4384013995,0.18174208712,0.13958919511,0.0093198740074,0.43840677678,0.36075013256,0.14393280329,0.00044675512787,0.1264841102,0.46687008386,0.19548539389,0.047681420449,0.4085096385,0.44143868487,0.069099102238,0.13558176193,0.0021551309845,2.1260172627e-08,0.027160089799,0.0091834679784,0.071881548787,0.0011992978628
430.0,0.0021076482916,0.22509928384,0.22509928384,0.14725846638,0.10997797546,0.2865496014,0.255117791,0.43833007274,0.18152584974,0.13938014403,0.009276572425,0.43833545499,0.36060938059,0.14372238168,0.00044310429445,0.12628011367,0.46682839659,0.19526940211,0.047550337551,0.4084095178,0.44137041975,0.068938975253,0.13537411078,0.0021414439299,2.0842932162e-08,0.027067596066,0.0091406257896,0.071718217152,0.0011908670433
430.5,0.0020942280563,0.22488790748,0.22488790748,0.14704737508,0.10978298402,0.28636106275,0.25491538116,0.43825875757,0.18130986955,0.1391714059,0.0092334720259,0.43826414479,0.3604686835,0.14351226755,0.00043948329514,0.12607644599,0.46678671304,0.19505364886,0.047419614957,0.40830942163,0.44130216518,0.068779219234,0.13516677753,0.0021278437986,2.0433880259e-08,0.026975417263,0.009097983457,0.071555256467,0.0011824954901
431.0,0.0020808932717,0.2246767296,0.2246767296,0.14683658626,0.10958833825,0.28617264812,0.25471313183,0.43818745401,0.18109414624,0.13896298025,0.0091905718756,0.4381928462,0.36032804127,0.14330246046,0.00043589188614,0.12587310661,0.46674503321,0.19483813386,0.047289251678,0.40820934999,0.44123392116,0.068619833319,0.1349597617,0.0021143300385,2.0032856156e-08,0.026883552319,0.0090555400483,0.071392665889,0.0011741827865
431.5,0.0020676433936,0.22446575001,0.22446575001,0.1466260995,0.10939403755,0.28598435742,0.25451104289,0.43811616205,0.1808786795,0.13875486662,0.0091478710436,0.4381215592,0.36018745386,0.14309295996,0.00043232982564,0.12567009501,0.4667033571,0.19462285687,0.047159246726,0.40810930287,0.4411656877,0.068460816653,0.1347530628,0.0021009021013,1.963970238e-08,0.026792000166,0.0090132946357,0.071230444579,0.0011659285188
432.0,0.0020544778815,0.22425496852,0.22425496852,0.14641591437,0.10920008129,0.28579619058,0.25430911419,0.43804488168,0.18066346903,0.13854706454,0.009105368604,0.43805028379,0.36004692128,0.14288376559,0.00042879687382,0.12546741066,0.46666168471,0.19440781761,0.047029599116,0.40800928027,0.44109746478,0.06830216838,0.13454668036,0.0020875594418,1.9254264387e-08,0.026700759738,0.0089712462955,0.071068591699,0.0011577322763
432.5,0.0020413961982,0.22404438494,0.22404438494,0.14620603042,0.10900646887,0.28560814751,0.25410734562,0.43797361291,0.18044851453,0.13833957353,0.009063063635,0.43797901998,0.35990644348,0.14267487692,0.00042529279279,0.12526505304,0.46662001604,0.19419301582,0.046900307867,0.40790928217,0.44102925241,0.068143887648,0.13434061387,0.0020743015186,1.8876390746e-08,0.026609829975,0.0089293941085,0.070907106413,0.0011495936511
433.0,0.0020283978099,0.22383399909,0.22383399909,0.14599644724,0.10881319967,0.28542022813,0.25390573706,0.43790235573,0.18023381568,0.13813239315,0.0090209552191,0.43790776775,0.35976602045,0.14246629349,0.00042181734664,0.12506302161,0.46657835109,0.19397845125,0.046771372,0.40780930858,0.44096105059,0.067985973606,0.13413486287,0.0020611277935,1.8505933127e-08,0.026519209819,0.0088877371597,0.070745987887,0.0011415122381
433.5,0.0020154821863,0.22362381078,0.22362381078,0.14578716438,0.1086202731,0.28523243236,0.25370428836,0.43783111014,0.18001937219,0.13792552291,0.0089790424432,0.43783652712,0.35962565217,0.14225801486,0.00041837030137,0.12486131586,0.46653668986,0.19376412362,0.046642790537,0.40770935948,0.44089285932,0.067828425404,0.13392942687,0.0020480377318,1.8142745871e-08,0.026428898217,0.0088462745385,0.070585235289,0.0011334876352
434.0,0.0020026488004,0.22341381984,0.22341381984,0.14557818143,0.10842768854,0.28504476013,0.25350299941,0.43775987615,0.17980518375,0.13771896236,0.0089373243984,0.43776529807,0.35948533862,0.14205004059,0.00041495142489,0.12465993526,0.46649503235,0.19355003269,0.046514562506,0.40760943488,0.44082467859,0.067671242195,0.13372430539,0.0020350308022,1.7786686335e-08,0.026338894118,0.0088050053385,0.070424847788,0.001125519443
434.5,0.0019898971287,0.22320402606,0.22320402606,0.14536949794,0.10823544538,0.28485721134,0.25330187008,0.43768865374,0.17959125006,0.13751271104,0.0088958001799,0.43769408061,0.35934507977,0.14184237023,0.000411560487,0.12445887928,0.46645337856,0.19333617818,0.046386686935,0.40750953476,0.4407565084,0.067514423135,0.13351949794,0.0020221064767,1.7437614632e-08,0.026249196475,0.0087639286573,0.070264824556,0.001117607265
435.0,0.0019772266507,0.22299442927,0.22299442927,0.1451611135,0.10804354303,0.28466978592,0.25310090024,0.43761744291,0.17937757082,0.13730676848,0.0088544688872,0.43762287473,0.35920487561,0.14163500334,0.00040819725941,0.1242581474,0.46641172849,0.19312255983,0.046259162855,0.40740965911,0.44068834875,0.06735796738,0.13331500404,0.0020092642309,1.7095393626e-08,0.026159804247,0.0087230435969,0.070105164766,0.0011097507074
435.5,0.0019646368497,0.22278502929,0.22278502929,0.14495302766,0.10785198087,0.28448248378,0.25290008977,0.43754624367,0.17916414572,0.13710113422,0.0088133296239,0.43755168043,0.35906472611,0.14142793947,0.00040486151566,0.12405773911,0.46637008214,0.1929091774,0.0461319893,0.40730980795,0.44062019963,0.067201874089,0.13311082323,0.0019965035434,1.6759888848e-08,0.026070716392,0.0086823492636,0.069945867594,0.0011019493792
436.0,0.0019521272117,0.22257582592,0.22257582592,0.14474524001,0.10766075831,0.28429530485,0.25269943855,0.43747505602,0.17895097446,0.13689580779,0.008772381498,0.43748049771,0.35892463125,0.14122117818,0.00040155303117,0.12385765387,0.4663284395,0.1926960306,0.046005165309,0.40720998124,0.44055206106,0.067046142422,0.13290695501,0.0019838238964,1.6430968492e-08,0.025981931875,0.0086418447677,0.069786932217,0.0010942028922
436.5,0.0019396972266,0.22236681898,0.22236681898,0.14453775012,0.10746987474,0.28410824905,0.25249894643,0.43740387994,0.17873805675,0.13669078875,0.0087316236213,0.43740932657,0.35878459102,0.14101471903,0.00039827158318,0.12365789117,0.46628680059,0.1924831192,0.045878689919,0.407110179,0.44048393302,0.066890771543,0.1327033989,0.0019712247751,1.6108503327e-08,0.025893449664,0.0086015292236,0.069628357815,0.001086510861
437.0,0.0019273463871,0.2221580083,0.2221580083,0.14433055756,0.10727932956,0.28392131628,0.2522986133,0.43733271544,0.17852539227,0.13648607662,0.00869105511,0.43733816701,0.35864460538,0.14080856158,0.00039501695074,0.12345845049,0.46624516539,0.19227044292,0.045752562173,0.40701040122,0.44041581551,0.066735760616,0.13250015444,0.0019587056682,1.5792366701e-08,0.025805268729,0.00856140175,0.069470143567,0.0010788729025
437.5,0.0019150741892,0.22194939368,0.22194939368,0.14412366191,0.10708912217,0.28373450648,0.25209843904,0.43726156252,0.17831298073,0.13628167096,0.0086506750844,0.43726701901,0.35850467432,0.14060270539,0.00039178891473,0.12325933131,0.4662035339,0.1920580015,0.045626781116,0.40691064788,0.44034770854,0.066581108808,0.13229722115,0.0019462660675,1.5482434357e-08,0.025717388045,0.0085214614697,0.069312288657,0.0010712886369
438.0,0.0019028801323,0.22174097494,0.22174097494,0.14391706273,0.10689925198,0.28354781956,0.25189842351,0.43719042117,0.17810082183,0.13607757129,0.0086104826685,0.43719588259,0.35836479782,0.14039715002,0.0003885872578,0.12306053312,0.46616190613,0.1918457947,0.045501345796,0.40681091899,0.4402796121,0.066426815286,0.13209459854,0.0019339054682,1.5178584614e-08,0.02562980659,0.0084817075093,0.069154792269,0.0010637576866
438.5,0.0018907637188,0.22153275189,0.22153275189,0.14371075962,0.10670971838,0.28336125544,0.2516985666,0.43711929139,0.17788891526,0.13587377717,0.008570476991,0.43712475774,0.35822497586,0.14019189503,0.0003854117644,0.12286205539,0.46612028208,0.19163382224,0.045376255261,0.40671121453,0.44021152618,0.066272879222,0.13189228614,0.0019216233686,1.4880698102e-08,0.025542523346,0.008442139,0.06899765359,0.0010562796769
439.0,0.0018787244544,0.22132472436,0.22132472436,0.14350475213,0.10652052079,0.28317481404,0.25149886817,0.43704817319,0.17767726073,0.13567028814,0.0085306571841,0.43705364446,0.3580852084,0.13998693997,0.00038226222071,0.12266389761,0.46607866175,0.19142208387,0.045251508565,0.40661153451,0.4401434508,0.066119299788,0.13169028348,0.0019094192701,1.4588657668e-08,0.025455537298,0.0084027550764,0.068840871808,0.0010488542355
439.5,0.0018667618477,0.22111689216,0.22111689216,0.14329903986,0.10633165859,0.28298849528,0.25129932809,0.43697706655,0.17746585794,0.13546710373,0.0084910223843,0.43698254275,0.35794549545,0.13978228443,0.00037913841469,0.12246605927,0.46603704513,0.19121057934,0.045127104763,0.40651187891,0.44007538593,0.065966076158,0.13148859009,0.0018972926773,1.4302348738e-08,0.025368847433,0.0083635548778,0.068684446114,0.001041480993
440.0,0.0018548754109,0.2209092551,0.2209092551,0.14309362236,0.10614313121,0.28280229908,0.25109994626,0.43690597148,0.17725470659,0.1352642235,0.0084515717321,0.43691145259,0.35780583696,0.13957792794,0.000376040136,0.12226853985,0.46599543223,0.19099930837,0.045003042913,0.40641224773,0.4400073316,0.065813207508,0.13128720549,0.0018852430982,1.4021658692e-08,0.025282452744,0.008324537547,0.068528375699,0.0010341595825
440.5,0.0018430646588,0.22070181301,0.22070181301,0.14288849924,0.10595493804,0.28261622535,0.25090072253,0.43683488798,0.17704380638,0.13506164699,0.0084123043719,0.436840374,0.35766623292,0.13937387009,0.00037296717604,0.12207133883,0.46595382304,0.19078827073,0.044879322075,0.40631264096,0.43993928778,0.065660693016,0.13108612921,0.0018732700435,1.3746477305e-08,0.025196352226,0.0082857022311,0.068372659757,0.0010268896395
441.0,0.0018313291095,0.2204945657,0.2204945657,0.14268367005,0.10576707849,0.28243027403,0.25070165678,0.43676381604,0.17683315701,0.13485937374,0.0083732194521,0.43676930698,0.35752668332,0.13917011043,0.00036991932792,0.12187445571,0.46591221757,0.19057746614,0.044755941311,0.4062130586,0.43987125449,0.065508531862,0.13088536078,0.0018613730274,1.3476696488e-08,0.025110544878,0.008247048081,0.068217297483,0.0010196708023
441.5,0.0018196682843,0.22028751298,0.22028751298,0.14247913439,0.10557955198,0.28224444502,0.2505027489,0.43669275566,0.17662275818,0.13465740331,0.0083343161252,0.43669825151,0.35738718812,0.13896664852,0.00036689638641,0.12167788997,0.46587061581,0.19036689435,0.044632899689,0.40611350064,0.43980323171,0.065356723229,0.13068489972,0.0018495515669,1.3212210279e-08,0.025025029702,0.0082085742516,0.068062288076,0.0010125027117
442.0,0.0018080817074,0.22008065468,0.22008065468,0.14227489183,0.10539235791,0.28205873824,0.25030399874,0.43662170684,0.17641260959,0.13445573523,0.0082955935474,0.43662720759,0.35724774731,0.13876348394,0.000363898148,0.12148164111,0.46582901776,0.19015655511,0.044510196275,0.40601396707,0.43973521945,0.065205266299,0.13048474557,0.0018378051823,1.2952914674e-08,0.024939805703,0.0081702799019,0.067907630735,0.0010053850108
442.5,0.001796568906,0.21987399061,0.21987399061,0.14207094194,0.10520549569,0.28187315363,0.2501054062,0.43655066958,0.17620271096,0.13425436906,0.008257050879,0.43655617523,0.35710836087,0.13856061625,0.00036092441081,0.1212857086,0.46578742343,0.18994644816,0.04438783014,0.4059144579,0.43966721771,0.065054160258,0.13028489785,0.0018261333967,1.2698707887e-08,0.02485487189,0.0081321641946,0.06775332466,0.0009983173455
443.0,0.0017851294103,0.21966752059,0.21966752059,0.14186728432,0.10501896473,0.28168769108,0.24990697114,0.43647964387,0.17599306197,0.13405330435,0.0082186872841,0.43648515443,0.35696902877,0.13835804501,0.00035797497461,0.12109009195,0.46574583281,0.18973657324,0.044265800358,0.40581497311,0.43959922648,0.064903404295,0.1300853561,0.0018145357364,1.2449489998e-08,0.024770227276,0.0080942262965,0.067599369055,0.00099129936405
443.5,0.0017737627536,0.21946124443,0.21946124443,0.14166391855,0.10483276446,0.28150235054,0.24970869344,0.43640862972,0.17578366234,0.13385254064,0.0081805019307,0.43641414517,0.35682975099,0.1381557698,0.00035504964084,0.12089479063,0.46570424591,0.1895269301,0.044144106004,0.40571551269,0.43953124576,0.064752997597,0.12988611986,0.0018030117307,1.220516313e-08,0.024685870875,0.0080564653781,0.067445763124,0.0009843307172
444.0,0.0017624684722,0.21925516196,0.21925516196,0.1414608442,0.10464689427,0.28131713191,0.24951057297,0.43633762712,0.17557451177,0.13365207748,0.0081424939907,0.43634314747,0.35669052752,0.13795379018,0.00035214821252,0.12069980416,0.46566266271,0.18931751847,0.044022746156,0.40561607665,0.43946327556,0.064602939358,0.12968718864,0.0017915609118,1.1965631273e-08,0.024601801708,0.0080188806138,0.067292506073,0.00097741105813
444.5,0.0017512461052,0.219049273,0.219049273,0.14125806086,0.1044613536,0.28113203511,0.24931260961,0.43626663607,0.17536560996,0.13345191442,0.00810466264,0.43627216131,0.35655135833,0.13775210571,0.00034927049431,0.12050513201,0.46562108323,0.18910833811,0.043901719896,0.40551666497,0.43939531586,0.064453228768,0.12948856199,0.0017801828149,1.1730800366e-08,0.024518018796,0.0079814711821,0.067139597112,0.00097054004249
445.0,0.0017400951947,0.21884357735,0.21884357735,0.1410555681,0.10427614184,0.28094706007,0.24911480324,0.43619565656,0.17515695661,0.13325205102,0.0080670070579,0.4362011867,0.3564122434,0.13755071597,0.00034641629244,0.12031077368,0.46557950747,0.18889938876,0.043781026306,0.40541727765,0.43932736667,0.064303865025,0.12929023944,0.0017688769783,1.1500578128e-08,0.024434521165,0.0079442362649,0.06698703545,0.00096371732832
445.5,0.0017290152858,0.21863807485,0.21863807485,0.14085336553,0.10409125842,0.2807622067,0.24891715373,0.43612468861,0.17494855144,0.13305248683,0.0080295264279,0.43613022363,0.3562731827,0.13734962053,0.00034358541476,0.12011672867,0.46553793541,0.18869067017,0.043660664473,0.40531791469,0.43925942799,0.064154847324,0.12909222053,0.0017576429429,1.1274874142e-08,0.024351307844,0.0079071750484,0.066834820299,0.0009569425761
446.0,0.0017180059263,0.2184327653,0.2184327653,0.14065145271,0.10390670277,0.28057747493,0.24871966095,0.4360537322,0.17474039414,0.1328532214,0.0079922199373,0.4360592721,0.35613417623,0.13714881896,0.00034077767065,0.11992299647,0.46549636706,0.18848218207,0.043540633485,0.40521857607,0.43919149981,0.064006174865,0.12889450478,0.001746480253,1.105359968e-08,0.024268377866,0.0078702867222,0.066682950873,0.00095021544865
446.5,0.0017070666672,0.21822764854,0.21822764854,0.14044982924,0.10372247428,0.28039286468,0.24852232479,0.43598278733,0.17453248442,0.13265425427,0.0079550867768,0.43598833212,0.35599522395,0.13694831083,0.00033799287107,0.11972957658,0.46545480243,0.18827392422,0.043420932433,0.40511926179,0.43912358213,0.063857846847,0.12869709175,0.0017353884553,1.0836667788e-08,0.024185730264,0.0078335704798,0.066531426387,0.00094353561121
447.0,0.0016961970619,0.21802272436,0.21802272436,0.1402484947,0.1035385724,0.28020837586,0.24832514511,0.435911854,0.17432482199,0.13245558502,0.0079181261412,0.43591740367,0.35585632585,0.1367480957,0.00033523082853,0.1195364685,0.46541324151,0.18806589637,0.04330156041,0.40501997185,0.43905567496,0.063709862474,0.12849998095,0.0017243670996,1.062399329e-08,0.02410336408,0.0077970255186,0.066380246058,0.00093690273134
447.5,0.0016853966671,0.21781799261,0.21781799261,0.14004744868,0.10335499653,0.28002400839,0.2481281218,0.43584093221,0.17411740655,0.13225721318,0.0078813372291,0.43584648675,0.35571748191,0.13654817316,0.00033249135705,0.11934367171,0.46537168429,0.18785809825,0.043182516511,0.40492070624,0.43898777828,0.063562220949,0.12830317194,0.0017134157386,1.041549261e-08,0.024021278353,0.0077606510395,0.066229409106,0.00093031647895
448.0,0.001674665042,0.21761345309,0.21761345309,0.13984669076,0.10317174611,0.2798397622,0.24793125473,0.43577002196,0.17391023781,0.13205913832,0.0078447192424,0.43577558138,0.35557869209,0.13634854278,0.0003297742722,0.11915118573,0.46533013079,0.18765052962,0.043063799836,0.40482146495,0.43891989211,0.063414921479,0.12810666424,0.0017025339279,1.0211083856e-08,0.023939472131,0.0077244462474,0.066078914751,0.00092377652626
448.5,0.0016640017488,0.21740910563,0.21740910563,0.13964622053,0.10298882054,0.27965563721,0.24773454378,0.43569912324,0.17370331548,0.13186135999,0.0078082713872,0.43570468753,0.35543995639,0.13614920412,0.00032707939103,0.11895901005,0.465288581,0.18744319022,0.042945409486,0.40472224798,0.43885201643,0.063267963272,0.1279104574,0.0016917212256,1.0010686737e-08,0.023857944461,0.0076884103507,0.065928762216,0.00091728254781
449.0,0.0016534063524,0.21720495003,0.21720495003,0.13944603758,0.10280621927,0.27947163333,0.24753798882,0.43562823605,0.17349663926,0.13166387775,0.007771992873,0.43563380521,0.35530127478,0.13595015676,0.00032440653209,0.11876714417,0.46524703491,0.18723607979,0.042827344562,0.40462305532,0.43878415124,0.063121345537,0.12771455097,0.001680977193,9.8142224723e-09,0.023776694396,0.0076525425616,0.065778950725,0.0009108342204
449.5,0.0016428784205,0.21700098614,0.21700098614,0.1392461415,0.10262394171,0.27928775049,0.24734158973,0.4355573604,0.17329020886,0.13146669115,0.007735882913,0.43556293443,0.35516264725,0.13575140029,0.00032175551543,0.1185755876,0.46520549254,0.1870291981,0.042709604172,0.40452388697,0.43871629655,0.062975067486,0.12751894446,0.0016703013939,9.6216139677e-09,0.02369572099,0.0076168420959,0.065629479504,0.00090443122314
450.0,0.0016324175236,0.21679721376,0.21679721376,0.13904653187,0.10244198728,0.27910398861,0.24714534638,0.43548649628,0.17308402399,0.13126979976,0.0076999407241,0.43549207517,0.35502407376,0.13555293426,0.00031912616255,0.11838433983,0.46516395387,0.18682254487,0.042592187423,0.40442474292,0.43864845234,0.062829128332,0.12732363744,0.0016596933951,9.4327854615e-09,0.023615023301,0.0075813081731,0.065480347782,0.00089807323737
450.5,0.0016220232348,0.21659363271,0.21659363271,0.1388472083,0.10226035543,0.2789203476,0.24694925866,0.43541564368,0.17287808435,0.13107320313,0.0076641655268,0.43542122743,0.3548855543,0.13535475827,0.00031651829642,0.11819340036,0.46512241892,0.18661611987,0.042475093426,0.40432562316,0.43858061863,0.062683527291,0.12712862944,0.0016491527659,9.2476627909e-09,0.023534600392,0.0075459400163,0.065331554786,0.00089175994668
451.0,0.0016116951299,0.21639024282,0.21639024282,0.13864817035,0.10207904557,0.27873682739,0.24675332644,0.43534480261,0.17267238967,0.13087690081,0.0076285565454,0.43535039122,0.35474708884,0.13515687188,0.00031393174145,0.11800276871,0.46508088767,0.18640992284,0.042358321295,0.40422652768,0.43851279541,0.06253826358,0.12693392,0.0016386790784,9.066173214e-09,0.023454451326,0.0075107368523,0.06518309975,0.00088549103687
451.5,0.0016014327877,0.2161870439,0.2161870439,0.13844941764,0.10189805713,0.2785534279,0.24655754959,0.43527397306,0.17246693963,0.13068089238,0.0075931130074,0.43527956653,0.35460867738,0.13495927467,0.00031136632349,0.11781244437,0.46503936012,0.18620395353,0.042241870144,0.40412745649,0.43844498267,0.062393336418,0.12673950867,0.0016282719077,8.888245499e-09,0.023374575172,0.0074756979114,0.065034981906,0.00087926619596
452.0,0.0015912357893,0.21598403578,0.21598403578,0.13825094974,0.10171738955,0.27837014905,0.24636192799,0.43520315504,0.17226173396,0.13048517738,0.0075578341444,0.43520875336,0.35447031987,0.13476196622,0.00030882186982,0.11762242685,0.46499783629,0.18599821168,0.042125739091,0.40402840958,0.43837718042,0.062248745025,0.126545395,0.0016179308312,8.7138096573e-09,0.023294971,0.0074408224277,0.064887200488,0.00087308511417
452.5,0.0015811037188,0.21578121828,0.21578121828,0.13805276626,0.10153704225,0.27818699076,0.24616646153,0.43513234853,0.17205677236,0.13028975539,0.0075227191913,0.4351379517,0.35433201632,0.13456494611,0.00030629820911,0.11743271565,0.46495631616,0.18579269705,0.042009927258,0.40392938694,0.43830938865,0.062104488624,0.12635157851,0.0016076554293,8.5427972105e-09,0.023215637885,0.0074061096386,0.064739754733,0.00086694748389
453.0,0.0015710361627,0.21557859121,0.21557859121,0.13785486678,0.10135701467,0.27800395295,0.24597115007,0.43506155354,0.17185205455,0.13009462596,0.0074877673864,0.43506716156,0.35419376668,0.13436821392,0.00030379517146,0.11724331029,0.46491479974,0.18558740939,0.041894433766,0.40383038856,0.43824160736,0.061960566439,0.12615805877,0.0015974452848,8.3751410122e-09,0.023136574905,0.0073715587852,0.06459264388,0.00086085299966
453.5,0.0015610327102,0.2153761544,0.2153761544,0.1376572509,0.10117730625,0.27782103554,0.2457759935,0.43499077007,0.17164758022,0.12989978865,0.0074529779718,0.43499638294,0.35405557095,0.13417176922,0.00030131258832,0.11705421027,0.46487328703,0.18538234844,0.041779257741,0.40373141444,0.43817383655,0.061816977696,0.12596483531,0.0015872999833,8.2107750708e-09,0.023057781139,0.0073371691121,0.064445867169,0.00085480135819
454.0,0.0015510929531,0.21517390768,0.21517390768,0.13745991821,0.10099791641,0.27763823845,0.24558099169,0.43491999812,0.17144334911,0.12970524304,0.007418350193,0.43492561582,0.3539174291,0.1339756116,0.00029885029256,0.11686541509,0.46483177802,0.18517751396,0.041664398311,0.40363246457,0.43810607622,0.061673721623,0.12577190769,0.0015772191131,8.0496349046e-09,0.022979255671,0.0073029398675,0.06429942384,0.00084879225831
454.5,0.001541216486,0.21497185086,0.21497185086,0.13726286831,0.10081884459,0.27745556161,0.24538614452,0.43484923767,0.1712393609,0.12951098867,0.0073838832991,0.43485486022,0.35377934111,0.13377974064,0.00029640811838,0.11667692428,0.46479027272,0.18497290569,0.041549854606,0.40353353894,0.43803832637,0.06153079745,0.12557927545,0.0015672022649,7.8916571863e-09,0.022900997588,0.007268870303,0.064153313138,0.00084282540096
455.0,0.0015314029059,0.21476998376,0.21476998376,0.13706610078,0.10064009022,0.27727300493,0.24519145186,0.43477848874,0.17103561532,0.12931702512,0.0073495765425,0.43478411612,0.35364130696,0.13358415592,0.00029398590135,0.11648873733,0.46474877112,0.18476852338,0.041435625758,0.40343463756,0.43797058699,0.061388204408,0.12538693814,0.0015572490322,7.7367798325e-09,0.022823005979,0.0072349596738,0.064007534308,0.00083690048919
455.5,0.0015216518122,0.2145683062,0.2145683062,0.13686961523,0.10046165276,0.27709056834,0.2449969136,0.43470775132,0.17083211208,0.12912335195,0.0073154291794,0.43471338353,0.35350332663,0.13338885702,0.0002915834784,0.11630085375,0.46470727323,0.1845643668,0.041321710901,0.40333576041,0.43790285809,0.06124594173,0.1251948953,0.0015473590109,7.5849420915e-09,0.022745279938,0.0072012072385,0.063862086597,0.00083101722815
456.0,0.0015119628072,0.21436681802,0.21436681802,0.13667341126,0.10028353162,0.27690825175,0.24480252961,0.4346370254,0.17062885089,0.12892996873,0.0072814404691,0.43464266245,0.35336540009,0.13319384353,0.00028920068775,0.11611327307,0.46466577904,0.18436043568,0.041208109173,0.40323690749,0.43783513966,0.061104008652,0.12500314649,0.0015375317997,7.4360841891e-09,0.022667818561,0.0071676122591,0.063716969252,0.00082517532504
456.5,0.0015023354955,0.21416551902,0.21416551902,0.13647748845,0.10010572626,0.27672605509,0.24460829977,0.43456631099,0.17042583146,0.12873687502,0.0072476096745,0.43457195286,0.35322752733,0.13299911502,0.00028683736899,0.11592599479,0.46462428856,0.18415672978,0.041094819714,0.40313807879,0.4377674317,0.06096240441,0.12481169126,0.0015277669997,7.290147683e-09,0.022590620947,0.0071341740012,0.063572181525,0.00081937448913
457.0,0.0014927694844,0.21396440904,0.21396440904,0.13628184642,0.099928236117,0.27654397827,0.24441422396,0.43449560808,0.17022305351,0.12854407039,0.007213936062,0.43450125478,0.35308970833,0.13280467109,0.00028449336299,0.11573901842,0.46458280178,0.18395324884,0.040981841665,0.40303927431,0.4376997342,0.060821128243,0.12462052916,0.0015180642144,7.1470752858e-09,0.022513686197,0.0071008917337,0.063427722667,0.00081361443174
457.5,0.0014832643834,0.21376348789,0.21376348789,0.13608648474,0.099751060623,0.27636202123,0.24422030205,0.43442491667,0.17002051674,0.12835155441,0.0071804189012,0.4344305682,0.35295194306,0.13261051131,0.00028216851193,0.11555234348,0.4645413187,0.18374999263,0.040869174171,0.40294049404,0.43763204718,0.06068017939,0.12442965974,0.0015084230501,7.006810687e-09,0.022437013417,0.007067764729,0.063283591933,0.0008078948662
458.0,0.0014738198048,0.2135627554,0.2135627554,0.13589140303,0.099574199227,0.27618018388,0.24402653393,0.43435423676,0.16981822087,0.12815932664,0.0071470574653,0.43435989311,0.35281423151,0.13241663527,0.00027986265928,0.11536596948,0.46449983933,0.1835469609,0.040756816378,0.40284173798,0.43756437062,0.060539557095,0.12423908255,0.0014988431155,6.8692989083e-09,0.022360601715,0.0070347922628,0.063139788576,0.00080221550786
458.5,0.0014644353632,0.21336221139,0.21336221139,0.13569660088,0.099397651371,0.27599846614,0.24383291947,0.43428356835,0.16961616562,0.12796738666,0.0071138510308,0.43428922952,0.35267657365,0.13222304256,0.00027757564979,0.11517989593,0.46445836366,0.18334415339,0.040644767435,0.40274300611,0.43749670452,0.0603992606,0.12404879714,0.0014893240216,6.7344858596e-09,0.022284450203,0.0070019736142,0.062996311855,0.0007965760741
459.0,0.0014551106757,0.21316185569,0.21316185569,0.13550207789,0.099221416499,0.27581686793,0.24363945855,0.43421291144,0.16941435069,0.12777573403,0.0070807988776,0.43421857742,0.35253896946,0.13202973276,0.00027530732946,0.11499412237,0.4644168917,0.18314156986,0.040533026493,0.40264429844,0.43742904889,0.060259289152,0.12385880307,0.0014798653822,6.6023185168e-09,0.022208557995,0.0069693080657,0.062853161028,0.00079097628425
459.5,0.0014458453618,0.21296168811,0.21296168811,0.13530783367,0.099045494056,0.27563538918,0.24344615104,0.43414226602,0.16921277581,0.12758436832,0.0070479002888,0.43414793681,0.35240141892,0.13183670546,0.00027305754559,0.11480864829,0.46437542344,0.18293921006,0.040421592707,0.40254561495,0.43736140371,0.060119641997,0.1236690999,0.0014704668133,6.4727450101e-09,0.022132924208,0.0069367949032,0.062710335355,0.00078541585963
460.0,0.0014366390435,0.21276170848,0.21276170848,0.1351138678,0.09886988349,0.2754540298,0.24325299684,0.43407163209,0.16901144069,0.12739328911,0.007015154551,0.43407730769,0.35226392201,0.13164396025,0.00027082614668,0.11462347322,0.46433395888,0.18273707375,0.040310465231,0.40244695564,0.437293769,0.059980318385,0.12347968717,0.0014611279333,6.3457144471e-09,0.022057547962,0.0069044334157,0.062567834099,0.00077989452351
460.5,0.0014274913452,0.21256191663,0.21256191663,0.13492017991,0.098694584247,0.27527278973,0.24305999581,0.43400100965,0.16881034503,0.12720249597,0.006982560954,0.43400669006,0.35212647871,0.13145149671,0.00026861298251,0.11443859668,0.46429249802,0.18253516067,0.040199643225,0.40234832051,0.43722614474,0.059841317567,0.12329056445,0.0014518483633,6.221176912e-09,0.021982428381,0.0068722228958,0.062425656523,0.00077441200112
461.0,0.0014184018936,0.21236231237,0.21236231237,0.13472676957,0.098519595775,0.27509166887,0.24286714783,0.4339303987,0.16860948857,0.12701198846,0.0069501187911,0.43393608392,0.351989089,0.13125931444,0.00026641790406,0.11425401818,0.46425104086,0.18233347059,0.040089125848,0.40224970955,0.43715853094,0.059702638794,0.12310173128,0.0014426277266,6.099083555e-09,0.021907564591,0.0068401626393,0.062283801892,0.0007689680196
461.5,0.0014093703178,0.21216289554,0.21216289554,0.13453363641,0.098344917523,0.27491066715,0.24267445278,0.43385979923,0.16840887101,0.12682176617,0.0069178273585,0.43386548926,0.35185175286,0.13106741302,0.00026424076353,0.11406973725,0.4642095874,0.18213200325,0.039978912264,0.40215112275,0.43709092759,0.059564281322,0.12291318724,0.0014334656488,5.9793863257e-09,0.021832955721,0.0068082519453,0.062142269474,0.00076356230804
462.0,0.0014003962494,0.21196366595,0.21196366595,0.13434078002,0.098170548943,0.2747297845,0.24248191055,0.43378921125,0.16820849207,0.12663182865,0.006885685956,0.43379490608,0.35171447026,0.13087579204,0.00026208141434,0.11388575341,0.46416813765,0.18193075841,0.039869001638,0.40205256011,0.4370233347,0.059426244405,0.12272493186,0.0014243617582,5.8620381507e-09,0.021758600903,0.0067764901159,0.062001058538,0.0007581945974
462.5,0.0013914793221,0.21176462343,0.21176462343,0.1341482,0.097996489484,0.27454902083,0.24228952101,0.43371863476,0.16800835146,0.1264421755,0.0068536938866,0.43372433438,0.35157724119,0.1306844511,0.00025993971111,0.11370206617,0.46412669159,0.18172973583,0.039759393137,0.40195402162,0.43695575226,0.059288527303,0.12253696472,0.0014153156852,5.7469930222e-09,0.021684499274,0.0067448764569,0.061860168354,0.00075286462055
463.0,0.0013826191721,0.2115657678,0.2115657678,0.13395589596,0.097822738599,0.27436837606,0.24209728403,0.43364806974,0.16780844891,0.12625280628,0.0068218504565,0.43365377416,0.35144006562,0.13049338978,0.00025781550962,0.11351867507,0.46408524923,0.18152893525,0.039650085931,0.40185550728,0.43688818026,0.059151129274,0.12234928537,0.0014063270627,5.6342057321e-09,0.02161064997,0.0067134102771,0.061719598193,0.00074757211223
463.5,0.001373815438,0.2113670989,0.2113670989,0.1337638675,0.097649295741,0.27418785013,0.24190519951,0.4335775162,0.16760878413,0.12606372057,0.006790154975,0.43358322541,0.35130294354,0.13030260768,0.00025570866687,0.11333557961,0.46404381058,0.18132835644,0.039541079192,0.40175701707,0.43682061871,0.059014049579,0.12216189337,0.0013973955256,5.5236318714e-09,0.021537052132,0.0066820908884,0.06157934733,0.00074231680906
464.0,0.0013650677604,0.21116861653,0.21116861653,0.13357211424,0.097476160365,0.27400744294,0.24171326731,0.43350697414,0.16740935683,0.12587491794,0.0067586067548,0.43351268814,0.35116587492,0.13011210439,0.000253619041,0.11315277934,0.46400237562,0.18112799916,0.039432372094,0.401658551,0.43675306761,0.058877287481,0.12197478829,0.0013885207117,5.4152280969e-09,0.021463704906,0.0066509176063,0.061439415039,0.00073709844949
464.5,0.0013563757826,0.21097032054,0.21097032054,0.13338063577,0.097303331925,0.27382715443,0.24152148732,0.43343644356,0.16721016674,0.12568639797,0.0067272051118,0.43344216234,0.35102885974,0.1299218795,0.0002515464913,0.11297027376,0.46396094437,0.18092786314,0.039323963814,0.40156010906,0.43668552696,0.058740842245,0.12178796967,0.0013797022605,5.3089517762e-09,0.021390607437,0.006619889749,0.061299800599,0.00073191677382
465.0,0.0013477391498,0.21077221073,0.21077221073,0.1331894317,0.097130809877,0.27364698451,0.24132985942,0.43336592445,0.16701121357,0.12549816024,0.0066959493648,0.43337164801,0.35089189799,0.12973193261,0.00024949087825,0.11278806242,0.46391951681,0.18072794816,0.039215853531,0.40146169123,0.43661799674,0.058604713137,0.12160143709,0.0013709398142,5.2047611666e-09,0.021317758876,0.0065890066383,0.061160503287,0.00072677152417
465.5,0.0013391575096,0.21057428695,0.21057428695,0.13299850164,0.096958593678,0.27346693311,0.24113838348,0.43329541681,0.16681249705,0.12531020432,0.0066648388361,0.43330114515,0.35075498963,0.12954226331,0.00024745206343,0.11260614482,0.46387809295,0.18052825396,0.039108040426,0.40136329753,0.43655047697,0.058468899425,0.12141519011,0.0013622330171,5.10261541e-09,0.021245158374,0.0065582675989,0.061021522383,0.00072166244449
466.0,0.0013306305119,0.21037654901,0.21037654901,0.1328078452,0.096786682786,0.27328700014,0.24094705939,0.43322492064,0.16661401688,0.1251225298,0.006633872851,0.43323065376,0.35061813466,0.12935287119,0.00024542990957,0.11242452051,0.46383667279,0.18032878031,0.039000523681,0.40126492793,0.43648296764,0.058333400378,0.12122922828,0.0013535815157,5.0024742721e-09,0.021172805089,0.0065276719588,0.06088285717,0.00071658928051
466.5,0.0013221578087,0.21017899674,0.21017899674,0.13261746198,0.09661507666,0.27310718554,0.24075588703,0.43315443593,0.16641577279,0.12493513625,0.006603050738,0.43316017383,0.35048133305,0.12916375585,0.00024342428053,0.11224318901,0.46379525632,0.18012952696,0.038893302484,0.40116658244,0.43641546874,0.058198215268,0.12104355118,0.001344984959,4.9042984952e-09,0.021100698177,0.006497219049,0.060744506932,0.00071155177975
467.0,0.0013137390544,0.20998162997,0.20998162997,0.1324273516,0.09644377476,0.27292748921,0.24056486627,0.43308396269,0.1662177645,0.12474802326,0.0065723718285,0.43308970537,0.35034458477,0.12897491688,0.00024143504126,0.11206214984,0.46375384356,0.17993049367,0.038786376021,0.40106826105,0.43634798029,0.058063343367,0.12085815837,0.001336442998,4.8080494437e-09,0.021028836801,0.0064669082038,0.060606470952,0.00070654969152
467.5,0.0013053739055,0.20978444851,0.20978444851,0.13223751365,0.096272776547,0.27274791109,0.24037399699,0.43301350092,0.16601999173,0.12456119039,0.0065418354572,0.43301924837,0.35020788981,0.12878635389,0.00023946205783,0.11188140253,0.46371243449,0.17973168019,0.038679743482,0.40096996375,0.43628050226,0.057928783951,0.12067304941,0.0013279552859,4.7136892812e-09,0.020957220124,0.0064367387604,0.060468748518,0.00070158276687
468.0,0.0012970620205,0.2095874522,0.2095874522,0.13204794776,0.096102081481,0.2725684511,0.24018327908,0.43294305061,0.1658224542,0.12437463724,0.006511440962,0.43294880283,0.35007124815,0.12859806646,0.00023750519739,0.11170094662,0.46367102912,0.17953308628,0.038573404061,0.40087169053,0.43621303467,0.057794536296,0.12048822387,0.0013195214783,4.6211809706e-09,0.020885847314,0.0064067100593,0.060331338919,0.00069665075861
468.5,0.0012888030605,0.20939064087,0.20939064087,0.13185865353,0.095931689028,0.27238910916,0.23999271242,0.43287261176,0.16562515162,0.12418836338,0.0064811876836,0.43287836874,0.34993465977,0.1284100542,0.0002355643282,0.11152078164,0.46362962744,0.17933471171,0.03846735695,0.4007734414,0.43614557751,0.05766059968,0.12030368131,0.0013111412328,4.5304881855e-09,0.020814717541,0.0063768214439,0.060194241444,0.0006917534213
469.0,0.0012805966884,0.20919401433,0.20919401433,0.13166963058,0.095761598648,0.27220988519,0.23980229688,0.43280218437,0.16542808373,0.12400236841,0.006451074966,0.43280794611,0.34979812464,0.12822231671,0.00023363931958,0.11134090711,0.46358822946,0.17913655622,0.038361601348,0.40067521634,0.43607813078,0.057526973382,0.12011942131,0.0013028142093,4.4415753098e-09,0.020743829976,0.0063470722607,0.060057455385,0.0006868905112
469.5,0.0012724425693,0.20899757242,0.20899757242,0.13148087851,0.095591809808,0.27203077911,0.23961203234,0.43273176843,0.16523125023,0.12381665189,0.0064211021561,0.43273753493,0.34966164274,0.12803485358,0.0002317300419,0.11116132258,0.46354683518,0.17893861957,0.038256136452,0.40057701535,0.43601069448,0.057393656684,0.11993544342,0.0012945400697,4.3544074382e-09,0.020673183796,0.0063174618594,0.059920980035,0.00068206178631
470.0,0.0012643403705,0.20880131497,0.20880131497,0.13129239694,0.095422321973,0.27185179085,0.2394219187,0.43266136395,0.16503465086,0.12363121341,0.0063912686038,0.43266713521,0.34952521406,0.12784766441,0.00022983636664,0.11098202756,0.46350544459,0.17874090154,0.038150961465,0.40047883842,0.43594326861,0.057260648869,0.11975174723,0.0012863184782,4.2689501982e-09,0.020602778178,0.0062879895925,0.059784814688,0.00067726700632
470.5,0.0012562897615,0.20860524179,0.20860524179,0.13110418547,0.09525313461,0.27167292033,0.23923195582,0.43259097092,0.16483828533,0.12344605256,0.0063615736623,0.43259674694,0.34938883857,0.1276607488,0.00022795816627,0.11080302161,0.4634640577,0.17854340186,0.038046075589,0.40038068555,0.43587585316,0.057127949222,0.11956833229,0.0012781491011,4.1851701054e-09,0.020532612305,0.0062586548157,0.059648958642,0.00067250593259
471.0,0.0012482904138,0.20840935272,0.20840935272,0.13091624373,0.095084247185,0.27149416747,0.23904214358,0.43252058934,0.16464215336,0.12326116893,0.0063320166874,0.43252637011,0.34925251626,0.12747410636,0.00022609531435,0.11062430424,0.4634226745,0.17834612031,0.03794147803,0.40028255673,0.43580844814,0.056995557029,0.11938519817,0.0012700316068,4.1030342972e-09,0.020462685359,0.0062294568875,0.059513411194,0.0006677783282
471.5,0.001240342001,0.20821364758,0.20821364758,0.13072857133,0.094915659167,0.27131553219,0.23885248187,0.43245021921,0.16444625469,0.12307656209,0.0063025970382,0.43245600473,0.3491162471,0.12728773668,0.00022424768545,0.110445875,0.46338129499,0.17814905664,0.037837167995,0.40018445195,0.43574105353,0.056863471577,0.11920234446,0.0012619656657,4.0225104441e-09,0.020392996527,0.0062003951698,0.059378171644,0.00066308395785
472.0,0.0012324441987,0.20801812621,0.20801812621,0.13054116788,0.094747370026,0.27113701442,0.23866297058,0.43237986053,0.16425058902,0.12289223163,0.0062733140766,0.4323856508,0.34898003106,0.12710163937,0.00022241515516,0.11026773342,0.46333991918,0.17795221061,0.037733144694,0.40008637122,0.43567366935,0.056731692157,0.11901977071,0.0012539509506,3.9435668379e-09,0.020323544999,0.0061714690269,0.059243239293,0.00065842258793
472.5,0.0012245966848,0.20782278842,0.20782278842,0.13035403299,0.094579379232,0.27095861408,0.23847360957,0.4323095133,0.16405515609,0.12270817715,0.0062441671677,0.43231530831,0.34884386814,0.12691581402,0.00022059760011,0.11008987903,0.46329854707,0.17775558198,0.03762940734,0.39998831451,0.43560629559,0.05660021806,0.1188374765,0.0012459871361,3.8661725701e-09,0.020254329967,0.0061426778266,0.059108613444,0.00065379398644
473.0,0.0012167991389,0.20762763405,0.20762763405,0.13016716628,0.094411686256,0.27078033109,0.23828439873,0.4322391775,0.16385995561,0.12252439822,0.0062151556793,0.43224497726,0.34870775831,0.12673026025,0.00021879489792,0.10991231139,0.46325717865,0.17755917052,0.037525955146,0.39989028184,0.43553893224,0.056469048579,0.1186554614,0.0012380738989,3.7902971761e-09,0.020185350626,0.0061140209393,0.058974293401,0.00064919792305
473.5,0.001209051243,0.20743266292,0.20743266292,0.12998056737,0.09424429057,0.27060216538,0.23809533794,0.43216885315,0.16366498732,0.12234089444,0.0061862789822,0.43217465765,0.34857170155,0.12654497765,0.00021700692721,0.10973503001,0.46321581392,0.17736297597,0.03742278733,0.39979227319,0.43547157931,0.056338183008,0.11847372499,0.0012302109178,3.7159109021e-09,0.020116606173,0.0060854977386,0.05884027847,0.000644634169
474.0,0.0012013526809,0.20723787487,0.20723787487,0.12979423588,0.094077191648,0.27042411687,0.23790642708,0.43209854024,0.16347025093,0.12215766539,0.0061575364501,0.43210434947,0.34843569783,0.12635996583,0.00021523356761,0.10955803445,0.46317445288,0.17716699811,0.037319903108,0.39969428855,0.43540423679,0.056207620643,0.11829226683,0.0012223978737,3.6429844381e-09,0.020048095808,0.0060571076007,0.058706567958,0.00064010249719
474.5,0.0011937031386,0.20704326971,0.20704326971,0.12960817141,0.093910388962,0.27024618547,0.23771766604,0.43202823877,0.16327574617,0.12197471066,0.0061289274598,0.43203405273,0.34829974715,0.12617522439,0.0002134746997,0.10938132424,0.46313309554,0.17697123669,0.037217301703,0.39959632792,0.43533690468,0.056077360783,0.11811108651,0.0012146344494,3.5714891864e-09,0.019979818736,0.0060288499049,0.058573161174,0.00063560268209
475.0,0.0011861023038,0.20684884728,0.20684884728,0.12942237359,0.093743881989,0.27006837113,0.2375290547,0.43195794873,0.16308147276,0.12179202984,0.0061004513908,0.43196376743,0.34816384947,0.12599075295,0.00021173020507,0.10920489893,0.46309174189,0.17677569148,0.037114982336,0.3994983913,0.43526958299,0.055947402727,0.11793018359,0.0012069203298,3.5013970789e-09,0.019911774161,0.0060007240335,0.05844005743,0.00063113449974
475.5,0.0011785498664,0.20665460741,0.20665460741,0.12923684204,0.093577670204,0.26989067374,0.23734059293,0.43188767013,0.16288743043,0.12160962252,0.0060721076255,0.43189349355,0.34802800478,0.12580655109,0.00020999996625,0.10902875805,0.46305039193,0.17658036223,0.037012944233,0.39940047867,0.4352022717,0.055817745776,0.11774955766,0.0011992552017,3.432680582e-09,0.019843961293,0.0059727293715,0.058307256037,0.00062669772778
476.0,0.0011710455183,0.20646054993,0.20646054993,0.12905157637,0.093411753085,0.26971309325,0.23715228061,0.43181740296,0.16269361891,0.1214274883,0.0060438955493,0.43182323111,0.34789221305,0.12562261844,0.00020828386676,0.10885290114,0.46300904566,0.17638524871,0.036911186621,0.39930259004,0.43513497082,0.055688389232,0.11756920829,0.0011916387542,3.3653126952e-09,0.019776379342,0.0059448653069,0.058174756309,0.0006222921454
476.5,0.0011635889533,0.20626667465,0.20626667465,0.12886657621,0.093246130107,0.26953562957,0.23696411764,0.43174714722,0.16250003791,0.12124562676,0.0060158145503,0.43175298009,0.34775647427,0.12543895459,0.00020658179105,0.10867732775,0.46296770308,0.17619035068,0.036809708728,0.39920472539,0.43506768035,0.0555593324,0.11738913505,0.0011840706779,3.2992669506e-09,0.019709027522,0.0059171312304,0.058042557561,0.00061791753335
477.0,0.0011561798672,0.20607298142,0.20607298142,0.12868184117,0.093080800751,0.26935828263,0.23677610389,0.43167690291,0.16230668717,0.1210640375,0.0059878640195,0.4316827405,0.34762078842,0.12525555915,0.00020489362451,0.10850203742,0.4629263642,0.1759956679,0.036708509787,0.39910688472,0.43500040028,0.055430574586,0.11720933753,0.0011765506657,3.2345173248e-09,0.01964190505,0.0058895265356,0.057910659111,0.00061357367393
477.5,0.0011488179575,0.20587947007,0.20587947007,0.12849737087,0.092915764496,0.26918105235,0.23658823924,0.43160667002,0.16211356642,0.12088272011,0.0059600433507,0.43161251233,0.34748515546,0.12507243174,0.00020321925349,0.1083270297,0.462885029,0.17580120013,0.03660758903,0.39900906803,0.43493313061,0.055302115097,0.1170298153,0.0011690784123,3.1710385045e-09,0.019575011145,0.0058620506191,0.057779060275,0.00060926035094
478.0,0.001141502924,0.20568614041,0.20568614041,0.12831316494,0.092751020823,0.26900393865,0.23640052357,0.43153644856,0.16192067537,0.12070167418,0.0059323519406,0.43154229559,0.34734957539,0.12488957197,0.00020155856525,0.10815230413,0.4628436975,0.17560694715,0.036506945694,0.39891127531,0.43486587135,0.055173953242,0.11685056794,0.0011616536145,3.1088054432e-09,0.019508345029,0.0058347028801,0.057647760376,0.00060497734972
478.5,0.0011342344682,0.20549299229,0.20549299229,0.12812922299,0.092586569212,0.26882694146,0.23621295677,0.43146623852,0.16172801375,0.1205208993,0.0059047891887,0.43147209027,0.34721404819,0.12470697943,0.00019991144797,0.10797786026,0.46280236968,0.1754129087,0.036406579015,0.39881350655,0.43479862248,0.055046088332,0.11667159503,0.0011542759709,3.047793716e-09,0.019441905927,0.0058074827206,0.057516758733,0.00060072445712
479.0,0.0011270122935,0.20530002552,0.20530002552,0.12794554466,0.092422409147,0.2686500607,0.23602553872,0.43139603991,0.1615355813,0.12034039507,0.0058773544972,0.43140189636,0.34707857383,0.12452465374,0.00019827779076,0.10780369762,0.46276104556,0.17521908456,0.036306488233,0.39871576174,0.43473138401,0.05491851968,0.11649289615,0.001146945182,2.9879794308e-09,0.019375693065,0.0057803895455,0.05738605467,0.00059650146149
479.5,0.0011198361051,0.20510723995,0.20510723995,0.12776212955,0.09225854011,0.26847329629,0.2358382693,0.43132585271,0.16134337774,0.12016016109,0.0058500472711,0.43133171387,0.34694315228,0.12434259451,0.00019665748361,0.10762981578,0.46271972512,0.17502547448,0.036206672591,0.39861804089,0.43466415594,0.054791246599,0.11631447088,0.0011396609503,2.9293389622e-09,0.019309705674,0.0057534227626,0.057255647512,0.00059230815266
480.0,0.0011127056104,0.2049146354,0.2049146354,0.1275789773,0.092094961585,0.26829664816,0.2356511484,0.43125567693,0.1611514028,0.11998019696,0.0058228669182,0.4312615428,0.34680778354,0.12416080136,0.00019505041745,0.10745621427,0.46267840837,0.17483207823,0.036107131331,0.39852034398,0.43459693827,0.054664268405,0.1161363188,0.00113242298,2.8718493951e-09,0.019243942985,0.0057265817821,0.057125536584,0.00058814432194
480.5,0.0011056205183,0.20472221169,0.20472221169,0.12739608752,0.091931673059,0.26812011623,0.23546417589,0.43118551257,0.16095965621,0.11980050225,0.0057958128491,0.43119138314,0.34667246758,0.12397927388,0.00019345648405,0.10728289265,0.46263709532,0.17463889558,0.036007863701,0.39842267101,0.43452973098,0.054537584415,0.11595843949,0.0011252309774,2.815488081e-09,0.019178404235,0.0056998660172,0.056995721214,0.0005840097621
481.0,0.0010985805398,0.20452996867,0.20452996867,0.12721345984,0.091768674016,0.26794370042,0.23527735165,0.43111535962,0.16076813769,0.11962107659,0.005768884477,0.43112123489,0.34653720438,0.12379801171,0.00019187557611,0.10710985046,0.46259578595,0.17444592629,0.035908868947,0.39832502198,0.43446253409,0.054411193947,0.11578083255,0.0011180846505,2.7602329041e-09,0.019113088659,0.0056732748838,0.056866200732,0.00057990426739
481.5,0.0010915853876,0.20433790616,0.20433790616,0.12703109389,0.091605963944,0.26776740066,0.23509067558,0.43104521808,0.16057684697,0.11944191955,0.005742081218,0.43105109805,0.34640199392,0.12361701443,0.00019030758718,0.10693708726,0.46255448026,0.17425317012,0.035810146321,0.39822739687,0.43439534758,0.054285096323,0.11560349754,0.0011109837093,2.7060621043e-09,0.0190479955,0.0056468078006,0.056736974467,0.00057582763347
482.0,0.0010846347763,0.20414602398,0.20414602398,0.12684898929,0.09144354233,0.26759121688,0.23490414755,0.43097508795,0.16038578379,0.11926303075,0.0057154024906,0.43098097262,0.34626683618,0.12343628168,0.00018875241168,0.10676460259,0.46251317827,0.17406062684,0.035711695074,0.39812979569,0.43432817147,0.054159290862,0.11542643405,0.0011039278656,2.6529544539e-09,0.018983123999,0.0056204641888,0.056608041753,0.00057177965748
482.5,0.0010777284223,0.20395432198,0.20395432198,0.12666714567,0.091281408663,0.26741514898,0.23471776745,0.43090496923,0.16019494787,0.11908440977,0.0056888477165,0.43091085859,0.34613173114,0.12325581307,0.00018720994492,0.10659239601,0.46247187996,0.17386829622,0.03561351446,0.39803221842,0.43426100574,0.05403377689,0.11524964168,0.0010969168329,2.600888992e-09,0.018918473402,0.0055942434725,0.056479401922,0.00056776013794
483.0,0.0010708660437,0.20376279999,0.20376279999,0.12648556265,0.091119562434,0.26723919691,0.23453153515,0.43083486192,0.16000433894,0.11890605622,0.0056624163196,0.43084075597,0.34599667878,0.1230756082,0.00018568008302,0.10642046706,0.46243058534,0.17367617801,0.035515603736,0.39793466506,0.43419385039,0.05390855373,0.11507312,0.0010899503266,2.5498453793e-09,0.018854042957,0.0055681450783,0.05635105431,0.00056376887483
483.5,0.0010640473607,0.20357145782,0.20357145782,0.12630423986,0.090958003131,0.26706336058,0.23434545055,0.43076476601,0.15981395674,0.1187279697,0.0056361077267,0.43077066474,0.34586167907,0.1228956667,0.000184162723,0.10624881531,0.46238929441,0.17348427199,0.035417962159,0.3978371356,0.43412670543,0.053783620709,0.11489686859,0.0010830280641,2.4998035429e-09,0.018789831915,0.0055421684358,0.056222998254,0.0005598056695
484.0,0.0010572720949,0.20338029532,0.20338029532,0.12612317692,0.090796730248,0.26688763991,0.23415951352,0.43069468151,0.15962380099,0.11855014981,0.0056099213674,0.43070058492,0.345726732,0.12271598818,0.00018265776268,0.1060774403,0.46234800716,0.17329257792,0.035320588991,0.39773963004,0.43405957085,0.053658977156,0.11472088706,0.0010761497642,2.4507437653e-09,0.018725839528,0.0055163129769,0.056095233092,0.00055587032471
484.5,0.0010505399699,0.20318931232,0.20318931232,0.12594237347,0.090635743275,0.26671203484,0.23397372395,0.4306246084,0.15943387142,0.11837259614,0.0055838566736,0.4306305165,0.34559183754,0.12253657225,0.00018116510074,0.10590634159,0.4623067236,0.17310109556,0.035223483494,0.39764214838,0.43399244666,0.0535346224,0.11454517497,0.0010693151478,2.4026467749e-09,0.018662065052,0.0054905781363,0.055967758164,0.00055196264462
485.0,0.001043850711,0.20299850865,0.20299850865,0.12576182913,0.090475041707,0.26653654528,0.23378808172,0.43055454669,0.15924416777,0.11819530831,0.0055579130801,0.43056045947,0.34545699569,0.12235741853,0.00017968463667,0.10573551874,0.46226544372,0.17290982469,0.035126644931,0.3975446906,0.43392533284,0.053410555772,0.11436973193,0.0010625239375,2.3554937402e-09,0.018598507745,0.0054649633513,0.05584057281,0.00054808243475
485.5,0.0010372040453,0.20280788413,0.20280788413,0.12558154354,0.090314625038,0.26636117116,0.23360258671,0.43048449639,0.15905468976,0.11801828591,0.0055320900244,0.43049041384,0.3453222064,0.12217852664,0.00017821627081,0.10556497129,0.46222416753,0.17271876507,0.03503007257,0.39744725671,0.43385822939,0.053286776605,0.11419455751,0.0010557758576,2.3092660986e-09,0.018535166868,0.005439468062,0.055713676373,0.00054422950199
486.0,0.0010305997016,0.20261743861,0.20261743861,0.12540151631,0.090154492762,0.2661859124,0.23341723881,0.43041445747,0.15886543714,0.11784152855,0.0055063869462,0.4304203796,0.34518746968,0.1219998962,0.00017675990427,0.10539469881,0.46218289502,0.17252791647,0.034933765679,0.39734984668,0.43379113632,0.053163284234,0.11401965131,0.0010490706342,2.2639457311e-09,0.018472041684,0.0054140917108,0.055587068199,0.00054040365459
486.5,0.0010240374103,0.2024271719,0.2024271719,0.12522174709,0.089994644376,0.26601076893,0.2332320379,0.43034442995,0.15867640962,0.11766503582,0.0054808032883,0.43035035675,0.34505278548,0.12182152682,0.000175315439,0.10522470085,0.4621416262,0.17233727864,0.034837723528,0.39725246053,0.43372405363,0.053040077993,0.11384501292,0.0010424079951,2.2195147854e-09,0.018409131459,0.005388833743,0.055460747631,0.00053660470215
487.0,0.0010175169039,0.20223708386,0.20223708386,0.1250422355,0.089835079376,0.26583574067,0.23304698386,0.43027441382,0.15848760695,0.11748880734,0.0054553384958,0.43028034529,0.3449181538,0.12164341812,0.00017388277776,0.10505497698,0.46210036106,0.17214685137,0.034741945389,0.39715509824,0.43365698131,0.05291715722,0.11367064193,0.00103578767,2.175955766e-09,0.018346435461,0.0053636936063,0.055334714018,0.0005328324556
487.5,0.001011037916,0.2020471743,0.2020471743,0.12486298117,0.08967579726,0.26566082755,0.23286207659,0.43020440908,0.15829902885,0.11731284271,0.0054299920164,0.43021034522,0.34478357462,0.12146556973,0.00017246182407,0.10488552674,0.46205909961,0.17195663442,0.034646430538,0.39705775981,0.43358991935,0.052794521254,0.11349653793,0.00102920939,2.1332516182e-09,0.018283952961,0.005338670751,0.055208966708,0.00052908672721
488.0,0.0010046001825,0.20185744306,0.20185744306,0.12468398373,0.089516797527,0.26548602948,0.23267731595,0.43013441573,0.15811067506,0.11713714153,0.0054047633004,0.43014035653,0.34464904791,0.12128798126,0.00017105248226,0.1047163497,0.46201784184,0.17176662756,0.03455117825,0.39696044523,0.43352286777,0.052672169436,0.1133227005,0.0010226728881,2.0913855571e-09,0.018221683231,0.0053137646301,0.055083505051,0.00052536733057
488.5,0.00099820344069,0.20166788997,0.20166788997,0.12450524282,0.089358079676,0.2653113464,0.23249270184,0.43006443376,0.15792254532,0.11696170342,0.0053796518008,0.43007037922,0.34451457365,0.12111065233,0.00016965465745,0.10454744542,0.46197658776,0.17157683055,0.034456187804,0.39686315449,0.43345582655,0.052550101107,0.11314912925,0.001016177899,2.0503411496e-09,0.018159625548,0.005288974699,0.054958328399,0.00052167408056
489.0,0.00099184742947,0.20147851487,0.20147851487,0.12432675807,0.089199643207,0.26513677823,0.23230823414,0.42999446318,0.15773463935,0.11678652796,0.0053546569728,0.4300004133,0.34438015182,0.12093358256,0.00016826825552,0.10437881345,0.46193533735,0.17138724316,0.03436145848,0.3967658876,0.4333887957,0.052428315611,0.11297582376,0.0010097241592,2.0101023197e-09,0.018097779189,0.0052643004156,0.054833436105,0.00051800679338
489.5,0.00098553188953,0.20128931759,0.20128931759,0.12414852911,0.089041487623,0.26496232489,0.23212391273,0.42992450398,0.15754695689,0.11661161478,0.0053297782745,0.42993045876,0.34424578241,0.12075677159,0.00016689318312,0.10421045337,0.46189409063,0.17119786517,0.034266989561,0.39666864454,0.43332177522,0.052306812293,0.11280278364,0.0010033114065,1.9706531691e-09,0.018036143436,0.0052397412406,0.054708827523,0.00051436528653
490.0,0.00097925656319,0.20110029796,0.20110029796,0.12397055558,0.088883612424,0.26478798631,0.2319397375,0.42985455616,0.15735949767,0.11643696348,0.0053050151663,0.42986051559,0.34411146538,0.12058021901,0.00016552934767,0.10404236473,0.46185284759,0.17100869633,0.03417278033,0.3965714253,0.43325476509,0.052185590499,0.11263000846,0.00099693938075,1.9319782434e-09,0.01797471757,0.0052152966368,0.054584502009,0.00051074937877
490.5,0.00097302119439,0.20091145581,0.20091145581,0.12379283711,0.088726017114,0.26461376241,0.23175570833,0.42978461972,0.15717226143,0.11626257367,0.0052803671111,0.4297905838,0.34397720073,0.12040392447,0.00016417665735,0.1038745471,0.46181160824,0.17081973643,0.034078830076,0.39647422989,0.43318776533,0.052064649578,0.11245749783,0.00099060782326,1.894062266e-09,0.017913500878,0.00519096607,0.054460458921,0.00050715889015
491.0,0.00096682552872,0.20072279098,0.20072279098,0.12361537333,0.088568701197,0.26443965311,0.23157182511,0.42971469466,0.15698524791,0.11608844496,0.0052558335744,0.42972066339,0.34384298843,0.12022788758,0.00016283502106,0.10370700003,0.46177037256,0.17063098522,0.033985138084,0.3963770583,0.43312077593,0.051943988878,0.11228525134,0.00098431647704,1.8568904043e-09,0.017852492647,0.005166749008,0.054336697617,0.00050359364198
491.5,0.00096066931336,0.2005343033,0.2005343033,0.12343816388,0.088411664178,0.26426565835,0.23138808772,0.42964478097,0.15679845683,0.11591457695,0.0052314140242,0.42965075434,0.34370882846,0.12005210797,0.00016150434849,0.1035397231,0.46172914057,0.17044244249,0.033891703647,0.39627991051,0.43305379688,0.051823607751,0.11211326859,0.0009780650867,1.8204480921e-09,0.017791692168,0.0051426449215,0.054213217459,0.00050005345682
492.0,0.00095455229712,0.20034599261,0.20034599261,0.12326120839,0.088254905562,0.26409177805,0.23120449604,0.42957487865,0.15661188794,0.11574096926,0.0052071079308,0.42958085667,0.3435747208,0.11987658526,0.00016018455004,0.10337271586,0.46168791226,0.170254108,0.033798526055,0.39618278654,0.43298682819,0.051703505549,0.11194154917,0.00097185339849,1.7847209411e-09,0.017731098734,0.0051186532833,0.054090017807,0.00049653815849
492.5,0.00094847423042,0.20015785873,0.20015785873,0.12308450651,0.088098424857,0.26391801212,0.23102104996,0.42950498771,0.15642554097,0.1155676215,0.0051829147672,0.42951097036,0.34344066543,0.11970131907,0.00015887553684,0.10320597788,0.46164668763,0.17006598151,0.033705604604,0.39608568636,0.43291986985,0.051583681627,0.11177009268,0.00096568116028,1.7496950068e-09,0.017670711639,0.005094773569,0.053967098026,0.00049304757205
493.0,0.00094243486525,0.19996990151,0.19996990151,0.12290805787,0.087942221568,0.2637443605,0.23083774936,0.42943510813,0.15623941566,0.11539453328,0.0051588340085,0.42944109543,0.34330666232,0.11952630904,0.00015757722077,0.10303950874,0.46160546668,0.1698780628,0.033612938588,0.39598860997,0.43285292187,0.051464135339,0.11159889873,0.00095954812153,1.7153564336e-09,0.01761053018,0.0050710052564,0.053844457478,0.00048958152376
493.5,0.00093643395518,0.19978212077,0.19978212077,0.1227318621,0.087786295205,0.26357082311,0.23065459414,0.42936523992,0.15605351174,0.1152217042,0.0051348651327,0.42937123185,0.34317271147,0.11935155478,0.0001562895144,0.10287330799,0.46156424941,0.16969035165,0.033520527307,0.39589155737,0.43278598424,0.051344866044,0.1114279669,0.00095345403328,1.68169181e-09,0.017550553659,0.0050473478259,0.053722095532,0.00048613984114
494.0,0.00093047125536,0.19959451636,0.19959451636,0.12255591884,0.087630645277,0.26339739987,0.23047158416,0.42929538308,0.15586782895,0.11504913389,0.0051110076198,0.42930137964,0.34303881284,0.11917705593,0.00015501233104,0.10270737521,0.46152303581,0.16950284782,0.03342837006,0.39579452855,0.43271905696,0.051225873098,0.11125729679,0.00094739864818,1.6486878134e-09,0.017490781377,0.0050238007601,0.053600011554,0.0004827223529
494.5,0.00092454652249,0.1994070881,0.1994070881,0.12238022774,0.087475271294,0.26322409072,0.23028871933,0.4292255376,0.15568236703,0.11487682195,0.0050872609525,0.4292315388,0.34290496643,0.11900281211,0.00015374558469,0.10254170995,0.4614818259,0.16931555108,0.033336466148,0.39569752351,0.43265214002,0.051107155863,0.11108688801,0.00094138172042,1.6163315652e-09,0.017431212639,0.0050003635443,0.053478204914,0.00047932888896
495.0,0.00091865951482,0.19921983584,0.19921983584,0.12220478842,0.087320172766,0.26305089557,0.23010599952,0.42915570348,0.15549712571,0.114704768,0.0050636246158,0.42916170931,0.3427711722,0.11882882295,0.00015248919005,0.1023763118,0.46144061967,0.1691284612,0.033244814877,0.39560054224,0.43258523343,0.050988713699,0.11091674016,0.00093540300577,1.5846103645e-09,0.017371846752,0.0049770356661,0.053356674981,0.00047595928044
495.5,0.00091280999214,0.19903275939,0.19903275939,0.12202960054,0.087165349206,0.26287781435,0.22992342461,0.42908588073,0.15531210473,0.11453297166,0.0050400980971,0.42909189117,0.34263743014,0.11865508807,0.00015124306255,0.10221118032,0.46139941712,0.16894157796,0.03315341555,0.39550358473,0.43251833719,0.05087054597,0.11074685283,0.00092946226155,1.5535116879e-09,0.017312683025,0.0049538166153,0.053235421128,0.00047261335963
496.0,0.00090699771578,0.19884585861,0.19884585861,0.12185466372,0.087010800126,0.26270484699,0.22974099451,0.42901606933,0.15512730384,0.11436143253,0.0050166808861,0.4290220844,0.34250374022,0.11848160711,0.00015000711828,0.10204631508,0.46135821824,0.16875490113,0.033062267477,0.39540665098,0.43245145129,0.05075265204,0.11057722563,0.00092355924661,1.5230232802e-09,0.01725372077,0.0049307058842,0.053114442728,0.00046929096003
496.5,0.00090122244858,0.19865913332,0.19865913332,0.12167997762,0.086856525039,0.2625319934,0.22955870907,0.42894626929,0.15494272276,0.11419015023,0.004993372475,0.42895228897,0.34237010244,0.11830837969,0.00014878127401,0.10188171565,0.46131702304,0.16856843048,0.032971369965,0.39530974098,0.43238457573,0.050635031274,0.11040785816,0.00091769372134,1.4931332382e-09,0.017194959302,0.0049077029677,0.052993739155,0.00046599191627
497.0,0.00089548395488,0.19847258337,0.19847258337,0.12150554187,0.086702523461,0.26235925352,0.22937656821,0.4288764806,0.15475836124,0.11401912438,0.0049701723583,0.4288825049,0.34223651676,0.11813540544,0.00014756544722,0.10171738161,0.46127583152,0.16838216578,0.032880722328,0.39521285473,0.43231771052,0.050517683041,0.11023875002,0.00091186544765,1.4638298379e-09,0.017136397935,0.0048848073627,0.052873309787,0.00046271606419
497.5,0.00088978200054,0.19828620858,0.19828620858,0.1213313561,0.086548794906,0.26218662727,0.22919457179,0.42880670326,0.15457421902,0.1138483546,0.0049470800329,0.42881273218,0.34210298316,0.117962684,0.00014635955604,0.10155331252,0.46123464368,0.16819610681,0.032790323877,0.39511599222,0.43225085564,0.050400606709,0.11006990082,0.00090607418897,1.4351015329e-09,0.017078035991,0.0048620185687,0.052753153999,0.00045946324073
498.0,0.00088411635291,0.19810000879,0.19810000879,0.12115741998,0.086395338889,0.26201411458,0.22901271971,0.42873693728,0.15439029583,0.11367784049,0.0049240949979,0.42874297081,0.34196950163,0.117790215,0.00014516351928,0.10138950797,0.46119345952,0.16801025334,0.032700173929,0.39501915345,0.43218401109,0.050283801648,0.10990131016,0.00090031971022,1.4069370435e-09,0.017019872788,0.0048393360874,0.052633271172,0.00045623328403
498.5,0.00087848678079,0.19791398383,0.19791398383,0.12098373313,0.08624215493,0.26184171537,0.22883101185,0.42866718264,0.15420659142,0.11350758169,0.0049012167549,0.42867322079,0.34183607215,0.11761799806,0.00014397725642,0.10122596751,0.46115227903,0.16782460514,0.0326102718,0.3949223384,0.43211717689,0.05016726723,0.10973297764,0.00089460177781,1.3793252673e-09,0.016961907651,0.0048167594228,0.052513660685,0.00045302603333
499.0,0.00087289305449,0.19772813355,0.19772813355,0.1208102952,0.086089242544,0.26166942957,0.2286494481,0.42859743935,0.15402310552,0.1133375778,0.0048784448077,0.4286034821,0.3417026947,0.11744603282,0.00014280068757,0.10106269074,0.46111110221,0.16763916198,0.032520616809,0.39482554708,0.43205035301,0.050051002828,0.10956490287,0.00088892015965,1.3522553687e-09,0.016904139906,0.0047942880814,0.05239432192,0.00044984132901
499.5,0.00086733494577,0.19754245778,0.19754245778,0.12063710583,0.08593660125,0.2614972571,0.22846802834,0.42852770741,0.15383983788,0.11316782845,0.0048557786624,0.42853375477,0.34156936924,0.11727431891,0.00014163373353,0.10089967722,0.46106992908,0.16745392364,0.032431208276,0.39472877948,0.43198353947,0.049935007817,0.10939708545,0.00088327462512,1.3257167782e-09,0.016846568879,0.0047719215717,0.052275254261,0.00044667901258
500.0,0.00086181222783,0.19735695636,0.19735695636,0.12046416467,0.085784230569,0.26132519789,0.22828675245,0.42845798681,0.15365678824,0.11299833325,0.0048332178275,0.42846403877,0.34143609578,0.11710285596,0.00014047631571,0.10073692653,0.46102875962,0.1672688899,0.032342045526,0.39463203558,0.43191673626,0.049819281573,0.10922952499,0.00087766494504,1.2996990154e-09,0.016789193903,0.0047496594048,0.052156457092,0.00044353892665
500.5,0.00085632467534,0.19717162911,0.19717162911,0.12029147136,0.085632130021,0.26115325186,0.22810562034,0.42838827755,0.15347395633,0.11282909182,0.0048107618137,0.42839433411,0.34130287428,0.11693164361,0.0001393283562,0.10057443824,0.46098759383,0.16708406052,0.032253127881,0.3945353154,0.43184994338,0.049703823473,0.1090622211,0.00087209089172,1.2741918663e-09,0.016732014308,0.0047275010939,0.052037929799,0.00044042091496
