Time,CYP3A4_2_OCT_N,CYP3A4_3_OCT_N,CYP3A4_4_OCT_N,CYP3A4_5_OCT_N,CYP3A4_7_OCT_N,CYP3A4_8_OCT_N,CYP3A4_9_OCT_N,CYP3A4_10_OCT_N,CYP3A4_11_OCT_N,CYP3A4_12_OCT_N,CYP3A4_13_OCT_N,CYP3A4_14_OCT_N,CYP3A4_15_OCT_N,CYP3A4_16_OCT_N,CYP3A4_17_OCT_N,CYP3A4_18_OCT_N,CYP3A4_19_OCT_N,CYP3A4_20_OCT_N,CYP3A4_21_OCT_N,CYP3A4_23_OCT_N,CYP3A4_24_OCT_N,CYP3A4_28_OCT_N,CYP3A4_29_OCT_N,CYP3A4_31_OCT_N,CYP3A4_32_OCT_N,CYP3A4_33_OCT_N,CYP3A4_34_OCT_N
0.0,80.0,80.0,80.0,80.0,80.0,80.0,80.0,80.0,80.0,80.0,80.0,80.0,80.0,80.0,80.0,80.0,80.0,80.0,80.0,80.0,80.0,80.0,80.0,80.0,80.0,80.0,80.0
0.5,78.785268224,78.714744972,78.66604081,78.825143069,78.805972757,78.894709428,78.749563739,78.705588768,78.262777099,78.894710819,78.862878908,78.710704012,77.94709768,78.689152759,78.904930074,78.76169048,78.526583028,78.883207281,78.895832155,78.588264466,78.700726764,78.047023561,77.646351856,78.434268701,78.261006416,78.594946881,78.022798099
1.0,77.58922773,77.450530023,77.354824092,77.667710118,77.629973304,77.804736682,77.518990743,77.432532649,76.564941957,77.804739422,77.742022808,77.442586855,75.950276804,77.400231956,77.824879751,77.542842232,77.081147657,77.782071434,77.806949234,77.202126466,77.422976866,76.144249344,75.371305236,76.900286069,76.561483372,77.215239368,76.097292139
1.5,76.411587014,76.207004262,76.065953612,76.527440089,76.471726219,76.729868695,76.307960347,76.180472502,74.905565236,76.729872746,76.637197464,76.195294013,74.007918162,76.132863327,76.75964249,76.3431447,75.663146743,76.696371897,76.733138897,75.841109592,76.166386736,74.290325129,73.171963208,75.397386516,74.900498527,75.860408332,74.222060521
2.0,75.252059183,74.983822763,74.799040191,75.40407588,75.330960344,75.669895382,75.11615715,74.949055348,73.283740362,75.669900705,75.548172041,74.968477021,72.118451693,74.886679129,75.709014598,75.162292363,74.272044148,75.62589123,75.674191766,74.504746536,74.930599068,72.48393672,71.045544749,73.924918856,73.2771424,74.529993549,72.395722587
2.5,74.110361881,73.780646458,73.553701575,74.297364283,74.207408711,74.624609592,73.943270923,73.737934257,71.698582944,74.62461615,74.474719053,73.761793355,70.28035492,73.661318022,74.672795198,73.99998465,72.907314511,74.570415076,74.629901386,73.192578903,73.715262708,70.723806829,68.989379767,72.482245989,71.690527792,73.223543526,70.616937383
3.0,72.986217216,72.597142037,72.329562312,73.207055922,73.100808485,73.59380707,72.78899653,72.546768242,70.149230213,73.593814825,73.416614314,72.574906331,68.492151443,72.456424955,73.650786183,72.855925862,71.568443027,73.529732115,73.600064182,71.904157044,72.520032547,69.008694006,67.000904347,71.068744582,70.139789219,71.940615332,68.884402469
3.5,71.879351688,71.432981849,71.126253622,72.1329052,72.010900892,72.577286414,71.653033836,71.375222158,68.634840473,72.57729533,72.373636894,71.407485003,66.752409478,71.271651055,72.642792181,71.729825087,70.254925226,72.503634022,72.58447942,70.639039882,71.344569418,67.337391582,65.077656219,69.683804765,68.624082362,70.680774433,67.196852766
4.0,70.789496119,70.287843803,69.943413284,71.074670235,70.937431157,71.574849037,70.535087628,70.222966597,67.15459257,71.574859078,71.345569064,70.259204065,65.059740442,70.106653518,71.648620514,70.621396126,68.966266763,71.491915419,71.582949168,69.396794743,70.188539983,65.708726661,63.217270429,68.32682983,67.142583531,69.443594523,65.553059435
4.5,69.716385582,69.161411273,68.78068551,70.032112808,69.880148445,70.586299125,69.434867531,69.089677789,65.707685369,70.586310257,70.332196255,69.12974375,63.412797592,68.961095498,70.668081165,69.530357413,67.701983207,70.494373842,70.595278255,68.176997195,69.05161664,64.121559131,61.417475208,66.997235939,65.694489142,68.228657372,63.951828794
5.0,68.659759337,68.053373001,67.637720833,69.004998302,68.838805793,69.6114436,68.352087927,67.975037505,64.293337252,69.611455789,69.33330701,68.018789735,61.810274704,67.834646005,69.700986738,68.456431938,66.461599836,69.510809689,69.621274232,66.979230883,67.933477417,62.574780715,59.676088027,65.694451836,64.279015208,67.035552664,62.392001271
5.5,67.619360757,66.963423007,66.514175987,67.993095652,67.813160056,68.650092082,67.286467877,66.878732957,62.910785624,68.650105294,68.348692936,66.926033047,60.250904792,66.726979799,68.747152421,67.399347172,65.244651441,68.541026189,68.660747334,65.803087376,66.833805875,61.067314041,57.991011832,64.41791857,62.895396845,65.863877845,60.872450381
6.0,66.594937269,65.891260495,65.4097138,66.996177287,66.802971841,67.702056847,66.237731042,65.800456707,61.55928643,67.702071051,67.378148664,65.851169969,58.733458882,65.63777729,67.806395954,66.358834996,64.050682124,67.584829355,67.713510444,64.648166008,65.752291009,59.598111749,56.36023144,63.167089218,61.542887787,64.713237971,59.392081745
6.5,65.586240286,64.836589768,64.324003081,66.014019076,65.808005454,66.767152795,65.205605606,64.73990657,60.238113694,66.767167959,66.421471801,64.793901952,57.256744807,64.566724434,66.878537588,65.334631626,62.87924511,66.642027945,66.779379055,63.51407373,64.688627158,58.166155616,54.781810113,61.941428622,60.220759921,63.583245563,57.949832133
7.0,64.593025142,63.799120134,63.25671851,65.046400279,64.828028837,65.84519741,64.189824202,63.696785523,58.946559058,65.845213503,65.478462886,63.753935519,55.819606061,63.513512638,65.963400057,64.326477541,61.729902559,65.712433426,65.85817123,62.400424957,63.642513903,56.770455715,53.253886267,60.740413124,58.928302826,62.473520461,56.544668539
7.5,63.615051031,62.778565824,62.207540534,64.093103491,63.862813515,64.936010724,63.190123837,62.67080162,57.683931344,64.936027715,64.54892535,62.730982185,54.420920679,62.477838662,65.060808536,63.334117415,60.602225383,64.795859934,64.949707572,61.306841428,62.613655983,55.410049595,51.774670339,59.563530314,57.664823326,61.383689682,55.175587282
8.0,62.652080944,61.774645904,61.176155262,63.153914595,62.912134538,64.039415282,62.206245821,61.661667896,56.449556116,64.039433142,63.632665473,61.724758364,53.059600154,61.459404527,64.170590612,62.35730005,59.495793063,63.892124233,64.053811183,60.232952062,61.601763202,54.084001487,50.342441793,58.410278782,56.429645062,60.313387279,53.841613141
8.5,61.703881609,60.787084194,60.162254362,62.228622708,61.975770425,63.155236106,61.237935691,60.669102284,55.242775268,63.155254806,62.72949234,60.734985287,51.734588396,60.457917416,63.292576252,61.395778301,58.410193478,63.001045681,63.170307633,59.178392813,60.606550338,52.791401535,48.955546253,57.280167869,55.222108064,59.262254212,52.541798509
9.0,60.770223432,59.815609185,59.16553496,61.317020134,61.053503113,62.283300659,60.284943144,59.692827533,54.062946607,62.283320172,61.839217802,59.761388919,50.444860716,59.473089588,62.426597765,60.449309017,57.345022726,62.122446194,62.299024922,58.14280654,59.627737058,51.531365047,47.612392768,56.172717436,54.041568339,58.229938205,51.275222578
9.5,59.850880436,58.85995396,58.185699541,60.418902312,60.145117901,61.423438816,59.347021971,58.732571116,52.909443457,61.423459113,60.961656436,58.803699874,49.189422852,58.504638287,61.572489771,59.517652971,56.299884964,61.256150204,61.439793448,57.125842869,58.665047835,50.303031771,46.311451195,55.087457627,52.887397478,57.216093622,50.040990547
10.0,58.945630206,57.91985611,57.222455855,59.534067774,59.250403395,60.575482822,58.423929979,57.788065157,51.781654273,60.575503877,60.096625504,57.861653341,47.967310022,57.552285652,60.730089174,58.600574797,55.274392233,60.40198463,60.592445974,56.127158065,57.718211858,49.105565194,45.051249699,54.023928642,51.758982253,56.220381337,48.838232856
10.5,58.054253827,56.995057664,56.275516819,58.662318092,58.369151465,59.739267265,57.515428937,56.859046342,50.678982257,59.739289051,59.243944912,56.934988996,46.777586006,56.615758632,59.899235122,57.697842929,54.268164306,59.559778837,59.75681759,55.146414896,56.786962956,47.938151856,43.83037236,52.981680518,50.655724249,55.242468606,47.666104443
11.0,57.176535834,56.085305004,55.344600423,57.803457834,57.501157182,58.914629041,56.621284499,55.945255848,49.600844996,58.914651532,58.403437178,56.023450931,45.619342261,55.6947889,59.079768982,56.809229533,53.280828522,58.729364603,58.932745689,54.183282514,55.871039513,46.800000689,42.64745689,51.960272909,49.577039485,54.282028949,46.52378402
11.5,56.312264155,55.190348797,54.429429641,56.957294518,56.64621878,58.101407321,55.741266145,55.046439255,48.546674096,58.101430493,57.574927385,55.126787577,44.491697065,54.789112772,58.27153431,55.934510451,52.312019635,57.910576087,58.120069926,53.237436329,54.97018439,45.690342381,41.501192441,50.959274877,48.522358058,53.338742022,45.410473381
12.0,55.461230053,54.309943918,53.52973234,56.123638567,55.804137598,57.299443521,54.875147119,54.16234648,47.515914837,57.299467349,56.758243149,54.244751627,43.393794686,53.898471123,57.474376813,55.073465138,51.361379664,57.103249792,57.318632191,52.308557885,54.084144844,44.608428744,40.390317517,49.97826468,47.491123786,52.412293505,44.325396718
12.5,54.623228078,53.443849379,52.645241189,55.302303265,54.974718034,56.508581267,54.022704363,53.292731693,46.508025832,56.508605728,55.953214582,53.37709996,42.32480458,53.022609306,56.688144329,54.225876606,50.42855774,56.307224533,56.528276577,51.396334745,53.212672456,43.553532116,39.313617972,49.016829575,46.482793872,51.502374984,43.267799968
13.0,53.798056013,52.591828256,51.775693579,54.49310471,54.157767499,55.72866637,53.183718455,52.437353248,45.522478692,55.728691438,55.159674253,52.523593577,41.283920615,52.161277074,55.912686791,53.391531359,49.513209963,55.522341403,55.748849349,50.500460371,52.355523053,42.524944773,38.269925097,48.074565616,45.496838567,50.608683834,42.236950177
13.5,52.985514819,51.75364762,50.920831529,53.695861778,53.35309637,54.959546787,52.357973552,51.595973611,44.558757705,54.959572441,54.377457155,51.683997521,40.270360316,51.314228502,55.147856199,52.570219345,48.614999262,54.748443742,54.980198913,49.620634011,51.512456634,41.52197836,37.258113784,47.151077465,44.532740845,49.730923115,41.232134881
14.0,52.185408588,50.929078469,50.080401612,52.910396074,52.560517939,54.201072599,51.54525733,50.768359285,43.616359521,54.201098816,53.606400667,50.858080812,39.28336414,50.481221914,54.393506594,51.761733892,47.733595249,53.985377104,54.222175786,48.756560591,50.683237297,40.543963338,36.27710078,46.245978197,43.589996086,48.868801453,40.25266151
14.5,51.397544494,50.117895662,49.254154863,52.136531893,51.779848373,53.453095975,50.745360924,49.954280743,42.694792842,53.453122734,52.846344521,50.045616378,38.322194773,49.6620198,53.649494026,50.965871657,46.868674092,53.232989227,53.474632568,47.907950596,49.86763317,39.590248449,35.325843002,45.35888912,42.668111769,48.022032941,39.297856805
15.0,50.621732739,49.319877847,48.441846709,51.37409618,51.010906669,52.715471148,49.958078871,49.153512356,41.793578127,52.715498427,52.097130765,49.246380985,37.386136445,48.856388754,52.915676531,50.182432568,46.019918374,52.491129999,52.737423911,47.074519972,49.065416336,38.660200199,34.403335937,44.489439594,41.766607169,47.19033703,38.36706626
15.5,49.857786509,48.534807404,47.643236881,50.622918486,50.253514605,51.988054381,49.183209056,48.365832331,40.912247298,51.98808216,51.358603735,48.460155177,36.474494271,48.064099391,52.191914098,49.411219775,45.187016965,51.75965143,52.010406489,46.255990014,48.27636277,37.753202347,33.508612102,43.637266851,40.885013067,46.373438427,37.45965357
16.0,49.105521925,47.762470373,46.858089342,49.882830933,49.507496702,51.270703943,48.420552651,47.591022639,40.050343458,51.270732201,50.630610014,47.686723201,35.586593615,47.284926282,51.478068645,48.652039594,44.369664894,51.038407621,51.293438976,45.452087268,47.500252266,36.86865542,32.640739572,42.802015827,40.022871465,45.571066995,36.575000111
16.5,48.364757996,47.002656398,46.08617221,49.153668172,48.772680177,50.563280077,47.669914069,46.828868953,39.20742061,50.563308794,49.912998405,46.925872954,34.721779468,46.518647886,50.774003993,47.904701456,43.567563223,50.327254735,50.58638201,44.662543424,46.736868375,36.00597624,31.798820572,41.983338991,39.179735303,44.782957651,35.712504417
17.0,47.635316572,46.25515866,45.32725768,48.435267343,48.048894905,49.865644975,46.931100902,46.079160583,38.383043392,49.865674132,49.205619898,46.177395912,33.87941585,45.765046474,50.079585839,47.169017856,42.780418927,49.626050965,49.889098169,43.88709522,45.985998336,35.164597455,30.981990126,41.18089618,38.355168194,44.008850273,34.871581693
17.5,46.917022303,45.519773819,44.581121957,47.727468041,47.335973374,49.17766275,46.203923874,45.341690412,37.576786814,49.177692328,48.508327633,45.441087074,33.058885235,45.023908072,49.394681727,46.444804303,42.007944769,48.934656509,49.201451947,43.125484346,45.247433015,34.3439671,30.189414766,40.394354438,37.548744156,43.248489602,34.051663323
18.0,46.209702587,44.796301955,43.847545176,47.030112277,46.633750649,48.499199409,45.488196787,44.616254836,36.788235998,48.49922939,47.820976877,44.716744895,32.259587982,44.295022387,48.719161029,45.731879273,41.249859187,48.252933539,48.523309721,42.377457344,44.520966839,33.543548157,29.420291293,39.623387861,36.760047358,42.50162515,33.252196409
18.5,45.513187535,44.084546507,43.126311339,46.343044439,45.942064324,47.830122826,44.78373647,43.902653703,36.016985933,47.830153192,47.143424985,44.004171235,31.480941799,43.578182745,48.052894912,45.030064156,40.505886176,47.580746173,47.854539729,41.64276552,43.806397738,32.762818134,28.67384559,38.867677438,35.988671867,41.768011109,32.472643315
19.0,44.82730992,43.384314219,42.41720824,45.666111257,45.260754492,47.170302716,44.09036273,43.200690254,35.26264123,47.170333449,46.475531374,43.303171294,30.722381213,42.87318603,47.395756319,44.339183212,39.775755178,46.917960447,47.195012043,40.921164848,43.103527079,32.001268658,27.949331486,38.126910908,35.234221405,41.047406261,31.712481226
19.5,44.151905141,42.695415078,41.720027401,44.999161772,44.589663699,46.519610611,43.4078983,42.51017106,34.524815885,46.519641694,45.817157493,42.613553555,29.98335706,42.179832617,46.747619942,43.659063523,39.059200968,46.264444291,46.544598543,40.212415882,42.412159612,31.258405075,27.246029668,37.400782605,34.49630911,40.339573888,30.971201724
20.0,43.486811175,42.017662263,41.034564004,44.342047291,43.92863691,45.877919829,42.736168796,41.830905971,33.803133047,45.877951246,45.168166792,41.935129732,29.263335997,41.497926315,46.108362199,42.989534949,38.355963548,45.620067498,45.903172892,39.516283666,41.732103406,30.533746068,26.563246637,36.688993319,33.774557306,39.64428169,30.248310369
20.5,42.831868541,41.350872091,40.360616821,43.694621364,43.277521469,45.245105458,42.075002664,41.162708054,33.097224797,45.245137192,44.528424693,41.267714709,28.561800017,40.827274303,45.477861208,42.330430076,37.665788041,44.9847017,45.270610509,38.832537651,41.063169796,29.826823276,25.900313707,35.991250154,33.068597274,38.961301699,29.543326301
21.0,42.186920258,40.69486396,39.697988157,43.056739739,42.636167063,44.621044324,41.424231136,40.505393543,32.406731924,44.621076358,43.89779856,40.61112649,27.878245992,40.167687074,44.855996766,41.681584182,36.988424589,44.358220339,44.646788549,38.16095161,40.405173323,29.137180937,25.256586046,35.307266392,32.378069036,38.290410192,28.855781853
21.5,41.551811806,40.049460298,39.046483782,42.428260338,42.004425686,44.005614966,40.783688183,39.858781777,31.731303713,44.005647287,43.276157677,39.965186143,27.212185221,39.518978376,44.242650324,41.042835184,36.323628248,43.740498646,44.031585874,37.501303549,39.75793168,28.464375532,24.631441758,34.636761357,31.702621136,37.631387619,28.185222165
22.0,40.926391083,39.414486509,38.40591287,41.809043216,41.382151602,43.39869762,40.153210473,39.222695153,31.070597741,43.398730212,42.663373209,39.329717749,26.563143001,38.880965153,43.637704965,40.414023599,35.67115889,43.131413611,43.424883033,36.853375634,39.121265658,27.807975442,24.024281002,33.979460283,31.041910434,36.984018514,27.531204824
22.5,40.310508373,38.789770929,37.776087938,41.198950534,40.769201312,42.800174186,39.532637319,38.596959071,30.424279665,42.800207034,42.059318187,38.704548347,25.930658201,38.253467491,43.041045381,39.794992501,35.030781108,42.530843961,42.826562234,36.216954106,38.494999091,27.167560617,23.434525143,33.33509419,30.395601899,36.348091422,26.893299508
23.0,39.704016302,38.175144766,37.156824786,40.597846526,40.165433514,42.209928211,38.921810644,37.98140188,29.792023033,42.209961301,41.46386747,38.089507889,25.314282859,37.636308566,42.452557851,39.185587482,34.402264116,41.938670134,42.236507325,35.591829205,37.878958804,26.542722251,22.861615949,32.703399752,29.763368414,35.723398822,26.271087635
23.5,39.106769805,37.57044206,36.547942441,40.005597466,39.570709076,41.627844863,38.320574933,37.375854833,29.173509087,41.62787818,40.876897726,37.484429184,24.713581786,37.029314581,41.87213022,38.585656605,33.785381662,41.354774255,41.654603771,34.977795091,37.27297456,25.93306247,22.305014806,32.084119181,29.144890581,35.109737051,25.664162036
24.0,38.518626087,36.975499628,35.949263094,39.422071636,38.984890998,41.053810908,37.728777192,36.78015203,28.568426573,41.05384444,40.298287403,36.889147854,24.128132183,36.432314723,41.299651874,37.995050369,33.17991193,40.779040112,41.080738626,34.374649772,36.676879013,25.338194025,21.764201977,31.477000101,28.539856529,34.506906233,25.072126623
24.5,37.939444588,36.390157021,35.360612048,38.847139299,38.40784438,40.487714691,37.146266906,36.194130373,27.976471563,40.487748423,39.727916701,36.303502282,23.557523275,35.845141105,40.735013725,37.413621668,32.585637455,40.211353132,40.514800517,33.782195027,36.090507651,24.757740002,21.238675886,30.881795435,27.947961737,33.914710202,24.494596079
25.0,37.369086948,35.814256476,34.78181766,38.280672666,37.839436386,39.92944611,36.572896,35.617629519,27.397347273,39.92948003,39.165667549,35.727333567,23.001355946,35.267628716,40.178108182,36.84122575,32.002345035,39.65160036,39.956679621,33.200236339,35.513698756,24.191333526,20.727952431,30.298263289,27.368908846,33.332956436,23.931195549
25.5,36.807416971,35.247642869,34.212711289,37.722545869,37.279536221,39.378896595,36.008518794,35.050491828,26.83076389,39.37893069,38.611423582,35.160485477,22.459242399,34.699615371,39.628829138,36.277720183,31.42982564,39.099670431,39.406267638,32.628582817,34.946293348,23.638617489,20.231564327,29.726166841,26.802407492,32.761455986,23.381560344
26.0,36.25430059,34.690163672,33.653127237,37.172634929,36.728015087,38.835959089,35.452991971,34.492562321,26.276438402,38.835993348,38.06507011,34.602804404,21.930805811,34.140941663,39.087071942,35.722964811,30.867874338,38.555453553,38.863457778,32.067047131,34.38813514,23.099244279,19.749060471,29.165274227,26.24817413,32.200023408,22.845335653
26.5,35.709605837,34.141668906,33.102902705,36.630817729,36.184746164,38.300528026,34.906174533,33.943688632,25.73409443,38.300562435,37.5264941,34.054139316,21.415680017,33.591450913,38.552733386,35.176821726,30.316290201,38.018841482,38.328144733,31.515445445,33.839070496,22.57287551,19.280005339,28.615358441,25.705931873,31.648476697,22.322176261
27.0,35.173202803,33.602011102,32.561877732,36.096973985,35.649604571,37.772499306,34.367927761,33.403720965,25.203462074,37.772533855,36.995584147,33.514341718,20.913509185,33.05098912,38.025711681,34.63915522,29.774876235,37.4897275,37.80022466,30.973597347,33.298948377,22.059181777,18.823978403,28.076197223,25.175410324,31.10663722,21.811746284
27.5,34.644963614,33.071045253,32.029895153,35.570985219,35.122467338,37.251770282,33.838115184,32.872512045,24.684277747,37.251804959,36.472230454,32.983265605,20.423947514,32.51940492,37.505906436,34.109831761,29.243439292,36.968006395,37.279595158,30.441325787,32.767620305,21.557842398,18.380573571,27.547572961,24.656345424,30.574329653,21.313718897
28.0,34.124762391,32.548628777,31.506800542,35.05273473,34.60321338,36.738239732,33.316602538,32.349917082,24.176284029,36.738274526,35.956324806,32.46076742,19.946658939,31.996549536,36.993218645,33.588719947,28.72179,36.453574435,36.766155252,29.918457007,32.244940309,21.06854518,17.94939865,27.029272591,24.148479294,30.051381919,20.827776086
28.5,33.612475222,32.034621472,30.992442168,34.542107571,34.091723463,36.231807845,32.803257728,31.835793722,23.679229512,36.231842745,35.447760549,31.946706013,19.481316838,31.482276733,36.487550661,33.075690482,28.209742682,35.946329354,36.259805367,29.404820487,31.730764893,20.59098618,17.530074835,26.521087497,23.651560087,29.537625126,20.353608394
29.0,33.107980133,31.528885478,30.486670944,34.038990516,33.587880177,35.732376197,32.297950797,31.33000201,23.192868658,35.732411194,34.946432566,31.440942599,19.027603758,30.976442775,35.98880618,32.570616131,27.707115286,35.446170326,35.760447315,28.900248876,31.224952983,20.124869483,17.122236209,26.022813414,23.165341843,29.032893506,19.890914685
29.5,32.61115705,31.031285235,29.989340382,33.543272041,33.091567909,35.239847737,31.800553887,30.832404343,22.716961655,35.239882819,34.452237256,30.943340719,18.585211146,30.478906381,35.496890223,32.073371696,27.213729308,34.952997947,35.267984271,28.404577932,30.727365893,19.669906975,16.725529271,25.53425034,22.689584342,28.537024357,19.439401906
30.0,32.121887779,30.541687447,29.500306546,33.054842291,32.602672815,34.754126759,31.310941207,30.342865437,22.251274282,34.754161918,33.96507251,30.453766199,18.153839081,29.989528681,35.011709118,31.583833976,26.729409726,34.466714212,34.782320755,27.917646469,30.237867278,19.225818133,16.33961248,25.055202438,22.224052969,28.049857981,18.998784863
30.5,31.640055966,30.059961039,29.019428006,32.573593061,32.12108279,34.275118894,30.828988997,29.861252282,21.795577767,34.275154119,33.48483769,29.972087111,17.733196028,29.508173178,34.533170481,31.10188174,26.253984925,33.987222499,34.303362615,27.439296292,29.756323099,18.792329815,15.964155814,24.585477951,21.768518579,27.571237633,18.568786
31.0,31.165547077,29.585977125,28.546565795,32.099417767,31.646687443,33.802731082,30.354575496,29.387434104,21.349648664,33.802766364,33.011433609,29.498173736,17.322998584,29.034705701,34.061183197,30.62739569,25.787286632,33.514427548,33.831017007,26.969372142,29.282601577,18.369176057,15.598840352,24.124889111,21.322757361,27.101009461,18.149135185
31.5,30.698248362,29.119608965,28.081583364,31.632211425,31.179378072,33.336871559,29.88758091,28.921282327,20.913268718,33.336906889,32.54476251,29.031898524,16.922971247,28.568994368,33.595657405,30.160258433,25.329149849,33.04823544,33.365192375,26.507721643,28.816573162,17.956097879,15.243357869,23.673252055,20.886550711,26.639022455,17.7395695
32.0,30.238048831,28.660731932,27.624346538,31.171870622,30.719047636,32.877449838,29.427887377,28.462670538,20.486224743,32.877485207,32.084728042,28.573136062,16.532846183,28.110909548,33.13650448,29.700354451,24.879412786,32.588553579,32.905798437,26.054195243,28.358110488,17.552843088,14.897410443,23.230386745,20.459685109,26.185128386,17.339833045
32.5,29.784839225,28.209223478,27.174723477,30.718293495,30.265590728,32.424376689,28.975378938,28.011474445,20.068308499,32.424412088,31.631235244,28.12176303,16.152362997,27.660323816,32.683637014,29.247570067,24.437916799,32.135290675,32.452746165,25.608646164,27.907088338,17.159166099,14.560710088,22.796116877,20.041951993,25.739181762,16.949676737
33.0,29.338511989,27.764963092,26.732584631,30.271379709,29.818903552,31.977564124,28.529941504,27.567571843,19.659316573,31.977599545,31.18419052,27.677658171,15.781268523,27.21711192,32.236968802,28.801793417,24.004506326,31.688356722,32.005947767,25.170930346,27.463383607,16.774827753,14.232978391,22.37026981,19.633147641,25.301039772,16.568858122
33.5,28.898961244,27.327832272,26.297802703,29.831030431,29.378883898,31.536925379,28.091462827,27.130842581,19.259050266,31.536960814,30.743501626,27.240702256,15.41931661,26.781150742,31.796414824,28.362914422,23.579028824,31.247662985,31.565316669,24.740906398,27.026875266,16.399595137,13.913946164,21.952676483,19.233073054,24.870562235,16.197141191
34.0,28.466082761,26.897714489,25.870252605,29.397148308,28.945431117,31.102374895,27.659832469,26.701168523,18.867315472,31.102410336,30.309077642,26.810778047,15.066267915,26.352319258,31.361891229,27.930824758,23.161334713,30.813121976,31.130767503,24.318435546,26.597444324,16.033241421,13.603353122,21.543171339,18.841533843,24.447611552,15.8342962
34.5,28.039773935,26.474495153,25.449811422,28.969637446,28.518446097,30.673828306,27.234941771,26.278433515,18.483922579,30.673863745,29.880828959,26.387770262,14.721889713,25.930498507,30.933315317,27.505417827,22.75127731,30.38464744,30.702216084,23.903381584,26.174973799,15.675545685,13.300947551,21.141592252,18.45834012,24.032052656,15.480099497
35.0,27.619933761,26.058061578,25.036358372,28.548403387,28.097831236,30.251202415,26.816683827,25.862523351,18.10868635,30.251237846,29.458667259,25.971565546,14.385955698,25.51557155,30.510605528,27.086588727,22.348712779,29.962154337,30.279579397,23.495610824,25.759348676,15.326292766,13.006486013,20.747780451,18.083306385,23.623752964,15.134333351
35.5,27.206462806,25.648302954,24.62977477,28.133353086,27.683490426,29.834415185,26.40495345,25.45332574,17.741425827,29.834450599,29.042505494,25.562052435,14.058245798,25.107423438,30.093681419,26.674234232,21.95350007,29.545558825,29.862775578,23.094992051,25.350455878,14.985273096,12.719733044,20.36158045,17.716251427,23.222582334,14.79678579
36.0,26.799263186,25.245110315,24.229943988,27.724394892,27.275329022,29.423385718,25.999647153,25.050730274,17.381964222,29.423421109,28.632257868,25.159121326,13.738545999,24.705941176,29.682463656,26.268252757,21.565500863,29.13477824,29.451723903,22.701396473,24.94818423,14.652282551,12.440460872,19.982839978,17.356998216,22.828413012,14.467250442
36.5,26.398238539,24.848376502,23.836751419,27.321438525,26.873253827,29.018034241,25.60066311,24.654628392,17.030128825,29.018069602,28.227839823,24.762664443,13.426648164,24.31101369,29.276873994,25.868544334,21.184579517,28.729731086,29.046344767,22.314697677,24.552424431,14.327122306,12.168449145,19.611409909,17.005373806,22.441119594,14.14552638
37.0,26.003294006,24.45799614,23.450084445,26.924395056,26.477173061,28.61828209,25.207901137,24.264913357,16.685750896,28.618317414,27.829168013,24.372575806,13.122349868,23.922531793,28.876835263,25.475010588,20.810603014,28.330337011,28.646559669,21.934771583,24.163069014,14.009598689,11.903484668,19.247144197,16.661209238,22.060578979,13.831417968
37.5,25.614336202,24.073865602,23.069832397,26.533176888,26.086996347,28.224051694,24.821262662,23.881480213,16.348665581,28.224086974,27.436160297,23.988751206,12.825454232,23.540388155,28.482271355,25.087554709,20.443440905,27.936516795,28.2522912,21.561496402,23.780012324,13.699523045,11.645361151,18.889899809,16.32433944,21.686670323,13.524734721
38.0,25.231273196,23.695882983,22.695886524,26.147697732,25.702634685,27.835266561,24.440650699,23.504225765,16.018711813,27.835301792,27.048735711,23.611088166,12.535769761,23.164477264,28.093107207,24.706081428,20.082965266,27.548192334,27.863463024,21.194752589,23.403150479,13.396711596,11.393878966,18.539536662,15.994603141,21.319275,13.225291159
38.5,24.854014487,23.323948069,22.328139956,25.767872593,25.324000433,27.451851261,24.065969823,23.133048544,15.695732221,27.451886437,26.666814458,23.239485918,12.253110195,22.794695404,27.709268786,24.330496989,19.72905064,27.165286623,27.479999867,20.834422804,23.032381345,13.100985312,11.148844913,18.19591756,15.671842774,20.958276562,12.932906673
39.0,24.482470981,22.957962311,21.966487674,25.393617743,24.951007283,27.073731415,23.697126142,22.767848778,15.379573049,27.073766529,26.290317888,22.873845372,11.977294351,22.430940616,27.330683079,23.96070913,19.381573993,26.78772374,27.101827497,20.48039187,22.667604501,12.812169783,10.910071995,17.85890813,15.355904392,20.603560692,12.647405386
39.5,24.116554971,22.597828791,21.610826475,25.024850709,24.583570243,26.700833674,23.334027276,22.408528364,15.07008406,26.700868721,25.919168483,22.51406909,11.708145985,22.073112672,26.957278074,23.596627054,19.040414664,26.415428832,26.728872714,20.132546728,22.308721216,12.530095096,10.677379201,17.528376768,15.04663758,20.255015169,12.368616029
40.0,23.75618011,22.243452203,21.261054941,24.66149025,24.221605619,26.33308571,22.976582328,22.054990839,14.767118462,26.333120685,25.55328984,22.160061252,11.445493646,21.721113042,26.588982751,23.238161408,18.705454318,26.048328099,26.361063334,19.790776403,21.955634414,12.25459571,10.450591299,17.204194573,14.74389537,19.912529827,12.096371811
40.5,23.401261397,21.894738818,20.917073408,24.30345634,23.865030987,25.970416201,22.624701861,21.707141354,14.470532818,25.970451099,25.192606652,21.811727634,11.18917054,21.374844868,26.225727062,22.885224259,18.376576901,25.686348781,25.998328174,19.454971962,21.60824865,11.985510344,10.229538636,16.886235297,14.447534163,19.575996516,11.830510296
41.0,23.05171515,21.551596461,20.578783931,23.950670148,23.513765182,25.612754815,22.278297878,21.364886641,14.180186975,25.61278963,24.837044699,21.468975581,10.939014397,21.034212933,25.867441925,22.537729071,18.053668594,25.32941914,25.64059704,19.125026472,21.26647008,11.722681856,10.014056943,16.574375281,14.157413643,19.245309065,11.570873288
41.5,22.707458986,21.213934486,20.246090262,23.603054022,23.167728274,25.260032197,21.937283793,21.028134992,13.895943976,25.260066924,24.486530825,21.131713977,10.694867344,20.699123633,25.514059206,22.195590682,17.736617769,24.977468447,25.28780071,18.800834971,20.930206434,11.465957139,9.8039871488,16.268493407,13.873396705,18.920363247,11.317306711
42.0,22.368411805,20.881663747,19.91889781,23.26053147,22.82684155,24.912179956,21.601574412,20.696796232,13.617669994,24.912214591,24.140992927,20.79985322,10.456575778,20.369484949,25.165511705,21.858725283,17.425314944,24.630426969,24.939870925,18.48229442,20.599366989,11.215187009,9.599175204,15.968471041,13.595349375,18.601056736,11.069660498
42.5,22.034493763,20.554696574,19.597113621,22.923027142,22.491027497,24.569130651,21.271085906,20.370781689,13.345234252,24.569165188,23.800359936,20.473305198,10.223990243,20.04520642,24.821733147,21.527050396,17.119652745,24.288225955,24.596740372,18.169303678,20.273862542,10.970226101,9.3994719062,15.674191981,13.323140738,18.287289078,10.827788485
43.0,21.705626257,20.23294675,19.280646341,22.590466815,22.160209779,24.230817778,20.945735793,20.050004171,13.078508951,24.230852214,23.464561809,20.151983264,9.9969653158,19.726199116,24.482658168,21.200484851,16.81952586,23.950797619,24.258342671,17.861763455,19.953605387,10.730932766,9.2047327346,15.385542404,13.056642862,17.978961654,10.591548298
43.5,21.381731905,19.916329484,18.969406195,22.262777373,21.834313223,23.897175757,20.625442917,19.73437794,12.817369203,23.897210086,23.133529505,19.835802209,9.7753594901,19.412375612,24.148222301,20.878948767,16.524830998,23.61807513,23.924612365,17.559576287,19.638509286,10.497168976,9.0148176906,15.10241082,12.795730734,17.675977645,10.360801256
44.0,21.062734525,19.604761388,18.663304954,21.939886791,21.5132638,23.568139918,20.310127419,19.423818691,12.56169296,23.568174137,22.807194978,19.524678237,9.559035065,19.10364996,23.818361963,20.562363529,16.235466855,23.289992595,23.595484904,17.262646496,19.328489445,10.268800219,8.8295911431,14.824688017,12.540282184,17.378241998,10.13541227
44.5,20.748559117,19.298160453,18.362255911,21.621724123,21.196988608,23.243646489,19.999710724,19.118243519,12.311360947,23.243680594,22.485491159,19.218528946,9.3478580382,18.799937667,23.493014447,20.250651771,15.951334067,22.966485049,23.270896632,16.970880159,19.023462489,10.045695417,8.6489216808,14.552267019,12.290177822,17.085661393,9.915249743
45.0,20.439131846,18.996446026,18.066173851,21.308219479,20.885415852,22.923632587,19.694115517,18.817570907,12.066256597,22.923666573,22.168351942,18.917273299,9.1416980012,18.501155667,23.172117905,19.943737352,15.672335177,22.64748844,22.95078478,16.684185071,18.723346441,9.8277268229,8.4726819689,14.285043033,12.045300973,16.798144213,9.7001854767
45.5,20.13438002,18.699538787,17.77497503,20.999304012,20.57847483,22.608036197,19.393265719,18.521720692,11.826265989,22.608070062,21.85571217,18.620831606,8.9404280382,18.207222298,22.855611339,19.641545339,15.398374596,22.332939618,22.635087445,16.402470719,18.428060692,9.6147699412,8.3007486114,14.022913408,11.805537607,16.51560051,9.4900945805
46.0,19.834232077,18.407360728,17.488577143,20.694909903,20.276095915,22.29679617,19.097086475,18.230614046,11.59127778,22.296829909,21.547507624,18.329125494,8.7439246277,17.918057277,22.54343459,19.344001986,15.129358566,22.022776319,22.323743586,16.125648246,18.137525983,9.4067034365,8.1330020186,13.765777586,11.570776286,16.237941974,9.2848553813
46.5,19.538617561,18.119835129,17.206899303,20.394970347,19.978210538,21.989852204,18.805504125,17.944173457,11.361183154,21.989885813,21.243675005,18.042077894,8.5520675469,17.633581676,22.235528324,19.051034716,14.865195124,21.716937156,22.016693006,15.85363042,17.851664381,9.2034090518,7.9693262792,13.51353706,11.340908096,15.965081901,9.084349337
47.0,19.24746711,17.836886537,16.929862014,20.099419531,19.684751173,21.687144833,18.51844619,17.662322699,11.135875751,21.687178311,20.944151926,17.759613011,8.3647397794,17.353717901,21.931834021,18.762572102,14.605794066,21.415361603,21.713876346,15.586331606,17.570399255,9.0047715261,7.8096090367,13.266095332,11.115826588,15.696935167,8.8884609519
47.5,18.960712439,17.558440744,16.657387148,19.808192629,19.395651319,21.38861542,18.235841354,17.384986819,10.91525162,21.388648762,20.648876892,17.481656307,8.1818274249,17.078389665,21.632293966,18.478543848,14.351066914,21.117989987,21.415235068,15.323667732,17.293655253,8.8106785162,7.653741371,13.023357867,10.895427725,15.433418197,8.6970776949
48.0,18.678286317,17.284424768,16.389397918,19.521225778,19.110845485,21.09420614,17.95761944,17.112092106,10.699209157,21.094239342,20.357789294,17.208134479,8.0032196122,16.807521969,21.336851235,18.198880772,14.100926882,20.824763472,21.120711445,15.065556265,17.021358284,8.6210205184,7.5016176836,12.785232056,10.67960982,15.174448932,8.5100899199
48.5,18.400122557,17.01476683,16.125818861,19.238456068,18.830269178,20.80385997,17.683711395,16.843566079,10.487649049,20.803893031,20.070829393,16.938975437,7.8288084143,16.541041079,21.045449688,17.923514785,13.85528884,20.53562405,20.830248553,14.811916178,16.753435493,8.4356907947,7.3531355874,12.551627173,10.468273485,14.919946808,8.3273907882
49.0,18.126155998,16.749396338,15.866575806,18.959821528,18.553858881,20.517520681,17.41404927,16.57933746,10.280474223,20.517553597,19.787938305,16.674108285,7.6584887663,16.278874503,20.758033954,17.652378878,13.614069285,20.250514528,20.543790255,14.562667923,16.489815242,8.2545852989,7.2081958,12.322454335,10.261321572,14.669832722,8.1488761933
49.5,17.856322485,16.48824386,15.611595858,18.685261111,18.281552043,20.235132823,17.148566205,16.319336155,10.077589795,20.235165591,19.509057993,16.413463299,7.4921583857,16.02095097,20.474549422,17.385407102,13.377186308,19.969378517,20.261281195,14.317733404,16.230427086,8.0776026066,7.0667020411,12.097626467,10.058659127,14.424029008,7.9744446876
50.0,17.590558858,16.231241112,15.360807374,18.414714679,18.013287063,19.956641715,16.887196407,16.063493236,9.8789030152,19.956674333,19.234131255,16.15697191,7.3297176945,15.767200413,20.194942231,17.122534549,13.14455956,19.692160419,19.98266678,14.07703595,15.97520176,7.9046438457,6.9285609337,11.877058259,9.8601933338,14.18245941,7.8039974115
50.5,17.328802935,15.978320933,15.114139939,18.148122989,17.749003276,19.681993437,16.629875136,15.81174092,9.6843232188,19.682025903,18.963101705,15.904566681,7.1710697443,15.51755394,19.919159261,16.86369734,12.916110226,19.418805419,19.707893179,13.840500286,15.724071148,7.7356126295,6.7936819082,11.660666134,9.6658334664,13.945049054,7.637438024
51.0,17.070993496,15.72941727,14.871524347,17.885427684,17.488640934,19.411134817,16.376538688,15.564012548,9.4937617797,19.411167127,18.695913771,15.656181292,7.0161201433,15.271943823,19.647148118,16.608832606,12.691760992,19.149259471,19.436907305,13.608052511,15.476968276,7.5704149913,6.6619771108,11.448368207,9.475490839,13.711724424,7.4746726358
51.5,16.817070268,15.484465157,14.632892578,17.626571273,17.232141201,19.14401342,16.127124375,15.320242569,9.307132061,19.144045572,18.432512675,15.411750517,6.8647769851,15.030303471,19.37885713,16.35787847,12.471436016,18.883469289,19.169656805,13.379620069,15.233827282,7.4089593213,6.5333613143,11.240084254,9.2890787589,13.482413337,7.3156097436
52.0,16.566973909,15.2434007,14.398177779,17.371497124,16.979446129,18.880577538,15.881570512,15.080366518,9.1243493692,18.88060953,18.172844427,15.17121021,6.7169507799,14.792567414,19.114235334,16.110774035,12.255060901,18.621382336,18.906090056,13.155131724,14.994583402,7.2511563048,6.4077518325,11.035735674,9.1065124801,13.257044917,7.1601601669
52.5,16.320645998,15.006161053,14.167314243,17.120149447,16.730498652,18.620776183,15.639816398,14.844321002,8.9453309093,18.620808013,17.916855811,14.934497283,6.5725543879,14.558671284,18.853232465,15.867459365,12.042562662,18.362946811,18.646156146,12.934517537,14.759172953,7.0969188619,6.2850684374,10.835245458,8.9277091576,13.035549572,7.0082369859
53.0,16.078029015,14.772684407,13.940237387,16.872473283,16.485242568,18.364559073,15.401802302,14.612043676,8.7699957399,18.364590739,17.664494373,14.701549691,6.4315029541,14.328551794,18.59579895,15.627875472,11.833869705,18.108111642,18.389804871,12.717708842,14.52753331,6.9461620893,6.1652332796,10.638538153,8.7525878036,12.817858969,6.8597554819
53.5,15.839066329,14.54290997,13.716883735,16.628414493,16.243622529,18.111876623,15.167469447,14.383473233,8.5982647309,18.111908124,17.415708412,14.472306411,6.2937138456,14.102146721,18.341885895,15.391964297,11.628911795,17.856826475,18.136986724,12.50463822,14.299602891,6.7988032034,6.0481708113,10.445539831,8.5810692439,12.603906011,6.7146330785
54.0,15.603702186,14.316777947,13.497190897,16.38791974,16.005584023,17.862679939,14.936759994,14.158549377,8.4300605209,17.862711271,17.17044697,14.246707428,6.1591065897,13.879394887,18.091445076,15.159668702,11.427620031,17.609041662,17.887652882,12.295239478,14.07532114,6.6547614854,5.9338077117,10.256178057,8.413076076,12.393624815,6.5727892851
54.5,15.371881692,14.09422953,13.281097552,16.150936485,15.771073368,17.616920802,14.709617025,13.937212815,8.2653074765,17.616951964,16.928659818,14.02469372,6.0276028153,13.660236143,17.844428934,14.930932447,11.22992682,17.364708253,17.641755199,12.089447626,13.854628507,6.5139582269,5.8220728158,10.070381857,8.248532628,12.186950688,6.4341456414
55.0,15.143550801,13.875206876,13.068543427,15.917412969,15.540037693,17.374551663,14.485984533,13.719405234,8.1039316522,17.374582654,16.690297448,13.806207234,5.8991261945,13.444611348,17.60079056,14.705700182,11.035765851,17.123777984,17.399246197,11.887198851,13.637466433,6.3763166781,5.7128970444,9.888081691,8.0873649181,11.983820107,6.2986256642
55.5,14.918656305,13.65965309,12.859469279,15.687298203,15.31242493,17.135525634,14.265807402,13.505069288,7.9458607512,17.135556453,16.455311061,13.591190876,5.7736023869,13.232462355,17.360483689,14.483917428,10.845072071,16.886203271,17.160079055,11.688430502,13.423777332,6.2417619966,5.6062133382,9.7092094178,7.9295006158,11.784170695,6.1661547948
56.0,14.697145813,13.447512215,12.653816879,15.460541958,15.088183799,16.899796477,14.049031396,13.294148579,7.7910240873,16.899827121,16.223652559,13.379588495,5.6509589849,13.023731992,17.123462693,14.265530569,10.65778166,16.651937196,16.924207601,11.493081062,13.213504576,6.1102211982,5.5019565925,9.5336982704,7.7748690036,11.5879412,6.0366603485
56.5,14.478967747,13.238729212,12.451528993,15.237094751,14.867263795,16.667318594,13.835603143,13.086587642,7.6393525478,16.667349061,15.995274532,13.171344862,5.5311254609,12.818364046,16.889682568,14.050486832,10.473832006,16.420933501,16.691586303,11.30109013,13.006592477,5.9816231084,5.4000635954,9.3614828252,7.6234009394,11.395071478,5.9100714649
57.0,14.264071323,13.033249945,12.252549362,15.016907835,14.649615182,16.43804702,13.625470121,12.882331932,7.4907785568,16.438077311,15.77013025,12.96640566,5.4140331161,12.616303247,16.659098928,13.838734276,10.293161683,16.193146577,16.46217026,11.112398399,12.802986273,5.8558983157,5.3004729674,9.1924989748,7.4750288205,11.205502468,5.7863190604
57.5,14.052406541,12.831021168,12.056822692,14.799933189,14.435188975,16.211937415,13.418580647,12.681327803,7.3452360403,16.211967527,15.548173653,12.764717465,5.2996150301,12.41749525,16.431667997,13.630221779,10.115710427,15.968531454,16.235915193,10.926947638,12.60263211,5.732979126,5.2031251033,9.0266839008,7.3296865476,11.019176172,5.6653357811
58.0,13.843924174,12.631990506,11.86429463,14.586123505,14.223936929,15.988946054,13.214883858,12.483522498,7.2026603909,15.988975986,15.329359341,12.566227733,5.1878060129,12.221886622,16.207346598,13.424899027,9.9414191142,15.747043797,16.012777437,10.744680668,12.405477029,5.6127995181,5.1079621164,8.8639760465,7.1873094904,10.836035641,5.5470559577
58.5,13.638575752,12.436106445,11.67491175,14.375432178,14.015811532,15.769029816,13.014329704,12.28886413,7.0629884346,15.769059567,15.113642565,12.370884787,5.0785425577,12.029424826,15.986092148,13.222716496,9.7702297374,15.528639889,15.792713929,10.565541346,12.211468949,5.4952951005,5.014927784,8.7043150914,7.0478344536,10.656024947,5.4314155612
59.0,13.436313555,12.243318315,11.488621539,14.167813298,13.81076599,15.552146181,12.816868929,12.097301673,6.9261583974,15.55217575,14.900979215,12.178637797,4.9717627948,11.840058203,15.767862648,13.023625443,9.6020853859,15.313276628,15.575682207,10.389474545,12.020556653,5.3804030696,4.9239674952,8.5476419252,6.9111996438,10.479089172,5.3183521597
59.5,13.237090599,12.053576279,11.30537238,13.963221634,13.608754217,15.338253216,12.622453064,11.908784939,6.7921098733,15.338282602,14.691325817,11.98943677,4.8674064477,11.653735958,15.552616673,12.827577893,9.4369302235,15.100911519,15.361640393,10.216426134,11.832689774,5.2680621686,4.8350282003,8.3938986229,6.7773446374,10.305174386,5.2078048772
60.0,13.040860622,11.866831312,11.125113532,13.76161263,13.409730825,15.127309571,12.43103441,11.723264572,6.6607837929,15.127338774,14.484639515,11.803232536,4.7654147894,11.47040815,15.34031337,12.634526626,9.2747094675,14.89150266,15.150547192,10.046342962,11.647818781,5.1582126477,4.7480583619,8.2430284201,6.6462103489,10.134227627,5.0997143525
60.5,12.847578078,11.683035197,10.947795123,13.562942391,13.213651112,14.91927447,12.242566025,11.540692031,6.5321223925,14.919303488,14.28087807,11.619976733,4.6657306008,11.290025668,15.130912444,12.444425165,9.1153693686,14.685008739,14.94236188,9.8791728348,11.46589496,5.0507962253,4.663007908,8.0949756894,6.5177390001,9.9661968874,4.9940226999
61.0,12.65719812,11.502140504,10.773368128,13.367167674,13.020471051,14.714107702,12.057001716,11.361019574,6.4060691842,14.714136534,14.079999848,11.439621792,4.5682981295,11.112540227,14.924374153,12.257227767,8.9588571906,14.481389024,14.737044296,9.7148645041,11.286870409,4.9457560507,4.579828186,7.9496859165,6.3918740904,9.8010310925,4.8906734706
61.5,12.469676596,11.32410058,10.601784357,13.174245879,12.830147284,14.511769612,11.874296024,11.184200247,6.2825689267,14.511798257,13.881963809,11.262120929,4.473063051,10.937904347,14.720659301,12.072889404,8.8051211912,14.280603353,14.534554837,9.5533676446,11.110698016,4.8430366667,4.4984719189,7.8071056774,6.268560367,9.6386800859,4.7896116155
62.0,12.284970031,11.148869537,10.432996441,12.984135037,12.642637105,14.312221096,11.694404212,11.010187872,6.161567597,14.312249554,13.686729502,11.087428125,4.3799724292,10.766071342,14.519729228,11.891365762,8.6541106021,14.082612128,14.334854447,9.3946328395,10.937331451,4.7425839746,4.4188931627,7.6671826158,6.1477437967,9.4790946112,4.6907834487
62.5,12.10303562,10.976402236,10.266957817,12.796793805,12.457898456,14.115423592,11.517282254,10.838937031,6.043012362,14.115451863,13.494257057,10.915498118,4.2889746797,10.596995306,14.321545808,11.712613219,8.5057756107,13.887376307,14.137904612,9.2386115629,10.766725149,4.644345199,4.341047265,7.5298654213,6.0293715378,9.3222262962,4.5941366119
63.0,11.923831219,10.806654277,10.103622712,12.612181451,12.275889913,13.921339074,11.342886825,10.670403055,5.9268515515,13.921367157,13.304507171,10.74628639,4.2000195331,10.430631099,14.126071433,11.536588841,8.3600673415,13.694857396,13.94366735,9.0852561637,10.5988343,4.5482688542,4.2648908256,7.3951038078,5.9133919127,9.1680276363,4.4996200404
63.5,11.747315332,10.639581988,9.9429461343,12.430257849,12.09657068,13.729930041,11.171175286,10.504542011,5.813034632,13.729957935,13.117441108,10.57974915,4.113058,10.266934336,13.933269015,11.36325037,8.2169378376,13.50501744,13.752105206,8.9345198491,10.433614836,4.4543047111,4.1903816576,7.2628484921,5.7997543816,9.0164519786,4.4071839292
64.0,11.5734471,10.475142408,9.7848838544,12.250983469,11.919900575,13.541159512,11.002105677,10.341310689,5.7015121802,13.541187217,12.933020682,10.41584333,4.0280423364,10.105861372,13.743101972,11.19255621,8.0763400437,13.317819017,13.563181244,8.7863566689,10.271023417,4.3624037651,4.1174787506,7.1330511736,5.6884095161,8.8674535064,4.3167797007
64.5,11.402186297,10.313293281,9.6293923954,12.074319368,11.745840025,13.35499102,10.835636704,10.180666592,5.5922358578,13.355018536,12.751208256,10.254526564,3.9449260103,9.9473692903,13.555534225,11.024465421,7.9382277878,13.133225229,13.376859037,8.6407215002,10.11101742,4.2725182053,4.0461422345,7.0056645139,5.5793089743,8.7209872236,4.2283599729
65.0,11.233493312,10.15399304,9.4764290187,11.900227178,11.574350054,13.171388604,10.671727726,10.022567921,5.4851583872,13.171415929,12.571966733,10.095757184,3.8636636695,9.7914158904,13.370530189,10.858937703,7.802555765,12.951199697,13.193102665,8.4975700316,9.9535549242,4.1846013835,3.9763333451,6.8806421173,5.4724054753,8.5770089397,4.1418785282
65.5,11.067329145,9.9972007965,9.3259517113,11.728669105,11.405392275,12.990316798,10.510338751,9.8669735661,5.3802335267,12.990343933,12.395259544,9.9394942019,3.7842111099,9.6379596753,13.188054769,10.695933392,7.66927952,12.77170655,13.011876705,8.3568587487,9.7985947046,4.0986077852,3.9080143897,6.7579385109,5.367652776,8.4354752555,4.0572902839
66.0,10.903655396,9.8428763311,9.177919173,11.559607911,11.238928879,12.81174063,10.351430418,9.7138430935,5.2774160474,12.811767575,12.221050644,9.785697304,3.7065252451,9.4869598394,13.008073349,10.535413445,7.5383554314,12.594710423,12.833146222,8.2185449192,9.6460962154,4.0144930004,3.8411487156,6.6375091263,5.2650056464,8.2963435477,3.9745512628
66.5,10.742434255,9.6909800803,9.0322908048,11.393006913,11.07492263,12.635625614,10.194963992,9.5631367341,5.1766617101,12.635652368,12.049304506,9.634326835,3.6305640763,9.3383762575,12.830551789,10.377339432,7.4097406951,12.420176443,12.656876767,8.0825865786,9.4960195804,3.9322136959,3.7757006778,6.5193102806,5.1644198473,8.1595719555,3.8936185645
67.0,10.583628495,9.5414731266,8.8890266958,11.228829972,10.913336852,12.46193774,10.040901352,9.4148153728,5.0779272424,12.461964303,11.879986109,9.4853437895,3.5562866636,9.1921694726,12.655456416,10.221673527,7.283393309,12.24807023,12.483034368,7.948942516,9.3483255818,3.8517275877,3.7116356093,6.4032991583,5.0658521075,8.0251193661,3.8144503382
67.5,10.42720146,9.3943171872,8.748087612,11.067041484,10.754135424,12.290643468,9.8892049823,9.2688405375,4.9811703175,12.290669841,11.713060932,9.3387098008,3.4836530977,9.0483006848,12.48275402,10.068378498,7.159272057,12.078357883,12.311585521,7.8175722602,9.2029756488,3.7729934147,3.648919791,6.2894337936,4.969260102,7.8929454014,3.7370057551
68.0,10.273117056,9.2494746039,8.6094349843,10.907606372,10.59728277,12.121709726,9.7398379596,9.1251743883,4.8863495321,12.121735908,11.548494952,9.1943871297,3.4126244728,8.9067317403,12.312411847,9.9174176944,7.0373364945,11.911005978,12.142497187,7.6884360663,9.0599318471,3.6959709126,3.5875204238,6.1776730533,4.8746024299,7.7630104042,3.6612449831
68.5,10.121339746,9.1069083327,8.473030897,10.750490082,10.442743849,11.955103899,9.5927639472,8.9837797067,4.7934243858,11.955129889,11.386254627,9.0523386547,3.3431628596,8.76742512,12.144397589,9.7687550434,6.9175469332,11.745981558,11.975736786,7.5614949018,8.9191568676,3.6206207891,3.5274056007,6.067976619,4.7818385943,7.6352754253,3.5871291606
69.0,9.9718345388,8.9665819333,8.3388380766,10.595658569,10.290484151,11.790793822,9.447947184,8.8446198857,4.7023552605,11.790819621,11.2263069,8.9125278613,3.27523128,8.6303439292,11.978679384,9.6223550363,6.7998644266,11.58325213,11.811272186,7.4367104343,8.7806140166,3.5469046988,3.4685442804,5.9603049713,4.6909289813,7.5097022103,3.5146203717
69.5,9.824566979,8.8284595594,8.2068198806,10.443078295,10.140469685,11.628747778,9.3053524749,8.7076589191,4.6131034005,11.628773386,11.068619183,8.7749188322,3.2087936814,8.4954518866,11.815225806,9.4781827213,6.6842507557,11.422785655,11.649071701,7.314045018,8.6442672051,3.4747852199,3.4109062612,5.8546193729,4.60183484,7.386253187,3.4436816225
70.0,9.6795031417,8.6925059488,8.0769402866,10.292716216,9.9926669717,11.468934489,9.1649451822,8.5728613918,4.5256308933,11.468959906,10.913159356,8.6394762369,3.1438149126,8.3627133143,11.654005859,9.3362036947,6.5706684152,11.264550543,11.489104084,7.1934616814,8.5100809384,3.4042258306,3.3544621566,5.7508818526,4.5145182632,7.2648914531,3.3742768173
70.5,9.5366096226,8.5586864134,7.9491638818,10.144539782,9.8470430383,11.31132311,9.0266912167,8.4401924695,4.4399006498,11.311348336,10.759895758,8.5061653223,3.0802607,8.2320931272,11.494988974,9.1963840915,6.4590805998,11.108515647,11.33133852,7.0749241147,8.3780203067,3.3351908865,3.2991833706,5.6490551903,4.4289421682,7.1455807638,3.3063707356
71.0,9.3958535301,8.4269668302,7.823455852,9.99851692,9.7035654081,11.155883222,8.8905570284,8.3096178896,4.3558763866,11.155908258,10.608797178,8.3749519033,3.0180976245,8.1035568234,11.338144999,9.0586905774,6.3494511906,10.954650258,11.175744619,6.9583966581,8.2480509749,3.2676455986,3.2450420745,5.5491029009,4.345070278,7.0282855198,3.2399290099
71.5,9.2572024776,8.2973136314,7.699781972,9.854616036,9.562202094,11.002584831,8.7565095984,8.181103951,4.2735226073,11.002609676,10.459832856,8.2458023528,2.9572930989,7.9770704739,11.183444197,8.9230903403,6.2417447419,10.802924094,11.022292415,6.8438442892,8.1201391731,3.2015560121,3.1920111845,5.4509892197,4.2628671036,6.9129707553,3.1749181044
72.0,9.1206245754,8.1696937958,7.5781085945,9.7128060022,9.4229215908,10.851398354,8.6245164301,8.0546175052,4.1928045848,10.85142301,10.312972467,8.1186835926,2.8978153462,7.8526007129,11.030857237,8.7895510817,6.1359264688,10.653307301,10.870952352,6.7312326119,7.9942516871,3.1368889848,3.1400643394,5.3546790877,4.1822979256,6.7996021271,3.1113052933
72.5,8.986088423,8.0440748392,7.4584026411,9.573056152,9.2856928682,10.702294621,8.4945455405,7.930125947,4.1136883441,10.702319087,10.168186123,7.9935630847,2.8396333783,7.7301147288,10.880355191,8.6580410089,6.0319622337,10.505770441,10.721695287,6.6205278448,7.8703558489,3.0736121677,3.0891758799,5.2601381373,4.1033287775,6.6881459026,3.0490586405
73.0,8.8535631018,7.9204248057,7.3406315917,9.4353362728,9.150485363,10.555244865,8.3665654528,7.8075972051,4.0361406455,10.555269141,10.02544436,7.8704088218,2.7827169753,7.6095802542,10.731909528,8.5285288266,5.9298185347,10.360284489,10.574492478,6.5116968097,7.748419528,3.0116939841,3.0393208276,5.1673326779,4.0259264282,6.5785689489,2.9881469797
73.5,8.723018167,7.7987122592,7.2247634755,9.2996165993,9.0172689724,10.410220717,8.2405451873,7.6869997336,3.9601289679,10.410244804,9.8847181379,7.7491893187,2.7270366655,7.490965557,10.585492108,8.4009837295,5.8294624931,10.216820826,10.429315581,6.4047069208,7.628411122,2.9511036113,2.9904748654,5.0762296826,3.9500583658,6.470838722,2.9285398949
74.0,8.594423641,7.6789062742,7.1107668609,9.1658678066,8.8860140471,10.267194202,8.1164542541,7.5683025031,3.8856214924,10.2672181,9.7459788295,7.6298736037,2.672563706,7.3742394313,10.441075175,8.275375394,5.7308618414,10.075351235,10.286136644,6.2995261738,7.5102995478,2.8918109611,2.9426143181,4.9867967744,3.8756927813,6.3649232559,2.8702077013
74.5,8.4677500056,7.5609764282,6.9986108468,9.0340610039,8.7566913838,10.126137731,7.994262645,7.4514749921,3.8125870874,10.126161441,9.6091982175,7.5124312099,2.6192700633,7.2593711886,10.298631356,8.1516739707,5.6339849117,9.9358478949,10.144928104,6.1961231352,7.394054233,2.8337866617,2.895716134,4.8990022131,3.8027985528,6.2607911521,2.8131214269
75.0,8.342968195,7.4448927925,6.8882650533,8.904167728,8.6292722191,9.9870240979,7.8739408258,7.3364871783,3.7409952921,9.9870476197,9.4743484875,7.396832167,2.567128395,7.1463306489,10.158133651,8.0298500773,5.5388006244,9.798283372,10.005662774,6.0944669319,7.2796451074,2.7770020398,2.8497578665,4.8128148822,3.7313452303,6.1584115694,2.7572527946
75.5,8.220049589,7.3306259248,6.7796996123,8.7761599364,8.5037282223,9.8498264737,7.7554597285,7.2233095308,3.6708163023,9.849849808,9.3414022225,7.2830469929,2.5161120321,7.0350881321,10.019555432,7.9098747906,5.4452784767,9.6626306185,9.8683138496,5.994527241,7.1670425947,2.7214291035,2.8047176569,4.7282042765,3.6613030202,6.0577542137,2.7025742047
76.0,8.0989660056,7.2181468606,6.6728851593,8.6500100019,8.3800314892,9.7145184003,7.6387907443,7.1119130014,3.6020209553,9.7145415475,9.2103323971,7.1710466857,2.466194961,6.9256144498,9.8828704355,7.7917196395,5.3533885319,9.528862965,9.732854892,5.8962742798,7.0562176036,2.6670405249,2.7605742173,4.6451404897,3.5926427711,5.9587893279,2.6490587178
76.5,7.9796896947,7.1074271057,6.5677928245,8.5256907056,8.2581545353,9.5810737862,7.5239057158,7.0022690167,3.5345807159,9.5810967468,9.0811123717,7.0608027158,2.417351807,6.8178808968,9.7480527564,7.6753565979,5.2631014083,9.3969541156,9.5992598303,5.7996787957,6.9471415207,2.6138096241,2.7173068144,4.5635942021,3.525335959,5.8614876825,2.5966800381
77.0,7.8621933313,6.998438628,6.4643942243,8.4031752312,8.1380702896,9.4494669009,7.4107769299,6.8943494705,3.4684676618,9.4494896755,8.9537158873,6.952287018,2.3695578173,6.7118592429,9.6150768462,7.5607580774,5.1743882687,9.2668781428,9.4675029541,5.7047120568,6.8397862018,2.5617103527,2.6748952534,4.4835366688,3.4593546735,5.7658205657,2.5454124976
77.5,7.7464500086,6.8911538504,6.3626614526,8.2824371589,8.0197520882,9.3196723706,7.2993771107,6.7881267156,3.4036544705,9.3196949597,8.82811706,6.8454719838,2.3227888452,6.607521725,9.4839175061,7.4478969206,5.0872208102,9.138609482,9.3375589082,5.6113458423,6.734123964,2.5107172784,2.6333198625,4.4049397079,3.3946716041,5.6717597741,2.4952310401
78.0,7.6324332317,6.7855456428,6.2625670733,8.1634504594,7.9031736682,9.1916651725,7.1896794127,6.6835735565,3.3401144056,9.1916875766,8.7042903751,6.7403304536,2.2770213309,6.5048410392,9.3545498826,7.3367463942,5.0015712539,9.0121229266,9.2094026882,5.5195524331,6.6301275785,2.4608055698,2.5925614784,4.3277756896,3.3312600267,5.5792776035,2.4461112057
78.5,7.5201169115,6.6815873152,6.1640841117,8.0461894885,7.7883091616,9.0654206302,7.0816574134,6.5806632417,3.2778213039,9.06544285,8.5822106825,6.6368357099,2.2322322918,6.4037903332,9.2269494629,7.2272801822,4.9174123349,8.8873936229,9.0830096354,5.4293046027,6.5277702628,2.4119509813,2.5526014313,4.2520175246,3.2690937905,5.4883468399,2.3980291164
79.0,7.409475358,6.5792526098,6.0671860467,7.9306289806,7.6751330891,8.940914409,6.975285107,6.4793694562,3.2167495625,8.9409364452,8.4618531911,6.5349614693,2.1883993073,6.3043431982,9.10109207,7.1194723794,4.8347172925,8.7643970653,8.9583554323,5.3405756085,6.4270256731,2.3641298388,2.5134215315,4.177638653,3.2081473054,5.3989407504,2.3509614612
79.5,7.3004832742,6.4785156947,5.971846803,7.8167440436,7.5636203546,8.8181225113,6.8705368976,6.3796663147,3.1568741264,8.8181443644,8.3431934635,6.4346818757,2.1455005028,6.2064736622,8.9769538582,7.013297485,4.7534598607,8.6431090911,8.8354160975,5.2533391824,6.3278678969,2.3173190257,2.4750040553,4.1046130345,3.1483955293,5.3110330749,2.3048854821
80.0,7.1931157501,6.379351156,5.8780407436,7.7045101534,7.4537462389,8.6970212712,6.7673875926,6.2815283539,3.0981704762,8.6970429419,8.2262074112,6.3359714932,2.1035145354,6.1101561818,8.8545113088,6.9087303957,4.6736142588,8.5235058759,8.7141679813,5.1675695227,6.2302714464,2.271495969,2.4373317319,4.0329151368,3.089813956,5.2245980169,2.2597789602
80.5,7.0873482567,6.2817339916,5.7857426621,7.5939031479,7.3454863945,8.5775873509,6.6658123962,6.184930526,3.0406146166,8.5776088398,8.1108712895,6.238805299,2.0624205803,6.0153656358,8.7337412251,6.8057464001,4.5951551822,8.405563929,8.5945877608,5.0832412855,6.1342112507,2.2266386258,2.400387731,3.9625199263,3.0323786033,5.1396102357,2.2156202023
81.0,6.9831566402,6.185639604,5.6949277753,7.4848992222,7.2388168393,8.4597977352,6.565786903,6.0898481914,2.9841830641,8.4598190432,7.9971616927,6.1431586765,2.0221983179,5.9220773173,8.6146207283,6.7043211719,4.5180577932,8.2892600882,8.4766524358,5.000329576,6.0396626492,2.1827254706,2.36415565,3.8934028573,2.9760660014,5.0560448381,2.1723880281
81.5,6.880517116,6.0910437941,5.6055717162,7.3774749227,7.1337139516,8.3436297278,6.4672870922,5.996257112,2.9288528363,8.3436508554,7.8850555487,6.0490074091,1.9828279204,5.8302669275,8.4971272533,6.6044307643,4.4422977122,8.1745715156,8.3603393239,4.9188099411,5.9466013848,2.1397354825,2.3286195025,3.8255398629,2.9208531814,4.9738773697,2.130061757
82.0,6.7794062628,5.9979227539,5.5176505267,7.2716071423,7.0301544645,8.2290609463,6.3702893208,5.9041334449,2.8746014404,8.2290818943,7.7745301151,5.956327673,1.9442900393,5.7399105681,8.3812385438,6.5060516036,4.3678510092,8.0614756931,8.2456260565,4.8386583604,5.8550035971,2.0976481326,2.2937637059,3.7589073448,2.8667176643,4.8930838078,2.0886211961
82.5,6.6798010177,5.9062530607,5.4311406504,7.1672731152,6.9281154604,8.1160693181,6.2747703181,5.8134537354,2.8214068626,8.1160900873,7.6655629735,5.8650960309,1.9065657935,5.6509847353,8.2669326487,6.4091604836,4.2946941951,7.9499504176,8.132490574,4.7598512392,5.7648458157,2.056443372,2.259573071,3.693482164,2.8136374499,4.8136405529,2.048046628
83.0,6.5816786698,5.8160116707,5.346018926,7.0644504114,6.8275743657,8.0046330762,6.1807071794,5.7241949107,2.7692475572,8.0046536674,7.5581320257,5.7752894259,1.869636757,5.5634663124,8.1541879177,6.3137345595,4.2228042133,7.8399737966,8.0209111221,4.6823654003,5.6761049539,2.0161016205,2.2260327901,3.6292416318,2.7615910067,4.7355244217,2.008318799
83.5,6.4850168553,5.7271759122,5.2622625807,6.9631169322,6.7285089456,7.8947307546,6.0880773603,5.6363342736,2.7181024366,7.8947511685,7.4522154884,5.6868851746,1.8334849476,5.477332564,8.0429829969,6.2197513424,4.1521584318,7.7315242442,7.9108662468,4.6061780767,5.5887583021,1.9766037543,2.1931284073,3.5661635005,2.7105572611,4.6587126388,1.9694189076
84.0,6.3897935519,5.6397234803,5.1798492229,6.863250905,6.6308972992,7.7863411847,5.996858671,5.5498494964,2.6679508609,7.7863614221,7.3477918892,5.5998609616,1.7980928152,5.3925611291,7.9332968252,6.1271886937,4.0827346348,7.6245804763,7.8023347909,4.5312669037,5.5027835217,1.9379310957,2.1608447682,3.5042259546,2.6605155872,4.5831828302,1.9313285935
84.5,6.2959870738,5.5536324302,5.0987568365,6.7648308785,6.5347178539,7.6794434904,5.9070292705,5.4647186144,2.6187726282,7.6794635522,7.2448400619,5.5141948331,1.7634432314,5.3091300151,7.8251086298,6.0360248195,4.014511015,7.5191215068,7.6952958896,4.4576099123,5.4181586388,1.9000654016,2.1291102779,3.4434076025,2.6114457975,4.5089130153,1.8940299264
85.0,6.203576066,5.4688811716,5.0189637737,6.667835718,6.439949361,7.5740170847,5.8185676612,5.3809200204,2.5705479649,7.5740369717,7.1433391421,5.429865191,1.7295194784,5.2270175915,7.7183979226,5.946238265,3.947466166,7.4151266431,7.5897289666,4.3851855213,5.3348620383,1.8629888533,2.0953552566,3.3836874673,2.5633281325,4.4358816003,1.857505396
85.5,6.1125394997,5.385448463,4.9404487493,6.5722446003,6.3465708904,7.4700416656,5.7314526833,5.2984324584,2.5232575161,7.4700613785,7.043268563,5.3468507868,1.6963052386,5.1462025838,7.6131444962,5.8578079094,3.8815790743,7.3125754821,7.4856137298,4.313972531,5.2528724577,1.8266840461,2.051134299,3.3250449791,2.5161432518,4.3640673712,1.8217379008
86.0,6.0228566668,5.3033134054,4.8631908343,6.4780370098,6.254561826,7.3674972116,5.6456635093,5.2172350179,2.4768823368,7.3675167514,6.9446080509,5.2651307163,1.6637845847,5.0666640675,7.5093284199,5.7707129605,3.8168291125,7.2114479061,7.3829301676,4.2439501155,5.1721689815,1.7911339788,2.0075604662,3.2674599665,2.4698722244,4.2934494866,1.7867107391
86.5,5.9345071753,5.2224554374,4.7871694496,6.385192733,6.1639018608,7.2663639785,5.5611796391,5.1373071281,2.4314038822,7.266383346,6.8473376213,5.1846844135,1.6319419697,4.9883814624,7.4069300362,5.6849329495,3.7531960315,7.1117240789,7.2816585451,4.1750978168,5.0927310353,1.7563220445,1.9650873928,3.2109126489,2.4244965204,4.2240074712,1.7524075983
87.0,5.8474709444,5.1428543291,4.7123643605,6.2936918549,6.0745709921,7.1666224952,5.4779808943,5.0586285525,2.3868039997,7.1666416913,6.7514375745,5.1054916453,1.6007622173,4.9113345267,7.3059299566,5.600447726,3.6906599537,7.0133844417,7.1817794,4.1073955372,5.0145383798,1.7222320208,1.9236848602,3.1553836283,2.3799980013,4.1557212095,1.7188125458
87.5,5.7617281995,5.064490177,4.6387556703,6.2035147538,5.9865495172,7.0682535599,5.3960474132,4.9811793832,2.3430649197,7.0682725855,6.6568884917,5.0275325059,1.5702305126,4.8355033512,7.2063090585,5.5172374529,3.6292013655,6.9164097094,7.083273539,4.0408235339,4.9375711061,1.6888480602,1.8833223179,3.1008538823,2.3363589119,4.0885709388,1.6859100195
88.0,5.6772594674,4.9873433985,4.5663238148,6.1146420976,5.8998180288,6.9712382365,5.3153596463,4.9049400354,2.3001692474,6.9712570925,6.5636712307,4.9507874114,1.540332393,4.7608683542,7.1080484811,5.4352826014,3.5688011113,6.8207808663,6.9861220341,3.9753624114,4.8618096294,1.6561546816,1.84397016,3.0473047557,2.2935618721,4.0225372432,1.6536848191
88.5,5.5940455719,4.9113947264,4.4950495568,6.0270548388,5.8143574101,6.8755578507,5.2358983503,4.8298912422,2.2580999547,6.875576538,6.4717669224,4.8752370945,1.5110537393,4.6874102754,7.0111296217,5.3545639462,3.5094403858,6.7264791631,6.8903062186,3.9109931161,4.7872346838,1.6241367608,1.8055997122,2.9947179542,2.2515898679,3.9576010472,1.6221220968
89.0,5.5120676293,4.8366252044,4.4249139801,5.940734211,5.730148831,6.7811939869,5.1576445842,4.7560140494,2.2168403718,6.7812125063,6.3811569664,4.8008625993,1.4823807672,4.6151101709,6.9155341327,5.2750625608,3.451100728,6.6334861122,6.795807684,3.8476969299,4.7138273174,1.5927795224,1.7681831996,2.9430755361,2.2104262443,3.8937436098,1.591207349
89.5,5.4313070435,4.7630161812,4.3558984845,5.855661724,5.6471737433,6.6881284836,5.0805797038,4.6832898101,2.17637418,6.6881468362,6.2918230273,4.7276452765,1.4543000188,4.5439494077,6.8212439177,5.1967598127,3.3937640146,6.5417834849,6.7026082761,3.7854554638,4.6415688866,1.562068531,1.7316937168,2.8923599063,2.1700546967,3.8309465182,1.5609264077
90.0,5.3517455017,4.690549306,4.2879847798,5.7718191602,5.5654138768,6.5963434311,5.0046853575,4.6117001799,2.1366854031,6.5963616178,6.2037470312,4.6555667775,1.4267983543,4.4739096589,6.7282411282,5.1196373586,3.3374124536,6.4513533072,6.6106900914,3.7242506525,4.5704410513,1.5319896832,1.6961051975,2.8425538087,2.1304592636,3.7691916822,1.5312654327
90.5,5.2733649703,4.6192065236,4.2211548814,5.6891885705,5.4848512346,6.5058211671,4.9299434812,4.5412271117,2.0977584009,6.5058391888,6.1169111614,4.5846090505,1.3998629444,4.404972898,6.6365081601,5.0436771404,3.282028578,6.3621778565,6.5200354738,3.6640647482,4.5004257697,1.5025291996,1.6613923865,2.7936403198,2.091624319,3.7084613281,1.5022109028
91.0,5.1961476903,4.5489700691,4.1553911042,5.60775227,5.4054680896,6.4165442736,4.8563362939,4.4718528508,2.0595778612,6.4165621312,6.0312978552,4.5147543348,1.3734812624,4.3371213942,6.5460276502,4.9688613799,3.2275952399,6.274239658,6.4306270113,3.6048803149,4.4315052934,1.473673617,1.6275308121,2.7456028419,2.053534565,3.6487379933,1.4737495967
91.5,5.120076173,4.4798224637,4.0906760579,5.5274928344,5.3272469797,6.3284955735,4.7838462933,4.4035599301,2.0221287927,6.328513268,5.9468898001,4.4459851566,1.3476410763,4.2703377077,6.4567824735,4.8951725751,3.1740956042,6.1875214811,6.3424475322,3.546680223,4.3636621628,1.4454097806,1.5944967598,2.6984250967,2.0161750249,3.5900045206,1.4458679379
92.0,5.0451331962,4.4117465098,4.0269926423,5.4483930958,5.2501707046,6.2416581273,4.7124562514,4.3363311657,1.9853965185,6.2416756596,5.8636699301,4.3782843238,1.3223304421,4.2046046841,6.3687557392,4.8225934955,3.1215131432,6.1020063362,6.2554801021,3.4894476436,4.2968792017,1.4177248369,1.5622672462,2.652091119,1.9795310358,3.5322440527,1.4185192496
92.5,4.9713017998,4.344725286,3.9643240417,5.3704361393,5.174222321,6.1560152297,4.6421492097,4.2701496515,1.9493666687,6.1560326009,5.7816214223,4.3116349219,1.2975376962,4.1399054505,6.2819307879,4.7511071779,3.0698316303,6.0176774711,6.1697080207,3.4331660431,4.2311395132,1.3906062264,1.5308199953,2.6065852503,1.9435882421,3.4754400269,1.3913242572
93.0,4.8985652818,4.2787421434,3.9026537207,5.2936052988,5.0993851394,6.0715504064,4.5729084754,4.2049987554,1.9140251739,6.0715676174,5.7007276933,4.2460203087,1.2732514484,4.0762234101,6.1962911884,4.6806969222,3.0190351348,5.9345183678,6.0851148181,3.3778191779,4.1664264751,1.3640416763,1.5001334141,2.561892133,1.9083325885,3.4195761697,1.3646551182
93.5,4.8269071943,4.2137807004,3.8419654187,5.2178841539,5.0256427198,5.9882474109,4.5047176171,4.1408621142,1.8793582586,5.9882644627,5.6209723959,4.1814241107,1.2494605755,4.0135422381,6.1118207344,4.6113462873,2.9691080158,5.8525127392,6.0016842521,3.3233910893,4.1027237346,1.3380191939,1.4701865701,2.5179967041,1.8737503138,3.3646364918,1.3385364098
94.0,4.7563113397,4.1498248388,3.7822431463,5.1432565254,4.9529788682,5.9060902214,4.4375604604,4.0777236294,1.8453524353,5.906107115,5.5423394158,4.1178302181,1.2261542143,3.9518458767,6.0285034415,4.5430390868,2.9200349176,5.7716445258,5.9194003049,3.2698660982,4.0400152048,1.3125270599,1.4409591691,2.4748841898,1.8398279443,3.3106052829,1.3129553077
94.5,4.6867617669,4.086858699,3.7234711795,5.0697064724,4.8813776327,5.8250630375,4.3714210841,4.0155674629,1.8119944973,5.8250797739,5.4648128679,4.0552227807,1.2033217553,3.8911185312,5.9463235444,4.4757593854,2.8718007636,5.6918978925,5.8382471796,3.2172288002,3.9782850597,1.2875538217,1.4124315343,2.4325400992,1.8065522876,3.2574671068,1.2879000143
95.0,4.6182427671,4.0248666764,3.665634056,4.9972182887,4.8108233,5.7451502775,4.3062838158,3.9543780328,1.7792715136,5.7451668576,5.3883770933,3.9935862034,1.1809528366,3.8313446649,5.8652654934,4.4094914947,2.8243907515,5.6132572258,5.7582092978,3.1654640607,3.91751773,1.2630882871,1.3845845855,2.3909502191,1.7739104264,3.2052067963,1.2633590194
95.5,4.5507388707,3.9638334167,3.6087165706,4.9257764989,4.7413003918,5.6663365748,4.2421332285,3.8941400087,1.7471708222,5.6663529997,5.3130166562,3.9329051424,1.1590373376,3.7725089956,5.7853139518,4.3442199691,2.7777903478,5.5357071299,5.6792712962,3.1145570097,3.8576978991,1.2391195183,1.3573998193,2.3501006086,1.7418897126,3.1538094485,1.2393210797
96.0,4.4842348431,3.9037438122,3.5527037706,4.8553658554,4.6727936609,5.5886067754,4.1789541361,3.8348383082,1.7156800248,5.5886230461,5.2387163402,3.8731645008,1.137565373,3.7145964905,5.7064537929,4.2799296027,2.7319852832,5.4592324244,5.6014180236,3.0644930377,3.7988104986,1.2156368256,1.3308592907,2.3099775932,1.7104777617,3.1032604204,1.2157752117
96.5,4.4187156811,3.8445829975,3.4975809518,4.7859713348,4.6052880882,5.5119459348,4.1167315902,3.7764580923,1.6847869806,5.5119620523,5.1654611456,3.8143494248,1.1165272872,3.657592363,5.6286700971,4.2166054245,2.6869615477,5.3838181411,5.524634538,3.0152577905,3.7408407043,1.1926297614,1.3049455939,2.2705677602,1.6796624465,3.0535453237,1.1927106855
97.0,4.3541666098,3.7863363456,3.443333654,4.7175781347,4.5387688789,5.4363393152,4.0554508758,3.7189847617,1.6544798013,5.4363552804,5.0932362864,3.7564452993,1.0959136486,3.6014820676,5.5519481493,4.1542326958,2.642705385,5.3094495207,5.4489061038,2.9668371647,3.6837739324,1.170088115,1.2796418453,2.2318579529,1.6494318924,3.0046500206,1.1701170185
97.5,4.2905730785,3.7289894641,3.3899476571,4.6501716701,4.4732214594,5.3617723823,3.9950975077,3.6624039527,1.6247468449,5.3617881963,5.0220271866,3.6994377444,1.0757152439,3.5462512968,5.4762734354,4.0927969057,2.5992032888,5.2361120103,5.3742181888,2.9192173034,3.6275958351,1.1480019062,1.2549316659,2.193835266,1.6197744709,2.9565606191,1.1479839696
98.0,4.2279207578,3.6725281914,3.3374089771,4.5837375708,4.4086314737,5.2882308028,3.9356572273,3.6067015335,1.5955767112,5.2882464667,4.9518194779,3.6433126113,1.055923073,3.4918859763,5.4016316403,4.032283768,2.5564419973,5.1637912602,5.3005564617,2.8723845917,3.5722922972,1.1263613805,1.2307991652,2.1564870405,1.5906787952,2.9092634692,1.1263015334
98.5,4.1661955357,3.6169385926,3.2857038617,4.5182616776,4.3449847801,5.2157004415,3.8771159982,3.5518636002,1.566958236,5.2157159562,4.8825989962,3.5880559788,1.036528344,3.4383722619,5.328008645,3.9726792174,2.5144084891,5.0924731213,5.2279067888,2.8263256523,3.5178494318,1.1051570034,1.2072289253,2.1198008586,1.5621337144,2.8627451576,1.1050599344
99.0,4.1053835146,3.5622069563,3.2348187869,4.4537300394,4.2822674483,5.1441673587,3.8194600036,3.4978764731,1.5388804863,5.1441827253,4.8143517791,3.5336541492,1.0175224673,3.3856965351,5.2553905235,3.9139694063,2.4730899787,5.0221436418,5.1562552317,2.7810273412,3.4642535768,1.0843794552,1.184205985,2.0837645396,1.5341283089,2.8169925045,1.084249621
99.5,4.0454710079,3.5083197907,3.1847404526,4.3901289102,4.2204657557,5.0736178071,3.762675642,3.4447266933,1.5113327552,5.0736330266,4.7470640628,3.4800936449,0.99889705145,3.3338453996,5.1837635406,3.8561407012,2.4324739119,4.9527890652,5.0855880444,2.7364767438,3.4114912912,1.0640196262,1.1617158259,2.0483661343,1.5066518848,2.7719925588,1.0638612612
100.0,3.9864445367,3.4552638198,3.1354557793,4.3274447458,4.1595661849,5.0040382297,3.7067495244,3.3924010185,1.484304557,5.0040533031,4.6807222792,3.4273612048,0.98064389811,3.2828056776,5.113114149,3.7991796793,2.3925479616,4.8843958269,5.0158916707,2.6926611705,3.3595493515,1.0440686115,1.1397443574,2.0135939213,1.4796939696,2.7277325941,1.043885736
100.5,3.9282908266,3.4030259805,3.086951904,4.2656642013,4.09955542,4.9354152567,3.6516684705,3.34088642,1.4577856226,4.935430185,4.6153130532,3.3754437806,0.96275499714,3.2325644059,5.0434289872,3.7430731254,2.3533000236,4.8169505518,4.9471527416,2.6495681528,3.3084147477,1.0245177062,1.1182779033,1.9794364021,1.4532443071,2.684200105,1.0243141352
101.0,3.8709968048,3.3515934184,3.0392161768,4.2047741275,4.0404203439,4.8677357029,3.5974195057,3.2901700789,1.4317658948,4.8677504872,4.5508231998,3.3243285335,0.9452225222,3.1831088329,4.9746948761,3.6878080285,2.3147182123,4.7504400516,4.8793580724,2.6071854394,3.2580746803,1.0053584006,1.0973031882,1.9458822968,1.4272928529,2.6413828029,1.0051377521
101.5,3.8145495965,3.3009534848,2.9922361571,4.1447615686,3.9821480352,4.8009865657,3.5439898576,3.2402393827,1.4062355237,4.801001207,4.4872397218,3.2740028307,0.92803882626,3.1344264145,4.9068988174,3.6333715785,2.2767908569,4.6848513222,4.8124946608,2.5655009922,3.2085165567,0.98658237595,1.076807325,1.9129205397,1.4018297698,2.5992686122,0.9863480785
102.0,3.7589365226,3.2510937336,2.9459996102,4.0856137587,3.9247257653,4.7351550218,3.491366953,3.1910819219,1.381184862,4.7351695211,4.4245498065,3.2244542419,0.91119643726,3.086504811,4.8400279906,3.5797511635,2.2395064974,4.6201715409,4.7465496837,2.5245029826,3.1597279877,0.96818149959,1.0567778021,1.8805402753,1.3768454234,2.5578456668,0.96793679999
102.5,3.7041450958,3.2020019173,2.9004945038,4.0273181198,3.8681409953,4.6702284253,3.4395384147,3.142685487,1.3566044614,4.6702427837,4.3627408235,3.1756705363,0.89468805381,3.0393318835,4.7740697505,3.5269343659,2.2028538803,4.5563880644,4.6815104951,2.4841797877,3.1116967839,0.95014782077,1.0372024719,1.848730854,1.3523303777,2.5171023056,0.94989579141
103.0,3.6501630185,3.1536659845,2.8557090045,3.9698622582,3.8123813736,4.606194305,3.3884920582,3.0950380646,1.3324850676,4.6062085235,4.301800322,3.127639679,0.87850654115,2.9928956907,4.7090116253,3.4749089602,2.1668219552,4.4934884256,4.6173646236,2.4445199867,3.0644109531,0.93247356635,1.0180695389,1.8174818282,1.3282753909,2.47702707,0.9322171122
103.5,3.5969781793,3.1060740761,2.8116314744,3.9132339623,3.7574347325,4.5430403619,3.338215889,3.0481278348,1.3088176163,4.5430544415,4.2417160282,3.0803498282,0.86264492705,2.9471844857,4.6448413137,3.4236629096,2.1313998707,4.4314603317,4.5540997699,2.4055123572,3.0178586963,0.91515113662,0.9993675484,1.7867829483,1.3046714111,2.4376086992,0.91489300206
104.0,3.5445786503,3.0592145227,2.7682504682,3.8574211997,3.7032890857,4.4807544672,3.2886980992,3.0019431674,1.2855932295,4.4807684089,4.1824758426,3.0337893315,0.84709639794,2.9021867126,4.5815466828,3.3731843628,2.096576971,4.3702916614,4.4917038044,2.3671458718,2.9720284051,0.89817310126,0.98108537628,1.7566241587,1.2815095724,2.3988361274,0.8979158766
104.5,3.4929526847,3.0130758412,2.7255547292,3.8024121145,3.6499326259,4.4193246592,3.239927065,2.9564726196,1.2628032112,4.4193384641,4.1240678379,2.9879467235,0.83185429505,2.8578910034,4.5191157657,3.3234616516,2.0623427922,4.3099704626,4.430164765,2.3294096945,2.9269086584,0.88153219538,0.96321221804,1.7269955943,1.2587811909,2.3606984801,0.88127832315
105.0,3.4420887132,2.9676467316,2.6835331871,3.7481950248,3.5973537213,4.358739142,3.1918913435,2.9117049322,1.2404390435,4.3587528111,4.0664802562,2.9428107222,0.81691211071,2.8142861747,4.4575367596,3.2744832877,2.0286870586,4.25048495,4.3694708546,2.2922931772,2.8824882189,0.86522131563,0.94573757902,1.6978875763,1.2364777609,2.3231850709,0.8649730967
105.5,3.391975342,2.9229160747,2.6421749539,3.6947584202,3.5455409137,4.2989862823,3.1445796696,2.8676290269,1.218492383,4.2989998166,4.0097015066,2.8983702261,0.8022634847,2.7713612252,4.3967980227,3.22623796,1.9955996793,4.1918235031,4.309610439,2.2557858568,2.8387560309,0.84923351647,0.92865126457,1.6692906091,1.2145909506,2.2862853976,0.84899311587
106.0,3.3426013498,2.8788729284,2.6014693215,3.6420909591,3.4944829156,4.2400546076,3.0979809539,2.8242340034,1.1969550569,4.2400680081,3.9537201631,2.8546143115,0.78790220075,2.7291053319,4.336888073,3.1787145318,1.9630707448,4.1339746632,4.2505720445,2.2198774513,2.7957012165,0.83356200647,0.91194337074,1.6411953763,1.1931125993,2.2499891398,0.83333145903
106.5,3.2939556852,2.8355065252,2.5614057582,3.590181466,3.4441686076,4.1819328038,3.0520842792,2.7815091364,1.1758190597,4.1819460716,3.8985249619,2.8115322294,0.77382218302,2.687507848,4.2777955853,3.1319020382,1.9310905237,4.0769271318,4.1923443557,2.184557857,2.7533130732,0.81820014472,0.89560427516,1.6135927375,1.1720347128,2.2142861549,0.81798136053
107.0,3.246027464,2.7928062695,2.5219739062,3.5390189296,3.3945870359,4.1246097133,3.0068788983,2.7394438728,1.155076549,4.1246228494,3.8441047993,2.7691134027,0.76001749281,2.6465582991,4.2195093897,3.085789683,1.8996494592,4.020669768,4.1349162134,2.1498171453,2.7115810709,0.80314143737,0.87962462828,1.5864737248,1.1513494605,2.1791664753,0.80293620697
107.5,3.1988059668,2.7507617345,2.4831635783,3.4885925,3.3457274099,4.0680743324,2.9623542308,2.6980278286,1.1347198426,4.0680873378,3.7904487293,2.7273474236,0.74648232525,2.6062463811,4.1620184689,3.0403668367,1.8687381662,3.9651915864,4.0782766125,2.1156455593,2.670494849,0.78837953413,0.86399534492,1.559829539,1.1310491715,2.1446203056,0.78818953361
108.0,3.1522806365,2.7093626595,2.4449647551,3.4388914862,3.2975790994,4.0123158094,2.9184998611,2.6572507866,1.1147414151,4.0123286852,3.7375459613,2.6862240503,0.73321100609,2.566561957,4.1053119565,2.9956230333,1.8383474279,3.9104817549,4.0224146994,2.0820335113,2.6300442136,0.77390822504,0.84870759608,1.5336515471,1.1111263318,2.1106380188,0.77373502084
108.5,3.1064410756,2.6685989474,2.4073675824,3.3899053542,3.2501316328,3.9573234427,2.8753055353,2.6171026934,1.0951338941,3.9573361899,3.6853858583,2.645733205,0.7201979889,2.527495054,4.0493791347,2.9515479682,1.8084681926,3.8565295924,3.9673197706,2.0489715791,2.5902191348,0.75972143713,0.83375280101,1.5079312785,1.0915735801,2.077210154,0.75956649078
109.0,3.0612770438,2.628460662,2.3703623681,3.341623724,3.2033746941,3.9030866783,2.8327611588,2.5775736567,1.0758900574,3.9030992978,3.6339579339,2.6058649707,0.70743785148,2.4890358613,3.9942094324,2.9081314952,1.779091571,3.8033245672,3.9129812701,2.0164505035,2.5510097442,0.74581323133,0.81912261957,1.4826604219,1.0723837054,2.0443274133,0.74567790388
109.5,3.0167784559,2.5889380253,2.3339395797,3.2940363682,3.157298121,3.8495951079,2.7908567939,2.5386539429,1.0570028296,3.8496076008,3.5832518509,2.5666095889,0.69492529283,2.4511747269,3.9397924232,2.8653636246,1.7502088329,3.7508562941,3.8593887876,1.9844611855,2.512406332,0.73217779928,0.80480894488,1.4578308225,1.0535496432,2.0119806588,0.73206335572
110.0,2.972935379,2.5500214148,2.2980898416,3.2471332088,3.1118919022,3.7968384671,2.7495826571,2.5003339742,1.0384652793,3.7968508343,3.533257419,2.5279574566,0.68265513062,2.4139021552,3.8861178233,2.8232345203,1.7218114043,3.6991145331,3.8065320564,1.9529946832,2.4743993444,0.71880946039,0.7908038961,1.4334344786,1.035064473,1.9801609096,0.71871707375
110.5,2.9297380305,2.5117013614,2.2628039324,3.2009043158,3.0671461754,3.7448066331,2.7089291169,2.4626043262,1.0202706155,3.7448188758,3.4839645923,2.4898991245,0.67062229837,2.3772088046,3.8331754897,2.7817344975,1.6938908648,3.6480891871,3.7544009514,1.922042209,2.4369793814,0.70570265887,0.77709981157,1.4094635388,1.0169214144,1.9488593395,0.7056334143
111.0,2.8871767754,2.4739685466,2.2280727821,3.1553399044,3.0230512252,3.6934896231,2.6688866913,2.4254557256,1.0024121852,3.6935017422,3.4353634676,2.4524252938,0.65882184268,2.3410854846,3.780955418,2.7408540205,1.6664389444,3.5977702995,3.7029854873,1.891595127,2.4001371936,0.69285196082,0.76368924213,1.3859102991,0.99911382508,1.9180672741,0.69280685942
111.5,2.8452421246,2.4368138,2.1938874701,3.1104303333,2.9795974803,3.642877592,2.6294460454,2.3888790473,0.98488346992,3.6428895885,3.3874442825,2.4155268141,0.64724892059,2.3055231535,3.729447741,2.7005837003,1.639447521,3.548148053,3.6522758165,1.8616449505,2.3638636806,0.68025205145,0.75056494461,1.3627672001,0.98163519723,1.8877761878,0.68023201403
112.0,2.8039247323,2.4002280972,2.1602392221,3.0661661024,2.9367755122,3.5929608306,2.5905979891,2.3528653123,0.96767808355,3.5929727055,3.3401974131,2.3791946809,0.63589879694,2.2705129158,3.6786427261,2.6609142922,1.6129086174,3.4992127669,3.6022622271,1.8321833389,2.3281498878,0.66789773235,0.73771987566,1.3400268238,0.96447915496,1.8579777016,0.66790360299
112.5,2.7632153936,2.3642025571,2.1271194083,3.0225378505,2.894576032,3.5437297639,2.5523334749,2.3174056854,0.95078976899,3.5437415182,3.2936133718,2.3434200333,0.62476684184,2.2360460201,3.6285307742,2.6218366937,1.5868143991,3.4509548959,3.5529351412,1.8032020954,2.2929870044,0.6557839188,0.72514718564,1.3176818915,0.94763945149,1.8286635804,0.65581646833
113.0,2.7231050431,2.3287284398,2.0945195402,2.9795363538,2.8529898895,3.4951749489,2.5146435956,2.2824914725,0.93421239566,3.4951865836,3.247682806,2.3081941516,0.61384852767,2.2021138564,3.5791024174,2.5833419421,1.5611571712,3.4033650275,3.5042851133,1.7746931645,2.2583663612,0.64390563715,0.71284021279,1.2957252606,0.9311099664,1.7998257303,0.64396556643
113.5,2.6835847519,2.2937971445,2.0624312687,2.9371525231,2.8120080699,3.4472870732,2.4775195821,2.2481141186,0.91793995681,3.4472985892,3.2023964958,2.2735084549,0.6031393997,2.168707954,3.5303483173,2.5454212125,1.5359293761,3.3564338805,3.4563028278,1.7466486295,2.2242794277,0.6322580223,0.70079247762,1.2741499221,0.91488470301,1.7714561963,0.63234596547
114.0,2.644645726,2.2594002066,2.030846382,2.8953774025,2.7716216927,3.4000569528,2.4409528011,2.2142652055,0.90196656693,3.4000683512,3.1577453521,2.2393544992,0.59263363423,2.135819979,3.4822592632,2.5080658157,1.511123591,3.3101523034,3.4089790977,1.7190607098,2.1907178105,0.62083631518,0.68899767738,1.2529489983,0.89895778572,1.7435471597,0.62095284268
114.5,2.6062793042,2.2255292962,1.9997568026,2.8542021673,2.7318220094,3.3534755305,2.4049347533,2.1809364494,0.88628645919,3.3534868123,3.1137204145,2.2057239748,0.58226319881,2.1034417321,3.4348261705,2.4712671958,1.486732525,3.264511272,3.3623048629,1.6919217588,2.1576732507,0.60963586035,0.67744968078,1.2321157397,0.88332345753,1.716090936,0.60978148165
115.0,2.568476956,2.1921762156,1.9691545857,2.8136181215,2.6926004011,3.3075338743,2.369457071,2.1481196989,0.87089398293,3.3075450404,3.0703128502,2.1726087043,0.57185211025,2.0715651466,3.388040079,2.4350169283,1.4627490176,3.2195018882,3.316271188,1.6652242612,2.1251376215,0.59865210364,0.6661425229,1.2116435229,0.86797607747,1.6890799721,0.59882725521
115.5,2.5312302796,2.1593328971,1.9390319167,2.7736166968,2.6539483773,3.2622231753,2.3345115159,2.1158069327,0.85578360125,3.2622342267,3.0275139513,2.1400006406,0.5616232007,2.0401822859,3.3418921509,2.3993067182,1.4391660351,3.1751153778,3.2708692608,1.6389608312,2.0931029268,0.5878805898,0.65507040023,1.1915258484,0.85291011826,1.6625068445,0.58808482924
116.0,2.4945309999,2.1269914012,1.9093811088,2.7341894499,2.6158575733,3.2175347464,2.3000899775,2.0839902577,0.84094988863,3.217545684,2.9853151338,2.1078918644,0.55159401283,2.0092853416,3.2963736692,2.3641283976,1.4159766695,3.131343089,3.226090391,1.6131242097,2.0615612981,0.57731696026,0.64422766583,1.1717563375,0.83812016383,1.6363642564,0.57751254359
116.5,2.4583709666,2.095143914,1.8801946015,2.6953280612,2.5783197487,3.1734600201,2.2661844708,2.0526619066,0.82638752856,3.173470845,2.9437079351,2.0762745824,0.54176074783,1.9788666312,3.2514760365,2.3294739242,1.3931741351,3.0881764905,3.1819260077,1.5877072624,2.0305049931,0.56695695096,0.63360882474,1.1523287306,0.82360090706,1.6106450363,0.56709311922
117.0,2.4227421524,2.0637827459,1.8514649577,2.6570243327,2.5413267855,3.1299905475,2.2327871344,2.0218142361,0.81209131129,3.1300012606,2.9026840128,2.0451411253,0.53211928536,1.9489185962,3.2071907726,2.295335379,1.3707517672,3.0456071703,3.1383676584,1.5627029772,1.9999263935,0.55679639014,0.62320852946,1.1332368848,0.80934714745,1.5853421349,0.5568747629
117.5,2.3876366509,2.0329003289,1.8231848624,2.6192701862,2.5048706861,3.0871179961,2.1998902284,1.9914397249,0.7980561316,3.0871285984,2.8622351429,2.0144839458,0.52266555626,1.9194337998,3.1635095135,2.2617049643,1.3487030192,3.0036268332,3.0954070071,1.5381044627,1.9698180027,0.54683119628,0.61302157563,1.1144747713,0.79535378893,1.5604486237,0.54685528197
118.0,2.353046675,2.002489215,1.79534712,2.5820576617,2.4689435716,3.0448341485,2.1674861329,1.9615309715,0.78427698661,3.0448446409,2.8223532179,1.9842956162,0.51339565109,1.8904049255,3.1204240097,2.2285750023,1.3270214609,2.9622272999,3.0530358327,1.5139049455,1.9401724443,0.53705737605,0.60304289777,1.0960364736,0.78161583766,1.5359576923,0.53703057661
118.5,2.318964555,1.9725420743,1.7679446527,2.5453789156,2.43353768,3.0031309007,2.1355673456,1.9320806925,0.77074897362,3.0031412841,2.7830302453,1.9545688271,0.50430572036,1.8618247742,3.0779261244,2.1959379327,1.3057007759,2.9214005051,3.0112460277,1.4900977683,1.9109824597,0.5274710223,0.59326756527,1.0779161851,0.76812839985,1.5118626469,0.52739660151
119.0,2.2853827365,1.9430516929,1.7409704984,2.5092262189,2.3986453644,2.9620002604,2.1041264804,1.9030817205,0.75746728806,2.9620105359,2.7442583459,1.9252963852,0.4953919957,1.833686263,3.036007832,2.1637863111,1.2847347601,2.8811384958,2.970029596,1.466676388,1.8822409062,0.51806831209,0.58369077813,1.0601082073,0.75488667977,1.4881569079,0.51794939981
119.5,2.2522937792,1.9140109712,1.7144178089,2.4735919555,2.3642590915,2.9214343458,2.0731562652,1.8745270022,0.74442722143,2.9214445143,2.7060297522,1.8964712111,0.48665079287,1.8059824233,2.9946612169,2.1321128074,1.2641173191,2.8414334301,2.929378652,1.4436343735,1.8539407557,0.50884550482,0.57430784922,1.0426069471,0.74188597761,1.4648340077,0.50868510165
120.0,2.2196903547,1.8854129219,1.6882798479,2.4384686207,2.3303714395,2.8814253839,2.0426495405,1.8464095968,0.73162415928,2.8814354462,2.668336807,1.8680863381,0.4780785099,1.7787063983,2.9538784716,2.1009102036,1.2438424667,2.802277575,2.8892854188,1.4209654038,1.8260750919,0.49979894034,0.56511345302,1.0254069157,0.72912168753,1.4418875893,0.49959992219
120.5,2.187565245,1.8572506683,1.6625499889,2.4038488194,2.2969750968,2.8419657086,2.0125992572,1.818722674,0.71905357928,2.8419756657,2.6311719613,1.8401349099,0.46967162511,1.7518514417,2.9136518955,2.0701713923,1.2239043225,2.7636633057,2.8497422265,1.398663266,1.7986371093,0.49092503714,0.55606232073,1.0085027255,0.7165892957,1.419311404,0.49069015963
121.0,2.1559113409,1.8295174425,1.6372217138,2.3697252645,2.2640628602,2.80304776,1.9829984752,1.7914595122,0.70671104928,2.8030576128,2.5945277733,1.812610179,0.46142669521,1.7254109159,2.8739738932,2.039889375,1.2042971103,2.7255831032,2.8107415112,1.3767218537,1.7716201109,0.48222029059,0.54615070288,0.99188908933,0.70428437836,1.3970993095,0.48195219331
121.5,2.12472164,1.8022065837,1.6122886108,2.3360907753,2.2316276332,2.7646640823,1.9538403616,1.7646134965,0.69459222548,2.7646738318,2.5583969068,1.7855055048,0.45334035349,1.6993782898,2.8348369733,2.0100572605,1.1850151558,2.6880295537,2.7722758131,1.3551351648,1.7450175068,0.47368127116,0.53557368684,0.97556081747,0.69220259998,1.3752452683,0.47338248179
122.0,2.0939892454,1.7753115363,1.5877443729,2.3029382762,2.1996624244,2.7268073225,1.925118189,1.7381781177,0.68269285055,2.7268169697,2.5227721294,1.7588143521,0.44540930797,1.6737471375,2.7962337466,1.9806682629,1.1660528853,2.6509953465,2.7343377754,1.3338972997,1.7188228121,0.46530462279,0.52521542895,0.95951281648,0.68033971141,1.3537433455,0.46497756109
122.5,2.0637073641,1.7488258485,1.5635827957,2.2702607947,2.1681603462,2.6894702294,1.8968253339,1.7121469697,0.67100875184,2.6894797751,2.4876463111,1.7325302893,0.43763033969,1.6485111364,2.7581569254,1.9517157002,1.1474048234,2.6144732727,2.6969201424,1.3130024595,1.6930296453,0.45708706121,0.51509910599,0.94374008707,0.6686915481,1.3325877073,0.45673404284
123.0,2.0338693051,1.7227431702,1.5397977762,2.2380514601,2.137114613,2.6526456515,1.8689552748,1.6865137485,0.65953583967,2.6526550965,2.4530124231,1.7066469866,0.43000030093,1.6236640653,2.7205993212,1.9231929926,1.1290655914,2.578456224,2.6600157587,1.2924449447,1.6676317269,0.4490253723,0.50521878288,0.92823772238,0.65725402832,1.3117726192,0.44864861256
123.5,2.0044684781,1.6970572519,1.5163833107,2.2063035021,2.1065185395,2.616326536,1.8415015911,1.6612722502,0.64827010556,2.6163358814,2.4188635361,1.6811582145,0.42251611361,1.5991998031,2.6835538441,1.8950936612,1.1110299055,2.5429371909,2.6236175675,1.2722191527,1.6426228774,0.44111641056,0.49556818214,0.91300090617,0.64602315147,1.291292444,0.440718028
124.0,1.975498392,1.6717619426,1.4933334934,2.1750102493,2.0763655397,2.5805059276,1.8144579611,1.6364163694,0.63720762058,2.5805151742,2.3851928191,1.6560578423,0.41517476759,1.575112327,2.6470135009,1.867411326,1.0932925752,2.5079092618,2.5877186091,1.2523195767,1.6179970158,0.43335709755,0.48614120281,0.89802491111,0.63499499639,1.2711416404,0.43293911742
124.5,1.9469526533,1.6468511884,1.4706425147,2.1441651274,2.046649125,2.5451769667,1.7878181605,1.6119400979,0.6263445337,2.5451861154,2.3519935377,1.631339836,0.40797331913,1.5513957107,2.6109713944,1.8401397045,1.0758485015,2.4733656213,2.5523120197,1.2327408036,1.5937481579,0.42574442038,0.4769319238,0.88330509711,0.62416571971,1.2513147614,0.42530877802
125.0,1.9188249645,1.6223190312,1.4483046597,2.1137616584,2.0173629028,2.5103328886,1.7615760612,1.5878375226,0.61567707017,2.5103419403,2.3192590528,1.6069982575,0.40090888931,1.5280441234,2.5754207214,1.8132726104,1.0586926751,2.4392995488,2.5173910304,1.2134775128,1.5698704149,0.41827543026,0.46793459831,0.8688369096,0.61353155426,1.2318064523,0.41782397434
125.5,1.8911091229,1.5981596066,1.4263143063,2.0837934585,1.9885005753,2.4759670216,1.7357256294,1.5641028245,0.60520152997,2.4759759772,2.2869828197,1.5830272624,0.39397866252,1.5050518273,2.5403547718,1.786803952,1.0418201752,2.4057044175,2.4829489653,1.1945244741,1.5463579919,0.41094724105,0.45914364819,0.85461587795,0.60308880749,1.2126114494,0.41048173671
126.0,1.8637990188,1.574367143,1.4046659239,2.0542542372,1.9600559378,2.4420727863,1.7102609243,1.5407302768,0.59491428623,2.4420816466,2.2551583861,1.5594210987,0.38717988499,1.4824131772,2.5057669274,1.7607277305,1.0252261672,2.3725736928,2.4489792405,1.1758765466,1.5232051862,0.40375702787,0.45055365855,0.84063761385,0.59283385989,1.1937245781,0.40327915976
126.5,1.8368886345,1.5509359596,1.3833540722,2.0251377957,1.9320228775,2.408643694,1.6851760966,1.5177142438,0.58481178377,2.4086524599,2.2237793912,1.5361741057,0.38050986335,1.4601226179,2.4716506602,1.7350380388,1.008905902,2.3399009311,2.4154753629,1.1575286767,1.5004063857,0.39670202576,0.44215937254,0.82689780973,0.58276316358,1.1751407519,0.39621340097
127.0,1.8103720426,1.5278604653,1.3623733989,1.9964380255,1.9043953719,2.3756733453,1.6604653872,1.4950491789,0.5748905376,2.3756820177,2.192839564,1.5132807117,0.37396596323,1.4381746835,2.4379995317,1.7097290602,0.99285471365,2.3076797786,2.382430929,1.1394758971,1.4779560676,0.38977952827,0.43395568632,0.81339223726,0.57287324072,1.1568549702,0.3892816792
127.5,1.7842434048,1.5051351571,1.3417186389,1.9681489076,1.8771674878,2.3431554293,1.6361231257,1.4727296235,0.56514713145,2.3431640091,2.1623327227,1.4907354335,0.36754560785,1.4165639958,2.4048071914,1.6847950667,0.97706801847,2.2759039698,2.3498396234,1.1217133245,1.4558487973,0.38298688625,0.42593764415,0.80011674579,0.56316068215,1.1388623173,0.38248127331
128.0,1.7584969705,1.4827546186,1.3213846128,1.9402645102,1.8503333796,2.311083722,1.6121437288,1.4507502058,0.55557821642,2.31109221,2.1322527728,1.4685328742,0.36124627675,1.3952852624,2.3720673755,1.6602304176,0.96154131314,2.2445673268,2.3176952176,1.1042361591,1.4340792261,0.37632150651,0.41810043375,0.78706726094,0.55362214594,1.1211579607,0.37580952078
128.5,1.7331270752,1.4607135189,1.3013662251,1.9127789883,1.8238872883,2.2794520853,1.5885216994,1.4291056386,0.54618050953,2.2794604823,2.1025937061,1.4466677223,0.35506550444,1.3743332758,2.3397739061,1.6360295587,0.94627017344,2.2136637573,2.2859915692,1.0870396822,1.4126420907,0.36978085061,0.41043938171,0.7742397831,0.54425435603,1.1037371498,0.36926381642
129.0,1.7081281396,1.439006611,1.2816584631,1.8856865821,1.7978235398,2.2482544657,1.5652516248,1.407790719,0.53695079243,2.2482627727,2.0733495993,1.4251347501,0.34900087911,1.3537029121,2.3079206894,1.6121870202,0.93125025279,2.1831872542,2.2547226202,1.0701192557,1.3915322113,0.3633624336,0.40294994913,0.76163038601,0.53505410086,1.0865952141,0.36284161102
129.5,1.6834946682,1.4176287304,1.2622563954,1.8589816157,1.7721365442,2.2174848932,1.5423281757,1.3868003262,0.52788591001,2.217493111,2.0445146133,1.4039288125,0.34305004145,1.3333891289,2.2765017152,1.5886974159,0.91647728083,2.1531318937,2.2238823961,1.0534703199,1.3707444903,0.35706382292,0.39562772738,0.74923521541,0.52601823204,1.0697275625,0.35654041011
130.0,1.6592212478,1.396574794,1.2431551708,1.8326584958,1.7468207941,2.1871374803,1.5197461046,1.3661294205,0.51898276917,2.1871456096,2.0160829913,1.3830448455,0.3372106834,1.313386965,2.2455110554,1.5655554417,0.90194706206,2.1234918348,2.1934650048,1.0370883926,1.3502739113,0.35088263716,0.38846843402,0.73705048765,0.51714366308,1.0531296812,0.35035777269
130.5,1.6353025466,1.3758397987,1.2243500167,1.8067117108,1.7218708633,2.1572064203,1.4975002449,1.3457730421,0.51023833749,2.157214462,1.9880490581,1.362477865,0.33148054696,1.2936915381,2.2149428629,1.5427558746,0.88765547447,2.0942613175,2.1634646354,1.0209690675,1.3301155372,0.34481654494,0.38146790882,0.72507248834,0.50842736811,1.0367971329,0.34429131007
131.0,1.6117333125,1.3554188199,1.2058362379,1.7811358294,1.6972814062,2.1276859869,1.4755855093,1.3257263094,0.50164964203,2.1276939419,1.9604072188,1.3422229657,0.32585742306,1.2742980442,2.1847913706,1.5202935709,0.87359846825,2.0654346623,2.1338755568,1.0051080133,1.3102645096,0.33886326384,0.37462210999,0.71329757106,0.49986638062,1.020725555,0.33833868463
131.5,1.5885083724,1.3353070108,1.1876092151,1.7559254991,1.6730471558,2.0985705326,1.4539968888,1.3059844183,0.49321376812,2.0985784016,1.9331519577,1.3222753192,0.32033915043,1.255201756,2.1550508901,1.4981634656,0.85977206445,2.0370062685,2.1046921172,0.98950097175,1.290716047,0.33302055932,0.36792711043,0.70172215607,0.4914577923,1.0049106588,0.33249760872
132.0,1.5656226307,1.3154996004,1.1696644041,1.7310754458,1.6491629231,2.0698544878,1.4327294512,1.2865426406,0.48492785811,2.0698622718,1.9062778371,1.3026301737,0.31492361448,1.2363980218,2.1257158108,1.4763605708,0.84617235373,2.0089706134,2.0759087423,0.97414375693,1.2714654438,0.3272862436,0.36137909423,0.69034272902,0.48319875178,0.98934822792,0.3267658435
132.5,1.5430710681,1.295991893,1.1519973343,1.7065804718,1.6256235958,2.0415323598,1.4117783403,1.2673963227,0.47678911028,2.0415400594,1.8797794962,1.283282852,0.30960874627,1.217882264,2.0967805991,1.4548799745,0.83279549507,1.9813222513,2.0475199349,0.95903225375,1.2525080689,0.32165817472,0.35497435315,0.67915583978,0.47508646352,0.97403411701,0.32114119785
133.0,1.5208487406,1.2767792664,1.1346036073,1.6824354555,1.6024241368,2.0135987314,1.3911387742,1.2485408847,0.46879477766,2.0136063475,1.8536516501,1.2642287505,0.30439252142,1.1996499783,2.0682397965,1.4337168397,0.8196377146,1.9540558122,2.0195202733,0.94416241673,1.2338393647,0.31613425544,0.34870928338,0.66815810115,0.46711818665,0.9589642507,0.3156215273
133.5,1.4989507783,1.2578571714,1.1174788961,1.6586353494,1.5795595837,1.9860482603,1.3708060446,1.229971819,0.46094216694,1.9860557937,1.8278890886,1.2454633385,0.29927295914,1.1816967322,2.0400880197,1.412866403,0.80669530435,1.9271660008,1.9919044105,0.92953026884,1.215454846,0.31071243234,0.34258038224,0.65734618773,0.45929123385,0.94413462228,0.31020473297
134.0,1.4773723843,1.2392211298,1.1006189435,1.6351751799,1.5570250472,1.9588756778,1.3507755156,1.2116846893,0.45322863732,1.9588831292,1.8024866752,1.2269821561,0.29424812118,1.1640181639,2.0123199585,1.3923239734,0.79396462105,1.9006475956,1.9646670734,0.91513190031,1.1973500984,0.30539069481,0.33658424511,0.64671683473,0.45160297029,0.92954129257,0.30488876057
134.5,1.4561088333,1.220866734,1.0840195614,1.6120500455,1.5348157102,1.9320757876,1.3310426223,1.1936751291,0.44565159952,1.932083158,1.7774393461,1.2087808139,0.2893161109,1.1466099813,1.9849303755,1.3720849316,0.78144208503,1.8744954476,1.9378030611,0.90096346742,1.1795207774,0.30016707411,0.33071756243,0.63626683682,0.44405081252,0.91518038871,0.29967159938
135.0,1.4351554711,1.2027896454,1.0676766292,1.5892551161,1.5129268267,1.9056434654,1.3116028698,1.1759388411,0.43820851469,1.9056507554,1.7527421091,1.1908549917,0.28447507231,1.1294679605,1.9579141049,1.3521447283,0.76912417901,1.8487044796,1.9113072447,0.88702119139,1.1619626075,0.29503964249,0.32497711677,0.62599304703,0.43663222744,0.901048103,0.29455128127
135.5,1.414507713,1.1849855936,1.051586093,1.5667856321,1.4913537206,1.8795736573,1.2924518322,1.1584715956,0.43089689337,1.8795808677,1.7283900424,1.1732004369,0.27972318914,1.1125879453,1.9312660516,1.3324988837,0.75700744702,1.8232696849,1.8851745657,0.87330135726,1.1446713807,0.29000651225,0.31935978,0.61589237564,0.42934473131,0.88714069186,0.28952587977
136.0,1.394161043,1.1674503751,1.0357439645,1.5446369028,1.4700917851,1.8538613791,1.2735851515,1.1412692298,0.42371429454,1.8538685107,1.7043782941,1.155812964,0.27505868394,1.0959658454,1.9049811898,1.3131429859,0.74508849328,1.7981861266,1.8594000353,0.85980031274,1.1276429557,0.28506583488,0.31386251065,0.60596178909,0.4221858887,0.87345447462,0.28459350914
136.5,1.3741110126,1.1501798524,1.0201463197,1.5228043061,1.449136481,1.8285017153,1.2549985366,1.1243276464,0.41665832458,1.8285087688,1.6807020806,1.1386884533,0.2704798172,1.0795976357,1.8790545627,1.2940726903,0.73336398114,1.7734489364,1.8339787335,0.84651446719,1.1108732567,0.28021580022,0.30848235117,0.59619830896,0.41515331152,0.85998583252,0.27975232343
137.0,1.3543532399,1.1331699528,1.0047892979,1.5012832867,1.4284833362,1.8034898182,1.2366877621,1.1076428128,0.40972663637,1.8034967944,1.6573566861,1.1218228497,0.26598488648,1.0634793555,1.8534812812,1.2752837183,0.72183063201,1.7490533138,1.8089058081,0.8334402905,1.0943582722,0.27545463559,0.3032164255,0.5865990109,0.4082446581,0.84673120756,0.27500051562
137.5,1.3348834088,1.1164166674,0.9896691008,1.480069356,1.4081279446,1.7788209068,1.2186486673,1.0912107599,0.40291692828,1.7788278066,1.6343374615,1.105212162,0.2615722256,1.0476071067,1.8282565229,1.2567718564,0.71048522432,1.724994525,1.7841764734,0.82057431205,1.0780940542,0.27078060501,0.29806193651,0.57716102363,0.4014576322,0.83368710155,0.27033631674
138.0,1.3156972674,1.0999160501,0.97478199146,1.4591580903,1.3880659651,1.7544902662,1.2008771554,1.0750275812,0.39622694333,1.7544970902,1.6116398233,1.0888524615,0.25724020378,1.0319770537,1.8033755314,1.2385329549,0.69932459248,1.701267902,1.75978601,0.8079131197,1.0620767173,0.26619200839,0.2930161637,0.56788152793,0.3947899821,0.82085007498,0.26575799504
138.5,1.2967906276,1.0836642168,0.96012429311,1.4385451305,1.3682931204,1.7304932463,1.1833691922,1.0590894317,0.38965446819,1.7304999952,1.5892592528,1.0727398814,0.25298722487,1.0165854216,1.7788336153,1.2205629276,0.68834562592,1.677868842,1.7357297631,0.79545335879,1.0463024371,0.26168718071,0.28807646084,0.55875775568,0.38823949975,0.8082167461,0.26126385515
139.0,1.2781593638,1.0676573439,0.9456923883,1.4182261806,1.3488051963,1.7068252612,1.1661208053,1.0433925269,0.38319733242,1.7068319357,1.5671912951,1.0568706154,0.24881172656,1.0014284957,1.7546261474,1.20285775,0.67754526807,1.6547928058,1.7120031423,0.7831917311,1.03076745,0.25726449133,0.28324025379,0.5497869889,0.38180401981,0.79578378986,0.25685223726
139.5,1.2597994123,1.051891668,0.93148271788,1.3981970074,1.3295980409,1.6834817879,1.1491280833,1.027933142,0.37685340747,1.6834883889,1.5454315584,1.0412409171,0.24471217962,0.98650262022,1.7307485635,1.1854134588,0.66692051542,1.6320353176,1.6886016203,0.77112499392,1.0154680514,0.25292234317,0.27850503831,0.5409665588,0.37548141884,0.78354793696,0.25252151638
140.0,1.2417067699,1.0363634843,0.91749178005,1.3784534388,1.3106675631,1.6604583662,1.1323871746,1.0127076107,0.37062060596,1.6604648943,1.5239757129,1.0258470988,0.24068708715,0.97180419769,1.7071963619,1.1682261511,0.65646841654,1.609591964,1.6655207319,0.75924995906,1.0004005957,0.24865917205,0.27386837799,0.53229384487,0.36926961444,0.77150597288,0.2482701015
140.5,1.2238774933,1.0210691461,0.90371612944,1.3589913636,1.2920097325,1.6377505969,1.1158942863,0.99771232452,0.36449688077,1.637757053,1.5028194899,1.0106855305,0.23673498385,0.95732968767,1.6839651026,1.1512919831,0.64618607118,1.5874583926,1.6427560738,0.74756349193,0.98556149427,0.24447344592,0.26932790226,0.52376627396,0.36316656443,0.75965473697,0.24409643492
141.0,1.2063076983,1.0060050638,0.89015237611,1.3398067303,1.2736205778,1.6153541419,1.0996456839,0.98294373157,0.35848022425,1.6153605265,1.4819586811,0.99575263939,0.23285443533,0.94307560598,1.6610504059,1.1346071693,0.63607062935,1.5656303117,1.620303303,0.73606251062,0.97094721551,0.2403636642,0.26488130436,0.51538131943,0.35717026603,0.74799112149,0.23999899142
141.5,1.1889935584,0.99116770374,0.87679718473,1.3208955462,1.2554961862,1.5932647223,1.0836376898,0.96839833591,0.35256866744,1.5932710362,1.4613891375,0.98104490849,0.2290440374,0.9290385238,1.6384479522,1.1181679817,0.6261192904,1.5441034893,1.5981581363,0.72474398496,0.95655428335,0.23632835708,0.26052633956,0.50713650022,0.35127875506,0.7365120707,0.23597627763
142.0,1.1719313045,0.97655358772,0.86364727361,1.3022538767,1.2376327025,1.5714781187,1.0678666827,0.95407269655,0.34676027928,1.5714843626,1.441106769,0.96655887598,0.2253024154,0.91521506671,1.616153481,1.1019707489,0.61632930219,1.5228737523,1.5763163497,0.71360493567,0.94237927652,0.2323660849,0.25626082322,0.49902938007,0.3454901052,0.72521458001,0.23202683129
142.5,1.1551172237,0.96215929175,0.85069941385,1.2838778442,1.2200263285,1.5499901694,1.0523290967,0.93996342656,0.34105316587,1.549996344,1.4211075429,0.95229113426,0.22162822354,0.90160191387,1.5941627898,1.0860118552,0.60669796015,1.5019369855,1.5547737771,0.70264243343,0.9284188277,0.22847543741,0.2520826291,0.49105756663,0.33980242719,0.71409569505,0.22814922055
143.0,1.1385476586,0.94798144535,0.83795042848,1.2657636275,1.2026733215,1.5287967704,1.0370214204,0.92606719223,0.33544546968,1.5288028764,1.4013874836,0.93823832911,0.21802014424,0.88819579709,1.5724717336,1.0702877397,0.59722260653,1.4812891309,1.5335263098,0.6918535981,0.91466962261,0.22465503323,0.24798968761,0.48321871067,0.33421386809,0.70315251084,0.22434204334
143.5,1.1222190063,0.93401673073,0.82539719159,1.2479074608,1.1855699942,1.5078938739,1.0219401959,0.91238071218,0.32993536886,1.507899912,1.3819426719,0.92439715882,0.21447688755,0.87499350006,1.5510762241,1.0547948955,0.58790062946,1.460926187,1.5125698957,0.68123559778,0.90112839918,0.22090351919,0.24397998417,0.47551050525,0.32872261058,0.69238217092,0.22060392667
144.0,1.1061277176,0.92026188184,0.81303662749,1.2303056331,1.1687127135,1.4872774882,1.0070820184,0.89890075658,0.32452107652,1.487283459,1.3627692435,0.91076437336,0.21099719047,0.86199185742,1.5299722288,1.0395298688,0.57872946223,1.4408442079,1.4919005384,0.67078564805,0.88779194672,0.2172195697,0.24005155757,0.46793068496,0.32332687222,0.68178186655,0.21693352605
144.5,1.0902702966,0.90671368368,0.8008657099,1.2129544872,1.1520978997,1.4669436763,0.99244353486,0.88562414628,0.31920084002,1.4669495805,1.3438633889,0.89733677355,0.2075798164,0.84918775401,1.5091557703,1.0244892583,0.56970658241,1.4210393027,1.4715142967,0.66050101112,0.87465710506,0.21360188621,0.23620249846,0.46047702514,0.31802490476,0.67134883587,0.2133295248
145.0,1.0746432991,0.89336897136,0.78888146114,1.1958504189,1.1357220257,1.4468885555,0.97802144369,0.87254775202,0.31397294029,1.4468943938,1.3252213524,0.88411121027,0.20422355453,0.83657812401,1.4886229256,1.0096697141,0.56082951112,1.4015076342,1.4514072834,0.65037899504,0.86172076378,0.21004919657,0.2324309478,0.45314734111,0.31281499347,0.66108036311,0.2097906335
145.5,1.0592433327,0.88022462941,0.77708095131,1.1789898765,1.1195816163,1.4271082967,0.96381249352,0.85966849364,0.30883569115,1.4271140698,1.3068394313,0.87108458364,0.20092721926,0.82415995017,1.4683698252,0.99506793703,0.55209581221,1.3822454189,1.4315756649,0.64041695292,0.84897986137,0.20656025452,0.22873509544,0.44593948742,0.30769545643,0.65097377777,0.20631558935
146.0,1.0440670552,0.86727759092,0.76546129754,1.1623693596,1.1036732476,1.4075991235,0.94981348267,0.84698333925,0.30378743869,1.407604832,1.2887139752,0.85825384224,0.19768964967,0.81193026302,1.4483926526,0.98068067808,0.54350309155,1.3632489257,1.4120156604,0.63061228213,0.8364313845,0.20313383911,0.22511317866,0.43885135716,0.30266464392,0.6410264539,0.20290315563
146.5,1.0291111746,0.85452483681,0.75401966318,1.1459854187,1.0879935458,1.3883573115,0.93602125831,0.83448930453,0.29882656057,1.3883629561,1.270841385,0.84561598235,0.19450970896,0.7998861401,1.4286876433,0.96650473725,0.53504899623,1.3445144755,1.392723541,0.62096242356,0.8240723672,0.19976875414,0.22156348086,0.43188088119,0.29772093775,0.63123580928,0.19955212108
147.0,1.0143724477,0.84196339507,0.74275325709,1.1298346544,1.0725391869,1.3693791875,0.92243271573,0.82218345191,0.29395146542,1.3693847688,1.2532181126,0.83316804718,0.19138628392,0.78802470518,1.4092510843,0.95253696305,0.52673121388,1.3260384401,1.3736956293,0.61146486087,0.81189989011,0.19646382768,0.21808433019,0.4250260275,0.29286275064,0.62159930471,0.19626129941
147.5,0.99984767983,0.82959033999,0.73165933285,1.1139137165,1.0573068954,1.350661129,0.90904479755,0.81006288985,0.28916059225,1.3506666477,1.23584066,0.82090712614,0.18831828438,0.77634312753,1.3900793133,0.9387742517,0.5185474719,1.3078172419,1.3549282983,0.60211711977,0.79991107977,0.19321791149,0.21467409826,0.41828480044,0.28808852561,0.61211444328,0.19302952868
148.0,0.98553372375,0.81740279142,0.72073518806,1.0982193035,1.0422934444,1.3321995634,0.89585449303,0.79812477211,0.2844524098,1.3322050201,1.2187055784,0.80883035406,0.18530464276,0.76483862122,1.3711687181,0.92521354636,0.51049553681,1.2898473531,1.3364179711,0.59291676726,0.78810310783,0.19002988059,0.21133119894,0.41165524015,0.28339673536,0.60277876962,0.18985567086
148.5,0.97142747924,0.80539791411,0.70997816359,1.0827481616,1.0274956542,1.3139909672,0.88285883732,0.78636629701,0.27982541596,1.3139963625,1.2018094679,0.79693491054,0.18234431352,0.75350844432,1.3525157358,0.91185183646,0.50257321351,1.2721252946,1.3181611198,0.58386141096,0.77647319037,0.18689863268,0.20805408711,0.40513542179,0.2787858817,0.59358986918,0.18673861121
149.0,0.95752589221,0.79357291691,0.6993856429,1.0674970843,1.0129103916,1.2960318656,0.87005491077,0.77478470673,0.27527813722,1.2960372002,1.1851489763,0.78521801916,0.1794362727,0.74234989826,1.3341168521,0.89868615697,0.49477834463,1.254647636,1.3001542653,0.57494869841,0.76501858717,0.18382308772,0.20484125752,0.39872345498,0.27425449494,0.5845453676,0.18367725787
149.5,0.94382595408,0.78192505215,0.68895505135,1.0524629115,0.99853456983,1.2783188314,0.85743983823,0.7633772866,0.27080912805,1.2783241059,1.1687207989,0.77367694684,0.17657951745,0.73136032711,1.3159686009,0.88571358767,0.48710880985,1.2374109942,1.2823939761,0.56617631636,0.75373660102,0.18080218745,0.20169124365,0.3924174831,0.26980113338,0.57564292994,0.1806705413
150.0,0.93032470106,0.77045161489,0.67868385545,1.0376425291,0.98436514716,1.2608484848,0.84501078831,0.75214136445,0.26641697042,1.2608536998,1.1525216775,0.76230900313,0.17377306555,0.72053711686,1.2980675633,0.87293125252,0.47956252523,1.2204120335,1.2648768682,0.55754199013,0.74262457701,0.1778348949,0.19860261658,0.3862156827,0.26542438267,0.56688026009,0.17771741384
150.5,0.91701921346,0.75914994227,0.66856956228,1.0230328678,0.97039912663,1.2436174924,0.8327649728,0.74107430987,0.26210027316,1.2436226486,1.1365483998,0.75111153953,0.17101595498,0.70987769482,1.280410367,0.86033631894,0.47213744262,1.2036474642,1.2475996038,0.54904348294,0.7316799019,0.17492019394,0.195573984,0.38011626287,0.26112285537,0.55825510003,0.17481684919
151.0,0.9039066151,0.74801741287,0.65860971876,1.008630903,0.95663355528,1.2266225669,0.82069964591,0.73017353359,0.25785767152,1.2266276648,1.1207977991,0.74008194883,0.16830724345,0.69937952885,1.2629936861,0.84792599715,0.46483154894,1.1871140424,1.2305588914,0.54067859525,0.7209000034,0.17205708889,0.19260398909,0.37411746466,0.25689519032,0.54976522923,0.17196784199
151.5,0.89098407254,0.73705144599,0.64880191104,0.99443365398,0.94306552346,1.2098604661,0.80881210367,0.71943648681,0.25368782659,1.2098655062,1.1052667529,0.72921766445,0.16564600799,0.68904012682,1.2458142397,0.83569753954,0.45764286566,1.1708085693,1.2137514845,0.53244516413,0.71028234956,0.16924460401,0.1896913096,0.36821756047,0.2527400522,0.54140846402,0.16916940736
152.0,0.87824879456,0.72624950107,0.6391437638,0.98043818301,0.92969216427,1.1933279923,0.79709968325,0.70886066058,0.2495894248,1.1933329754,1.0899521833,0.71851615979,0.16303134453,0.67885703588,1.2288687922,0.82364823999,0.45056944812,1.1547278906,1.1971741814,0.52434106264,0.69982444808,0.16648178314,0.18683465682,0.36241485347,0.24865613095,0.53318265691,0.16642058044
152.5,0.86569803143,0.71560907701,0.62963293971,0.96664159501,0.91651065285,1.1770219922,0.78555976234,0.69844358511,0.24556117744,1.1770269188,1.0748510552,0.7079749476,0.16046236749,0.66882784187,1.2121541517,0.81177543324,0.44360938495,1.1388688956,1.1808238243,0.51636419923,0.68952384573,0.16376768927,0.18403277469,0.35670767703,0.24464214132,0.52508569603,0.16372041599
153.0,0.85332907431,0.70512771156,0.62026713873,0.95304103681,0.90351820578,1.1609393556,0.77418975854,0.6881828292,0.24160182014,1.1609442264,1.0599603768,0.69759157938,0.15793820934,0.65895016868,1.1956671702,0.8000764943,0.4367607975,1.1232285171,1.1646972991,0.50851251709,0.67937812769,0.1611014041,0.18128443885,0.35109439421,0.24069682236,0.5171155045,0.16106798793
153.5,0.84113925467,0.69480298072,0.61104409754,0.93963369656,0.89071208051,1.1450770153,0.76298712872,0.67807599961,0.2377101124,1.1450818307,1.0452771981,0.68736364473,0.15545802027,0.64922167765,1.1794047427,0.78854883778,0.43002183923,1.1078037302,1.1487915343,0.5007839936,0.66938491694,0.15848202771,0.17858845577,0.34557339714,0.23681893694,0.50927003981,0.15846238897
154.0,0.82912594364,0.68463249813,0.60196158895,0.92641680313,0.87808957467,1.1294319462,0.7519493684,0.66812074044,0.23388483716,1.1294367068,1.0307986111,0.67728877076,0.15302096776,0.63964006697,1.1633638065,0.77718991731,0.42339069518,1.0925915522,1.1331035007,0.49317663974,0.65954187368,0.15590867812,0.17594366192,0.34014310654,0.23300727129,0.5015472933,0.15590273019
154.5,0.81728655143,0.67461391444,0.59301742128,0.91338762548,0.86564802555,1.1140011648,0.7410740112,0.65831473257,0.23012480025,1.1140058713,1.0165217482,0.66736462149,0.1506262362,0.63020307107,1.1475413408,0.76599722495,0.41686558141,1.0775890416,1.1176302107,0.4856884995,0.64984669469,0.15338049094,0.17334892288,0.33480197117,0.22926063453,0.49394528951,0.1533881415
155.0,0.80561852674,0.66474491678,0.5842094378,0.90054347212,0.85338480947,1.0987817289,0.73035862821,0.64865569302,0.22642883003,1.0987863818,1.0024437829,0.65758889728,0.14827302658,0.62090846005,1.1319343659,0.75496829061,0.41044474441,1.0627932981,1.1023687181,0.47831764932,0.64029711281,0.15089661898,0.1708031326,0.32954846733,0.22557785823,0.48646208569,0.15091781627
155.5,0.79411935618,0.65502322815,0.57553551616,0.88788169051,0.84129734121,1.0837707366,0.71980082743,0.63914137444,0.2227957769,1.0837753365,0.98856192799,0.64795933425,0.14596055606,0.61175403913,1.1165399431,0.74410068141,0.40412646062,1.0482014614,1.0873161168,0.47106219756,0.63089089632,0.14845623192,0.16830521258,0.32438109832,0.22195779594,0.47909577119,0.14849322556
156.0,0.7827865637,0.64544660685,0.56699356783,0.87539966648,0.82938307346,1.068965326,0.7093982532,0.6297695645,0.21922451288,1.0689698734,0.97487343582,0.63847370369,0.14368805766,0.60273764802,1.1013551735,0.73339200119,0.39790903589,1.033810711,1.0724695409,0.46392028393,0.62162584837,0.14605851592,0.16585411111,0.31929839401,0.2183993228,0.47184446692,0.1460970251
156.5,0.77161771003,0.63601284594,0.55858153754,0.86309482371,0.81763949623,1.0543626747,0.69914858564,0.62053808537,0.21571393116,1.0543671701,0.9613755974,0.62912981154,0.14145477993,0.59385716046,1.086377198,0.7228398899,0.39179080493,1.0196182654,1.0578261639,0.45689007898,0.61249980647,0.1437026733,0.16344880211,0.31429891027,0.21490133509,0.46470632486,0.14366511986
157.0,0.76061039212,0.6267197727,0.55029740277,0.85096462312,0.8060641363,1.0399599989,0.68904954007,0.61144479312,0.21226294573,1.0399644429,0.94806574188,0.61992549781,0.1392599863,0.58511048358,1.0716031965,0.71244202307,0.38577013083,1.005621382,1.0433831981,0.44996978355,0.60351064188,0.14138792221,0.16108826132,0.30938122856,0.21146274982,0.45767952748,0.14127404514
157.5,0.74976224262,0.61756524805,0.54213917316,0.83900656238,0.7946545567,1.0257545532,0.67909886652,0.60248757724,0.20887049095,1.0257589465,0.93494123606,0.61085863607,0.13710295485,0.57649555743,1.0570303875,0.70219611124,0.37984540459,0.99181735606,1.0291378942,0.44315762828,0.59465625915,0.13911349625,0.15877017829,0.30454395542,0.20808250432,0.45076228725,0.13892618057
158.0,0.73907092929,0.60854716606,0.53410489005,0.82721817533,0.78340835615,1.0117436303,0.66929434916,0.59366436005,0.20553552113,1.0117479732,0.92199948386,0.6019271329,0.13498297875,0.56801035443,1.0426560271,0.69209989946,0.37401504455,0.97820352048,1.0150875407,0.43645187308,0.5859345955,0.1368786442,0.15644096815,0.29978572204,0.20475955585,0.44395284612,0.13662074512
158.5,0.72853415453,0.5996634534,0.52619262592,0.81559703149,0.77232316853,0.99792455961,0.65963380578,0.58497309625,0.20225701018,0.99792885276,0.90923792572,0.59312892736,0.13289936542,0.55965287884,1.0284774095,0.68215116672,0.36827749601,0.96477724513,1.0012294634,0.42985080665,0.57734362039,0.1346826297,0.15302414067,0.29510518379,0.2014928812,0.43724947506,0.1343569167
159.0,0.71814965484,0.59091206886,0.5184004839,0.80414073552,0.7613966624,0.98429470773,0.65011508726,0.57641177234,0.19903395121,0.98429895164,0.89665403819,0.58446199051,0.1308514362,0.55142116627,1.0144918652,0.67234772548,0.36263123067,0.95153593641,0.98756102474,0.42335274598,0.56888133494,0.13252473089,0.14941228671,0.29050101978,0.19828147633,0.4306504735,0.13213388915
159.5,0.70791520028,0.58229100279,0.51072659728,0.7928469267,0.75062654041,0.97085147732,0.6407360771,0.56797840615,0.19586535612,0.9708556725,0.88424533331,0.57592432486,0.12883852601,0.54331328318,1.0006967616,0.66268742112,0.35707474622,0.93847703672,0.97407962356,0.41695603588,0.56054577144,0.13040424018,0.14589397779,0.28597193243,0.19512435596,0.4241541689,0.12995087291
160.0,0.69782859402,0.57379827665,0.50316912902,0.78171327843,0.74001053888,0.9575923068,0.63149469086,0.55967104634,0.19275025531,0.95759645377,0.8720093582,0.56751396391,0.12685998311,0.53532732635,0.98708950199,0.65316813146,0.35160656588,0.92559802394,0.96078269444,0.41065904852,0.5523349929,0.12832046389,0.14247256259,0.28151664705,0.19202055323,0.41775891627,0.12780709468
160.5,0.68788767177,0.56543194252,0.49572627123,0.77073749776,0.72954642724,0.94451466983,0.62238887572,0.5514877719,0.18968769725,0.9445187691,0.8599436945,0.55922897164,0.12491516881,0.52746142244,0.97366752489,0.64378776623,0.34622523791,0.91289641096,0.94766770719,0.40446018291,0.5442470925,0.12627272199,0.13914515351,0.2771339114,0.18896911934,0.4114630977,0.12570179706
161.0,0.67809030138,0.55719008256,0.48839624475,0.75991732485,0.71923200756,0.93161607486,0.61341660995,0.54342669171,0.18667674814,0.93162012694,0.84804595791,0.55106744205,0.12300345716,0.51971372748,0.96042830399,0.63454426665,0.34092933525,0.90036974519,0.93473216645,0.39835786453,0.53628019315,0.12426034784,0.13590885121,0.27282249531,0.18596912318,0.40526512187,0.12363423822
161.5,0.66843438226,0.54907080863,0.48117729867,0.74925053251,0.70906511408,0.9188940646,0.60457590248,0.53548594399,0.18371649161,0.91889807,0.8363137977,0.54302749866,0.12112423469,0.51208242642,0.94736934742,0.62543560487,0.33571745501,0.88801560806,0.92197361113,0.39235054479,0.528432447,0.12228268785,0.13276085268,0.26858119025,0.18301965101,0.39916342367,0.12160369153
162.0,0.65891784501,0.54107226172,0.47406770984,0.73873492576,0.69904361272,0.90634621558,0.59586479237,0.5276636959,0.18080602832,0.90635017479,0.82474489624,0.53510729406,0.11927690018,0.50456573266,0.93448819733,0.61645978355,0.33058821809,0.87583161456,0.90938961399,0.38643670067,0.52070203497,0.12033910127,0.12969844966,0.26440880898,0.18011980608,0.39315646369,0.11960944527
162.5,0.64953865085,0.53319261157,0.46706578246,0.72836834128,0.68916540062,0.89397013766,0.58728134839,0.51995814308,0.17794447568,0.89397405117,0.81333696852,0.52730500943,0.11746086436,0.49716188758,0.92178242943,0.6076148354,0.32554026876,0.86381541278,0.89697778117,0.38061483425,0.51308716634,0.1184289599,0.1267190252,0.26030418508,0.17726870838,0.38724272782,0.11765080229
163.0,0.64029479123,0.5254300562,0.46016984761,0.71814864704,0.67942840567,0.88176347359,0.57882366856,0.51236750916,0.17513096748,0.8817673419,0.8020877617,0.51961885414,0.11567554965,0.48986916013,0.90924965255,0.59889882266,0.32057227424,0.85196468344,0.88473575168,0.37488347228,0.50558607822,0.11655164784,0.12382005033,0.25626617266,0.17446549421,0.38142072684,0.11572707967
163.5,0.63118428736,0.51778282142,0.45337826284,0.70807374177,0.66983058604,0.86972389856,0.57048987968,0.50489004534,0.17236465361,0.86972772215,0.79099505464,0.51204706525,0.11392038996,0.48268584634,0.89688750814,0.59030983672,0.31568292433,0.84027713943,0.87266119701,0.36924116577,0.49819703519,0.11470656119,0.12099908083,0.25229364595,0.17170931594,0.37568899594,0.11383760846
164.0,0.62220518976,0.51024916047,0.44668941171,0.69814155455,0.66036992979,0.85784911972,0.56227813688,0.49752402996,0.16964469973,0.85785289908,0.78005665749,0.5045879071,0.11219483041,0.47561026895,0.88469366985,0.58184599765,0.31087093096,0.82875052536,0.86075182066,0.36368648958,0.49091832881,0.11289310789,0.11825375419,0.2483854989,0.16899934168,0.37004609438,0.11198173333
164.5,0.61335557779,0.50282735351,0.44010170339,0.68835004436,0.65104445435,0.84613687578,0.55418662324,0.49026776806,0.16697028696,0.84614061137,0.76927041118,0.49723967086,0.1104983271,0.46864077691,0.87266584312,0.57350545375,0.30613502786,0.81738261714,0.84900535768,0.35821804204,0.4837482772,0.11111070739,0.11558178663,0.2445406449,0.16633475496,0.36449060504,0.11015881233
165.0,0.60463355928,0.49551570726,0.43361357224,0.67869719963,0.64185220614,0.83458493655,0.54621354928,0.48311959098,0.1643406116,0.83458862884,0.75863418704,0.49000067416,0.10883034687,0.46177574502,0.86080176469,0.56528638112,0.30147397015,0.80617122154,0.83741957426,0.35283444451,0.47668522465,0.10935879048,0.11298097023,0.24075801633,0.16371475444,0.35902113403,0.10836821654
165.5,0.59603727006,0.48831255453,0.42722347742,0.66918103783,0.63279126015,0.8231911025,0.53835715262,0.47607785589,0.16175488481,0.82319475198,0.74814588637,0.48286926061,0.1071903671,0.45501357349,0.84909920221,0.55718698325,0.29688653399,0.79511417572,0.82599226728,0.34753434101,0.46972754117,0.107636799,0.11044917025,0.23703656431,0.16113855362,0.35363631031,0.10660932984
166.0,0.58756487354,0.48121625388,0.42092990244,0.65979960506,0.62385971946,0.81195320439,0.5306156975,0.46914094546,0.15921233233,0.8119568115,0.73780343997,0.47584379941,0.10557787546,0.44835268756,0.83755595379,0.54920549063,0.29237151617,0.78420934687,0.81472126392,0.34231639787,0.46287362211,0.10594418565,0.10798432246,0.23337525831,0.15860538055,0.3483347853,0.1048815486
166.5,0.57921456031,0.47422518913,0.41473135482,0.6505509756,0.61505571487,0.80086910278,0.5229874744,0.46230726738,0.15671219424,0.80087266799,0.72760480776,0.46892268499,0.10399236975,0.44179153705,0.82616984762,0.54134016026,0.28792773382,0.77345463173,0.8036044212,0.33717930329,0.45612188772,0.10428041378,0.10558443063,0.22977308579,0.15611447756,0.3431152325,0.10318428146
167.0,0.57098454774,0.46733776903,0.40862636568,0.64143325149,0.6063774045,0.78993668769,0.51547079965,0.45557525403,0.15425372461,0.78994021144,0.71754797837,0.46210433653,0.10243335909,0.43532859604,0.81493874152,0.53358927533,0.28355402398,0.76284795625,0.79263962561,0.33212176703,0.4494707828,0.10264495711,0.10324756408,0.22622905196,0.15366510095,0.33797634711,0.101516949
167.5,0.56287307956,0.46055242683,0.40261348935,0.63244456219,0.59782297334,0.77915387812,0.50806401499,0.44894336204,0.15183619128,0.77915736087,0.7076309687,0.45538719766,0.10090043857,0.4289623624,0.80386052256,0.52595114475,0.27924924332,0.75238727509,0.78182479265,0.32714252001,0.4429187763,0.10103729958,0.10097185539,0.22274217936,0.15125652077,0.3329168457,0.099878983527
168.0,0.55487842547,0.45386761994,0.39669130302,0.6235830641,0.5893906329,0.76851862172,0.50076548723,0.44241007195,0.14945887559,0.76852206391,0.69785182357,0.44876973601,0.099396451136,0.42269135748,0.79293310666,0.51842410284,0.27501226774,0.74207057131,0.77115786651,0.32224031397,0.43646436091,0.099456935117,0.098755498079,0.21931150763,0.14888802052,0.3279354658,0.098269828833
168.5,0.54699888076,0.44728182948,0.39085840633,0.61484694025,0.58107862079,0.75802889435,0.49357360784,0.4359738878,0.14712107212,0.75803229644,0.68820861528,0.44225044287,0.097920823838,0.41651412572,0.78215443818,0.51100650886,0.27084199211,0.73189585594,0.7606368196,0.31741392111,0.43010605272,0.097903367432,0.096596744525,0.21593609315,0.14655889689,0.3230309656,0.096688939916
169.0,0.53923276591,0.44079355998,0.38511342106,0.60623439984,0.57288520034,0.74768269973,0.48648679255,0.42963333676,0.14482208841,0.74768606213,0.67869944324,0.4358278328,0.096460146976,0.41042923425,0.77152248954,0.50369674667,0.26673732985,0.72186116755,0.75025965219,0.31266213377,0.42384239083,0.096376109818,0.094493903826,0.21261500875,0.14426845953,0.31820212356,0.095135782765
169.5,0.53157842625,0.43440133898,0.37945499073,0.59774367789,0.56480866025,0.73747806899,0.47950348103,0.42338696881,0.14256124473,0.73748139215,0.66932243358,0.42950044325,0.095037032979,0.40443527257,0.76103526084,0.49649322438,0.26269721268,0.71196457194,0.74002439204,0.30798376403,0.41767193698,0.094874684956,0.092445339825,0.20934734341,0.14201603078,0.31344773809,0.093609834116
170.0,0.52403423152,0.42810371667,0.37388178027,0.58937303487,0.55684731416,0.72741306037,0.47262213649,0.41723335631,0.14033787386,0.72741634471,0.66007573881,0.42326683426,0.093529465044,0.39853085217,0.75069077947,0.48939437392,0.25872059029,0.70220416172,0.72992909401,0.30337764348,0.41159327522,0.093398624729,0.090449469181,0.20613220199,0.13980094544,0.30876662724,0.092110581225
170.5,0.51659857559,0.42189926554,0.36839247567,0.58112075634,0.54899950031,0.7174857588,0.46584124531,0.4111710937,0.1381513208,0.71748900474,0.65095753737,0.41712558802,0.091954133941,0.39271460618,0.74048709975,0.48239865073,0.25480642999,0.69257805592,0.71997183967,0.29884262277,0.40560501153,0.091947470028,0.088504759515,0.20296870492,0.13762255051,0.30415762831,0.090637521645
171.0,0.50926987602,0.41578658001,0.36298578363,0.57298515254,0.54126358122,0.70769427553,0.45915931672,0.40519879716,0.13600094256,0.7076974835,0.64196603334,0.41107530861,0.090405612578,0.38698518904,0.73042230257,0.4755045334,0.25095371645,0.68308439968,0.71015073696,0.2943775714,0.3997057735,0.090520770574,0.086609727631,0.19985598792,0.13548020499,0.29961959758,0.089190163007
171.5,0.50204657378,0.40976427613,0.35766043126,0.56496455807,0.53363794325,0.6980367478,0.4525748824,0.3993151042,0.13388610796,0.69803991821,0.63309945603,0.40511462158,0.088885744646,0.38134127615,0.72049449498,0.46871052326,0.24716145137,0.67372136383,0.7004639198,0.28998137732,0.39389420995,0.089118084736,0.084762937798,0.19679320174,0.13337327962,0.29515140999,0.087768022807
172.0,0.49492713282,0.40383099122,0.3524151657,0.55705733153,0.5261209963,0.68851133844,0.4460864962,0.39351867342,0.13180619733,0.68851447171,0.62435605964,0.39924217366,0.087393998449,0.37578156355,0.7107018099,0.46201514413,0.24342865322,0.66448714455,0.69090954777,0.28565294668,0.38816899064,0.087738979356,0.082963000102,0.19377951187,0.13130115666,0.29075195879,0.086370628194
172.5,0.48791003979,0.39798538351,0.34724875386,0.54926185517,0.51871117348,0.67911623556,0.43969273375,0.38780818408,0.12976060238,0.67911933209,0.61573412293,0.39345663241,0.08592981134,0.37030476757,0.70104240572,0.45541694189,0.2397543569,0.65537996303,0.68148580572,0.28139120349,0.3825288059,0.086383029579,0.081208568854,0.19081409831,0.12926322968,0.28642015526,0.084997515767
173.0,0.48099380368,0.39222613185,0.34215998202,0.54157653452,0.51140693069,0.66984965216,0.43339219214,0.38218233585,0.1277487259,0.66985271235,0.60723194881,0.38775668591,0.084492631983,0.36490962452,0.69151446596,0.44891448418,0.23613761349,0.64639806512,0.67219090342,0.27719508933,0.37697236633,0.085049818683,0.079498341062,0.18789615525,0.12725890334,0.28215492842,0.083648231377
173.5,0.47417695547,0.38655193538,0.33714765562,0.53399979811,0.50420674638,0.66070982582,0.42718348959,0.37663984847,0.12576998162,0.66071285008,0.59884786406,0.38214104241,0.083081920841,0.35959489038,0.68211619894,0.4425063601,0.23257748997,0.63753972098,0.66302307526,0.27306356305,0.37149840248,0.083738937917,0.077831054956,0.18502489088,0.12528759318,0.2779552247,0.082322329929
174.0,0.46745804783,0.38096151319,0.33221059886,0.52653009706,0.49710912116,0.65169501834,0.42106526515,0.37117946139,0.12382379393,0.65169800707,0.59058021899,0.37660843005,0.081697149924,0.35435934048,0.67284583741,0.43619117983,0.22907306895,0.62880322472,0.65398057986,0.2689956005,0.36610566452,0.082449986336,0.076205488573,0.18219952709,0.1233487254,0.27382000769,0.081019375193
174.5,0.46083565477,0.37545360406,0.32734765444,0.51916590481,0.49011257747,0.64280351543,0.41503617835,0.36579993353,0.12190959774,0.64280646901,0.58242738705,0.37115759649,0.080337802527,0.3492017692,0.66370163827,0.42996757433,0.22562344837,0.62018689412,0.64506169978,0.26499019421,0.36079292195,0.081182570647,0.074620458388,0.17941929925,0.12144173667,0.26974825782,0.079738939614
175.0,0.45430837134,0.37002696607,0.32255768328,0.51190571679,0.4832156593,0.63403362636,0.4090949089,0.36050004294,0.12002683824,0.63403654518,0.57438776457,0.3657873087,0.07900337297,0.34412098963,0.65468188218,0.42383419506,0.22222774126,0.61168907025,0.63626474115,0.26104635317,0.35555896327,0.079936305056,0.073074817999,0.17668345596,0.11956607392,0.26573897208,0.078480604134
175.5,0.44787481331,0.36468037639,0.31783956419,0.50474805007,0.47641693183,0.62538368361,0.40324015638,0.35527858647,0.11817497072,0.62538656806,0.56645977039,0.36049635254,0.077693366354,0.33911583334,0.64578487329,0.41778971361,0.21888507548,0.60330811717,0.62758803337,0.25716310246,0.35040259572,0.078710811113,0.071567456862,0.1739912588,0.11772119416,0.26179116378,0.077243958007
176.0,0.44153361685,0.35941263092,0.31319219359,0.49769144307,0.46971498115,0.61685204263,0.39747063994,0.35013437953,0.11635346039,0.61685489308,0.55864184558,0.35528353257,0.076407298309,0.33418515005,0.63700893886,0.41183282143,0.21559459345,0.59504242162,0.6190299288,0.2533394831,0.34532264493,0.077505717565,0.070097299066,0.17134198214,0.11590656428,0.25790386222,0.076028598632
176.5,0.43528343823,0.354222544,0.30861448526,0.49073445522,0.46310841391,0.60843708143,0.391785098,0.34506625577,0.11456178216,0.60843989827,0.5509324531,0.35014767169,0.075144694761,0.32932780732,0.62835242901,0.40596222953,0.21235545193,0.58689039267,0.6105888024,0.24957455166,0.34031795468,0.076320660216,0.068663302165,0.16873491286,0.11412166085,0.25407611249,0.074834131375
177.0,0.42912295355,0.34910894817,0.30410537001,0.48387566672,0.45659585707,0.60013720035,0.38618228794,0.34007306679,0.11279942047,0.60013998394,0.54333007748,0.34508761088,0.073905091697,0.3245426903,0.61981371635,0.40017666816,0.20916682173,0.57885046145,0.60226305149,0.24586738012,0.3353873866,0.07515528178,0.067264456035,0.16616935016,0.11236596996,0.25030697515,0.073660169406
177.5,0.42305085839,0.34407069384,0.29966379546,0.47711367817,0.45017595758,0.59195082168,0.38066098585,0.33515368188,0.11106586912,0.59195357241,0.53583322456,0.34010220891,0.072688034742,0.31982870147,0.61139119571,0.39447488656,0.2060278875,0.57092108081,0.59405109535,0.2422170555,0.33052981987,0.074009231746,0.065899781792,0.1636446053,0.11063898701,0.246595526,0.072506333536
178.0,0.41706586757,0.33910664901,0.29528872572,0.47044711029,0.44384738207,0.58387638943,0.3752199862,0.33030698772,0.10936063108,0.58387910765,0.52844042114,0.33519034207,0.071493054964,0.3151847603,0.60308328382,0.38885565261,0.20293784749,0.56310072503,0.585951375,0.23862267969,0.32574415098,0.072882166238,0.064568330733,0.16116000145,0.10894021656,0.24294085583,0.071372252055
178.5,0.41116671481,0.33421569903,0.29097914118,0.46387460367,0.43760881656,0.57591236897,0.36985810157,0.3255318881,0.10768321833,0.57591505503,0.52115021471,0.33035090388,0.070319714251,0.31060980304,0.594888419,0.38331775263,0.1998959133,0.55538788954,0.57796235287,0.23508336918,0.32102929341,0.071773747889,0.063269183327,0.15871487343,0.10726917215,0.23934207014,0.070257560576
179.0,0.40535215252,0.32939674632,0.28673403818,0.45739481842,0.43145896621,0.56805724675,0.3645741624,0.32082730369,0.10603315168,0.56805990103,0.51396117316,0.32558280484,0.069167614478,0.30610278243,0.5868050609,0.377859991,0.19690130965,0.54778109061,0.57008251249,0.23159825479,0.31638417741,0.070683645706,0.062001448235,0.15630856749,0.10562537612,0.23579828894,0.069161901883
179.5,0.39962095144,0.32464871006,0.28255242883,0.45100643393,0.425396555,0.56030953006,0.35936701669,0.31619217175,0.10440996058,0.5603121529,0.50687188448,0.32088497216,0.068036339358,0.30166266744,0.57883169017,0.37248118999,0.19395327418,0.54027886503,0.56231035821,0.22816648147,0.3118077497,0.069611534942,0.060764261369,0.15394044114,0.10400835944,0.23230864648,0.068084925782
180.0,0.39397190043,0.319970526,0.2784333407,0.44470814857,0.41942032548,0.55266774665,0.35423552975,0.31162544585,0.102813183,0.55267033841,0.49988095648,0.31625634947,0.066925480757,0.29728844303,0.57096680822,0.36718018941,0.19105105722,0.53287976989,0.55464441492,0.22478720802,0.30729897325,0.068557096976,0.059556784985,0.15160986296,0.10241766159,0.22887229101,0.067026288954
180.5,0.38840380617,0.31536114613,0.2743758166,0.43849867943,0.41352903848,0.54513044454,0.34917858391,0.30712609568,0.10124236526,0.54513300557,0.49298701653,0.31169589662,0.065834639106,0.29297910986,0.56320893686,0.36195584638,0.18819392154,0.52558238224,0.54708322779,0.22145960692,0.30285682699,0.067520019186,0.058378206806,0.14931621234,0.10085283031,0.22548838457,0.065985654812
181.0,0.3829154929,0.3108195385,0.27037891433,0.43237676203,0.40772147285,0.53769619169,0.34419507828,0.30269310671,0.099697061832,0.53769872233,0.48618871123,0.30720258937,0.064763423219,0.28873368409,0.55555661811,0.35680703507,0.18538114218,0.51838529886,0.53962536192,0.21818286403,0.29848030556,0.066499994835,0.057227739179,0.14705887936,0.099313421563,0.22215610274,0.064962693362
181.5,0.37750580217,0.30634468691,0.26644170643,0.42634115007,0.40199642519,0.53036357573,0.33928392851,0.29832548002,0.098176835237,0.53036607631,0.47948470621,0.30277541919,0.063711450106,0.2845511971,0.54800841386,0.35173264644,0.18261200621,0.51128713593,0.53226940214,0.21495617843,0.29416841909,0.065496722948,0.056104618261,0.14483726455,0.097798999267,0.21887463443,0.063957081065
182.0,0.37217359255,0.30193559069,0.26256327996,0.42039061514,0.39635270958,0.52313120369,0.33444406649,0.29402223201,0.096681255864,0.52313367456,0.4728736858,0.29841339296,0.062678344791,0.28043069525,0.54056290563,0.34673158796,0.17988581255,0.50428652881,0.5250139527,0.21177876217,0.28992019293,0.064509908202,0.055008103234,0.14265077873,0.096309135216,0.21564318164,0.062968500704
182.5,0.3669177394,0.29759126444,0.25874273627,0.41452394651,0.39078915736,0.51599770176,0.32967444017,0.28978239417,0.095209901832,0.51600014325,0.46635435281,0.2941155328,0.061663740134,0.27637123968,0.53321869428,0.34180278339,0.17720187175,0.49738213176,0.51785763702,0.20864984004,0.28573466745,0.063539260812,0.053937475547,0.1404988428,0.094843408909,0.21246095925,0.061996641253
183.0,0.36173713464,0.29331073785,0.25497919076,0.40873995082,0.38530461683,0.50896171498,0.32497401325,0.28560501287,0.093762358842,0.50896412743,0.45992542824,0.28988087576,0.060667276654,0.27237190602,0.52597439978,0.33694517253,0.17455950578,0.49057261765,0.51079909741,0.2055686494,0.28161089775,0.062584496423,0.052892038188,0.13838088761,0.093401407402,0.20932719484,0.061041197748
183.5,0.35663068647,0.28909305538,0.25127177264,0.40303745185,0.37989795302,0.50202190703,0.32034176496,0.28148914908,0.092338220036,0.50202429076,0.45358565103,0.28570847364,0.059688602364,0.26843178422,0.51882866091,0.33215771097,0.17195804787,0.48385667776,0.50383699482,0.20253443994,0.27754795346,0.061645335999,0.051871114978,0.13629635373,0.091982725174,0.20624112843,0.060101871165
184.0,0.35159731912,0.2849372761,0.24761962475,0.39741529028,0.37456804747,0.49517695993,0.31577668986,0.27743387818,0.090937085856,0.49517931525,0.44733377783,0.28159739273,0.058727372601,0.26454997828,0.51178013501,0.32743936986,0.16939684228,0.47723302144,0.49697000857,0.19954647347,0.27354491852,0.060721505722,0.05087404989,0.1342446913,0.090586963982,0.2032020123,0.059178368293
184.5,0.34663597266,0.28084247343,0.24402190331,0.39187232344,0.36931379793,0.4884255738,0.31127779755,0.27343828972,0.089558563907,0.48842790105,0.44116858271,0.27754671361,0.057783249865,0.26072560604,0.50482749777,0.32278913564,0.16687524412,0.47070037596,0.49019683614,0.19660402375,0.26960089094,0.059812736885,0.049900206398,0.13222535989,0.089213732726,0.20020911077,0.058270401617
185.0,0.3417456027,0.27680773492,0.24047777772,0.38640742505,0.36413411819,0.48176646664,0.30684411248,0.2695014872,0.088202268824,0.48176876612,0.43508885694,0.27355553089,0.056855903661,0.25695779898,0.49796944292,0.31820600988,0.16439261921,0.46425748616,0.48351619285,0.19370637626,0.26571498258,0.058918765794,0.04894896684,0.13023782826,0.087862647315,0.19726170003,0.0573776892
185.5,0.33692518023,0.27283216203,0.23698643034,0.38101948503,0.35902793778,0.47519837403,0.30247467373,0.26562258787,0.08686782214,0.47520064607,0.42909340875,0.26962295304,0.055945010345,0.25324570198,0.49120468201,0.31368900897,0.16194834381,0.45790311427,0.47692681168,0.19085282802,0.26188631895,0.05803933367,0.048019731808,0.12828157426,0.086533330536,0.19435906792,0.056499954569
186.0,0.33217369132,0.26891486993,0.2335470563,0.37570740919,0.35399420179,0.46872004895,0.29816853473,0.26180072247,0.085554852155,0.46872229385,0.42318106309,0.26574810214,0.05505025297,0.24958847313,0.48453194417,0.30923716395,0.15954180454,0.45163603968,0.47042744299,0.1880426874,0.25811403897,0.057174186547,0.047111919563,0.12635608467,0.085225411926,0.19150051374,0.055636926601
186.5,0.32749013696,0.26505498727,0.23015886328,0.37047011909,0.3490318706,0.46233026148,0.29392476311,0.25803503506,0.084262993811,0.46233247955,0.41735066137,0.26193011366,0.054171321143,0.24598528351,0.47794997588,0.30484952029,0.15717239812,0.44545505863,0.46401685429,0.18527527394,0.25439729478,0.056323075184,0.046224965459,0.124460855,0.083938527642,0.18868534806,0.054788339417
187.0,0.32287353278,0.26125165597,0.22682107132,0.36530655172,0.34413991971,0.4560277986,0.28974244046,0.25432468281,0.082991888569,0.45602999015,0.41160106126,0.2581681363,0.053307910877,0.24243531699,0.4714575407,0.30052513764,0.15483953125,0.43935898405,0.45769383002,0.18254991812,0.25073525154,0.055485754965,0.045358321402,0.12259538936,0.082672320344,0.18591289256,0.053953932269
187.5,0.31832290888,0.25750403103,0.22353291261,0.36021565936,0.33931733944,0.44981146398,0.2856206621,0.25066883578,0.081741184285,0.44981362929,0.40593113643,0.25446133171,0.052459724453,0.23893777,0.46505341906,0.29626308962,0.15254262042,0.43334664528,0.45145717129,0.17986596125,0.24712708718,0.054661985817,0.044511455314,0.12075920031,0.081426439065,0.1831824798,0.053133449439
188.0,0.31383730959,0.25381128032,0.22029363131,0.35519640929,0.3345631348,0.44368007766,0.28155853688,0.24706667672,0.080510535093,0.44368221705,0.40033977636,0.25080887438,0.051626470278,0.23549185141,0.45873640803,0.29206246363,0.15028109175,0.42741688787,0.44530569566,0.17722275523,0.24357199227,0.053851532112,0.043683850624,0.1189518087,0.080200539099,0.18049345308,0.052326640135
188.5,0.30941579325,0.25017258437,0.21710248336,0.35024778363,0.3298763252,0.43763247595,0.27755518699,0.24351740087,0.079299601284,0.43763458971,0.39482588608,0.24720995136,0.050807862759,0.23209678223,0.45250532108,0.28792236066,0.14805438082,0.42156857335,0.43923823692,0.17461966241,0.24006916977,0.053054162585,0.042875005774,0.11717274354,0.078994281882,0.17784516624,0.051533258392
189.0,0.30505743203,0.24658713617,0.21395873628,0.34536877909,0.32525594429,0.4316675111,0.27360974775,0.2400202158,0.078108049197,0.43166959951,0.38938838598,0.2436637621,0.050003622163,0.22875179551,0.44635898787,0.28384189502,0.14586193251,0.41580057899,0.43325364487,0.17205605539,0.23661783485,0.052269650247,0.042084433744,0.11542154185,0.077807334875,0.17523698349,0.05075306297
189.5,0.30076131172,0.24305414101,0.21086166899,0.34055840675,0.32070103972,0.42578405112,0.2697213674,0.23657434116,0.076935551102,0.42578611448,0.38402621158,0.24016951827,0.049213474494,0.22545613609,0.44029625403,0.2798201942,0.14370320084,0.41011179759,0.42735078509,0.16953131689,0.23321721471,0.051497772304,0.041311661586,0.11369774849,0.076639371457,0.17266827926,0.04998581726
190.0,0.29652653148,0.23957281626,0.20781057164,0.33581569189,0.31621067295,0.4199809796,0.26588920691,0.23317900853,0.075781785092,0.41998301819,0.37873831333,0.23672644353,0.048437151367,0.22220906045,0.43431598091,0.27585639864,0.14157764883,0.40450113729,0.42152853873,0.16704483953,0.22986654838,0.050738310071,0.040556229984,0.11200091609,0.075490070808,0.170138438,0.049231289191
190.5,0.29235220372,0.23614239119,0.20480474543,0.33113967375,0.31178391906,0.41425719542,0.2621124398,0.22983346125,0.074646434972,0.41425920952,0.37352365635,0.23333377339,0.047674389884,0.21900983652,0.42841704542,0.27194966154,0.13948474833,0.39896752132,0.41578580227,0.16459602572,0.22656508654,0.049991048893,0.039817692822,0.11033060483,0.07435911781,0.16764685403,0.048489251135
191.0,0.28823745384,0.23276210678,0.2018435024,0.32652940536,0.3074198665,0.4086116126,0.25839025191,0.22653695417,0.073529190157,0.4086136025,0.36838122031,0.229990755,0.046924932517,0.21585774347,0.42259833977,0.26809914869,0.13742397988,0.39350988781,0.41012148736,0.16218428746,0.22331209135,0.049255778069,0.039095616771,0.10868638236,0.073246202931,0.16519293139,0.047759479818
191.5,0.28418142006,0.22943121556,0.19892616531,0.32198395331,0.30311761695,0.40304316007,0.25472184126,0.22328875356,0.072429745565,0.40304512604,0.36330999915,0.22669664696,0.046188526989,0.21275207158,0.41685877127,0.26430403824,0.13539483255,0.38812718958,0.40453452057,0.15980904618,0.22010683623,0.048532290773,0.038389580885,0.10706782368,0.07215102213,0.16277608365,0.047041756232
192.0,0.28018325323,0.22614898139,0.19605206744,0.31750239756,0.29887628512,0.39755078146,0.25110641786,0.22008813686,0.071347801515,0.39755272378,0.3583090009,0.22345071918,0.045464926161,0.20969212205,0.41119726216,0.26056352055,0.13339680382,0.38281839393,0.39902384321,0.15746973263,0.21694860574,0.047820383977,0.037699176219,0.10547451096,0.07107327675,0.16039573379,0.046335865548
192.5,0.27624211665,0.22291467935,0.19322055242,0.31308383126,0.29469499851,0.39213343492,0.24754320348,0.21693439253,0.07028306363,0.39213535385,0.3533772475,0.22025225264,0.044753887923,0.20667720679,0.40561274935,0.25687679798,0.1314293994,0.37758248245,0.39358841108,0.15516578668,0.21383669537,0.047119858381,0.037024005446,0.10390603344,0.070012673421,0.158051314,0.045641597031
193.0,0.27235718587,0.2197275955,0.19043097407,0.30872736056,0.29057289728,0.38679009287,0.24403143152,0.21382681989,0.069235242734,0.38679198869,0.34851377459,0.21710053931,0.044055175079,0.20370664832,0.40010418427,0.25324308474,0.12949213314,0.37241845082,0.38822719436,0.15289665718,0.21077041138,0.046430518338,0.036363682506,0.10236198734,0.06896892396,0.15574226558,0.04495874396
193.5,0.26852764851,0.21658702673,0.18768269626,0.3044321044,0.28650913404,0.38151974188,0.24057034684,0.21076472895,0.068204054759,0.38152161484,0.34371763132,0.2139948819,0.043368555247,0.20077977956,0.39467053263,0.24966160666,0.12758452684,0.36732530859,0.3829391773,0.15066180182,0.20774907062,0.045752171783,0.035717832246,0.10084197566,0.067941745275,0.15346803874,0.044287103542
194.0,0.26475270409,0.21349228062,0.18497509272,0.30019719434,0.28250287365,0.3763213824,0.23715920553,0.20774744023,0.067189220653,0.37632323277,0.33898788014,0.21093459372,0.042693800751,0.19789594366,0.38931077425,0.24613160109,0.12570611015,0.36230207903,0.37772335812,0.148460687,0.2047720004,0.045084630165,0.035086090092,0.099345608147,0.066930859274,0.15122809251,0.043626476838
194.5,0.26103156386,0.21044267526,0.18230754688,0.2960217744,0.27855329309,0.37119402861,0.2337972748,0.2047742846,0.066190466279,0.37119585665,0.33432359665,0.20791899852,0.042030688522,0.19505449386,0.38402390288,0.24265231665,0.12385642043,0.35734779891,0.37257874878,0.14629278763,0.20183853828,0.044427708379,0.034468101715,0.097872501111,0.06593599277,0.14902189453,0.042976668681
195.0,0.25736345059,0.20743753906,0.17967945177,0.29190500082,0.27465958123,0.36613670823,0.23048383277,0.20184460311,0.065207522335,0.36613851419,0.32972386939,0.20494743034,0.041378999998,0.19225479334,0.37880892597,0.23922301312,0.12203500262,0.35246151832,0.36750437479,0.14415758706,0.19894803195,0.043781224698,0.033863522719,0.096422277345,0.064956877389,0.14684892097,0.042337487604
195.5,0.25374759846,0.20447621063,0.1770902098,0.28784604194,0.27082093868,0.36114846232,0.22721816834,0.19895774688,0.064240124256,0.36115024646,0.32518779966,0.20201923332,0.040738521024,0.18949621504,0.37366486452,0.23584296122,0.12024140909,0.34764230049,0.36249927501,0.14205457689,0.19609983904,0.043145000709,0.033272018336,0.094994566001,0.063993249485,0.14470865634,0.041708745762
196.0,0.25018325282,0.20155803859,0.17453923264,0.28384407802,0.26703657763,0.3562283451,0.22399958099,0.19611307688,0.063288012132,0.35623010768,0.32071450134,0.19913376158,0.040109041762,0.18677814153,0.36859075285,0.2325114425,0.11847519955,0.34288922158,0.35756250151,0.13998325688,0.19329332699,0.042518861247,0.032693263131,0.093589002478,0.06304485005,0.14260059339,0.041090258861
196.5,0.24666967009,0.19868238145,0.17202594109,0.27989830102,0.26330572165,0.35137542379,0.22082738065,0.19330996381,0.062350930621,0.35137716505,0.31630310073,0.19629037903,0.039490356597,0.18409996482,0.36358563849,0.22922774913,0.11673594092,0.33820137054,0.35269311935,0.13794313476,0.1905278729,0.041902634337,0.032126940714,0.092205228318,0.062111424631,0.14052423295,0.040481846087
197.0,0.24320611754,0.19584860743,0.16954976491,0.27600791449,0.25962760555,0.34658877838,0.21770088753,0.19054778796,0.061428628863,0.34659049857,0.31195273633,0.19348845923,0.038882264044,0.18146108628,0.35864858194,0.22599118377,0.11502320718,0.33357784893,0.34789020641,0.13593372614,0.18780286335,0.041296151128,0.031572743468,0.090842891091,0.061192723244,0.13847908382,0.039883330036
197.5,0.23979187317,0.19305609432,0.1671101427,0.27217213337,0.25600147521,0.34186750153,0.21461943195,0.18782593902,0.0605208604,0.34186920088,0.30766255874,0.19072738526,0.038284566662,0.17886091642,0.35377865649,0.22280105941,0.11333657927,0.32901777071,0.34315285321,0.13395455437,0.18511769427,0.040699245833,0.031030372281,0.089501644299,0.060288500292,0.13646466263,0.039294536646
198.0,0.23642622553,0.19030422932,0.16470652172,0.26839018382,0.2524265874,0.3372106983,0.21158235421,0.18514381598,0.059627383096,0.33721237707,0.30343173041,0.18800654956,0.037697070967,0.1762988748,0.34897494809,0.21965669918,0.11167564498,0.3245202621,0.33848016277,0.1320051504,0.18247177083,0.040111755674,0.03049953629,0.088181147264,0.059398514486,0.13448049369,0.03871529513
198.5,0.23310847359,0.18759240892,0.16233835782,0.26466130309,0.24890220966,0.33261748609,0.20858900445,0.18250082695,0.058747959054,0.3326191445,0.29925942556,0.18532535378,0.037119587347,0.17377438985,0.34423655515,0.21655743627,0.11003999882,0.32008446138,0.33387125038,0.1300850527,0.17986450721,0.03953352082,0.029979952626,0.086881065032,0.058522528764,0.1325261089,0.038145437908
199.0,0.22983792654,0.18492003874,0.16000511524,0.26098473932,0.24542762009,0.32808699436,0.20563874245,0.17989638907,0.057882354541,0.32808863266,0.29514482991,0.18268320863,0.036551929979,0.17128689878,0.33956258836,0.21350261368,0.10842924192,0.31570951876,0.32932524349,0.12819380707,0.17729532655,0.038964384335,0.029471346178,0.085601068272,0.057660310216,0.1306010476,0.037584800549
199.5,0.22661390367,0.18228653339,0.1577062665,0.25735975142,0.24200210724,0.32361836456,0.20273093753,0.17732992829,0.057030339913,0.32361998297,0.29108714061,0.18007953376,0.035993916751,0.16883584738,0.33495217055,0.21049158418,0.10684298192,0.3113945962,0.32484128149,0.12633096656,0.17476366076,0.038404192116,0.02897344936,0.084340833178,0.056811630005,0.12870485648,0.037033221703
200.0,0.22343573422,0.17969131633,0.15544129229,0.25378560888,0.23862496994,0.31921074988,0.19986496839,0.1748008793,0.056191689537,0.31921234864,0.28708556604,0.17751375762,0.035445369179,0.16642068995,0.3304044365,0.20752371006,0.10528083283,0.30713886722,0.3204185156,0.12449609136,0.1722689504,0.037852792847,0.028486001882,0.083100041371,0.055976263295,0.12683708941,0.036490543041
200.5,0.22030275723,0.17713381975,0.1532096813,0.25026159165,0.23529551714,0.31486331517,0.19704022298,0.17230868537,0.055366181717,0.3148648945,0.28313932565,0.17498531732,0.034906112335,0.16404088912,0.32591853279,0.20459836309,0.10374241496,0.30294151678,0.31605610865,0.12268874865,0.16981064454,0.037310037938,0.028008750533,0.081878379807,0.055153989175,0.12499730736,0.035956609196
201.0,0.21721432139,0.1746134844,0.15101093014,0.24678698997,0.2320130678,0.31057523671,0.19425609833,0.16985279823,0.054553598629,0.31057679685,0.2792476498,0.17249365847,0.034375974764,0.16169591573,0.32149361763,0.20171492428,0.10222735481,0.2988017411,0.31175323497,0.12090851252,0.16738820063,0.036775781479,0.02754144897,0.080675540686,0.05434459059,0.12318507829,0.035431267704
201.5,0.21416978491,0.1721297595,0.14884454318,0.24336110423,0.22877695067,0.30634570209,0.19151200046,0.16743267792,0.05375372624,0.30634724326,0.27540977965,0.1700382351,0.03385478842,0.15938524873,0.31712886071,0.19887278381,0.10073528492,0.29471874751,0.3075090802,0.11915496383,0.16500108438,0.036249880183,0.027083857512,0.079491221355,0.053547854269,0.12139997701,0.034914368945
202.0,0.21116851534,0.16968210258,0.14671003244,0.23998324479,0.22558650424,0.30217391007,0.18880734419,0.16504779267,0.052966354248,0.30217543248,0.27162496694,0.16761850949,0.033342388585,0.15710837501,0.31282344304,0.19607134086,0.099265843856,0.29069175429,0.30332284115,0.11742769011,0.16264876961,0.035732193343,0.026635742945,0.078325124225,0.052763570658,0.11964158506,0.034405766089
202.5,0.2082098895,0.16726997938,0.14460691746,0.23665273191,0.22244107653,0.29805907037,0.18614155306,0.16269761877,0.052191276009,0.29806057424,0.26789247389,0.16523395206,0.032838613803,0.15486478932,0.3085765568,0.1933100035,0.097818676014,0.28671999051,0.29919372564,0.11572628546,0.16033073814,0.035222582777,0.026196878328,0.077176956679,0.051991533847,0.11790949066,0.033905315038
203.0,0.20529329327,0.16489286368,0.1425347252,0.23336889552,0.21934002497,0.29400040356,0.18351405914,0.16038164047,0.051428288471,0.29400188911,0.26421157304,0.16288404123,0.032343305813,0.15265399409,0.30438740517,0.19058818851,0.096393431586,0.28280269592,0.29512095236,0.11405035041,0.15804647968,0.034720912782,0.02576704281,0.076046430988,0.05123154151,0.11620328853,0.033412874373
203.5,0.20241812152,0.16255023722,0.14049298992,0.23013107515,0.21628271628,0.28999714092,0.18092430297,0.15809934981,0.05067719211,0.28999860836,0.26058154709,0.16056826333,0.031856309478,0.15047549939,0.3002552022,0.18790532132,0.09498976644,0.27893912074,0.2911037507,0.11239949188,0.15579549166,0.034227050088,0.025346021446,0.074933264225,0.050483394836,0.11452257982,0.032928305304
204.0,0.19958377792,0.16024158957,0.13848125303,0.22693861976,0.21326852629,0.28604852426,0.17837173337,0.15585024655,0.049937790865,0.28604997381,0.25700168878,0.15828611243,0.031377472718,0.14832882275,0.29617917265,0.18526083581,0.093607342026,0.27512852558,0.28714136061,0.11077332298,0.15357727916,0.033740863811,0.024933605028,0.073837178183,0.049746898467,0.11286697201,0.032451471613
204.5,0.19678967485,0.15796641797,0.13649906305,0.22379088759,0.21029683987,0.28215380581,0.17585580736,0.15363383802,0.049209892074,0.28215523767,0.25347130075,0.15603709026,0.030906646451,0.14621348903,0.29215855186,0.18265417422,0.092245825287,0.27137018124,0.28323303249,0.10917146301,0.15139135478,0.033262225407,0.024529589915,0.072757899293,0.049021860431,0.11123607879,0.031982239608
205.0,0.19403523327,0.15572422726,0.1345459754,0.22068724608,0.20736705075,0.27831224802,0.17337599001,0.15144963899,0.048493306415,0.2783136624,0.24998969537,0.15382070608,0.030443684528,0.14412903039,0.28819258557,0.18008478704,0.090904888561,0.26766336862,0.27937802697,0.10759353729,0.1492372385,0.032791008628,0.024133777871,0.071695158542,0.048308092088,0.10962951996,0.031520478069
205.5,0.19131988257,0.15351452976,0.13262155238,0.21762707166,0.2044785614,0.2745231235,0.17093175432,0.1492971716,0.047787847843,0.2745245206,0.24655619464,0.15163647655,0.029988443667,0.14207498609,0.28428052983,0.17755213283,0.089584209496,0.26400737852,0.27557561486,0.10603917709,0.14711445758,0.032327089479,0.023745975905,0.070648691399,0.047605408062,0.10804692136,0.031066058203
206.0,0.18864306044,0.15133684511,0.13072536302,0.21460974969,0.20163078292,0.27078571481,0.16852258112,0.14717596523,0.047093333532,0.27078709484,0.24317013001,0.14948392563,0.029540783399,0.14005090241,0.2804216508,0.17505567817,0.08828347096,0.26040151156,0.27182507693,0.10450801951,0.14502254648,0.031870346177,0.023365996121,0.069618237732,0.046913626186,0.10648791471,0.030618853596
206.5,0.18600421281,0.14919070021,0.12885698297,0.2116346743,0.1988231349,0.26709931437,0.16614795893,0.14508555635,0.046409583814,0.26710067752,0.23983084232,0.14736258449,0.029100566007,0.13805633256,0.27661522468,0.17259489747,0.087002360951,0.25684507801,0.26812570384,0.10299970743,0.14296104667,0.031420659104,0.022993655568,0.068603541735,0.046232567442,0.10495213759,0.030178740163
207.0,0.18340279364,0.14707562908,0.12701599442,0.20870124826,0.19605504527,0.26346322428,0.16380738385,0.14302548845,0.045736422127,0.26346457076,0.23653768158,0.14527199134,0.028667656466,0.13609083655,0.27286053749,0.17016927293,0.085740572517,0.25333739767,0.26447679593,0.10151388936,0.14092950662,0.030977910775,0.022628776099,0.067604351853,0.045562055907,0.1034392333,0.029745596107
207.5,0.18083826487,0.14499117276,0.12520198598,0.20580888287,0.19332595026,0.25987675624,0.16150035947,0.14099531194,0.045073674953,0.25987808624,0.2332900069,0.14321169137,0.028241922393,0.13415398108,0.26915688502,0.16777829435,0.084497803666,0.24987779974,0.26087766319,0.1000502194,0.13892748161,0.030541985786,0.02227118423,0.06662042071,0.044901918692,0.10194885075,0.029319301871
208.0,0.17831009627,0.14293687919,0.12341455258,0.20295699783,0.19063529418,0.25633923138,0.1592263967,0.13899458402,0.044421171769,0.25634054509,0.23008718635,0.14118123665,0.027823233983,0.13224533946,0.26550357263,0.16542145904,0.083273757286,0.24646562267,0.257327625,0.098608357114,0.13695453366,0.030112770787,0.021920711009,0.065651505034,0.044251985893,0.10048064442,0.028899740094
208.5,0.17581776532,0.14091230312,0.12165329536,0.2001450211,0.18798252937,0.25284998012,0.15698501374,0.13702286856,0.043778744986,0.25285127774,0.22692859683,0.13918018598,0.027411463965,0.13036449149,0.26189991518,0.16309827175,0.082068141063,0.24310021405,0.25382601012,0.097187967445,0.13501023143,0.029690154435,0.021577191881,0.06469736559,0.04361209053,0.099034274243,0.028486795571
209.0,0.17336075712,0.13891700601,0.11991782161,0.19737238884,0.18536711605,0.2494083421,0.15477573589,0.13507973604,0.043146229902,0.24940962381,0.22381362394,0.13720810481,0.02700648754,0.12851102335,0.25834523684,0.16080824449,0.080880667403,0.23978093048,0.25037215649,0.095788720644,0.1330941501,0.029274027359,0.021240466566,0.063757767105,0.042982068503,0.0976094055,0.028080355208
209.5,0.17093856428,0.13695055591,0.11820774463,0.1946385452,0.18278852223,0.24601366598,0.1525980955,0.13316476342,0.042523464647,0.24601493197,0.22074166186,0.13526456515,0.026608182338,0.12668452752,0.254838871,0.15855089648,0.079711053349,0.23650713745,0.24696541112,0.094410292172,0.1312058713,0.028864282124,0.020910378935,0.062832478207,0.042361758531,0.096205708764,0.027680307982
210.0,0.16855068677,0.13501252735,0.11652268367,0.19194294231,0.18024622357,0.24266530938,0.15045163183,0.13127753405,0.041910290132,0.24266655984,0.21771211325,0.13334914545,0.026216428362,0.1248846027,0.25138016014,0.156325754,0.078559020508,0.2332782092,0.24360512997,0.093052362618,0.12934498297,0.028460813192,0.020586776892,0.061921271354,0.041751002109,0.094822859796,0.027286544903
210.5,0.16619663184,0.13310250128,0.11486226381,0.18928504007,0.17773970328,0.23936263872,0.14833589097,0.12941763757,0.041306550003,0.23936387382,0.21472438909,0.13146143051,0.025831107941,0.12311085364,0.24796845568,0.1541323503,0.077424294976,0.23009352862,0.24029067783,0.091714617616,0.12751107928,0.028063516891,0.020269512258,0.061023922767,0.041149643452,0.093460539468,0.026898958969
211.0,0.16387591391,0.13122006494,0.11322611588,0.18666430611,0.17526845203,0.23610502909,0.14625042573,0.1275846698,0.040712090583,0.23610624902,0.21177790862,0.12960101139,0.025452105681,0.12136289114,0.24460311792,0.15197022553,0.076306607257,0.22695248712,0.23702142819,0.090396747759,0.12570376055,0.027672291374,0.019958440665,0.060140212369,0.040557529449,0.092118433677,0.026517445132
211.5,0.16158805449,0.12936481177,0.11161387639,0.18408021563,0.1728319678,0.23289186417,0.14419479552,0.12577823267,0.040126760835,0.23289306912,0.20887209915,0.1277674853,0.025079308421,0.1196403319,0.24128351583,0.14983892656,0.075205692195,0.22385448449,0.23379676312,0.089098448528,0.12392263314,0.027287036592,0.019653421439,0.059269923716,0.039974509617,0.090796233264,0.02614190026
212.0,0.159332582,0.12753634131,0.11002518738,0.18153225131,0.17042975581,0.22972253609,0.14216856627,0.1239979341,0.039550412304,0.22972372622,0.20600639601,0.12596045549,0.024712605182,0.11794279841,0.23800902701,0.14773800696,0.074121288902,0.22079892884,0.23061607319,0.087819420202,0.12216730935,0.026907654252,0.019354317505,0.058412843943,0.039400436047,0.089493633936,0.025772223096
212.5,0.15710903176,0.12573425912,0.10845969642,0.17901990323,0.1680613284,0.22659644531,0.14017131035,0.12224338795,0.038982899079,0.2265976208,0.20318024243,0.12417953122,0.024351887124,0.11626991893,0.23477903754,0.14566702685,0.073053140685,0.21778523641,0.22747875726,0.086559367786,0.12043740733,0.026534047793,0.01906099528,0.057568763696,0.038835163366,0.088210336185,0.025408314228
213.0,0.15491694583,0.1239581767,0.10691705644,0.1765426687,0.16572620492,0.2235130005,0.13820260643,0.12051421386,0.038424077742,0.22351416152,0.20039308939,0.12242432759,0.023997047505,0.11462132735,0.23159294186,0.14362555281,0.072000994977,0.21481283154,0.22438422249,0.085318000936,0.11873255103,0.026166122348,0.018773324576,0.056737477072,0.038278548686,0.086946045214,0.025050076045
213.5,0.15275587292,0.12220771134,0.10539692572,0.1741000522,0.16342391164,0.22047161845,0.13626203942,0.11881003722,0.037873807327,0.22047276517,0.19764439555,0.1206944655,0.023647981634,0.1129966631,0.22845014265,0.14161315781,0.070964603269,0.21188114648,0.22133188411,0.084095033879,0.11705237003,0.025803784712,0.018491178507,0.055918781563,0.03773045156,0.085700470855,0.02469741271
214.0,0.1506253683,0.12048248611,0.10389896773,0.1716915653,0.16115398165,0.21747172393,0.13434920035,0.11713048907,0.037331949273,0.21747285653,0.19493362711,0.11898957155,0.02330458683,0.11139557109,0.22535005075,0.13962942107,0.069943721042,0.20898962134,0.2183211654,0.082890185341,0.11539649954,0.025446943317,0.018214433395,0.055112477999,0.037190733943,0.084473327501,0.024350230123
214.5,0.14852499371,0.11878212972,0.10242285112,0.16931672648,0.15891595475,0.21451274963,0.1324636863,0.115475206,0.036798367383,0.21451386827,0.19226025773,0.11730927795,0.022966762381,0.10981770161,0.22229208502,0.13767392802,0.068938107701,0.20613770393,0.21535149752,0.081703178476,0.11376458026,0.025095508195,0.017942968678,0.054318370486,0.03665926014,0.08326433403,0.024008435885
215.0,0.14645431725,0.11710627645,0.10096824959,0.16697506112,0.15670937736,0.21159413597,0.1306051003,0.11384383005,0.036272927783,0.21159524082,0.18962376843,0.11565322243,0.022634409504,0.10826271025,0.21927567224,0.13574627016,0.067947526512,0.20332484972,0.21242231943,0.080533740791,0.1121562583,0.024749390952,0.017676666829,0.053536266353,0.036135896774,0.082073213728,0.023671939268
215.5,0.14441291329,0.11545456604,0.099534841846,0.16466610133,0.15453380241,0.20871533108,0.12877305124,0.11223600869,0.035755498875,0.2087164223,0.18702364746,0.11402104816,0.022307431306,0.10673025781,0.21630024699,0.13384604499,0.066971744536,0.20055052166,0.20953307776,0.079381604079,0.11057118512,0.024408504738,0.017415413267,0.052765976097,0.035620512739,0.080899694227,0.023340651185
216.0,0.1424003624,0.11382664367,0.098122311487,0.1623893859,0.15238878928,0.20587579064,0.12696715379,0.11065139465,0.035245951303,0.20587686839,0.18445939022,0.11241240368,0.021985732742,0.10522001025,0.21336525157,0.13197285592,0.066010532565,0.19781419013,0.20668322676,0.078246504347,0.10900901743,0.024072764218,0.01715909628,0.052007313329,0.035112979159,0.079743507426,0.023014484151
216.5,0.14041625121,0.11222215981,0.096730346952,0.16014446017,0.15027390366,0.20307497778,0.12518702831,0.1090896459,0.034744157909,0.20307604222,0.18193049914,0.11082694278,0.021669220584,0.10373163856,0.21047013587,0.1301263122,0.065063665063,0.19511533279,0.20387222811,0.07712818175,0.10746941711,0.023742085545,0.016907606939,0.051260094721,0.03461316935,0.078604389429,0.022693352262
217.0,0.13846017238,0.11064077017,0.095358641442,0.15793087596,0.1481887175,0.20031236301,0.12343230075,0.10755042557,0.034249993696,0.2003134143,0.1794364836,0.10926432447,0.021357803376,0.10226481872,0.20761435727,0.12830602879,0.064130920106,0.19245343455,0.2010995509,0.076026380521,0.10595205114,0.02341638633,0.01666083903,0.050524139952,0.034120958781,0.077482080472,0.022377171156
217.5,0.13653172445,0.10908213562,0.094006892839,0.15574819147,0.1461328089,0.19758742408,0.12170260257,0.10603340183,0.033763335787,0.19758846237,0.17697685982,0.10772421286,0.021051391404,0.10081923163,0.20479738057,0.12651162631,0.063212079319,0.18982798738,0.19836467146,0.074940848911,0.10445659151,0.023095585618,0.016418688971,0.04979927166,0.033636225037,0.07637632486,0.022065857989
218.0,0.13463051182,0.10754592209,0.092674803637,0.15359597119,0.144105762,0.1948996459,0.1199975707,0.10453824783,0.03328406339,0.19490067136,0.17455115079,0.10620627711,0.020749896657,0.09939456299,0.20201867782,0.12474273094,0.062306927817,0.1872384903,0.19566707332,0.073871339117,0.10298271515,0.022779603861,0.016181055745,0.049085315388,0.033158847776,0.075286870901,0.021759331404
218.5,0.1327561446,0.10603180054,0.091362080868,0.15147378579,0.14210716693,0.19224852045,0.11831684739,0.10306464167,0.032812057759,0.19224953322,0.17215888613,0.10471019131,0.020453232796,0.097990503268,0.1992777283,0.12299897436,0.061415254154,0.18468444922,0.19300624707,0.072817607223,0.10153010385,0.02246836289,0.015947840831,0.048382099537,0.032688708699,0.074213470842,0.021457511503
219.0,0.13090823857,0.10453944682,0.090068436032,0.14938121207,0.14013661972,0.18963354667,0.11666008017,0.10161226624,0.032347202159,0.18963454691,0.16979960203,0.10323563447,0.020161315116,0.096606747607,0.19657401836,0.12127999362,0.060536850259,0.18216537685,0.19038169027,0.071779413137,0.1000984442,0.022161785894,0.015718948131,0.047689455317,0.03222569151,0.073155880802,0.02116031982
219.5,0.12908641508,0.10306854165,0.088793585031,0.14731783284,0.13819372217,0.18705423036,0.11502692179,0.10018080921,0.031889381831,0.18705521821,0.16747284115,0.10178229038,0.019874060516,0.095242995757,0.19390704136,0.11958543112,0.059671511383,0.17968079266,0.18779290739,0.070756520527,0.098687427483,0.021859797387,0.015494283908,0.047007216701,0.031769681878,0.072113860714,0.020867679289
220.0,0.12729030097,0.10161877053,0.087537248093,0.14528323684,0.13627808182,0.18451008408,0.11341703007,0.098769962938,0.031438483952,0.1845110597,0.16517815253,0.1003498476,0.019591387465,0.093898952005,0.19127629756,0.11791493448,0.058819036044,0.17723022273,0.18523940965,0.069748696763,0.09729674965,0.021562323195,0.01527375672,0.046335220372,0.031320567409,0.071087174264,0.020579514225
220.5,0.12551952848,0.10018982364,0.08629914971,0.14327701866,0.13438931183,0.18200062711,0.11183006792,0.0973794244,0.030994397609,0.18200159063,0.1629150915,0.098937999312,0.01931321597,0.092574325102,0.18868129403,0.1162681565,0.057979225976,0.17481319965,0.18272071498,0.068755712857,0.095926111206,0.02126929042,0.015057277359,0.045673305686,0.030878237605,0.070075588826,0.020295750293
221.0,0.1237737352,0.098781395794,0.085079018572,0.14129877865,0.13252703093,0.17952538528,0.11026570319,0.096008895112,0.030557013757,0.17952633685,0.16068321958,0.097546443321,0.019039467547,0.091268828199,0.18612154456,0.11464475504,0.057151886072,0.1724292625,0.18023634792,0.067777343402,0.09457521716,0.020980627427,0.01484475879,0.045021314618,0.030442583835,0.069078875408,0.020016314482
221.5,0.12205256396,0.09739318638,0.083876587496,0.13934812287,0.1306908633,0.17708389092,0.10872360861,0.094658081067,0.030126225192,0.17708483069,0.15848210443,0.096174881944,0.018770065189,0.089982178773,0.18359656953,0.11304439301,0.056336824332,0.17007795669,0.17778583952,0.066813366518,0.093243776957,0.020696263813,0.014636116094,0.044379091723,0.030013499298,0.068096808591,0.019741135081
222.0,0.12035566276,0.096024899266,0.082691593369,0.13742466293,0.12888043852,0.17467568279,0.10720346175,0.093326692667,0.029701926514,0.1746766109,0.15631131971,0.094823021951,0.018504933335,0.088714098566,0.18110589591,0.11146673823,0.055533851816,0.16775883391,0.17536872723,0.065863563793,0.091931504402,0.020416130389,0.014431266408,0.043746484093,0.029590878996,0.067129166472,0.019470141655
222.5,0.11868268471,0.094676242743,0.08152377708,0.13552801601,0.12709539151,0.17230030596,0.10570494491,0.092014444652,0.029284014098,0.17230122254,0.15417044503,0.093490574499,0.018243997845,0.087464313516,0.17864905706,0.10991146338,0.05474278259,0.16547145202,0.17298455485,0.064927720227,0.0906381176,0.020140159157,0.014230128874,0.043123341309,0.029174619696,0.066175730608,0.019203265022
223.0,0.11703328793,0.093346929456,0.080372883458,0.13365780469,0.12533536238,0.16995731171,0.10422774507,0.090721056038,0.028872386064,0.16995821691,0.15205906587,0.092177255063,0.017987185968,0.086232553693,0.17622559274,0.10837824594,0.05396343368,0.16321537499,0.17063287243,0.064005624178,0.089363338886,0.019868283286,0.014032624582,0.042509515402,0.028764619903,0.065236285961,0.018940437225
223.5,0.11540713551,0.092036676339,0.079238661213,0.13181365695,0.12359999643,0.16764625751,0.10277155383,0.089446250048,0.02846694224,0.16764715146,0.14997677348,0.090882783373,0.017734426314,0.085018553237,0.17383504895,0.10686676811,0.053195625018,0.16099017279,0.16831323617,0.06309706731,0.088106894763,0.019600437095,0.01383867652,0.041904860813,0.028360779828,0.064310620843,0.018681591511
224.0,0.11380389539,0.090745204551,0.078120862873,0.12999520602,0.12188894404,0.16536670686,0.10133606729,0.08818975405,0.02806758414,0.16536758969,0.14792316482,0.089606883343,0.017485648829,0.083822050293,0.17147697788,0.10537671675,0.052439179399,0.15879542133,0.16602520836,0.062201844536,0.086868515835,0.019336556026,0.013648209522,0.041309234349,0.027963001357,0.063398526861,0.018426662312
224.5,0.11222324035,0.089472239407,0.077019244729,0.12820209037,0.12020186061,0.16311822925,0.099920986049,0.086951299493,0.027674214927,0.1631191011,0.14589784245,0.088349283016,0.017240784767,0.082642786951,0.16915093783,0.10390778326,0.051693922434,0.15663070236,0.16376835726,0.061319753968,0.085647936747,0.019076576631,0.01346115022,0.040722495146,0.027571188026,0.062499798867,0.018175585217
225.0,0.11066484788,0.088217510319,0.07593356677,0.12643395359,0.11853840647,0.16090040007,0.098526015093,0.085730621844,0.027286739391,0.16090126107,0.14390041447,0.087109714493,0.016999766664,0.081480509186,0.1668564931,0.10245966361,0.0509596825,0.1544956034,0.16154225707,0.060450596867,0.084444896125,0.018820436545,0.013277426998,0.040144504629,0.027185244983,0.061614234904,0.017928296952
225.5,0.10912840014,0.086980750732,0.07486359263,0.12469044432,0.11689824681,0.15871280052,0.097150863748,0.084527460529,0.026905063912,0.1587136508,0.14193049446,0.085887913877,0.016762528313,0.080334966794,0.16459321395,0.10103205817,0.0502362907,0.15238971765,0.15934648779,0.05959417759,0.083259136508,0.01856807447,0.013096969942,0.03957512647,0.026805078971,0.060741636156,0.017684735362
226.0,0.1076135839,0.085761698064,0.073809089532,0.12297121621,0.11528105165,0.15655501754,0.09579524561,0.083341558868,0.026529096442,0.15655585723,0.13998770136,0.084683621209,0.016529004738,0.07920591334,0.16236067647,0.099624671701,0.049523580812,0.15031264392,0.1571806352,0.05875030354,0.082090404296,0.018319430156,0.012919710798,0.039014226556,0.02643059829,0.059881806899,0.017444839384
226.5,0.10612009046,0.084560093645,0.07276982823,0.12127592783,0.1136864957,0.15442664374,0.09445887848,0.082172664022,0.026158746468,0.15442747297,0.13807165943,0.083496580408,0.01629913217,0.078093106095,0.16015846252,0.098237213293,0.048821389251,0.14826398656,0.15504429072,0.057918785123,0.080938449686,0.01807444438,0.012745582928,0.038461672947,0.026061712775,0.059034554446,0.017208549031
227.0,0.10464761555,0.083375682656,0.071745582954,0.11960424258,0.11211425835,0.15232727729,0.093141484306,0.08102052693,0.025793924992,0.15232809619,0.13618199818,0.082326539215,0.016072848022,0.07699630598,0.15798615968,0.096869396273,0.048129555024,0.14624335535,0.15293705138,0.057099435692,0.079803026616,0.017833058927,0.012574521266,0.037917335841,0.02569833377,0.058199689107,0.016975805373
227.5,0.10319585936,0.082208214075,0.07073613136,0.11795582864,0.11056402358,0.15025652188,0.091842789118,0.079884902251,0.0254345445,0.15025733056,0.13431835225,0.081173249132,0.015850090869,0.075915277512,0.15584336114,0.095520938157,0.047447919686,0.14425036547,0.15085851973,0.056292071504,0.078683892709,0.017595216575,0.01240646228,0.037381087539,0.025340374096,0.057377024134,0.01674655051
228.0,0.10176452635,0.081057440613,0.06974125447,0.11633035891,0.10903547989,0.14821398661,0.090562522965,0.078765548311,0.025080518939,0.1482147852,0.13248036139,0.080036465364,0.01563080042,0.074849788746,0.1537296656,0.094191560589,0.0467763273,0.14228463739,0.14880830374,0.055496511675,0.077580809214,0.017360861075,0.012241343929,0.036852802409,0.024987748031,0.056566375679,0.016520727561
228.5,0.1003533253,0.079923118663,0.068760736627,0.11472751092,0.10752832024,0.14619928596,0.08930041986,0.077662227044,0.02473176369,0.14620007458,0.13066767037,0.078915946769,0.015414917499,0.073799611224,0.15164467727,0.092880989276,0.046114624394,0.14034579683,0.14678601678,0.05471257813,0.076493540951,0.017129937132,0.012079105625,0.036332356849,0.024640371281,0.055767562743,0.016298280642
229.0,0.098961969177,0.078805008242,0.06779436544,0.11314696678,0.10604224201,0.14421203966,0.088056217718,0.076574703937,0.024388195543,0.14421281844,0.12887992888,0.077811455792,0.015202384023,0.072764519917,0.14958800572,0.091588953928,0.045462659925,0.13843347464,0.14479127748,0.053940095562,0.075421856259,0.016902390391,0.011919688197,0.035819629257,0.024298160957,0.054980407136,0.016079154843
229.5,0.097590175092,0.077702872937,0.066841931733,0.11158841312,0.10457694687,0.14225187267,0.086829658298,0.07550274798,0.024049732673,0.14225264172,0.12711679153,0.076722758422,0.014993142976,0.071744293178,0.14755926585,0.090315188203,0.044820285235,0.13654730678,0.14282370969,0.053178891386,0.074365526941,0.016678167417,0.011763033851,0.035314499995,0.023961035548,0.054204733428,0.015863296217
230.0,0.096237664249,0.076616479847,0.065903229496,0.110051541,0.10313214078,0.14031841508,0.085620487145,0.074446131608,0.023716294614,0.14031917452,0.12537791771,0.075649624129,0.014787138397,0.070738712685,0.14555807781,0.089059429641,0.044187354013,0.13468693421,0.14088294244,0.052428795696,0.07332432821,0.01645721568,0.011609086138,0.034816851355,0.023628914902,0.053440368906,0.015650651759
230.5,0.094904161877,0.075545599537,0.064978055836,0.10853604587,0.10170753392,0.13841130204,0.084428453537,0.073404630648,0.023387802238,0.13841205198,0.12366297155,0.074591825818,0.014584315347,0.069747563393,0.14358406689,0.087821419614,0.043563722261,0.13285200284,0.1389686098,0.05168964122,0.072298038638,0.01623948354,0.011457789918,0.034326567529,0.023301720194,0.052687143531,0.015441169386
231.0,0.093589397171,0.074490005978,0.06406621093,0.10704162749,0.1003028406,0.1365301737,0.083253310424,0.072378024275,0.023064177731,0.13653091426,0.12197162188,0.07354913977,0.014384619902,0.068770633483,0.14163686353,0.086600903265,0.042949248248,0.13104216348,0.13708035087,0.050961263283,0.071286440105,0.016024920227,0.011309091324,0.033843534577,0.022979373912,0.051944889898,0.015234797924
231.5,0.092293103238,0.073449476501,0.063167497975,0.10556798988,0.098917779222,0.13467467514,0.082094814379,0.07136609495,0.022745344568,0.13467540644,0.12030354212,0.072521345597,0.014187999121,0.067807714314,0.13971610316,0.085397629451,0.042343792481,0.12925707171,0.13521780968,0.050243499761,0.070289317749,0.015813475831,0.011162937733,0.033367640394,0.022661799827,0.05121344319,0.015031487087
232.0,0.091015017035,0.072423791742,0.062281723144,0.10411484127,0.097552072209,0.1328444563,0.08095272554,0.07036862838,0.022431227493,0.13284517844,0.11865841024,0.071508226191,0.013994401035,0.06685860037,0.13782142621,0.084211350694,0.041747217664,0.12749638789,0.13338063514,0.049536191043,0.069306459914,0.015605101282,0.011019277732,0.032898774681,0.022348922975,0.050492641139,0.014831187467
232.5,0.089754879314,0.071412735595,0.061408695537,0.10268189401,0.096205445962,0.1310391719,0.079826807557,0.069385413463,0.022121752495,0.131039885,0.1170359087,0.070509567667,0.013803774626,0.065923089219,0.13595247798,0.08304182312,0.041159388666,0.12575977704,0.13156848095,0.048839179988,0.068337658105,0.015399748336,0.010878061089,0.032436828913,0.022040669633,0.049782323984,0.014633850509
233.0,0.08851243457,0.070416095163,0.060548227138,0.10126886453,0.09487763079,0.12925848141,0.078716827545,0.068416242242,0.02181684679,0.12925918557,0.11543572438,0.069525159325,0.013616069805,0.065000981459,0.13410890862,0.081888806409,0.040580172481,0.1240469088,0.12978100556,0.04815231189,0.067382706936,0.015197369562,0.01073923872,0.031981696312,0.021736967298,0.049082334435,0.014439428502
233.5,0.087287430982,0.069433660706,0.059700132771,0.099875473277,0.093568360856,0.12750204894,0.077622556024,0.067460909855,0.021516438794,0.12750274428,0.11385754849,0.068554793592,0.013431237398,0.064092080675,0.13229037303,0.080752063744,0.040009438196,0.12235745737,0.12801787209,0.047475434435,0.066441404087,0.014997918324,0.010602762662,0.031533271813,0.021437744666,0.048392517628,0.014247874562
234.0,0.086079620361,0.068465225596,0.058864230054,0.098501444669,0.092277374125,0.12576954322,0.076543766875,0.06651921449,0.021220458107,0.12577022983,0.11230107658,0.067598265982,0.013249229127,0.063196193395,0.1304965308,0.079631361756,0.039447056959,0.12069110142,0.12627874828,0.046808397666,0.065513550252,0.014801348771,0.010468586044,0.031091452044,0.021142931611,0.047712721091,0.014059142614
234.5,0.084888758097,0.06751058627,0.058040339357,0.097146507018,0.091004412306,0.12406063749,0.075480237288,0.065590957338,0.02092883549,0.12406131549,0.11076600841,0.066655375044,0.01306999759,0.062313129041,0.12872704618,0.078526470473,0.038892901941,0.11904752405,0.12456330638,0.046151053943,0.064598949097,0.014607615822,0.010336663061,0.030656135287,0.020852459164,0.047042794706,0.013873187379
235.0,0.083714603108,0.066569542182,0.057228283759,0.095810392488,0.089749220797,0.12237500948,0.074431747712,0.064675942548,0.020641502847,0.12237567898,0.10925204791,0.06572592232,0.012893496249,0.061442699888,0.12698158798,0.077437163274,0.038346848307,0.11742641273,0.12287122318,0.045503257909,0.063697407215,0.014416675148,0.010206948943,0.030227221459,0.020566259494,0.046382590667,0.013689964362
235.5,0.082556917784,0.065641895761,0.056427889008,0.094492837037,0.088511548636,0.12071234134,0.073398081808,0.063773977181,0.020358393203,0.12071300243,0.10775890316,0.064809712296,0.012719679408,0.060584721018,0.12525982951,0.076363216833,0.037808773184,0.11582745924,0.12120217984,0.04486486645,0.062808734079,0.014228483165,0.010079399934,0.029804612081,0.020284265887,0.04573196345,0.013509429832
236.0,0.081415467942,0.06472745236,0.055638983477,0.09319358036,0.087291148442,0.11907231955,0.072379026399,0.062884871166,0.020079440686,0.11907297234,0.10628628627,0.063906552361,0.012548502199,0.059739010279,0.12356144855,0.075304411078,0.037278555623,0.11425035958,0.11955586192,0.044235738665,0.061932742001,0.014042997015,0.0099539732625,0.029388210251,0.02000641273,0.045090769771,0.013331540813
236.5,0.080290022771,0.063826020218,0.054861398125,0.091912365841,0.086087776369,0.1174546349,0.071374371426,0.062008437259,0.019804580506,0.11745527948,0.10483391336,0.063016252761,0.012379920566,0.058905388242,0.12188612724,0.074260529135,0.036756076576,0.11269481396,0.11793195925,0.043615735824,0.061069246084,0.013860174558,0.0098306271194,0.02897792062,0.019732635486,0.044458868554,0.013156255066
237.0,0.079180354788,0.062937410412,0.05409496646,0.090648940495,0.084901192054,0.11585898239,0.0703839099,0.061144490996,0.01953374894,0.11585961887,0.10340150453,0.062138626555,0.01221389125,0.058083678161,0.12023355206,0.073231357287,0.036241218861,0.11116052672,0.11633016592,0.043004721339,0.060218064188,0.013679974355,0.0097093206328,0.028573649363,0.019462870681,0.043836120896,0.01298353108
237.5,0.078086239783,0.062061436818,0.053339524493,0.089403054918,0.083731158563,0.11428506122,0.069407437854,0.060292850654,0.01926688331,0.1142856897,0.10198878372,0.061273489576,0.012050371772,0.057273705927,0.11860341378,0.072216684925,0.035733867131,0.10964720624,0.11475018021,0.042402560727,0.05937901688,0.013502355661,0.0095900138449,0.028175304158,0.019197055885,0.043222390029,0.012813328053
238.0,0.077007456777,0.061197916066,0.052594910705,0.088174463238,0.082577442347,0.11273257468,0.068444754305,0.059453337209,0.019003921968,0.11273319526,0.10059547876,0.060420660385,0.011889320417,0.056475300035,0.11699540734,0.0712163045,0.035233907847,0.10815456494,0.11319170453,0.041809121578,0.058551927396,0.013327278405,0.0094726676892,0.027782794157,0.018935129688,0.042617541292,0.012645605885
238.5,0.075943787973,0.060346667499,0.051860966009,0.086962923061,0.081439813186,0.11120123016,0.067495661203,0.058625774293,0.018744804274,0.11120184293,0.099221321228,0.059579960232,0.011730696223,0.05568829154,0.11540923186,0.070230011481,0.034741229246,0.10668231921,0.11165444533,0.041224273523,0.057736621602,0.013154703185,0.0093572439687,0.027396029963,0.018677031693,0.042021442092,0.012480325162
239.0,0.074895018708,0.059507513132,0.051137533708,0.085768195424,0.08031804415,0.10969073902,0.06655996339,0.057809988157,0.018489470584,0.10969134407,0.097866046451,0.058751213016,0.011574458964,0.054912514016,0.11384459054,0.069257604312,0.034255721315,0.10523018931,0.11013811311,0.040647888197,0.056932927953,0.012984591253,0.0092437053341,0.027014923606,0.018422702486,0.041433961876,0.012317447143
239.5,0.073860937408,0.058680277613,0.050424459464,0.084590044742,0.079211911543,0.10820081658,0.065637468556,0.05700580763,0.018237862229,0.10820141401,0.096529393434,0.057934245243,0.011420569134,0.054147803523,0.11230119064,0.068298884361,0.033777275761,0.10379789937,0.10864242231,0.040079839215,0.056140677452,0.012816904503,0.0091320152629,0.026639388519,0.018172083632,0.040854972094,0.012156933748
240.0,0.072841335545,0.057864788182,0.049721591256,0.083428238767,0.078121194862,0.10673118205,0.0647279872,0.056213064079,0.0179899215,0.10673177195,0.095211104807,0.057128885987,0.011268987938,0.053393998566,0.1107787434,0.067353655885,0.033305785982,0.10238517733,0.10716709129,0.039520002133,0.055359703613,0.012651605464,0.0090221380392,0.026269339517,0.017925117648,0.040284346173,0.011998747549
240.5,0.07183600759,0.057060874632,0.049028779349,0.082282548534,0.077045676748,0.1052815585,0.063831332586,0.055431591371,0.01774559163,0.10528214097,0.093910926781,0.056334966855,0.011119677274,0.052650940058,0.10927696397,0.066421725983,0.032841147044,0.10099175485,0.10571184224,0.038968254422,0.054589842423,0.012488657281,0.0089140387339,0.02590469277,0.017681747991,0.039721959481,0.011842851753
241.0,0.070844750971,0.056268369273,0.048345876258,0.081152748314,0.075985142942,0.10385167278,0.062947320699,0.054661225837,0.01750481678,0.10385224791,0.092628609094,0.055552321941,0.010972599721,0.051918471283,0.1077955714,0.065502904553,0.032383255649,0.099617367299,0.10427640117,0.038424475437,0.053830932306,0.012328023712,0.0088076831852,0.025545365783,0.017441919043,0.039167689298,0.011689210195
241.5,0.069867366029,0.055487106888,0.047672736711,0.080038615574,0.074939382242,0.10244125547,0.06207577021,0.053901806233,0.017267542021,0.10244182334,0.09136390496,0.054780787797,0.010827718527,0.051196437861,0.10633428855,0.064597004255,0.031932010114,0.098261753678,0.10286049783,0.037888546385,0.053082814083,0.012169669111,0.0087030379798,0.025191277376,0.017205576092,0.038621414788,0.011537787324
242.0,0.068903655976,0.054716924704,0.047009217617,0.078939930924,0.073908186452,0.10105004085,0.061216502436,0.053153173702,0.01703371332,0.10105060156,0.090116571026,0.05402020339,0.010684997595,0.05048468771,0.10489284208,0.063703840466,0.031487310339,0.096924656588,0.10146386568,0.0373603503,0.052345330936,0.012013558425,0.0086000704353,0.024842347657,0.016972665317,0.038083016964,0.011388548193
242.5,0.067953426852,0.053957662349,0.046355178031,0.077856478077,0.072891350348,0.099677766829,0.060369341294,0.052415171743,0.016803277524,0.099678320454,0.088886367318,0.053270410069,0.010544401472,0.049783071017,0.10347096233,0.062823231245,0.031049057785,0.095605822169,0.10008624178,0.036839772007,0.051618328375,0.011859657173,0.0084987485814,0.024498498005,0.016743133778,0.037552378666,0.011241458447
243.0,0.067016487486,0.053209161817,0.045710479125,0.076788043803,0.07188867163,0.098324174897,0.059534113272,0.051687646169,0.016576182345,0.098324721531,0.087673057199,0.052531251528,0.010405895333,0.049091440195,0.10206838333,0.061954997287,0.03061715545,0.094305000054,0.098727366846,0.036326698103,0.050901654201,0.011707931447,0.0083990411436,0.024159651048,0.016516929391,0.037029384525,0.011096484313
243.5,0.066092649454,0.052471267437,0.045074984151,0.075734417886,0.070899950878,0.096989010089,0.058710647382,0.050970445077,0.016352376345,0.096989549817,0.086476407317,0.051802573768,0.010269444974,0.048409649856,0.10068484275,0.06109896189,0.030191507842,0.093021943321,0.097386985095,0.035821016921,0.050195158471,0.011558347895,0.0083009175257,0.023825730641,0.016294000925,0.03651392094,0.010953592592
244.0,0.065181727039,0.051743825829,0.044448558409,0.07469539308,0.069924991516,0.095672020926,0.057898775131,0.050263418812,0.016131808922,0.095672553832,0.085296187564,0.051084225068,0.010135016797,0.047737556776,0.099320081799,0.060254950913,0.029772020954,0.091756408447,0.096064844259,0.035322618508,0.049498693465,0.011410873712,0.0082043477935,0.023496661849,0.016074297976,0.036005876049,0.010812750642
244.5,0.064283537193,0.051026685879,0.043831069221,0.073670765067,0.068963599766,0.094372959368,0.057098330476,0.049566419931,0.015914430295,0.094373485537,0.084132171029,0.050376055946,0.0100025778,0.047075019858,0.097973845224,0.05942279274,0.029358602244,0.090508155257,0.094760695517,0.034831394593,0.04881211365,0.011265476634,0.0081093026592,0.023172370923,0.015857770962,0.035505139699,0.010673926374
245.0,0.063397899494,0.0503196987,0.043222385894,0.072660332416,0.068015584612,0.093091580771,0.056309149793,0.048879303172,0.015700191491,0.093092100284,0.082984133951,0.049677919126,0.0098720955637,0.046421900107,0.096645881243,0.058602318242,0.028951160606,0.089276946882,0.093474293452,0.034347238567,0.048135275651,0.011122124924,0.0080157534656,0.022852785282,0.015644371105,0.035011603423,0.010537088242
245.5,0.062524636114,0.049622717598,0.042622379693,0.07166389654,0.067080757756,0.091827643834,0.055531071842,0.048201925422,0.01548904433,0.091828156774,0.081851855679,0.048989669506,0.0097435382419,0.045778060591,0.095335941502,0.057793360742,0.028549606352,0.08806254971,0.092205395997,0.03387004545,0.047468038215,0.010980787367,0.0079236721708,0.022537833495,0.015434050416,0.034525160411,0.010402205228
246.0,0.061663571776,0.048935598041,0.042030923809,0.07068126166,0.066158933581,0.090580910559,0.054763937726,0.047534145682,0.015280941414,0.090581417008,0.080735118626,0.048311164126,0.0096168745509,0.045143366413,0.094043781026,0.056995755977,0.028153851187,0.086864733346,0.090953764401,0.03339971187,0.04681026218,0.010841433258,0.007833031334,0.022227445263,0.015226761684,0.034045705485,0.010269246838
246.5,0.06081453372,0.048258197625,0.041447893332,0.069712234757,0.065249929114,0.089351146206,0.054007590862,0.046875825036,0.015075836108,0.089351646241,0.079633708225,0.047642262133,0.0094920737582,0.044517684683,0.092769158175,0.056209342063,0.027763808185,0.08568327056,0.089719163172,0.032936136037,0.046161810443,0.010704032394,0.0077438041004,0.021921551395,0.015022458464,0.033573135071,0.01013818309
247.0,0.059977351665,0.047590376046,0.040873165218,0.068756625542,0.064353563985,0.08813811924,0.053261876945,0.046226826621,0.014873682536,0.088138612942,0.078547412892,0.046982824753,0.0093691056723,0.043900884481,0.091511834597,0.055433959461,0.027379391771,0.08451793725,0.088501360041,0.032479217714,0.045522547932,0.010568555065,0.0076559641882,0.021620083796,0.014821095058,0.033107347179,0.010008984504
247.5,0.059151857774,0.046931995061,0.040306618267,0.067814246409,0.06346966039,0.086941601299,0.052526643913,0.045587015594,0.014674435559,0.086942088745,0.077476023977,0.046332715255,0.0092479406322,0.043292836832,0.090271575185,0.054669450942,0.027000517697,0.083368512395,0.087300125911,0.032028858199,0.044892341569,0.010434972046,0.0075694858739,0.021322975446,0.014622626511,0.032648241373,0.0098816220953
248.0,0.058337886616,0.046282918466,0.039748133086,0.066884912402,0.062598043058,0.085761367141,0.051801741916,0.044956259103,0.014478050769,0.085761848407,0.076419335729,0.045691798926,0.009128549498,0.042693414675,0.08904814803,0.053915661551,0.026627103019,0.082234778016,0.08611523482,0.031584960298,0.044271060245,0.010303254589,0.0074843439801,0.021030160383,0.01442700859,0.032195718748,0.0097560673654
248.5,0.057535275135,0.045643012058,0.039197592069,0.065968441176,0.061738539207,0.084597194605,0.05108702328,0.044334426256,0.014284484473,0.084597669768,0.075377145255,0.045059943034,0.0090109036402,0.042102492834,0.087841324379,0.053172438579,0.026259066079,0.081116519129,0.084946463892,0.031147428298,0.043658574791,0.010173374413,0.0074005138617,0.020741573684,0.014234197778,0.031749681909,0.0096322922913
249.0,0.056743862612,0.045012143608,0.038654879367,0.065064652956,0.060890978516,0.083448864569,0.050382342479,0.043721388093,0.014093693683,0.083449333705,0.074349252475,0.044437016806,0.0088949749312,0.04151994799,0.086650878594,0.052439631522,0.025896326485,0.080013523709,0.0837935933,0.030716167949,0.043054757945,0.010045303697,0.007317971394,0.020457151451,0.014044151257,0.031310034942,0.0095102693184
249.5,0.055963490632,0.044390182834,0.038119880859,0.064173370508,0.060055193085,0.082316160908,0.049687556102,0.043117017556,0.013905636102,0.082316624091,0.073335460088,0.043822891392,0.0087807357347,0.040945658651,0.085476588106,0.051717092058,0.025538805086,0.078925582645,0.08265640622,0.030291086439,0.042459484323,0.009919015074,0.0072366929602,0.020176830792,0.013856826901,0.030876683396,0.0093899713521
250.0,0.055194003053,0.043777001366,0.037592484129,0.063294419096,0.059231017401,0.081198870453,0.049002522819,0.042521189459,0.013720270113,0.081199327755,0.072335573533,0.043217439839,0.0086681588975,0.040379505129,0.084318233375,0.051004674005,0.02518642396,0.077852489702,0.081534688792,0.029872092371,0.041872630396,0.0097944816183,0.0071566554394,0.019900549805,0.013672183259,0.030449534257,0.0092713717495
250.5,0.054435245967,0.043172472723,0.037072578438,0.062427626449,0.058418288305,0.080096782948,0.048327103354,0.041933780463,0.013537554771,0.080097234443,0.071349400946,0.042620537063,0.0085572177398,0.039821369505,0.083175597849,0.050302233299,0.024839106385,0.07679404148,0.08042823008,0.029459095739,0.041294074458,0.0096716768425,0.0070778361949,0.019628247562,0.01349017955,0.030028495925,0.0091544443112
251.0,0.053687067676,0.04257647228,0.036560054698,0.061572822726,0.057616844956,0.079009691015,0.047661160452,0.041354669045,0.013357449786,0.079010136774,0.070376753129,0.042032059819,0.0084478860465,0.03927113561,0.082048467921,0.049609627956,0.024496776826,0.075750037377,0.079336822031,0.029052007911,0.040723696597,0.0095505746876,0.0070002130632,0.019359864094,0.013310775644,0.029613478196,0.0090391632734
251.5,0.052949318652,0.041988877245,0.03605480545,0.060729840481,0.056826528801,0.07793739011,0.047004558851,0.040783735475,0.013179915514,0.077937830204,0.069417443506,0.041451886677,0.0083401380586,0.038728688994,0.080936632893,0.048926718045,0.024159360917,0.074720279548,0.078260259434,0.028650741604,0.040161378673,0.0094311495164,0.0069237643427,0.019095340373,0.01313393206,0.029204392236,0.0089255033006
252.0,0.052221851511,0.041409566626,0.035556724835,0.059898514631,0.056047183537,0.076879678487,0.046357165252,0.040220861782,0.013004912949,0.076880112986,0.068471288093,0.040879897988,0.0082339484647,0.038193916902,0.079839884933,0.048253365656,0.023826785438,0.073704572867,0.077198339883,0.028255210862,0.039607004287,0.0093133761061,0.0068484687832,0.018834618297,0.012959609945,0.02880115056,0.0088134394775
252.5,0.051504520977,0.040838421211,0.035065708571,0.059078682417,0.055278655085,0.075836357157,0.04571884829,0.039665931736,0.012832403709,0.07583678613,0.067538105455,0.040315975867,0.0081292923925,0.037666708247,0.078758019037,0.047589434873,0.023498978297,0.072702724893,0.076150863738,0.02786533104,0.039060458757,0.0091972296408,0.0067743055751,0.01857764068,0.012787771072,0.028403667012,0.0087029473017
253.0,0.050797183858,0.040275323534,0.034581653932,0.058270183377,0.054520791553,0.074807229854,0.045089478505,0.039118830814,0.012662350025,0.07480765337,0.066617716678,0.039760004156,0.0080261454008,0.037146953586,0.077690832989,0.046934791741,0.023175868517,0.071714545829,0.07511763409,0.027481018776,0.038521629091,0.009082685705,0.0067012543394,0.018324351229,0.012618377826,0.028011856746,0.0085940026765
253.5,0.050099699009,0.039720157855,0.034104459719,0.05747285931,0.053773443205,0.073792102994,0.044468928314,0.038579446182,0.012494714734,0.073792521119,0.065709945327,0.039211868409,0.0079244834712,0.036634545092,0.076638127328,0.04628930424,0.022857386214,0.070739848486,0.074098456716,0.027102191979,0.037990403962,0.0089697202767,0.0066292951176,0.018074694535,0.012451393191,0.027625636202,0.0084865819038
254.0,0.049411927307,0.039172810129,0.03363402624,0.056686554244,0.053036462434,0.072790785639,0.043857071984,0.038047666663,0.012329461268,0.072791198441,0.064814617415,0.038671455855,0.0078242830006,0.036129376537,0.075599705302,0.045652842258,0.022543462579,0.069778448248,0.073093140051,0.026728769803,0.037466673684,0.0088583097202,0.0065584083623,0.017828616056,0.012286780746,0.027244923088,0.0083806616766
254.5,0.048733731618,0.038633167985,0.033170255288,0.055911114407,0.052309703728,0.071803089463,0.043253785606,0.037523382716,0.012166553639,0.071803497007,0.063931561369,0.038138655383,0.0077255207932,0.035631343258,0.074575372841,0.045025277557,0.022234029863,0.068830163039,0.072101495146,0.026360672631,0.036950330186,0.00874843078,0.0064885749275,0.017586062106,0.01212450465,0.026869636359,0.0082762190726
255.0,0.048064976771,0.038101120699,0.032713050116,0.05514638819,0.05159302364,0.070828828714,0.042658947064,0.037006486409,0.012005956436,0.070829231066,0.063060607993,0.037613357511,0.0076281740532,0.035140342143,0.073564938511,0.044406483752,0.021929021362,0.067894813283,0.071123335633,0.025997822055,0.036441266987,0.0086400605738,0.0064197760594,0.017346979836,0.011964529635,0.026499696201,0.0081732315474
255.5,0.047405529531,0.037576559168,0.032262315416,0.054392226122,0.050886280759,0.069867820179,0.042072436012,0.036496871398,0.011847634813,0.069868217403,0.062201590442,0.037095454363,0.0075322203772,0.034656271599,0.072568213486,0.043796336282,0.021628371394,0.066972221871,0.070158477693,0.025640140855,0.035939379176,0.0085331765868,0.0063519933875,0.017111317225,0.011806820993,0.026135024006,0.0080716769274
256.0,0.046755258564,0.037059375891,0.031817957294,0.053648480838,0.050189335681,0.068919883151,0.041494133849,0.035994432901,0.011691554478,0.06892027531,0.061354344179,0.036584839648,0.0074376377469,0.034179031536,0.071585011507,0.04319471238,0.02133201529,0.066062214131,0.069206740016,0.025287552985,0.035444563383,0.0084277566647,0.0062852089157,0.016879023066,0.011651344571,0.025775542359,0.0079715334036
256.5,0.046114034417,0.036549464938,0.031379883257,0.052915007047,0.049502050982,0.067984839391,0.040923923689,0.035499067675,0.011537681684,0.067985226549,0.060518706951,0.036081408629,0.0073444045223,0.033708523339,0.070615148849,0.042601491053,0.021039889373,0.065164617789,0.06826794377,0.024939983548,0.03495671776,0.0083237790079,0.0062194050141,0.016650046949,0.01149806676,0.025421175014,0.0078727795254
257.0,0.045481729489,0.036046721932,0.03094800218,0.052191661505,0.048824291185,0.067062513098,0.040361690339,0.035010673991,0.011385983223,0.067062895316,0.059694518756,0.035585058111,0.0072524994343,0.033244649851,0.069658444288,0.042016553048,0.020751930945,0.064279262938,0.067341912566,0.024597358787,0.034475741957,0.0082212221655,0.0061545644102,0.016424339253,0.011346954485,0.025071846882,0.0077753941939
257.5,0.044858217999,0.035551044023,0.030522224296,0.051478302983,0.048155922736,0.066152730873,0.039807320273,0.034529151618,0.011236426413,0.066153108213,0.058881621807,0.035095686405,0.0071619015782,0.032787315346,0.068714719064,0.041439780835,0.020468078268,0.063405982007,0.066428472427,0.024259606058,0.034001537097,0.0081200650293,0.0060906701812,0.016201851129,0.011197975196,0.024727484007,0.0076793566557
258.0,0.044243375968,0.035062329865,0.030102461167,0.050774792242,0.047496813974,0.065255321688,0.039260701609,0.034054401791,0.011088979091,0.06525569421,0.058079860506,0.034613193315,0.007072590407,0.03233642551,0.067783796849,0.040871058574,0.020188270555,0.062544609727,0.065527451749,0.023926653818,0.033534005758,0.0080202868279,0.006027705746,0.015982534492,0.011051096861,0.024388013552,0.0075846464974
258.5,0.043637081184,0.034580479597,0.029688625669,0.050080992002,0.046846835106,0.064370116852,0.038721724083,0.033586327196,0.010943609606,0.064370484616,0.057289081411,0.034137480114,0.0069845457244,0.031891887421,0.066865503715,0.040310272098,0.019912447947,0.061694983099,0.064638681276,0.023598431608,0.03307305195,0.0079218671211,0.0059656548572,0.015766342002,0.010906287956,0.02405336378,0.0074912436392
259.0,0.043039213185,0.034105394818,0.029280631971,0.049396766917,0.046205858181,0.06349694998,0.038190279024,0.033124831947,0.010800286806,0.063497313046,0.056509133207,0.033668449519,0.0068977476788,0.031453609525,0.065959668098,0.039757308882,0.019640551504,0.060856941363,0.06376199406,0.023274870034,0.032618581092,0.0078247857939,0.0059045015939,0.01555322706,0.010763517455,0.023723464038,0.007399128329
259.5,0.042449653228,0.033636978564,0.028878395513,0.048721983543,0.045573757057,0.062635656961,0.037666259336,0.032669821562,0.010658980034,0.062636015386,0.055739866676,0.03320600567,0.0068121767571,0.031021501617,0.06506612077,0.039212058021,0.019372523191,0.060030325967,0.062897225438,0.022955900752,0.032170499991,0.0077290230518,0.0058442303543,0.01534314379,0.010622754827,0.023398244741,0.0073082811372
260.0,0.041868284265,0.033175135291,0.028481832991,0.048056510315,0.044950407385,0.061786075926,0.037149559467,0.032221202947,0.010519659118,0.061786429768,0.054981134667,0.032750054112,0.0067278137778,0.030595474821,0.064184694804,0.038674410208,0.019108305858,0.05921498054,0.062044212992,0.022641456448,0.031728716823,0.0076345594145,0.0057848258484,0.01513604703,0.010483970021,0.023077637352,0.0072186829503
260.5,0.04129499092,0.032719770848,0.028090862334,0.047400217519,0.044335686574,0.060948047218,0.036640075395,0.031778884367,0.010382294364,0.060948396536,0.05423279207,0.032300501771,0.0066446398857,0.030175441569,0.063315225542,0.038144257711,0.018847843231,0.058410750856,0.061202796526,0.02233147083,0.031293141111,0.0075413757109,0.0057262730912,0.014931892318,0.010347133463,0.022761574369,0.0071303149662
261.0,0.040729659464,0.032270792462,0.027705402686,0.046752977264,0.043729473773,0.060121413364,0.036137704597,0.031342775437,0.010246856545,0.060121758212,0.053494695782,0.031857256936,0.0065626365456,0.029761315583,0.062457550569,0.037621494344,0.018591079896,0.057617484807,0.060372818031,0.022025878602,0.030863683705,0.0074494530743,0.0056685573958,0.014730635885,0.010212216046,0.022449989306,0.0070431586883
261.5,0.040172177791,0.031828108715,0.02732537439,0.046114663461,0.043131649841,0.05930601904,0.035642346034,0.030912787091,0.010113316898,0.059306359475,0.052766704687,0.031420229233,0.0064817855363,0.029353011853,0.061611509677,0.037106015454,0.018337961288,0.056835032376,0.059554121654,0.021724615457,0.030440256764,0.0073587729364,0.0056116643668,0.014532234639,0.010079189122,0.022142816682,0.0069571959201
262.0,0.039622435396,0.031391629521,0.026950698968,0.04548515179,0.042542097326,0.058501711047,0.035153900125,0.030488831568,0.0099816471108,0.058502047123,0.052048679619,0.030989329614,0.0064020689452,0.028950446621,0.060776944837,0.036597717889,0.018088433674,0.056063245605,0.058746553673,0.021427618056,0.030022773733,0.007269317023,0.0055555798937,0.014336646158,0.0099480244963,0.021839992001,0.0068724087606
262.5,0.039080323348,0.030961266113,0.026581299102,0.044864319683,0.041960700438,0.057708338277,0.034672268726,0.030070822393,0.0098518193202,0.057708670049,0.051340483343,0.03056447033,0.0063234691625,0.02855353736,0.059953700172,0.036096499985,0.017842444141,0.055301978569,0.057949962466,0.021134824018,0.029611149326,0.0071810673489,0.0055002901447,0.014143828677,0.0098186944168,0.021541451736,0.0067887795983
263.0,0.038545734272,0.030536931015,0.026217098619,0.044252046293,0.041387345028,0.056925751688,0.034197355113,0.029658674355,0.0097238061002,0.05692607921,0.050641980524,0.030145564913,0.0062459688759,0.028162202756,0.059141621922,0.035602261535,0.017599940585,0.054551087346,0.057164198479,0.020846171898,0.029205299508,0.0070940062125,0.0054457815606,0.013953741076,0.0096911715699,0.021247133321,0.006706291107
263.5,0.038018562323,0.030118538031,0.025858022473,0.043648212472,0.040821918562,0.056153804275,0.033729063954,0.02925230349,0.009597580457,0.056154127599,0.049953037702,0.029732528159,0.0061695510648,0.02777636269,0.05834055842,0.035114903777,0.017360871695,0.053810429991,0.056389114202,0.020561601182,0.028805141473,0.0070081161919,0.0053920408486,0.013766342875,0.0095654290713,0.020956975126,0.0066249262404
264.0,0.037498703167,0.029706002219,0.025503996725,0.043052700746,0.040264310099,0.055392351039,0.033267301296,0.028851627061,0.009473115821,0.055392670219,0.049273523263,0.029325276108,0.0060941989954,0.027395938221,0.057550360062,0.034634329366,0.017125186944,0.053079866507,0.055624564139,0.020281052262,0.028410593629,0.0069233801394,0.0053390549766,0.013581594217,0.0094414404598,0.020670916452,0.0065446682275
264.5,0.036986053956,0.029299239877,0.025154948532,0.042465395295,0.039714410268,0.054641248966,0.032811974539,0.028456563541,0.0093503860399,0.054641564052,0.048603307417,0.028923726027,0.0060198962152,0.027020851565,0.056770879277,0.034160442355,0.016892836574,0.05235925882,0.054870404782,0.020004466432,0.028021575577,0.0068397811774,0.0052868111674,0.013399455864,0.0093191796895,0.02038889751,0.0064655005674
265.0,0.036480513308,0.028898168524,0.024810806125,0.041886181922,0.039172111247,0.053900356991,0.032362992419,0.028067032594,0.0092293653721,0.053900668035,0.047942262171,0.028527796388,0.0059466265484,0.026651026083,0.056001970504,0.033693148178,0.016663771587,0.051648470752,0.054126494581,0.019731785866,0.027638008097,0.0067573026936,0.0052352968929,0.013219889182,0.0091986211237,0.020110859411,0.0063874070252
265.5,0.035981981287,0.028502706879,0.024471498794,0.041314948037,0.038637306738,0.053169535981,0.031920264989,0.02768295506,0.0091100284797,0.053169843033,0.047290261304,0.028137406853,0.0058743740903,0.026286386259,0.055243490158,0.033232353626,0.016437943726,0.050947367993,0.053392693919,0.01946295361,0.027259813126,0.0066759283368,0.0051844998693,0.013042856135,0.0090797395278,0.019836744148,0.0063103716274
266.0,0.035490359379,0.028112774845,0.024136956876,0.040751582632,0.038109891946,0.0524486487,0.031483703597,0.027304252931,0.0089923504219,0.05244895181,0.046647180343,0.027752478257,0.0058031232027,0.025926857686,0.054495296611,0.032777966827,0.016215305473,0.05025581808,0.052668865087,0.019197913564,0.026886913742,0.0065956420123,0.0051344080509,0.012868319273,0.0089625100626,0.019566494588,0.0062343786567
266.5,0.035005550475,0.027728293492,0.023807111734,0.040195976256,0.037589763562,0.051737559788,0.03105322087,0.026930849342,0.0088763066483,0.051737859006,0.046012896537,0.027372932588,0.0057328585091,0.025572367047,0.053757250157,0.032329897231,0.015995810031,0.049573690364,0.051954872255,0.018936610474,0.02651923415,0.0065164278777,0.0050850096255,0.012696241724,0.008846908278,0.019300054453,0.0061594126484
267.0,0.034527458848,0.027349185041,0.023481895743,0.039648020999,0.037076819732,0.051036135734,0.030628730694,0.026562668548,0.0087618729928,0.051036431109,0.045387288834,0.026998692971,0.00566356489,0.025222842101,0.053029212992,0.031888055586,0.015779411313,0.048900855993,0.051250581447,0.018678989913,0.026156699662,0.0064382703387,0.0050362930092,0.012526587185,0.0087329101065,0.019037368311,0.0060854583858
267.5,0.034055990135,0.026975372843,0.023161242276,0.039107610461,0.036570960048,0.050344244852,0.030210148193,0.02619963591,0.0086490256671,0.050344536431,0.044770237858,0.026629683652,0.0055952274783,0.024878211666,0.052311049186,0.031452353919,0.015566063934,0.048237187882,0.050555860516,0.018424998273,0.025799236681,0.0063611540449,0.0049882468415,0.01235931991,0.0086204918566,0.018778381557,0.0060125008956
268.0,0.033591051317,0.026606781364,0.022845085689,0.03857463974,0.036072085518,0.049661757252,0.029797389718,0.025841677877,0.0085377412541,0.049662045083,0.044161625885,0.026265829979,0.0055278316546,0.024538405603,0.051602624658,0.031022705524,0.015355723198,0.04758256069,0.049870579122,0.01817458275,0.025446772685,0.0062850638858,0.0049408599802,0.012194404705,0.0085096302074,0.01852304041,0.0059405254443
268.5,0.033132550697,0.026243336171,0.022533361304,0.038049005406,0.03558009855,0.04898854482,0.029390372819,0.025488721972,0.0084279967028,0.048988828951,0.04356133682,0.02590705839,0.0054613630429,0.024203354801,0.050903807148,0.030599024933,0.015148345084,0.046936850798,0.049194608701,0.017927691331,0.025099236211,0.0062099849868,0.0048941214971,0.012031806918,0.0084003022016,0.018271291891,0.0058695175337
269.0,0.032680397886,0.02588496391,0.022226005398,0.037530605478,0.03509490293,0.048324481192,0.028989016237,0.025140696773,0.0083197693211,0.048324761668,0.042969256175,0.025553296392,0.0053958075063,0.023872991159,0.050214466197,0.030181227908,0.014943886244,0.046299936282,0.048527822446,0.017684272785,0.024756556841,0.0061359027052,0.0048480206729,0.011871492428,0.0082924852401,0.018023083815,0.005799462897
269.5,0.032234503777,0.025531592297,0.021922955184,0.037019339411,0.034616403807,0.047669441729,0.028593239881,0.0247975319,0.0082130367709,0.047669718596,0.042385271045,0.025204472547,0.0053311511425,0.023547247576,0.049534473119,0.029769231418,0.014742303983,0.045671696892,0.04787009528,0.017444276647,0.024418665183,0.0060628026265,0.0048025469932,0.011713427639,0.0081861570761,0.017778364778,0.0057303474947
270.0,0.031794780536,0.025183150096,0.0216241488,0.036515108066,0.034144507666,0.047023303493,0.028202964812,0.024459158,0.0081077770616,0.047023576797,0.041809270087,0.024860516457,0.0052673802798,0.023226057932,0.048863700978,0.029362953619,0.014543556254,0.045052014027,0.047221303834,0.017207653209,0.024085492857,0.0059906705604,0.0047576901439,0.011557579471,0.0080812958089,0.017537084146,0.0056621575112
270.5,0.031361141574,0.024839567109,0.021329525296,0.036017813698,0.033679122316,0.046385945228,0.027818113227,0.024125506728,0.0080039685449,0.046386215013,0.041241143499,0.024521358748,0.0052044814729,0.022909357073,0.048202024564,0.028962313844,0.014347601647,0.044440770714,0.046581326424,0.016974353507,0.023756972482,0.0059194925372,0.0047134400068,0.011403915351,0.0079778798789,0.01729919204,0.0055948793503
271.0,0.030933501534,0.024500774154,0.021039024617,0.035527359932,0.033220156865,0.045757247332,0.027438608441,0.023796510734,0.007901589909,0.045757513642,0.040680782998,0.024186931055,0.0051424414991,0.022597080798,0.047549320369,0.02856723258,0.01415439938,0.043837851587,0.045950043024,0.016744329309,0.02343303766,0.0058492548042,0.0046697866555,0.011252403207,0.0078758880613,0.017064639329,0.0055284996321
271.5,0.030511776276,0.024166703057,0.020752587591,0.035043651746,0.032767521708,0.045137091836,0.027064374873,0.023472103651,0.0078006201728,0.045137354715,0.040128081798,0.023857166007,0.0050812473537,0.022289165848,0.046905466566,0.028177631454,0.013963909286,0.043243142859,0.045327335249,0.016517533106,0.023113622957,0.0057799438219,0.0046267203515,0.011103011456,0.0077752994613,0.016833377615,0.0054630051887
272.0,0.030095882852,0.023837286632,0.020470155918,0.034566595449,0.032321128502,0.044525362383,0.026695338027,0.023152220076,0.0077010386813,0.044525621874,0.039582934591,0.023531997211,0.0050208862469,0.021985549885,0.046270342982,0.027793433213,0.013776091807,0.042656532307,0.04471308633,0.0162939181,0.022798663898,0.0057115462609,0.0045842315399,0.010955709002,0.0076760935081,0.016605359221,0.0053983830613
272.5,0.029685739496,0.023512458667,0.020191672152,0.034096098666,0.031880890153,0.043921944203,0.026331424479,0.022836795558,0.0076028250993,0.043922200349,0.039045237524,0.023211359241,0.0049613455996,0.021686171483,0.045643831081,0.027414561712,0.01359090798,0.042077909246,0.044107181089,0.01607343819,0.022488096943,0.0056440489977,0.0045423108457,0.010810465221,0.0075782499501,0.016380537186,0.005334620496
273.0,0.029281265601,0.023192153914,0.019917079693,0.033632070315,0.031446720796,0.043326724095,0.025972561859,0.022525766583,0.0075059594069,0.043326976938,0.038514888181,0.022895187618,0.0049026130395,0.021390970113,0.045025813935,0.027040941897,0.013408319434,0.041507164512,0.043509505923,0.015856047965,0.02218185948,0.0055774391122,0.0045009490701,0.010667249962,0.0074817488494,0.016158865245,0.0052717049407
273.5,0.028882381708,0.022876308069,0.019646322772,0.033174420593,0.031018535776,0.042739590404,0.025618678837,0.022219070562,0.0074104218942,0.042739839985,0.037991785561,0.022583418804,0.0048446763979,0.021099886132,0.044416176209,0.026672499786,0.013228288375,0.040944190435,0.042919948778,0.015641702693,0.021879889807,0.0055117038835,0.0044601371865,0.010526033531,0.0073865705767,0.015940297826,0.0052096240416
274.0,0.028489009486,0.022564857761,0.019379346438,0.032723060953,0.030596251635,0.042160432997,0.025269705106,0.021916645815,0.0073161931559,0.042160679358,0.037475830061,0.022275990178,0.0047875237056,0.020812860766,0.043814804135,0.026309162458,0.013050777581,0.040388880825,0.042338399128,0.015430358308,0.02158212712,0.0054468307873,0.0044198663369,0.010386786689,0.0072926958066,0.015724790035,0.0051483656399
274.5,0.028101071715,0.022257740538,0.019116096547,0.032277904092,0.03017978609,0.041589143247,0.02492557137,0.021618431558,0.0072232540868,0.041589386427,0.036966923454,0.021972840033,0.0047311431897,0.020529836097,0.043221585491,0.025950858032,0.01287575039,0.039841130946,0.041764747958,0.015221971405,0.021288511502,0.0053828074921,0.0043801278287,0.010249480646,0.0072001055122,0.015512297649,0.0050879177684
275.0,0.027718492273,0.021954894854,0.01885651975,0.031838863929,0.02976905802,0.041025614008,0.024586209328,0.02132436789,0.0071315858768,0.041025854049,0.036464968871,0.021673907552,0.00467552327,0.020250755055,0.042636409581,0.025597515658,0.012703170692,0.0393008375,0.041198887739,0.015016499221,0.020998983905,0.0053196218566,0.0043409131308,0.010114087046,0.0071087809604,0.015302777101,0.0050282686482
275.5,0.027341196118,0.021656260051,0.018600563477,0.031405855589,0.029363987449,0.0404697396,0.024251551657,0.02103439578,0.0070411700058,0.04046997654,0.035969870782,0.021379132806,0.0046206525557,0.019975561401,0.042059167214,0.025249065497,0.012533002923,0.038767898605,0.040640712409,0.014813899636,0.020713486141,0.005257261926,0.0043022138706,0.0099805779703,0.0070187037074,0.015096185474,0.0049694066858
276.0,0.026969109274,0.021361776355,0.018348175934,0.030978795387,0.028964495526,0.039921415781,0.023921532002,0.020748457056,0.0069519882395,0.03992164966,0.035481534977,0.021088456729,0.0045665198419,0.019704199716,0.041489750685,0.024905438711,0.012365212054,0.038242213777,0.040090117355,0.014614131153,0.020431960868,0.0051957159293,0.0042640218304,0.0098489259231,0.0069298555936,0.01489248049,0.0049113204697
276.5,0.026602158814,0.021071384855,0.018099306083,0.030557600809,0.028570504513,0.039380539737,0.023596084958,0.020466494388,0.0068640226244,0.039380770593,0.03499986855,0.020801821116,0.0045131141067,0.019436615389,0.04092805375,0.024566567444,0.012199763582,0.03772368391,0.039546999389,0.014417152896,0.020154351576,0.0051349722763,0.0042263289444,0.0097191038283,0.0068422187393,0.014691620499,0.0048539987674
277.0,0.026240272847,0.020785027491,0.017853903633,0.030142190498,0.028181937769,0.038847010054,0.02327514606,0.020188451278,0.0067772554833,0.038847237925,0.034524779875,0.020519168603,0.0044604245073,0.019172754605,0.040373971612,0.024232384809,0.012036623524,0.037212211255,0.039011256733,0.014222924598,0.019880602578,0.0050750195544,0.0041891272952,0.0095910850214,0.0067557755398,0.014493564471,0.0047974305227
277.5,0.025883380499,0.020502647046,0.017611919031,0.029732484235,0.027798719731,0.038320726703,0.022958651766,0.01991427205,0.0066916694109,0.038320951627,0.034056178596,0.020240442657,0.0044084403776,0.018912564331,0.039827400899,0.023902824877,0.011875758408,0.036707699407,0.038482788997,0.014031406587,0.019610658995,0.0050158465258,0.0041524091112,0.009464843244,0.0066705086614,0.014298271987,0.0047416048522
278.0,0.025531411904,0.02022418713,0.01737330345,0.029328402925,0.027420775902,0.037801591021,0.022646539444,0.019643901833,0.0066072472695,0.037801813036,0.033593975603,0.019965587566,0.0043571512247,0.018655992309,0.039288239641,0.023577822659,0.011717135265,0.036210053279,0.037961497161,0.013842559787,0.019344466744,0.0049574421249,0.0041161667632,0.0093403526364,0.0065864010368,0.014105703225,0.0046865110428
278.5,0.025184298187,0.019949592169,0.017138008777,0.028929868581,0.027048032834,0.037289505692,0.022338747361,0.019377286553,0.0065239721842,0.037289724834,0.033138083019,0.019694548423,0.0043065467258,0.018402987039,0.038756387257,0.023257314094,0.01156072162,0.03571917909,0.037447283554,0.013656345698,0.019081972528,0.0048997954551,0.0040803927616,0.0092175877322,0.0065034358607,0.013915818958,0.0046321385488
279.0,0.024841971447,0.019678807392,0.016905987601,0.028536804307,0.026680418114,0.036784374727,0.022035214667,0.019114372918,0.0064418275395,0.036784591032,0.032688414179,0.019427271115,0.0042566167257,0.018153497774,0.038231744532,0.022941236037,0.011406485486,0.035234984345,0.03694005184,0.013472726395,0.018823123823,0.0048428957861,0.0040450797537,0.0090965234513,0.0064215965856,0.013728580539,0.0045784769888
279.5,0.024504364747,0.019411778819,0.016677193208,0.028149134283,0.02631786035,0.036286103449,0.021735881385,0.01885510841,0.0063607969742,0.036286316953,0.032244883616,0.019163702314,0.0042073512332,0.0179074745,0.037714213601,0.022629526242,0.011254395358,0.034757377815,0.036439706996,0.013291664516,0.018567868867,0.0047867325515,0.0040102205205,0.0089771350944,0.0063408669177,0.013543949896,0.0045255161435
280.0,0.0241714121,0.019148453253,0.016451579564,0.02776678375,0.025960289153,0.03579459847,0.021440688396,0.018599441271,0.0062808643779,0.035794809209,0.031807407045,0.018903789461,0.0041587404189,0.017664867936,0.037203697927,0.022322123354,0.0111044202,0.034286269523,0.035946155297,0.013113123253,0.01831615665,0.0047312953458,0.0039758079743,0.0088593983366,0.006261230813,0.01336188952,0.0044732459524
280.5,0.023843048451,0.018888778262,0.016229101309,0.027389678997,0.025607635126,0.035309767681,0.021149577428,0.018347320492,0.0062020138868,0.035309975689,0.031375901342,0.018647480761,0.0041107746117,0.017425629514,0.036700102287,0.022018966892,0.010956529444,0.033821570726,0.035459304293,0.012937066344,0.018067936899,0.004676573922,0.0039418351557,0.0087432892216,0.0061826724727,0.01318236246,0.0044216565115
281.0,0.023519209669,0.018632702174,0.016009713746,0.027017747341,0.025259829851,0.034831520225,0.020862491042,0.018098695804,0.0061242298795,0.034831725538,0.030950284534,0.018394725164,0.0040634442967,0.017189711372,0.036203332751,0.021719997238,0.010810692978,0.033363193897,0.034979062799,0.012763458067,0.017823160072,0.0046225581889,0.0039082952313,0.0086287841562,0.00610517634,0.013005332309,0.0043707380708
281.5,0.023199832532,0.018380174063,0.01579337283,0.026650917118,0.02491680587,0.034359766489,0.020579372622,0.017853517663,0.0060474969735,0.034359969139,0.030530475778,0.01814547236,0.0040167401121,0.016957066344,0.035713296668,0.021425155623,0.010666881143,0.032911052706,0.034505340871,0.012592263227,0.017581777343,0.0045692382085,0.0038751814911,0.0085158599039,0.0060287270956,0.012830763205,0.0043204810313
282.0,0.02288485471,0.018131143736,0.015580035161,0.026289117667,0.024578496675,0.03389441808,0.020300166361,0.017611737245,0.0059718000211,0.033894618103,0.030116395349,0.017899672766,0.0039706528468,0.016727647951,0.035229902643,0.021134384119,0.010525064721,0.032465062011,0.034038049793,0.012423447152,0.017343740595,0.0045166041937,0.0038424873457,0.0084044935799,0.0059533096541,0.012658619811,0.004270875943
282.5,0.022574214759,0.017885561726,0.015369657968,0.025932279313,0.024244836696,0.033435387813,0.020024817251,0.01737330643,0.0058971241057,0.033435585241,0.02970796462,0.017657277514,0.0039251734374,0.016501410386,0.034753060526,0.02084762562,0.010385214933,0.032025137834,0.03357710206,0.012256975685,0.017109002406,0.0044646465058,0.003810206324,0.0082946626454,0.0058789091603,0.012488867316,0.0042219135018
283.0,0.022267852103,0.01764337928,0.01516219911,0.025580333358,0.023915761283,0.032982589692,0.01975327107,0.017138177794,0.005823454538,0.032982784558,0.029305106052,0.017418238442,0.0038802929659,0.016278308507,0.034282681392,0.020564823836,0.01024730343,0.031591197347,0.033122411358,0.012092815172,0.016877516043,0.0044133556521,0.0037783320712,0.0081863449018,0.0058055109854,0.012321471424,0.0041735845479
283.5,0.021965707024,0.017404548347,0.014957617055,0.025233212061,0.023591206696,0.032535938894,0.019485474372,0.016906304599,0.0057507768524,0.032536131231,0.028907743177,0.017182508085,0.0038360026573,0.016058297829,0.033818677521,0.020285923281,0.010111302287,0.03116315886,0.032673892553,0.011930932459,0.016649235446,0.0043627222834,0.0037468583456,0.0080795184861,0.0057331007234,0.012156398345,0.0041258800626
284.0,0.021667720648,0.01716902157,0.014755870881,0.024890848631,0.023271110093,0.032095351754,0.019221374474,0.016677640782,0.0056790768036,0.032095541593,0.028515800579,0.016950039662,0.0037922938769,0.015841334512,0.033360962391,0.020010869255,0.0099771839945,0.030740941799,0.032231461669,0.011771294883,0.016424115223,0.0043127371919,0.0037157790172,0.0079741618647,0.0056616641877,0.011993614789,0.0040787911666
284.5,0.021373834937,0.016936752275,0.01455692026,0.024553177211,0.022955409512,0.031660745749,0.018960919445,0.016452140946,0.0056083403627,0.031660933122,0.028129203886,0.016720787066,0.0037491581279,0.015627375349,0.03290945065,0.019739607839,0.0098449214547,0.030324466697,0.031795035879,0.011613870263,0.01620211064,0.0042633913087,0.0036850880649,0.0078702538291,0.0055911874073,0.011833087958,0.0040323091171
285.0,0.021083992671,0.016707694458,0.014360725451,0.02422013286,0.022644043867,0.031232039479,0.018704058098,0.01622976035,0.0055385537142,0.031232224419,0.027747879752,0.016494704856,0.0037065870494,0.015416377763,0.032464058111,0.019472085885,0.009714487974,0.029913655175,0.031364533483,0.011458626894,0.015983177608,0.0042146757018,0.0036547795745,0.0077677734902,0.0055216566234,0.011674785538,0.0039864253062
285.5,0.020798137439,0.016481802781,0.014167247294,0.02389165155,0.022336952927,0.030809152659,0.018450739976,0.016010454897,0.005469703252,0.030809335195,0.027371755842,0.016271748247,0.0036645724133,0.015208299793,0.032024701728,0.019208250996,0.0095858572566,0.029508429926,0.030939873895,0.011305533539,0.015767272676,0.0041665815737,0.0036248477367,0.0076667002735,0.0054530582861,0.011518675691,0.0039411312581
286.0,0.020516213631,0.016259032556,0.013976447198,0.023567670144,0.022034077309,0.030392006096,0.018200915343,0.015794181128,0.0054017755767,0.030392186258,0.02700076082,0.0160518731,0.0036231061227,0.015003100083,0.031591299585,0.018948051524,0.0094590033988,0.029108714704,0.030520977629,0.011154559423,0.015554353019,0.0041191002593,0.0035952868445,0.0075670139142,0.0053853790512,0.011364727051,0.0038964186272
286.5,0.020238166419,0.016039339743,0.013788287134,0.023248126389,0.021735358464,0.029980521677,0.017954535171,0.015580896212,0.0053347574918,0.029980699497,0.026634824335,0.015835035909,0.0035821802096,0.014800737881,0.031163770878,0.018691436556,0.0093339008826,0.028714434308,0.030107766282,0.011005674226,0.015344376434,0.0040722232237,0.0035660912918,0.0074686944523,0.0053186057766,0.011212908712,0.0038522791961
287.0,0.019963941754,0.01582268093,0.013602729626,0.0229329589,0.021440738667,0.029574622358,0.017711551134,0.015370557935,0.0052686360007,0.029574797865,0.026273877005,0.015621193798,0.0035417868321,0.014601173021,0.030742035901,0.018438355903,0.0092105245699,0.028325514565,0.029700162522,0.010858848073,0.015137301325,0.0040259420603,0.0035372555711,0.0073717222279,0.0052527255193,0.011063190225,0.003808704873
287.5,0.019693486347,0.015609013334,0.013419737742,0.02262210715,0.021150161001,0.029174232142,0.017471915595,0.01516312469,0.0052033983036,0.029174405365,0.025917850406,0.015410304508,0.003501918273,0.01440436592,0.030326016033,0.01818876009,0.0090888496968,0.02794188232,0.029298090069,0.010714051533,0.014933086697,0.0039802484887,0.0035087742714,0.0072760778764,0.0051877255322,0.01091554159,0.0037656876902
288.0,0.019426747666,0.015398294787,0.013239275089,0.022315511457,0.020863569352,0.028779276071,0.017235581596,0.014958555473,0.0051390317938,0.02877944704,0.025566677058,0.015202326388,0.0034625669372,0.014210277567,0.029915633721,0.017942600344,0.0089688518677,0.027563465419,0.028901473685,0.010571255606,0.014731692148,0.0039351343524,0.0034806420766,0.0071817423238,0.0051235932606,0.010769933248,0.0037232198016
288.5,0.019163673918,0.015190483726,0.013061305803,0.022013112974,0.020580908392,0.028389680209,0.017002502849,0.014756809868,0.0050755240556,0.028389848952,0.025220290411,0.014997218387,0.0034237253495,0.014018869516,0.029510812463,0.017699828587,0.0088505070493,0.027190192697,0.028510239156,0.010430431722,0.014533077856,0.0038905916172,0.0034528537633,0.0070886967825,0.00506031634,0.010626336076,0.0036812934811
289.0,0.018904214042,0.014985539186,0.012885794538,0.021714853674,0.020302123569,0.028005371628,0.016772633727,0.014557848044,0.0050128628603,0.028005538173,0.024878624835,0.014794940044,0.0033853861532,0.013830103877,0.0291114768,0.017460397425,0.0087337915659,0.026821993964,0.02812431328,0.010291551729,0.014337204576,0.0038466123689,0.0034254041992,0.0069969227465,0.0049978825922,0.010484721378,0.0036399011204
289.5,0.0186483177,0.014783420792,0.012712706465,0.021420676339,0.020027161099,0.027626278395,0.016545929251,0.014361630742,0.0049510361639,0.027626442771,0.024541615603,0.014595451481,0.0033475421074,0.013643943308,0.028717552296,0.017224260136,0.0086186820929,0.026458799988,0.027743623856,0.010154587891,0.014144033629,0.0038031888117,0.0033982883412,0.0069064019872,0.0049362800226,0.010345060882,0.003599035227
290.0,0.018395935262,0.014584088748,0.01254200726,0.021130524551,0.019755967952,0.027252329558,0.016322345085,0.014168119269,0.0048900321037,0.027252491792,0.024209198881,0.014398713393,0.0033101860852,0.013460351005,0.028328965528,0.016991370662,0.0085051556522,0.02610054249,0.027368099663,0.010019512881,0.013953526892,0.003760313266,0.0033715012338,0.0068171165488,0.0048754968177,0.010207326729,0.0035586884226
290.5,0.018147017801,0.014387503831,0.012373663094,0.020844342681,0.019488491842,0.026883455133,0.016101837524,0.013977275489,0.0048298389957,0.026883615251,0.023881311716,0.014204687041,0.0032733110722,0.013279290698,0.027945644069,0.0167616836,0.0083931896063,0.025747154123,0.026997670454,0.0098862997722,0.013765646792,0.0037179781668,0.0033450380072,0.0067290487444,0.0048155213417,0.010071491473,0.0035188534408
291.0,0.01790151708,0.014193627379,0.012207640634,0.020562075872,0.019224681218,0.026519586089,0.015884363487,0.013789061814,0.0047704453318,0.02651974412,0.023557892022,0.014013334243,0.0032369101638,0.013100726638,0.027567516478,0.016535154192,0.0082827616536,0.025398568462,0.026632266939,0.0097549220356,0.013580356298,0.0036761760619,0.0033188938756,0.0066421811517,0.0047563421337,0.0099375280684,0.0034795231258
291.5,0.017659385541,0.014002421288,0.012043907025,0.020283670036,0.018964485249,0.026160654338,0.015669880504,0.013603441198,0.0047118397768,0.026160810308,0.023238878569,0.013824617363,0.0032009765641,0.012924623594,0.027194512283,0.016311738313,0.0081738498227,0.025054719993,0.026271820771,0.0096253535308,0.013397618911,0.0036348996097,0.0032930641358,0.0065564966086,0.0046979479054,0.0098054098678,0.0034406904303
292.0,0.017420576298,0.013813847999,0.011882429894,0.020009071839,0.018707853822,0.025806592721,0.015458346712,0.013420377127,0.0046540111657,0.025806746656,0.022924210973,0.01363849931,0.0031655035837,0.012750946845,0.026826561971,0.016091392469,0.008066432468,0.024715544099,0.025916264536,0.0094975685021,0.013217398659,0.0035941415779,0.0032675441654,0.0064719782096,0.004640327538,0.0096751106147,0.0034023484136
292.5,0.017185043128,0.013627870493,0.011723177332,0.019738228688,0.018454737522,0.025457334992,0.015249720842,0.013239833613,0.0045969485013,0.025457486918,0.02261382968,0.013454943522,0.0031304846377,0.012579662167,0.026463596972,0.015874073779,0.0079604882639,0.024380977046,0.02556553174,0.0093715415716,0.013039660086,0.0035538948416,0.0032423294212,0.0063886093015,0.0045834700794,0.0095466044378,0.0033644902402
293.0,0.016952740457,0.013444452281,0.011566117896,0.019471088727,0.01820508763,0.025112815811,0.015043962213,0.013061775183,0.0045406409512,0.025112965754,0.022307675958,0.013273913965,0.0030959132445,0.012410735833,0.026105549648,0.015659739972,0.0078559962006,0.024050955973,0.025219556793,0.0092472477341,0.012864368247,0.0035141523816,0.0032174154379,0.0063063734795,0.0045273647419,0.0094198658451,0.0033271091778
293.5,0.016723623355,0.013263557398,0.011411220596,0.019207600821,0.017958856109,0.024772970728,0.014841030725,0.012886166877,0.0044850778452,0.024773118713,0.022005691883,0.013095375119,0.0030617830235,0.0122441346,0.025752353281,0.015448349377,0.007752935579,0.023725418882,0.024878275,0.0091246623515,0.012691488702,0.0034749072825,0.0031927978263,0.0062252545836,0.0044720008996,0.0092948697185,0.0032901985958
294.0,0.016497647527,0.013085150396,0.011258454894,0.01894771455,0.017715995596,0.024437736172,0.014640886844,0.012712974235,0.0044302486731,0.024437882224,0.021707820333,0.012919291977,0.0030280876936,0.012079825707,0.025403942057,0.015239860913,0.0076512860058,0.02340430462,0.024541622548,0.0090037611466,0.012520987502,0.0034361527315,0.003168472272,0.0061452366945,0.0044173680852,0.0091715913076,0.0032537519638
294.5,0.0162747693,0.012909196331,0.011107790689,0.018691380193,0.017476459391,0.024107049438,0.014443491603,0.012542163293,0.0043761430818,0.024107193582,0.021414004969,0.012745630032,0.0029948210717,0.011917776862,0.02506025106,0.015034234084,0.0075510273891,0.023087552874,0.024209536494,0.0088845201985,0.012352831189,0.0033978820165,0.003144434534,0.0060663041298,0.0043634559887,0.0090500062247,0.0032177628494
295.0,0.016054945616,0.012735660765,0.010959198321,0.018438548727,0.017240201448,0.023780848676,0.014248806585,0.012373700573,0.0043227508729,0.023780990936,0.02112419023,0.012574355273,0.0029619770707,0.011757956239,0.024721216251,0.014831428964,0.0074521399336,0.022775104155,0.023881954752,0.0087669159364,0.012186986785,0.0033600885244,0.003120680443,0.0059884414408,0.0043102544535,0.0089300904389,0.0031822249173
295.5,0.015838134027,0.01256450975,0.010812648554,0.018189171808,0.01700717637,0.023459072881,0.014056793922,0.01220755308,0.0042700620004,0.023459213281,0.020838321321,0.012405434176,0.0029295496983,0.011600332473,0.024386774465,0.014631406197,0.0073546041362,0.022466899789,0.023558816082,0.0086509251351,0.012023421786,0.0033227657399,0.0030972059005,0.0059116334084,0.0042577534753,0.0088118202712,0.0031471319272
296.0,0.015624292679,0.012395709825,0.010668112579,0.017943201768,0.01677733939,0.023141661877,0.013867416282,0.01204368829,0.0042180665684,0.023141800441,0.020556344201,0.012238833698,0.0028975330551,0.011444874647,0.024056863393,0.014434126982,0.0072584007814,0.022162881904,0.02324006008,0.0085365249092,0.011862104155,0.0032859072435,0.003074006877,0.0058358650397,0.0042059431986,0.0086951723887,0.0031124777328
296.5,0.015413380311,0.012229228008,0.010525562001,0.017700591603,0.016550646372,0.02282855631,0.013680636864,0.011882074147,0.0041667548282,0.022828693062,0.020278205575,0.012074521269,0.002865921333,0.01129155229,0.023731421573,0.014239553069,0.007163510937,0.021862993421,0.022925627163,0.0084236927082,0.011703002313,0.0032495067105,0.0030510794111,0.0057611215647,0.0041548139153,0.0085801237997,0.0030782562798
297.0,0.01520535624,0.012065031789,0.010384968836,0.017461294962,0.016327053799,0.022519697635,0.013496419392,0.011722679055,0.0041161171767,0.022519832598,0.020003852879,0.011912464785,0.002834708814,0.01114033537,0.023410388378,0.014047646748,0.0070699159499,0.021567178041,0.022615458562,0.0083124063115,0.011546085139,0.003213557909,0.0030284196076,0.0056873884324,0.0041043560617,0.0084666518485,0.0030444616044
297.5,0.015000180358,0.011903089124,0.010246305504,0.017225266143,0.01610651876,0.022215028106,0.013314728102,0.01156547187,0.0040661441536,0.022215161302,0.019733234277,0.011752632605,0.0028038898683,0.010991194288,0.023093704005,0.013858370846,0.0069775974414,0.021275380238,0.022309496308,0.0082026438234,0.011391321953,0.0031780546989,0.0030060236368,0.0056146513081,0.0040545602166,0.0083547342102,0.0030110878324
298.0,0.01479781312,0.011743368426,0.010109544823,0.016992460076,0.015888998946,0.021914490761,0.013135527739,0.011410421894,0.0040168264393,0.021914622213,0.019466298643,0.011594993537,0.0027734589533,0.010844099867,0.022781309463,0.013671688714,0.0068865373036,0.020987545242,0.022007683221,0.008094383668,0.011238682519,0.00314299103,0.0029838877333,0.0055428960691,0.0040054170987,0.008244348886,0.0029781291773
298.5,0.014598215539,0.011585838561,0.0099746600031,0.016762832323,0.015674452643,0.021618029418,0.012958783548,0.01125749887,0.0039681548528,0.021618159149,0.019202995559,0.011439516837,0.0027434106116,0.010699023354,0.02247314656,0.013487564222,0.006796717695,0.020703619036,0.021709962901,0.0079876045847,0.011088137034,0.0031083609409,0.0029620081941,0.0054721088025,0.003956917565,0.0081354741982,0.0029455799388
299.0,0.014401349175,0.01143046884,0.0098416246426,0.016536339061,0.015462838716,0.021325588658,0.012784461269,0.011106672974,0.0039201203495,0.021325716689,0.018943275297,0.011286172201,0.00271373947,0.010555936405,0.022169157899,0.013305961752,0.0067081210364,0.020423548339,0.021416279718,0.0078822856234,0.01093965612,0.0030741585578,0.0029403813782,0.0054022758011,0.003909052608,0.0080280887851,0.0029134345018
299.5,0.01420717613,0.011277229012,0.0097104127192,0.016312937081,0.01525411661,0.021037113819,0.012612527125,0.010957914809,0.0038727140189,0.021037240173,0.018687088818,0.011134929759,0.0026844402378,0.010414811086,0.021869286859,0.01312684619,0.0066207300068,0.0201472806,0.021126578796,0.0077784061396,0.010793210823,0.0030403780924,0.0029190037049,0.0053333835607,0.0038618133541,0.0079221715967,0.0028816873349
300.0,0.01401565904,0.011126089258,0.009580998586,0.016092583772,0.015048246335,0.020752550984,0.012442947822,0.010811195399,0.0038259270827,0.020752675682,0.018434387755,0.010985760068,0.0026555077058,0.010275619863,0.02157347759,0.012950182917,0.0065345275399,0.019874763989,0.02084080601,0.00767594579,0.010648772603,0.0030070138415,0.0028978716531,0.0052654187767,0.0038151910612,0.0078177018898,0.0028503329888
300.5,0.013826761063,0.010977020186,0.009453356966,0.015875237117,0.01484518846,0.020471846971,0.012275690534,0.010666486182,0.0037797508926,0.020471970034,0.018185124407,0.010838634105,0.0026269367446,0.010138335596,0.021281674999,0.012775937806,0.0064494968199,0.019605947383,0.020558907972,0.0075748845281,0.010506313327,0.0029740601847,0.0028769817596,0.0051983683414,0.0037691771165,0.0077146592232,0.0028193660954
301.0,0.013640445879,0.010829992823,0.0093274629463,0.015660855685,0.014644904108,0.02019494932,0.012110722903,0.010523759005,0.0037341769284,0.02019507077,0.017939251732,0.010693523263,0.0025987223034,0.010002931538,0.020993824742,0.012604077211,0.0063656212775,0.019340780358,0.020280832019,0.0074752025993,0.010365805267,0.002941511584,0.0028563306187,0.0051322193405,0.0037237630349,0.0076130234535,0.0027887813661
301.5,0.013456677675,0.010684978611,0.0092032919731,0.015449398621,0.014447354944,0.01992180629,0.011948013029,0.010382986118,0.0036891967959,0.019921926147,0.017696723335,0.010550399343,0.0025708594086,0.0098693813213,0.020709873213,0.012434567962,0.0062828845868,0.01907921318,0.020006526209,0.007376880537,0.010227221092,0.002909362582,0.0028359148806,0.0050669590505,0.0036789404569,0.0075127747307,0.002758573591
302.0,0.013275421144,0.010541949397,0.0090808198459,0.015240825636,0.01425250317,0.019652366843,0.011787529464,0.010244140168,0.0036448022249,0.019652485127,0.017457493456,0.010409234548,0.0025433431628,0.00973765896,0.020429767535,0.012267377357,0.006201270661,0.018821196796,0.019735939305,0.007279899158,0.010090533861,0.0028776078006,0.0028157312506,0.0050025749356,0.0036347011463,0.0074138934934,0.0027287376371
302.5,0.013096641474,0.010400877433,0.0089600227125,0.015035097006,0.014060311513,0.019386580636,0.011629241206,0.010107194192,0.0036009850674,0.019386697367,0.017221516969,0.01027000148,0.0025161687433,0.0096077388391,0.020153455548,0.012102473158,0.006120763649,0.018566682824,0.019469020768,0.0071842395584,0.0099557170186,0.0028462419402,0.002795776488,0.0049390546447,0.0035910369887,0.0073163604646,0.0026992684475
303.0,0.012920304343,0.010261735363,0.0088408770642,0.014832173554,0.013870743227,0.019124398013,0.011473117691,0.0099721216129,0.0035577372956,0.019124513212,0.016988749368,0.01013267313,0.0024893314009,0.0094795957108,0.019880885801,0.011939823581,0.006041347932,0.018315623542,0.019205720748,0.0070898831092,0.0098227443895,0.0028152597779,0.002776047405,0.0048763860088,0.0035479399894,0.0072201566478,0.0026701610401
303.5,0.01274637591,0.010124496225,0.0087233597303,0.014632016653,0.013683762074,0.018865769995,0.011319128788,0.009838896233,0.0035150510001,0.01886588368,0.016759146757,0.0099972228772,0.0024628264587,0.0093532046893,0.019612007541,0.011779397291,0.0059630081195,0.018067971884,0.018945990075,0.0069968114525,0.0096915901727,0.0027846561668,0.002756540866,0.0048145570382,0.0035054022716,0.0071252633223,0.0026414105061
304.0,0.012574822809,0.0099891334389,0.0086074478733,0.01443458821,0.013499332326,0.018610648268,0.011167244794,0.009707492229,0.0034729183881,0.01861076046,0.016532665848,0.0098636244775,0.002436649311,0.0092285412452,0.019346770705,0.011621163395,0.0058857290465,0.017823681423,0.018689780247,0.0069050064971,0.009562228936,0.0027544260345,0.0027372537864,0.0047535559195,0.0034634160743,0.0070316620396,0.0026130120095
304.5,0.012405612144,0.009855620804,0.0084931189839,0.014239850662,0.013317418752,0.01835898518,0.011017436426,0.0095778841463,0.0034313317812,0.018359095897,0.016309263945,0.009731852063,0.0024107954219,0.0091055812003,0.01908512591,0.011465091437,0.0058094957694,0.017582706371,0.018437043423,0.0068144504147,0.0094346356106,0.0027245643823,0.0027181831317,0.0046933710131,0.003421973751,0.0069393346186,0.0025849607853
305.0,0.01223871148,0.0097239324932,0.0083803508764,0.014047766969,0.013137986614,0.018110733724,0.010869674813,0.0094500468934,0.0033902836143,0.018110842987,0.01608889894,0.0096018801342,0.0023852603246,0.0089843007226,0.018827024442,0.01131115139,0.0057342935632,0.017345001563,0.018187732415,0.006725125636,0.0093087854856,0.0026950662836,0.0026993259167,0.0046339908505,0.0033810677677,0.0068482631426,0.0025572521384
305.5,0.012074088837,0.0095940430472,0.0082691216836,0.013858300606,0.01296100166,0.017865847538,0.010723931496,0.009323955737,0.0033497664332,0.017865955364,0.015871529307,0.0094736835552,0.0023600396197,0.008864676321,0.018572418251,0.011159313652,0.005660107918,0.017110522454,0.017941800677,0.0066370148468,0.0091846542034,0.0026659268831,0.0026806792042,0.0045754041317,0.0033406907008,0.0067584299543,0.0025298814432
306.0,0.011911712684,0.0094659273693,0.0081594098526,0.013671415554,0.012786430114,0.017624280887,0.010580178415,0.0091995862965,0.0033097728934,0.017624387295,0.015657114088,0.0093472375482,0.0023351289745,0.0087466848405,0.018321259938,0.011009549038,0.0055869245356,0.016879225107,0.017699202295,0.0065501009839,0.0090622177537,0.0026371413955,0.0026622401049,0.0045175997225,0.003300835236,0.0066698176527,0.0025028441416
306.5,0.011751551933,0.0093395607198,0.0080511941395,0.013487076295,0.012614238675,0.017385988663,0.01043838791,0.009076914539,0.0032702957579,0.017386093671,0.015445612889,0.0092225176884,0.0023105241217,0.0086303034573,0.018073502748,0.010861828774,0.0055147293265,0.016651066185,0.017459891983,0.0064643672319,0.0089414524694,0.0026087051047,0.0026440057755,0.0044605666522,0.0032614941662,0.0065824090889,0.0024761357426
307.0,0.011593575931,0.0092149187114,0.0079444536056,0.013305247806,0.012444394503,0.01715092637,0.01029853271,0.0089559167742,0.0032313278961,0.017151029997,0.015236985872,0.009099499899,0.0022862208585,0.0085155096737,0.01782910056,0.010716124492,0.0054435084065,0.016426002945,0.01722382507,0.0063797970189,0.0088223350205,0.0025806133625,0.0026259734187,0.0044042941108,0.00322266039,0.0064961873625,0.0024497518208
307.5,0.011437754457,0.0090919773038,0.0078391676124,0.013125895549,0.012276865219,0.016919050119,0.010160585931,0.0088365696495,0.0031928622815,0.016919152382,0.015031193748,0.0089781604459,0.0022622150454,0.0084022813139,0.017588007882,0.010572408225,0.0053732480942,0.016203993226,0.016990957494,0.0062963740135,0.0087048424103,0.0025528615875,0.0026081402821,0.0043487714467,0.0031843269099,0.0064111358177,0.0024236880157
308.0,0.011284057711,0.0089707127986,0.0077353158172,0.012948985467,0.012111618896,0.01669031662,0.010024521066,0.0087188501449,0.0031548919908,0.016690417536,0.014828197766,0.0088584759331,0.0022385026052,0.0082905965186,0.017350179835,0.010430652398,0.005303934907,0.015984995446,0.016761245793,0.0062140821205,0.0085889519698,0.0025254452644,0.0025905036571,0.0042939881646,0.003146486831,0.0063272380399,0.0023979400305
308.5,0.011132456312,0.0088511018343,0.0076328781693,0.012774483974,0.01194862405,0.016464683169,0.009890311986,0.0086027355684,0.0031174102018,0.016464782757,0.014627959708,0.0087404232971,0.0022150795221,0.0081804337408,0.017115572154,0.010290829828,0.0052355555591,0.015768968589,0.016534647096,0.0061329054779,0.008474641353,0.0024983599426,0.0025730608786,0.0042399339222,0.0031091333591,0.0062444778521,0.0023725036311
309.0,0.010982921291,0.0087331213816,0.0075318349048,0.012602357952,0.011787849639,0.016242107649,0.0097579329286,0.0084882035511,0.0030804101919,0.016242205924,0.014430441884,0.008623979803,0.0021919418405,0.0080717717413,0.016884141173,0.01015291371,0.0051680969577,0.015555872202,0.016311119118,0.0060528284533,0.0083618885326,0.0024716012353,0.0025558093237,0.0041865985291,0.0030722597992,0.0061628393109,0.0023473746452
309.5,0.010835424086,0.0086167487385,0.0074321665435,0.012432574743,0.011629265053,0.016022548511,0.0096273584962,0.0083752320425,0.0030438853367,0.016022645492,0.01423560712,0.0085091230388,0.0021690856643,0.0079645895838,0.016655843819,0.010016877622,0.0051015462006,0.015345666382,0.016090620146,0.0059738356404,0.0082506717951,0.0024451648188,0.0025387464113,0.0041339719435,0.0030358595543,0.0060823067036,0.0023225489612
310.0,0.010689936534,0.0085019615256,0.0073338538837,0.01226510214,0.011472840109,0.015805964777,0.0094985636494,0.0082637993058,0.0030078291086,0.015806060479,0.014043418752,0.0083958309116,0.0021465071555,0.0078588666309,0.016430637604,0.0098826955108,0.0050358905733,0.015138311774,0.015873109039,0.0058959118556,0.0081409697361,0.0024190464312,0.0025218696013,0.0040820442703,0.0029999261235,0.0060028645447,0.0022980225274
310.5,0.010546430866,0.0083887376814,0.0072368779987,0.012099908387,0.011318545043,0.015592316024,0.0093715237024,0.0081538839135,0.002972235075,0.015592410464,0.013853840622,0.0082840816422,0.0021242025338,0.0077545825397,0.016208480617,0.0097503416905,0.0049711175458,0.01493376956,0.015658545213,0.0058190421349,0.0080327612561,0.0023932418716,0.0025051763937,0.004030805759,0.0029644531006,0.0059244975719,0.002273791351
311.0,0.010404879704,0.0082770554575,0.0071412202328,0.011936962165,0.01116635051,0.01538156238,0.0092462143176,0.008045464743,0.0029370968971,0.015381655575,0.013666837069,0.008173853761,0.0021021680751,0.0076517172572,0.015989331514,0.0096197908371,0.0049072147703,0.014732001452,0.015446888638,0.0057432117304,0.0079260255558,0.0023677469991,0.0024886643281,0.0039802468011,0.0029294341728,0.0058471907437,0.0022498514971
311.5,0.010265256051,0.0081668934145,0.007046862197,0.011776232591,0.01101622757,0.015173664516,0.0091226115007,0.0079385209718,0.0029024083283,0.015173756482,0.01348237292,0.0080651261034,0.0020804001113,0.0075502510163,0.015773149517,0.0094910179831,0.0048441700781,0.014532969684,0.015238099828,0.0056684061072,0.007820742132,0.0023425577319,0.0024723309826,0.0039303579286,0.0028948631192,0.0057709292354,0.002226199088
312.0,0.010127533289,0.0080582304172,0.0069537857652,0.011617689212,0.010868147688,0.01496858364,0.0090006915958,0.0078330320736,0.0028681632128,0.014968674393,0.013300413487,0.0079578778054,0.0020588950285,0.0074501643318,0.015559894397,0.0093639985121,0.0047819714771,0.014336637009,0.015032139838,0.0055946109401,0.0077168907731,0.0023176700466,0.0024561739737,0.003881129811,0.0028607338092,0.0056956984361,0.002202830302
312.5,0.0099916851737,0.00795104563,0.0068619730707,0.011461301995,0.010722082728,0.014766281487,0.0088804312807,0.0077289778135,0.0028343554842,0.014766371042,0.013120924559,0.0078520882992,0.0020376492669,0.0073514379957,0.015349526472,0.0092387081539,0.0047206071492,0.014142966687,0.014828970247,0.0055218121106,0.0076144515548,0.0022930799768,0.002440190955,0.0038325532541,0.0028270402014,0.0056214839458,0.0021797413728
313.0,0.0098576858268,0.0078453185133,0.0067714065019,0.011307041324,0.010578004944,0.014566720312,0.0087618075618,0.0076263382443,0.0028009791645,0.014566808685,0.012943872393,0.0077477373088,0.0020166593196,0.0072540530741,0.015142006602,0.0091151229798,0.0046600654474,0.01395192248,0.014628553163,0.0054499957039,0.0075134048363,0.0022687836129,0.0024243796171,0.0037846191971,0.0027937763421,0.0055482715719,0.0021569285885
313.5,0.0097255097327,0.0077410288183,0.0066820686987,0.011154877996,0.010435886977,0.014369862887,0.0086447977696,0.007525093702,0.0027680283621,0.014369950093,0.012769223711,0.0076448048463,0.0019959217316,0.0071579909022,0.014937296175,0.0089932193975,0.0046003348936,0.013763468645,0.014430851206,0.0053791480058,0.0074137312559,0.0022447771006,0.0024087376863,0.0037373187114,0.002760936364,0.005476047326,0.0021343882909
314.0,0.0095951317324,0.0076381565837,0.0065939425493,0.011004783211,0.010295701849,0.014175672488,0.008529379554,0.0074252248016,0.0027354972708,0.014175758542,0.012596945693,0.0075432712069,0.0019754330994,0.007063233081,0.014735357103,0.0088729741464,0.0045414041759,0.013577569928,0.014235827506,0.0053092554995,0.0073154117267,0.0022210566406,0.0023932629248,0.0036906429979,0.0027285144848,0.0054047974216,0.0021121168745
314.5,0.0094665270193,0.0075366821308,0.0065070111856,0.010856728568,0.01015742296,0.013984112892,0.0084155308799,0.0073267124335,0.0027033801688,0.013984197809,0.012427005967,0.0074431169654,0.0019551900698,0.0069697614735,0.014536151818,0.0087543642926,0.0044832621459,0.013394191557,0.014043445695,0.0052403048632,0.0072184274333,0.0021976184874,0.0023779531292,0.0036445833853,0.0026965050059,0.0053345082703,0.0020901107857
315.0,0.0093396711334,0.0074365860596,0.0064212579809,0.01071068606,0.010021024076,0.01379514837,0.0083032300223,0.0072295377591,0.0026716714167,0.013795232164,0.012259372609,0.0073443229722,0.001935189339,0.0068775582005,0.014339643259,0.0086373672248,0.0044258978166,0.013213299233,0.013853669901,0.0051722829665,0.0071227598273,0.0021744589484,0.0023628061305,0.0035991313284,0.0026649023112,0.0052651664793,0.0020683665221
315.5,0.0092145399569,0.0073378492453,0.006336666545,0.010566628071,0.0098864793317,0.013608743679,0.0081924555623,0.007133682207,0.002640365457,0.013608826365,0.012094014131,0.0072468703487,0.0019154276524,0.006786605637,0.01414579487,0.008521960649,0.0043693003598,0.013034859127,0.013666464738,0.0051051768682,0.0070283906234,0.0021515743837,0.0023478197932,0.0035542784058,0.0026337008659,0.0051967588483,0.0020468806315
316.0,0.0090911097091,0.0072404528336,0.006253220722,0.010424527363,0.0097537632209,0.013424864054,0.0080831863822,0.0070391274692,0.0026094568123,0.013424945647,0.011930899478,0.0071507404842,0.0018959018031,0.0066968864085,0.01395457059,0.0084081225846,0.0043134591039,0.012858837872,0.013481795304,0.0050389738131,0.0069353017962,0.0021289612044,0.0023329920148,0.0035100163183,0.0026028952149,0.0051292723669,0.0020256497114
316.5,0.0089693569417,0.0071443782371,0.006170904586,0.010284357079,0.009622850592,0.013243475206,0.0079754016618,0.0069458554974,0.0025789400844,0.01324355572,0.011769998022,0.0070559150314,0.0018766086318,0.0066083833878,0.013765934848,0.0082958313595,0.0042583635311,0.012685202556,0.013299627169,0.0049736612296,0.0068434755757,0.0021066158728,0.0023183207253,0.0034663368868,0.0025724799822,0.0050626942114,0.0020046704083
317.0,0.0088492585342,0.0070496071316,0.0060897024381,0.010146090732,0.0094937166437,0.013064543312,0.0078690808738,0.0068538484986,0.0025488099527,0.013064622761,0.011611279555,0.0069623759029,0.0018575450253,0.0065210796904,0.013579852557,0.0081850656059,0.0042040032757,0.012513920717,0.013119926374,0.0049092267264,0.0067528944441,0.0020845349008,0.0023038038863,0.0034232320509,0.0025424498691,0.0049970117426,0.0019839394162
317.5,0.008730791689,0.0069561214521,0.0060095988031,0.010009702205,0.0093663369197,0.012888035009,0.0077642037794,0.0067630889325,0.0025190611738,0.012888113407,0.011454714284,0.0068701052673,0.0018387079164,0.0064349586722,0.013396289103,0.0080758042559,0.0041503681214,0.012344960337,0.012942659422,0.0048456580906,0.0066635411318,0.0020627148496,0.002289439491,0.0033806938666,0.0025127996533,0.0049322125025,0.001963453477
318.0,0.008613933927,0.0068639033891,0.0059305784262,0.0098751657391,0.0092406873038,0.012713917388,0.0076607504248,0.0066735595068,0.0024896885792,0.012713994748,0.011300272824,0.0067790855455,0.0018200942831,0.0063500039249,0.013215210346,0.0079680265372,0.0040974479993,0.012178289833,0.012767793271,0.0047829432843,0.0065753986141,0.0020411523289,0.0022752255631,0.003338714505,0.0024835241878,0.0048682842119,0.0019432093788
318.5,0.0084986630833,0.0067729353848,0.0058526262697,0.0097424559344,0.0091167440154,0.012542157988,0.0075587011364,0.0065852431742,0.0024606870754,0.012542234323,0.011147926196,0.0066892994074,0.0018017011474,0.0062661992733,0.013036582606,0.007861711969,0.0040452329855,0.012013878056,0.012595295329,0.0047210704425,0.0064884501075,0.002019843996,0.0022611601566,0.0032972862502,0.0024546183996,0.0048052147678,0.0019232039557
319.0,0.0083849573022,0.0066832001299,0.0057757275099,0.0096115477421,0.0089944836044,0.012372724791,0.0074580365173,0.0064981231287,0.0024320516416,0.012372800115,0.010997645815,0.0066007297677,0.001783525575,0.0061835287718,0.012860372663,0.0077568403578,0.0039937132993,0.01185169428,0.012425133448,0.0046600278705,0.0064026790662,0.0019987865552,0.0022472413551,0.0032564014978,0.0024260772886,0.0047429922405,0.0019034340869
319.5,0.0082727950334,0.0065946805594,0.0056998675341,0.0094824164604,0.008873882947,0.012205586212,0.0073587374433,0.0064121828022,0.0024037773295,0.012205660539,0.010849403492,0.0065133597829,0.0017655646747,0.0061019767007,0.012686547744,0.0076533917932,0.0039428793005,0.011691708201,0.012257275916,0.0045998040411,0.0063180691789,0.0019779767574,0.0022334672716,0.0032160527533,0.0023978959266,0.0046816048717,0.0018838966961
320.0,0.0081621550273,0.0065073598496,0.0056250319373,0.0093550377294,0.0087549192406,0.0120407111,0.0072607850586,0.0063274058608,0.0023758592616,0.012040784441,0.010703171422,0.0064271728475,0.0017478155975,0.0060215275635,0.012515075525,0.0075513466439,0.0038927214877,0.011533889925,0.012091691454,0.0045403875924,0.006234604365,0.0019574113985,0.0022198360474,0.0031762326302,0.0023700694561,0.004621041071,0.0018645887508
320.5,0.0080530163308,0.0064212214144,0.0055512065193,0.0092293875265,0.0086375699997,0.011878068724,0.0071641607726,0.0062437762018,0.0023482926306,0.011878141093,0.010558922183,0.0063421525907,0.0017302755357,0.0059421660831,0.012345924119,0.007450685554,0.0038432304964,0.01137820997,0.011928349207,0.0044817673254,0.0061522687714,0.0019370873199,0.0022063458522,0.0031369338486,0.0023425930894,0.0045612894144,0.0018455072616
321.0,0.0079453582834,0.0063362489018,0.0054783772817,0.0091054421616,0.0085218130512,0.011717628774,0.0070688462556,0.00616127795,0.0023210726979,0.011717700184,0.010416628729,0.0062582828732,0.0017129417228,0.005863877199,0.01217906207,0.0073513894386,0.0037943970964,0.011224639255,0.011767218742,0.0044239322012,0.0060710467697,0.0019170014068,0.0021929948834,0.0030981492333,0.0023154621071,0.0045023386412,0.0018266492815
321.5,0.0078391605126,0.0062524261907,0.005406530425,0.0089831782724,0.0084076265301,0.011559361352,0.0069748234351,0.0060798954548,0.0022941947928,0.011559431814,0.010276264386,0.0061755477833,0.0016958114326,0.0057866460641,0.012014458353,0.0072534394803,0.0037462121902,0.011073149094,0.011608270038,0.0043668713391,0.0059909229521,0.0018971505882,0.0021797813653,0.0030598717126,0.0022886718578,0.0044441776517,0.0018080119053
322.0,0.0077344029304,0.0061697373874,0.0053356523457,0.0088625728198,0.0082949888753,0.011403236965,0.0068820744926,0.0059996132866,0.0022676543116,0.011403306493,0.010137802843,0.0060939316341,0.0016788819783,0.0057104580414,0.011852082359,0.0071568171253,0.0036986668112,0.010923711196,0.011451473484,0.0043105740141,0.0059118821289,0.0018775318359,0.0021667035493,0.0030220943166,0.0022622177562,0.0043867955051,0.0017895922691
322.5,0.0076310657285,0.0060881668227,0.0052657296334,0.0087436030836,0.0081838788249,0.011249226523,0.0067905818594,0.0059204162337,0.0022414467162,0.011249295129,0.010001218154,0.0060134189604,0.0016621507124,0.0056352987013,0.011691903899,0.0070615040797,0.003651752121,0.010776297654,0.01129679987,0.0042550296544,0.0058339093251,0.0018581421641,0.0021537597129,0.0029848101756,0.002236095283,0.0043301814169,0.0017713875494
323.0,0.0075291293752,0.006007699048,0.005196749068,0.0086262466579,0.0080742754127,0.011097301333,0.0067003282134,0.0058422892994,0.0022155675335,0.011097369028,0.0098664847254,0.0059339945148,0.0016456150254,0.0055611538181,0.01153389319,0.0069674823057,0.0036054594085,0.010630880943,0.011144220385,0.0042002278395,0.0057569897772,0.0018389786284,0.0021409481593,0.0029480125186,0.0022102999832,0.0042743247567,0.0017533949626
323.5,0.0074285746108,0.0059283188328,0.0051286976169,0.0085104814467,0.0079661579633,0.010947433089,0.0066112964754,0.0057652176986,0.0021900123541,0.010947499885,0.0097335773167,0.0058556432654,0.001629272346,0.0054880093678,0.011378020857,0.0068747340179,0.0035597800871,0.010487433912,0.01099370661,0.0041461582976,0.0056811089305,0.0018200383257,0.0021282672173,0.0029116946718,0.0021848274653,0.0042192150459,0.0017356117644
324.0,0.0073293824443,0.0058500111613,0.0050615624325,0.0083962856595,0.0078595060884,0.010799593874,0.0065234698058,0.0056891868549,0.0021647768316,0.010799659783,0.0096024710329,0.005778350392,0.00161312014,0.0054158515244,0.011224257919,0.00678324168,0.0035147056935,0.010345929782,0.010845230511,0.0040928109039,0.0056062524355,0.001801318393,0.0021157152405,0.0028758500574,0.0021596734007,0.0041648419555,0.0017180352494
324.5,0.0072315341491,0.0057727612292,0.0049953308491,0.0082836378072,0.0077542996829,0.010653756148,0.0064368316009,0.0056141823976,0.0021398566817,0.010653821181,0.0094731413203,0.0057021012836,0.0015971559095,0.0053446666575,0.011072575793,0.0066929880009,0.0034702278856,0.010206342138,0.010698764438,0.0040401756777,0.0055324061456,0.0017828160075,0.0021032906072,0.0028404721919,0.0021348335224,0.0041111953039,0.0017006627502
325.0,0.0071350112597,0.0056965544408,0.0049299903808,0.0081725166979,0.0076505189206,0.010509892747,0.00635136549,0.0055401901586,0.0021152476807,0.010509956916,0.0093455639621,0.0056268815351,0.0015813771931,0.0052744413295,0.010922946281,0.0066039559314,0.0034263384407,0.010068644929,0.010554281113,0.0039882427811,0.0054595561138,0.0017645283851,0.0020909917194,0.0028055546847,0.0021103036239,0.0040582650546,0.0016834916368
325.5,0.0070397955677,0.005621376406,0.0048655287183,0.0080629014325,0.0075481442503,0.010367976876,0.0062670553316,0.0054671961696,0.0020909456654,0.010368040192,0.0092197150734,0.0055526769443,0.0015657815646,0.0052051622923,0.010775341567,0.006516128661,0.0033830292535,0.0099328124546,0.010411753633,0.0039370025164,0.0053876885897,0.0017464527808,0.0020788170034,0.0027710912369,0.002086079559,0.0040060413143,0.0016665193164
326.0,0.0069458691185,0.0055472129371,0.0048019337267,0.0079547714009,0.0074471563925,0.010227982105,0.0061838852104,0.0053951866594,0.0020669465316,0.01022804458,0.009095571097,0.0054794735092,0.0015503666328,0.0051368164854,0.010629734216,0.006429489614,0.0033402923351,0.0097988193684,0.010271155459,0.0038864453241,0.0053167900172,0.0017285864873,0.0020667649082,0.0027370756395,0.00206215724,0.0039545143308,0.0016497432325
326.5,0.0068532142072,0.0054740500465,0.0047391934431,0.0078481062777,0.0073475363346,0.010089882365,0.0061018394341,0.0053241480507,0.0020432462335,0.010089944009,0.0089731087983,0.0054072574248,0.0015351300409,0.0050693910323,0.010486097161,0.0063440224465,0.0032981198104,0.0096666406685,0.010132460413,0.003836561781,0.0052468470309,0.0017109268349,0.002054833906,0.0027035017728,0.0020385326376,0.0039036744904,0.0016331608645
327.0,0.0067618133756,0.0054018739431,0.0046772960737,0.0077428860186,0.0072492653282,0.0099536519375,0.00602090253,0.0052540669574,0.0020198407825,0.0099537127616,0.0088523052615,0.0053360150807,0.0015200694658,0.0050028732387,0.010344403705,0.006259711043,0.0032565039169,0.0095362516945,0.0099956426744,0.003787342598,0.0051778464543,0.001693471191,0.0020430224917,0.0026703636042,0.0020152017795,0.0038535123167,0.0016167697271
327.5,0.0066716494085,0.00533067103,0.0046162299916,0.0076390908561,0.0071523248845,0.0098192654583,0.005941059242,0.0051849301822,0.0019967262469,0.0098193254731,0.0087331378848,0.0052657330578,0.001505182618,0.004937250589,0.010204627513,0.0061765395134,0.0032154370031,0.0094076281223,0.0098606767717,0.0037387786185,0.0051097752963,0.0016762169591,0.0020313291819,0.0026376551877,0.0019921607498,0.003804018468,0.0016005673698
328.0,0.0065827053303,0.0052604279015,0.0045559837343,0.0075367012959,0.0070566967715,0.0096866979059,0.0058622945278,0.0051167247135,0.0019738987506,0.0096867571221,0.0086155843762,0.0051963981262,0.0014904672405,0.0048725107445,0.010066742606,0.0060944921892,0.0031749115266,0.0092807459597,0.009727537581,0.0036908608159,0.0050426207489,0.0016591615786,0.0020197525152,0.002605370662,0.0019694056881,0.0037551837355,0.0015845513763
328.5,0.0064949644016,0.0051911313402,0.0044965460016,0.0074356981127,0.0069623630094,0.0095559245997,0.0057845935553,0.0050494377227,0.0019513544722,0.0095559830277,0.0084996227491,0.0051279972418,0.0014759211087,0.0048086415404,0.0099307233591,0.0060135536212,0.0031349200524,0.0091555815417,0.0095962003201,0.0036435802923,0.0049763701845,0.0016423025243,0.0020082910516,0.0025735042496,0.0019469327886,0.0037069990413,0.0015687193642
329.0,0.0064084101157,0.0051227683148,0.0044379056526,0.0073360623472,0.0068693058682,0.0094269211949,0.0057079417,0.004983056562,0.0019290896446,0.0094269788449,0.0083852313183,0.0050605175441,0.0014615420299,0.0047456309834,0.0097965444938,0.0059337085756,0.0030954552519,0.009032111526,0.0094666405433,0.0035969282761,0.0049110111533,0.0016256373058,0.0019969433722,0.0025420502554,0.0019247382994,0.0036594554365,0.0015530689842
329.5,0.0063230261958,0.0050553259769,0.0043800517042,0.0072377753014,0.0067775078633,0.0092996636777,0.0056323245419,0.0049175687613,0.0019071005539,0.0092997205598,0.0082723886957,0.0049939463533,0.0014473278425,0.0046834672491,0.0096641810752,0.0058549420315,0.0030565099005,0.0089103128889,0.0093388341379,0.0035508961205,0.0048465313807,0.0016091634669,0.0019857080787,0.0025110030653,0.0019028185216,0.0036125440995,0.0015375979198
330.0,0.0062387965912,0.0049887916587,0.004322973328,0.0071408185359,0.0066869517523,0.0091741283609,0.0055577278628,0.004852962026,0.0018853835387,0.0091741844853,0.0081610737863,0.0049282711678,0.0014332764158,0.0046221386801,0.0095336085066,0.0057772391775,0.0030180768769,0.0087901629205,0.0092127573185,0.0035054753015,0.0047829187648,0.001592878585,0.0019745837931,0.0024803571456,0.0018811698085,0.0035662563339,0.0015223038867
330.5,0.0061557054744,0.0049231528702,0.004266659849,0.0070451738657,0.0065976205321,0.0090502918795,0.0054841376432,0.0047892242343,0.0018639349891,0.0090503472561,0.0080512657841,0.0048634796618,0.0014193856494,0.0045616337827,0.009404802525,0.005700585409,0.0029801491608,0.0086716392208,0.0090883866236,0.0034606574161,0.0047201613741,0.0015767802712,0.0019635691575,0.002450107041,0.0018597885651,0.0035205835666,0.0015071846324
331.0,0.0060737372381,0.0048583972968,0.0042111007424,0.0069508233567,0.0065094974346,0.0089281311865,0.0054115400593,0.0047263434347,0.0018427513464,0.0089281858249,0.007942944168,0.0047995596826,0.0014056534729,0.0045019412255,0.0092777391964,0.0056249663252,0.0029427198321,0.0085547196952,0.0089656989104,0.0034164341806,0.0046582474448,0.001560866169,0.0019526628336,0.0024202473742,0.0018386712468,0.0034755173463,0.0014922379357
331.5,0.0059928764917,0.0047945127969,0.0041562856321,0.0068577493227,0.0064225659243,0.008807623548,0.0053399214809,0.004664307844,0.0018218291017,0.008807677458,0.0078360886982,0.0047364992481,0.0013920778451,0.0044430498362,0.0091523949118,0.005550367726,0.0029057820688,0.0084393825503,0.0088446713508,0.0033727974289,0.0045971653785,0.0015451339543,0.0019418635026,0.0023907728441,0.001817814359,0.0034310493416,0.0014774616061
332.0,0.0059131080586,0.004731487399,0.0041022042884,0.0067659343211,0.0063368096946,0.0086887465395,0.0052692684679,0.0046031058439,0.001801164796,0.0086887997305,0.0077306794119,0.0046742865444,0.0013786567538,0.0043849486001,0.0090287463822,0.0054767756096,0.0028693291462,0.0083256062901,0.0087252814273,0.0033297391106,0.0045369037397,0.0015295813348,0.0019311698645,0.0023616782251,0.0017972144566,0.003387171339,0.0014628534837
332.5,0.005834416973,0.0046693092999,0.0040488466256,0.0066753611504,0.0062522126646,0.0085714780413,0.0051995677679,0.0045427259799,0.0017807550184,0.0085715305228,0.00762669662,0.0046129099235,0.0013653882155,0.004327626657,0.0089067706349,0.0054041761692,0.0028333544349,0.0082133697114,0.0086075069282,0.0032872512895,0.0044774512537,0.0015142060497,0.0019205806383,0.0023329583658,0.0017768681425,0.0033438752416,0.0014484114383
333.0,0.005756788477,0.0046079668615,0.0039962027003,0.0065860128462,0.0061687589762,0.0084557962347,0.0051308063138,0.0044831569579,0.0017605964064,0.008455848016,0.0075241209028,0.0045523579008,0.0013522702745,0.0042710733,0.0087864450083,0.0053325557905,0.0027978513997,0.0081026519004,0.0084913259441,0.0032453261418,0.0044187968041,0.0014990058688,0.0019100945611,0.0023046081879,0.0017567720677,0.0033011530671,0.0014341333692
333.5,0.0056802080177,0.0045474486093,0.0039442627093,0.0064978726781,0.0060864329906,0.0083416795975,0.0050629712207,0.0044243876423,0.0017406856445,0.0083417306877,0.0074229331065,0.0044926191527,0.0013393010028,0.0042152779721,0.0086677471488,0.0052619010491,0.0027628135981,0.0079934322282,0.0083767168632,0.0032039559544,0.0043609294307,0.0014839785927,0.0018997103884,0.0022766226852,0.0017369229302,0.0032589969461,0.0014200172047
334.0,0.0056046612441,0.0044877432294,0.0038930169873,0.0064109241465,0.0060052192855,0.0082291069003,0.0049960497835,0.0043664070541,0.0017210194638,0.0082291573085,0.0073231143397,0.0044336825145,0.0013264784997,0.0041602302652,0.0085506550057,0.0051921987073,0.002728234679,0.0078856903472,0.0082636583675,0.0031631331237,0.0043038383271,0.0014691220516,0.0018894268932,0.0022489969224,0.0017173174741,0.0032173991208,0.0014060609018
334.5,0.0055301340047,0.0044288395663,0.0038424560051,0.0063251509795,0.005925102652,0.0081180572022,0.0049300294746,0.0043092043679,0.0017015946413,0.0081181069373,0.0072246459697,0.0043755369779,0.0013138008912,0.0041059199172,0.0084351468275,0.0051234357123,0.0026941083814,0.0077794061873,0.0081521294291,0.0031228501533,0.0042475128385,0.0014544341056,0.0018792428664,0.0022217260343,0.0016979524894,0.0031763519429,0.0013922624455
335.0,0.0054566123441,0.0043707266211,0.0037925703677,0.0062405371294,0.0058460680917,0.0080085098473,0.004864897941,0.0042527689103,0.0016824079991,0.008008558918,0.0071275096188,0.004318171689,0.0013012663298,0.0040523368101,0.0083212011576,0.0050555991927,0.002660428533,0.007674559952,0.0080421093055,0.0030830996532,0.0041919424597,0.0014399126438,0.0018691571157,0.0021948052244,0.0016788248111,0.0031358478725,0.0013786198487
335.5,0.005384082501,0.0043133935488,0.0037433508122,0.0061570667698,0.0057681008134,0.0079004444601,0.0048006430021,0.0041970901574,0.0016634564037,0.0079004928753,0.0070316871607,0.004261575946,0.0012888729938,0.0039994709679,0.0082087968308,0.0049886764565,0.0026271890487,0.0075711321144,0.0079335775365,0.0030438743375,0.0041371168326,0.0014255555838,0.0018591684662,0.0021682297642,0.0016599313182,0.0030958794759,0.0013651311515
336.0,0.0053125309046,0.004256829656,0.003694788206,0.0060747242924,0.0056911862307,0.0077938409427,0.0047372526468,0.0041421577329,0.0016447367658,0.0077938887109,0.0069371607175,0.0042057391969,0.0012766190872,0.0039473125549,0.0080979129687,0.0049226549883,0.00259438393,0.0074691034139,0.0078265139399,0.0030051670237,0.0040830257446,0.0014113608717,0.0018492757592,0.0021419949921,0.0016412689337,0.0030564394249,0.0013517944209
336.5,0.0052419441726,0.0042010243995,0.0036468735451,0.0059934943042,0.0056153099588,0.0076886794699,0.004674715032,0.0040879614059,0.0016262460388,0.0076887265996,0.006843912656,0.0041506510373,0.0012645028393,0.0038958518732,0.0079885289761,0.004857522447,0.0025620072627,0.0073684548526,0.0077208986077,0.0029669706303,0.0040296591261,0.0013973264815,0.0018394778528,0.0021160963124,0.0016228346235,0.0030175204943,0.0013386077507
337.0,0.0051723091083,0.004145967383,0.0035995979517,0.0059133616243,0.0055404578119,0.0075849404864,0.0046130184792,0.0040344910887,0.001607981219,0.0075849869859,0.006751925584,0.0040963012088,0.0012525225039,0.0038450793611,0.0078806245374,0.004793266663,0.0025300532167,0.0072691676912,0.0076167119027,0.0029292781761,0.0039770070486,0.0013834504145,0.0018297736211,0.0020905291941,0.0016046253958,0.0029791155612,0.0013255692605
337.5,0.0051036126978,0.0040916483561,0.0035529526729,0.0058343112809,0.0054666158001,0.0074826047025,0.0045521514727,0.0039817368347,0.0015899393446,0.0074826505802,0.0066611823476,0.0040426795962,0.0012406763595,0.0037949855906,0.0077741796122,0.0047298756364,0.002498516044,0.007171223446,0.0075139344544,0.0028920827784,0.0039250597229,0.0013697306992,0.0018201619541,0.0020652891705,0.0015866383007,0.0029412176032,0.0013126770958
338.0,0.0050358421079,0.0040380572116,0.0035069290789,0.0057563285085,0.005393770127,0.007381653091,0.0044921026575,0.0039296888369,0.0015721174949,0.0073816983549,0.0065716660277,0.0039897762262,0.0012289627086,0.0037455612664,0.0076691744323,0.0046673375338,0.0024673900779,0.0070746038851,0.0074125471556,0.0028553776513,0.0038738074964,0.0013561653905,0.0018106417572,0.0020403718378,0.0015688704291,0.0029038196966,0.0012999294274
338.5,0.0049689846831,0.0039851839835,0.0034615186609,0.0056793987451,0.0053219071868,0.007282066883,0.0044328608363,0.0038783374251,0.0015545127902,0.0072821115413,0.0064833599363,0.0039375812646,0.0012173798772,0.0036967972232,0.0075655894972,0.0046056406866,0.0024366697317,0.0069792910251,0.0073125311589,0.002819156105,0.0038232408522,0.00134275257,0.0018012119515,0.0020157728541,0.0015513189129,0.0028669150157,0.0012873244512
339.0,0.0049030279434,0.0039330188452,0.0034167130295,0.0056035076292,0.0052510135618,0.0071838275651,0.0043744149681,0.0038276730648,0.0015371223905,0.0071838716257,0.0063962476141,0.003886085015,0.001205926215,0.003648684424,0.0074634055712,0.0045447735883,0.0024063494977,0.0068852671276,0.0072138678729,0.0027834115437,0.0037733504061,0.0013294903448,0.0017918714731,0.0019914879389,0.0015339809237,0.0028304968308,0.0012748603876
339.5,0.0048379595817,0.0038815521075,0.003372503913,0.0055286409972,0.0051810760194,0.0070869168752,0.0043167541654,0.0037776863546,0.0015199434958,0.0070869603459,0.0063103128269,0.0038352779164,0.0011946000944,0.0036012139585,0.0073626036794,0.0044847248924,0.0023764239455,0.006792514696,0.0071165389589,0.0027481374647,0.0037241269056,0.0013163768477,0.0017826192728,0.001967512872,0.0015168536723,0.0027945585069,0.0012625354814
340.0,0.0047737674613,0.0038307742163,0.0033288831559,0.0054547848804,0.00511208151,0.0069913167996,0.0042598676921,0.0037283680244,0.0015029733446,0.0069913596882,0.0062255395623,0.0037851505414,0.0011833999104,0.0035543770412,0.0072631651041,0.0044254834102,0.0023468877216,0.0067010164718,0.0070205263273,0.0027133274566,0.0036755612274,0.0013034102367,0.0017734543164,0.0019438434925,0.0014999344085,0.0027590935027,0.0012503480011
340.5,0.0047104396138,0.0037806757512,0.0032858427169,0.0053819255025,0.0050440171642,0.0068970095695,0.0042037449618,0.0036797089341,0.0014862092139,0.0068970518836,0.0061419120274,0.0037356935943,0.0011723240805,0.0035081650095,0.0071650713817,0.0043670381081,0.0023177355478,0.006610755432,0.0069258121345,0.0026789751985,0.0036276443758,0.0012905886945,0.0017643755838,0.001920475698,0.0014832204201,0.0027240953686,0.001238296239
341.0,0.0046479642364,0.003731247423,0.0032433746674,0.0053100492768,0.0049768702901,0.0068039776575,0.0041483755352,0.0036317000709,0.0014696484187,0.0068040194047,0.0060594146448,0.0036868979093,0.001161371044,0.003462569322,0.0070683042989,0.0043093781061,0.0022889622202,0.0065217147853,0.0068323787793,0.0026450744585,0.0035803674808,0.0012779104282,0.0017553820693,0.0018974054439,0.0014667090328,0.0026895577458,0.0012263785104
341.5,0.0045863296897,0.0036824800725,0.0032014711899,0.0052391428038,0.0049106283713,0.0067122037744,0.0040937491181,0.0035843325481,0.0014532883109,0.0067122449621,0.0059780320504,0.0036387544486,0.001150539262,0.0034175815568,0.0069728458892,0.0042524926752,0.0022605626081,0.0064338779691,0.0067402088995,0.0026116190919,0.0035337217965,0.0012653736691,0.0017464727808,0.0018746287423,0.0014503976091,0.0026554743652,0.0012145931536
342.0,0.0045255244956,0.0036343646681,0.0031601245766,0.0051691928683,0.004845279064,0.006621670866,0.0040398555594,0.003537597603,0.0014371262793,0.0066217115016,0.0058977490903,0.0035912543004,0.0011398272166,0.0033731934097,0.00687867843,0.0041963712352,0.0022325316532,0.0063472286467,0.006649285369,0.0025786030409,0.0034876986991,0.0012529766721,0.0017376467404,0.0018521416613,0.0014342835482,0.0026218390455,0.0012029385293
342.5,0.0044655373346,0.0035868923041,0.0031193272272,0.0051001864368,0.0047808101948,0.0065323621099,0.0039866848494,0.0034914865953,0.0014211597488,0.0065324022007,0.0058185508175,0.0035443886773,0.0011292334111,0.0033293966927,0.0067857844389,0.0041410033531,0.0022048643682,0.0062617507035,0.0065595912944,0.0025460203325,0.0034422896852,0.0012407177156,0.0017289029834,0.0018299403242,0.0014183642853,0.0025886456924,0.0011914130205
343.0,0.0044063570441,0.0035400541992,0.0030790716483,0.0050321106555,0.0047172097582,0.0064442609123,0.0039342271171,0.0034459910053,0.00140538618,0.0064443004654,0.0057404224897,0.0034981489146,0.0011187563695,0.0032861833321,0.0066941466708,0.0040863787403,0.0021775558357,0.0061774282447,0.0064711100115,0.0025138650777,0.0033974863701,0.001228595101,0.0017202405584,0.0018080209087,0.001402637291,0.0025558882969,0.0011800150321
343.5,0.0043479726159,0.0034938416944,0.0030393504509,0.0049649528471,0.0046544659145,0.0063573509048,0.0038824726291,0.0034011024322,0.0013898030685,0.0063573899272,0.0056633495659,0.0034525264684,0.0011083946359,0.0032435453671,0.0066037481141,0.0040324872513,0.0021506012076,0.006094245592,0.006383825083,0.00248213147,0.0033532804863,0.0012166071523,0.0017116585272,0.0017863796459,0.0013871000709,0.0025235609347,0.0011687429904
344.0,0.0042903731939,0.0034482462513,0.0030001563497,0.0048987005088,0.0045925669871,0.0062716159415,0.0038314117867,0.0033568125921,0.0013744079445,0.0062716544403,0.005587317704,0.0034075129138,0.0010981467747,0.0032014749479,0.0065145719881,0.0039793188811,0.0021239957039,0.0060121872804,0.0062977202945,0.0024508137847,0.0033096638815,0.0012047522161,0.0017031559646,0.00176501282,0.0013717501651,0.0024916577645,0.0011575953432
344.5,0.0042335480722,0.0034032594508,0.0029614821609,0.0048333413099,0.0045315014606,0.0061870400959,0.003781035125,0.003313113317,0.0013591983723,0.006187078078,0.005512312758,0.0033630999434,0.0010880113699,0.0031599643347,0.0064266017396,0.0039268637636,0.0020977346114,0.0059312380557,0.0062127796521,0.0024199063772,0.0032666285171,0.0011930286609,0.0016947319577,0.0017439167668,0.0013565851476,0.0024601730268,0.001146570559
345.0,0.0041774866931,0.0033588729906,0.0029233208015,0.0047688630891,0.0044712579785,0.0061036076579,0.00373133331,0.0032699965525,0.0013441719499,0.0061036451301,0.0054383207751,0.0033192793657,0.0010779870251,0.0031190058951,0.0063398210399,0.0038751121694,0.0020718132834,0.0058513828713,0.0061289873789,0.0023894036819,0.0032241664668,0.0011814348771,0.0016863856064,0.0017230878737,0.0013416026258,0.0024291010428,0.0011356671269
345.5,0.0041221786447,0.0033150786845,0.0028856652872,0.0047052538523,0.0044118253407,0.0060213031308,0.0036822971378,0.0032274543566,0.0013293263083,0.0060213400998,0.0053653279932,0.003276043103,0.0010680723629,0.0030785921038,0.0062542137817,0.0038240545041,0.0020462271379,0.0057726068857,0.0060463279128,0.0023593002115,0.0031822699145,0.0011699692764,0.0016781160228,0.0017025225784,0.0013268002401,0.0023984362136,0.0011248835567
346.0,0.004067613659,0.0032718684598,0.0028485087313,0.0046425017706,0.0043531925014,0.0059401112285,0.0036339175317,0.0031854788977,0.0013146591111,0.0059401477009,0.0052933208384,0.0032333831903,0.0010582660248,0.0030387155401,0.006169764076,0.0037736813061,0.0020209716574,0.0056948954593,0.0059647859025,0.0023295905553,0.0031409311534,0.0011586302918,0.0016699223311,0.0016822173684,0.0013121756634,0.0023681730184,0.0011142183777
346.5,0.00401378161,0.0032292343565,0.0028118443435,0.0045805951772,0.0042953485674,0.0058600168726,0.0035861855414,0.0031440624536,0.0013001680541,0.005860052855,0.0052222859223,0.0031912917735,0.0010485666709,0.0029993688868,0.0060864562493,0.0037239832451,0.0019960423875,0.0056182341518,0.0058843462057,0.0023002693785,0.0031001425837,0.001147416377,0.0016618036673,0.0016621687803,0.0012977266007,0.0023383060137,0.0011036701394
347.0,0.0039606725117,0.0031871685252,0.0027756654278,0.0045195225662,0.0042382827954,0.0057810051895,0.0035390923403,0.0031031974094,0.0012858508647,0.0057810406883,0.0051522100393,0.0031497611078,0.0010389729798,0.0029605449288,0.0060042748407,0.0036749511199,0.0019714349363,0.0055426087196,0.0058049938856,0.002271331421,0.0030598967117,0.0011363260062,0.0016537591793,0.001642373399,0.0012834507883,0.0023088298323,0.0010932374104
347.5,0.0039082765157,0.0031456632257,0.0027399653822,0.0044592725894,0.00418198459,0.0057030615077,0.0034926292247,0.0030628762562,0.0012717053016,0.0057030965294,0.0050830801643,0.003108783556,0.0010294836478,0.0029222365516,0.0059232045988,0.0036265758568,0.0019471449732,0.0054680051131,0.0057267142081,0.002242771496,0.0030201861479,0.001125357674,0.0016457880263,0.0016228278571,0.0012693459938,0.0022797391821,0.0010829187788
348.0,0.00385658391,0.0031047108254,0.0027047376964,0.0043998340548,0.004126443502,0.005626171355,0.0034467876111,0.0030230915897,0.0012577291542,0.0056262059058,0.0050148834501,0.0030683515873,0.0010200973892,0.0028844367396,0.005843230479,0.0035788485078,0.0019231682282,0.0053944094738,0.0056494926396,0.0022145844897,0.0029810036058,0.0011145098948,0.0016378893791,0.0016035288338,0.0012554100153,0.0022510288449,0.0010727128513
348.5,0.0038055851166,0.0030643037979,0.0026699759509,0.0043411959241,0.0040716492261,0.0055503204558,0.0034015590353,0.0029838361085,0.0012439202423,0.0055503545418,0.0049476072252,0.0030284577756,0.0010108129359,0.002847138575,0.0057643376407,0.0035317602488,0.0018995004909,0.005321808132,0.0055733148436,0.0021867653593,0.0029423419002,0.0011037812028,0.0016300624196,0.001584473055,0.0012416406812,0.0022226936753,0.0010626182535
349.0,0.0037552706895,0.0030244347214,0.0026356738159,0.0042833473105,0.0040175915988,0.0054754947283,0.0033569351502,0.0029451026128,0.0012302764154,0.0054755283558,0.0048812389908,0.0029890947981,0.0010016290368,0.0028103352364,0.0056865114447,0.0034853023777,0.0018761376098,0.0052501876039,0.0054981666783,0.0021593091327,0.0029041939458,0.0010931701515,0.0016223063405,0.0015656572919,0.0012280358497,0.0021947286001,0.0010526336291
349.5,0.0037056313135,0.0029850962771,0.0026018250496,0.0042262774768,0.0039642605966,0.0054016802823,0.0033129077244,0.0029068840029,0.0012167955527,0.0054017134573,0.0048157664191,0.0029502554335,0.00099254445794,0.0027740199971,0.0056097374498,0.0034394663128,0.0018530754914,0.0051795345894,0.0054240341941,0.0021322109072,0.002866552756,0.0010826753135,0.0016146203456,0.0015470783607,0.001214593408,0.0021671286167,0.00104275764
350.0,0.0036566578017,0.0029462812479,0.0025684234973,0.0041699758335,0.0039116463342,0.0053288634158,0.0032694686406,0.0028691732777,0.0012034755622,0.0053288961443,0.0047511773506,0.0029119325611,0.00098355798209,0.0027381862243,0.005534001411,0.0033942435914,0.0018303100992,0.0051098359693,0.0053509036308,0.0021054658485,0.0028294114412,0.0010722952803,0.0016070036494,0.0015287331218,0.0012013112726,0.0021398887923,0.001032988966
350.5,0.003608341094,0.002907982517,0.0025354630899,0.0041144319363,0.0038597390621,0.0052570306134,0.0032266098937,0.0028319635334,0.0011903143806,0.0052570629013,0.004687459792,0.002874119159,0.00097466840852,0.0027028273773,0.0054592892763,0.0033496258676,0.0018078374529,0.0050410788031,0.005278761415,0.0020790691899,0.0027927632077,0.0010620286619,0.0015994554766,0.0015106184792,0.0011881873883,0.0021130042631,0.0010233263043
351.0,0.0035606722553,0.0028701930663,0.0025029378427,0.0040596354841,0.0038085291651,0.0051861685429,0.0031843235897,0.0027952479622,0.0011773099727,0.005186200396,0.0046246019134,0.0028368083029,0.00096587455274,0.0026679370061,0.0053855871842,0.0033056049109,0.001785653628,0.0049732503263,0.0052075941576,0.0020530162309,0.002756601356,0.0010518740868,0.0015919750625,0.0014927313801,0.0011752197278,0.0020864702329,0.0010137683696
351.5,0.0035136424738,0.0028329059751,0.0024708418545,0.0040055763177,0.0037580071603,0.0051162640534,0.0031426019437,0.0027590198507,0.0011644603312,0.0051162954774,0.0045625920467,0.0027999931645,0.00095717524629,0.0026335087508,0.005312881461,0.0032621726049,0.0017637547544,0.0049063379481,0.0051373886515,0.0020273023366,0.0027209192798,0.0010418302013,0.0015845616524,0.0014750688137,0.0011624062918,0.0020602819726,0.0010043138935
352.0,0.0034672430592,0.0027961144189,0.0024391693061,0.003952244417,0.0037081636953,0.0050473041724,0.0031014372785,0.0027232725788,0.0011517634761,0.005047335173,0.0045014186831,0.0027636670103,0.00094856933646,0.0025995363396,0.0052411586184,0.003219320945,0.001742137016,0.0048403292491,0.0050681318687,0.002001922937,0.0026857104645,0.0010318956696,0.001577214502,0.0014576278112,0.0011497451079,0.0020344348189,0.00099496162458
352.5,0.0034214654409,0.0027598116675,0.0024079144591,0.0038996298994,0.0036589895463,0.0049792761037,0.0030608220232,0.0026879996182,0.0011392174544,0.0049793066865,0.0044410704709,0.0027278232003,0.00094005568612,0.0025660135878,0.0051704053512,0.0031770420375,0.0017207966497,0.0047752119789,0.0049998109582,0.0019768735252,0.0026509684859,0.0010220691735,0.0015699328764,0.0014404054449,0.0011372342309,0.0020089241732,0.00098571032793
353.0,0.0033763011668,0.0027239910845,0.0023770716549,0.0038477230181,0.0036104756165,0.0049121672249,0.0030207487115,0.0026531945312,0.0011268203396,0.0049121973955,0.0043815362132,0.0026924551864,0.00093163317345,0.0025329343967,0.0051006085342,0.0031353280976,0.0016997299448,0.0047109740538,0.0049324132435,0.0019521496576,0.002616687009,0.0010123494121,0.0015627160507,0.0014233988277,0.0011248717419,0.0019837455013,0.00097655878496
353.5,0.0033317419008,0.002688646125,0.0023466353137,0.0037965141599,0.003562612934,0.004845965085,0.0029812099805,0.0026188509695,0.0011145702316,0.0048459948488,0.004322804866,0.0026575565114,0.0009233006917,0.0025002927523,0.0050317552203,0.0030941714482,0.0016789332424,0.0046476035544,0.0048659262201,0.001927746952,0.0025828597867,0.0010027351014,0.0015555633095,0.0014066051124,0.0011126557481,0.0019588943318,0.00096750579325
354.0,0.0032877794222,0.0026537703351,0.0023165999331,0.0037459938437,0.0035153926505,0.0047806574021,0.0029421985689,0.0025849626726,0.0011024652559,0.0047806867644,0.0042648655363,0.0026231208078,0.00091505714903,0.0024680827238,0.0049638326379,0.0030535645181,0.0016584029341,0.0045850887235,0.0048003375535,0.0019036610873,0.0025494806586,0.00099322497431,0.0015484739469,0.0013900214911,0.0011005843825,0.0019343662558,0.00095855016621
354.5,0.003244405623,0.0026193573503,0.0022869600871,0.0036961527181,0.0034688060391,0.0047162320609,0.002903707316,0.0025515234669,0.0010905035637,0.0047162610271,0.0042077074794,0.0025891417961,0.00090690146823,0.002436298463,0.0048968281885,0.0030134998407,0.0016381354619,0.004523417964,0.0047356350764,0.0018798878026,0.0025165435495,0.00098381778039,0.0015414472661,0.0013736451948,0.0010886558033,0.0019101569253,0.00094969073295
355.0,0.0032016125074,0.0025854008942,0.002257710425,0.0036469815602,0.0034228444931,0.0046526771107,0.0028657291598,0.0025185272644,0.0010786833311,0.0046527056861,0.0041513200973,0.0025556132838,0.00089883258654,0.0024049342026,0.0048307294444,0.0029739700524,0.0016181273169,0.0044625798365,0.0046718067868,0.0018564228961,0.0024840424686,0.00097451228544,0.0015344825798,0.0013574734929,0.0010768681939,0.001886262053,0.00094092633797
355.5,0.0031593921895,0.0025518947772,0.0022288456703,0.0035984712736,0.0033774995238,0.0045899807632,0.0028282571361,0.0024859680614,0.001067002759,0.0045900089529,0.0040956929369,0.0025225291642,0.00089084945542,0.0023739842553,0.0047655241463,0.0029349678913,0.0015983750392,0.004402563057,0.0046088408457,0.0018332622244,0.0024519715081,0.00096530727139,0.0015275792094,0.0013415036921,0.0010652197622,0.0018626774112,0.00093225584102
356.0,0.003117736892,0.0025188328957,0.0022003606199,0.0035506128864,0.0033327627595,0.00452813139,0.0027912843766,0.0024538399374,0.0010554600727,0.0045281591992,0.0040408156872,0.0024898834153,0.00088295104037,0.0023434430128,0.004701200201,0.0028964861957,0.0015788752166,0.0043433564953,0.0045467255746,0.0018104017015,0.002420324842,0.00095620153607,0.0015207364852,0.0013257331368,0.0010537087405,0.0018393988306,0.00092367811681
356.5,0.0030766389445,0.0024862092301,0.0021722501427,0.00350339755,0.0032886259432,0.0044671175207,0.0027548041081,0.0024221370537,0.0010440535216,0.0044671449543,0.0039866781784,0.0024576700983,0.00087513632069,0.0023133049442,0.0046377456793,0.0028585179026,0.0015596244844,0.0042849491724,0.0044854494538,0.0017878372983,0.002389096725,0.00094719389296,0.0015139537464,0.0013101592076,0.0010423333847,0.0018164222,0.00091519205486
357.0,0.0030360907826,0.0024540178446,0.0021445091787,0.0034568165368,0.0032450809315,0.0044069278404,0.0027188096508,0.0023908536526,0.0010327813786,0.0044069549035,0.0039332703792,0.0024258833566,0.00086740428931,0.0022835645954,0.0045751488137,0.0028210560466,0.0015406195243,0.0042273302587,0.0044250011198,0.0017655650415,0.0023582814913,0.00093828317101,0.0015072303407,0.0012947793214,0.0010310919748,0.0017937434653,0.00090679655924
357.5,0.0029960849456,0.0024222528851,0.0021171327381,0.0034108612391,0.0032021196927,0.0043475511881,0.0026832944171,0.0023599840559,0.00102164194,0.0043475778855,0.003880582395,0.0023945174146,0.00085975395257,0.0022542165878,0.0045133979962,0.0027840937582,0.0015218570643,0.0041704890718,0.0043653693633,0.0017435810128,0.0023278735535,0.00092946821435,0.0015005656243,0.0012795909305,0.0010199828135,0.0017713586284,0.00089849054841
358.0,0.0029566140757,0.0023909085786,0.0020901159003,0.0033655231669,0.0031597343057,0.0042889765542,0.0026482519102,0.0023295226643,0.0010106335253,0.0042890028908,0.0038286044663,0.0023635665767,0.00085218433003,0.0022252556172,0.004452481776,0.0027476242627,0.0015033338773,0.0041144150748,0.0043065431273,0.0017218813484,0.0022978674017,0.00092074788216,0.0014939589618,0.0012645915225,0.0010090042269,0.0017492637468,0.00089027295498
358.5,0.0029176709161,0.0023599792319,0.0020634538125,0.0033207939467,0.0031179169577,0.0042311930784,0.0026136757232,0.0022994639554,0.00099975447641,0.004231219059,0.0037773269668,0.0023330252258,0.00084469445431,0.0021966764529,0.0043923888577,0.0027116408787,0.001485046781,0.0040590978738,0.0042485115049,0.0017004622379,0.0022682576019,0.00091212104842,0.0014874097258,0.0012497786195,0.00099815456343,0.0017274549324,0.00088214272549
359.0,0.0028792483101,0.0023294592305,0.0020371416896,0.0032766653198,0.0030766599436,0.0041741900481,0.0025795595373,0.0022698024836,0.0009890031578,0.0041742156774,0.0037267404014,0.0023028878227,0.00083728337084,0.0021684739366,0.0043331080987,0.0026761370168,0.0014669926371,0.0040045272165,0.0041912637369,0.0016793199238,0.0022390387955,0.0009035866017,0.0014809172975,0.0012351497775,0.00098743219376,0.0017059283512,0.0008740988203
359.5,0.0028413391992,0.0022993430373,0.0020111748122,0.0032331291403,0.0030359556637,0.0041179568959,0.0025458971208,0.0022405328784,0.00097837795588,0.0041179821786,0.0036768354044,0.0022731489047,0.00082995013772,0.002140642981,0.0042746285077,0.0026411061786,0.0014491683506,0.0039506929898,0.0041347892105,0.0016584507004,0.0022102056979,0.00089514344495,0.0014744810655,0.0012207025863,0.00097683551062,0.0016846802221,0.0008661402133
360.0,0.0028039366221,0.002269625192,0.0019855485265,0.0031901773742,0.0029957966229,0.004062483198,0.0025126823282,0.0022116498434,0.00096787727883,0.0040625081386,0.0036276027378,0.0022438030844,0.00082269382554,0.0021131785696,0.0042169392422,0.002606541955,0.0014315708694,0.0038975852182,0.0040790774568,0.0016378509134,0.0021817530975,0.00088679049534,0.0014681004267,0.0012064346686,0.00096636292834,0.0016637068164,0.00085826589177
360.5,0.0027670337129,0.0022403003094,0.001960258243,0.0031478020974,0.0029561754287,0.0040077586719,0.0024799090983,0.0021831481555,0.00095749955623,0.0040077832751,0.0035790332897,0.0022148450489,0.00081551351715,0.0020860757549,0.0041600296066,0.0025724380254,0.0014141971834,0.0038451940618,0.0040241181489,0.001617516959,0.0021536758547,0.00087852668401,0.0014617747855,0.0011923436799,0.00095601288258,0.0016430044569,0.00085047485617
361.0,0.0027306237005,0.0022113630787,0.0019352994357,0.0031059954943,0.0029170847902,0.0039537731748,0.0024475714539,0.0021550226638,0.00094724323876,0.003953797445,0.0035311180723,0.0021862695587,0.00080840830756,0.0020593296579,0.0041038890503,0.0025387881559,0.0013970443239,0.0037935098146,0.0039699011001,0.0015974452834,0.0021259689009,0.00087035095591,0.0014555035541,0.0011784273076,0.00094578383,0.0016225695174,0.00084276611997
361.5,0.0026946999064,0.0021828082625,0.0019106676409,0.0030647498564,0.0028785175163,0.0039005167016,0.0024156634996,0.0021272682882,0.00093710679792,0.0039005406432,0.0034838482204,0.0021580714466,0.00080137730368,0.0020329354669,0.0040485071657,0.0025055861986,0.0013801093634,0.0037425229024,0.0039164162619,0.0015776323815,0.0020986272375,0.00086226226961,0.0014492861521,0.0011646832712,0.00093567424801,0.0016023984216,0.00083513870946
362.0,0.0026592557443,0.0021546306955,0.0018863584569,0.0030240575805,0.0028404665147,0.0038479793829,0.0023841794217,0.002099880019,0.00092708872574,0.0038480030003,0.0034372149895,0.0021302456165,0.00079441962424,0.0020068884367,0.0039938736862,0.0024728260903,0.0013633894147,0.0036922238813,0.0038636537223,0.001558074797,0.0020716459348,0.00085425959707,0.0014431220066,0.001151109321,0.00092568263444,0.0015824876428,0.00082759166357
362.5,0.0026242847179,0.0021268252837,0.0018623675425,0.0029839111677,0.0028029247903,0.0037961514832,0.0023531134862,0.0020728529154,0.00091718753445,0.0037961747807,0.0033912097545,0.0021027870429,0.00078753439951,0.0019811838876,0.0039399784843,0.0024405018511,0.0013468816302,0.0036426034355,0.0038116037036,0.0015387691212,0.0020450201313,0.00084634192352,0.0014370105519,0.0011377032384,0.00091580750727,0.0015628337027,0.00082012403369
363.0,0.0025897804205,0.0020993870035,0.0018386906166,0.0029443032216,0.0027658854439,0.0037450233992,0.0023224600381,0.0020461821051,0.00090740175622,0.0037450463811,0.0033458240076,0.0020756907694,0.00078072077126,0.0019558172044,0.0038868115699,0.0024086075832,0.0013305832016,0.0035936523762,0.0037602565609,0.0015197119923,0.0020187450325,0.0008385082472,0.0014309512297,0.001124462835,0.00090604740432,0.0015434331714,0.00081273488348
363.5,0.0025557365332,0.0020723109003,0.0018153234572,0.002905226447,0.0027293416709,0.0036945856579,0.0022922135003,0.0020198627825,0.00089772994289,0.0036946083284,0.0033010493572,0.002048951908,0.00077397789248,0.0019307838358,0.003834363088,0.0023771374703,0.0013144913593,0.0035453616393,0.0037096027801,0.001500900095,0.0019928159098,0.00083075757925,0.0014249434886,0.0011113859524,0.00089640088298,0.001524282666,0.00080542328875
364.0,0.0025221468239,0.0020455920879,0.0017922619003,0.0028666736487,0.0026932867598,0.003644828915,0.0022623683724,0.0019938902086,0.00088817066566,0.0036448512781,0.0032568775257,0.002022565638,0.0007673049273,0.0019060792929,0.0037826233173,0.0023460857756,0.0012986033718,0.0034977222837,0.0036596329762,0.0014823301597,0.0019672281001,0.00082308894349,0.0014189867841,0.0010984704616,0.00088686651996,0.0015053788503,0.00079818833723
364.5,0.0024890051459,0.0020192257473,0.0017695018397,0.0028286377297,0.0026577140914,0.0035957439526,0.0022329192297,0.0019682597096,0.00087872251483,0.0035957660125,0.0032133003488,0.0019965272053,0.00076070105079,0.0018816991489,0.0037315826681,0.0023154468417,0.0012829165449,0.0034507254903,0.0036103378915,0.0014639989619,0.0019419770045,0.00081550137624,0.0014130805789,0.0010857142627,0.00087744291095,0.0014867184343,0.00079102912843
365.0,0.0024563054371,0.0019932071261,0.0017470392255,0.0027911116903,0.002622617137,0.0035473216783,0.0022038607221,0.001942966676,0.00086938409954,0.003547343439,0.0031703097728,0.001970831921,0.00075416544881,0.0018576390381,0.0036812316809,0.0022852150884,0.0012674282218,0.0034043625593,0.0035617083941,0.0014459033213,0.0019170580873,0.0008079939262,0.0014072243423,0.0010731152846,0.00086812867044,0.001468298173,0.00078394477348
365.5,0.0024240417184,0.0019675315371,0.0017248700637,0.0027540886262,0.0025879894572,0.0034995531228,0.002175187573,0.0019180065619,0.00086015404748,0.0034995745883,0.0031278978543,0.001945475161,0.00074769731788,0.0018338946547,0.0036315610241,0.0022553850126,0.001252135782,0.0033586249097,0.0035137354757,0.0014280401018,0.0018924668754,0.00080056565421,0.0014014175502,0.0010606714842,0.00085892243136,0.0014501148664,0.00077693439495
366.0,0.0023922080927,0.0019421943578,0.0017029904155,0.0027175617278,0.002553824701,0.0034524294387,0.0021468945783,0.0018933748839,0.00085103100466,0.003452450613,0.0030860567578,0.0019204523649,0.00074129586497,0.0018104617525,0.0035825614927,0.0022259511867,0.0012370366408,0.0033135040765,0.0034664102504,0.00141040621,0.0018681989572,0.00079321563312,0.0013956596851,0.0010483808464,0.00084982284491,0.0014321653582,0.00076999712672
366.5,0.0023607987439,0.0019171910291,0.001681396396,0.0026815242786,0.0025201166043,0.0034059418984,0.0021189766056,0.0018690672204,0.00084201363512,0.0034059627853,0.0030447787545,0.0018957590347,0.00073496030744,0.0017873361433,0.0035342240062,0.0021969082574,0.0012221282493,0.0032689917103,0.0034197239527,0.0013929985953,0.001844249982,0.00078594294763,0.0013899502363,0.0010362413836,0.00084082858023,0.001414446536,0.00076313211379
367.0,0.0023298079356,0.0018925170548,0.0016600841741,0.0026459696537,0.0024868589887,0.003360081893,0.0020914285928,0.0018450792106,0.00083310062068,0.0033601024964,0.0030040562209,0.0018713907347,0.00072868987281,0.0017645136971,0.0034865396074,0.0021682509451,0.0012074080932,0.0032250795746,0.0033736679361,0.0013758142491,0.0018206156589,0.0007787466941,0.0013842886992,0.001024251135,0.00083193832419,0.0013969553297,0.00075633851214
367.5,0.00229923001,0.0018681680005,0.0016390499713,0.0026108913191,0.0024540457607,0.0033148409302,0.0020642455475,0.0018214065537,0.00082429066072,0.0033148612538,0.0029638816375,0.00184734309,0.00072248379864,0.0017419903404,0.0034394994603,0.0021399740428,0.001192873693,0.0031817595453,0.0033282336714,0.0013588502039,0.0017972917559,0.00077162598043,0.0013786745755,0.0010124081669,0.0008231507811,0.0013796887117,0.00074961548858
368.0,0.0022690593869,0.0018441394927,0.0016182900611,0.0025762828297,0.0024216709098,0.0032702106329,0.0020374225458,0.001798045008,0.00081558247189,0.0032702306805,0.0029242475871,0.0018236117859,0.00071634133242,0.0017197620558,0.0033930948487,0.0021120724148,0.001178522603,0.0031390236084,0.0032834127452,0.0013421035333,0.0017742740994,0.00076457992585,0.0013731073732,0.0010007105714,0.00081446467253,0.001362643696,0.00074296222059
368.5,0.0022392905626,0.0018204272181,0.0015978007681,0.0025421378288,0.002389728508,0.0032261827378,0.0020109547313,0.0017749903902,0.0008069747879,0.0032262025129,0.0028851467533,0.0018001925669,0.00071026173139,0.001697824881,0.0033473171742,0.0020845409959,0.0011643524108,0.0030968638587,0.0032391968579,0.0013255713509,0.001751558573,0.00075760766081,0.0013675866065,0.00098915646699,0.00080587873699,0.0013458173376,0.00073637789619
369.0,0.0022099181087,0.0017970269226,0.0015775784677,0.0025084500464,0.0023582127083,0.0031827490934,0.0019848373146,0.0017522385743,0.00079846635926,0.0031827685999,0.0028465719195,0.0017770812363,0.00070424426242,0.0016761749085,0.0033021579554,0.0020573747904,0.0011503607373,0.0030552724987,0.0031955778227,0.0013092508099,0.001729141117,0.0007507083268,0.0013621117955,0.00097774399732,0.00079739172975,0.0013292067317,0.00072986171377
369.5,0.0021809366714,0.0017739344106,0.0015576195849,0.0024752132982,0.0023271177438,0.0031399016592,0.0019590655715,0.0017297854912,0.00079005595306,0.0031399209005,0.0028085159673,0.0017542736546,0.00069828820187,0.0016548082843,0.0032576088254,0.0020305688712,0.0011365452359,0.0030142418365,0.0031525475638,0.0012931391025,0.0017070177274,0.00074388107622,0.0013566824663,0.00096647133146,0.00078900242258,0.0013128090138,0.00072341288196
370.0,0.0021523409699,0.0017511455441,0.0015379205939,0.0024424214844,0.0022964379264,0.0030976325034,0.0019336348431,0.0017076271277,0.00078174235272,0.0030976514831,0.0027709718754,0.0017317657395,0.00069239283545,0.0016337212072,0.0032136615307,0.0020041183786,0.0011229035919,0.0029737642848,0.003110098115,0.0012772334597,0.0016851844553,0.00073712507219,0.0013512981509,0.00095533666324,0.0007807096035,0.0012966213583,0.00071703061949
370.5,0.0021241257961,0.0017286562418,0.0015184780173,0.0024100685884,0.0022661676459,0.0030559338019,0.0019085405341,0.0016857595255,0.00077352435777,0.0030559525234,0.0027339327177,0.0017095534648,0.0006865574581,0.0016129099285,0.0031703079297,0.0019780185196,0.0011094335223,0.0029338323594,0.003068221618,0.0012615311501,0.001663637406,0.00073043948848,0.001345958387,0.00094433821099,0.00077251207662,0.0012806409785,0.00071071415505
371.0,0.0020962860128,0.0017064624786,0.0014992884256,0.0023781486759,0.0022363013686,0.0030147978368,0.0018837781124,0.0016641787808,0.00076540078362,0.0030148163037,0.0026973916627,0.0016876328591,0.00068078137384,0.0015923707507,0.003127539991,0.001952264567,0.0010961327754,0.0028944386778,0.0030269103212,0.0012460294801,0.0016423727383,0.00072382350925,0.0013406627181,0.00093347421717,0.00076440866181,0.0012648651259,0.00070446272715
371.5,0.0020688165535,0.0016845602846,0.001480348436,0.0023466558936,0.0022068336368,0.0029742169948,0.001859343108,0.0016428810433,0.00075737046134,0.0029742352104,0.0026613419717,0.0016660000061,0.00067506389569,0.0015721000274,0.0030853497922,0.0019268518582,0.0010829991301,0.0028555759575,0.002986156578,0.0012307257925,0.0016213866635,0.00071727632904,0.0013354106934,0.00092274294802,0.00075639819458,0.0012492910897,0.00069827558397
372.0,0.0020417124209,0.0016629457442,0.0014616547125,0.002315584468,0.0021777590671,0.0029341837659,0.001835231112,0.0016218625157,0.00074943223746,0.0029342017336,0.0026257769977,0.0016446510428,0.00066940434547,0.0015520941617,0.003043729518,0.0019017757947,0.0010700303956,0.0028172370152,0.0029459528456,0.001215617467,0.0016006754451,0.00071079715252,0.0013302018673,0.00091214269325,0.0007484795258,0.0012339161961,0.00069215198325
372.5,0.0020149686859,0.0016416149957,0.0014432039647,0.0022849287046,0.0021490723499,0.0028946907418,0.0018114377761,0.0016011194525,0.00074158497372,0.0028947084649,0.0025906901843,0.0016235821593,0.00066380205375,0.0015323496066,0.003002671459,0.0018770318409,0.0010572244111,0.002779414765,0.0029062916834,0.0012007019188,0.0015802353979,0.00070438519441,0.0013250357999,0.0009016717657,0.0007406515215,0.001218737808,0.00068609119215
373.0,0.0019885804871,0.0016205642302,0.0014249929471,0.0022546829865,0.0021207682479,0.002855730615,0.0017879588116,0.0015806481597,0.00073382754686,0.0028557480968,0.0025560750642,0.001602789598,0.00065825635965,0.0015128628634,0.0029621680103,0.0018526155232,0.001044579045,0.0027421022172,0.0028671657518,0.0011859765987,0.001560062887,0.00069803967933,0.0013199120568,0.00089132850099,0.00073291306267,0.0012037533244,0.00068009248712
373.5,0.0019625430294,0.0015997896911,0.0014070184591,0.0022248417735,0.0020928415957,0.0028172961768,0.0017647899884,0.001560444994,0.00072615884844,0.0028173134205,0.002521925258,0.0015822696527,0.00065276661081,0.0014936304813,0.0029222116699,0.0018285224293,0.0010320921951,0.0027052924771,0.0028285678105,0.0011714389921,0.0015401543276,0.00069175984165,0.0013148302087,0.00088111125723,0.00072526304504,0.0011889601797,0.00067415515377
374.0,0.0019368515836,0.0015792876733,0.0013892773437,0.0021953996009,0.0020652872982,0.0027793803164,0.0017419271344,0.001540506362,0.00071857778461,0.0027793973252,0.0024882344733,0.0015620186682,0.00064733216318,0.0014746490571,0.0028827950376,0.0018047482074,0.0010197617874,0.0026689787435,0.0027904907177,0.0011570866189,0.0015205061836,0.00068554492538,0.0013097898315,0.00087101841468,0.00071770037887,0.0011743558436,0.00066827848675
374.5,0.0019115014847,0.0015590545222,0.0013717664871,0.0021663510787,0.00203810033,0.0027419760193,0.0017193661346,0.0015208287194,0.00071108327592,0.0027419927963,0.0024549965031,0.001542033039,0.000641952381,0.001455915234,0.0028439108132,0.0017812885652,0.0010075857764,0.0026331543077,0.0027529274282,0.0011429170329,0.0015011149679,0.00067939418405,0.0013047905065,0.00086104837546,0.00071022398876,0.0011599378202,0.00066246178961
375.0,0.0018864881318,0.0015390866337,0.0013544828181,0.0021376908903,0.0020112757344,0.0027050763663,0.0016971029305,0.0015014085705,0.0007036742571,0.0027050929146,0.002422205225,0.0015223092094,0.00063662663657,0.0014374257012,0.0028055517956,0.0017581392692,0.00099556214441,0.0025978125519,0.0027158709924,0.0011289278213,0.0014819772408,0.00067330688053,0.0012998318198,0.0008511995632,0.00070283281344,0.0011457036478,0.00065670437471
375.5,0.0018618069869,0.0015193804526,0.0013374233079,0.0021094137918,0.0019848086222,0.0026686745318,0.0016751335187,0.0014822424675,0.00069634967687,0.0026686908545,0.0023898545998,0.001502843672,0.00063135431025,0.0014191771932,0.0027677108811,0.0017352961436,0.00098368890104,0.0025629469482,0.0026793145549,0.0011151166042,0.0014630896096,0.00066728228695,0.0012949133627,0.00084147042281,0.00069552580558,0.0011316508982,0.00065100556307
376.0,0.0018374535738,0.0014999324725,0.0013205849687,0.0020815146106,0.0019586941711,0.002632763783,0.001653453951,0.0014633270099,0.00068910849777,0.002632779883,0.0023579386703,0.0014836329677,0.00062613479027,0.0014011664893,0.0027303810622,0.00171275507,0.000971964083,0.0025285510573,0.0026432513532,0.0011014810342,0.0014444487284,0.00066131968455,0.0012900347315,0.00083185942009,0.00068830193158,0.0011177771764,0.00064536468425
376.5,0.0018134234777,0.0014807392352,0.0013039648537,0.0020539882448,0.0019329276245,0.0025973374781,0.0016320603331,0.0014446588434,0.00068194969593,0.0025973533585,0.0023264515606,0.0014646736846,0.00062096747265,0.0013833904128,0.0026935554264,0.001690511986,0.00096038575367,0.0024946185275,0.0026076747165,0.0010880187958,0.0014260512968,0.00065541836359,0.0012851955271,0.00082236504152,0.00068116017142,0.0011040801202,0.00063978107627
377.0,0.0017897123438,0.0014617973295,0.0012875600566,0.0020268296619,0.001907504291,0.0025623890656,0.0016109488238,0.0014262346599,0.0006748722609,0.0025624047294,0.0022953874744,0.0014459624574,0.0006158517611,0.0013658458304,0.0026572271548,0.0016685628851,0.00094895200271,0.0024611430931,0.0025725780646,0.0010747276052,0.0014078940597,0.00064957762319,0.0012803953554,0.0008129857939,0.0006740995184,0.0010905573994,0.00063425408544
377.5,0.0017663158772,0.0014431033911,0.0012713677105,0.0020000338981,0.0018824195429,0.0025279120827,0.0015901156346,0.0014080511965,0.00066787519546,0.0025279275327,0.0022647406943,0.001427495967,0.00061078706689,0.0013485296517,0.0026213895207,0.0016469038153,0.00093766094568,0.0024281185733,0.0025379549063,0.0010616052096,0.0013899738063,0.00064379677121,0.0012756338272,0.00080372020412,0.00066711897905,0.0010772067156,0.0006287830663
378.0,0.0017432298413,0.0014246541014,0.0012553849878,0.0019735960574,0.0018576688158,0.0024939001542,0.0015695570285,0.0013901052347,0.00066095751545,0.0024939153933,0.0022345055809,0.0014092709396,0.00060577280876,0.0013314388285,0.0025860358887,0.0016255308786,0.00092651072371,0.0023955388717,0.0025037988383,0.001048649387,0.00137228737,0.00063807512418,0.0012709105575,0.00079456681883,0.00066021757285,0.0010640258019,0.00062336738148
378.5,0.0017204500574,0.0014064461874,0.0012396090997,0.0019475113102,0.0018332476075,0.0024603469915,0.0015492693201,0.0013723936002,0.00065411824957,0.0024603620225,0.002204676571,0.001391284146,0.00060080841283,0.0013145703543,0.0025511597132,0.0016044402303,0.0009154995031,0.0023633979741,0.0024701035445,0.0010358579456,0.0013548316272,0.00063241200712,0.0012662251664,0.00078552420421,0.00065339433212,0.0010510124219,0.00061800640159
379.0,0.0016979724041,0.0013884764208,0.0012240372952,0.001921774893,0.0018091514773,0.002427246391,0.0015292488737,0.0013549131619,0.0006473564392,0.0024272612167,0.0021752481774,0.0013735324013,0.00059589331245,0.0012979212637,0.0025167545372,0.0015836280784,0.00090462547499,0.0023316899482,0.002436862794,0.0010232287233,0.0013376034971,0.00062680675348,0.0012615772784,0.00077659094566,0.00064664830182,0.0010381643701,0.00061269950511
379.5,0.0016757928158,0.0013707416174,0.0012086668611,0.0018963821071,0.0017853760449,0.0023945922333,0.0015094921037,0.0013376608317,0.00064067113825,0.0023946068564,0.0021462149873,0.0013560125641,0.00059102694815,0.0012814886317,0.0024828139912,0.0015630906823,0.00089388685502,0.0023004089421,0.0024040704405,0.0010107595876,0.001320599941,0.00062125870499,0.0012569665222,0.00076776564755,0.00063997853934,0.0010254794705,0.0006074460783
380.0,0.0016539072828,0.0013532386362,0.0011934951209,0.0018713283177,0.0017619169899,0.002362378482,0.0014899954733,0.0013206335634,0.00063406141295,0.0023623929053,0.0021175716616,0.0013387215358,0.00058620876753,0.0012652695733,0.0024493317918,0.0015428243529,0.00088328188296,0.0022695491834,0.0023717204211,0.00099844843492,0.0013038179617,0.00061576721158,0.0012523925313,0.00075904693292,0.0006333841144,0.0010129555772,0.00060224551509
380.5,0.00163231185,0.0013359643796,0.0011785194349,0.0018466089534,0.0017387700508,0.0023305991825,0.001470755494,0.0013038283526,0.00062752634172,0.0023306134087,0.0020893129335,0.0013216562602,0.00058143822514,0.0012492612428,0.002416301741,0.0015228254511,0.00087280882239,0.002239104978,0.002339806755,0.00098629319017,0.0012872546028,0.00061033163122,0.0012478549434,0.00075043344329,0.00062686410881,0.0010005905732,0.00059709721695
381.0,0.0016110026159,0.0013189157918,0.0011637371992,0.0018222195048,0.0017159310239,0.0022992484609,0.0014517687249,0.0012872422357,0.00062106501497,0.0022992624926,0.0020614336081,0.0013048137227,0.0005767147824,0.0012334608334,0.0023837177243,0.0015030903877,0.00086246596036,0.0022090707089,0.0023083235424,0.00097429180656,0.0012709069482,0.00060495132988,0.0012433534004,0.00074192383832,0.00062041761636,0.00098838237019,0.00059200059282
381.5,0.0015899757328,0.0013020898589,0.0011491458456,0.0017981555241,0.0016933957633,0.0022683205229,0.0014330317722,0.0012708722898,0.00061467653494,0.0022683343627,0.0020339285608,0.0012881909499,0.00057203790751,0.0012178655766,0.0023515737105,0.0014836156223,0.00085225160705,0.0021794408356,0.0022772649636,0.00096244226503,0.0012547721219,0.00059962568136,0.0012388875486,0.00073351679562,0.0006140437426,0.0009763289084,0.000586955059
382.0,0.0015692274049,0.0012854836082,0.0011347428407,0.0017744126239,0.001671160179,0.0022378096527,0.0014145412882,0.0012547156315,0.00060836001555,0.0022378233032,0.0020067927368,0.001271785009,0.00056740707535,0.0012024727415,0.0023198637496,0.0014643976629,0.00084216409548,0.0021502098924,0.0022466252775,0.00095074257394,0.0012388472869,0.00059435406723,0.0012344570385,0.00072521101044,0.00060774160473,0.00096442815595,0.00058196003904
382.5,0.0015487538886,0.0012690941073,0.0011205256857,0.0017509864766,0.0016492202373,0.0022077102121,0.0013962939708,0.0012387694171,0.00060211458225,0.0022077236758,0.00198002115,0.0012555930071,0.0005628217674,0.0011872796346,0.0022885819725,0.001445433065,0.00083220178114,0.0021213724881,0.0022163988212,0.00093919076867,0.0012231296447,0.00058913587671,0.0012300615246,0.00071700519548,0.00060151033139,0.00095267810854,0.00057701496365
383.0,0.0015285514909,0.001252918464,0.0011064919157,0.0017278728135,0.001627571959,0.0021780166392,0.0013782865633,0.0012230308414,0.0005959393718,0.0021780299186,0.0019536088819,0.0012396120908,0.00055828147161,0.001172283599,0.0022577225894,0.0014267184313,0.00082236304173,0.0020929233044,0.0021865800082,0.00092778491123,0.0012076164353,0.00058397050655,0.0012257006655,0.00070889808062,0.00059534906256,0.00094107678906,0.00057211927061
383.5,0.0015086165696,0.0012369538254,0.0010926390996,0.001705067424,0.0016062114192,0.0021487234474,0.001360515853,0.0012074971376,0.00058983353219,0.002148736545,0.0019275510809,0.0012238394456,0.00055378568236,0.001157482014,0.0022272798889,0.0014082504105,0.0008126462768,0.0020648570952,0.0021571633279,0.00091652308989,0.0011923049361,0.00057885736097,0.0012213741238,0.00070088841269,0.00058925694933,0.0009296222472,0.00056727240467
384.0,0.0014889455316,0.0012211973776,0.0010789648391,0.0016825661549,0.0015851347468,0.0021198252246,0.0013429786711,0.0011921655763,0.00058379622245,0.0021198381429,0.0019018429613,0.0012082722951,0.00054933390035,0.0011428722946,0.002197248237,0.0013900256973,0.00080304990749,0.0020371686856,0.0021281433442,0.00090540341882,0.0011771924616,0.00057379585151,0.0012170815661,0.00069297495519,0.00058323315381,0.0009183125591,0.00056247381743
384.5,0.0014695348332,0.0012056463447,0.0010654667687,0.0016603649094,0.0015643381228,0.002091316632,0.0013256718922,0.0011770334657,0.00057782661249,0.0020913293734,0.0018764798023,0.0011929079012,0.00054492563253,0.001128451891,0.0021676220759,0.0013720410312,0.00079357237617,0.0020098529709,0.0020995146948,0.00089442403773,0.0011622763629,0.00056878539699,0.001212822663,0.00068515648814,0.00057727684898,0.00090714582694,0.00055772296732
385.0,0.0014503809787,0.0011902979891,0.0010521425551,0.0016384596464,0.0015438177807,0.0020631924032,0.0013085924331,0.0011620981502,0.00057192388296,0.00206320497,0.0018514569473,0.0011777435626,0.00054056039196,0.0011142182881,0.0021383959232,0.0013542931961,0.0007842121462,0.0019829049156,0.00207127209,0.0008835831115,0.0011475540272,0.00056382542335,0.0012085970887,0.00067743180778,0.00057138721847,0.00089612017862,0.0005530193194
385.5,0.0014314805201,0.00117514961,0.0010389898965,0.0016168463798,0.0015235700051,0.0020354473429,0.0012917372529,0.0011473570108,0.00056608722512,0.0020354597375,0.0018267698029,0.001162776615,0.00053623769781,0.0011001690049,0.0021095643705,0.0013367790199,0.00077496770162,0.0019563195523,0.0020434103118,0.00087287882986,0.0011330228772,0.00055891536362,0.0012044045215,0.00066979972636,0.0005655634565,0.00088523376735,0.00054836234539
386.0,0.0014128300564,0.0011601985436,0.0010260065225,0.0015955211778,0.001503591131,0.0020080763266,0.0012751033519,0.0011328074637,0.00056031584066,0.0020080885513,0.0018024138381,0.0011480044305,0.00053195707521,0.0010863015944,0.0020811220829,0.0013194953736,0.00076583754684,0.0019300919813,0.0020159242129,0.00086230940698,0.0011186803706,0.00055405465778,0.0012002446431,0.00066225907194,0.00055980476769,0.00087448477136,0.00054375152348
386.5,0.0013944262326,0.0011454421623,0.0010131901936,0.0015744801621,0.0014838775436,0.001981074299,0.0012586877714,0.0011184469605,0.00055460894158,0.0019810863561,0.0017783845834,0.0011334244166,0.00052771805519,0.0010726136426,0.0020530637975,0.0013024391706,0.00075682020639,0.0019042173692,0.0019888087157,0.0008518730812,0.0011045239998,0.00054924275266,0.0011961171393,0.00065480868815,0.0005541103669,0.0008638713935,0.00053918633831
387.0,0.0013762657397,0.0011308778743,0.0010005387006,0.0015537195069,0.0014644256769,0.0019544362731,0.0012424875929,0.0011042729875,0.00054896575007,0.0019544481649,0.00175467763,0.0011190340162,0.00052352017461,0.0010591027684,0.0020253843228,0.0012856073667,0.0007479142246,0.0018786909481,0.0019620588113,0.00084156811465,0.0010905512912,0.00054447910192,0.0011920216991,0.00064744743399,0.00054847947914,0.00085339186091,0.00053466628084
387.5,0.0013583453136,0.0011165031229,0.00098804986441,0.0015332354387,0.0014452320136,0.00192815733,0.0012264999376,0.001090283065,0.0005433854983,0.0019281690586,0.0017312886289,0.0011048307072,0.00051936297609,0.0010457666232,0.0019980785374,0.0012689969588,0.00073911816536,0.0018535080147,0.0019356695589,0.00083139279295,0.001076759805,0.00053976316586,0.0011879580156,0.00064017418358,0.00054291133939,0.00084304442469,0.00053019084832
388.0,0.0013406617346,0.0011023153863,0.0009757215354,0.0015130242351,0.0014262930844,0.0019022326169,0.0012107219658,0.001076474747,0.00053786742837,0.0019022441846,0.0017082132901,0.0010908120015,0.00051524600787,0.0010326028901,0.0019711413894,0.0012526049848,0.00073043061183,0.0018286639295,0.0019096360844,0.00082134542482,0.0010631471343,0.00053509441142,0.001183925785,0.00063298782599,0.0005374051925,0.00083282735956,0.00052575954413
388.5,0.0013232118268,0.0010883121769,0.00096355159314,0.0014930822243,0.0014076054668,0.001876657347,0.0011951508766,0.0010628456209,0.00053241079212,0.0018766687559,0.0016854473819,0.0010769754449,0.00051116882383,0.0010196092837,0.0019445678952,0.0012364285228,0.00072185016617,0.0018041541161,0.0018839535799,0.00081142434184,0.001049710905,0.00053047231204,0.0011799247072,0.00062588726504,0.00053196029301,0.00082273896354,0.00052137187777
389.0,0.0013059924574,0.0010744910409,0.00095153794594,0.0014734057846,0.0013891657852,0.0018514267983,0.0011797839069,0.0010493933067,0.00052701485098,0.0018514380506,0.0016629867301,0.0010633186165,0.00050713098333,0.0010067835496,0.0019183531388,0.0012204646908,0.00071337544928,0.0017799740599,0.0018586173025,0.00080162789807,0.0010364487754,0.00052589634759,0.0011759544856,0.00061887141903,0.00052657590505,0.00081277755761,0.00051702736473
389.5,0.0012890005364,0.0010608495578,0.00093967853048,0.0014539913432,0.0013709707096,0.0018265363129,0.0011646183314,0.0010361154569,0.00052167887593,0.0018265474107,0.0016408272169,0.0010498391284,0.00050313205117,0.00099412346423,0.0018924922705,0.0012047106457,0.00070500510054,0.0017561193076,0.0018336225736,0.00079195446978,0.0010233584353,0.00052136600428,0.0011720148269,0.00061193922061,0.0005212513022,0.00080294148539,0.00051272552645
390.0,0.0012722330155,0.0010473853401,0.00092797131138,0.0014348353761,0.0013530169555,0.0018019812957,0.0011496514618,0.0010230097557,0.00051640214725,0.0018019922411,0.0016189647807,0.001036534625,0.00049917159752,0.00098162683387,0.0018669805066,0.0011891635833,0.00069673777757,0.0017325854662,0.0018089647779,0.00078240245509,0.0010104376062,0.00051688077459,0.0011681054413,0.00060508961656,0.00051598576738,0.00079322911285,0.00050846589018
390.5,0.0012556868882,0.0010340960325,0.00091641428084,0.0014159344072,0.0013353012828,0.0017777572142,0.0011348806463,0.0010100739188,0.00051118395449,0.0017777680092,0.0015973954147,0.0010234027828,0.00049524919785,0.0009692914947,0.0018418131277,0.0011738207375,0.00068857215592,0.0017093682023,0.0017846393628,0.00077297027373,0.00099768404008,0.00051244015718,0.0011642260421,0.00059832156757,0.00051077859267,0.00078363882796,0.00050424798899
391.0,0.0012393591885,0.0010209793119,0.00090500545826,0.0013972850073,0.0013178204956,0.001753859597,0.001120303269,0.00099730569281,0.00050602359629,0.0017538702436,0.0015761151667,0.0010104413095,0.00049136443283,0.00095711531222,0.0018169854788,0.0011586793796,0.00068050692891,0.0016864632412,0.0017606418372,0.00076365636669,0.00098509551981,0.00050804365679,0.0011603763462,0.00059163404808,0.00050562907926,0.00077416904043,0.00050007136161
391.5,0.001223246991,0.0010080328865,0.00089374288983,0.0013788837942,0.0013005714413,0.0017302840333,0.0011059167498,0.00098470285506,0.00050092038028,0.0017302945337,0.001555120138,0.0009976479444,0.00048751688832,0.00094509618086,0.0017924929675,0.0011437368181,0.00067254080728,0.0016638663663,0.0017369677708,0.00075445919593,0.00097266985812,0.0005036907842,0.0011565560734,0.00058502604606,0.00050053653725,0.00076481818137,0.00049593555242
392.0,0.0012073474098,0.00099525449577,0.00088262464818,0.0013607274312,0.0012835510103,0.0017070261723,0.0010917185433,0.00097226321288,0.00049587362295,0.0017070365283,0.0015344064827,0.00098502045706,0.00048370615521,0.00093323202356,0.0017683310638,0.001128990398,0.00066467251904,0.0016415734178,0.0017136127934,0.00074537724411,0.00096040489744,0.00049938105612,0.0011527649469,0.00057849656287,0.00049550028559,0.000755584703,0.00049184011131
392.5,0.0011916575982,0.00098264190968,0.00087164883203,0.0013428126272,0.0012667561349,0.0016840817219,0.001077706139,0.00095998460337,0.00049088264952,0.0016840919354,0.0015139704073,0.00097255664744,0.00047993182943,0.0009215207914,0.0017444952988,0.0011144375003,0.00065690080918,0.0016195802926,0.0016905725939,0.0007364090143,0.00094829850943,0.00049511399511,0.0011490026929,0.00057204461302,0.00049051965194,0.00074646707838,0.00048778459367
393.0,0.0011761747484,0.00097019292852,0.00086081356578,0.0013251361357,0.0012501837894,0.0016614464481,0.0010638770601,0.00094786489295,0.00048594679385,0.0016614565211,0.0014938081696,0.00096025434531,0.00047619351187,0.00090996046321,0.0017209812643,0.0011000755418,0.00064922443945,0.0015978829432,0.0016678429198,0.00072755302968,0.00093634859461,0.00049088912953,0.0011452690408,0.00056566922402,0.00048559397252,0.0007374638011,0.00048376856029
393.5,0.0011608960906,0.00095790538237,0.00085011699923,0.0013076947542,0.0012338309891,0.0016391161743,0.0010502288637,0.0009359019769,0.0004810653983,0.0016391261088,0.0014739160781,0.00094811140981,0.00047249080827,0.00089854904517,0.0016977846117,0.001085901974,0.00064164218811,0.0015764773766,0.0016454195759,0.00071880783327,0.00092455308189,0.00048670599344,0.0011415637231,0.00055936943618,0.00048072259205,0.00072857338499,0.00047979157727
394.0,0.0011458188923,0.00094577713071,0.00083955730712,0.0012904853238,0.0012176947895,0.0016170867806,0.0010367591399,0.00092409377906,0.0004762378136,0.0016170965783,0.0014542904914,0.00093612572912,0.0004688233292,0.00088728457044,0.0016749010512,0.0010719142832,0.00063415284973,0.0015553596543,0.0016232984239,0.00071017198765,0.00091290992826,0.00048256412652,0.0011378864753,0.00055314430248,0.00047590486358,0.00071979436386,0.00047585321598
394.5,0.0011309404586,0.00093380606201,0.00082913268891,0.0012735047283,0.0012017722866,0.0015953542026,0.0010234655115,0.00091243825132,0.00047146339878,0.0015953638654,0.0014349278176,0.00092429521997,0.00046519068997,0.00087616509879,0.0016523263511,0.0010581099898,0.00062675523494,0.0015345258909,0.0016014753816,0.00070164407469,0.00090141711835,0.00047846307404,0.0011342370358,0.00054699288833,0.00047114014844,0.0007111252912,0.00047195305298
395.0,0.0011162581307,0.00092199009332,0.00081884136832,0.001256749894,0.0011860606153,0.0015739144312,0.0010103456336,0.00090093337334,0.00046674152103,0.001573923961,0.0014158245134,0.00091261782734,0.0004615925106,0.00086518871622,0.001630056337,0.0010444866478,0.00061944817023,0.0015139722537,0.0015799464221,0.00069322269531,0.00089007266405,0.00047440238673,0.001130615146,0.00054091427145,0.00046642781604,0.00070256473993,0.00046809066996
395.5,0.0011017692861,0.00091032716991,0.00080868159309,0.0012402177886,0.0011705569496,0.0015527635115,0.00099739719304,0.00088957715209,0.00046207155559,0.00155277291,0.0013969770834,0.000901091524,0.0004580284157,0.00085435353461,0.0016080868909,0.0010310418442,0.00061223049772,0.0014936949622,0.001558707573,0.00068490646917,0.00087887460417,0.00047038162075,0.0011270205501,0.00053490754168,0.00046176724387,0.00069411130212,0.00046426565364
396.0,0.001087471338,0.00089881526483,0.00079865163458,0.0012239054212,0.001155258502,0.0015318975421,0.0009846179079,0.00087836762151,0.00045745288564,0.0015319068112,0.0013783820799,0.00088971431015,0.00045449803447,0.00084365769135,0.0015864139507,0.001017773199,0.00060510107491,0.0014736902866,0.0015377549155,0.00067669403443,0.000867821004,0.00046640033759,0.0011234529955,0.00052897180081,0.00045715781728,0.00068576358872,0.00046047759575
396.5,0.0010733617343,0.00088745237857,0.00078874978747,0.0012078098414,0.0011401625224,0.0015113126745,0.00097200552732,0.00086730284211,0.0004528849022,0.0015113218158,0.0013600361016,0.00087848421304,0.0004510010006,0.000833099349,0.0015650335091,0.0010046783642,0.00059805877455,0.0014539545481,0.0015170845841,0.00066858404752,0.00085690995503,0.00046245810405,0.0011199122321,0.00052310616244,0.00045259892947,0.0006775202293,0.00045672609293
397.0,0.0010594379578,0.00087623653866,0.00077897436945,0.0011919281387,0.0011252662984,0.0014910051123,0.00095955783087,0.00085638090064,0.00044836700404,0.0014910141276,0.0013419357936,0.00086739928659,0.0004475369522,0.00082267669493,0.0015439416132,0.00099175502381,0.00059110248433,0.0014344841174,0.0014966927656,0.00066057518284,0.00084613957452,0.00045855449209,0.0011163980127,0.00051730975177,0.00044808998132,0.0006693798718,0.00045301074668
397.5,0.0010456975253,0.00086516579931,0.00076932372088,0.0011762574421,0.0011105671541,0.0014709711104,0.00094727262821,0.0008455999097,0.00044389859753,0.0014709800014,0.0013240778462,0.00085645761105,0.00044410553181,0.000812387941,0.0015231343634,0.00097900089312,0.00058423110677,0.0014152754146,0.0014765756983,0.00065266613254,0.00083550800517,0.00045468907885,0.0011129100928,0.00051158170549,0.00044363038131,0.00066134118227,0.00044933116331
398.0,0.0010321379873,0.000854238241,0.00075979620449,0.0011607949197,0.00109606245,0.0014512069745,0.00093514775862,0.00083495800738,0.00043947909658,0.0014512157429,0.0013064589948,0.0008456572926,0.00044070638626,0.00080223132318,0.0015026079131,0.00096641371837,0.00057744355892,0.0013963249082,0.0014567296716,0.00064485560629,0.00082501341477,0.00045086144651,0.0011094482308,0.0005059211716,0.00043921954542,0.00065340284464,0.00044568695382
398.5,0.0010187569275,0.00084345197019,0.00075039020505,0.0011455377778,0.0010817495824,0.0014317090603,0.00092318109066,0.00082445335694,0.00043510792253,0.0014317177078,0.0012890760188,0.000834996463,0.00043733916665,0.00079220510126,0.0014823584675,0.00095399127633,0.00057073877225,0.0013776291144,0.0014371510249,0.00063714233099,0.00081465399585,0.00044707118228,0.0011060121876,0.00050032730926,0.00043485689702,0.00064556356042,0.00044207773393
399.0,0.0010055519623,0.00083280511891,0.00074110412912,0.0011304832606,0.0010676259827,0.0014124737729,0.00091137052173,0.00081408414641,0.00043078450404,0.001412482301,0.0012719257415,0.00082447327926,0.0004340035283,0.00078230755849,0.0014623822833,0.00094173137387,0.00056411569238,0.0013591845967,0.0014178361473,0.00062952505059,0.00080442796533,0.0004433178783,0.0011026017268,0.00049479928862,0.00043054186677,0.00063782204852,0.00043850312393
399.5,0.00099252074034,0.00082229584439,0.00073193640466,0.0011156286497,0.0010536891174,0.0013934975659,0.00089971397765,0.00080384858831,0.00042650827698,0.0013935059763,0.0012550050289,0.00081408592326,0.00043069913068,0.00077253700129,0.0014426756679,0.00092963184754,0.00055757327894,0.0013409879652,0.0013987814769,0.00062200252579,0.0007943335642,0.0004396011316,0.0010992166146,0.00048933629071,0.00042627389255,0.00063017704498,0.00043496274868
400.0,0.00097966094221,0.00081192232878,0.00072288548082,0.0011009712634,0.0010399364871,0.001374776941,0.00088820941233,0.00079374491926,0.00042227868438,0.0013747852353,0.0012383107898,0.00080383260143,0.00042742563735,0.00076289175889,0.0014232349786,0.00091769056316,0.00055111050532,0.0013230358759,0.0013799834998,0.00061457353388,0.00078436905719,0.00043592054401,0.00109585662,0.00048393750725,0.00042205241932,0.00062262730272,0.00043145623752
400.5,0.00096697027983,0.00080168277876,0.0007139498276,0.0010865084566,0.0010263656262,0.0013563084473,0.00087685480732,0.00078377139969,0.00041809517627,0.0013563166271,0.0012218399746,0.0007937115444,0.00042418271594,0.00075337018303,0.0014040566219,0.00090590541545,0.00054472635855,0.0013053250298,0.0013614387497,0.00060723686844,0.00077453273241,0.00043227572211,0.0010925215142,0.00047860214051,0.00041787689904,0.00061517159132,0.00042798322423
401.0,0.00095444649612,0.00079157542519,0.00070512793558,0.0010722376197,0.0010129741028,0.0013380886806,0.00086564817148,0.00077392631348,0.00041395720964,0.0013380967473,0.0012055895753,0.00078372100669,0.00042097003805,0.00074397064769,0.0013851370532,0.00089427432757,0.00053841983905,0.001287852173,0.0013431438073,0.00059999133919,0.00076482290108,0.00042866627719,0.0010892110712,0.00047332940319,0.00041374679062,0.00060780869682,0.00042454334695
401.5,0.00094208736454,0.00078159852281,0.00069641831564,0.0010581561786,0.00099975951758,0.0013201142827,0.00085458754056,0.00076420796764,0.00040986424832,0.001320122238,0.0011895566243,0.00077385926634,0.00041778727923,0.0007346915487,0.0013664727756,0.00088279525079,0.00053218996047,0.0012706140954,0.0013250952996,0.00059283577169,0.00075523789715,0.00042509182516,0.0010859250674,0.00046811851825,0.00040966155973,0.00060053742145,0.00042113624814
402.0,0.00092989068868,0.00077175034991,0.00068781949865,0.0010442615943,0.00098671950396,0.0013023819408,0.00084367097687,0.00075461469201,0.0004058157629,0.0013023897862,0.0011737381945,0.00076412462462,0.00041463411892,0.00072553130353,0.0013480603395,0.00087146616407,0.00052603574952,0.0012536076303,0.0013072898991,0.00058576900719,0.00074577607704,0.0004215519865,0.0010826632815,0.00046296871881,0.00040562067883,0.00059335658342,0.00041776157453
402.5,0.00091785430185,0.00076202920797,0.00067933003523,0.0010305513617,0.00097385172727,0.0012848883872,0.0008328965689,0.00074514483893,0.00040181123063,0.0012848961241,0.0011581313982,0.00075451540569,0.00041151024038,0.00071648835092,0.0013298963422,0.0008602850737,0.00051995624578,0.001236829654,0.0012897243236,0.00057878990236,0.00073643581931,0.00041804638621,0.0010794254948,0.00045787924795,0.00040162362697,0.0005862650167,0.00041441897705
403.0,0.00090597606667,0.00075243342139,0.00067094849547,0.00101702301,0.00096115388447,0.0012676303982,0.00082226243095,0.00073579678295,0.00039785013532,0.0012676380281,0.001142733387,0.00074502995629,0.00040841533068,0.00070756115064,0.0013119774268,0.00084925001291,0.0005139505015,0.0012202770851,0.001272395335,0.00057189732912,0.00072721552435,0.00041457465373,0.0010762114911,0.00045284935862,0.00039766988977,0.00057926157081,0.00041110811078
403.5,0.00089425387465,0.00074296133714,0.00066267346865,0.0010036741016,0.00094862370368,0.0012506047938,0.00081176670277,0.0007265689205,0.0003939319673,0.0012506123181,0.0011275413508,0.00073566664545,0.00040534908061,0.00069874818315,0.0012943002821,0.00083835904149,0.00050801758149,0.0012039468839,0.0012552997392,0.00056509017441,0.00071811361407,0.00041113642291,0.0010730210562,0.0004478783135,0.00039375895932,0.00057234511061,0.00040782863489
404.0,0.00088268564584,0.00073361132445,0.00065450356297,0.0009905022322,0.00093625894376,0.0012338084369,0.00080140754926,0.00071745966958,0.00039005622327,0.0012338158572,0.0011125525179,0.00072642386415,0.00040231118466,0.00069004794936,0.0012768616414,0.00082761024545,0.00050215656286,0.0011878360518,0.0012384343853,0.00055836733996,0.00070912853165,0.00040773133194,0.0010698539785,0.00044296538486,0.00038989033407,0.00056551451608,0.0004045802126
404.5,0.00087126932837,0.00072438177452,0.00064643740533,0.00097750502971,0.0009240573939,0.0012172382332,0.00079118316006,0.00070846746952,0.00038622240626,0.0012172455508,0.0010977641539,0.00071730002504,0.00039930134094,0.00068145897033,0.0012596582823,0.00081700173664,0.00049636653494,0.0011719416308,0.001221796165,0.00055172774216,0.00070025874119,0.00040435902328,0.0010667100488,0.00043810985443,0.00038606351876,0.00055876868211,0.00040136251114
405.0,0.00086000289815,0.00071527110021,0.00063847364102,0.00096468015432,0.00091201687317,0.0012008911298,0.00078109174925,0.00069959078062,0.00038243002553,0.0012008983462,0.0010831735614,0.00070829356214,0.00039631925118,0.00067297978699,0.0012426870262,0.00080653165244,0.00049064659905,0.0011562607029,0.0012053820122,0.00054517031177,0.00069150272745,0.00040101914364,0.0010635890598,0.00043331101326,0.00038227802435,0.00055210651828,0.00039817520164
405.5,0.0008488843584,0.00070627773576,0.0006306109335,0.00095202529782,0.00090013523016,0.0011847641156,0.00077113155499,0.00069082808391,0.00037867859648,0.001184771232,0.0010687780795,0.00069940293054,0.00039336462064,0.00066460895986,0.0012259447372,0.00079619815532,0.00048499586835,0.0011407903897,0.0011891889022,0.00053869399377,0.00068285899558,0.0003977113439,0.0010604908067,0.00042856816162,0.00037853336791,0.00054552694871,0.00039501795916
406.0,0.00083791173934,0.00069740013645,0.00062284796415,0.00093953818327,0.00088841034252,0.0011688542199,0.00076130083921,0.00068217788082,0.00037496764059,0.0011688612377,0.0010545750835,0.0006906266061,0.00039043715807,0.00065634506882,0.0012094283219,0.00078599943258,0.0004794134677,0.0011255278516,0.0011732138511,0.00053229774718,0.00067432607082,0.00039443527905,0.001057415087,0.00042388060885,0.00037482907256,0.00053902891181,0.00039189046258
406.5,0.00082708309782,0.00068863677835,0.000615183432,0.00092721656448,0.00087684011663,0.0011531585122,0.00075159788729,0.00067363869296,0.00037129668532,0.0011531654329,0.0010405619841,0.00068196308519,0.0003875365757,0.00064818671278,0.001193134729,0.00077593369599,0.00047389853348,0.0011104702876,0.0011574539156,0.00052598054483,0.00066590249821,0.00039119060816,0.0010543617002,0.00041924767325,0.00037116466739,0.00053261136009,0.00038879239457
407.0,0.00081639651688,0.00067998615805,0.00060761605351,0.00091505822566,0.00086542248714,0.001137674102,0.0007420210077,0.00066520906177,0.00036766526403,0.0011376809267,0.0010267362269,0.0006734108844,0.00038466258913,0.00064013250949,0.001177060948,0.00076599918142,0.00046845021344,0.0010956149345,0.0011419061921,0.00051974137318,0.00065758684235,0.00038797699433,0.001051330448,0.00041466868195,0.00036753968736,0.00052627326,0.00038572344155
407.5,0.00080585010551,0.00067144679233,0.00060014456233,0.000903060981,0.00085415541661,0.0011223981374,0.00073256853174,0.00065688754832,0.00036407291592,0.0011224048675,0.0010130952923,0.00066496854025,0.00038181491736,0.0006321810952,0.0011612040097,0.00075619414854,0.00046306766652,0.0010809590665,0.0011265678162,0.00051357923216,0.00064937768712,0.0003847941046,0.0010483211343,0.00041014297082,0.00036395367325,0.00052001359171,0.00038268329363
408.0,0.00079544199818,0.0006630172179,0.00059276770905,0.00089122267423,0.00084303689516,0.0011073278055,0.00072323881316,0.000648672733,0.00036051918592,0.0011073344423,0.00099963669464,0.00065663460892,0.00037899328269,0.0006243311245,0.0011455609846,0.0007465168805,0.00045775006275,0.0010664999947,0.0011114359624,0.00050749313494,0.00064127363541,0.00038164160994,0.001045333565,0.00040566988429,0.00036040617154,0.00051383134892,0.00037967164455
408.5,0.00078517035457,0.00065469599116,0.00058548426099,0.00087954117822,0.00083206494005,0.0010924603313,0.0007140302279,0.00064056321524,0.00035700362466,0.0010924668761,0.00098635798198,0.00064840766601,0.0003761974107,0.00061658126998,0.0011301289831,0.00073696568359,0.00045249658306,0.0010522350665,0.0010965078435,0.00050148210779,0.00063327330886,0.00037851918519,0.0010423675482,0.00040124877529,0.0003568967344,0.00050772553868,0.00037668819168
409.0,0.00077503335918,0.00064648168787,0.00057829300193,0.0008680143946,0.00082123759531,0.0010777929772,0.0007049411738,0.0006325576133,0.00035352578835,0.0010777994312,0.00097325673547,0.00064028630621,0.00037342703023,0.00060893022204,0.0011149051545,0.00072753888691,0.00044730641912,0.0010381616653,0.0010817807097,0.00049554518988,0.0006253753476,0.00037542650901,0.001039422894,0.00039687900512,0.00035342491954,0.00050169518123,0.00037373263593
409.5,0.00076502922103,0.00063837290294,0.00057119273193,0.00085664025338,0.0008105529314,0.001063323043,0.00069597007023,0.00062465456396,0.00035008523873,0.0010633294074,0.00096033056903,0.00063226914311,0.00037068187327,0.00060137668863,0.0010998866868,0.0007182348421,0.00044217877323,0.0010242772098,0.0010672518487,0.00048968143312,0.00061757841001,0.00037236326381,0.0010364994145,0.00039255994333,0.00034999029021,0.00049573930978,0.0003708046817
410.0,0.00075515617328,0.00063036825015,0.00056418226708,0.00084541671252,0.00080000904484,0.0010490478646,0.00068711535786,0.00061685272229,0.000346681543,0.0010490541408,0.00094757712883,0.00062435480889,0.00036796167498,0.00059391939501,0.0010850708059,0.000709051923,0.00043711285815,0.0010105791538,0.0010529185848,0.00048388990194,0.00060988117245,0.00036932913574,0.0010335969239,0.00038829096759,0.00034659241507,0.00048985697036,0.00036790403689
410.5,0.00074541247294,0.00062246636187,0.0005572604393,0.00083434175758,0.00078960405785,0.0010349648143,0.00067837549836,0.00060915076142,0.00034331427373,0.0010349710033,0.00093499409287,0.00061654195409,0.00036526617366,0.00058655708349,0.0010704547755,0.00069998852535,0.00043210789697,0.00099706498538,0.0010387782784,0.00047816967319,0.00060228232904,0.00036632381462,0.0010307152382,0.00038407146364,0.00034323086813,0.00048404722164,0.00036503041278
411.0,0.0007357964005,0.00061466588882,0.00055042609608,0.00082341340133,0.000779336118,0.0010210712997,0.00066974897406,0.00060154737225,0.00033998300881,0.0010210774028,0.00092257917057,0.00060882924735,0.00036259511064,0.00057928851324,0.001056035896,0.0006910430665,0.00042716312295,0.00098373222657,0.0010248283257,0.00047251983592,0.00059478059139,0.00036334699387,0.0010278541755,0.0003799008251,0.00033990522872,0.00047830913475,0.00036218352406
411.5,0.00072630625967,0.00060696549984,0.00054367810034,0.0008126296834,0.00076920339784,0.0010073647636,0.00066123428775,0.00059404126322,0.00033668733135,0.0010073707819,0.00091033010232,0.00060121537516,0.00035994823029,0.00057211246003,0.0010418115045,0.00068221398511,0.00042227777943,0.00097057843301,0.001011066158,0.0004669394912,0.00058737468838,0.00036039837054,0.0010250135558,0.00037577845344,0.00033661508135,0.00047264179311,0.00035936308873
412.0,0.00071694037699,0.0005993638816,0.00053701533014,0.00080198866988,0.00075920409461,0.00099384268324,0.00065282996233,0.0005866311601,0.00033342682964,0.00099384861793,0.00089824465905,0.00059369904162,0.00035732527999,0.00056502771599,0.001027778974,0.00067349974083,0.00041745111961,0.00095760119337,0.00099748924162,0.00046142775203,0.00058006336589,0.00035747764518,0.001022193201,0.00037170375782,0.00033336001571,0.00046704429228,0.00035656882809
412.5,0.00070769710158,0.00059185973839,0.00053043667853,0.00079148845298,0.00074933642987,0.0009805025702,0.00064453454056,0.00057931580571,0.00033020109708,0.00098050842242,0.00088632064183,0.00058627896821,0.00035472601007,0.00055803308943,0.0010139357131,0.00066489881408,0.00041268240651,0.00094479812893,0.00098409507687,0.00045598374309,0.00057284538663,0.00035458452184,0.0010193929348,0.00036767615501,0.00033013962656,0.00046151573976,0.00035380046668
413.0,0.0006985748048,0.00058445179187,0.00052394105331,0.00078112715068,0.00073959864917,0.00096734196955,0.0006363465848,0.00057209395971,0.0003270097321,0.00096734774042,0.00087455588146,0.00057895389352,0.00035215017375,0.00055112740458,0.0010002791654,0.00065640970571,0.00040797091276,0.00093216689315,0.00097088119797,0.00045060660063,0.00056571952985,0.00035171870802,0.001016612583,0.00036369506928,0.00032695351367,0.00045605525486,0.00035105773226
413.5,0.00068957187995,0.00057713878083,0.00051752737685,0.00077090290636,0.00072998902172,0.00095435845962,0.00062826467673,0.00056496439838,0.00032385233809,0.00095436415025,0.00086294823808,0.00057172257304,0.00034959752717,0.00054430950138,0.00098680680927,0.00064803093671,0.00040331592051,0.0009197051712,0.00095784517249,0.0004452954723,0.00055868459113,0.00034887991461,0.001013851973,0.00035975993232,0.00032380128178,0.00045066196853,0.00034834035575
414.0,0.00068068674199,0.00056991946093,0.00051119458587,0.00076081388847,0.00072050584007,0.00094154965148,0.00062028741708,0.00055792591437,0.00032072852334,0.00094155526297,0.00085149560073,0.00056458377894,0.00034706782928,0.00053757823529,0.00097351615689,0.000639761048,0.00039871672131,0.00090741067956,0.00094498460089,0.00044004951701,0.00055173938217,0.00034606785589,0.0010111109341,0.00035587018311,0.00032068254048,0.00044533502319,0.00034564807118
414.5,0.00067191782719,0.00056279260453,0.00050494163129,0.00075085829018,0.00071114741981,0.0009289131885,0.00061241342538,0.00055097731647,0.000317637901,0.00092891872192,0.00084019588699,0.00055753629982,0.00034456084184,0.00053093247703,0.00096040475426,0.0006315986001,0.00039417261592,0.00089528116561,0.00093229711609,0.00043486790475,0.00054488273058,0.00034328224943,0.0010083892973,0.00035202526783,0.00031759690422,0.00044007357257,0.00034298061571
415.0,0.00066326359291,0.0005557570004,0.00049876747796,0.00074103432903,0.00070191209922,0.00091644674593,0.0006046413397,0.00054411742941,0.00031458008898,0.00091645220235,0.00082904704258,0.00055057894049,0.00034207632939,0.00052437111243,0.00094747018053,0.00062354217287,0.00038968291427,0.00088331440715,0.00091978038302,0.00042974981646,0.0005381134796,0.00034052281609,0.0010056868955,0.00034822463977,0.00031454399218,0.00043487678159,0.0003403377295
415.5,0.00065472251727,0.00054881145353,0.00049267110454,0.00073134024664,0.000692798239,0.00090414803045,0.0005969698164,0.00053734509366,0.00031155470989,0.00090415341092,0.00081804704098,0.00054371052173,0.00033961405921,0.00051789304216,0.00093471004761,0.00061559036528,0.00038524693529,0.00087150821204,0.00090743209815,0.00042469444386,0.00053143048798,0.00033778927997,0.0010030035633,0.00034446775923,0.00031152342823,0.00042974382618,0.00033771915575
416.0,0.00064629309887,0.00054195478491,0.00048665150327,0.00072177430832,0.00068380422193,0.00089201477975,0.00058939752988,0.00053065916516,0.00030856139103,0.00089202008531,0.00080719388307,0.00053692988013,0.00033717380125,0.0005114971816,0.00092212199967,0.00060774179511,0.00038086400676,0.0008598604178,0.00089524998916,0.00041970098932,0.00052483262969,0.00033508136834,0.0010003391371,0.00034075409345,0.00030853484089,0.00042467389311,0.00033512464061
416.5,0.00063797385652,0.00053518583129,0.00048070767982,0.00071233480281,0.00067492845258,0.00088004476212,0.0005819231723,0.00052405851515,0.00030559976423,0.00088004999379,0.00079648559672,0.00053023586782,0.00033475532815,0.00050518246056,0.00090970371277,0.00059999509871,0.00037653346526,0.00084836889114,0.00088323181441,0.00041476866572,0.00051831879374,0.00033239881165,0.00099769345479,0.00033708311646,0.00030557786325,0.00041966617989,0.00033255393319
417.0,0.00062976332896,0.00052850344497,0.00047483865305,0.00070302004192,0.00066616935704,0.00086823577602,0.00057454545341,0.00051754202996,0.00030266946592,0.00086824093481,0.00078592023644,0.00052362735226,0.00033235841518,0.00049894782314,0.00089745289438,0.00059234893076,0.00037225465599,0.00083703152765,0.00087137536258,0.0004098966963,0.00051188788399,0.00032974134346,0.00099506635615,0.00033345430906,0.00030265213291,0.0004147198946,0.00033000678548
417.5,0.00062166007457,0.00052190649362,0.0004690434549,0.00069382836023,0.00065752538257,0.00085658564967,0.00056726310024,0.00051110861078,0.00029977013694,0.00085659073657,0.00077549588305,0.00051710321606,0.0003299828402,0.00049279222753,0.00088536728298,0.00058480196397,0.00036802693269,0.00082584625133,0.00085967845226,0.0004050843145,0.00050553881893,0.0003271087004,0.00099245768255,0.00032986715866,0.00029975729191,0.00040983425574,0.00032748295232
418.0,0.00061366267115,0.00051539386001,0.00046332113016,0.00068475811478,0.00064899499738,0.00084509224066,0.00056007485691,0.00050475717348,0.00029690142257,0.00084509725666,0.00076521064328,0.00051066235676,0.00032762838363,0.00048671464579,0.00087344464762,0.0005773528889,0.0003638496575,0.00081481101426,0.00084813893153,0.00040033076385,0.00049927053146,0.00032450062215,0.000989867277,0.00032632115924,0.0002968929867,0.0004050084921,0.0003249821914
418.5,0.0006057697156,0.00050896444186,0.00045767073631,0.00067580768475,0.00064057669027,0.00083375343554,0.00055297948435,0.00049848664841,0.00029406297244,0.00083375838161,0.00075506264941,0.00050430368661,0.00032529482844,0.00048071406366,0.00086168278753,0.00057000041368,0.00035972220087,0.00080392379621,0.00083675467756,0.00039563529782,0.00049308196876,0.00032191685137,0.00098729498416,0.00032281581125,0.00029405886808,0.00040024184261,0.00032250426319
419.0,0.00059797982371,0.00050261715161,0.00045209134335,0.00066697547118,0.00063226897041,0.00082256714943,0.00054597576012,0.00049229598017,0.00029125444049,0.00082257202653,0.00074505005898,0.00049802613241,0.00032298196007,0.00047478948043,0.0008500795317,0.00056274326376,0.00035564394142,0.00079318260423,0.00082552359623,0.0003909971797,0.000486972092,0.0003193571337,0.00098474065026,0.00031935062151,0.0002912545911,0.00039553355622,0.0003200489309
419.5,0.00059029162985,0.00049635091623,0.00044658203363,0.00065825989666,0.00062407036705,0.00081153132566,0.00053906247817,0.00048618412747,0.00028847548488,0.00081153613472,0.00073517105439,0.00049182863526,0.00032068956647,0.00046893990868,0.00083863273846,0.00055558018171,0.00035161426587,0.00078258547233,0.00081444362171,0.00038641568243,0.00048093987626,0.0003168212177,0.00098220412315,0.00031592510315,0.00028847981505,0.00039088289174,0.00031761596047
420.0,0.00058270378675,0.000490164677,0.00044114190169,0.00064965940504,0.00061597942922,0.00080064393533,0.00053223844859,0.00048015006287,0.00028572576796,0.00080064867729,0.00072542384259,0.00048571015039,0.00031841743798,0.00046316437415,0.00082734029513,0.00054850992696,0.00034763256888,0.00077213046105,0.00080351271612,0.00038189008851,0.00047498431022,0.00031430885481,0.00097968525221,0.0003125387755,0.0002857342034,0.00038628911771,0.00031520512054
420.5,0.00057521496527,0.00048405738935,0.00043577005407,0.00064117246116,0.00060799472548,0.00078990297699,0.00052550249742,0.00047419277267,0.00028300495623,0.00078990765277,0.00071580665475,0.00047966964699,0.00031616536738,0.00045746191555,0.00081620011756,0.00054153127556,0.00034369825298,0.00076181565718,0.00079272886912,0.00037741968985,0.00046910439608,0.00031181979933,0.0009771838884,0.00030919116401,0.00028301742372,0.00038175151231,0.00031281618237
421.0,0.00056782385409,0.00047802802262,0.00043046560917,0.0006327975505,0.00060011484365,0.00077930647622,0.00051885346641,0.00046831125666,0.00028031272024,0.00077931108672,0.00070631774592,0.00047370610798,0.00031393314982,0.00045183158435,0.00080521014981,0.00053464301999,0.00033981072845,0.00075163917334,0.00078209009754,0.00037300378764,0.00046329914932,0.00030935380839,0.00097469988419,0.00030588180019,0.00028032914766,0.00037726936316,0.00031044891987
421.5,0.00056052915953,0.00047207555992,0.00042522769707,0.00062453317899,0.00059233839056,0.00076885248532,0.00051229021283,0.00046250452794,0.0002776487346,0.00076885703144,0.00069695539468,0.00046781852984,0.00031172058278,0.00044627244466,0.00079436836371,0.00052784396891,0.00033596941322,0.00074159914766,0.00077159444502,0.00036864169222,0.00045756759853,0.00030691064188,0.00097223309357,0.0003026102215,0.00027766905087,0.00037284196725,0.00030810310952
422.0,0.00055332960527,0.00046619899792,0.00042005545939,0.00061637787265,0.00058466399178,0.00075853908289,0.00050581160925,0.0004567716128,0.00027501267786,0.00075854356551,0.00068771790289,0.00046200592245,0.00030952746607,0.00044078357303,0.00078367275854,0.00052113294694,0.00033217373277,0.00073169374341,0.00076123998166,0.00036433272301,0.00045190878522,0.00030449006246,0.00096978337201,0.00029937597131,0.00027503681295,0.00036846863077,0.00030577853035
422.5,0.00054622393213,0.00046039734666,0.00041494804911,0.00060833017737,0.00057709029135,0.00074836437352,0.0004994165433,0.00045111155047,0.00027240423251,0.0007483687935,0.00067860359529,0.00045626730884,0.0003073536018,0.00043536405827,0.00077312136061,0.00051450879445,0.00032842312001,0.0007219211487,0.00075102480363,0.00036007620828,0.00044632176369,0.00030209183548,0.00096735057646,0.00029617859878,0.00027243211741,0.00036414866903,0.00030347496394
423.0,0.00053921089784,0.00045466962937,0.00040990463046,0.00060038865862,0.00056961595156,0.0007383264874,0.00049310391752,0.00044552339296,0.00026982308489,0.00073833084561,0.00066961081928,0.00045060172509,0.00030519879431,0.00043001300131,0.00076271222292,0.00050797036734,0.0003247170152,0.00071227957611,0.00074094703283,0.00035587148515,0.00044080560078,0.00029971572898,0.00096493456532,0.00029301765879,0.00026985465163,0.0003598814063,0.00030119219431
423.5,0.00053228927679,0.00044901488231,0.00040492437869,0.00059255190118,0.00056223965268,0.00072842358,0.00048687264913,0.00044000620493,0.00026726892519,0.00072842787728,0.00066073794452,0.00044500822011,0.00030306285018,0.00042472951502,0.00075244342481,0.00050151653685,0.00032105486586,0.00070276726235,0.00073100481656,0.00035171789937,0.00043535937578,0.00029736151366,0.00096253519845,0.00028989271189,0.00026730410679,0.0003556661757,0.00029893000799
424.0,0.00052545785984,0.00044343215455,0.00040000648002,0.0005848185089,0.00055496009272,0.00071865383171,0.0004807216698,0.00043455906345,0.00026474144735,0.0007186580689,0.00065198336268,0.00043948585546,0.0003009455782,0.00041951272402,0.00074231307157,0.00049514618931,0.00031743612663,0.00069338246796,0.00072119632714,0.00034761480529,0.0004299821802,0.00029502896282,0.00096015233712,0.00028680332421,0.00026478017781,0.00035150231909,0.00029668819392
424.5,0.00051871545406,0.00043792050786,0.00039515013139,0.0005771871044,0.00054777598719,0.00070901544753,0.00047464992551,0.00042918105789,0.00026224034904,0.00070901962546,0.00064334548716,0.00043403370521,0.00029884678933,0.0004143617646,0.00073231929409,0.00048885822597,0.00031386025921,0.00068412347699,0.0007115197616,0.00034356156565,0.00042467311763,0.00029271785235,0.00095778584399,0.00028374906737,0.00026228256333,0.00034738918692,0.00029446654343
425.0,0.00051206088251,0.00043247901646,0.0003903545404,0.00056965632886,0.00054068606888,0.0006995066567,0.00046865637633,0.00042387128972,0.0002597653316,0.00069951077617,0.00063482275273,0.00042865085574,0.00029676629669,0.00040927578446,0.00072246024856,0.00048265156279,0.00031032673227,0.00067498859666,0.00070197334134,0.00033955755157,0.00041943130358,0.00029042796067,0.00095543558313,0.00028072951844,0.00025981096566,0.00034332613818,0.00029226485023
425.5,0.00050549298406,0.00042710676693,0.0003856189251,0.00056222484172,0.00053368908757,0.0006901257124,0.00046273999621,0.00041862887236,0.00025731609999,0.00069012977422,0.00062641361531,0.00042333640557,0.00029470391548,0.00040425394265,0.00071273411609,0.00047652513021,0.00030683502133,0.00066597615703,0.0006925553118,0.00033560214235,0.00041425586532,0.00028815906876,0.00095310141998,0.00027774425983,0.00025736509071,0.0003393125402,0.00029008291036
426.0,0.00049901061313,0.00042180285797,0.00038094251389,0.00055489132049,0.00052678380987,0.0006808708914,0.00045689977282,0.00041345293101,0.00025489236276,0.00068087489636,0.00061811655163,0.00041808946524,0.00029265946305,0.00039929540934,0.00070313910236,0.00047047787301,0.00030338460868,0.00065708451074,0.00068326394211,0.0003316947254,0.00040914594168,0.00028591096003,0.00095078322132,0.00027479287924,0.00025494464795,0.00033534776861,0.00028792052219
426.5,0.0004926126395,0.0004165664003,0.00037632454537,0.00054765446044,0.00051996901894,0.00067174049377,0.00045113470734,0.00040834260249,0.00025249383199,0.00067174444264,0.00060993005897,0.00041290915707,0.00029063275878,0.00039439936572,0.00069367343731,0.00046450875007,0.0002999749833,0.00064831203267,0.00067409752481,0.00032783469613,0.00040410068295,0.00028368342041,0.00094848085529,0.0002718749696,0.00025254935039,0.00033143120717,0.00028577748636
427.0,0.00048629794812,0.00041139651643,0.00037176426819,0.00054051297443,0.00051324351429,0.00066273284254,0.00044544381431,0.00040329703508,0.00025012022325,0.0006627367361,0.00060185265489,0.0004077946151,0.0002886236241,0.00038956500381,0.00068433537484,0.00045861673419,0.00029660564076,0.00063965711965,0.00066505437551,0.00032402145783,0.0003991192507,0.0002814762382,0.00094619419133,0.00026899012898,0.0002501789145,0.00032756224771,0.00028365360575
427.5,0.00048006543886,0.00040629234057,0.00036726094091,0.00053346559259,0.00050660611155,0.0006538462834,0.00043982612139,0.00039831538838,0.00024777125554,0.00065385012241,0.00059388287694,0.00040274498483,0.00028663188245,0.00038479152635,0.00067512319241,0.0004528008119,0.0002932760831,0.00063111819016,0.00065613283257,0.00032025442159,0.0003942008176,0.00027928920414,0.00094392310023,0.00026613796053,0.00024783306018,0.00032374029,0.0002815486855
428.0,0.00047391402635,0.00040125301841,0.00036281383191,0.00052651106216,0.00050005564224,0.00064507918441,0.00043428066926,0.00039339683315,0.00024544665128,0.00064508296961,0.00058601928238,0.00039775942313,0.00028465735929,0.00038007814665,0.00066603519079,0.00044705998327,0.00028998581883,0.00062269368401,0.0006473312568,0.00031653300615,0.00038934456733,0.00027712211131,0.00094166745402,0.00026331807242,0.00024551151071,0.00031996474163,0.00027946253293
428.5,0.00046784263974,0.000396277707,0.00035842221919,0.00051964814721,0.00049359095358,0.00063642993564,0.00042880651136,0.00038854055113,0.00024314613622,0.00063643366778,0.00057826044794,0.00039283709807,0.00028269988202,0.00037542408841,0.00065706969371,0.00044139326175,0.00028673436275,0.00061438206211,0.00063864803118,0.00031285663784,0.00038454969436,0.00027497475514,0.00093942712605,0.00026053007775,0.00024321399275,0.00031623501791,0.00027739495752
429.0,0.00046185022253,0.0003913655746,0.00035408539029,0.00051287562843,0.00048721090825,0.00062789694894,0.0004234027138,0.00038374573494,0.00024086943944,0.00062790062875,0.00057060496955,0.00038797718875,0.00028075927999,0.00037082858562,0.00064822504756,0.00043579967396,0.00028352123592,0.00060618180614,0.00063008156051,0.00030922475045,0.00037981540387,0.00027284693337,0.00093720199091,0.00025777359452,0.0002409402362,0.0003125505418,0.00027534577091
429.5,0.00045593573239,0.00038651580049,0.00034980264214,0.00050619230291,0.00048091438421,0.00061947865761,0.00041806835512,0.0003790115879,0.00023861629328,0.0006194822858,0.00056305146205,0.00038317888518,0.00027883538447,0.00036629088241,0.0006394996211,0.00043027825952,0.00028034596554,0.00059809141826,0.00062163027116,0.00030563678514,0.00037514091155,0.00027073844601,0.00093499192445,0.00025504824554,0.00023868997426,0.00030891074375,0.00027331478687
430.0,0.00045009814091,0.00038172757487,0.00034557328095,0.00049959698389,0.00047470027445,0.00061117351611,0.00041280252615,0.00037433732388,0.00023638643332,0.0006111770934,0.00055559855896,0.00037844138811,0.00027692802862,0.00036181023289,0.0006308918051,0.00042482807087,0.00027720808493,0.00059010942087,0.00061329261076,0.00030209219035,0.00037052544349,0.00026864909535,0.00093279680375,0.00025235365837,0.00023646294333,0.00030531506165,0.00027130182123
430.5,0.00044433643348,0.00037700009867,0.00034139662206,0.00049308850058,0.00046856748684,0.00060297999979,0.00040760432983,0.0003697221672,0.00023417959831,0.00060298352687,0.00054824491222,0.00037376390888,0.00027503704748,0.00035738590105,0.00062240001211,0.00041944817311,0.00027410713336,0.00058223435632,0.00060506704789,0.0002985904217,0.00036596823605,0.00026657868587,0.00093061650711,0.00024968946527,0.000234258883,0.0003017629407,0.00026930669193
431.0,0.00043864960904,0.00037233258342,0.00033727198984,0.0004866656979,0.00046251494386,0.00059489660458,0.00040247288109,0.00036516535241,0.00023199553015,0.00059490008215,0.00054098919197,0.0003691456693,0.00027316227793,0.00035301716059,0.00061402267614,0.00041413764382,0.00027104265605,0.00057446478662,0.00059695207185,0.00029513094185,0.00036146853567,0.00026452702427,0.00092845091404,0.0002470553031,0.00023207753596,0.00029825383332,0.00026732921891
431.5,0.00043303667995,0.00036772425112,0.00033319871753,0.00048032743631,0.00045654158248,0.00058692184673,0.00039740730663,0.00036066612426,0.00022983397384,0.00058692527547,0.00053383008622,0.00036458590151,0.00027130355868,0.00034870329485,0.00060575825234,0.00040889557288,0.00026801420405,0.00056679929321,0.00058894619232,0.00029171322048,0.00035702559879,0.00026249391943,0.00092629990523,0.00024445081333,0.00022991864802,0.00029478719906,0.00026536922416
432.0,0.00042749667176,0.00036317433409,0.00032917614719,0.00047407259157,0.00045064635389,0.00057905426255,0.00039240674477,0.00035622373745,0.00022769467745,0.00057905764312,0.00052676630072,0.0003600838478,0.00026946073025,0.00034444359658,0.00059760521675,0.00040372106233,0.00026502133417,0.00055923647665,0.00058104793914,0.00028833673414,0.00035263869167,0.00026047918236,0.00092416336255,0.0002418756419,0.00022778196804,0.00029136250448,0.00026342653163
432.5,0.00042202862309,0.0003586820748,0.0003252036295,0.00046790005454,0.00044482822337,0.00057129240808,0.00038747034534,0.00035183745657,0.00022557739208,0.00057129574116,0.00051979655862,0.00035563876051,0.00026763363491,0.00034023736792,0.00058956206603,0.00039861322615,0.00026206360889,0.00055177495642,0.00057325586198,0.00028500096619,0.00034830709029,0.00025848262619,0.00092204116904,0.00023932943923,0.00022566724788,0.0002879792231,0.00026150096728
433.0,0.00041663158537,0.0003542467258,0.0003212805237,0.00046180873098,0.00043908617006,0.00056363485891,0.00038259726947,0.00034750655595,0.00022348187182,0.00056363814515,0.0005129196003,0.00035124990188,0.00026582211674,0.00033608392019,0.00058162731713,0.00039357119019,0.00025914059633,0.0005444133706,0.00056556853011,0.00028170540667,0.00034403008021,0.00025650406616,0.0009199332089,0.00023681186009,0.0002235742424,0.00028463683527,0.00025959235897
433.5,0.00041130462276,0.0003498675495,0.00031740619745,0.00045579754134,0.00043341918676,0.00055608020984,0.00037778668946,0.0003432303195,0.00022140787369,0.00055608344988,0.00050613418309,0.00034691654392,0.00026402602151,0.00033198257382,0.00057379950704,0.00038859409191,0.0002562518701,0.00053715037567,0.00055798453214,0.00027844955225,0.00033980695642,0.00025454331954,0.00091783936744,0.00023432256361,0.00022150270938,0.00028133482807,0.0002577005365
434.0,0.0004060468119,0.00034554381811,0.00031358002674,0.00044986542057,0.0004278262798,0.00054862707466,0.00037303778863,0.00033900804063,0.00021935515763,0.00054863026913,0.00049943908109,0.00034263796828,0.00026224519673,0.0003279326582,0.00056607719256,0.00038368108029,0.00025339700932,0.00052998464624,0.00055050247572,0.00027523290613,0.00033563702324,0.00025260020569,0.00091575953111,0.0002318612132,0.0002194524095,0.00027807269527,0.00025582533159
434.5,0.00040085724179,0.00034127481346,0.00030980139573,0.00044401131791,0.0004223064688,0.00054127408586,0.00036834976116,0.00033483902206,0.00021732348646,0.0005412772354,0.0004928330849,0.00033841346612,0.0002604794916,0.00032393351155,0.00055845894994,0.00037883131565,0.00025057559845,0.0005229148748,0.00054312098733,0.00027205497795,0.00033151959418,0.00025067454596,0.00091369358749,0.00022942747647,0.00021742310632,0.00027484993718,0.00025396657778
435.0,0.00039573501358,0.00033705982691,0.00030606969669,0.00043823419671,0.00041685878653,0.00053401989442,0.00036372181196,0.00033072257576,0.00021531262584,0.00053402299965,0.00048631500141,0.00033424233796,0.00025872875699,0.00031998448085,0.00055094337471,0.00037404396949,0.0002477872273,0.00051593977147,0.00053583871197,0.00026891528367,0.00032745399182,0.0002487661637,0.00091164142521,0.00022702102519,0.0002154145662,0.00027166606061,0.00025212411052
435.5,0.00039067924046,0.00033289815916,0.00030238432987,0.00043253303424,0.00041148227869,0.00052686316954,0.0003591531565,0.00032665802276,0.00021332234421,0.00052686623106,0.00047988365359,0.00033012389358,0.00025699284543,0.00031608492165,0.00054352908137,0.00036931822436,0.0002450314909,0.0005090580638,0.00052865431298,0.00026581334556,0.00032343954768,0.00024687488424,0.00090960293404,0.00022464153526,0.00021342655831,0.00026852057876,0.00025029776704
436.0,0.00038568904745,0.0003287891202,0.00029874470339,0.00042690682148,0.00040617600378,0.00051980259837,0.00035464302071,0.0003226446931,0.0002113524128,0.00051980561679,0.00047353788025,0.00032605745191,0.00025527161108,0.00031223419803,0.00053621470314,0.00036465327367,0.00024230798947,0.00050226849648,0.0005215664717,0.00026274869206,0.00031947560211,0.00024500053482,0.00090757800478,0.00022228868662,0.00021145885459,0.00026541301113,0.0002484873864
436.5,0.00038076357126,0.00032473202912,0.00029515023314,0.00042135456296,0.00040093903291,0.0005128368858,0.00035019064077,0.00031868192564,0.00020940260557,0.00051283986171,0.00046727653585,0.00032204234084,0.00025356490972,0.0003084316824,0.00052899889171,0.00036004832161,0.00023961632833,0.00049556983116,0.00051457388732,0.00025972085769,0.00031556150417,0.00024314294465,0.00090556652932,0.00021996216321,0.00020951122966,0.00026234288346,0.00024669280945
437.0,0.00037590196012,0.00032072621404,0.00029160034266,0.00041587527656,0.0003957704496,0.00050596475421,0.00034579526305,0.00031476906797,0.00020747269915,0.0005059676882,0.00046109849027,0.00031807789717,0.00025187259872,0.00030467675549,0.00052188031699,0.00035550258293,0.00023695611784,0.00048896084619,0.00050767527658,0.00025672938301,0.0003116966115,0.00024130194481,0.00090356840059,0.00021766165292,0.00020758346086,0.00025930972761,0.00024491387878
437.5,0.00037110337364,0.00031677101192,0.00028809446308,0.00041046799334,0.00039066934966,0.00049918494322,0.0003414561439,0.0003109054763,0.00020556247285,0.00049918783588,0.00045500262863,0.00031416346645,0.00025019453701,0.00030096880614,0.00051485766687,0.00035101528285,0.00023432697334,0.00048244033638,0.00050086937356,0.00025377381451,0.00030788029022,0.00023947736827,0.00090158351254,0.00021538684754,0.00020567532818,0.00025631308152,0.00024315043875
438.0,0.00036636698266,0.00031286576853,0.00028463203295,0.00040513175735,0.00038563484099,0.00049249620949,0.00033717254958,0.00030709051534,0.00020367170862,0.00049249906138,0.00044898785102,0.00031029840289,0.00024853058509,0.00029730723125,0.00050792964695,0.0003465856569,0.00023172851505,0.00047600711283,0.00049415492941,0.00025085370455,0.00030411191479,0.00023766904983,0.00089961176018,0.00021313744272,0.0002037866142,0.00025335248909,0.00024140233541
438.5,0.00036169196905,0.00030900983825,0.00028121249821,0.00039986562545,0.00038066604343,0.00048589732644,0.00033294375606,0.00030332355817,0.00020180019098,0.00048590013812,0.00044305307236,0.0003064820692,0.00024688060501,0.00029369143565,0.00050109498035,0.00034221295076,0.00022916036807,0.00046966000264,0.00048753071216,0.00024796861125,0.00030039086795,0.00023587682615,0.0008976530395,0.00021091313786,0.00020191710411,0.00025042750013,0.00023966941654
439.0,0.00035707752564,0.000305202584,0.00027783531203,0.00039466866717,0.00037576208859,0.00047938708407,0.00032876904896,0.00029960398614,0.00019994770702,0.00047938985609,0.0004371972222,0.00030271383652,0.00024524446031,0.00029012083201,0.00049435240742,0.00033789642016,0.00022662216223,0.00046339784876,0.00048099550647,0.00024511809846,0.00029671654054,0.00023410053567,0.00089570724751,0.00020871363617,0.00020006658566,0.00024753767026,0.00023795153158
439.5,0.000352522856,0.00030144337712,0.00027449993477,0.0003895399645,0.0003709221197,0.0004729642887,0.00032464772337,0.00029593118877,0.00019811404636,0.00047296702162,0.00043141924446,0.00029899308428,0.00024362201604,0.00028659484071,0.00048770068553,0.00033363533074,0.00022411353212,0.00045721950973,0.00047454811342,0.00024230173564,0.00029308833145,0.00023234001866,0.00089377428221,0.00020653864451,0.00019823484909,0.00024468256084,0.00023624853162
440.0,0.00034802717434,0.00029773159722,0.00027120583384,0.00038447861174,0.00036614529146,0.00046662776277,0.00032057908372,0.00029230456362,0.00019629900113,0.00046663045713,0.0004257180973,0.00029531920011,0.00024201313874,0.00028311288975,0.00048113858886,0.00032942895787,0.00022163411694,0.00045112385948,0.00046818735026,0.00023951909781,0.00028950564747,0.00023059511711,0.00089185404258,0.0002043878734,0.00019642168715,0.00024186173891,0.00023456026942
440.5,0.00034358970532,0.00029406663213,0.00026795248361,0.00037948371532,0.00036143076985,0.00046037634463,0.00031656244368,0.00028872351616,0.00019450236591,0.00046037900096,0.00042009275289,0.00029169157969,0.0002404176964,0.00027967441465,0.00047466490813,0.00032527658658,0.00021918356052,0.00044510978715,0.00046191205022,0.00023676976546,0.00028596790321,0.00022886567477,0.00088994642855,0.00020226103696,0.00019462689504,0.00023907477709,0.00023288659934
441.0,0.00033920968398,0.00029044787774,0.00026473936535,0.00037455439366,0.00035677773202,0.00045420888829,0.00031259712603,0.00028518745974,0.00019272393771,0.00045421150711,0.00041454219725,0.0002881096267,0.00023883555847,0.00027627885834,0.00046827845042,0.00032117751138,0.00021676151118,0.00043917619684,0.00045572106227,0.00023405332449,0.00028247452097,0.00022715153713,0.00088805134104,0.00020015785289,0.0001928502704,0.00023632125351,0.00023122737733
441.5,0.00033488635552,0.0002868747379,0.00026156596709,0.00036968977699,0.00035218536611,0.00044812426325,0.00030868246252,0.00028169581541,0.00019096351597,0.00044812684508,0.00040906543002,0.00028457275266,0.00023726659581,0.00027292567108,0.0004619780389,0.00031713103618,0.00021436762172,0.00043332200742,0.00044961325094,0.00023136936614,0.00027902493068,0.00022545255137,0.0008861686819,0.00019807804236,0.00019109161324,0.00023360075175,0.00022958246094
442.0,0.00033061897522,0.00028334662435,0.00025843178358,0.00036488900718,0.0003476528711,0.00044212135425,0.00030481779377,0.00027824801183,0.00018922090246,0.00044212389961,0.00040366146432,0.00028108037683,0.0002357106807,0.00026961431033,0.00045576251267,0.0003131364741,0.00021200154938,0.00042754615236,0.00044358749606,0.00022871748691,0.00027561856974,0.00022376856635,0.00088429835391,0.00019602133003,0.00018935072595,0.00023091286075,0.00022795170927
442.5,0.00032640680829,0.00027986295655,0.00025533631614,0.0003601512376,0.0003431794567,0.00043619906109,0.00030100246915,0.00027484348521,0.00018749590135,0.00043620157048,0.00039832932654,0.00027763192616,0.00023416768682,0.00026634424067,0.00044963072649,0.00030919314742,0.0002096629557,0.00042184757949,0.00043764269261,0.00022609728849,0.00027225488296,0.00022209943259,0.00088244026078,0.00019398744396,0.00018762741326,0.00022825717474,0.00022633498297
443.0,0.0003222491297,0.00027642316162,0.00025227907264,0.00035547563298,0.00033876434317,0.00043035629844,0.00029723584662,0.00027148167914,0.00018578831906,0.00043035877236,0.00039306805616,0.0002742268351,0.00023263748923,0.00026311493372,0.00044358155061,0.0003053003874,0.00020735150656,0.00041622525083,0.00043177775046,0.00022350837769,0.00026893332246,0.00022044500226,0.00088059430714,0.00019197611559,0.00018592148219,0.00022563329321,0.0002247321442
443.5,0.00031814522412,0.00027302667425,0.00024925956736,0.00035086136922,0.00033440676117,0.00042459199558,0.00029351729268,0.00026816204457,0.00018409796436,0.00042459443452,0.00038787670561,0.00027086454559,0.00023111996433,0.00025992586801,0.00043761387052,0.00030145753416,0.00020506687205,0.00041067814242,0.00042599159422,0.00022095036638,0.00026565334754,0.00021880512915,0.00087876039852,0.00018998707969,0.00018423274204,0.00022304082077,0.00022314305665
444.0,0.00031409438571,0.00026967293654,0.00024627732091,0.00034630763324,0.00033010595165,0.00041890509628,0.00028984618219,0.00026488403965,0.00018242464823,0.00041890750072,0.00038275434004,0.00026754450688,0.00022961498988,0.00025677652893,0.0004317265868,0.00029766393661,0.00020280872646,0.00040520524405,0.00042028316299,0.00021842287142,0.00026241442462,0.00021717966867,0.00087693844135,0.00018802007432,0.00018256100438,0.00022047936713,0.00022156758549
444.5,0.00031009591805,0.00026636139797,0.00024333186018,0.00034181362287,0.00032586116571,0.00041329455853,0.00028622189833,0.00026164712964,0.00018076818389,0.00041329692896,0.00037770003718,0.00026426617548,0.00022812244496,0.00025366640859,0.00042591861484,0.00029391895228,0.00020057674818,0.00039980555919,0.00041465141022,0.00021592551459,0.00025921602711,0.00021556847778,0.00087512834295,0.00018607484076,0.00018090608298,0.00021794854703,0.00022000559733
445.0,0.00030614913398,0.00026309151524,0.00024042271822,0.00033737854668,0.00032167166441,0.00040775935442,0.00028264383241,0.00025845078684,0.00017912838677,0.0004077616913,0.00037271288717,0.00026102901506,0.00022664220997,0.00025059500577,0.00042018888473,0.00029022194722,0.0001983706197,0.00039447810469,0.00040909530345,0.00021345792253,0.00025605763535,0.00021397141504,0.0008733300115,0.00018415112353,0.0001792677938,0.00021544798017,0.00021845696029
445.5,0.0003022533555,0.0002598627522,0.00023754943417,0.00033300162382,0.00031753671872,0.00040229846987,0.00027911138382,0.0002552944905,0.00017750507446,0.00040230077367,0.00036779199237,0.00025783249632,0.00022517416661,0.00024756182582,0.00041453634097,0.0002865722959,0.00019619002752,0.00038922191068,0.00040361382419,0.00021101972666,0.00025293873651,0.00021238834053,0.00087154335606,0.00018224867028,0.00017764595497,0.00021297729111,0.00021692154387
446.0,0.00029840791361,0.00025667457979,0.00023471155318,0.00032868208389,0.00031345560932,0.00039691090452,0.00027562395987,0.00025217772668,0.00017589806669,0.00039691317569,0.00036293646724,0.00025467609694,0.00022371819785,0.00024456638055,0.00040895994234,0.00028296938108,0.0001940346621,0.00038403602036,0.00039820596767,0.00020861056315,0.00024985882447,0.00021081911588,0.00086976828653,0.00018036723178,0.00017604038676,0.00021053610925,0.00021539921903
446.5,0.00029461214824,0.00025352647586,0.00023190862633,0.00032441916681,0.00030942762648,0.00039159567148,0.00027218097575,0.0002490999882,0.00017430718534,0.00039159791049,0.00035814543812,0.00025155930145,0.00022227418793,0.00024160818818,0.00040345866168,0.0002794125937,0.00019190421781,0.00037891948982,0.00039287074268,0.00020623007281,0.00024681739975,0.00020926360421,0.00086800471367,0.00017850656189,0.00017445091155,0.00020812406876,0.0002138898581
447.0,0.00029086540808,0.00025041792515,0.00022914021054,0.00032021212267,0.00030545206996,0.00038635179721,0.00026878185436,0.00024606077454,0.00017273225435,0.00038635400449,0.0003534180431,0.00024848160115,0.00022084202233,0.00023868677322,0.00039803148571,0.00027590133277,0.0001897983929,0.00037387138786,0.00038760717141,0.00020387790107,0.00024381396943,0.00020772167016,0.00086625254909,0.0001766664175,0.0001728773538,0.0002057408085,0.00021239333482
447.5,0.00028716705049,0.00024734841917,0.00022640586852,0.00031606021157,0.00030152824886,0.00038117832128,0.00026542602623,0.00024305959176,0.00017117309973,0.00038118049727,0.00034875343188,0.00024544249403,0.00021942158779,0.00023580166641,0.00039267741484,0.00027243500528,0.00018771688941,0.00036889079586,0.00038241428922,0.00020155369791,0.00024084804705,0.00020619317982,0.00086451170518,0.0001748465585,0.00017131954004,0.00020338597194,0.00021090952428
448.0,0.00028351644138,0.00024431745611,0.00022370516866,0.00031196270354,0.00029765548148,0.00037607429621,0.00026211292944,0.00024009595237,0.00016962954954,0.00037607644136,0.00034415076555,0.00024244148469,0.00021801277225,0.00023295240462,0.00038739546297,0.00026901302604,0.00018565941317,0.00036397680755,0.0003772911445,0.00019925711778,0.00023791915253,0.00020467800074,0.00086278209521,0.00017304674775,0.00016977729881,0.00020105920716,0.00020943830294
448.5,0.00027991295508,0.00024132454076,0.00022103768496,0.00030791887835,0.00029383309522,0.00037103878734,0.00025884200948,0.0002371693753,0.00016810143385,0.00037104090207,0.00033960921652,0.00023947808419,0.00021661546487,0.00023013853077,0.00038218465731,0.00026563481765,0.00018362567368,0.00035912852888,0.00037223679848,0.00019698781956,0.00023502681208,0.00020317600193,0.00086106363322,0.00017126675101,0.00016825046068,0.00019876016672,0.00020797954858
449.0,0.00027635597424,0.00023836918441,0.00021840299697,0.00030392802541,0.00029006042646,0.0003660708726,0.00025561271917,0.00023427938578,0.00016658858472,0.00036607295732,0.0003351279683,0.00023655181004,0.00021522955599,0.00022735959378,0.00037704403825,0.00026229981033,0.00018161538415,0.00035434507784,0.00036725032506,0.00019474546648,0.0002321705581,0.0002016870538,0.00085935623405,0.00016950633695,0.00016673885819,0.00019648850766,0.00020653314031
449.5,0.00027284488973,0.00023545090475,0.00021580068973,0.00029998944363,0.00028633682043,0.00036116964235,0.00025242451857,0.00023142551525,0.00016509083616,0.00036117169749,0.00033070621536,0.00023366218607,0.00021385493713,0.00022461514843,0.0003719726591,0.00025900744187,0.00017962826136,0.00034962558433,0.00036233081062,0.00019252972609,0.00022934992914,0.00020021102819,0.00085765981335,0.00016776527706,0.00016524232584,0.00019424389139,0.00020509895855
450.0,0.0002693791005,0.00023256922582,0.00021323035364,0.00029610244129,0.00028266163105,0.00035633419923,0.00024927687485,0.0002286073013,0.00016360802415,0.0003563362252,0.00032634316303,0.00023080874235,0.00021249150099,0.00022190475534,0.00036696958597,0.00025575715746,0.0001776640257,0.00034496918994,0.00035747735389,0.00019034027021,0.00022656446976,0.00019874779829,0.00085597428756,0.00016604334566,0.00016376070007,0.00019202598367,0.00020367688499
450.5,0.00026595801347,0.00022972367791,0.00021069158444,0.00029226633592,0.00027903422091,0.000351563658,0.00024616926223,0.00022582428759,0.00016213998655,0.0003515656552,0.0003220380273,0.00022799101513,0.00021113914139,0.00021922798086,0.0003620338976,0.00025254840968,0.00017572240104,0.00034037504784,0.00035268906575,0.00018817677481,0.00022381373052,0.00019729723871,0.00085429957386,0.00016434031985,0.00016229381921,0.00018983445454,0.0002022668026
451.0,0.00026258104348,0.00022691379745,0.00020818398313,0.00028848045417,0.00027545396105,0.00034685714534,0.00024310116189,0.00022307602373,0.00016068656314,0.00034685911417,0.00031779003468,0.00022520854673,0.00020979775332,0.00021658439698,0.00035716468514,0.00024938065832,0.00017380311477,0.0003358423226,0.00034796506906,0.00018603892003,0.00022109726782,0.00019585922539,0.00085263559023,0.00016265597943,0.0001608415235,0.00018766897824,0.00020086859564
451.5,0.0002592476131,0.00022413912697,0.00020570715587,0.00028474413169,0.00027192023091,0.00034221379972,0.00024007206182,0.00022036206524,0.00015924759556,0.00034221574058,0.00031359842209,0.00022246088544,0.00020846723287,0.00021397358132,0.00035236105204,0.00024625337032,0.00017190589767,0.00033137019007,0.00034330449855,0.0001839263901,0.00021841464388,0.00019443363562,0.00085098225539,0.00016099010695,0.00015940365502,0.0001855292332,0.00019948214957
452.0,0.00025595715258,0.00022139921499,0.00020326071397,0.00028105671301,0.00026843241819,0.00033763277123,0.0002370814568,0.00021768197347,0.0001578229273,0.00033763468451,0.0003094624367,0.00021974758552,0.00020714747725,0.00021139511697,0.00034762211386,0.00024316601968,0.00017003048392,0.00032695783716,0.00033870650058,0.00018183887325,0.00021576542665,0.00019302034801,0.00084933948882,0.0001593424876,0.00015798005771,0.00018341490195,0.00019810735111
452.5,0.00025270909975,0.00021869361594,0.00020084427375,0.00027741755141,0.00026498991875,0.00033311322144,0.00023412884825,0.00021503531549,0.00015641240364,0.00033311510751,0.00030538133579,0.00021706820702,0.00020583838475,0.00020884859248,0.00034294699808,0.00024011808735,0.00016817661105,0.00032260446175,0.00033417023306,0.00017977606171,0.00021314918971,0.00019161924248,0.00084770721074,0.0001577129092,0.0001565705773,0.00018132567106,0.00019674408818
453.0,0.00024950289989,0.0002160218901,0.00019845745652,0.00027382600881,0.0002615921365,0.00032865432319,0.00023121374418,0.00021242166404,0.00015501587171,0.00032865618245,0.00030135438662,0.00021442231578,0.00020453985478,0.00020633360175,0.00033833484399,0.00023710906113,0.00016634401988,0.00031830927255,0.00032969486525,0.00017773765162,0.00021056551224,0.00019023020026,0.0008460853421,0.0001561011622,0.00015517506133,0.00017926123114,0.00019539224991
453.5,0.00024633800562,0.00021338360351,0.00019609988851,0.00027028145566,0.00025823848327,0.00032425526053,0.0002283356591,0.00020984059744,0.00015363318038,0.00032425709334,0.00029738086628,0.00021180948332,0.00020325178778,0.00020384974397,0.00033378480248,0.00023413843561,0.00016453245446,0.00031407148888,0.00032527957761,0.00017572334302,0.0002080139789,0.00018885310384,0.00084447380457,0.00015450703958,0.00015379335912,0.00017722127672,0.00019405172661
454.0,0.00024321387686,0.00021077832789,0.00019377120078,0.00026678327081,0.00025492837875,0.00031991522846,0.00022549411388,0.00020729169953,0.00015226418029,0.00031991703519,0.00029346006157,0.00020922928675,0.00020197408528,0.00020139662357,0.00032929603593,0.00023120571204,0.0001627416621,0.00030989034061,0.00032092356165,0.00017373283974,0.00020549417976,0.00018748783697,0.00084287252054,0.00015293033687,0.00015242532171,0.00017520550624,0.00019272240977
454.5,0.00024012998068,0.00020820564057,0.00019147102919,0.0002633308414,0.00025166125032,0.00031563343287,0.00022268863576,0.00020477455959,0.00015090872381,0.00031563521389,0.00028959126889,0.00020668130872,0.00020070664984,0.00019897385012,0.00032486771802,0.00022831039827,0.00016097139323,0.00030576506795,0.00031662601981,0.0001717658494,0.00020300571026,0.00018613428468,0.00084128141314,0.00015137085211,0.0001510708019,0.00017321362197,0.00019140419204
455.0,0.0002370857912,0.0002056651244,0.00018919901432,0.00025992356277,0.00024843653302,0.00031140909036,0.00021991875816,0.00020228877227,0.00014956666502,0.00031141084602,0.00028577379406,0.00020416513735,0.00019944938505,0.00019658103828,0.00032049903358,0.00022545200864,0.00015922140144,0.00030169492138,0.00031238616526,0.00016982208332,0.00020054817113,0.0001847923332,0.00083970040615,0.00014982838579,0.00014972965417,0.00017124533,0.0001900969672
455.5,0.00023408078954,0.0002031563677,0.00018695480137,0.00025656083831,0.00024525366937,0.00030724142809,0.00021718402067,0.0001998339375,0.0001482378597,0.00030724315873,0.00028200695224,0.00020168036614,0.00019820219554,0.00019421780772,0.00031618917847,0.00022263006392,0.0001574914434,0.00029767916143,0.0003082032218,0.00016790125653,0.00019812116829,0.00018346187,0.00083812942408,0.00014830274086,0.00014840173471,0.00016930034015,0.00018880063018
456.0,0.00023111446368,0.00020067896418,0.00018473804019,0.00025324207939,0.00024211210934,0.00030312968362,0.00021448396895,0.00019740966044,0.00014692216529,0.00030313138961,0.00027829006776,0.00019922659388,0.00019696498693,0.00019188378306,0.00031193735939,0.00021984409118,0.00015578127881,0.00029371705862,0.0003040764237,0.00016600308766,0.00019572431281,0.00018214278376,0.00083656839213,0.00014679372264,0.00014708690135,0.00016737836594,0.00018751507703
456.5,0.0002281863084,0.00019823251286,0.00018254838511,0.00024996670524,0.00023901131018,0.00029907310482,0.00021181815463,0.0001950155514,0.00014561944088,0.0002990747865,0.00027462247404,0.00019680342465,0.00019573766585,0.0001895785938,0.00030774279375,0.00021709362374,0.00015409067041,0.00028980789328,0.00030000501554,0.00016412729891,0.00019335722082,0.00018083496434,0.00083501723615,0.00014530113887,0.00014578501357,0.00016547912454,0.0001862402049
457.0,0.00022529582517,0.00019581661798,0.00018038549496,0.00024673414281,0.00023595073641,0.00029507094969,0.00020918613524,0.0001926512258,0.0001443295472,0.0002950726074,0.00027100351346,0.00019441046765,0.00019452013991,0.00018730187427,0.00030360470954,0.00021437820111,0.00015241938388,0.00028595095542,0.0002959882521,0.00016227361602,0.00019101951347,0.00017953830278,0.0008334758827,0.00014382479959,0.00014449593249,0.00016360233671,0.00018497591202
457.5,0.00022244252206,0.000193430889,0.00017824903298,0.00024354382672,0.00023292985962,0.00029112248625,0.00020658747416,0.00019031630404,0.00014305234657,0.00029112412031,0.00026743253719,0.00019204733722,0.0001933123177,0.00018505326354,0.00029952234518,0.00021169736882,0.00015076718784,0.00028214554461,0.00029202539821,0.00016044176822,0.00018871081684,0.00017825269129,0.00083194425898,0.0001423645172,0.00014321952081,0.00016174772678,0.00018372209772
458.0,0.00021962591366,0.00019107494043,0.00017613866677,0.00024039519914,0.00022994815846,0.00028722699237,0.00020402174048,0.00018801041149,0.00014178770292,0.00028722860312,0.00026390890513,0.00018971365272,0.00019211410877,0.00018283240538,0.00029549494934,0.00020905067844,0.0001491338538,0.00027839096987,0.00028811572862,0.00015863148818,0.00018643076189,0.00017697802323,0.00083042229286,0.00014092010634,0.00014195564283,0.00015991502257,0.0001824786624
458.5,0.00021684552101,0.00018874839186,0.00017405406821,0.00023728770966,0.00022700511849,0.00028338375565,0.00020148850898,0.00018573317841,0.00014053548174,0.00028338534342,0.00026043198578,0.00018740903848,0.00019092542362,0.00018063894818,0.00029152178088,0.00020643768743,0.00014751915612,0.00027468654949,0.00028425852785,0.00015684251194,0.00018417898436,0.0001757141931,0.00082890991285,0.00013949138395,0.00014070416441,0.00015810395537,0.0001812455075
459.0,0.00021410087146,0.00018645086781,0.00017199491343,0.00023422081521,0.00022410023213,0.00027959207333,0.00019898736004,0.00018348423987,0.00013929555006,0.00027959363843,0.0002570011561,0.00018513312373,0.0001897461737,0.0001784725449,0.00028760210862,0.0002038579591,0.00014592287199,0.00027103161097,0.00028045309006,0.0001550745789,0.00018195512477,0.00017446109651,0.00082740704811,0.00013807816915,0.00013946495296,0.00015631425987,0.00018002253551
459.5,0.00021139149863,0.00018418199774,0.00016996088275,0.00023119397999,0.00022123299852,0.00027585125209,0.00019651787952,0.00018126323569,0.00013806777646,0.00027585279485,0.0002536158014,0.00018288554255,0.00018857627137,0.00017633285302,0.0002837352113,0.00020131106249,0.00014434478137,0.00026742549082,0.00027669871896,0.00015332743177,0.0001797588283,0.0001732186302,0.00082591362846,0.0001366802833,0.0001382378774,0.00015454567414,0.00017880964995
460.0,0.00020871694233,0.00018194141592,0.00016795166061,0.00022820667531,0.00021840292348,0.00027216060797,0.00019407965877,0.0001790698104,0.00013685203103,0.0002721621287,0.00025027531526,0.00018066593377,0.00018741562994,0.00017421953444,0.00027992037736,0.00019879657235,0.00014278466696,0.00026386753452,0.00027299472761,0.00015160081653,0.00017758974473,0.000171986692,0.00082442958431,0.00013529754991,0.00013702280817,0.00015279793958,0.00017760675537
460.5,0.00020607674843,0.00017972876139,0.00016596693551,0.00022525837955,0.00021560951938,0.00026851946625,0.00019167229448,0.00017690361314,0.00013564818533,0.00026852096524,0.00024697909939,0.00017847394095,0.00018626416361,0.00017213225546,0.00027615690486,0.000196314069,0.00014124231418,0.00026035709634,0.00026934043836,0.00014989448235,0.00017544752844,0.00017076518082,0.00082295484672,0.00013392979463,0.0001358196172,0.00015107080086,0.00017641375731
461.0,0.00020347046885,0.00017754367793,0.0001640064,0.00022234857803,0.00021285230508,0.00026492716126,0.00018929538866,0.00017476429763,0.00013445611242,0.00026492863883,0.0002437265635,0.00017630921227,0.00018512178747,0.00017007068672,0.00027244410134,0.00019386313833,0.00013971751111,0.00025689353924,0.00026573518268,0.00014820818159,0.00017333183825,0.00016955399666,0.00082148934736,0.00013257684524,0.00013462817788,0.0001493640059,0.00017523056232
461.5,0.00020089766139,0.00017538581392,0.00016206975057,0.00021947676295,0.00021013080581,0.00026138303635,0.00018694854853,0.00017265152209,0.00013327568682,0.0002613844928,0.00024051712526,0.00017417140052,0.00018398841752,0.0001680345031,0.00026878128369,0.00019144337164,0.00013821004849,0.00025347623475,0.00026217830107,0.00014654166975,0.00017124233747,0.00016835304057,0.00082003301853,0.00013123853161,0.00013344836507,0.00014767730579,0.00017405707793
462.0,0.00019835788975,0.00017325482236,0.00016015668765,0.00021664243324,0.00020744455313,0.0002578864437,0.00018463138649,0.00017056494919,0.00013210678447,0.00025788787931,0.00023735021011,0.00017206016301,0.00018286397061,0.00016602338374,0.00026516777801,0.00018905436564,0.00013671971963,0.00025010456286,0.00025866914291,0.00014489470542,0.00016917869375,0.00016716221464,0.00081858579309,0.00012991468564,0.00013228005504,0.00014601045482,0.00017289321264
462.5,0.00019585072335,0.00017115036076,0.00015826691549,0.00021384509454,0.0002047930848,0.00025443674421,0.00018234352,0.00016850424598,0.00013094928274,0.00025443815929,0.00023422525123,0.00016997516148,0.00018174836448,0.00016403701189,0.00026160291951,0.00018669572234,0.00013524632046,0.0002467779119,0.00025520706634,0.00014326705024,0.00016714057907,0.00016598142201,0.00081714760455,0.00012860514131,0.00013112312551,0.00014436321034,0.00017173887591
463.0,0.00019337573734,0.00016907209109,0.00015640014219,0.00021108425907,0.00020217594472,0.00025103330742,0.00018008457157,0.00016646908386,0.00012980306041,0.00025103470225,0.00023114168938,0.00016791606212,0.00018064151773,0.00016207507494,0.00025808605238,0.00018436704898,0.00013378964939,0.00024349567845,0.00025179143819,0.00014165846886,0.00016512766967,0.00016481056684,0.00081571838698,0.00012730973458,0.00012997745556,0.00014273533282,0.00017059397815
463.5,0.00019093251247,0.00016701967973,0.00015455607961,0.00020835944554,0.00019959268285,0.00024767551136,0.00017785416865,0.00016445913848,0.00012866799765,0.00024767688623,0.00022809897283,0.00016588253544,0.00017954334978,0.00016013726431,0.00025461652964,0.00018206795798,0.00013234950739,0.00024025726717,0.00024842163378,0.00014006872891,0.00016313964599,0.0001636495543,0.00081429807504,0.0001260283034,0.00012884292569,0.00014112658573,0.00016945843073
464.0,0.00018852063504,0.0001649927974,0.00015273444328,0.00020567017907,0.00019704285513,0.00024436274244,0.00017565194357,0.00016247408972,0.00012754397599,0.00024436409761,0.00022509655723,0.00016387425623,0.00017845378092,0.00015822327542,0.00025119371306,0.00017979806684,0.00013092569786,0.00023706209077,0.00024509703688,0.00013849760096,0.00016117619262,0.00016249829057,0.00081288660398,0.00012476068769,0.00012771941775,0.00013953673554,0.00016833214593
464.5,0.00018613969681,0.00016299111911,0.00015093495244,0.00020301599111,0.00019452602336,0.00024109439532,0.00017347753352,0.00016051362161,0.00012643087832,0.00024109573109,0.00022213390554,0.00016189090352,0.00017737273224,0.00015633280763,0.00024781697304,0.00017755699812,0.00012951802666,0.00023390956983,0.00024181703957,0.00013694485846,0.00015923699825,0.00016135668282,0.00081148390961,0.00012350672929,0.00012660681493,0.00013796555167,0.00016721503694
465.0,0.00018378929493,0.00016101432409,0.00014915732991,0.00020039641934,0.0001920417552,0.00023786987286,0.0001713305804,0.00015857742228,0.00012532858886,0.00023787118949,0.00021921048793,0.00015993216052,0.00017630012568,0.00015446556419,0.00024448568844,0.00017534437932,0.00012812630206,0.00023079913274,0.0002385810421,0.00013541027773,0.00015732175561,0.00016022463918,0.00081008992832,0.00012226627196,0.00012550500177,0.00013641280648,0.00016610701788
465.5,0.0001814690319,0.00015906209575,0.0001474013021,0.0001978110076,0.00018958962401,0.00023468858594,0.00016921073083,0.00015666518392,0.00012423699317,0.00023468988369,0.00021632578166,0.00015799771454,0.00017523588395,0.0001526212522,0.00024119924654,0.00017315984284,0.0001267503347,0.00022773021557,0.00023538845283,0.00013389363791,0.00015543016141,0.00015910206876,0.00080870459705,0.00012103916135,0.00012441386412,0.00013487827517,0.00016500800375
466.0,0.00017917851543,0.00015713412163,0.00014566659891,0.00019525930581,0.00018716920881,0.00023154995337,0.00016711763607,0.00015477660272,0.00012315597809,0.00023155123251,0.000213479271,0.00015608725698,0.00017417993059,0.00015079958253,0.00023795704287,0.00017100302592,0.00012538993758,0.00022470226199,0.00023223868808,0.00013239472092,0.00015356191628,0.00015798888162,0.00080732785331,0.00011982524496,0.00012333328912,0.00013336173579,0.00016391791045
466.5,0.00017691735843,0.00015523009332,0.00014395295374,0.00019274086988,0.00018478009422,0.00022845340182,0.00016505095194,0.00015291137879,0.00012208543176,0.00022845466261,0.00021067044713,0.00015420048322,0.00017313218993,0.00014900026979,0.00023475848113,0.00016887357055,0.000124044926,0.00022171472313,0.00022913117204,0.00013091331144,0.00015171672475,0.00015688498879,0.00080595963514,0.00011862437213,0.00012226316521,0.00013186296922,0.00016283665474
467.0,0.00017468517893,0.00015334970642,0.00014226010341,0.0001902552616,0.00018242187036,0.00022539836566,0.00016301033876,0.00015106921615,0.0001210252436,0.00022539960837,0.00020789880804,0.00015233709262,0.00017209258705,0.00014722303229,0.00023160297307,0.00016677112345,0.00012271511755,0.00021876705752,0.00022606533665,0.00012944919684,0.00014989429517,0.00015579030219,0.00080459988115,0.00011743639402,0.00012120338209,0.00013038175905,0.00016176415427
467.5,0.00017248159998,0.00015149266049,0.0001405877881,0.00018780204864,0.00018009413277,0.00022238428691,0.00016099546132,0.00014924982266,0.00011997530428,0.00022238551178,0.00020516385847,0.00015049678844,0.00017106104785,0.00014546759198,0.00022848993837,0.00016469533594,0.00012140033209,0.00021585873097,0.00022304062154,0.00012800216719,0.00014809433966,0.00015470473471,0.00080324853047,0.00011626116357,0.00012015383073,0.00012891789166,0.00016070032753
468.0,0.00017030624962,0.00014965865898,0.00013893575135,0.00018538080438,0.00017779648238,0.00021941061507,0.00015900598879,0.00014745290995,0.00011893550571,0.00021941182236,0.00020246510978,0.00014867927776,0.00017003749896,0.00014373367438,0.00022541880455,0.00016264586397,0.00012010039171,0.00021298921646,0.00022005647384,0.00012657201519,0.0001463165741,0.00015362820011,0.00080190552276,0.00011509853552,0.00011911440331,0.00012747115608,0.00015964509386
468.5,0.0001681587608,0.00014784740922,0.00013730373998,0.00018299110789,0.00017552852538,0.0002164768071,0.00015704159466,0.00014567819341,0.00011790574105,0.00021647799705,0.00019980207987,0.00014688427152,0.00016902186778,0.00014202100857,0.00022238900685,0.00016062236796,0.00011881512068,0.00021015799408,0.00021711234818,0.00012515853615,0.00014456071801,0.00015256061308,0.00080057079822,0.00011394836632,0.00011808499326,0.00012604134402,0.00015859837344
469.0,0.0001660387713,0.00014605862233,0.00013569150408,0.00018063254386,0.00017328987318,0.00021358232725,0.00015510195672,0.0001439253921,0.00011688590463,0.0002135835001,0.00019717429312,0.00014511148435,0.00016801408244,0.00014032932712,0.00021939998815,0.00015862451281,0.00011754434545,0.00020736455088,0.00021420770652,0.00012376152796,0.00014282649455,0.0001515018892,0.00079924429757,0.00011281051416,0.00011706549521,0.0001246282498,0.00015756008729
469.5,0.00016394592369,0.00014429201315,0.00013409879691,0.00017830470246,0.00017108014236,0.00021072664698,0.00015318675696,0.00014219422872,0.00011587589202,0.00021072780298,0.00019458128027,0.00014336063462,0.00016701407182,0.00013865836607,0.00021645119883,0.00015665196783,0.00011628789462,0.00020460838085,0.00021134201805,0.00012238079104,0.00014111363049,0.00015045194493,0.00079792596204,0.00011168483894,0.00011605580497,0.00012323167034,0.00015653015721
470.0,0.00016187986524,0.00014254730027,0.00013252537492,0.00017600717935,0.00016889895455,0.0002079092449,0.00015129568153,0.00014048442957,0.00011487559995,0.00020791038428,0.00019202257834,0.00014163144435,0.00016602176554,0.00013700786483,0.00021354209669,0.00015470440662,0.0001150455989,0.00020188898474,0.00020851475916,0.00012101612832,0.00013942185609,0.00014941069758,0.00079661573338,0.00011057120224,0.00011505581955,0.00012185140512,0.00015550850586
470.5,0.00015984024789,0.00014082420589,0.00013097099767,0.00017373957555,0.00016674593643,0.00020512960663,0.00014942842069,0.00013879572449,0.00011388492633,0.00020513072962,0.00018949773056,0.00013992363914,0.00016503709393,0.00013537756619,0.00021067214685,0.00015278150713,0.0001138172911,0.00019920587004,0.00020572541324,0.0001196673452,0.00013775090513,0.00014837806536,0.00079531355384,0.00010946946728,0.00011406543711,0.00012048725612,0.00015449505666
471.0,0.00015782672816,0.00013912245584,0.00012943542783,0.00017150149737,0.00016462071957,0.00020238722471,0.00014758466874,0.00013712784682,0.00011290377022,0.00020238833154,0.00018700628628,0.00013823694816,0.00016405998803,0.00013376721627,0.00020784082167,0.00015088295147,0.00011260280607,0.00019655855084,0.00020297347068,0.00011833424955,0.00013610051482,0.00014735396731,0.00079401936616,0.00010837949896,0.00011308455698,0.00011913902784,0.00015348973385
471.5,0.00015583896707,0.0001374417795,0.00012791843106,0.00016929255637,0.00016252294046,0.00019968159852,0.000145764124,0.00013548053335,0.00011193203182,0.00019968268943,0.00018454780088,0.00013657110409,0.00016309037959,0.00013217656443,0.00020504760059,0.00014900842595,0.00011140198072,0.00019394654778,0.00020025842873,0.00011701665161,0.00013447042577,0.00014633832331,0.00079273311361,0.00010730116376,0.00011211307962,0.00011780652721,0.00015249246243
472.0,0.00015387663016,0.00013578190975,0.00012641977607,0.00016711236928,0.00016045224039,0.0001970122342,0.00014396648872,0.00013385352426,0.00011096961246,0.0001970133094,0.00018212183568,0.00013492584308,0.00016212820105,0.00013060536327,0.00020229197011,0.000147157621,0.00011021465396,0.00019136938794,0.00019757979141,0.00011571436403,0.00013286038193,0.00014533105408,0.00079145473991,0.00010623432977,0.00011115090659,0.00011648956361,0.00015150316818
472.5,0.00015193938733,0.00013414258293,0.0001249392345,0.0001649605579,0.0001584082654,0.00019437864453,0.00014219146904,0.00013224656311,0.00011001641458,0.00019437970425,0.00017972795791,0.00013330090467,0.00016117338556,0.0001290533686,0.00019957342365,0.00014533023108,0.00010904066667,0.00018882660476,0.00019493706941,0.0001144272018,0.00013127013058,0.00014433208116,0.00079018418929,0.00010517886667,0.00011019794059,0.0001151879488,0.00015052177766
473.0,0.00015002691286,0.0001325235388,0.00012347658093,0.00016283674907,0.00015639066619,0.00019178034884,0.00014043877493,0.00013065939676,0.00010907234173,0.0001917813933,0.00017736574055,0.00013169603179,0.00016022586692,0.00012752033934,0.00019689146144,0.00014352595467,0.0001078798617,0.00018631773793,0.00019232978002,0.00011315498222,0.00012969942224,0.00014334132692,0.00078892140645,0.00010413464569,0.00010925408541,0.0001139014969,0.00014954821815
473.5,0.0001481388853,0.00013092452051,0.00012203159281,0.00016074057459,0.00015439909812,0.00018921687297,0.00013870812016,0.00012909177535,0.00010813729854,0.00018921790237,0.00017503476232,0.0001301109707,0.00015928557963,0.00012600603753,0.00019424559051,0.0001417444942,0.00010673208385,0.00018384233335,0.00018975744706,0.00011189752489,0.00012814801067,0.00014235871451,0.00078766633658,0.0001031015396,0.00010831924591,0.00011263002437,0.00014858241772
474.0,0.00014627498743,0.00012934527451,0.00012060405044,0.00015867167113,0.00015243322108,0.0001866877491,0.00013699922225,0.00012754345225,0.0001072111907,0.00018668876367,0.0001727346076,0.00012854547094,0.00015835245884,0.00012451022826,0.00019163532448,0.000139985556,0.00010559717979,0.00018139994302,0.00018721960072,0.00011065465167,0.00012661565278,0.00014138416789,0.00078641892533,0.00010207942268,0.00010739332805,0.00011137334998,0.00014762430516
474.5,0.00014443490622,0.00012778555054,0.00011919373694,0.00015662968022,0.00015049269946,0.00018419251575,0.00013531180239,0.00012601418401,0.000106293925,0.00018419351569,0.00017046486628,0.00012699928527,0.00015742644038,0.00012303267966,0.00018906018358,0.00013824885022,0.00010447499811,0.00017899012495,0.00018471577754,0.00010942618662,0.00012510210863,0.0001404176118,0.00078517911881,0.00010106817074,0.00010647623881,0.00011013129475,0.00014667380997
475.0,0.00014261833277,0.00012624510158,0.00011780043819,0.00015461424812,0.00014857720211,0.00018173071764,0.00013364558541,0.00012450373031,0.00010538540923,0.00018173170315,0.0001682251338,0.00012547216968,0.00015650746071,0.00012157316283,0.00018651969449,0.00013653409083,0.00010336538925,0.00017661244309,0.00018224552032,0.00010821195605,0.0001236071414,0.00013945897178,0.00078394686361,0.00010006766103,0.00010556788624,0.00010890368197,0.0001457308624
475.5,0.00014082496221,0.0001247236838,0.00011642394282,0.00015262502579,0.00014668640225,0.00017930190562,0.00013200029974,0.00012301185397,0.00010448555226,0.0001793028769,0.00016601501096,0.00012396388328,0.00015559545693,0.00012013145181,0.00018401339028,0.00013484099555,0.00010226820547,0.00017426646727,0.00017980837799,0.00010701178839,0.00012213051728,0.0001385081741,0.00078272210676,9.9077772307e-05,0.00010466817942,0.00010769033711,0.00014479539342
476.0,0.00013905449372,0.00012322105655,0.00011506404213,0.00015066166885,0.00014481997739,0.00017690563658,0.00013037567734,0.00012153832083,0.00010359426395,0.00017690659385,0.00016383410395,0.00012247418832,0.0001546903668,0.00011870732355,0.00018154081033,0.00013316928576,0.00010118330086,0.00017195177307,0.00017740390557,0.00010582551427,0.0001206720055,0.00013756514583,0.00078150479575,9.8098384736e-05,0.00010377702844,0.00010649108786,0.00014386733467
476.5,0.00013730663041,0.00012173698225,0.00011372053012,0.00014872383746,0.00014297760935,0.0001745414734,0.00012877145368,0.00012008289977,0.00010271145519,0.00017454241684,0.00016168202418,0.0001210028501,0.0001537921287,0.00011730055785,0.00017910150023,0.00013151868652,0.00010011053129,0.0001696679418,0.00017503166408,0.00010465296637,0.00011923137826,0.00013662981477,0.00078029487851,9.7129379931e-05,0.00010289434441,0.00010530576404,0.00014294661853
477.0,0.0001355810793,0.00012027122643,0.00011239320339,0.00014681119631,0.00014115898412,0.00017220898483,0.00012718736768,0.00011864536265,0.00010183703786,0.00017220991464,0.0001595583883,0.00011954963696,0.00015290068162,0.00011591093736,0.0001766950117,0.00012988892646,9.904975441e-05,0.00016741456037,0.00017269122043,0.00010349397953,0.00011780841068,0.00013570210947,0.00077909230342,9.6170640907e-05,0.00010202003942,0.00010413419762,0.00014203317803
477.5,0.00013387755127,0.00011882355762,0.00011108186116,0.00014492341452,0.00013936379185,0.00016990774543,0.00012562316164,0.00011722548428,0.00010097092483,0.00016990866181,0.00015746281808,0.00011811432024,0.00015201596518,0.00011453824751,0.0001743209025,0.00012827973778,9.8000829598e-05,0.00016519122126,0.00017038214738,0.00010234839058,0.0001164028808,0.00013478195921,0.00077789701931,9.5222052073e-05,0.00010115402656,0.00010297622265,0.00014112694692
478.0,0.00013219576101,0.00011739374737,0.00010978630519,0.00014306016564,0.00013759172679,0.00016763733549,0.00012407858126,0.00011582304235,0.00010011302995,0.00016763823862,0.00015539494033,0.00011669667421,0.0001511379196,0.00011318227647,0.00017197873638,0.00012669085617,9.6963617964e-05,0.00016299752242,0.00016810402345,0.00010121603845,0.00011501456949,0.000133869294,0.00077670897542,9.4283499211e-05,0.00010029621989,0.00010183167528,0.00014022785961
478.5,0.00013053542693,0.00011598157015,0.00010850633978,0.00014122112749,0.00013584248722,0.00016539734094,0.00012255337551,0.00011443781744,9.9263268028e-05,0.00016539823102,0.00015335438688,0.00011529647608,0.00015026648571,0.00011184281516,0.00016966808294,0.00012512202077,9.5937982314e-05,0.00016083306719,0.00016585643283,0.00010009676404,0.00011364326046,0.00013296404457,0.00077552812143,9.3354869461e-05,9.9446534427e-05,0.00010070039368,0.00013933585117
479.0,0.00012889627118,0.00011458680336,0.00010724177172,0.00013940598223,0.0001341157754,0.00016318735332,0.00012104729667,0.00011306959293,9.8421554822e-05,0.00016318823052,0.00015134079446,0.0001139135059,0.00014940160493,0.00011051965715,0.00016738851763,0.00012357297413,9.4923787134e-05,0.00015869746425,0.0001636389653,9.8990410248e-05,0.0001122887402,0.00013206614237,0.00077435440745,9.2436051301e-05,9.8604886127e-05,9.9582218065e-05,0.00013845085733
479.5,0.00012727801952,0.00011320922728,0.00010599241026,0.00013761441619,0.00013241129755,0.00016100696963,0.00011956010021,0.00011171815501,9.7587807036e-05,0.00016100783413,0.00014935380467,0.00011254754659,0.00014854321926,0.00010921259867,0.0001651396216,0.00012204346218,9.3920898566e-05,0.00015659032754,0.00016145121617,9.7896821916e-05,0.00011095079794,0.00013117551953,0.00077318778402,9.1526934534e-05,9.7771191898e-05,9.8476990627e-05,0.00013757281449
480.0,0.00012568040135,0.000111848625,0.00010475806708,0.00013584611987,0.00013072876373,0.00015885579231,0.00011809154482,0.00011038329261,9.67619423e-05,0.0001588566443,0.0001473930639,0.00011119838385,0.00014769127131,0.00010792143856,0.00016292098165,0.00012053323414,9.2929184389e-05,0.00015451127616,0.00015929278621,9.6815845831e-05,0.00010962922562,0.0001302921089,0.00077202820207,9.062741027e-05,9.6945369569e-05,9.7384555535e-05,0.00013670165967
480.5,0.0001241031496,0.00011050478245,0.00010353855626,0.00013410078788,0.00012906788786,0.00015673342915,0.0001166413923,0.00010906479739,9.5943879164e-05,0.00015673426881,0.00014545822329,0.00010986580614,0.00014684570424,0.00010664597825,0.00016073219017,0.00011904204253,9.1948513996e-05,0.00015245993436,0.00015716328155,9.5747330684e-05,0.00010832381786,0.000129415844,0.00077087561296,8.9737370909e-05,9.6127337886e-05,9.6304758901e-05,0.00013583733056
481.0,0.00012254600072,0.00010917748827,0.00010233369425,0.00013237811888,0.00012742838761,0.00015463949324,0.00011520940757,0.00010776246369,9.5133537085e-05,0.00015464032073,0.0001435489386,0.00010854960465,0.00014600646178,0.00010538602168,0.00015857284503,0.0001175696431,9.0978758375e-05,0.00015043593142,0.00015506231364,9.4691127049e-05,0.00010703437191,0.00012854665904,0.00076972996846,8.8856710124e-05,9.5317016499e-05,9.5237448756e-05,0.00013497976545
481.5,0.00012100869461,0.00010786653386,0.00010114329983,0.00013067781552,0.00012580998438,0.00015257360285,0.0001137953586,0.00010647608847,9.4330836417e-05,0.00015257441835,0.00014166487023,0.00010724957327,0.00014517348823,0.00010414137534,0.00015644254954,0.00011611579477,9.0019790088e-05,0.00014843890159,0.00015298949915,9.3647087356e-05,0.00010576068764,0.00012768448889,0.00076859122074,8.798532285e-05,9.4514325951e-05,9.4182475024e-05,0.00013412890328
482.0,0.00011949097459,0.0001065717133,9.9967194088e-05,0.00012899958439,0.00012421240328,0.0001505353814,0.00011239901638,0.00010520547133,9.3535698399e-05,0.00015053618507,0.00013980568311,0.00010596550852,0.00014434672846,0.00010291184818,0.00015434091237,0.00011468025961,8.9071483252e-05,0.00014646848404,0.00015094445991,9.2615065872e-05,0.00010450256747,0.0001268292691,0.00076745932238,8.7123105261e-05,9.3719187669e-05,9.3139689499e-05,0.00013328468358
482.5,0.00011799258736,0.00010529282334,9.8805200379e-05,0.00012734313598,0.00012263537299,0.00014852445738,0.00011102015489,0.00010395041444,9.2748045147e-05,0.0001485252494,0.00013797104665,0.00010469720956,0.00014352612785,0.00010169725158,0.00015226754743,0.00011326280282,8.8133713517e-05,0.00014452432279,0.00014892682286,9.1594918675e-05,0.00010325981637,0.00012598093586,0.00076633422634,8.6269954761e-05,9.2931523952e-05,9.210894582e-05,0.00013244704652
483.0,0.00011651328293,0.0001040296633,9.7657144313e-05,0.00012570818459,0.00012107862581,0.00014654046428,0.00010965855103,0.0001027107225,9.1967799641e-05,0.00014654124482,0.00013616063466,0.00010344447813,0.00014271163237,0.00010049739936,0.00015022207389,0.00011186319262,8.720635805e-05,0.00014260606664,0.00014693621994,9.058650363e-05,0.00010203224181,0.00012513942603,0.00076521588599,8.5425769967e-05,9.2151257963e-05,9.1090099447e-05,0.00013161593285
483.5,0.00011505281459,0.00010278203515,9.652285371e-05,0.00012409444834,0.00011954189757,0.00014458304054,0.00010831398462,0.00010148620272,9.1194885716e-05,0.00014458380975,0.00013437412535,0.00010220711852,0.0001419031885,9.931210771e-05,0.00014820411601,0.0001104812003,8.6289295513e-05,0.00014071336909,0.00014497228806,8.9589680366e-05,0.00010081965373,0.00012430467709,0.00076410425507,8.459045069e-05,9.1378313716e-05,9.008300764e-05,0.00013079128393
484.0,0.00011361093887,0.00010154974336,9.5402158582e-05,0.00012250164906,0.00011802492755,0.00014265182943,0.00010698623832,0.00010027666481,9.0429228052e-05,0.00014265258747,0.00013261120119,0.00010098493754,0.00014110074326,9.8141195158e-05,0.00014621330316,0.00010911660009,8.5382406044e-05,0.00013884588831,0.000143034669,8.8604310256e-05,9.9621864516e-05,0.00012347662717,0.00076299928773,8.3763897927e-05,9.0612616066e-05,8.9087529433e-05,0.0001299730417
484.5,0.00011218741549,0.00010033259493,9.4294891093e-05,0.00012092951227,0.00011652745851,0.00014074647905,0.00010567509763,9.9081920904e-05,8.9670752162e-05,0.00014074722608,0.00013087154891,9.9777744468e-05,0.00014030424421,9.6984482568e-05,0.00014424926967,0.00010776916919,8.448557124e-05,0.00013700328705,0.0001411230094,8.7630256391e-05,9.8438688941e-05,0.00012265521504,0.00076190093848,8.2946013841e-05,8.9854090703e-05,8.8103525612e-05,0.0001291611487
485.0,0.00011078200733,9.9130399364e-05,9.3200885544e-05,0.00011937776713,0.00011504923656,0.00013886664223,0.00010438035083,9.7901785542e-05,8.8919384387e-05,0.00013886737841,0.00012915485944,9.8585351053e-05,0.0001395136394,9.5841793085e-05,0.00014231165484,0.00010643868769,8.3598674138e-05,0.00013518523258,0.00013923696061,8.666738356e-05,9.7269944166e-05,0.00012184038005,0.00076080916221,8.2136701746e-05,8.9102664137e-05,8.7130858693e-05,0.00012835554803
485.5,0.00010939448037,9.7942968589e-05,9.2119978332e-05,0.00011784614638,0.00011359001119,0.00013701197646,0.00010310178897,9.6736075656e-05,8.8175051881e-05,0.00013701270195,0.00012746082781,9.7407571456e-05,0.00013872887742,9.4712952116e-05,0.0001404001028,0.00010512493856,8.2721599197e-05,0.00013339139666,0.0001373761787,8.571555823e-05,9.6115449693e-05,0.00012103206221,0.00075972391419,8.13358661e-05,8.835826369e-05,8.6169392901e-05,0.00012755618336
486.0,0.00010802460366,9.6770116966e-05,9.1052007935e-05,0.0001163343863,0.00011214953517,0.00013518214387,0.00010183920577,9.5584610522e-05,8.7437682602e-05,0.0001351828588,0.00012578915316,9.6244222225e-05,0.00013794990736,9.3597787296e-05,0.00013851426251,0.00010382770758,8.1854232277e-05,0.00013162145544,0.00013554032438,8.4774648518e-05,9.4975027336e-05,0.00012023020212,0.00075864515007,8.0543412482e-05,8.762081749e-05,8.5218994145e-05,0.00012676299895
486.5,0.00010667214927,9.561166124e-05,8.9996814876e-05,0.00011484222667,0.00011072756454,0.0001333768111,0.00010059239767,9.4447211735e-05,8.6707205306e-05,0.00013337751563,0.00012413953861,9.5095122266e-05,0.00013717667883,9.2496128459e-05,0.00013665378764,0.00010254678333,8.0996460627e-05,0.00012987508941,0.00013372906291,8.3844524178e-05,9.384850119e-05,0.00011943474097,0.00075757282584,7.9759247583e-05,8.6890254455e-05,8.4279529997e-05,0.00012597593958
487.0,0.00010533689228,9.4467420511e-05,8.8954241699e-05,0.0001133694107,0.00010932385855,0.00013159564929,9.9361163723e-05,9.3323703176e-05,8.5983549536e-05,0.00013159634358,0.00012251169128,9.3960092807e-05,0.0001364091419,9.1407807613e-05,0.00013481833656,0.00010128195714,8.0148172861e-05,0.00012815198336,0.00013194206404,8.2925056575e-05,9.2735697604e-05,0.00011864562056,0.00075650689787,7.8983279192e-05,8.6166504288e-05,8.3350869673e-05,0.00012519495063
487.5,0.00010401861069,9.3337216204e-05,8.7924132946e-05,0.000111915685,0.0001079381796,0.00012983833402,9.8145305615e-05,9.2213910985e-05,8.526664561e-05,0.0001298390182,0.00012090532218,9.2838957375e-05,0.00013564724717,9.0332658908e-05,0.00013300757222,0.00010003302306,7.9309258947e-05,0.00012645182631,0.00013017900201,8.2016118666e-05,9.1636445146e-05,0.00011786278327,0.0007554473229,7.821541618e-05,8.5449497469e-05,8.2432884011e-05,0.00012441997798
488.0,0.00010271708541,9.2220872039e-05,8.6906335124e-05,0.00011048079956,0.00010657029326,0.00012810454522,9.6944627585e-05,9.1117663529e-05,8.4556424616e-05,0.00012810521944,0.00011932014619,9.1731541758e-05,0.00013489094571,8.9270518608e-05,0.00013122116212,9.8799777818e-05,7.8479610185e-05,0.00012477431146,0.0001284395554,8.1117584978e-05,9.0550574583e-05,0.00011708617206,0.000754394058,7.7455568489e-05,8.4739165241e-05,8.152544545e-05,0.00012365096807
488.5,0.00010143210024,9.1118213999e-05,8.5900696687e-05,0.00010906450764,0.00010521996815,0.00012639396712,9.5758936419e-05,9.0034791373e-05,8.3852818399e-05,0.00012639463152,0.000117755882,9.063767398e-05,0.00013414018908,8.8221225066e-05,0.00012945877826,9.7582020783e-05,7.7659119192e-05,0.0001231191361,0.00012672340714,8.022933159e-05,8.9477918843e-05,0.00011631573048,0.00075334706062,7.6703647119e-05,8.4035439605e-05,8.0628428006e-05,0.00012288786788
489.0,0.0001001634418,9.0029070301e-05,8.4907068007e-05,0.00010766656578,0.00010388697596,0.00012470628822,9.4588041406e-05,8.8965127252e-05,8.3155759556e-05,0.00012470694294,0.00011621225204,8.9557184272e-05,0.0001333949293,8.7184618694e-05,0.00012772009706,9.6379553941e-05,7.6847679886e-05,0.00012148600161,0.00012503024442,7.9351236112e-05,8.841831299e-05,0.00011555140262,0.00075230628853,7.5959564113e-05,8.3338253309e-05,7.9741707259e-05,0.00012213062491
489.5,9.8910899485e-05,8.895327137e-05,8.3925301348e-05,0.00010628673375,0.00010257109137,0.0001230412012,9.3431754309e-05,8.7908506044e-05,8.2465181424e-05,0.00012304184638,0.00011468898248,8.848990504e-05,0.00013265511889,8.6160541938e-05,0.00012600479929,9.5192181851e-05,7.604518747e-05,0.00011987461336,0.00012335975864,7.8483177665e-05,8.7371594201e-05,0.00011479313317,0.00075127169986,7.5223232546e-05,8.2647539842e-05,7.8865160327e-05,0.00012137918719
490.0,9.7674265473e-05,8.7890649803e-05,8.2955250844e-05,0.00010492477449,0.00010127209203,0.00012139840287,9.228988933e-05,8.6864764739e-05,8.1781018073e-05,0.00012139903864,0.0001131858031,8.7435670838e-05,0.00013192071082,8.5148839251e-05,0.00012431257003,9.4019711614e-05,7.5251538413e-05,0.00011828468069,0.00012171164537,7.7625036865e-05,8.6337601729e-05,0.00011404086734,0.00075024325309,7.449456651e-05,8.196323342e-05,7.7998665848e-05,0.00012063350325
490.5,9.6453334648e-05,8.6841040347e-05,8.1996772472e-05,0.00010358045407,9.9989758513e-05,0.00011977759413,9.1162263077e-05,8.5833742412e-05,8.1103204298e-05,0.00011977822062,0.00011170244733,8.6394318342e-05,0.0001311916585,8.4149357066e-05,0.00012264309863,9.2861952836e-05,7.4466630436e-05,0.00011671591683,0.00012008560424,7.6776695798e-05,8.5316176883e-05,0.00011329455091,0.00074922090703,7.3773481105e-05,8.1285268984e-05,7.7142103962e-05,0.00011989352215
491.0,9.5247904582e-05,8.5804279869e-05,8.104972403e-05,0.00010225354165,9.872387429e-05,0.00011817847988,9.0048694536e-05,8.4815280198e-05,8.0431675607e-05,0.00011817909724,0.00011023865213,8.5365686318e-05,0.00013046791584,8.3161943769e-05,0.00012099607859,9.1718717603e-05,7.3690362498e-05,0.00011516803886,0.00011848133896,7.5938038006e-05,8.4307163e-05,0.0001125541302,0.00074820462083,7.3059892423e-05,8.0613582186e-05,7.629535629e-05,0.00011915919345
491.5,9.4057775491e-05,8.4780207327e-05,8.0113965115e-05,0.00010094380946,9.7474225669e-05,0.00011660076903,8.8949005036e-05,8.3809221262e-05,7.9766368216e-05,0.00011660137737,0.00010879415799,8.4349615598e-05,0.00012974943716,8.218644968e-05,0.00011937120757,9.0589820438e-05,7.2922634778e-05,0.00011364076764,0.00011689855721,7.5108948467e-05,8.3310405416e-05,0.00011181955207,0.00074719435396,7.2353717537e-05,7.9948109384e-05,7.5458305916e-05,0.00011843046721
492.0,9.2882750207e-05,8.3768663741e-05,7.9189357096e-05,9.9651032731e-05,9.6240601772e-05,0.00011504417437,8.786301822e-05,8.2815410775e-05,7.9107219042e-05,0.00011504477383,0.00010736870885,8.3345949052e-05,0.00012903617726,8.1222727018e-05,0.00011776818731,8.9475078278e-05,7.2163348657e-05,0.00011213382779,0.00011533697059,7.4289313577e-05,8.2325751441e-05,0.00011109076391,0.00074619006624,7.165487449e-05,7.9288787632e-05,7.4630837366e-05,0.00011770729399
492.5,9.172263414e-05,8.2769492173e-05,7.8275763091e-05,9.8374989656e-05,9.5022794493e-05,0.00011350841258,8.6790560014e-05,8.1833695887e-05,7.8454165688e-05,0.00011350900327,0.00010596205208,8.235453156e-05,0.00012832809136,8.0270629885e-05,0.00011618672355,8.8374310434e-05,7.1412406711e-05,0.00011064694764,0.00011379629461,7.347902113e-05,8.1353050334e-05,0.00011036771363,0.00074519171779,7.0963282283e-05,7.8635554674e-05,7.3812836596e-05,0.00011698962481
493.0,9.0577235242e-05,8.1782537691e-05,7.737304795e-05,9.711546137e-05,9.3820598463e-05,0.00011199320412,8.5731458597e-05,8.0863925699e-05,7.7807146444e-05,0.00011199378618,0.00010457393842,8.1375209989e-05,0.00012762513513,7.9330014234e-05,0.00011462652601,8.7287338566e-05,7.0669712688e-05,0.00010917985912,0.00011227624858,7.2677960302e-05,8.0392153278e-05,0.00010965034968,0.00074419926907,7.0278860862e-05,7.7988348933e-05,7.3004190965e-05,0.00011627741122
493.5,8.9446363976e-05,8.080764735e-05,7.6481078223e-05,9.5872231896e-05,9.2633811013e-05,0.00011049827323,8.4685544369e-05,7.9905951241e-05,7.7166100272e-05,0.00011049884679,0.00010320412191,8.0407833163e-05,0.00012692726465,7.8400737853e-05,0.00011308730834,8.621398665e-05,6.9935171497e-05,0.0001077322978,0.00011077655561,7.1886021634e-05,7.9442913353e-05,0.00010893862099,0.00074321268087,6.9601531107e-05,7.7347109505e-05,7.2204789223e-05,0.00011557060521
494.0,8.8329833283e-05,7.9844670162e-05,7.559972215e-05,9.4645088113e-05,9.1462232137e-05,0.00010902334787,8.3652649927e-05,7.8959625444e-05,7.6530966802e-05,0.00010902391304,0.00010185235991,7.9452251839e-05,0.00012623443646,7.7482660334e-05,0.00011156878803,8.5154080946e-05,6.9208689192e-05,0.00010630400278,0.00010929694252,7.1103097014e-05,7.8505185512e-05,0.00010823247705,0.00074223191427,6.893121482e-05,7.6711776149e-05,7.1414521493e-05,0.00011486915927
494.5,8.7227458548e-05,7.8893457072e-05,7.4728849626e-05,9.3433819712e-05,9.0305664456e-05,0.00010756815964,8.2632610033e-05,7.8024803118e-05,7.5901686321e-05,0.00010756871654,0.000100518413,7.8508318684e-05,0.00012554660749,7.6575643053e-05,0.00011007068638,8.4107449969e-05,6.8490172961e-05,0.00010489471665,0.0001078371398,7.0329079659e-05,7.7578826557e-05,0.0001075318678,0.00074125693069,6.8267834715e-05,7.6082289285e-05,7.0633279249e-05,0.00011417302634
495.0,8.6139057565e-05,7.7953860934e-05,7.3868332191e-05,9.2238219165e-05,8.9163913188e-05,0.00010613244376,8.1625261582e-05,7.7101340925e-05,7.5278199768e-05,0.00010613299251,9.9202044954e-05,7.7575888246e-05,0.00012486373511,7.5679549146e-05,0.00010859272846,8.3073924458e-05,6.7779531106e-05,0.00010350418545,0.0001063968816,6.9563864096e-05,7.6663695115e-05,0.00010683674371,0.00074028769183,6.7611314405e-05,7.5458589978e-05,6.9860955306e-05,0.00011348215984
495.5,8.5064450511e-05,7.7025736482e-05,7.3018043001e-05,9.1058081683e-05,8.8036786107e-05,0.000104715939,8.0630443581e-05,7.6189097354e-05,7.4660448727e-05,0.00010471647971,9.7903022691e-05,7.6654816933e-05,0.00012418577711,7.4794243487e-05,0.00010713464303,8.2053337349e-05,6.7076673034e-05,0.00010213215865,0.0001049759056,6.8807346153e-05,7.5759651614e-05,0.00010614705574,0.00073932415973,6.6961578394e-05,7.4840619937e-05,6.9097443796e-05,0.00011279651363
496.0,8.400345991e-05,7.6108940308e-05,7.2177856812e-05,8.9893205181e-05,8.6924093512e-05,0.00010331838765,7.9647997116e-05,7.5287932701e-05,7.4048375416e-05,0.00010331892044,9.6621116251e-05,7.5744962985e-05,0.00012351269165,7.3919592662e-05,0.00010569616253,8.1045523745e-05,6.6381509241e-05,0.00010077838906,0.00010357395304,6.8059422932e-05,7.4866558259e-05,0.00010546275534,0.00073836629671,6.6318552062e-05,7.4228321504e-05,6.8342640154e-05,0.00011211604203
496.5,8.2955910603e-05,7.520333084e-05,7.1347649956e-05,8.8743390242e-05,8.5825648194e-05,0.00010193953547,7.8677765326e-05,7.4397709042e-05,7.3441922683e-05,0.00010194006046,9.5356098735e-05,7.4846186456e-05,0.00012284443734,7.3055464952e-05,0.00010427702299,8.0050320887e-05,6.5693951299e-05,9.9442632805e-05,0.00010219076863,6.7319992804e-05,7.3984279009e-05,0.00010478379442,0.00073741406542,6.5682161658e-05,7.3621637649e-05,6.7596441103e-05,0.00011144069982
497.0,8.1921629717e-05,7.4308768314e-05,7.0527300321e-05,8.7608440083e-05,8.4741265403e-05,0.00010057913164,7.7719593377e-05,7.3518290211e-05,7.2841033996e-05,0.00010057964893,9.4107746272e-05,7.3958349183e-05,0.00012218097316,7.2201730309e-05,0.00010287696401,7.9067568125e-05,6.5013911842e-05,9.8124649289e-05,0.00010082610051,6.6588955381e-05,7.3112679555e-05,0.00010411012539,0.00073646742877,6.5052334288e-05,7.302051196e-05,6.6858744635e-05,0.00011077044222
497.5,8.0900446636e-05,7.3425114751e-05,6.9716687334e-05,8.6488160518e-05,8.3670762812e-05,9.9236928699e-05,7.6773328436e-05,7.2649541779e-05,7.2245653439e-05,9.9237438398e-05,9.2875837975e-05,7.3081314768e-05,0.0001215222585,7.135826033e-05,0.00010149572868,7.8097106893e-05,6.4341304553e-05,9.6824201134e-05,9.9479700228e-05,6.5866211511e-05,7.2251627296e-05,0.00010344170113,0.00073552634999,6.4428997902e-05,7.2424888639e-05,6.6129449997e-05,0.00011010522486
498.0,7.989219297e-05,7.2552233936e-05,6.8915691937e-05,8.5382359922e-05,8.2613960489e-05,9.7912682526e-05,7.5838819639e-05,7.1791331025e-05,7.1655725701e-05,9.7913184747e-05,9.1660155903e-05,7.2214948552e-05,0.00012086825315,7.0524928242e-05,0.00010013306359,7.7138780677e-05,6.3676044151e-05,9.5541054147e-05,9.815132265e-05,6.5151663255e-05,7.1400991319e-05,0.00010277847498,0.00073459079261,6.3812081289e-05,7.1834712492e-05,6.5408457673e-05,0.00010944500385
498.5,7.8896702526e-05,7.1689991394e-05,6.8124196569e-05,8.42908492e-05,8.1570680864e-05,9.6606152278e-05,7.4915918074e-05,7.0943526924e-05,7.1071196072e-05,9.6606647127e-05,9.0460485022e-05,7.1359117596e-05,0.00012021891726,6.9701608878e-05,9.8788718711e-05,7.6192434994e-05,6.3018046378e-05,9.4274977276e-05,9.6840725949e-05,6.4445213875e-05,7.0560642374e-05,0.00010212040073,0.00073366072044,6.3201514063e-05,7.1249928924e-05,6.469566937e-05,0.00010878973569
499.0,7.7913811279e-05,7.0838254365e-05,6.734208515e-05,8.3213441753e-05,8.0540748696e-05,9.5317100353e-05,7.4004476749e-05,7.0106000114e-05,7.0492010435e-05,9.5317587936e-05,8.9276613163e-05,7.0513690655e-05,0.0001195742114,6.8888178655e-05,9.7462447403e-05,7.5257917359e-05,6.2367227984e-05,9.3025742563e-05,9.5547671553e-05,6.3746767819e-05,6.9730452855e-05,0.00010146743265,0.00073273609758,6.2597226652e-05,7.067048393e-05,6.3990988001e-05,0.00010813937734
499.5,7.6943357341e-05,6.9996891787e-05,6.6569243055e-05,8.2149953443e-05,7.9523991044e-05,9.4045292341e-05,7.3104350567e-05,6.9278622883e-05,6.9918115259e-05,9.4045772762e-05,8.8108330988e-05,6.9678538155e-05,0.00011893409648,6.8084515556e-05,9.6154006346e-05,7.4335077263e-05,6.1723506721e-05,9.1793125109e-05,9.4271924095e-05,6.3056230703e-05,6.8910296777e-05,0.00010081952546,0.0007318168884,6.1999150292e-05,7.0096324091e-05,6.329431767e-05,0.00010749388615
500.0,7.5985180938e-05,6.9165774267e-05,6.5805557101e-05,8.1100202558e-05,7.8520237234e-05,9.2790496985e-05,7.2215396304e-05,6.8461269142e-05,6.9349457592e-05,9.2790970346e-05,8.6955431946e-05,6.8853532176e-05,0.00011829853381,6.7290499107e-05,9.4863155503e-05,7.3423766146e-05,6.1086801322e-05,9.0576903029e-05,9.3013251373e-05,6.23735093e-05,6.8100049756e-05,0.0001001766343,0.00073090305758,6.1407217014e-05,6.9527396565e-05,6.260556366e-05,0.00010685321989
