Time,C_B_target,CYP3A4_2_SOC,CYP3A4_3_SOC,CYP3A4_4_SOC,CYP3A4_5_SOC,CYP3A4_7_SOC,CYP3A4_8_SOC,CYP3A4_9_SOC,CYP3A4_10_SOC,CYP3A4_11_SOC,CYP3A4_12_SOC,CYP3A4_13_SOC,CYP3A4_14_SOC,CYP3A4_15_SOC,CYP3A4_16_SOC,CYP3A4_17_SOC,CYP3A4_18_SOC,CYP3A4_19_SOC,CYP3A4_20_SOC,CYP3A4_21_SOC,CYP3A4_23_SOC,CYP3A4_24_SOC,CYP3A4_28_SOC,CYP3A4_29_SOC,CYP3A4_31_SOC,CYP3A4_32_SOC,CYP3A4_33_SOC,CYP3A4_34_SOC
0.0,0.504,0.504,0.504,0.504,0.504,0.504,0.504,0.504,0.504,0.504,0.504,0.504,0.504,0.504,0.504,0.504,0.504,0.504,0.504,0.504,0.504,0.504,0.504,0.504,0.504,0.504,0.504,0.504
0.5,0.50332249671,0.50389971355,0.5038469627,0.50381059963,0.50392975405,0.50391531145,0.5039826336,0.50387297783,0.50384014348,0.50350262295,0.50398263524,0.50395835719,0.50384396673,0.50312548911,0.50382791652,0.50399046949,0.50388206986,0.50370642577,0.50397383821,0.50398349351,0.50375266687,0.503836514,0.50332249671,0.50188316167,0.5036367193,0.50350144812,0.50375775486,0.5032493345
1.0,0.50264589914,0.50379944706,0.50369397182,0.5036212704,0.5038595179,0.50383063711,0.5039652678,0.50374598764,0.50368033759,0.50300573641,0.50396527108,0.50391671782,0.50368798169,0.50225248987,0.50365589168,0.50398093916,0.50376416727,0.50341302223,0.50394767778,0.50396698756,0.50350545486,0.50367308096,0.50264589914,0.49977516976,0.50327369957,0.50300338821,0.50351562576,0.50249978141
1.5,0.5019702061,0.50369920051,0.50354102734,0.50343201226,0.50378929152,0.50374597699,0.5039479026,0.50361902943,0.50352058231,0.5025093399,0.50394790751,0.50387508188,0.50353204486,0.5013809997,0.50348392544,0.50397140901,0.50364629223,0.5031197893,0.5039215187,0.50395048216,0.50325836392,0.50350970086,0.5019702061,0.49767598765,0.50291094062,0.50250581978,0.50327361265,0.50175133911
2.0,0.50129541639,0.50359897391,0.50338812924,0.5032428252,0.50371907493,0.50366133107,0.503930538,0.50349210317,0.50336087763,0.50201343294,0.50393054454,0.50383344938,0.50337615623,0.500511016,0.5033120178,0.50396187904,0.50352844474,0.50282672686,0.50389536099,0.50393397729,0.50301139397,0.50334637368,0.50129541639,0.49558557891,0.50254844226,0.50200874235,0.50303171546,0.50100400596
2.5,0.50062152882,0.50349876724,0.50323527751,0.5030537092,0.50364886812,0.50357669937,0.50391317399,0.50336520888,0.50320122353,0.50151801505,0.50391318217,0.50379182032,0.50322031579,0.4996425362,0.50314016874,0.50395234925,0.50341062479,0.50253383482,0.50386920463,0.50391747296,0.50276454498,0.50318309939,0.50062152882,0.49350390723,0.50218620431,0.50151215543,0.50278993416,0.50025778034
3.0,0.4999485422,0.50339858052,0.50308247214,0.50286466421,0.50357867109,0.50349208187,0.50389581058,0.50323834653,0.50304161998,0.50102308574,0.5038958204,0.5037501947,0.50306452351,0.4987755577,0.50296837822,0.50394281964,0.50329283236,0.50224111309,0.50384304963,0.50390096918,0.50251781686,0.503019878,0.4999485422,0.49143093645,0.50182422659,0.50101605855,0.50254826867,0.49951266062
3.5,0.49927645533,0.50329841372,0.50292971311,0.50267569022,0.50350848384,0.50340747858,0.50387844778,0.50311151612,0.50288206699,0.50052864452,0.50387845923,0.5037085725,0.50290877939,0.49791007794,0.50279664624,0.50393329021,0.50317506747,0.50194856156,0.50381689598,0.50388446593,0.50227120958,0.50285670947,0.49927645533,0.48936663056,0.5014625089,0.50052045122,0.50230671895,0.49876864518
4.0,0.49860526702,0.50319826685,0.50277700042,0.5024867872,0.50343830637,0.50332288948,0.50386108557,0.50298471764,0.50272256453,0.50003469094,0.50386109865,0.50366695375,0.50275308341,0.49704609435,0.50262497276,0.50392376096,0.50305733009,0.50165618014,0.5037907437,0.50386796323,0.50202472306,0.5026935938,0.49860526702,0.4873109537,0.50110105106,0.50002533296,0.50206528493,0.4980257324
4.5,0.49793497609,0.5030981399,0.50262433404,0.50229795512,0.50336813868,0.50323831459,0.50384372395,0.50285795109,0.50256311258,0.49954122449,0.50384373868,0.50362533843,0.50259743556,0.49618360435,0.50245335779,0.50391423189,0.50293962022,0.50136396872,0.50376459277,0.50385146106,0.50177835725,0.50253053096,0.49793497609,0.48526387016,0.50073985289,0.4995307033,0.50182396657,0.49728392066
5.0,0.49726558135,0.50299803288,0.50247171395,0.50210919396,0.50329798076,0.50315375389,0.50382636294,0.50273121645,0.50240371113,0.4990482447,0.5038263793,0.50358372655,0.50244183581,0.49532260539,0.50228180128,0.503904703,0.50282193786,0.50107192721,0.50373844319,0.50383495944,0.50153211209,0.50236752093,0.49726558135,0.48322534436,0.50037891421,0.49903656175,0.50158276382,0.49654320835
5.5,0.49659708161,0.50289794576,0.50231914016,0.50192050369,0.50322783261,0.50306920739,0.50380900252,0.50260451372,0.50224436017,0.4985557511,0.50380902052,0.5035421181,0.50228628416,0.4944630949,0.50211030323,0.50389517429,0.50270428299,0.50078005551,0.50371229498,0.50381845836,0.50128598752,0.50220456371,0.49659708161,0.48119534088,0.50001823482,0.49854290783,0.5013416766,0.49580359385
6.0,0.4959294757,0.50279787856,0.50216661264,0.50173188428,0.50315769424,0.50298467508,0.5037916427,0.5024778429,0.50208505967,0.49806374319,0.50379166233,0.50350051308,0.50213078059,0.49360507034,0.50193886361,0.50388564577,0.50258665562,0.50048835351,0.50368614812,0.50380195781,0.50103998348,0.50204165927,0.4959294757,0.47917382442,0.49965781453,0.49804974106,0.50110070488,0.49506507555
6.5,0.49526276242,0.50269783127,0.50201413138,0.50154333571,0.50308756563,0.50290015696,0.50377428348,0.50235120396,0.50192580963,0.49757222052,0.50377430475,0.5034589115,0.50197532509,0.49274852915,0.50176748241,0.50387611742,0.50246905574,0.50019682114,0.50366000262,0.50378545781,0.50079409992,0.5018788076,0.49526276242,0.47716075985,0.49929765318,0.49755706097,0.50085984859,0.49432765184
7.0,0.4945969406,0.50259780388,0.50186169637,0.50135485795,0.5030174468,0.50281565302,0.50375692486,0.5022245969,0.50176661002,0.49708118259,0.50375694776,0.50341731335,0.50181991763,0.49189346878,0.5015961596,0.50386658925,0.50235148333,0.49990545827,0.50363385847,0.50376895835,0.50054833677,0.50171600867,0.4945969406,0.47515611217,0.49893775057,0.49706486708,0.50061910768,0.49359132113
7.5,0.49393200906,0.5024977964,0.50170930758,0.50116645097,0.50294733774,0.50273116328,0.50373956684,0.50209802173,0.50160746083,0.49659062893,0.50373959137,0.50337571864,0.50166455822,0.4910398867,0.50142489516,0.50385706126,0.5022339384,0.49961426483,0.50360771568,0.50375245942,0.50030269398,0.50155326248,0.49393200906,0.47315984652,0.49857810651,0.49657315891,0.50037848209,0.49285608179
8.0,0.49326796662,0.5023978088,0.50155696502,0.50097811475,0.50287723844,0.50264668771,0.50372220941,0.50197147842,0.50144836205,0.49610055906,0.50372223558,0.50333412735,0.50150924682,0.49018778037,0.50125368908,0.50384753345,0.50211642094,0.4993232407,0.50358157425,0.50373596104,0.50005717148,0.50139056901,0.49326796662,0.47117192819,0.49821872083,0.49608193598,0.50013797178,0.49212193224
8.5,0.49260481211,0.5022978411,0.50140466865,0.50078984925,0.50280714891,0.50256222632,0.50370485258,0.50184496696,0.50128931365,0.49561097251,0.50370488038,0.50329253951,0.50135398343,0.48933714726,0.50108254133,0.50383800582,0.50199893094,0.49903238579,0.50355543417,0.5037194632,0.49981176923,0.50122792823,0.49260481211,0.4691923226,0.49785959333,0.49559119782,0.49989757668,0.49138887087
9.0,0.49194254435,0.50219789329,0.50125241848,0.50060165447,0.50273706914,0.50247777911,0.50368749635,0.50171848737,0.50113031562,0.4951218688,0.50368752579,0.50325095509,0.50119876803,0.48848798483,0.5009114519,0.50382847838,0.50188146839,0.4987417,0.50352929546,0.5037029659,0.49956648715,0.50106534013,0.49194254435,0.46722099533,0.49750072384,0.49510094395,0.49965729674,0.49065689609
9.5,0.49128116217,0.50209796536,0.50110021448,0.50041353036,0.50266699913,0.50239334608,0.50367014072,0.50159203961,0.50097136795,0.49463324745,0.50367017179,0.50320937411,0.50104360061,0.48764029057,0.50074042076,0.50381895111,0.50176403329,0.49845118324,0.50350315809,0.50368646914,0.49932132519,0.5009028047,0.49128116217,0.46525791207,0.49714211216,0.4946111739,0.49941713191,0.4899260063
10.0,0.49062066439,0.50199805731,0.50094805664,0.5002254769,0.50259693889,0.50230892722,0.50365278569,0.50146562369,0.50081247062,0.49414510799,0.50365281839,0.50316779656,0.50088848115,0.48679406196,0.50056944789,0.50380942402,0.50164662563,0.4981608354,0.50347702209,0.50366997291,0.4990762833,0.50074032191,0.49062066439,0.46330303867,0.49678375813,0.49412188718,0.49917708212,0.48919619991
10.5,0.48996104985,0.50189816914,0.50079594495,0.50003749406,0.50252688841,0.50222452253,0.50363543125,0.5013392396,0.50065362362,0.49365744995,0.50363546558,0.50312622244,0.50073340964,0.48594929647,0.50039853328,0.50379989711,0.50152924541,0.4978706564,0.50345088744,0.50365347723,0.49883136141,0.50057789176,0.48996104985,0.46135634112,0.49642566154,0.49363308333,0.49893714734,0.48846747532
11.0,0.48930231738,0.50179830084,0.5006438794,0.49984958182,0.50245684768,0.50214013201,0.50361807741,0.50121288733,0.50049482692,0.49317027284,0.50361811338,0.50308465175,0.50057838606,0.4851059916,0.50022767691,0.50379037039,0.50141189261,0.49758064612,0.50342475414,0.50363698209,0.49858655947,0.50041551421,0.48930231738,0.45941778554,0.49606782222,0.49314476187,0.49869732749,0.48773983096
11.5,0.48864446581,0.50169845241,0.50049185996,0.49966174016,0.50238681671,0.50205575565,0.50360072417,0.50108656687,0.50033608052,0.49268357621,0.50360076177,0.5030430845,0.5004234104,0.48426414484,0.50005687875,0.50378084384,0.50129456724,0.49729080447,0.50339862221,0.50362048749,0.49834187741,0.50025318927,0.48864446581,0.4574873382,0.49571023999,0.49265692233,0.49845762253,0.48701326523
12.0,0.48798749398,0.50159862384,0.50033988663,0.49947396903,0.5023167955,0.50197139346,0.50358337153,0.50096027821,0.50017738439,0.49219735956,0.50358341076,0.50300152067,0.50026848264,0.48342375369,0.49988613879,0.50377131747,0.50117726928,0.49700113136,0.50337249163,0.50360399343,0.49809731519,0.5000909169,0.48798749398,0.45556496548,0.49535291466,0.49216956423,0.49821803241,0.48628777655
12.5,0.48733140072,0.50149881513,0.50018795939,0.49928626843,0.50224678405,0.50188704543,0.50356601948,0.50083402135,0.50001873853,0.49171162244,0.50356606035,0.50295996028,0.50011360277,0.48258481566,0.499715457,0.50376179129,0.50105999873,0.49671162669,0.5033463624,0.50358749991,0.49785287273,0.49992869709,0.48733140072,0.45365063393,0.49499584604,0.4916826871,0.49797855706,0.48556336335
13.0,0.48667618487,0.50139902628,0.50003607823,0.49909863832,0.50217678235,0.50180271155,0.50354866804,0.50070779628,0.49986014291,0.49122636437,0.50354871053,0.50291840331,0.49995877078,0.48174732823,0.49954483338,0.50375226528,0.50094275559,0.49642229035,0.50332023453,0.50357100693,0.49760854999,0.49976652983,0.48667618487,0.45174431021,0.49463903396,0.49119629047,0.49773919643,0.48484002404
13.5,0.48602184527,0.50129925728,0.49988424313,0.49891107867,0.50210679039,0.50171839184,0.50353131719,0.50058160299,0.49970159751,0.49074158487,0.50353136132,0.50287684978,0.49980398664,0.48091128893,0.49937426788,0.50374273945,0.50082553984,0.49613312226,0.50329410802,0.50355451449,0.49736434689,0.4996044151,0.48602184527,0.44984596113,0.49428247823,0.49071037386,0.49749995048,0.48411775704
14.0,0.48536838076,0.50119950813,0.49973245408,0.49872358947,0.50203680819,0.50163408628,0.50351396693,0.50045544147,0.49954310234,0.49025728348,0.5035140127,0.50283529967,0.49964925034,0.48007669528,0.49920376051,0.5037332138,0.50070835149,0.49584412231,0.50326798286,0.50353802259,0.4971202634,0.49944235288,0.48536838076,0.44795555363,0.49392617867,0.49022493682,0.49726081913,0.48339656079
14.5,0.48471579018,0.50109977882,0.49958071107,0.49853617067,0.50196683574,0.50154979486,0.50349661728,0.50032931171,0.49938465735,0.48977345972,0.50349666468,0.502793753,0.49949456188,0.47924354478,0.49903331123,0.50372368834,0.50059119051,0.49555529041,0.50324185906,0.50352153122,0.49687629944,0.49928034316,0.48471579018,0.44607305479,0.49357013509,0.48973997885,0.49702180235,0.4826764337
15.0,0.48406407238,0.50100006936,0.49942901408,0.49834882226,0.50189687304,0.5014655176,0.50347926822,0.50020321371,0.49922626255,0.48929011313,0.50347931725,0.50275220976,0.49933992123,0.47841183496,0.49886292003,0.50371416305,0.50047405692,0.49526662646,0.50321573661,0.5035050404,0.49663245496,0.49911838591,0.48406407238,0.44419843182,0.49321434732,0.4892554995,0.49678290007,0.48195737422
15.5,0.4834132262,0.50090037973,0.4992773631,0.49816154422,0.50182692009,0.50138125449,0.50346191977,0.50007714745,0.49906791792,0.48880724323,0.50346197042,0.50271066994,0.49918532838,0.47758156335,0.49869258688,0.50370463795,0.50035695069,0.49497813036,0.50318961552,0.50348855012,0.4963887299,0.49895648112,0.4834132262,0.44233165206,0.49285881517,0.48877149829,0.49654411224,0.48123938077
16.0,0.48276325049,0.50080070993,0.49912575811,0.4979743365,0.50175697687,0.50129700552,0.50344457191,0.49995111294,0.49890962344,0.48832484956,0.50344462419,0.50266913355,0.49903078331,0.47675272748,0.49852231178,0.50369511302,0.50023987184,0.49468980202,0.50316349579,0.50347206038,0.4961451242,0.49879462877,0.48276325049,0.44047268298,0.49250353845,0.48828797476,0.4963054388,0.48052245179
16.5,0.48211414409,0.50070105996,0.4989741991,0.49778719909,0.50168704341,0.50121277069,0.50342722464,0.49982511016,0.49875137909,0.48784293164,0.50342727856,0.50262760059,0.49887628602,0.47592532488,0.49835209469,0.50368558827,0.50012282034,0.49440164134,0.50313737741,0.50345557118,0.4959016378,0.49863282886,0.48211414409,0.43862149221,0.49214851699,0.48780492843,0.49606687971,0.47980658571
17.0,0.48146590586,0.50060142982,0.49882268606,0.49760013197,0.50161711968,0.50112855,0.50340987798,0.4996991391,0.49859318485,0.48736148901,0.50340993353,0.50258607106,0.49872183648,0.4750993531,0.49818193561,0.50367606371,0.50000579619,0.49411364821,0.50311126038,0.50343908252,0.49565827065,0.49847108135,0.48146590586,0.43677804746,0.4917937506,0.48732235883,0.4958284349,0.47909178098
17.5,0.48081853465,0.5005018195,0.49867121897,0.49741313509,0.5015472057,0.50104434345,0.50339253191,0.49957319976,0.49843504072,0.48688052119,0.50339258909,0.50254454496,0.49856743468,0.47427480967,0.4980118345,0.50366653932,0.49988879938,0.49382582255,0.50308514472,0.5034225944,0.49541502269,0.49830938623,0.48081853465,0.43494231663,0.49143923911,0.4868402655,0.49559010433,0.47837803603
18.0,0.48017202931,0.50040222899,0.49851979782,0.49722620845,0.50147730146,0.50096015103,0.50337518644,0.49944729212,0.49827694668,0.48640002773,0.50337524525,0.50250302228,0.49841308061,0.47345169215,0.49784179135,0.50365701511,0.49977182992,0.49353816426,0.5030590304,0.50340610682,0.49517189386,0.49814774349,0.48017202931,0.43311426771,0.49108498232,0.48635864798,0.49535188793,0.47766534931
18.5,0.47952638869,0.5003026583,0.49836842259,0.497039352,0.50140740695,0.50087597275,0.50335784156,0.49932141619,0.49811890271,0.48592000815,0.50335790201,0.50246150304,0.49825877425,0.47262999808,0.49767180614,0.50364749109,0.49965488779,0.49325067324,0.50303291744,0.50338961978,0.4949288841,0.49798615311,0.47952638869,0.43129386883,0.49073098006,0.48587750578,0.49511378566,0.47695371927
19.0,0.47888161165,0.50020310742,0.49821709327,0.49685256574,0.50133752218,0.5007918086,0.50334049729,0.49919557195,0.49796090879,0.48544046199,0.50334055936,0.50241998722,0.49810451558,0.47180972503,0.49750187885,0.50363796724,0.49953797299,0.49296334938,0.50300680584,0.50337313327,0.49468599335,0.49782461507,0.47888161165,0.42948108827,0.49037723215,0.48539683845,0.49487579745,0.47624314436
19.5,0.47823769704,0.50010357634,0.49806580985,0.49666584962,0.50126764715,0.50070765857,0.50332315361,0.49906975939,0.49780296491,0.48496138878,0.50332321732,0.50237847482,0.4979503046,0.47099087054,0.49733200946,0.50362844358,0.4994210855,0.49267619261,0.50298069559,0.50335664731,0.49444322156,0.49766312936,0.47823769704,0.4276758944,0.4900237384,0.48491664552,0.49463792326,0.47553362301
20.0,0.47759464373,0.50000406506,0.49791457232,0.49647920362,0.50119778185,0.50062352267,0.50330581053,0.49894397851,0.49764507106,0.48448278805,0.50330587587,0.50233696586,0.49779614129,0.4701734322,0.49716219795,0.50361892009,0.49930422534,0.49238920281,0.5029545867,0.50334016189,0.49420056866,0.49750169595,0.47759464373,0.42587825575,0.48967049864,0.48443692652,0.49440016304,0.4748251537
20.5,0.47695245058,0.49990457358,0.49776338065,0.49629262772,0.50112792629,0.5005394009,0.50328846805,0.4988182293,0.49748722721,0.48400465935,0.50328853501,0.50229546031,0.49764202562,0.46935740756,0.4969924443,0.50360939678,0.49918739247,0.4921023799,0.50292847916,0.50332367701,0.4939580346,0.49734031483,0.47695245058,0.42408814098,0.48931751267,0.48395768099,0.49416251672,0.47411773487
21.0,0.47631111644,0.49980510189,0.49761223484,0.49610612189,0.50105808046,0.50045529324,0.50327112616,0.49869251174,0.49732943335,0.48352700219,0.50327119476,0.5022539582,0.4974879576,0.46854279419,0.4968227485,0.50359987366,0.49907058691,0.49181572377,0.50290237298,0.50330719267,0.49371561933,0.49717898599,0.47631111644,0.42230551885,0.48896478033,0.48347890846,0.49392498425,0.47341136498
21.5,0.47567064018,0.49970564999,0.49746113487,0.4959196861,0.50098824435,0.5003711997,0.50325378487,0.49856682584,0.49717168947,0.48304981613,0.5032538551,0.50221245951,0.4973339372,0.46772958968,0.49665311051,0.50359035071,0.49895380865,0.49152923433,0.50287626815,0.50329070886,0.49347332277,0.49701770941,0.47567064018,0.42053035828,0.48861230143,0.48300060847,0.49368756558,0.47270604249
22.0,0.47503102067,0.49960621788,0.49731008072,0.49573332033,0.50091841798,0.50028712028,0.50323644418,0.49844117159,0.49701399555,0.48257310069,0.50323651604,0.50217096424,0.49717996441,0.4669177916,0.49648353033,0.50358082795,0.49883705767,0.49124291149,0.50285016467,0.5032742256,0.49323114489,0.49685648507,0.47503102067,0.4187626283,0.48826007578,0.48252278055,0.49345026065,0.47200176586
22.5,0.47439225676,0.49950680555,0.49715907239,0.49554702456,0.50084860133,0.50020305497,0.50321910409,0.49831554897,0.49685635157,0.48209685542,0.50321917757,0.5021294724,0.49702603921,0.46610739755,0.49631400793,0.50357130536,0.49872033398,0.49095675514,0.50282406256,0.50325774288,0.49298908561,0.49669531295,0.47439225676,0.41700229806,0.48790810321,0.48204542424,0.49321306941,0.47129853356
23.0,0.47375434733,0.499407413,0.49700810986,0.49536079874,0.50077879441,0.50011900378,0.5032017646,0.49818995798,0.49669875753,0.48162107985,0.50320183971,0.50208798399,0.49687216159,0.4652984051,0.4961445433,0.50356178296,0.49860363756,0.49067076519,0.50279796179,0.5032412607,0.49274714488,0.49653419303,0.47375434733,0.41524933685,0.48755638354,0.48156853907,0.49297599181,0.47059634405
23.5,0.47311729125,0.49930804022,0.49685719312,0.49517464287,0.50070899722,0.50003496669,0.5031844257,0.4980643986,0.49654121339,0.48114577351,0.50318450244,0.502046499,0.49671833154,0.46449081185,0.49597513641,0.50355226073,0.49848696841,0.49038494154,0.50277186238,0.50322477905,0.49250532264,0.49637312531,0.47311729125,0.41350371407,0.48720491659,0.48109212459,0.4927390278,0.4698951958
24.0,0.47248108739,0.49920868721,0.49670632214,0.49498855691,0.50063920975,0.49995094371,0.5031670874,0.49793887085,0.49638371915,0.48067093595,0.50316716576,0.50200501743,0.49656454903,0.4636846154,0.49580578724,0.50354273869,0.49837032652,0.4900992841,0.50274576432,0.50320829795,0.49226361883,0.49621210976,0.47248108739,0.41176539927,0.48685370217,0.48061618034,0.4925021773,0.46919508728
24.5,0.47184573461,0.49910935396,0.49655549693,0.49480254083,0.500569432,0.49986693483,0.50314974969,0.49781337469,0.4962262748,0.4801965667,0.50314982969,0.50196353929,0.49641081406,0.46287981334,0.49563649577,0.50353321682,0.49825371189,0.48981379277,0.50271966762,0.50319181738,0.4920220334,0.49605114637,0.47184573461,0.41003436209,0.48650274011,0.48014070584,0.49226544029,0.46849601696
25.0,0.47121123179,0.49901004048,0.49640471746,0.49461659462,0.50049966397,0.49978294006,0.50313241259,0.49768791013,0.49606888031,0.4797226653,0.50313249421,0.50192206457,0.49625712662,0.4620764033,0.49546726199,0.50352369514,0.49813712451,0.48952846745,0.50269357228,0.50317533736,0.49178056629,0.49589023512,0.47121123179,0.40831057233,0.48615203023,0.47966570063,0.49202881669,0.46779798332
25.5,0.47057757781,0.49891074675,0.49625398372,0.49443071823,0.50042990566,0.49969895938,0.50311507608,0.49756247717,0.49591153567,0.47924923129,0.50311515933,0.50188059328,0.49610348667,0.46127438286,0.49529808588,0.50351417363,0.49802056437,0.48924330805,0.50266747828,0.50315885787,0.49153921744,0.49572937598,0.47057757781,0.40659399988,0.48580157234,0.47919116427,0.49179230646,0.46710098484
26.0,0.46994477155,0.49881147278,0.49610329569,0.49424491166,0.50036015707,0.4996149928,0.50309774016,0.49743707578,0.49575424086,0.47877626421,0.50309782505,0.50183912541,0.49594989422,0.46047374965,0.49512896741,0.5035046523,0.49790403147,0.48895831448,0.50264138564,0.50314237893,0.4912979868,0.49556856896,0.46994477155,0.40488461479,0.48545136626,0.47871709628,0.49155590954,0.46640501999
26.5,0.46931281187,0.49871221856,0.49595265337,0.49405917487,0.5002904182,0.49953104032,0.50308040485,0.49731170596,0.49559699587,0.47830376361,0.50308049136,0.50179766096,0.49579634925,0.45967450129,0.49495990657,0.50349513116,0.49778752581,0.48867348662,0.50261529436,0.50312590052,0.4910568743,0.49540781402,0.46931281187,0.40318238718,0.48510141182,0.4782434962,0.49131962587,0.46571008726
27.0,0.46868169766,0.49861298408,0.49580205674,0.49387350783,0.50022068904,0.49944710193,0.50306307013,0.49718636771,0.49543980068,0.47783172901,0.50306315827,0.50175619993,0.49564285174,0.45887663539,0.49479090333,0.50348561019,0.49767104736,0.4883888244,0.50258920443,0.50310942266,0.49081587988,0.49524711116,0.46868169766,0.40148728735,0.48475170884,0.47777036358,0.49108345542,0.46501618513
27.5,0.4680514278,0.49851376935,0.49565150578,0.49368791052,0.5001509696,0.49936317763,0.50304573601,0.49706106102,0.49528265528,0.47736015997,0.50304582578,0.50171474233,0.49548940167,0.45808014958,0.49462195768,0.50347608941,0.49755459614,0.48810432771,0.50256311585,0.50309294533,0.4905750035,0.49508646035,0.4680514278,0.39979928568,0.48440225714,0.47729769796,0.49084739811,0.46432331208
28.0,0.46742200118,0.49841457435,0.49550100049,0.49350238292,0.50008125987,0.49927926742,0.50302840249,0.49693578588,0.49512555966,0.47688905601,0.50302849388,0.50167328815,0.49533599904,0.45728504149,0.4944530696,0.5034665688,0.49743817213,0.48781999646,0.50253702863,0.50307646854,0.49033424509,0.49492586158,0.46742200118,0.39811835269,0.48405305653,0.47682549888,0.49061145389,0.46363146661
28.5,0.46679341666,0.49831539909,0.49535054084,0.49331692499,0.50001155985,0.49919537129,0.50301106956,0.49681054227,0.49496851378,0.4764184167,0.50301116258,0.50163183739,0.49518264383,0.45649130875,0.49428423906,0.50345704838,0.49732177532,0.48753583056,0.50251094276,0.5030599923,0.49009360459,0.49476531483,0.46679341666,0.39644445902,0.48370410684,0.47635376587,0.49037562272,0.4629406472
29.0,0.46616567315,0.49821624356,0.49520012683,0.49313153671,0.49994186954,0.49911148925,0.50299373723,0.4966853302,0.49481151765,0.47594824156,0.50299383188,0.50159039005,0.49502933602,0.455698949,0.49411546606,0.50344752813,0.49720540572,0.48725182989,0.50248485824,0.50304351659,0.48985308195,0.49460482008,0.46616567315,0.39477757542,0.4833554079,0.47588249849,0.49013990454,0.46225085235
29.5,0.46553876953,0.49811710776,0.49504975843,0.49294621806,0.49987218893,0.49902762128,0.5029764055,0.49656014966,0.49465457124,0.47547853014,0.50297650178,0.50154894613,0.4948760756,0.45490795989,0.49394675056,0.50343800807,0.49708906331,0.48696799438,0.50245877508,0.50302704142,0.48961267712,0.49444437733,0.46553876953,0.39311767276,0.48300695951,0.47541169627,0.48990429929,0.46156208055
30.0,0.46491270468,0.49801799168,0.49489943564,0.49276096901,0.49980251804,0.4989437674,0.50295907437,0.49643500063,0.49449767454,0.47500928199,0.50295917227,0.50150750563,0.49472286256,0.45411833905,0.49377809255,0.50342848818,0.49697274808,0.48668432392,0.50243269327,0.50301056679,0.48937239002,0.49428398654,0.46491270468,0.39146472204,0.4826587615,0.47494135876,0.48966880693,0.4608743303
30.5,0.46428747749,0.49791889531,0.49474915844,0.49257578953,0.49973285685,0.49885992759,0.50294174383,0.49630988311,0.49434082753,0.47454049664,0.50294184336,0.50146606855,0.49456969687,0.45333008414,0.49360949201,0.50341896848,0.49685646003,0.48640081842,0.50240661282,0.5029940927,0.48913222061,0.49412364771,0.46428747749,0.38981869438,0.4823108137,0.4744714855,0.48943342739,0.46018760009
31.0,0.46366308686,0.49781981867,0.49459892683,0.49239067959,0.49966320537,0.49877610185,0.50292441389,0.4961847971,0.4941840302,0.47407217364,0.50292451504,0.5014246349,0.49441657853,0.4525431928,0.49344094892,0.50340944895,0.49674019916,0.48611747779,0.50238053372,0.50297761915,0.48889216883,0.49396336082,0.46366308686,0.38817956101,0.48196311592,0.47400207603,0.48919816063,0.45950188844
31.5,0.46303953167,0.49772076173,0.49444874077,0.49220563918,0.49959356359,0.49869229019,0.50290708455,0.49605974258,0.49402728253,0.47360431254,0.50290718733,0.50138320466,0.49426350752,0.45175766271,0.49327246326,0.50339992961,0.49662396546,0.48583430192,0.50235445597,0.50296114614,0.48865223461,0.49380312585,0.46303953167,0.38654729326,0.48161566798,0.4735331299,0.48896300658,0.45881719384
32.0,0.46241681082,0.4976217245,0.49429860027,0.49202066825,0.49952393151,0.49860849259,0.5028897558,0.49593471954,0.49387058451,0.47313691288,0.5028898602,0.50134177785,0.49411048383,0.45097349151,0.49310403502,0.50339041044,0.49650775892,0.48555129073,0.50232837957,0.50294467367,0.48841241792,0.49364294278,0.46241681082,0.38492186262,0.48126846971,0.47306464666,0.4887279652,0.45813351479
32.5,0.46179492321,0.49752270697,0.4941485053,0.4918357668,0.49945430913,0.49852470906,0.50287242765,0.49580972798,0.49371393611,0.47266997421,0.50287253368,0.50130035445,0.49395750744,0.45019067688,0.49293566416,0.50338089145,0.49639157953,0.48526844411,0.50230230453,0.50292820174,0.48817271867,0.4934828116,0.46179492321,0.38330324066,0.48092152093,0.47259662584,0.48849303643,0.45745084981
33.0,0.46117386772,0.49742370914,0.49399845586,0.49165093479,0.49938469646,0.4984409396,0.5028551001,0.49568476789,0.49355733733,0.47220349607,0.50285520775,0.50125893447,0.49380457833,0.44940921648,0.49276735068,0.50337137265,0.4962754273,0.48498576197,0.50227623084,0.50291173034,0.48793313683,0.49332273229,0.46117386772,0.38169139908,0.48057482147,0.472129067,0.48825822023,0.4567691974
33.5,0.46055364327,0.497324731,0.49384845193,0.49146617219,0.49931509348,0.49835718419,0.50283777314,0.49555983926,0.49340078815,0.47173747801,0.50283788242,0.50121751791,0.4936516965,0.44862910798,0.49259909455,0.50336185402,0.4961593022,0.48470324422,0.50225015851,0.50289525949,0.48769367232,0.49316270483,0.46055364327,0.38008630969,0.48022837113,0.47166196968,0.48802351653,0.45608855608
34.0,0.45993424875,0.49722577256,0.49369849349,0.49128147899,0.49924550019,0.49827344285,0.50282044678,0.49543494209,0.49324428855,0.47127191957,0.50282055769,0.50117610477,0.49349886192,0.44785034907,0.49243089575,0.50335233558,0.49604320424,0.48442089076,0.50222408753,0.50287878918,0.4874543251,0.49300272921,0.45993424875,0.37848794443,0.47988216975,0.47119533343,0.48778892528,0.45540892436
34.5,0.45931568305,0.49712683381,0.49354858054,0.49109685515,0.4991759166,0.49818971556,0.50280312102,0.49531007636,0.49308783852,0.47080682031,0.50280323355,0.50113469505,0.49334607459,0.44707293742,0.49226275427,0.50334281731,0.49592713341,0.4841387015,0.5021980179,0.5028623194,0.48721509511,0.49284280541,0.45931568305,0.37689627534,0.47953621715,0.47072915779,0.48755444642,0.45473030076
35.0,0.45869794509,0.49702791473,0.49339871305,0.49091230064,0.49910634271,0.49810600233,0.50278579586,0.49518524207,0.49293143804,0.47034217976,0.50278591001,0.50109328874,0.49319333449,0.44629687072,0.49209467008,0.50333329923,0.49581108971,0.48385667633,0.50217194962,0.50284585017,0.48697598229,0.49268293342,0.45869794509,0.37531127459,0.47919051314,0.47026344231,0.48732007992,0.45405268379
35.5,0.45808103376,0.49692901534,0.49324889102,0.49072781545,0.49903677851,0.49802230315,0.50276847129,0.49506043922,0.49277508709,0.46987799749,0.50276858707,0.50105188586,0.4930406416,0.44552214666,0.49192664317,0.50332378132,0.49569507312,0.48357481517,0.5021458827,0.50282938147,0.48673698657,0.49252311321,0.45808103376,0.37373291443,0.47884505756,0.46979818654,0.4870858257,0.45337607198
36.0,0.45746494796,0.49683013562,0.49309911442,0.49054339955,0.498967224,0.49793861802,0.50275114732,0.49493566778,0.49261878567,0.46941427303,0.50275126472,0.50101048639,0.49288799591,0.44474876293,0.49175867351,0.50331426359,0.49557908364,0.48329311793,0.50211981713,0.50281291331,0.48649810792,0.49236334477,0.45746494796,0.37216116727,0.47849985023,0.46933339003,0.48685168372,0.45270046384
36.5,0.45684968662,0.49673127558,0.49294938326,0.4903590529,0.49889767917,0.49785494694,0.50273382394,0.49481092776,0.49246253375,0.46895100594,0.50273394297,0.50096909034,0.49273539741,0.44397671723,0.49159076109,0.50330474605,0.49546312127,0.48301158449,0.50209375291,0.5027964457,0.48625934626,0.49220362809,0.45684968662,0.37059600559,0.47815489096,0.46886905232,0.48661765393,0.45202585791
37.0,0.45623524863,0.4966324352,0.49279969751,0.49017477549,0.49882814404,0.4977712899,0.50271650116,0.49468621914,0.49230633132,0.46848819576,0.50271662182,0.5009276977,0.49258284607,0.44320600725,0.49142290588,0.50329522868,0.495347186,0.48273021478,0.50206769004,0.50277997862,0.48602070154,0.49204396314,0.45623524863,0.36903740202,0.47781017958,0.46840517297,0.48638373627,0.45135225271
37.5,0.4556216329,0.49653361448,0.49265005715,0.48999056728,0.4987586186,0.49768764691,0.50269917898,0.49456154193,0.49215017836,0.46802584205,0.50269930127,0.50088630848,0.4924303419,0.44243663071,0.49125510788,0.5032857115,0.49523127781,0.4824490087,0.50204162853,0.50276351208,0.48578217371,0.49188434991,0.4556216329,0.36748532928,0.47746571591,0.46794175152,0.48614993069,0.45067964676
38.0,0.45500883835,0.49643481343,0.49250046219,0.48980642826,0.49868910284,0.49760401795,0.5026818574,0.4944368961,0.49199407486,0.46756394436,0.5026819813,0.50084492268,0.49227788486,0.44166858531,0.49108736705,0.50327619449,0.49511539672,0.48216796614,0.50201556837,0.50274704608,0.48554376271,0.49172478838,0.45500883835,0.36593976021,0.47712149979,0.46747878753,0.48591623713,0.45000803861
38.5,0.45439686388,0.49633603203,0.49235091259,0.4896223584,0.49861959676,0.49752040304,0.50266453641,0.49431228166,0.4918380208,0.46710250223,0.50266466194,0.5008035403,0.49212547495,0.44090186876,0.49091968338,0.50326667767,0.4949995427,0.48188708702,0.50198950956,0.50273058062,0.48530546847,0.49156527855,0.45439686388,0.36440066774,0.47677753102,0.46701628055,0.48568265554,0.44933742678
39.0,0.45378570841,0.49623727028,0.49220140836,0.48943835766,0.49855010037,0.49743680216,0.50264721602,0.49418769859,0.49168201617,0.46664151522,0.50264734317,0.50076216133,0.49197311215,0.44013647879,0.49075205684,0.50325716102,0.49488371576,0.48160637124,0.5019634521,0.5027141157,0.48506729095,0.49140582038,0.45378570841,0.36286802495,0.47643380943,0.46655423012,0.48544918587,0.44866780981
39.5,0.45317537085,0.49613852818,0.49205194946,0.48925442603,0.49848061366,0.49735321531,0.50262989623,0.49406314689,0.49152606095,0.46618098287,0.502630025,0.50072078577,0.49182079646,0.4393724131,0.49058448743,0.50324764455,0.49476791588,0.48132581871,0.501937396,0.50269765131,0.48482923008,0.49124641386,0.45317537085,0.36134180499,0.47609033485,0.46609263579,0.48521582806,0.44799918623
40.0,0.45256585013,0.49603980573,0.4919025359,0.48907056347,0.49841113663,0.4972696425,0.50261257703,0.49393862655,0.49137015512,0.46572090476,0.50261270743,0.50067941363,0.49166852784,0.43860966942,0.49041697512,0.50323812827,0.49465214306,0.48104542933,0.50191134125,0.50268118747,0.48459128581,0.49108705898,0.45256585013,0.35982198116,0.4757471071,0.46563149713,0.48498258207,0.44733155459
40.5,0.45195714515,0.49594110291,0.49175316766,0.48888676997,0.49834166928,0.49718608371,0.50259525843,0.49381413757,0.49121429868,0.46526128041,0.50259539045,0.50063804491,0.49151630629,0.43784824549,0.49024951989,0.50322861216,0.4945363973,0.48076520301,0.50188528785,0.50266472417,0.48435345809,0.49092775572,0.45195714515,0.35830852683,0.47540412601,0.46517081368,0.48474944783,0.44666491343
41.0,0.45134925484,0.49584241974,0.49160384472,0.4887030455,0.4982722116,0.49710253895,0.50257794043,0.49368967992,0.4910584916,0.46480210939,0.50257807407,0.5005966796,0.4913641318,0.43708813902,0.49008212172,0.50321909623,0.49442067859,0.48048513965,0.5018592358,0.5026482614,0.48411574685,0.49076850407,0.45134925484,0.35680141551,0.47506139139,0.46471058499,0.4845164253,0.44599926129
41.5,0.45074217812,0.49574375619,0.49145456707,0.48851939002,0.4982027636,0.49701900822,0.50256062302,0.49356525361,0.49090273386,0.46434339125,0.50256075829,0.5005553177,0.49121200435,0.43632934777,0.48991478059,0.50320958049,0.49430498691,0.48020523916,0.50183318511,0.50263179918,0.48387815204,0.490609304,0.45074217812,0.35530062081,0.47471890308,0.46425081062,0.48428351442,0.44533459671
42.0,0.4501359139,0.49564511227,0.49130533469,0.48833580352,0.49813332528,0.4969354915,0.50254330621,0.49344085863,0.49074702546,0.46388512555,0.5025434431,0.50051395922,0.49105992392,0.43557186946,0.48974749649,0.50320006492,0.49418932228,0.47992550144,0.50180713576,0.50261533749,0.4836406736,0.4904501555,0.4501359139,0.35380611642,0.47437666089,0.46379149013,0.48405071513,0.44467091825
42.5,0.44953046112,0.49554648798,0.49115614758,0.48815228597,0.49806389663,0.49685198881,0.50252598999,0.49331649497,0.49059136638,0.46342731184,0.50252612851,0.50047260415,0.49090789051,0.43481570185,0.48958026938,0.50319054953,0.49407368467,0.47964592641,0.50178108777,0.50259887634,0.48340331147,0.49029105855,0.44953046112,0.35231787619,0.47403466465,0.46333262305,0.4838180274,0.44400822446
43.0,0.4489258187,0.49544788331,0.49100700571,0.48796883734,0.49799447766,0.49676850013,0.50250867438,0.49319216262,0.4904357566,0.46296994967,0.50250881451,0.5004312525,0.49075590409,0.43406084267,0.48941309927,0.50318103433,0.49395807408,0.47936651396,0.50175504113,0.50258241573,0.48316606561,0.49013201314,0.4489258187,0.35083587404,0.47369291419,0.46287420896,0.48358545115,0.44334651388
43.5,0.44832198556,0.49534929825,0.49085790908,0.48778545761,0.49792506835,0.49668502547,0.50249135936,0.49306786157,0.4902801961,0.46251303859,0.50249150111,0.50038990426,0.49060396465,0.43330728968,0.48924598611,0.5031715193,0.49384249051,0.479087264,0.50172899584,0.50256595566,0.48292893595,0.48997301926,0.44832198556,0.349360084,0.47335140932,0.4624162474,0.48335298635,0.44268578507
44.0,0.44771896063,0.49525073281,0.49070885768,0.48760214675,0.49785566871,0.49660156482,0.50247404493,0.49294359182,0.49012468488,0.46205657818,0.50247418831,0.50034855943,0.49045207218,0.43255504064,0.48907892991,0.50316200445,0.49372693395,0.47880817643,0.5017029519,0.50254949613,0.48269192243,0.48981407687,0.44771896063,0.34789048022,0.47301014988,0.46195873793,0.48312063293,0.44202603659
44.5,0.44711674284,0.49515218698,0.49055985147,0.48741890474,0.49778627875,0.49651811818,0.5024567311,0.49281935336,0.48996922291,0.46160056797,0.50245687611,0.50030721801,0.49030022666,0.43180409329,0.48891193063,0.50315248979,0.49361140439,0.47852925117,0.50167690932,0.50253303714,0.482455025,0.48965518597,0.44711674284,0.34642703695,0.47266913569,0.46150168011,0.48288839084,0.441367267
45.0,0.44651533113,0.49505366075,0.49041089047,0.48723573154,0.49771689845,0.49643468555,0.50243941787,0.49269514618,0.48981381018,0.46114500753,0.5024395645,0.50026588001,0.49014842808,0.43105444541,0.48874498825,0.5031429753,0.49349590183,0.47825048812,0.50165086808,0.50251657868,0.4822182436,0.48949634654,0.44651533113,0.34496972854,0.47232836657,0.46104507348,0.48265626004,0.44070947485
45.5,0.44591472441,0.49495515412,0.49026197464,0.48705262714,0.49764752781,0.49635126693,0.50242210524,0.49257097027,0.48965844668,0.46068989641,0.50242225348,0.50022454542,0.48999667643,0.43030609476,0.48857810277,0.50313346099,0.49338042627,0.47797188719,0.5016248282,0.50250012077,0.48198157817,0.48933755856,0.44591472441,0.34351852946,0.47198784235,0.46058891762,0.48242424046,0.44005265871
46.0,0.44531492163,0.4948566671,0.49011310398,0.48686959151,0.49757816684,0.4962678623,0.5024047932,0.49244682563,0.48950313238,0.46023523418,0.50240494306,0.50018321424,0.48984497168,0.42955903911,0.48841127415,0.50312394686,0.49326497768,0.47769344827,0.50159878967,0.5024836634,0.48174502867,0.48917882202,0.44531492163,0.34207341427,0.47164756286,0.46013321207,0.48219233206,0.43939681715
46.5,0.44471592172,0.49475819966,0.48996427847,0.48668662462,0.49750881553,0.49618447168,0.50238748176,0.49232271225,0.48934786727,0.45978102038,0.50238763324,0.50014188647,0.48969331383,0.42881327623,0.48824450238,0.50311443292,0.49314955608,0.47741517128,0.50157275249,0.50246720656,0.48150859503,0.4890201369,0.44471592172,0.34063435763,0.47130752791,0.45967795639,0.48196053477,0.43874194873
47.0,0.44411772361,0.49465975181,0.4898154981,0.48650372644,0.49743947388,0.49610109505,0.50237017091,0.49219863011,0.48919265135,0.45932725459,0.50237032402,0.50010056212,0.48954170286,0.4280688039,0.48807778744,0.50310491915,0.49303416145,0.47713705613,0.50154671666,0.50245075026,0.48127227719,0.48886150319,0.44411772361,0.33920133433,0.47096773734,0.45922315014,0.48172884856,0.43808805202
47.5,0.44352032625,0.49456132355,0.48966676286,0.48632089696,0.4973701419,0.49601773243,0.50235286066,0.49207457922,0.48903748458,0.45887393634,0.50235301539,0.50005924117,0.48939013876,0.4273256199,0.48791112931,0.50309540556,0.49291879378,0.47685910271,0.50152068218,0.5024342945,0.4810360751,0.48870292086,0.44352032625,0.33777431923,0.47062819096,0.45876879288,0.48149727336,0.43743512558
48.0,0.44292372857,0.49446291488,0.48951807273,0.48613813614,0.49730081957,0.49593438379,0.50233555101,0.49195055956,0.48888236696,0.45842106522,0.50233570736,0.50001792364,0.48923862151,0.42658372202,0.48774452797,0.50308589215,0.49280345307,0.47658131094,0.50149464906,0.50241783928,0.4807999887,0.4885443899,0.44292372857,0.33635328732,0.47028888861,0.45831488417,0.48126580912,0.436783168
48.5,0.44232792951,0.49436452577,0.4893694277,0.48595544396,0.4972315069,0.49585104915,0.50231824195,0.49182657112,0.48872729847,0.45796864076,0.50231839992,0.49997660951,0.48908715109,0.42584310805,0.4875779834,0.50307637892,0.49268813932,0.47630368072,0.50146861728,0.5024013846,0.48056401794,0.48838591029,0.44232792951,0.33493821369,0.46994983012,0.45786142356,0.4810344558,0.43613217785
49.0,0.44173292801,0.49426615625,0.48922082775,0.48577282039,0.49716220388,0.49576772849,0.50230093349,0.4917026139,0.4885722791,0.45751666254,0.50230109308,0.4999352988,0.4889357275,0.42510377577,0.48741149559,0.50306686588,0.49257285252,0.47602621197,0.50144258686,0.50238493046,0.48032816276,0.48822748202,0.44173292801,0.33352907352,0.4696110153,0.45740841062,0.48080321333,0.43548215371
49.5,0.44113872301,0.49416780629,0.48907227287,0.48559026541,0.49709291053,0.49568442182,0.50228362563,0.4915786879,0.48841730883,0.45706513012,0.50228378684,0.4998939915,0.48878435072,0.42436572298,0.48724506451,0.50305735301,0.49245759265,0.47574890457,0.50141655778,0.50236847686,0.48009242311,0.48806910508,0.44113872301,0.33212584209,0.46927244398,0.4569558449,0.48057208166,0.43483309415
50.0,0.44054531347,0.4940694759,0.48892376305,0.48540777899,0.49702362682,0.49560112914,0.50226631836,0.49145479309,0.48826238764,0.45661404305,0.50226648119,0.4998526876,0.48863302073,0.42362894749,0.48707869014,0.50304784032,0.49234235972,0.47547175845,0.50139053006,0.50235202379,0.47985679891,0.48791077943,0.44054531347,0.33072849479,0.46893411599,0.45650372598,0.48034106075,0.43418499775
50.5,0.43995269832,0.49397116507,0.48877529827,0.48522536111,0.49695435277,0.49551785044,0.50224901169,0.49133092948,0.48810751552,0.4561634009,0.50224917614,0.49981138712,0.48848173752,0.4228934471,0.48691237247,0.50303832781,0.49222715372,0.4751947735,0.50136450369,0.50233557126,0.47962129013,0.48775250508,0.43995269832,0.32933700712,0.46859603116,0.45605205339,0.48011015053,0.43353786311
51.0,0.43936087651,0.4938728738,0.48862687853,0.48504301174,0.49688508836,0.49543458572,0.50223170561,0.49120709705,0.48795269245,0.45571320323,0.50223187168,0.49977009004,0.48833050108,0.42215921961,0.48674611147,0.50302881548,0.49211197464,0.47491794964,0.50133847867,0.50231911928,0.47938589671,0.48759428199,0.43936087651,0.32795135466,0.4682581893,0.45560082672,0.47987935096,0.4328916888
51.5,0.43876984699,0.49377460209,0.4884785038,0.48486073086,0.49681583361,0.49535133497,0.50221440013,0.49108329581,0.48779791842,0.4552634496,0.50221456782,0.49972879637,0.48817931138,0.42142626284,0.48657990713,0.50301930333,0.49199682247,0.47464128677,0.501312455,0.50230266783,0.47915061858,0.48743611016,0.43876984699,0.32657151311,0.46792059026,0.45515004552,0.47964866199,0.43224647341
52.0,0.43817960871,0.49367634992,0.48833017407,0.48467851843,0.4967465885,0.4952680982,0.50219709525,0.49095952573,0.48764319341,0.45481413958,0.50219726456,0.49968750611,0.48802816843,0.4206945746,0.48641375943,0.50300979136,0.49188169722,0.4743647848,0.50128643268,0.50228621692,0.4789154557,0.48727798957,0.43817960871,0.32519745826,0.46758323385,0.45469970935,0.47941808355,0.43160221553
52.5,0.43759016062,0.49357811731,0.48818188933,0.48449637443,0.49667735304,0.4951848754,0.50217979096,0.49083578682,0.48748851741,0.45436527272,0.50217996189,0.49964621926,0.48787707219,0.4199641527,0.48624766834,0.50300027957,0.49176659887,0.47408844363,0.50126041171,0.50226976655,0.478680408,0.48711992019,0.43759016062,0.32382916599,0.4672461199,0.45424981778,0.47918761561,0.43095891375
53.0,0.43700150168,0.49347990423,0.48803364957,0.48431429885,0.49660812723,0.49510166658,0.50216248727,0.49071207906,0.4873338904,0.45391684859,0.50216265982,0.49960493582,0.48772602267,0.41923499498,0.48608163386,0.50299076796,0.49165152741,0.47381226317,0.50123439209,0.50225331672,0.47844547542,0.48696190203,0.43700150168,0.3224666123,0.46690924824,0.45380037036,0.4789572581,0.43031656667
53.5,0.43641363083,0.49338171069,0.48788545477,0.48413229164,0.49653891106,0.49501847172,0.50214518418,0.49058840245,0.48717931237,0.45346886675,0.50214535834,0.49956365579,0.48757501983,0.41850709926,0.48591565595,0.50298125653,0.49153648285,0.47353624333,0.50120837382,0.50223686742,0.47821065793,0.48680393505,0.43641363083,0.32110977328,0.4665726187,0.45335136666,0.47872701097,0.42967517288
54.0,0.43582654703,0.49328353669,0.48773730491,0.4839503528,0.49646970453,0.49493529082,0.50212788168,0.49046475698,0.48702478329,0.45302132677,0.50212805746,0.49952237916,0.48742406368,0.41778046336,0.4857497346,0.50297174528,0.49142146517,0.47326038402,0.5011823569,0.50222041867,0.47797595545,0.48664601924,0.43582654703,0.31975862511,0.4662362311,0.45290280625,0.47849687417,0.42903473098
54.5,0.43524024924,0.49318538222,0.4875892,0.48376848228,0.49640050765,0.49485212389,0.50211057978,0.49034114264,0.48687030316,0.45257422821,0.50211075718,0.49948110594,0.48727315419,0.41705508512,0.4855838698,0.50296223421,0.49130647437,0.47298468514,0.50115634133,0.50220397045,0.47774136793,0.48648815458,0.43524024924,0.31841314407,0.46590008526,0.45245468869,0.47826684765,0.42839523957
55.0,0.43465473641,0.49308724728,0.48744114,0.48358668007,0.4963313204,0.49476897092,0.50209327847,0.49021755943,0.48671587197,0.45212757065,0.50209345749,0.49943983612,0.48712229134,0.41633096238,0.48541806151,0.50295272332,0.49119151044,0.47270914659,0.50113032711,0.50218752277,0.47750689531,0.48633034107,0.43465473641,0.31707330656,0.46556418103,0.45200701355,0.47803693136,0.42775669724
55.5,0.43407000751,0.49298913186,0.48729312491,0.48340494613,0.4962621428,0.49468583191,0.50207597776,0.49009400733,0.48656148968,0.45168135363,0.5020761584,0.49939856972,0.48697147514,0.41560809298,0.48525230973,0.50294321261,0.49107657338,0.4724337683,0.50110431424,0.50217107563,0.47727253754,0.48617257868,0.43407000751,0.31573908904,0.46522851821,0.45155978038,0.47780712524,0.42711910262
56.0,0.43348606149,0.49289103596,0.48714515471,0.48322328045,0.49619297483,0.49460270686,0.50205867764,0.48997048634,0.48640715629,0.45123557674,0.5020588599,0.49935730671,0.48682070556,0.41488647475,0.48508661443,0.50293370208,0.49096166317,0.47215855015,0.50107830272,0.50215462903,0.47703829457,0.48601486739,0.43348606149,0.3144104681,0.46489309665,0.45111298876,0.47757742924,0.42648245428
56.5,0.43290289732,0.49279295958,0.4869972294,0.483041683,0.49612381649,0.49451959575,0.50204137813,0.48984699645,0.48625287179,0.45079023953,0.502041562,0.49931604712,0.48666998258,0.41416610556,0.4849209756,0.50292419173,0.49084677982,0.47188349207,0.50105229255,0.50213818297,0.47680416633,0.48585720719,0.43290289732,0.31308742041,0.46455791617,0.45066663825,0.4773478433,0.42584675086
57.0,0.43232051396,0.49269490271,0.48684934895,0.48286015376,0.4960546678,0.4944364986,0.5020240792,0.48972353765,0.48609863615,0.45034534157,0.5020242647,0.49927479093,0.48651930619,0.41344698325,0.48475539321,0.50291468156,0.49073192332,0.47160859395,0.50102628373,0.50212173744,0.47657015278,0.48569959806,0.43232051396,0.31176992273,0.4642229766,0.45022072841,0.47711836739,0.42521199095
57.5,0.43173891038,0.49259686534,0.48670151335,0.48267869269,0.49598552873,0.4943534154,0.50200678088,0.48960010994,0.48594444937,0.44990088244,0.50200696799,0.49923353815,0.48636867639,0.41272910568,0.48458986724,0.50290517157,0.49061709365,0.47133385571,0.50100027626,0.50210529246,0.47633625385,0.48554203999,0.43173891038,0.31045795193,0.46388827776,0.44977525882,0.47688900143,0.42457817317
58.0,0.43115808553,0.49249884748,0.4865537226,0.48249729977,0.4959163993,0.49427034615,0.50198948315,0.4894767133,0.48579031142,0.44945686169,0.50198967187,0.49919228877,0.48621809315,0.4120124707,0.48442439769,0.50289566176,0.49050229082,0.47105927725,0.50097427014,0.50208884801,0.47610246948,0.48538453296,0.43115808553,0.30915148497,0.46355381948,0.44933022905,0.47665974539,0.42394529614
58.5,0.4305780384,0.49240084912,0.48640597667,0.48231597497,0.49584727949,0.49418729084,0.50197218601,0.48935334773,0.4856362223,0.44901327889,0.50197237636,0.49915104279,0.48606755645,0.41129707618,0.48425898452,0.50288615213,0.49038751482,0.47078485848,0.50094826537,0.5020724041,0.47586879963,0.48522707695,0.4305780384,0.30785049891,0.4632196016,0.44888563865,0.4764305992,0.42331335846
59.0,0.42999876793,0.49230287026,0.48625827555,0.48213471828,0.49577816932,0.49410424947,0.50195488947,0.48923001323,0.48548218198,0.44857013363,0.50195508144,0.49910980022,0.4859170663,0.41058291999,0.48409362772,0.50287664267,0.49027276564,0.47051059931,0.50092226195,0.50205596073,0.47563524424,0.48506967195,0.42999876793,0.30655497088,0.46288562393,0.44844148719,0.47620156282,0.42268235875
59.5,0.42942027312,0.49220491089,0.48611061923,0.48195352966,0.49570906877,0.49402122205,0.50193759353,0.48910670977,0.48532819045,0.44812742545,0.50193778711,0.49906856106,0.48576662266,0.40986999998,0.48392832727,0.5028671334,0.49015804328,0.47023649964,0.50089625988,0.5020395179,0.47540180325,0.48491231794,0.42942027312,0.30526487814,0.46255188632,0.44799777426,0.4759726362,0.42205229564
60.0,0.42884255292,0.49210697101,0.4859630077,0.48177240909,0.49563997786,0.49393820856,0.50192029818,0.48898343737,0.48517424769,0.44768515394,0.50192049338,0.49902732529,0.48561622553,0.40915831405,0.48376308315,0.50285762431,0.49004334772,0.46996255939,0.50087025915,0.50202307561,0.47516847661,0.4847550149,0.42884255292,0.30398019802,0.46221838858,0.44755449941,0.47574381928,0.42142316774
60.5,0.42826560631,0.49200905061,0.48581544094,0.48159135655,0.49557089656,0.493855209,0.50190300343,0.488860196,0.4850203537,0.44724331866,0.50190320025,0.49898609294,0.48546587489,0.40844786006,0.48359789534,0.5028481154,0.48992867897,0.46968877845,0.50084425978,0.50200663385,0.47493526425,0.48459776282,0.42826560631,0.30270090796,0.46188513054,0.44711166221,0.475515112,0.42079497369
61.0,0.42768943226,0.49191114969,0.48566791894,0.481410372,0.49550182489,0.49377222338,0.50188570928,0.48873698566,0.48486650845,0.44680191918,0.50188590771,0.49894486398,0.48531557073,0.4077386359,0.48343276382,0.50283860666,0.48981403701,0.46941515674,0.50081826176,0.50199019264,0.47470216613,0.48444056168,0.42768943226,0.30142698546,0.46155211204,0.44666926223,0.47528651433,0.42016771209
61.5,0.42711402975,0.49181326825,0.48552044168,0.48122945543,0.49543276285,0.49368925169,0.50186841572,0.48861380634,0.48471271193,0.44636095508,0.50186861576,0.49890363843,0.48516531303,0.40703063944,0.48326768857,0.50282909811,0.48969942185,0.46914169416,0.50079226508,0.50197375196,0.47446918218,0.48428341147,0.42711402975,0.30015840816,0.4612193329,0.44622729905,0.4750580262,0.4195413816
62.0,0.42653939776,0.49171540628,0.48537300915,0.4810486068,0.49536371042,0.49360629392,0.50185112275,0.48849065804,0.48455896412,0.44592042592,0.50185132442,0.49886241628,0.48501510179,0.40632386859,0.48310266958,0.50281958974,0.48958483347,0.46886839063,0.50076626976,0.50195731182,0.47423631236,0.48412631216,0.42653939776,0.29889515375,0.46088679296,0.44578577224,0.47482964756,0.41891598082
62.5,0.42596553526,0.49161756379,0.48522562134,0.4808678261,0.49529466761,0.49352335009,0.50183383039,0.48836754075,0.48440526501,0.44548033127,0.50183403366,0.49882119754,0.48486493697,0.40561832122,0.48293770683,0.50281008154,0.48947027187,0.46859524605,0.50074027578,0.50194087222,0.47400355661,0.48396926374,0.42596553526,0.29763720004,0.46055449203,0.44534468136,0.47460137836,0.4182915084
63.0,0.42539244124,0.49151974075,0.48507827823,0.48068711329,0.49522563443,0.49344042017,0.50181653861,0.48824445445,0.48425161458,0.44504067072,0.50181674351,0.49877998219,0.48471481858,0.40491399524,0.48277280029,0.50280057353,0.48935573704,0.46832226033,0.50071428315,0.50192443316,0.47377091486,0.4838122662,0.42539244124,0.29638452491,0.46022242996,0.44490402598,0.47437321855,0.41766796297
63.5,0.42482011466,0.49142193718,0.48493097982,0.48050646835,0.49515661086,0.49335750418,0.50179924744,0.48812139914,0.48409801282,0.44460144382,0.50179945395,0.49873877025,0.4845647466,0.40421088853,0.48260794994,0.5027910657,0.48924122897,0.46804943337,0.50068829187,0.50190799463,0.47353838708,0.48365531951,0.42482011466,0.29513710636,0.45989060656,0.44446380569,0.47414516808,0.41704534316
64.0,0.42424855452,0.49132415307,0.48478372608,0.48032589126,0.4950875969,0.4932746021,0.50178195686,0.48799837482,0.48394445971,0.44416265016,0.50178216498,0.49869756171,0.484414721,0.40350899902,0.48244315578,0.50278155804,0.48912674767,0.46777676509,0.50066230194,0.50189155664,0.47330597319,0.48349842367,0.42424855452,0.29389492244,0.45955902168,0.44402402005,0.47391722689,0.41642364761
64.5,0.4236777598,0.49122638841,0.48463651701,0.48014538199,0.49501859256,0.49319171395,0.50176466687,0.48787538148,0.48379095524,0.4437242893,0.50176487661,0.49865635657,0.48426474179,0.40280832459,0.48227841777,0.50277205057,0.48901229312,0.46750425539,0.50063631336,0.5018751192,0.47307367315,0.48334157866,0.4236777598,0.29265795133,0.45922767513,0.44358466863,0.47368939494,0.41580287496
65.0,0.42310772948,0.4911286432,0.48448935258,0.47996494051,0.49494959783,0.4931088397,0.50174737748,0.4877524191,0.48363749939,0.44328636083,0.50174758884,0.49861515483,0.48411480893,0.40210886316,0.4821137359,0.50276254327,0.48889786531,0.46723190418,0.50061032613,0.50185868229,0.47284148689,0.48318478445,0.42310772948,0.29142617128,0.45889656675,0.443145751,0.47346167216,0.41518302385
65.5,0.42253846255,0.49103091743,0.4843422328,0.4797845668,0.49488061272,0.49302597937,0.50173008869,0.48762948768,0.48348409215,0.44284886431,0.50173030166,0.4985739565,0.48396492243,0.40141061265,0.48194911015,0.50275303616,0.48878346425,0.46695971137,0.50058434024,0.50184224591,0.47260941437,0.48302804103,0.42253846255,0.29019956063,0.45856569637,0.44270726675,0.47323405852,0.41456409293
66.0,0.421969958,0.49093321111,0.48419515763,0.47960426084,0.49481163722,0.49294313295,0.50171280049,0.48750658721,0.4833307335,0.44241179931,0.50171301507,0.49853276156,0.48381508226,0.40071357096,0.48178454051,0.50274352922,0.48866908992,0.46668767686,0.50055835571,0.50182581008,0.47237745553,0.48287134839,0.421969958,0.28897809781,0.45823506382,0.44226921544,0.47300655395,0.41394608083
66.5,0.42140221481,0.49083552423,0.48404812708,0.47942402259,0.49474267132,0.49286030043,0.50169551289,0.48738371769,0.48317742342,0.44197516542,0.50169572908,0.49849157003,0.48366528841,0.40001773602,0.48162002694,0.50273402247,0.48855474231,0.46641580058,0.50053237252,0.50180937478,0.4721456103,0.48271470652,0.42140221481,0.28776176134,0.45790466893,0.44183159665,0.4727791584,0.41332898622
67.0,0.42083523197,0.49073785678,0.48390114112,0.47924385203,0.49467371503,0.49277748182,0.50167822588,0.48726087911,0.4830241619,0.44153896221,0.50167844369,0.49845038189,0.48351554087,0.39932310576,0.48145556944,0.50272451589,0.48844042143,0.46614408241,0.50050639068,0.50179294003,0.47191387865,0.48255811538,0.42083523197,0.28655052983,0.45757451153,0.44139440996,0.47255187183,0.41271280773
67.5,0.42026900848,0.49064020876,0.48375419974,0.47906374915,0.49460476835,0.49269467711,0.50166093947,0.48713807145,0.48287094893,0.44110318925,0.50166115889,0.49840919716,0.48336583962,0.39862967809,0.48129116798,0.5027150095,0.48832612727,0.46587252227,0.50048041019,0.50177650581,0.47168226051,0.48240157497,0.42026900848,0.28534438199,0.45724459144,0.44095765493,0.47232469418,0.41209754402
68.0,0.41970354333,0.49054258016,0.48360730293,0.4788837139,0.49453583128,0.49261188631,0.50164365365,0.48701529471,0.48271778448,0.44066784612,0.50164387469,0.49836801582,0.48321618465,0.39793745095,0.48112682255,0.50270550328,0.48821185981,0.46560112008,0.50045443105,0.50176007213,0.47145075582,0.48224508527,0.41970354333,0.28414329659,0.45691490851,0.44052133115,0.4720976254,0.41148319374
68.5,0.4191388355,0.49044497099,0.48346045068,0.47870374628,0.49446690381,0.4925291094,0.50162636843,0.48689254889,0.48256466855,0.4402329324,0.50162659109,0.49832683788,0.48306657594,0.39724642228,0.48096253312,0.50269599724,0.48809761906,0.46532987573,0.50042845326,0.50174363898,0.47121936453,0.48208864627,0.4191388355,0.28294725251,0.45658546256,0.44008543818,0.47187066543,0.41086975555
69.0,0.41857488401,0.49034738124,0.48331364297,0.47852384624,0.49439798594,0.49244634638,0.50160908381,0.48676983398,0.48241160112,0.43979844766,0.50160930807,0.49828566334,0.48291701348,0.39655659001,0.48079829969,0.50268649139,0.48798340501,0.46505878914,0.50040247681,0.50172720638,0.47098808659,0.48193225795,0.41857488401,0.28175622871,0.45625625341,0.43964997562,0.47164381423,0.4102572281
69.5,0.41801168783,0.49024981091,0.48316687979,0.47834401377,0.49432907767,0.49236359726,0.50159179978,0.48664714996,0.48225858217,0.43936439148,0.50159202566,0.49824449221,0.48276749725,0.39586795208,0.48063412221,0.50267698571,0.48786921764,0.46478786022,0.50037650171,0.50171077431,0.47075692194,0.48177592028,0.41801168783,0.28057020424,0.45592728091,0.43921494302,0.47141707174,0.40964561006
70.0,0.41744924598,0.49015225998,0.48302016112,0.47816424884,0.494260179,0.49228086203,0.50157451634,0.48652449683,0.48210561169,0.43893076345,0.50157474384,0.49820332446,0.48261802725,0.39518050644,0.48047000069,0.50266748021,0.48775505697,0.46451708887,0.50035052796,0.50169434278,0.47052587053,0.48161963326,0.41744924598,0.27938915823,0.45559854488,0.43878033998,0.47119043792,0.40903490008
70.5,0.41688755744,0.49005472846,0.48287348695,0.47798455142,0.49419128993,0.49219814069,0.50155723351,0.48640187458,0.48195268966,0.43849756312,0.50155746261,0.49816216012,0.48246860345,0.39449425103,0.4803059351,0.5026579749,0.48764092297,0.464246475,0.50032455556,0.50167791179,0.47029493229,0.48146339687,0.41688755744,0.27821306989,0.45527004516,0.43834616607,0.4709639127,0.40842509682
71.0,0.41632662123,0.48995721635,0.48272685728,0.4778049215,0.49412241046,0.49211543323,0.50153995126,0.48627928321,0.48179981607,0.4380647901,0.50154018198,0.49812099918,0.48231922584,0.3938091838,0.48014192542,0.50264846976,0.48752681564,0.46397601853,0.50029858451,0.50166148134,0.47006410718,0.4813072111,0.41632662123,0.27704191854,0.45494178156,0.43791242086,0.47073749605,0.40781619896
71.5,0.41576643633,0.48985972363,0.48258027207,0.47762535904,0.49405354058,0.49203273966,0.50152266962,0.48615672271,0.4816469909,0.43763244395,0.50152290195,0.49807984163,0.48216989442,0.39312530272,0.47997797163,0.5026389648,0.48741273497,0.46370571935,0.5002726148,0.50164505143,0.46983339514,0.48115107592,0.41576643633,0.27587568357,0.45461375394,0.43747910394,0.4705111879,0.40720820515
72.0,0.41520700176,0.48976225032,0.48243373133,0.47744586402,0.4939846803,0.49195005997,0.50150538856,0.48603419306,0.48149421414,0.43720052425,0.50150562251,0.49803868748,0.48202060915,0.39244260574,0.47981407372,0.50262946002,0.48729868097,0.46343557738,0.50024664644,0.50162862205,0.46960279611,0.48099499131,0.41520700176,0.27471434445,0.45428596211,0.43704621488,0.4702849882,0.40660111408
72.5,0.41464831652,0.48966479639,0.48228723504,0.47726643641,0.49391582961,0.49186739416,0.50148810811,0.48591169427,0.48134148577,0.43676903059,0.50148834366,0.49799753673,0.48187137004,0.39176109082,0.47965023166,0.50261995542,0.48718465362,0.46316559253,0.50022067943,0.50161219321,0.46937231004,0.48083895728,0.41464831652,0.27355788074,0.45395840592,0.43661375326,0.47005889691,0.4059949244
73.0,0.41409037961,0.48956736185,0.48214078318,0.47708707619,0.49384698852,0.49178474223,0.50147082824,0.48578922631,0.48118880577,0.43633796254,0.50147106541,0.49795638937,0.48172217706,0.39108075593,0.47948644543,0.502610451,0.48707065292,0.46289576471,0.50019471377,0.50159576491,0.46914193687,0.48068297379,0.41409037961,0.27240627209,0.45363108518,0.43618171867,0.46983291397,0.40538963479
73.5,0.41353319004,0.48946994669,0.48199437574,0.47690778334,0.49377815701,0.49170210417,0.50145354898,0.4856667892,0.48103617414,0.43590731969,0.50145378776,0.49791524541,0.4815730302,0.39040159904,0.47932271502,0.50260094676,0.48695667886,0.46262609383,0.50016874945,0.50157933715,0.46891167655,0.48052704083,0.41353319004,0.27125949822,0.45330399974,0.43575011068,0.46960703933,0.40478524392
74.0,0.41297674682,0.48937255092,0.48184801271,0.47672855782,0.49370933509,0.49161947998,0.50143627031,0.48554438291,0.48088359085,0.43547710161,0.5014365107,0.49787410484,0.48142392945,0.38972361811,0.47915904041,0.5025914427,0.48684273143,0.46235657978,0.50014278648,0.50156290992,0.46868152903,0.48037115838,0.41297674682,0.27011753895,0.45297714942,0.43531892888,0.46938127294,0.40418175048
74.5,0.41242104896,0.48927517452,0.48170169408,0.47654939962,0.49364052276,0.49153686966,0.50141899223,0.48542200744,0.48073105589,0.43504730789,0.50141923424,0.49783296768,0.48127487479,0.38904681112,0.47899542158,0.50258193882,0.48672881064,0.4620872225,0.50011682486,0.50154648324,0.46845149425,0.48021532643,0.41242104896,0.26898037418,0.45265053405,0.43488817284,0.46915561474,0.40357915313
75.0,0.41186609546,0.4891778175,0.48155541982,0.4763703087,0.49357172002,0.49145427321,0.50140171475,0.48529966279,0.48057856925,0.43461793811,0.50140195837,0.4977918339,0.48112586621,0.38837117606,0.4788318585,0.50257243512,0.48661491646,0.46181802187,0.50009086459,0.50153005709,0.46822157214,0.48005954497,0.41186609546,0.26784798388,0.45232415348,0.43445784214,0.46893006469,0.40297745057
75.5,0.41131188535,0.48908047984,0.48140918993,0.47619128505,0.49350292686,0.49137169063,0.50138443786,0.48517734894,0.4804261309,0.43418899185,0.50138468309,0.49775070353,0.48097690369,0.38769671091,0.47866835117,0.5025629316,0.4865010489,0.46154897782,0.50006490566,0.50151363148,0.46799176267,0.47990381397,0.41131188535,0.26672034812,0.45199800752,0.43402793637,0.46870462274,0.40237664147
76.0,0.41075841763,0.48898316155,0.48126300439,0.47601232864,0.49343414329,0.49128912191,0.50136716157,0.48505506589,0.48027374085,0.43376046869,0.50136740841,0.49770957654,0.48082798723,0.38702341365,0.47850489956,0.50255342826,0.48638720796,0.46128009025,0.50003894808,0.5014972064,0.46776206577,0.47974813342,0.41075841763,0.26559744704,0.45167209602,0.43359845512,0.46847928882,0.40177672451
76.5,0.41020569131,0.48888586262,0.4811168632,0.47583343943,0.4933653693,0.49120656705,0.50134988588,0.48493281362,0.48012139906,0.43333236822,0.50135013433,0.49766845296,0.4806791168,0.38635128227,0.47834150365,0.5025439251,0.48627339361,0.46101135907,0.50001299185,0.50148078187,0.46753248139,0.4795925033,0.41020569131,0.26447926086,0.45134641881,0.43316939795,0.4682540629,0.40117769839
77.0,0.40965370543,0.48878858304,0.48097076633,0.47565461741,0.49329660489,0.49112402604,0.50133261078,0.48481059214,0.47996910552,0.43290469003,0.50133286084,0.49762733276,0.48053029239,0.38568031476,0.47817816342,0.50253442212,0.48615960586,0.46074278419,0.49998703696,0.50146435787,0.46730300947,0.4794369236,0.40965370543,0.2633657699,0.45102097571,0.43274076446,0.46802894492,0.40057956178
77.5,0.40910245898,0.48869132282,0.48082471378,0.47547586256,0.49322785006,0.4910414989,0.50131533627,0.48468840143,0.47981686022,0.43247743368,0.50131558795,0.49758621596,0.48038151399,0.38501050913,0.47801487886,0.50252491932,0.48604584471,0.46047436552,0.49996108342,0.50144793441,0.46707364997,0.4792813943,0.40910245898,0.26225695454,0.45069576657,0.43231255423,0.46780393482,0.39998231339
78.0,0.40855195099,0.48859408195,0.48067870552,0.47529717484,0.49315910481,0.4909589856,0.50129806236,0.48456624149,0.47966466315,0.43205059878,0.50129831565,0.49754510256,0.48023278158,0.38434186337,0.47785164995,0.5025154167,0.48593211014,0.46020610296,0.49993513123,0.50143151149,0.46684440281,0.47912591538,0.40855195099,0.26115279525,0.45037079121,0.43188476684,0.46757903256,0.39938595189
78.5,0.40800218048,0.48849686043,0.48053274155,0.47511855423,0.49309036913,0.49087648616,0.50128078905,0.48444411231,0.47951251429,0.4316241849,0.50128104394,0.49750399255,0.48008409515,0.38367437548,0.47768847666,0.50250591425,0.48581840215,0.45993799644,0.49990918039,0.5014150891,0.46661526796,0.47897048683,0.40800218048,0.26005327259,0.45004604946,0.43145740188,0.46735423809,0.39879047599
79.0,0.40745314647,0.48839965824,0.48038682186,0.47494000071,0.49302164303,0.49079400057,0.50126351633,0.48432201388,0.47936041362,0.43119819164,0.50126377283,0.49746288593,0.47993545468,0.38300804347,0.47752535898,0.50249641199,0.48570472073,0.45967004586,0.49988323089,0.50139866726,0.46638624535,0.47881510863,0.40745314647,0.25895836719,0.44972154117,0.43103045893,0.46712955135,0.39819588438
79.5,0.40690484798,0.4883024754,0.48024094642,0.47476151425,0.49295292651,0.49071152882,0.50124624421,0.48419994619,0.47920836112,0.43077261856,0.50124650232,0.4974217827,0.47978686017,0.38234286535,0.47736229689,0.50248690991,0.48559106588,0.45940225112,0.49985728274,0.50138224595,0.46615733493,0.47865978077,0.40690484798,0.25786805975,0.44939726616,0.43060393758,0.46690497229,0.39760217576
80.0,0.40635728404,0.48820531188,0.48009511523,0.47458309482,0.49288421956,0.49062907092,0.50122897268,0.48407790923,0.47905635679,0.43034746527,0.5012292324,0.49738068287,0.4796383116,0.38167883914,0.47719929037,0.502477408,0.48547743759,0.45913461214,0.49983133593,0.50136582518,0.46592853664,0.47850450322,0.40635728404,0.25678233107,0.44907322426,0.43017783741,0.46668050087,0.39700934883
80.5,0.40581045367,0.4881081677,0.47994932828,0.47440474241,0.49281552218,0.49054662686,0.50121170174,0.483955903,0.47890440061,0.42992273134,0.50121196308,0.49733958643,0.47948980894,0.38101596284,0.47703633941,0.50246790628,0.48536383585,0.45886712882,0.49980539047,0.50134940494,0.46569985043,0.47834927598,0.40581045367,0.25570116202,0.44874941532,0.429752158,0.46645613702,0.39641740228
81.0,0.40526435589,0.48801104285,0.47980358554,0.47422645698,0.49274683437,0.49046419664,0.5011944314,0.48383392749,0.47875249256,0.42949841637,0.50119469435,0.49729849338,0.4793413522,0.38035423449,0.47687344397,0.50245840473,0.48525026066,0.45859980108,0.49977944636,0.50133298525,0.46547127625,0.47819409903,0.40526435589,0.25462453355,0.44842583915,0.42932689895,0.46623188071,0.39582633483
81.5,0.40471898974,0.48791393732,0.47965788701,0.47404823851,0.49267815613,0.49038178026,0.50117716166,0.4837119827,0.47860063262,0.42907451994,0.50117742621,0.49725740373,0.47919294134,0.3796936521,0.47671060405,0.50244890337,0.48513671202,0.45833262883,0.49975350359,0.50131656609,0.46524281404,0.47803897235,0.40471898974,0.25355242668,0.44810249561,0.42890205984,0.46600773187,0.39523614517
82.0,0.40417435424,0.4878168511,0.47951223267,0.47387008698,0.49260948746,0.49029937771,0.50115989251,0.48359006861,0.47844882079,0.42865104164,0.50116015867,0.49721631746,0.47904457637,0.3790342137,0.47654781962,0.50243940218,0.48502318991,0.45806561198,0.49972756217,0.50130014747,0.46501446375,0.47788389592,0.40417435424,0.25248482253,0.44777938451,0.42847764026,0.46578369046,0.39464683201
82.5,0.40363044842,0.4877197842,0.47936662252,0.47369200235,0.49254082835,0.490216989,0.50114262395,0.48346818521,0.47829705704,0.42822798106,0.50114289172,0.49717523459,0.47889625727,0.37837591733,0.47638509068,0.50242990118,0.48490969433,0.45779875043,0.4997016221,0.50128372938,0.46478622532,0.47772886972,0.40363044842,0.25142170228,0.44745650571,0.42805363979,0.46555975642,0.39405839407
83.0,0.40308727132,0.48762273662,0.47922105652,0.47351398461,0.49247217881,0.49013461412,0.50112535599,0.48334633251,0.47814534137,0.42780533778,0.50112562537,0.49713415511,0.47874798401,0.377718761,0.47622241718,0.50242040035,0.48479622527,0.4575320441,0.49967568337,0.50126731184,0.4645580987,0.47757389375,0.40308727132,0.25036304719,0.44713385902,0.42763005803,0.46533592971,0.39347083005
83.5,0.40254482196,0.48752570834,0.47907553469,0.47333603373,0.49240353883,0.49005225306,0.50110808863,0.48322451048,0.47799367375,0.42738311139,0.50110835962,0.49709307902,0.4785997566,0.37706274277,0.47605979913,0.50241089971,0.48468278273,0.45726549289,0.49964974599,0.50125089483,0.46433008382,0.47741896799,0.40254482196,0.2493088386,0.44681144428,0.42720689455,0.46511221027,0.39288413866
84.0,0.40200309938,0.48742869936,0.47893005699,0.47315814969,0.49233490842,0.48996990583,0.50109082186,0.48310271913,0.47784205417,0.42696130149,0.50109109446,0.49705200632,0.478451575,0.37640786067,0.4758972365,0.50240139924,0.4845693667,0.45699909672,0.49962380996,0.50123447836,0.46410218065,0.47726409241,0.40200309938,0.24825905794,0.44648926133,0.42678414896,0.46488859805,0.39229831862
84.5,0.40146210261,0.48733170968,0.47878462341,0.47298033246,0.49226628757,0.48988757242,0.50107355568,0.48298095844,0.47769048262,0.42653990767,0.50107382989,0.49701093701,0.47830343922,0.37575411275,0.47573472927,0.50239189895,0.48445597717,0.45673285549,0.49959787527,0.50121806243,0.46387438912,0.47710926701,0.40146210261,0.24721368668,0.44616731,0.42636182083,0.46466509301,0.39171336864
85.0,0.40092183069,0.4872347393,0.47863923395,0.47280258201,0.49219767627,0.48980525284,0.5010562901,0.48285922842,0.47753895908,0.4261189295,0.50105656592,0.49696987109,0.47815534923,0.37510149705,0.47557227742,0.50238239885,0.48434261415,0.45646676913,0.49957194192,0.50120164703,0.46364670918,0.47695449176,0.40092183069,0.24617270641,0.44584559013,0.42593990977,0.46444169508,0.39112928745
85.5,0.40038228266,0.48713778821,0.47849388859,0.47262489832,0.49212907454,0.48972294707,0.50103902512,0.48273752904,0.47738748354,0.42569836659,0.50103930254,0.49692880856,0.47800730502,0.37445001162,0.47540988093,0.50237289892,0.48422927761,0.45620083753,0.49954600993,0.50118523218,0.46341914077,0.47679976665,0.40038228266,0.24513609878,0.44552410154,0.42551841535,0.46421840423,0.39054607376
86.0,0.39984345756,0.48704085641,0.47834858732,0.47244728136,0.49206048236,0.48964065512,0.50102176073,0.4826158603,0.47723605597,0.42527821853,0.50102203976,0.49688774942,0.47785930658,0.37379965452,0.47524753979,0.50236339917,0.48411596757,0.4559350606,0.49952007928,0.50116881786,0.46319168384,0.47664509167,0.39984345756,0.2441038455,0.44520284409,0.42509733717,0.46399522039,0.38996372629
86.5,0.39930535442,0.48694394389,0.47820333011,0.47226973111,0.49199189974,0.48955837699,0.50100449693,0.4824942222,0.47708467637,0.4248584849,0.50100477757,0.49684669366,0.4777113539,0.3731504238,0.47508525397,0.5023538996,0.484002684,0.45566943827,0.49949414997,0.50115240407,0.46296433834,0.4764904668,0.39930535442,0.24307592837,0.44488181759,0.42467667482,0.46377214351,0.38938224377
87.0,0.39876797229,0.48684705065,0.47805811697,0.47209224755,0.49192332667,0.48947611266,0.50098723373,0.48237261473,0.47693334472,0.42443916529,0.50098751598,0.4968056413,0.47756344695,0.37250231753,0.47492302346,0.50234440021,0.4838894269,0.45540397043,0.49946822201,0.50113599083,0.46273710421,0.47633589201,0.39876797229,0.24205232927,0.44456102189,0.42425642788,0.46354917356,0.38880162493
87.5,0.3982313102,0.48675017669,0.47791294787,0.47191483065,0.49185476316,0.48939386215,0.50096997113,0.48225103788,0.47678206101,0.42402025931,0.50097025498,0.49676459233,0.47741558572,0.37185533376,0.47476084824,0.502334901,0.48377619628,0.455138657,0.49944229539,0.50111957812,0.4625099814,0.47618136731,0.3982313102,0.24103303015,0.44424045682,0.42383659596,0.46332631047,0.38822186848
88.0,0.39769536721,0.486653322,0.47776782281,0.47173748038,0.4917862092,0.48931162544,0.50095270911,0.48212949164,0.47663082522,0.42360176654,0.50095299457,0.49672354674,0.47726777021,0.37120947056,0.47459872829,0.50232540197,0.48366299212,0.45487349789,0.49941637012,0.50110316595,0.46228296985,0.47602689266,0.39769536721,0.24001801303,0.44392012221,0.42341717865,0.46310355419,0.38764297317
88.5,0.39716014236,0.48655648658,0.47762274176,0.47156019673,0.49171766479,0.48922940254,0.5009354477,0.482007976,0.47647963733,0.42318368657,0.50093573476,0.49668250454,0.4771200004,0.37056472601,0.47443666359,0.50231590312,0.48354981441,0.454608493,0.4993904462,0.50108675432,0.4620560695,0.47587246806,0.39716014236,0.23900726001,0.4436000179,0.42299817553,0.46288090468,0.38706493771
89.0,0.3966256347,0.48645967043,0.47747770472,0.47138297965,0.49164912993,0.48914719344,0.50091818687,0.48188649096,0.47632849733,0.42276601901,0.50091847555,0.49664146573,0.47697227626,0.36992109817,0.47427465412,0.50230640445,0.48343666315,0.45434364226,0.49936452362,0.50107034322,0.46182928032,0.47571809348,0.3966256347,0.23800075327,0.44328014373,0.42257958619,0.46265836188,0.38648776085
89.5,0.39609184326,0.48636287353,0.47733271168,0.47120582914,0.49158060461,0.48906499815,0.50090092665,0.48176503651,0.4761774052,0.42234876343,0.50090121693,0.49660043031,0.4768245978,0.36927858513,0.47411269986,0.50229690596,0.48332353833,0.45407894557,0.49933860239,0.50105393266,0.46160260223,0.47556376891,0.39609184326,0.23699847504,0.44296049954,0.42216141024,0.46243592574,0.38591144132
90.0,0.3955587671,0.4862660959,0.47718776261,0.47102874516,0.49151208884,0.48898281665,0.50088366701,0.48164361264,0.47602636093,0.42193191944,0.5008839589,0.49655939827,0.47667696498,0.36863718496,0.4739508008,0.50228740765,0.48321043995,0.45381440284,0.4993126825,0.50103752264,0.46137603518,0.47540949434,0.3955587671,0.23600040765,0.44264108514,0.42174364726,0.46221359621,0.38533597785
90.5,0.39502640528,0.48616933752,0.47704285751,0.47085172769,0.49144358262,0.48890064894,0.50086640798,0.48152221934,0.47587536451,0.42151548663,0.50086670147,0.49651836963,0.47652937781,0.36799689575,0.47378895692,0.50227790952,0.483097368,0.45355001398,0.49928676396,0.50102111316,0.46114957913,0.47525526975,0.39502640528,0.23500653349,0.4423219004,0.42132629685,0.46199137324,0.38476136918
91.0,0.39449475683,0.48607259838,0.47689799636,0.4706747767,0.49137508594,0.48881849503,0.50084914953,0.48140085661,0.47572441592,0.4210994646,0.50084944463,0.49647734436,0.47638183627,0.36735771558,0.47362716819,0.50226841157,0.48298432248,0.4532857789,0.49926084676,0.50100470421,0.46092323402,0.47510109512,0.39449475683,0.23401683503,0.44200294513,0.42090935861,0.46176925678,0.38418761405
91.5,0.39396382082,0.4859758785,0.47675317915,0.47049789218,0.49130659881,0.48873635491,0.50083189168,0.48127952443,0.47557351514,0.42068385293,0.50083218839,0.49643632249,0.47623434033,0.36671964254,0.4734654346,0.50225891379,0.48287130338,0.45302169752,0.4992349309,0.5009882958,0.46069699979,0.47494697044,0.39396382082,0.2330312948,0.44168421917,0.42049283212,0.46154724678,0.38361471121
92.0,0.3934335963,0.48587917785,0.47660840587,0.47032107409,0.49123812121,0.48865422858,0.50081463443,0.48115822281,0.47542266216,0.42026865123,0.50081493274,0.496395304,0.47608689,0.36608267473,0.47330375613,0.5022494162,0.48275831068,0.45275776974,0.49920901639,0.50097188793,0.46047087639,0.47479289568,0.3934335963,0.23204989542,0.44136572237,0.42007671698,0.46132534319,0.3830426594
92.5,0.39290408231,0.48578249644,0.4764636765,0.47014432241,0.49116965316,0.48857211603,0.50079737777,0.48103695173,0.47527185697,0.4198538591,0.50079767769,0.49635428889,0.47593948525,0.36544681024,0.47314213276,0.50223991879,0.4826453444,0.45249399547,0.49918310323,0.5009554806,0.46024486376,0.47463887084,0.39290408231,0.23107261957,0.44104745456,0.41966101279,0.46110354595,0.38247145736
93.0,0.39237527793,0.48568583427,0.47631899103,0.46996763711,0.49110119464,0.48849001727,0.5007801217,0.48091571118,0.47512109954,0.41943947612,0.50078042323,0.49631327718,0.47579212607,0.36481204717,0.47298056447,0.50223042155,0.48253240451,0.45223037463,0.49915719141,0.5009390738,0.46001896185,0.4744848959,0.39237527793,0.23009945,0.44072941556,0.41924571914,0.46088185502,0.38190110384
93.5,0.3918471822,0.48558919133,0.47617434945,0.46979101817,0.49103274566,0.4884079323,0.50076286623,0.48079450117,0.47497038986,0.4190255019,0.50076316936,0.49627226884,0.47564481244,0.36417838363,0.47281905125,0.5022209245,0.48241949102,0.45196690713,0.49913128094,0.50092266754,0.45979317061,0.47433097084,0.3918471822,0.22913036955,0.44041160523,0.41883083564,0.46066027035,0.3813315976
94.0,0.39131979418,0.48549256761,0.47602975174,0.46961446557,0.49096430622,0.4883258611,0.50074561135,0.48067332167,0.47481972793,0.41861193603,0.50074591609,0.4962312639,0.47549754436,0.36354581771,0.47265759307,0.50221142762,0.48230660391,0.45170359288,0.49910537181,0.50090626182,0.45956748998,0.47417709565,0.39131979418,0.2281653611,0.4400940234,0.41841636187,0.46043879188,0.38076293737
94.5,0.39079311294,0.48539596312,0.47588519788,0.46943797928,0.49089587631,0.48824380368,0.50072835707,0.48055217268,0.47466911372,0.41819877811,0.50072866341,0.49619026233,0.4753503218,0.36291434754,0.47249618991,0.50220193093,0.48219374319,0.45144043179,0.49907946402,0.50088985663,0.45934191992,0.47402327031,0.39079311294,0.22720440762,0.43977666989,0.41800229743,0.46021741956,0.38019512192
95.0,0.39026713753,0.48529937785,0.47574068788,0.46926155928,0.49082745593,0.48816176003,0.50071110338,0.4804310542,0.47451854721,0.41778602774,0.50071141133,0.49614926415,0.47520314476,0.36228397121,0.47233484177,0.50219243441,0.48208090884,0.45117742377,0.49905355758,0.50087345199,0.45911646035,0.4738694948,0.39026713753,0.22624749216,0.43945954456,0.41758864192,0.45999615336,0.37962815
95.5,0.38974186701,0.48520281179,0.47559622171,0.46908520553,0.49075904509,0.48807973015,0.50069385029,0.48030996621,0.4743680284,0.41737368452,0.50069415984,0.49610826936,0.47505601322,0.36165468686,0.47217354861,0.50218293808,0.48196810086,0.45091456873,0.49902765249,0.50085704787,0.45889111124,0.4737157691,0.38974186701,0.22529459782,0.43914264724,0.41717539495,0.4597749932,0.37906202036
96.0,0.38921730046,0.48510626494,0.47545179936,0.46890891803,0.49069064378,0.48799771405,0.50067659779,0.48018890872,0.47421755727,0.41696174804,0.50067690895,0.49606727795,0.47490892716,0.36102649258,0.47201231042,0.50217344192,0.48185531925,0.45065186658,0.49900174873,0.5008406443,0.45866587253,0.47356209321,0.38921730046,0.22434570779,0.43882597775,0.4167625561,0.45955393905,0.37849673177
96.5,0.38869343693,0.48500973731,0.47530742081,0.46873269673,0.490622252,0.48791571172,0.50065934589,0.4800678817,0.4740671338,0.41655021791,0.50065965865,0.49602628992,0.47476188658,0.36039938652,0.47185112719,0.50216394594,0.48174256399,0.45038931724,0.49897584633,0.50082424126,0.45844074415,0.47340846711,0.38869343693,0.2234008053,0.43850953595,0.41635012497,0.45933299085,0.37793228298
97.0,0.38817027549,0.48491322887,0.47516308606,0.46855654162,0.49055386974,0.48783372315,0.50064209458,0.47994688516,0.47391675798,0.41613909372,0.50064240894,0.49598530528,0.47461489145,0.35977336679,0.47168999889,0.50215445014,0.48162983508,0.45012692061,0.49894994526,0.50080783876,0.45821572607,0.47325489077,0.38817027549,0.22245987369,0.43819332167,0.41593810117,0.45911214855,0.37736867276
97.5,0.38764781521,0.48481673963,0.47501879509,0.46838045267,0.49048549701,0.48775174834,0.50062484386,0.47982591908,0.47376642979,0.41572837507,0.50062515983,0.49594432401,0.47446794177,0.35914843152,0.4715289255,0.50214495453,0.48151713252,0.44986467662,0.49892404554,0.5007914368,0.45799081822,0.47310136419,0.38764781521,0.22152289633,0.43787733475,0.41552648429,0.4588914121,0.37680589987
98.0,0.38712605516,0.4847202696,0.47487454788,0.46820442985,0.49041713381,0.48766978729,0.50060759374,0.47970498346,0.47361614922,0.41531806157,0.50060791131,0.49590334614,0.47432103751,0.35852457884,0.471367907,0.50213545909,0.48140445629,0.44960258516,0.49889814717,0.50077503538,0.45776602056,0.47294788734,0.38712605516,0.22058985668,0.43756157502,0.41511527393,0.45867078146,0.37624396307
98.5,0.3866049944,0.48462381875,0.47473034443,0.46802847315,0.49034878013,0.48758784001,0.50059034421,0.4795840783,0.47346591626,0.41490815282,0.50059066339,0.49586237164,0.47417417868,0.35790180689,0.47120694339,0.50212596383,0.4812918064,0.44934064615,0.49887225014,0.50075863449,0.45754133302,0.47279446021,0.3866049944,0.21966073826,0.43724604231,0.4147044697,0.45845025656,0.37568286113
99.0,0.386084632,0.48452738709,0.47458618472,0.46785258253,0.49028043597,0.48750590648,0.50057309528,0.47946320357,0.47331573088,0.41449864841,0.50057341606,0.49582140053,0.47402736524,0.3572801138,0.47104603463,0.50211646875,0.48117918283,0.4490788595,0.49884635445,0.50074223414,0.45731675556,0.47264108279,0.386084632,0.21873552468,0.43693073648,0.41429407119,0.45822983737,0.37512259283
99.5,0.38556496705,0.48443097462,0.47444206874,0.46767675798,0.49021210134,0.4874239867,0.50055584694,0.47934235929,0.47316559307,0.41408954796,0.50055616932,0.49578043279,0.47388059719,0.35665949773,0.47088518071,0.50210697385,0.48106658559,0.44881722513,0.49882046011,0.50072583432,0.45709228812,0.47248775506,0.38556496705,0.21781419959,0.43661565735,0.41388407801,0.45800952382,0.37456315692
100.0,0.3850459986,0.48433458133,0.47429799647,0.46750099946,0.49014377622,0.48734208068,0.5005385992,0.47922154542,0.47301550282,0.41368085105,0.50053892318,0.49573946844,0.47373387452,0.3560399568,0.47072438161,0.50209747913,0.48095401465,0.44855574294,0.49879456711,0.50070943504,0.45686793064,0.472334477,0.3850459986,0.21689674672,0.43630080477,0.41347448975,0.45778931588,0.37400455219
100.5,0.38452772574,0.48423820721,0.4741539679,0.46732530696,0.49007546062,0.4872601884,0.50052135204,0.47910076198,0.47286546012,0.41327255729,0.50052167763,0.49569850747,0.4735871972,0.35542148917,0.47056363732,0.50208798459,0.48084147003,0.44829441285,0.49876867545,0.5006930363,0.45664368308,0.4721812486,0.38452772574,0.21598314987,0.43598617857,0.41306530602,0.45756921348,0.37344677741
101.0,0.38401014755,0.48414185227,0.47400998302,0.46714968044,0.49000715454,0.48717830988,0.50050410549,0.47898000896,0.47271546494,0.41286466629,0.50050443268,0.49565754989,0.47344056523,0.35480409299,0.4704029478,0.50207849023,0.48072895171,0.44803323477,0.49874278514,0.5006766381,0.45641954537,0.47202806984,0.38401014755,0.21507339289,0.4356717786,0.41265652642,0.45734921659,0.37288983136
101.5,0.38349326309,0.48404551649,0.47386604182,0.46697411988,0.48993885798,0.4870964451,0.50048685953,0.47885928633,0.47256551728,0.41245717765,0.50048718832,0.49561659568,0.47329397859,0.35418776641,0.47024231306,0.50206899604,0.48061645968,0.44777220861,0.49871689617,0.50066024043,0.45619551748,0.4718749407,0.38349326309,0.21416745973,0.43535760468,0.41224815055,0.45712932514,0.37233371281
102.0,0.38297707144,0.48394919989,0.47372214427,0.46679862527,0.48987057093,0.48701459406,0.50046961416,0.47873859411,0.47241561711,0.41205009097,0.50046994455,0.49557564485,0.47314743727,0.35357250759,0.47008173306,0.50205950204,0.48050399394,0.44751133429,0.49869100854,0.50064384331,0.45597159933,0.47172186117,0.38297707144,0.21326533437,0.43504365665,0.41184017802,0.45690953909,0.37177842054
102.5,0.38246157169,0.48385290244,0.47357829037,0.46662319657,0.4898022934,0.48693275676,0.50045236938,0.47861793227,0.47226576443,0.41164340586,0.50045270138,0.49553469741,0.47300094126,0.3529583147,0.46992120779,0.50205000822,0.48039155449,0.4472506117,0.49866512226,0.50062744671,0.45574779088,0.47156883124,0.38246157169,0.21236700089,0.43472993437,0.41143260843,0.45668985839,0.37122395334
103.0,0.38194676292,0.48375662415,0.47343448011,0.46644783375,0.48973402537,0.4868509332,0.5004351252,0.47849730082,0.47211595921,0.41123712192,0.5004354588,0.49549375334,0.47285449053,0.35234518588,0.46976073722,0.50204051457,0.48027914131,0.44699004078,0.49863923732,0.50061105066,0.45552409208,0.47141585088,0.38194676292,0.21147244341,0.43441643766,0.41102544137,0.45647028299,0.37067030998
103.5,0.3814326442,0.48366036502,0.47329071347,0.4662725368,0.48966576686,0.48676912337,0.50041788162,0.47837669973,0.47196620145,0.41083123875,0.50041821682,0.49545281265,0.47270808508,0.35173311931,0.46960032135,0.50203102111,0.48016675441,0.44672962142,0.49861335373,0.50059465514,0.45530050287,0.47126292008,0.3814326442,0.21058164612,0.43410316636,0.41061867647,0.45625081284,0.37011748926
104.0,0.38091921462,0.48356412504,0.47314699043,0.46609730569,0.48959751786,0.48668732728,0.50040063863,0.47825612902,0.47181649112,0.41042575597,0.50040097543,0.49541187534,0.47256172489,0.35112211316,0.46943996015,0.50202152783,0.48005439376,0.44646935355,0.49858747148,0.50057826016,0.4550770232,0.47111003883,0.38091921462,0.20969459329,0.43379012031,0.41021231331,0.45603144788,0.36956548995
104.5,0.38040647327,0.4834679042,0.473003311,0.4659221404,0.48952927836,0.48660554492,0.50038339623,0.47813558867,0.47166682822,0.41002067317,0.50038373463,0.49537094142,0.47241540995,0.35051216561,0.46927965361,0.50201203472,0.47994205938,0.44620923707,0.49856159057,0.50056186571,0.45485365301,0.4709572071,0.38040647327,0.20881126925,0.43347729936,0.40980635151,0.45581218808,0.36901431086
105.0,0.37989441922,0.48337170251,0.47285967514,0.46574704089,0.48946104837,0.48652377629,0.50036615443,0.47801507866,0.47151721272,0.40961598996,0.50036649443,0.49533001087,0.47226914024,0.34990327482,0.4691194017,0.5020025418,0.47982975125,0.44594927189,0.498535711,0.5005454718,0.45463039226,0.47080442489,0.37989441922,0.20793165838,0.43316470333,0.40940079067,0.45559303337,0.36846395076
105.5,0.37938305157,0.48327551996,0.47271608285,0.46557200715,0.48939282789,0.48644202138,0.50034891322,0.477894599,0.47136764462,0.40921170595,0.50034925482,0.4952890837,0.47212291576,0.34929543897,0.4689592044,0.50199304905,0.47971746937,0.44568945793,0.49850983278,0.50052907843,0.45440724088,0.47065169217,0.37938305157,0.20705574514,0.43285233208,0.40899563039,0.4553739837,0.36791440845
106.0,0.37887236941,0.48317935654,0.47257253412,0.46539703915,0.48932461691,0.4863602802,0.5003316726,0.47777414968,0.4712181239,0.40880782074,0.50033201581,0.4952481599,0.47197673648,0.34868865625,0.46879906171,0.50198355648,0.47960521373,0.4454297951,0.4984839559,0.5005126856,0.45418419883,0.47049900893,0.37887236941,0.20618351405,0.43254018543,0.40859087029,0.45515503904,0.36736568273
106.5,0.37836237181,0.48308321225,0.47242902893,0.46522213686,0.48925641544,0.48627855274,0.50031443258,0.47765373068,0.47106865054,0.40840433394,0.50031477739,0.49520723949,0.47183060239,0.34808292485,0.46863897359,0.5019740641,0.47949298432,0.44517028332,0.49845808036,0.5004962933,0.45396126604,0.47034637516,0.37836237181,0.20531494971,0.43222826324,0.40818650996,0.45493619932,0.36681777239
107.0,0.37785305788,0.48298708709,0.47228556727,0.46504730027,0.48918822346,0.48619683901,0.50029719315,0.47753334201,0.47091922453,0.40800124517,0.50029753956,0.49516632245,0.47168451348,0.34747824294,0.46847894003,0.50196457189,0.47938078114,0.44491092249,0.49843220617,0.50047990154,0.45373844248,0.47019379084,0.37785305788,0.20445003675,0.43191656533,0.40778254902,0.4547174645,0.36627067623
107.5,0.3773444267,0.48289098105,0.47214214912,0.46487252934,0.48912004099,0.48611513898,0.50027995432,0.47741298365,0.47076984585,0.40759855402,0.50028030233,0.49512540879,0.47153846973,0.34687460873,0.46831896102,0.50195507986,0.47926860418,0.44465171252,0.49840633332,0.50046351031,0.45351572808,0.47004125595,0.3773444267,0.20358875989,0.43160509154,0.40737898707,0.45449883453,0.36572439304
108.0,0.37683647736,0.48279489413,0.47199877448,0.46469782406,0.48905186801,0.48603345268,0.50026271608,0.47729265559,0.47062051448,0.4071962601,0.50026306569,0.49508449851,0.47139247114,0.3462720204,0.46815903653,0.50194558801,0.47915645344,0.44439265334,0.49838046181,0.50044711963,0.45329312279,0.46988877048,0.37683647736,0.20273110391,0.43129384173,0.40697582372,0.45428030936,0.36517892163
108.5,0.37632920897,0.48269882633,0.47185544333,0.46452318439,0.48898370453,0.48595178009,0.50024547843,0.47717235784,0.47047123042,0.40679436303,0.50024582964,0.4950435916,0.47124651768,0.34567047616,0.46799916655,0.50193609634,0.47904432891,0.44413374485,0.49835459164,0.50043072947,0.45307062656,0.4697363344,0.37632920897,0.20187705364,0.43098281572,0.40657305858,0.45406188893,0.36463426079
109.0,0.37582262061,0.48260277765,0.47171215565,0.46434861031,0.48891555055,0.4858701212,0.50022824138,0.47705209037,0.47032199365,0.40639286241,0.50022859419,0.49500268807,0.47110060934,0.3450699742,0.46783935105,0.50192660485,0.47893223058,0.44387498696,0.49832872282,0.50041433986,0.45284823933,0.46958394772,0.37582262061,0.20102659399,0.43067201336,0.40617069125,0.45384357321,0.36409040935
109.5,0.37531671137,0.48250674807,0.47156891144,0.46417410181,0.48884740607,0.48578847603,0.50021100492,0.47693185318,0.47017280416,0.40599175786,0.50021135933,0.49496178792,0.47095474612,0.34447051272,0.46767959002,0.50191711354,0.47882015845,0.44361637959,0.49830285534,0.50039795078,0.45262596106,0.4694316104,0.37531671137,0.20017970992,0.43036143449,0.40576872135,0.45362536213,0.36354736609
110.0,0.37481148036,0.48241073759,0.47142571067,0.46399965884,0.48877927107,0.48570684456,0.50019376905,0.47681164628,0.47002366192,0.40559104897,0.50019412507,0.49492089115,0.47080892799,0.34387208994,0.46751988344,0.50190762241,0.47870811251,0.44335792265,0.4982769892,0.50038156224,0.45240379168,0.46927932243,0.37481148036,0.19933638647,0.43005107894,0.40536714848,0.45340725564,0.36300512983
110.5,0.37430692668,0.48231474622,0.47128255335,0.4638252814,0.48871114557,0.48562522679,0.50017653378,0.47669146963,0.46987456692,0.40519073537,0.5001768914,0.49487999774,0.47066315493,0.34327470406,0.4673602313,0.50189813146,0.47859609276,0.44309961606,0.4982511244,0.50036517424,0.45218173115,0.4691270838,0.37430692668,0.19849660871,0.42974094656,0.40496597225,0.45318925371,0.36246369938
111.0,0.37380304942,0.48221877394,0.47113943945,0.46365096945,0.48864302956,0.48554362273,0.50015929911,0.47657132325,0.46972551916,0.40479081665,0.50015965832,0.49483910772,0.47051742695,0.3426783533,0.46720063356,0.50188864069,0.47848409919,0.44284145972,0.49822526095,0.50034878677,0.45195977941,0.46897489449,0.37380304942,0.19766036181,0.42943103719,0.40456519227,0.45297135628,0.36192307355
111.5,0.37329984769,0.48212282076,0.47099636895,0.46347672296,0.48857492304,0.48546203236,0.50014206502,0.47645120712,0.4695765186,0.40439129245,0.50014242584,0.49479822107,0.47037174402,0.34208303587,0.46704109022,0.50187915009,0.47837213178,0.44258345355,0.49819939884,0.50033239984,0.45173793641,0.46882275449,0.37329984769,0.19682763098,0.42912135067,0.40416480816,0.45275356329,0.36138325115
112.0,0.37279732058,0.48202688666,0.47085334186,0.46330254193,0.48850682601,0.4853804557,0.50012483153,0.47633112124,0.46942756525,0.40399216235,0.50012519395,0.49475733779,0.47022610613,0.34148874999,0.46688160126,0.50186965968,0.47826019055,0.44232559746,0.49817353807,0.50031601344,0.4515162021,0.46867066377,0.37279732058,0.19599840148,0.42881188684,0.40376481952,0.4525358747,0.36084423099
112.5,0.37229546721,0.48193097166,0.47071035815,0.46312842631,0.48843873846,0.48529889272,0.50010759864,0.47621106559,0.46927865908,0.40359342598,0.50010796265,0.49471645789,0.47008051326,0.34089549389,0.46672216665,0.50186016945,0.47814827548,0.44206789137,0.49814767864,0.50029962759,0.45129457642,0.46851862233,0.37229546721,0.19517265866,0.42850264554,0.40336522596,0.45231829047,0.3603060119
113.0,0.37179428666,0.48183507573,0.47056741781,0.4629543761,0.4883706604,0.48521734344,0.50009036634,0.47609104017,0.46912980007,0.40319508295,0.50009073195,0.49467558137,0.4699349654,0.34030326577,0.46656278639,0.50185067939,0.47803638656,0.44181033518,0.49812182055,0.50028324226,0.45107305932,0.46836663014,0.37179428666,0.19435038792,0.42819362661,0.4029660271,0.45210081053,0.35976859269
113.5,0.37129377806,0.48173919888,0.47042452083,0.46278039125,0.48830259183,0.48513580785,0.50007313463,0.47597104498,0.46898098823,0.40279713287,0.50007350184,0.49463470822,0.46978946255,0.33971206389,0.46640346044,0.50184118952,0.47792452379,0.44155292881,0.49809596381,0.50026685748,0.45085165074,0.4682146872,0.37129377806,0.1935315747,0.42788482989,0.40256722254,0.45188343484,0.35923197218
114.0,0.3707939405,0.48164334111,0.4702816672,0.46260647175,0.48823453273,0.48505428594,0.50005590351,0.47585108,0.46883222352,0.40239957535,0.50005627232,0.49459383844,0.46964400467,0.33912188646,0.4662441888,0.50183169982,0.47781268717,0.44129567218,0.49807010841,0.50025047323,0.45063035064,0.46806279348,0.3707939405,0.19271620454,0.42757625523,0.40216881191,0.45166616335,0.35869614919
114.5,0.37029477309,0.4815475024,0.47013885689,0.46243261757,0.48816648312,0.48497277773,0.50003867299,0.47573114522,0.46868350593,0.40200241001,0.5000390434,0.49455297203,0.46949859177,0.33853273172,0.46608497144,0.50182221031,0.47770087668,0.4410385652,0.49804425435,0.50023408952,0.45040915896,0.46791094898,0.37029477309,0.191904263,0.42726790246,0.4017707948,0.45144899601,0.35816112255
115.0,0.36979627494,0.48145168277,0.46999608991,0.46225882869,0.48809844299,0.48489128319,0.50002144306,0.47561124065,0.46853483546,0.40160563646,0.50002181507,0.494512109,0.46935322382,0.3379445979,0.46592580834,0.50181272097,0.47758909232,0.44078160777,0.49801840163,0.50021770634,0.45018807565,0.46775915366,0.36979627494,0.19109573573,0.42695977142,0.40137317084,0.45123193278,0.35762689108
115.5,0.36929844517,0.4813558822,0.46985336623,0.46208510508,0.48803041234,0.48480980233,0.50000421373,0.47549136626,0.46838621207,0.40120925431,0.50000458733,0.49447124934,0.46920790081,0.33735748325,0.46576669949,0.50180323181,0.47747733409,0.44052479982,0.49799255025,0.5002013237,0.44996710065,0.46760740752,0.36929844517,0.19029060842,0.42665186197,0.40097593964,0.45101497359,0.35709345361
116.0,0.36880128288,0.48126010068,0.46971068584,0.46191144673,0.48796239117,0.48472833516,0.49998698499,0.47537152206,0.46823763577,0.40081326318,0.49998736019,0.49443039306,0.46906262274,0.33677138601,0.46560764487,0.50179374283,0.47736560197,0.44026814126,0.49796670021,0.5001849416,0.44974623392,0.46745571055,0.36880128288,0.18948886683,0.42634417393,0.4005791008,0.45079811841,0.35656080896
116.5,0.36830478719,0.48116433822,0.46956804874,0.46173785359,0.48789437947,0.48464688166,0.49996975684,0.47525170804,0.46808910654,0.40041766269,0.49997013364,0.49438954014,0.46891738957,0.33618630443,0.46544864447,0.50178425404,0.47725389597,0.440011632,0.49794085152,0.50016856004,0.44952547539,0.46730406272,0.36830478719,0.18869049678,0.42603670715,0.40018265395,0.45058136717,0.35602895597
117.0,0.3678089572,0.48106859482,0.4694254549,0.46156432566,0.48782637725,0.48456544183,0.49995252929,0.47513192419,0.46794062435,0.40002245244,0.49995290768,0.4943486906,0.46877220131,0.33560223675,0.46528969825,0.50177476542,0.47714221607,0.43975527195,0.49791500417,0.50015217901,0.44930482503,0.46715246402,0.3678089572,0.18789548415,0.42572946148,0.3997865987,0.45036471984,0.35549789347
117.5,0.36731379204,0.48097287046,0.46928290431,0.4613908629,0.4877583845,0.48448401567,0.49993530233,0.47501217049,0.46779218919,0.39962763205,0.49993568232,0.49430784443,0.46862705793,0.33501918122,0.4651308062,0.50176527698,0.47703056227,0.43949906103,0.49788915816,0.50013579851,0.44908428276,0.46700091443,0.36731379204,0.18710381486,0.42542243675,0.39939093466,0.45014817637,0.35496762028
118.0,0.36681929081,0.48087716514,0.46914039696,0.4612174653,0.48769040122,0.48440260319,0.49991807596,0.47489244695,0.46764380106,0.39923320115,0.49991845755,0.49426700164,0.46848195943,0.33443713611,0.46497196831,0.50175578872,0.47691893457,0.43924299915,0.49786331349,0.50011941856,0.44886384855,0.46684941395,0.36681929081,0.18631547491,0.42511563281,0.39899566146,0.4499317367,0.35443813526
118.5,0.36632545265,0.48078147887,0.46899793284,0.46104413282,0.48762242742,0.48432120437,0.49990085019,0.47477275356,0.46749545993,0.39883915934,0.49990123338,0.49422616221,0.46833690579,0.33385609966,0.46481318456,0.50174630064,0.47680733296,0.43898708622,0.49783747016,0.50010303913,0.44864352233,0.46669796254,0.36632545265,0.18553045035,0.42480904949,0.39860077869,0.44971540078,0.35390943723
119.0,0.36583227665,0.48068581163,0.46885551194,0.46087086544,0.48755446308,0.48423981921,0.49988362501,0.4746530903,0.4673471658,0.39844550624,0.49988400979,0.49418532615,0.46819189699,0.33327607015,0.46465445493,0.50173681273,0.47669575742,0.43873132216,0.49781162817,0.50008666025,0.44842330406,0.4665465602,0.36583227665,0.18474872729,0.42450268665,0.39820628599,0.44949916856,0.35338152503
119.5,0.36533976195,0.48059016342,0.46871313423,0.46069766314,0.48748650821,0.48415844772,0.49986640042,0.47453345718,0.46719891864,0.39805224147,0.4998667868,0.49414449347,0.46804693302,0.33269704583,0.46449577939,0.50172732501,0.47658420797,0.43847570688,0.49778578752,0.5000702819,0.44820319369,0.46639520692,0.36533976195,0.18397029189,0.42419654412,0.39781218296,0.44928304001,0.3528543975
120.0,0.36484790767,0.48049453424,0.46857079971,0.46052452589,0.48741856282,0.48407708989,0.49984917643,0.47441385418,0.46705071843,0.39765936464,0.49984956441,0.49410366416,0.46790201387,0.33211902496,0.46433715794,0.50171783747,0.47647268458,0.4382202403,0.49775994822,0.50005390409,0.44798319115,0.46624390266,0.36484790767,0.18319513039,0.42389062174,0.39741846923,0.44906701505,0.35232805349
120.5,0.36435671292,0.48039892409,0.46842850837,0.46035145368,0.48735062688,0.48399574571,0.49983195303,0.47429428129,0.46690256518,0.39726687538,0.49983234261,0.49406283821,0.46775713952,0.33154200583,0.46417859055,0.50170835011,0.47636118726,0.43796492233,0.49773411025,0.50003752682,0.4477632964,0.46609264743,0.36435671292,0.18242322906,0.42358491937,0.3970251444,0.44885109366,0.35180249183
121.0,0.36386617683,0.48030333296,0.46828626019,0.46017844647,0.48728270041,0.48391441519,0.49981473022,0.47417473852,0.46675445886,0.3968747733,0.4998151214,0.49402201564,0.46761230997,0.3309659867,0.4640200772,0.50169886292,0.47624971599,0.43770975288,0.49770827363,0.50002115008,0.44754350939,0.4659414412,0.36386617683,0.18165457424,0.42327943683,0.3966322081,0.44863527577,0.35127771138
121.5,0.36337629852,0.48020776085,0.46814405516,0.46000550423,0.48721478341,0.48383309833,0.49979750801,0.47405522584,0.46660639945,0.39648305802,0.49979790078,0.49398119643,0.46746752519,0.33039096585,0.46386161788,0.50168937592,0.47613827078,0.43745473187,0.49768243835,0.50000477387,0.44732383006,0.46579028396,0.36337629852,0.18088915233,0.42297417398,0.39623965995,0.44841956134,0.35075371098
122.0,0.36288707711,0.48011220775,0.46800189326,0.45983262696,0.48714687586,0.48375179511,0.49978028639,0.47393574326,0.46645838694,0.39609172916,0.49978068076,0.4939403806,0.46732278517,0.32981694155,0.46370321257,0.50167988909,0.47602685161,0.43719985921,0.4976566044,0.49998839821,0.44710425835,0.46563917569,0.36288707711,0.18012694977,0.42266913065,0.39584749956,0.44820395032,0.35023048948
122.5,0.36239851174,0.48001667366,0.46785977449,0.45965981461,0.48707897778,0.48367050555,0.49976306537,0.47381629076,0.46631042132,0.39570078634,0.49976346133,0.49389956813,0.4671780899,0.32924391209,0.46354486125,0.50167040245,0.47591545848,0.43694513481,0.4976307718,0.49997202308,0.44688479423,0.46548811637,0.36239851174,0.17936795309,0.4223643067,0.39545572655,0.44798844266,0.34970804573
123.0,0.36191060153,0.47992115858,0.46771769883,0.45948706718,0.48701108915,0.48358922963,0.49974584493,0.47369686834,0.46616250257,0.39531022918,0.49974624249,0.49385875904,0.46703343937,0.32867187576,0.4633865639,0.50166091598,0.47580409138,0.43669055859,0.49760494054,0.49995564848,0.44666543763,0.46533710599,0.36191060153,0.17861214883,0.42205970195,0.39506434053,0.4477730383,0.34918637858
123.5,0.36142334561,0.4798256625,0.46757566626,0.45931438462,0.48694320999,0.48350796735,0.49972862509,0.47357747599,0.46601463068,0.39492005729,0.49972902424,0.49381795331,0.46688883356,0.32810083083,0.4632283205,0.50165142969,0.47569275031,0.43643613046,0.49757911062,0.49993927442,0.4464461885,0.46518614454,0.36142334561,0.17785952362,0.42175531627,0.39467334114,0.44755773721,0.34866548688
124.0,0.36093674311,0.47973018542,0.46743367677,0.45914176693,0.48687534028,0.48342671872,0.49971140585,0.47345811371,0.46586680563,0.39453027031,0.49971180659,0.49377715095,0.46674427245,0.3275307756,0.46307013104,0.50164194358,0.47558143526,0.43618185035,0.49755328204,0.4999229009,0.4462270468,0.465035232,0.36093674311,0.17711006415,0.42145114948,0.39428272799,0.44734253933,0.3481453695
124.5,0.36045079316,0.47963472733,0.46729173036,0.45896921406,0.48680748002,0.48334548372,0.49969418719,0.47333878148,0.46571902741,0.39414086784,0.49969458954,0.49373635196,0.46659975604,0.32696170837,0.4629119955,0.50163245766,0.47547014623,0.43592771815,0.4975274548,0.49990652792,0.44600801246,0.46488436835,0.36045079316,0.17636375713,0.42114720143,0.3938925007,0.44712744462,0.34762602528
125.0,0.35996549489,0.47953928823,0.467149827,0.45879672601,0.48673962922,0.48326426236,0.49967696913,0.47321947929,0.465571296,0.39375184951,0.49967737307,0.49369555633,0.46645528431,0.32639362743,0.46275391385,0.50162297191,0.47535888321,0.43567373378,0.4975016289,0.49989015547,0.44578908543,0.46473355357,0.35996549489,0.17562058935,0.42084347198,0.39350265888,0.44691245301,0.34710745309
125.5,0.35948084743,0.47944386812,0.46700796669,0.45862430275,0.48667178787,0.48318305464,0.49965975167,0.47310020715,0.46542361139,0.39336321495,0.4996601572,0.49365476407,0.46631085724,0.32582653107,0.46259588608,0.50161348634,0.47524764619,0.43541989717,0.49747580434,0.49987378355,0.44557026567,0.46458278766,0.35948084743,0.17488054767,0.42053996095,0.39311320217,0.44669756447,0.34658965179
126.0,0.35899684992,0.479348467,0.46686614941,0.45845194424,0.48660395598,0.48310186055,0.49964253479,0.47298096504,0.46527597356,0.39297496376,0.49964294192,0.49361397518,0.46616647482,0.32526041761,0.46243791217,0.50160400095,0.47513643516,0.43516620822,0.49744998112,0.49985741218,0.44535155312,0.46443207059,0.35899684992,0.17414361897,0.4202366682,0.39272413017,0.44648277895,0.34607262024
126.5,0.35851350149,0.47925308485,0.46672437515,0.45827965047,0.48653613353,0.48302068009,0.49962531851,0.47286175295,0.4651283825,0.39258709558,0.49962572723,0.49357318966,0.46602213705,0.32469528534,0.46227999211,0.50159451573,0.47502525013,0.43491266685,0.49742415924,0.49984104133,0.44513294772,0.46428140235,0.35851350149,0.1734097902,0.41993359356,0.39233544252,0.44626809639,0.34555635729
127.0,0.35803080128,0.47915772168,0.46658264389,0.45810742142,0.48646832053,0.48293951326,0.49960810283,0.47274257089,0.46498083819,0.39219961004,0.49960851314,0.4935324075,0.4658778439,0.32413113257,0.46212212587,0.5015850307,0.47491409108,0.43465927297,0.4973983387,0.49982467103,0.44491444943,0.46413078293,0.35803080128,0.17267904837,0.41963073689,0.39194713883,0.44605351675,0.34504086183
127.5,0.35754874843,0.47906237749,0.46644095562,0.45793525705,0.48640051698,0.48285836005,0.49959088773,0.47262341883,0.46483334062,0.39181250674,0.49959129964,0.49349162871,0.46573359535,0.32356795762,0.46196431344,0.50157554585,0.47480295801,0.4344060265,0.4973725195,0.49980830126,0.4446960582,0.4639802123,0.35754874843,0.17195138055,0.41932809802,0.39155921872,0.44583903997,0.34452613271
128.0,0.35706734208,0.47896705226,0.46629931034,0.45776315734,0.48633272288,0.48277722047,0.49957367323,0.47250429677,0.46468588978,0.39142578531,0.49957408673,0.49345085329,0.46558939141,0.32300575879,0.4618065548,0.50156606118,0.47469185091,0.43415292735,0.49734670164,0.49979193203,0.44447777396,0.46382969045,0.35706734208,0.17122677383,0.4190256768,0.39117168183,0.44562466602,0.34401216881
128.5,0.35658658136,0.47887174599,0.46615770802,0.45759112228,0.48626493822,0.48269609451,0.49955645932,0.47238520471,0.46453848564,0.39103944539,0.49955687442,0.49341008123,0.46544523205,0.32244453441,0.46164884992,0.50155657668,0.47458076978,0.43389997544,0.49732088512,0.49977556333,0.44425959668,0.46367921737,0.35658658136,0.1705052154,0.41872347308,0.39078452776,0.44541039483,0.34349896899
129.0,0.35610646542,0.47877645869,0.46601614865,0.45741915183,0.486197163,0.48261498217,0.49953924601,0.47226614264,0.4643911282,0.39065348658,0.4995396627,0.49336931254,0.46530111726,0.32188428279,0.4614911988,0.50154709237,0.47446971461,0.43364717068,0.49729506994,0.49975919517,0.44404152629,0.46352879304,0.35610646542,0.16978669247,0.41842148669,0.39039775615,0.44519622637,0.34298653212
129.5,0.3556269934,0.47868119035,0.46587463222,0.45724724598,0.48612939723,0.48253388344,0.49952203329,0.47214711055,0.46424381744,0.39026790852,0.49952245157,0.49332854721,0.46515704702,0.32132500225,0.46133360141,0.50153760823,0.4743586854,0.43339451298,0.4972692561,0.49974282754,0.44382356275,0.46337841745,0.3556269934,0.16907119231,0.41811971749,0.39001136662,0.44498216058,0.34247485708
130.0,0.35514816444,0.47858594095,0.46573315872,0.45707540469,0.48606164089,0.48245279833,0.49950482116,0.47202810843,0.46409655334,0.38988271084,0.49950524103,0.49328778525,0.46501302133,0.32076669113,0.46117605774,0.50152812428,0.47424768213,0.43314200226,0.4972434436,0.49972646045,0.44360570599,0.46322809057,0.35514816444,0.16835870225,0.41781816532,0.38962535879,0.44476819741,0.34196394275
130.5,0.35466997768,0.47849071051,0.46559172814,0.45690362794,0.485993894,0.48237172683,0.49948760962,0.47190913627,0.46394933589,0.38949789315,0.49948803109,0.49324702665,0.46486904017,0.32020934774,0.46101856776,0.5015186405,0.47413670481,0.43288963844,0.49721763244,0.4997100939,0.44338795598,0.4630778124,0.35466997768,0.16764920967,0.41751683002,0.38923973229,0.44455433681,0.341453788
131.0,0.35419243228,0.47839549901,0.46545034045,0.45673191571,0.48592615654,0.48229066894,0.49947039868,0.47179019407,0.46380216508,0.38911345508,0.49947082174,0.49320627142,0.46472510352,0.31965297042,0.46086113147,0.5015091569,0.47402575342,0.43263742143,0.49719182262,0.49969372788,0.44317031266,0.46292758292,0.35419243228,0.166942702,0.41721571144,0.38885448674,0.44434057874,0.34094439171
131.5,0.35371552737,0.47830030646,0.46530899566,0.45656026798,0.48585842852,0.48220962466,0.49945318833,0.47167128183,0.46365504089,0.38872939626,0.49945361298,0.49316551955,0.46458121137,0.3190975575,0.46070374883,0.50149967349,0.47391482796,0.43238535114,0.49716601414,0.4996773624,0.44295277597,0.4627774021,0.35371552737,0.16623916673,0.41691480943,0.38846962176,0.44412692315,0.34043575276
132.0,0.35323926211,0.47820513284,0.46516769374,0.45638868471,0.48579070994,0.48212859398,0.49943597857,0.47155239952,0.4635079633,0.38834571631,0.49943640482,0.49312477104,0.46443736371,0.31854310732,0.46054641984,0.50149019025,0.47380392843,0.4321334275,0.497140207,0.49966099746,0.44273534587,0.46262726994,0.35323926211,0.16553859139,0.41661412382,0.38808513699,0.44391336999,0.33992787004
132.5,0.35276363565,0.47810997816,0.46502643468,0.4562171659,0.48572300079,0.48204757691,0.49941876941,0.47143354715,0.46336093231,0.38796241487,0.49941919725,0.4930840259,0.46429356052,0.31798961822,0.46038914447,0.50148070719,0.47369305481,0.4318816504,0.49711440119,0.49964463305,0.4425180223,0.46247718643,0.35276363565,0.16484096357,0.41631365446,0.38770103204,0.4436999192,0.33942074241
133.0,0.35228864712,0.47801484241,0.46488521847,0.4560457115,0.48565530108,0.48196657344,0.49940156083,0.4713147247,0.46321394789,0.38757949155,0.49940199027,0.49304328412,0.46414980179,0.31743708854,0.46023192271,0.50147122431,0.47358220711,0.43163001978,0.49708859673,0.49962826917,0.44230080521,0.46232715154,0.35228864712,0.16414627092,0.4160134012,0.38731730655,0.44348657074,0.33891436878
133.5,0.3518142957,0.47791972558,0.4647440451,0.4558743215,0.48558761079,0.48188558356,0.49938435286,0.47119593218,0.46306701004,0.38719694599,0.49938478388,0.49300254571,0.46400608751,0.31688551662,0.46007475453,0.50146174161,0.47347138531,0.43137853554,0.4970627936,0.49961190583,0.44208369454,0.46217716525,0.3518142957,0.16345450111,0.41571336389,0.38693396014,0.44327332457,0.33840874803
134.0,0.35134058052,0.47782462768,0.46460291455,0.45570299588,0.48551992994,0.48180460728,0.49936714547,0.47107716956,0.46292011873,0.38681477781,0.49936757809,0.49296181065,0.46386241766,0.31633490082,0.45991763993,0.50145225908,0.47336058942,0.4311271976,0.49703699182,0.49959554303,0.44186669025,0.46202722756,0.35134058052,0.1627656419,0.41541354237,0.38655099243,0.44306018062,0.33790387904
134.5,0.35086750074,0.4777295487,0.46446182681,0.4555317346,0.48545225851,0.4817236446,0.49934993868,0.47095843686,0.46277327395,0.38643298664,0.49935037288,0.49292107896,0.46371879223,0.31578523947,0.45976057887,0.50144277674,0.47324981941,0.43087600588,0.49701119137,0.49957918076,0.44164979229,0.46187733845,0.35086750074,0.16207968108,0.41511393648,0.38616840306,0.44284713886,0.3373997607
135.0,0.35039505551,0.47763448863,0.46432078187,0.45536053766,0.48538459652,0.4816426955,0.49933273248,0.47083973405,0.46262647569,0.38605157211,0.49933316828,0.49288035064,0.4635752112,0.31523653095,0.45960357135,0.50143329458,0.4731390753,0.43062496028,0.49698539226,0.49956281903,0.4414330006,0.4617274979,0.35039505551,0.16139660649,0.41481454607,0.38578619165,0.44263419924,0.33689639191
135.5,0.349923244,0.47753944748,0.46417977971,0.45518940501,0.48531694394,0.48156176,0.49931552687,0.47072106112,0.46247972394,0.38567053385,0.49931596426,0.49283962567,0.46343167457,0.31468877359,0.45944661734,0.5014238126,0.47302835707,0.43037406073,0.49695959449,0.49954645784,0.44121631513,0.46157770589,0.349923244,0.16071640603,0.41451537099,0.38540435784,0.4424213617,0.33639377156
136.0,0.34945206535,0.47744442523,0.46403882033,0.45501833664,0.4852493008,0.48148083808,0.49929832185,0.47060241808,0.46233301867,0.38528987148,0.49929876084,0.49279890406,0.46328818231,0.31414196577,0.45928971684,0.50141433079,0.47291766471,0.43012330714,0.49693379806,0.49953009718,0.44099973582,0.46142796242,0.34945206535,0.16003906764,0.41421641109,0.38502290124,0.4422086262,0.33589189855
136.5,0.34898151873,0.47734942189,0.4638979037,0.45484733252,0.48518166708,0.48139992975,0.49928111743,0.47048380492,0.46218635987,0.38490958464,0.49928155801,0.49275818582,0.46314473442,0.31359610584,0.4591328698,0.50140484917,0.47280699822,0.42987269943,0.49690800297,0.49951373706,0.44078326264,0.46127826746,0.34898151873,0.15936457933,0.4139176662,0.38464182148,0.44199599269,0.33539077177
137.0,0.34851160329,0.47725443745,0.46375702982,0.45467639263,0.48511404278,0.481319035,0.4992639136,0.47036522162,0.46203974754,0.38452967296,0.49926435577,0.49271747094,0.46300133087,0.31305119217,0.45897607624,0.50139536772,0.4726963576,0.42962223751,0.49688220922,0.49949737747,0.44056689552,0.461128621,0.34851160329,0.15869292913,0.41361913618,0.38426111821,0.44178346112,0.33489039011
137.5,0.34804231819,0.4771594719,0.46361619867,0.45450551694,0.4850464279,0.48123815383,0.49924671037,0.47024666818,0.46189318165,0.38415013607,0.49924715412,0.49267675942,0.46285797167,0.31250722313,0.45881933611,0.50138588645,0.47258574284,0.42937192129,0.4968564168,0.49948101842,0.44035063441,0.46097902302,0.34804231819,0.15802410514,0.41332082087,0.38388079104,0.44157103144,0.33439075249
138.0,0.3475736626,0.47706452525,0.46347541024,0.45433470544,0.48497882244,0.48115728624,0.49922950772,0.4701281446,0.46174666219,0.38377097359,0.49922995307,0.49263605125,0.46271465678,0.31196419708,0.45866264941,0.50137640537,0.47247515392,0.4291217507,0.49683062573,0.4994646599,0.44013447926,0.46082947351,0.3475736626,0.15735809551,0.41302272012,0.3835008396,0.4413587036,0.33389185779
138.5,0.34710563567,0.47696959749,0.46333466452,0.45416395809,0.4849112264,0.48107643222,0.49921230567,0.47000965085,0.46160018914,0.38339218517,0.49921275261,0.49259534645,0.46257138621,0.31142211239,0.45850601611,0.50136692446,0.47236459086,0.42887172564,0.49680483599,0.49944830192,0.43991843002,0.46067997245,0.34710563567,0.15669488843,0.41272483377,0.38312126353,0.44114647756,0.33339370492
139.0,0.34663823657,0.47687468861,0.46319396149,0.45399327487,0.48484363978,0.48099559178,0.49919510421,0.46989118695,0.46145376249,0.38301377042,0.49919555274,0.49255464501,0.46242815993,0.31088096746,0.4583494362,0.50135744373,0.47225405363,0.42862184604,0.49677904759,0.49943194447,0.43970248664,0.46053051983,0.34663823657,0.15603447215,0.41242716168,0.38274206246,0.44093435327,0.33289629279
139.5,0.34617146447,0.47677979862,0.46305330114,0.45382265577,0.48477606257,0.48091476491,0.49917790335,0.46977275287,0.46130738223,0.38263572898,0.49917835346,0.49251394693,0.46228497794,0.31034076064,0.45819290966,0.50134796318,0.47214354224,0.42837211181,0.49675326053,0.49941558756,0.43948664907,0.46038111563,0.34617146447,0.15537683496,0.41212970368,0.38236323601,0.44072233067,0.33239962031
140.0,0.34570531852,0.4766849275,0.46291268346,0.45365210075,0.48470849478,0.48083395161,0.49916070307,0.46965434862,0.46116104834,0.38225806049,0.49916115478,0.49247325221,0.46214184021,0.30980149033,0.45803643647,0.50133848281,0.47203305667,0.42812252286,0.4967274748,0.49939923119,0.43927091725,0.46023175983,0.34570531852,0.1547219652,0.41183245963,0.38198478382,0.44051040973,0.33190368637
140.5,0.3452397979,0.47659007526,0.46277210844,0.45348160978,0.4846409364,0.48075315187,0.49914350339,0.46953597418,0.46101476081,0.38188076458,0.49914395669,0.49243256085,0.46199874673,0.30926315491,0.45788001662,0.50132900262,0.47192259693,0.42787307911,0.49670169042,0.49938287535,0.43905529114,0.46008245243,0.3452397979,0.15406985126,0.41153542937,0.38160670553,0.44029859038,0.33140848989
141.0,0.34477490177,0.47649524189,0.46263157606,0.45331118286,0.48457338743,0.4806723657,0.4991263043,0.46941762955,0.46086851962,0.38150384087,0.49912675919,0.49239187284,0.4618556975,0.30872575276,0.45772365008,0.5013195226,0.471812163,0.42762378048,0.49667590737,0.49936652005,0.43883977067,0.4599331934,0.34477490177,0.15342048158,0.41123861275,0.38122900075,0.44008687259,0.33091402979
141.5,0.3443106293,0.47640042738,0.46249108631,0.45314081994,0.48450584787,0.48059159309,0.49910910581,0.46929931472,0.46072232475,0.38112728901,0.49910956228,0.4923511882,0.4617126925,0.30818928227,0.45756733684,0.50131004277,0.47170175488,0.42737462688,0.49665012566,0.49935016528,0.43862435581,0.45978398272,0.3443106293,0.15277384465,0.41094200961,0.38085166913,0.4398752563,0.33042030496
142.0,0.34384697966,0.47630563174,0.46235063917,0.45297052102,0.48443831773,0.48051083404,0.4990919079,0.46918102968,0.4605761762,0.38075110862,0.49909236597,0.49231050691,0.4615697317,0.30765374185,0.45741107688,0.50130056312,0.47159137256,0.42712561823,0.49662434529,0.49933381105,0.43840904649,0.45963482039,0.34384697966,0.152129929,0.41064561981,0.38047471029,0.43966374146,0.32992731433
142.5,0.34338395202,0.47621085496,0.46221023464,0.45280028606,0.48437079699,0.48043008855,0.49907471059,0.46906277442,0.46043007394,0.38037529934,0.49907517025,0.49226982898,0.46142681511,0.30711912987,0.45725487018,0.50129108364,0.47148101605,0.42687675445,0.49659856626,0.49931745735,0.43819384267,0.45948570639,0.34338395202,0.15148872321,0.41034944319,0.38009812388,0.43945232804,0.32943505681
143.0,0.34292154556,0.47611609704,0.4620698727,0.45263011504,0.48430328566,0.48034935661,0.49905751387,0.46894454895,0.46028401797,0.37999986081,0.49905797512,0.49222915441,0.46128394271,0.30658544475,0.45709871673,0.50128160435,0.47137068532,0.42662803544,0.49657278856,0.49930110419,0.43797874429,0.45933664069,0.34292154556,0.15085021593,0.4100534796,0.37972190952,0.43924101597,0.32894353132
143.5,0.34245975944,0.47602135796,0.46192955333,0.45246000793,0.48423578373,0.48026863822,0.49904031775,0.46882635324,0.46013800827,0.37962479266,0.49904078058,0.4921884832,0.46114111448,0.30605268488,0.45694261649,0.50127212523,0.47126038038,0.42637946113,0.49654701221,0.49928475157,0.43776375131,0.45918762329,0.34245975944,0.15021439581,0.40975772888,0.37934606685,0.43902980521,0.32845273678
144.0,0.34199859285,0.47592663773,0.46178927653,0.45228996472,0.48416829121,0.48018793339,0.49902312221,0.46870818729,0.45999204482,0.37925009451,0.49902358664,0.49214781534,0.4609983304,0.30552084865,0.45678656947,0.5012626463,0.47115010122,0.42613103143,0.49652123719,0.49926839948,0.43754886367,0.45903865418,0.34199859285,0.1495812516,0.40946219089,0.37897059549,0.43881869572,0.3279626721
144.5,0.34153804494,0.47583193635,0.46164904229,0.45211998537,0.48410080808,0.4801072421,0.49900592727,0.4685900511,0.45984612761,0.37887576602,0.49900639328,0.49210715084,0.46085559048,0.30498993449,0.45663057563,0.50125316754,0.47103984783,0.42588274626,0.4964954635,0.49925204792,0.43733408132,0.45888973332,0.34153804494,0.14895077205,0.40916686547,0.3785954951,0.43860768744,0.32747333622
145.0,0.34107811491,0.47573725381,0.46150885058,0.45195006987,0.48403333437,0.48002656436,0.49898873292,0.46847194465,0.45970025662,0.37850180682,0.49898920052,0.4920664897,0.46071289468,0.3044599408,0.45647463497,0.50124368896,0.47092962022,0.42563460553,0.49646969116,0.4992356969,0.43711940422,0.45874086072,0.34107811491,0.148322946,0.40887175247,0.37822076529,0.43839678032,0.32698472804
145.5,0.34061880193,0.47564259011,0.4613687014,0.45178021819,0.48396587005,0.47994590017,0.49897153917,0.46835386795,0.45955443184,0.37812821653,0.49897200835,0.49202583191,0.46057024301,0.30393086599,0.45631874746,0.50123421056,0.47081941836,0.42538660916,0.49644392015,0.49921934642,0.43690483229,0.45859203635,0.34061880193,0.1476977623,0.40857685174,0.37784640571,0.43818597433,0.32649684651
146.0,0.34016010518,0.47554794523,0.46122859473,0.45161043031,0.48389841513,0.47986524951,0.498954346,0.46823582098,0.45940865326,0.3777549948,0.49895481678,0.49198517748,0.46042763543,0.30340270847,0.45616291308,0.50122473234,0.47070924226,0.42513875707,0.49641815048,0.49920299647,0.43669036551,0.4584432602,0.34016010518,0.14707520986,0.40828216312,0.377472416,0.4379752694,0.32600969053
146.5,0.33970202383,0.47545331919,0.46108853056,0.4514407062,0.48383096961,0.4797846124,0.49893715343,0.46811780373,0.45926292086,0.37738214127,0.49893762579,0.4919445264,0.46028507195,0.30287546666,0.45600713182,0.5012152543,0.4705990919,0.42489104917,0.49639238215,0.49918664706,0.43647600381,0.45829453224,0.33970202383,0.14645527766,0.40798768646,0.37709879578,0.43776466549,0.32552325905
147.0,0.33924455707,0.47535871197,0.46094850888,0.45127104584,0.48376353348,0.47970398882,0.49891996145,0.4679998162,0.45911723463,0.37700965556,0.4989204354,0.49190387868,0.46014255255,0.30234913899,0.45585140366,0.50120577644,0.47048896729,0.42464348539,0.49636661516,0.49917029818,0.43626174714,0.45814585248,0.33924455707,0.14583795468,0.40769342162,0.37672554469,0.43755416256,0.32503755099
147.5,0.33878770408,0.47526412358,0.46080852968,0.4511014492,0.48369610675,0.47962337878,0.49890277007,0.46788185838,0.45897159455,0.37663753733,0.4989032456,0.49186323432,0.46000007721,0.30182372387,0.45569572858,0.50119629876,0.47037886842,0.42439606563,0.4963408495,0.49915394984,0.43604759546,0.45799722089,0.33878770408,0.14522322998,0.40739936844,0.37635266238,0.43734376055,0.32455256529
148.0,0.33833146404,0.475169554,0.46066859293,0.45093191627,0.48362868941,0.47954278227,0.49888557927,0.46776393026,0.4588260006,0.3762657862,0.49888605639,0.49182259331,0.45985764593,0.30129921972,0.45554010656,0.50118682125,0.47026879528,0.42414878981,0.49631508518,0.49913760203,0.43583354871,0.45784863745,0.33833146404,0.14461109266,0.40710552677,0.37598014847,0.43713345942,0.32406830086
148.5,0.33787583614,0.47507500324,0.46052869864,0.45076244701,0.48356128147,0.47946219929,0.49886838907,0.46764603183,0.45868045278,0.37589440181,0.49886886778,0.49178195566,0.45971525867,0.30077562498,0.45538453759,0.50117734393,0.47015874787,0.42390165785,0.49628932219,0.49912125476,0.43561960684,0.45770010215,0.33787583614,0.14400153185,0.40681189646,0.3756080026,0.43692325912,0.32358475666
149.0,0.33742081956,0.47498047129,0.46038884678,0.4505930414,0.48349388291,0.47938162983,0.49885119946,0.4675281631,0.45853495106,0.37552338381,0.49885167976,0.49174132136,0.45957291545,0.30025293808,0.45522902164,0.50116786679,0.47004872618,0.42365466966,0.49626356054,0.49910490802,0.4354057698,0.45755161498,0.33742081956,0.14339453675,0.40651847736,0.37523622442,0.4367131596,0.32310193162
149.5,0.33696641348,0.47488595814,0.46024903734,0.45042369942,0.48342649375,0.47930107391,0.49883401044,0.46741032404,0.45838949544,0.37515273183,0.49883449232,0.49170069041,0.45943061623,0.29973115745,0.4550735587,0.50115838982,0.46993873019,0.42340782517,0.49623780023,0.49908856182,0.43519203754,0.45740317591,0.33696641348,0.14279009659,0.40622526931,0.37486481356,0.43650316081,0.32261982466
150.0,0.33651261709,0.4747914638,0.46010927032,0.45025442105,0.48335911397,0.4792205315,0.49881682201,0.46729251466,0.4582440859,0.37478244552,0.49881730548,0.49166006282,0.45928836101,0.29921028152,0.45491814875,0.50114891303,0.46982875992,0.42316112428,0.49621204126,0.49907221616,0.43497841,0.45725478494,0.33651261709,0.14218820063,0.40593227216,0.37449376966,0.43629326271,0.32213843474
150.5,0.33605942959,0.47469698826,0.45996954569,0.45008520626,0.48329174358,0.47914000262,0.49879963418,0.46717473494,0.45809872242,0.3744125245,0.49880011924,0.49161943858,0.45914614977,0.29869030873,0.45476279178,0.50113943643,0.46971881535,0.42291456692,0.49618628362,0.49905587103,0.43476488714,0.45710644204,0.33605942959,0.14158883821,0.40563948577,0.37412309236,0.43608346524,0.32165776079
151.0,0.33560685016,0.47460253151,0.45982986345,0.44991605503,0.48322438258,0.47905948726,0.49878244694,0.46705698488,0.45795340499,0.37404296842,0.49878293358,0.49157881769,0.4590039825,0.29817123753,0.45460748776,0.50112996,0.46960889647,0.42266815301,0.49616052732,0.49903952643,0.4345514689,0.45695814721,0.33560685016,0.1409919987,0.40534690999,0.37375278129,0.43587376836,0.32117780176
151.5,0.33515487798,0.47450809356,0.45969022358,0.44974696733,0.48315703096,0.47897898541,0.49876526029,0.46693926447,0.4578081336,0.37367377693,0.49876574852,0.49153820016,0.45886185918,0.29765306636,0.45445223668,0.50112048375,0.46949900329,0.42242188245,0.49613477236,0.49902318237,0.43433815524,0.45680990043,0.33515487798,0.14039767149,0.40505454465,0.3733828361,0.43566417203,0.32069855658
152.0,0.33470351226,0.47441367439,0.45955062607,0.44957794314,0.48308968873,0.47889849708,0.49874807423,0.4668215737,0.45766290823,0.37330494966,0.49874856405,0.49149758598,0.45871977981,0.29713579366,0.45429703851,0.50111100768,0.46938913579,0.42217575517,0.49610901873,0.49900683885,0.43412494609,0.45666170167,0.33470351226,0.13980584604,0.40476238962,0.37301325642,0.43545467618,0.32022002421
152.5,0.33425275218,0.47431927401,0.45941107091,0.44940898243,0.48302235587,0.47881802226,0.49873088876,0.46670391256,0.45751772886,0.37293648625,0.49873138017,0.49145697516,0.45857774436,0.29661941789,0.45414189325,0.50110153179,0.46927929396,0.42192977108,0.49608326644,0.49899049586,0.43391184142,0.45651355093,0.33425275218,0.13921651186,0.40447044474,0.3726440419,0.43524528078,0.31974220359
153.0,0.33380259694,0.47422489241,0.45927155808,0.44924008519,0.4829550324,0.47873756095,0.49871370389,0.46658628106,0.45737259548,0.37256838635,0.49871419688,0.49141636768,0.45843575283,0.29610393749,0.45398680087,0.50109205608,0.46916947781,0.4216839301,0.49605751549,0.4989741534,0.43369884118,0.45636544819,0.33380259694,0.13862965848,0.40417870986,0.37227519218,0.43503598578,0.31926509366
153.5,0.33335304573,0.47413052959,0.45913208757,0.44907125139,0.48288771831,0.47865711314,0.49869651961,0.46646867917,0.45722750808,0.37220064959,0.49869701418,0.49137576356,0.45829380521,0.29558935093,0.45383176135,0.50108258055,0.46905968732,0.42143823214,0.49603176587,0.49895781148,0.43348594529,0.45621739344,0.33335304573,0.1380452755,0.40388718483,0.37190670689,0.43482679113,0.31878869338
154.0,0.33290409774,0.47403618554,0.45899265936,0.448902481,0.48282041359,0.47857667884,0.49867933592,0.4663511069,0.45708246665,0.37183327562,0.49867983208,0.49133516279,0.45815190147,0.29507565665,0.45367677468,0.50107310519,0.46894992249,0.42119267713,0.49600601759,0.4989414701,0.43327315373,0.45606938665,0.33290409774,0.13746335254,0.40359586951,0.37153858569,0.43461769678,0.3183130017
154.5,0.33245575218,0.47394186025,0.45885327346,0.448733774,0.48275311825,0.47849625805,0.49866215282,0.46623356423,0.45693747116,0.37146626408,0.49866265057,0.49129456537,0.4580100416,0.29456285311,0.45352184084,0.50106363002,0.46884018332,0.42094726498,0.49598027065,0.49892512925,0.43306046644,0.45592142782,0.33245575218,0.13688387927,0.40330476373,0.3711708282,0.43440870268,0.31783801758
155.0,0.33200800824,0.47384755374,0.45871392983,0.44856513037,0.48268583229,0.47841585076,0.49864497032,0.46611605117,0.4567925216,0.37109961461,0.49864546965,0.4912539713,0.45786822559,0.29405093879,0.45336695981,0.50105415502,0.46873046979,0.42070199561,0.49595452504,0.49890878894,0.43284788336,0.45577351693,0.33200800824,0.13630684541,0.40301386736,0.37080343408,0.43419980879,0.31736373995
155.5,0.33156086512,0.47375326599,0.45857462848,0.44839655008,0.4826185557,0.47833545696,0.4986277884,0.46599856769,0.45664761797,0.37073332686,0.49862828932,0.49121338058,0.45772645344,0.29353991214,0.45321213157,0.50104468021,0.46862078191,0.42045686893,0.49592878077,0.49889244916,0.43263540445,0.45562565396,0.33156086512,0.13573224073,0.40272318023,0.37043640296,0.43399101506,0.3168901678
156.0,0.33111432202,0.47365899699,0.45843536938,0.44822803311,0.48255128848,0.47825507666,0.49861060708,0.46588111379,0.45650276024,0.37036740047,0.49861110958,0.49117279321,0.45758472511,0.29302977163,0.45305735611,0.50103520557,0.46851111966,0.42021188487,0.49590303783,0.49887610991,0.43242302965,0.45547783889,0.33111432202,0.13516005501,0.40243270221,0.37006973449,0.43378232144,0.31641730006
156.5,0.33066837813,0.47356474675,0.45829615253,0.44805957944,0.48248403064,0.47817470986,0.49859342635,0.46576368947,0.45635794839,0.37000183509,0.49859393044,0.4911322092,0.45744304061,0.29252051574,0.45290263341,0.50102573112,0.46840148304,0.41996704334,0.49587729623,0.4988597712,0.43221075892,0.45533007172,0.33066837813,0.13459027811,0.40214243314,0.3697034283,0.43357372788,0.31594513569
157.0,0.33022303267,0.47347051526,0.4581569779,0.44789118904,0.48241678216,0.47809435654,0.49857624621,0.46564629472,0.45621318243,0.36963663035,0.49857675188,0.49109162853,0.45730139991,0.29201214292,0.45274796344,0.50101625684,0.46829187204,0.41972234425,0.49585155596,0.49884343303,0.4319985922,0.45518235242,0.33022303267,0.13402289991,0.40185237287,0.36933748406,0.43336523433,0.31547367367
157.5,0.32977828484,0.47337630252,0.4580178455,0.44772286189,0.48234954306,0.47801401672,0.49855906667,0.46552892953,0.45606846232,0.36927178591,0.49855957392,0.49105105121,0.45715980301,0.29150465167,0.4525933462,0.50100678274,0.46818228667,0.41947778752,0.49582581703,0.49882709539,0.43178652944,0.45503468099,0.32977828484,0.13345791034,0.40156252126,0.36897190138,0.43315684075,0.31500291295
158.0,0.32933413383,0.47328210852,0.4578787553,0.44755459796,0.48228231332,0.47793369038,0.49854188771,0.46541159389,0.45592378806,0.3689073014,0.49854239655,0.49101047725,0.45701824988,0.29099804046,0.45243878166,0.50099730882,0.4680727269,0.41923337308,0.49580007944,0.49881075829,0.43157457059,0.4548870574,0.32933413383,0.13289529937,0.40127287814,0.36860667993,0.43294854709,0.31453285249
158.5,0.32889057885,0.47318793326,0.45773970729,0.44738639723,0.48221509295,0.47785337753,0.49852470935,0.4652942878,0.45577915964,0.36854317648,0.49852521977,0.49096990663,0.45687674052,0.29049230777,0.4522842698,0.50098783508,0.46796319274,0.41898910084,0.49577434318,0.49879442172,0.43136271561,0.45473948164,0.32889057885,0.13233505701,0.40098344339,0.36824181935,0.43274035331,0.31406349126
159.0,0.32844761911,0.47309377674,0.45760070147,0.44721825968,0.48214788194,0.47777307816,0.49850753158,0.46517701125,0.45563457703,0.36817941079,0.49850804359,0.49092933936,0.45673527492,0.28998745207,0.45212981061,0.50097836151,0.46785368418,0.41874497071,0.49574860826,0.49877808568,0.43115096443,0.45459195369,0.32844761911,0.13177717333,0.40069421684,0.36787731927,0.43253225935,0.31359482822
159.5,0.32800525382,0.47299963894,0.45746173781,0.44705018528,0.48208068029,0.47769279227,0.4984903544,0.46505976423,0.45549004022,0.36781600397,0.49849086799,0.49088877544,0.45659385305,0.28948347187,0.45197540408,0.50096888813,0.46774420121,0.41850098262,0.49572287467,0.49876175018,0.43093931702,0.45444447354,0.32800525382,0.13122163841,0.40040519834,0.36751317936,0.43232426516,0.31312686235
160.0,0.32756348218,0.47290551988,0.4573228163,0.44688217402,0.48201348801,0.47761251986,0.49847317781,0.46494254673,0.4553455492,0.36745295567,0.49847369299,0.49084821486,0.45645247491,0.28898036564,0.45182105017,0.50095941493,0.46763474384,0.41825713648,0.49569714242,0.49874541522,0.43072777331,0.45429704118,0.32756348218,0.13066844239,0.40011638775,0.36714939924,0.43211637071,0.31265959262
160.5,0.32712230341,0.47281141954,0.45718393694,0.44671422586,0.48194630509,0.47753226093,0.49845600182,0.46482535875,0.45520110396,0.36709026553,0.49845651857,0.49080765764,0.45631114048,0.28847813188,0.45166674888,0.5009499419,0.46752531204,0.41801343221,0.49567141151,0.49872908079,0.43051633326,0.45414965658,0.32712230341,0.13011757546,0.39982778493,0.36678597856,0.43190857593,0.31219301798
161.0,0.32668171671,0.47271733793,0.45704509971,0.44654634078,0.48187913153,0.47745201547,0.49843882642,0.46470820028,0.45505670447,0.36672793322,0.49843934475,0.49076710376,0.45616984975,0.28797676908,0.45151250018,0.50094046906,0.46741590582,0.41776986973,0.49564568192,0.49871274689,0.43030499682,0.45400231974,0.32668171671,0.12956902782,0.39953938971,0.36642291698,0.43170088079,0.31172713742
161.5,0.32624172129,0.47262327503,0.45690630459,0.44637851876,0.48181196733,0.47737178348,0.4984216516,0.46459107131,0.45491235073,0.36636595836,0.49842217153,0.49072655323,0.45602860271,0.28747627574,0.45135830407,0.50093099639,0.46730652517,0.41752644895,0.49561995368,0.49869641353,0.43009376394,0.45385503063,0.32624172129,0.12902278975,0.39925120195,0.36606021414,0.43149328524,0.31126194991
162.0,0.32580231637,0.47252923084,0.45676755158,0.44621075977,0.48174481248,0.47729156496,0.49840447738,0.46447397183,0.45476804272,0.36600434061,0.49840499889,0.49068600605,0.45588739933,0.28697665035,0.45120416051,0.50092152391,0.46719717009,0.41728316979,0.49559422677,0.49868008071,0.42988263456,0.45370778924,0.32580231637,0.12847885154,0.39896322151,0.36569786969,0.43128578923,0.31079745443
162.5,0.32536350116,0.47243520537,0.45662884065,0.4460430638,0.48167766699,0.4772113599,0.49838730376,0.46435690184,0.45462378043,0.36564307963,0.49838782684,0.49064546222,0.45574623962,0.28647789142,0.4510500695,0.5009120516,0.46708784056,0.41704003218,0.49556850119,0.49866374842,0.42967160864,0.45356059556,0.32536350116,0.12793720353,0.39867544823,0.36533588326,0.4310783927,0.31033364995
163.0,0.32492527487,0.4723411986,0.45649017181,0.44587543081,0.48161053086,0.47713116831,0.49837013072,0.46423986133,0.45447956384,0.36528217504,0.49837065539,0.49060492173,0.45560512355,0.28597999745,0.45089603101,0.50090257947,0.46697853658,0.41679703602,0.49554277695,0.49864741666,0.42946068612,0.45341344957,0.32492527487,0.12739783611,0.39838788197,0.36497425452,0.43087109563,0.30987053545
163.5,0.32448763672,0.47224721053,0.45635154503,0.44570786079,0.48154340408,0.47705099019,0.49835295827,0.46412285029,0.45433539293,0.36492162651,0.49835348452,0.49056438459,0.45546405111,0.28548296695,0.45074204502,0.50089310752,0.46686925816,0.41655418124,0.49551705405,0.49863108544,0.42924986696,0.45326635126,0.32448763672,0.12686073969,0.39810052257,0.36461298311,0.43066389794,0.30940810992
164.0,0.32405058593,0.47215324116,0.4562129603,0.44554035371,0.48147628665,0.47697082552,0.49833578642,0.46400586872,0.4541912677,0.36456143369,0.49833631425,0.49052385079,0.45532302229,0.28498679843,0.45058811153,0.50088363575,0.46676000527,0.41631146775,0.49549133248,0.49861475476,0.4290391511,0.45311930061,0.32405058593,0.12632590475,0.3978133699,0.36425206867,0.43045679961,0.30894637232
164.5,0.32361412171,0.47205929049,0.45607441761,0.44537290954,0.48140917857,0.47689067431,0.49831861516,0.4638889166,0.45404718813,0.36420159622,0.49831914457,0.49048332034,0.45518203707,0.28449149039,0.45043423051,0.50087416416,0.46665077791,0.41606889548,0.49546561224,0.49859842461,0.4288285385,0.4529722976,0.32361412171,0.12579332178,0.3975264238,0.36389151086,0.43024980058,0.30848532165
165.0,0.32317824328,0.4719653585,0.45593591695,0.44520552827,0.48134207984,0.47681053656,0.49830144449,0.46377199393,0.4539031542,0.36384211375,0.49830197548,0.49044279324,0.45504109545,0.28399704135,0.45028040194,0.50086469274,0.46654157609,0.41582646434,0.49543989334,0.49858209499,0.4286180291,0.45282534222,0.32317824328,0.12526298133,0.39723968413,0.36353130932,0.43004290081,0.30802495689
165.5,0.32274294986,0.47187144521,0.45579745831,0.44503820987,0.48127499045,0.47673041226,0.49828427441,0.4636551007,0.4537591659,0.36348298593,0.49828480699,0.49040226948,0.4549001974,0.28350344984,0.45012662581,0.50085522151,0.46643239979,0.41558417424,0.49541417578,0.49856576591,0.42840762286,0.45267843445,0.32274294986,0.12473487397,0.39695315073,0.3631714637,0.42983610024,0.30756527703
166.0,0.32230824067,0.4717775506,0.45565904166,0.44487095431,0.48120791042,0.47665030141,0.49826710492,0.46353823691,0.45361522322,0.36312421242,0.49826763908,0.49036174906,0.45475934292,0.28301071436,0.44997290209,0.50084575045,0.466323249,0.41534202511,0.49538845954,0.49854943736,0.42819731971,0.45253157429,0.32230824067,0.12420899033,0.39666682346,0.36281197366,0.42962939884,0.30710628105
166.5,0.32187411493,0.47168367467,0.45552066701,0.44470376158,0.48114083973,0.47657020401,0.49824993603,0.46342140255,0.45347132613,0.36276579286,0.49825047177,0.49032123199,0.45461853199,0.28251883344,0.44981923078,0.50083627958,0.46621412372,0.41510001687,0.49536274465,0.49853310935,0.42798711962,0.4523847617,0.32187411493,0.12368532106,0.39638070217,0.36245283884,0.42942279654,0.30664796794
167.0,0.32144057187,0.47158981741,0.45538233433,0.44453663165,0.48107377838,0.47649012006,0.49823276772,0.46330459761,0.45332747464,0.36240772691,0.49823330504,0.49028071827,0.45447776459,0.28202780561,0.44966561185,0.50082680888,0.46610502395,0.41485814943,0.49533703108,0.49851678187,0.42777702253,0.45223799668,0.32144057187,0.12316385687,0.39609478672,0.36209405889,0.42921629332,0.30619033669
167.5,0.32100761071,0.47149597883,0.45524404361,0.44436956449,0.48100672638,0.47641004955,0.49821560001,0.46318782207,0.45318366871,0.36205001421,0.49821613891,0.49024020789,0.45433704072,0.28153762938,0.44951204528,0.50081733837,0.46599594968,0.41461642272,0.49531131886,0.49850045493,0.4275670284,0.45209127922,0.32100761071,0.12264458849,0.39580907696,0.36173563346,0.42900988911,0.3057333863
168.0,0.32057523067,0.47140215892,0.45510579485,0.44420256008,0.48093968372,0.47632999248,0.49819843289,0.46307107595,0.45303990834,0.36169265443,0.49819897337,0.49019970085,0.45419636036,0.2810483033,0.44935853106,0.50080786803,0.4658869009,0.41437483664,0.49528560796,0.49848412852,0.42735713716,0.45194460929,0.32057523067,0.12212750671,0.39552357273,0.36137756221,0.42880358387,0.30527711576
168.5,0.32014343098,0.47130835767,0.45496758802,0.4440356184,0.48087265039,0.47624994885,0.49818126636,0.46295435922,0.45289619352,0.3613356472,0.49818180842,0.49015919716,0.4540557235,0.28055982589,0.44920506916,0.50079839787,0.46577787761,0.41413339112,0.4952598984,0.49846780264,0.42714734878,0.45179798689,0.32014343098,0.12161260233,0.3952382739,0.36101984478,0.42859737756,0.30482152405
169.0,0.31971221086,0.47121457509,0.45482942312,0.44386873943,0.48080562641,0.47616991867,0.49816410042,0.46283767188,0.45275252423,0.36097899219,0.49816464406,0.49011869681,0.45391513012,0.28007219568,0.44905165958,0.50078892789,0.46566887979,0.41389208608,0.49523419018,0.49845147731,0.4269376632,0.45165141199,0.31971221086,0.1210998662,0.39495318032,0.36066248083,0.42839127012,0.30436661019
169.5,0.31928156954,0.47112081116,0.45469130013,0.44370192313,0.48073861177,0.47608990191,0.49814693507,0.46272101393,0.45260890044,0.36062268904,0.4981474803,0.4900781998,0.45377458021,0.27958541122,0.44889830229,0.50077945809,0.46555990746,0.41365092143,0.49520848329,0.4984351525,0.42672808036,0.45150488458,0.31928156954,0.12058928923,0.39466829183,0.36030547001,0.42818526151,0.30391237316
170.0,0.31885150626,0.47102706588,0.45455321904,0.4435351695,0.48067160646,0.47600989859,0.49812977032,0.46260438535,0.45246532216,0.36026673741,0.49813031712,0.49003770614,0.45363407376,0.27909947104,0.44874499728,0.50076998846,0.46545096059,0.4134098971,0.49518277773,0.49841882823,0.42651860023,0.45135840464,0.31885150626,0.12008086233,0.3943836083,0.35994881197,0.42797935169,0.30345881197
170.5,0.31842202023,0.47093333926,0.45441517984,0.44336847849,0.48060461048,0.4759299087,0.49811260615,0.46248778614,0.45232178937,0.35991113696,0.49811315454,0.48999721582,0.45349361075,0.27861437369,0.44859174453,0.50076051902,0.46534203918,0.413169013,0.49515707351,0.49840250449,0.42630922275,0.45121197217,0.31842202023,0.11957457649,0.39409912957,0.35959250637,0.4277735406,0.30300592561
171.0,0.3179931107,0.47083963129,0.45427718251,0.4432018501,0.48053762384,0.47584993224,0.49809544258,0.46237121629,0.45217830204,0.35955588733,0.49809599254,0.48995672884,0.45335319117,0.2781301177,0.44843854401,0.50075104976,0.46523314323,0.41292826905,0.49513137062,0.49838618129,0.42609994787,0.45106558714,0.3179931107,0.11907042269,0.3938148555,0.35923655285,0.4275678282,0.3025537131
171.5,0.31756477689,0.47074594195,0.45413922705,0.4430352843,0.48047064653,0.4757699692,0.4980782796,0.46225467579,0.45203486018,0.35920098818,0.49807883114,0.4899162452,0.45321281501,0.27764670163,0.44828539572,0.50074158067,0.46512427274,0.41268766517,0.49510566906,0.49836985863,0.42589077554,0.45091924954,0.31756477689,0.11856839199,0.39353078595,0.35888095107,0.42736221444,0.30210217342
172.0,0.31713701803,0.47065227126,0.45400131343,0.44286878106,0.48040367856,0.47569001959,0.49806111721,0.46213816464,0.45189146375,0.35884643917,0.49806167033,0.48987576491,0.45307248225,0.27716412402,0.44813229963,0.50073211177,0.46501542768,0.41244720128,0.49507996884,0.49835353649,0.42568170572,0.45077295936,0.31713701803,0.11806847547,0.39324692076,0.35852570068,0.42715669928,0.30165130559
172.5,0.31670983337,0.4705586192,0.45386344166,0.44270234036,0.48033671991,0.4756100834,0.49804395541,0.46202168283,0.45174811276,0.35849223995,0.49804451011,0.48983528795,0.45293219288,0.27668238343,0.44797925573,0.50072264304,0.46490660807,0.4122068773,0.49505426995,0.4983372149,0.42547273834,0.45062671657,0.31670983337,0.11757066424,0.39296325979,0.35817080134,0.42695128266,0.30120110861
173.0,0.31628322212,0.47046498577,0.4537256117,0.44253596218,0.48026977059,0.47553016063,0.4980267942,0.46190523035,0.45160480717,0.35813839017,0.49802735048,0.48979481434,0.45279194689,0.27620147841,0.447826264,0.50071317449,0.46479781389,0.41196669314,0.4950285724,0.49832089383,0.42526387336,0.45048052117,0.31628322212,0.11707494946,0.39267980289,0.35781625271,0.42674596454,0.30075158149
173.5,0.31585718354,0.47037137097,0.45358782356,0.44236964649,0.4802028306,0.47545025128,0.49800963358,0.46178880719,0.45146154699,0.3577848895,0.49801019144,0.48975434407,0.45265174426,0.27572140752,0.44767332442,0.50070370612,0.46468904514,0.41172664873,0.49500287618,0.49830457331,0.42505511073,0.45033437313,0.31585718354,0.11658132233,0.39239654993,0.35746205443,0.42654074488,0.30030272325
174.0,0.31543171685,0.4702777748,0.45345007721,0.44220339327,0.48013589993,0.47537035534,0.49799247355,0.46167241335,0.45131833219,0.35743173758,0.49799303299,0.48971387714,0.45251158498,0.27524216931,0.44752043697,0.50069423793,0.46458030181,0.41148674398,0.49497718129,0.49828825331,0.4248464504,0.45018827245,0.31543171685,0.11608977406,0.39211350074,0.35710820616,0.42633562362,0.29985453288
174.5,0.31500682129,0.47018419725,0.45331237266,0.44203720249,0.48006897859,0.47529047282,0.49797531412,0.46155604882,0.45117516276,0.35707893408,0.49797587514,0.48967341355,0.45237146904,0.27476376235,0.44736760164,0.50068476992,0.4644715839,0.41124697882,0.49495148774,0.49827193385,0.42463789233,0.4500422191,0.31500682129,0.11560029592,0.39183065519,0.35675470756,0.42613060073,0.29940700941
175.0,0.31458249611,0.47009063831,0.45317470987,0.44187107414,0.48000206658,0.47521060371,0.49795815528,0.46143971359,0.45103203869,0.35672647864,0.49795871787,0.4896329533,0.45223139642,0.27428618521,0.44721481841,0.50067530209,0.46436289139,0.41100735316,0.49492579552,0.49825561493,0.42442943645,0.44989621308,0.31458249611,0.11511287923,0.39154801314,0.35640155828,0.42592567614,0.29896015184
175.5,0.31415874054,0.46999709799,0.45303708885,0.44170500819,0.47993516388,0.475130748,0.49794099702,0.46132340766,0.45088895996,0.35637437094,0.4979415612,0.48959249639,0.45209136711,0.27380943644,0.44706208726,0.50066583444,0.46425422429,0.41076786692,0.49490010463,0.49823929653,0.42422108272,0.44975025437,0.31415874054,0.11462751531,0.39126557442,0.35604875797,0.42572084983,0.2985139592
176.0,0.31373555382,0.46990357628,0.45289950957,0.44153900462,0.4798682705,0.4750509057,0.49792383936,0.46120713101,0.45074592656,0.35602261061,0.49792440512,0.48955204282,0.4519513811,0.27333351463,0.44690940817,0.50065636696,0.46414558259,0.41052852001,0.49487441507,0.49822297868,0.4240128311,0.44960434294,0.31373555382,0.11414419553,0.39098333891,0.35569630631,0.42551612173,0.29806843049
176.5,0.31331293519,0.46981007317,0.45276197203,0.44137306339,0.47980138645,0.4749710768,0.49790668229,0.46109088365,0.45060293848,0.35567119733,0.49790724962,0.48951159258,0.45181143837,0.27285841833,0.44675678113,0.50064689967,0.46403696627,0.41028931237,0.49484872685,0.49820666135,0.42380468152,0.4494584788,0.31331293519,0.11366291132,0.39070130645,0.35534420293,0.4253114918,0.29762356474
177.0,0.3128908839,0.46971658866,0.45262447621,0.4412071845,0.47973451171,0.47489126131,0.49788952581,0.46097466555,0.45045999569,0.35532013075,0.49789009472,0.48947114569,0.45167153891,0.27238414613,0.44660420611,0.50063743255,0.46392837535,0.41005024391,0.49482303997,0.49819034457,0.42359663395,0.44931266191,0.3128908839,0.11318365412,0.3904194769,0.35499244751,0.42510696,0.29717936097
177.5,0.31246939919,0.46962312276,0.45248702211,0.44104136791,0.47966764629,0.47481145922,0.49787236993,0.46085847672,0.45031709818,0.35496941053,0.49787294041,0.48943070214,0.45153168271,0.2719106966,0.44645168311,0.50062796561,0.4638198098,0.40981131455,0.49479735441,0.49817402831,0.42338868832,0.44916689227,0.31246939919,0.1127064154,0.39013785011,0.35464103969,0.42490252628,0.29673581819
178.0,0.31204848031,0.46952967545,0.4523496097,0.44087561361,0.47960079019,0.47473167052,0.49785521463,0.46074231715,0.45017424595,0.35461903632,0.49785578669,0.48939026192,0.45139186974,0.27143806831,0.44629921209,0.50061849886,0.46371126963,0.4095725242,0.49477167019,0.49815771259,0.4231808446,0.44902116986,0.31204848031,0.1122311867,0.38985642594,0.35428997913,0.42469819059,0.29629293544
178.5,0.3116281265,0.46943624673,0.45221223897,0.44070992157,0.47953394339,0.47465189522,0.49783805992,0.46062618683,0.45003143898,0.35426900779,0.49783863357,0.48934982504,0.45125210001,0.27096625986,0.44614679305,0.50060903228,0.46360275483,0.40933387279,0.4947459873,0.49814139741,0.42297310273,0.44887549467,0.3116281265,0.11175795955,0.38957520424,0.35393926549,0.42449395288,0.29585071172
179.0,0.311208337,0.46934283659,0.45207490992,0.44054429176,0.47946710592,0.47457213331,0.49782090581,0.46051008575,0.44988867724,0.35391932459,0.49782148103,0.4893093915,0.4511123735,0.27049526982,0.44599442597,0.50059956588,0.46349426539,0.40909536023,0.49472030575,0.49812508276,0.42276546267,0.44872986667,0.311208337,0.11128672555,0.38929418488,0.35358889844,0.42428981311,0.29540914608
179.5,0.31078911107,0.46924944505,0.45193762253,0.44037872416,0.47940027775,0.47449238479,0.49780375229,0.46039401391,0.44974596073,0.35356998639,0.49780432908,0.4892689613,0.45097269019,0.27002509678,0.44584211083,0.50059009966,0.4633858013,0.40885698646,0.49469462552,0.49810876864,0.42255792435,0.44858428586,0.31078911107,0.11081747633,0.38901336769,0.35323887762,0.42408577124,0.29496823752
180.0,0.31037044795,0.46915607208,0.45180037678,0.44021321875,0.47933345889,0.47441264965,0.49778659935,0.4602779713,0.44960328944,0.35322099285,0.49778717772,0.48922853444,0.45083305006,0.26955573933,0.44568984761,0.50058063361,0.46327736257,0.40861875137,0.49466894663,0.49809245506,0.42235048774,0.44843875222,0.31037044795,0.11035020354,0.38873275255,0.3528892027,0.42388182721,0.2945279851
180.5,0.30995234689,0.46906271768,0.45166317267,0.44004777551,0.47926664935,0.47433292791,0.49776944701,0.4601619579,0.44946066334,0.35287234361,0.49777002696,0.48918811091,0.45069345312,0.26908719607,0.44553763629,0.50057116775,0.46316894918,0.4083806549,0.49464326907,0.49807614201,0.42214315278,0.44829326574,0.30995234689,0.10988489888,0.38845233929,0.35253987334,0.42367798097,0.29408838782
181.0,0.30953480715,0.46896938186,0.45152601018,0.43988239441,0.47919984911,0.47425321955,0.49775229526,0.46004597372,0.44931808243,0.35252403835,0.49775287678,0.48914769072,0.45055389934,0.26861946557,0.44538547686,0.50056170207,0.46306056113,0.40814269697,0.49461759285,0.49805982949,0.42193591942,0.44814782639,0.30953480715,0.10942155407,0.38817212779,0.35219088919,0.42347423249,0.29364944472
181.5,0.30911782797,0.46887606461,0.4513888893,0.43971707543,0.47913305817,0.47417352457,0.4977351441,0.45993001875,0.4491755467,0.35217607673,0.4977357272,0.48910727386,0.4504143887,0.26815254644,0.4452333693,0.50055223656,0.46295219841,0.40790487748,0.49459191796,0.49804351751,0.42172878761,0.44800243417,0.30911782797,0.10896016087,0.3878921179,0.35184224992,0.42327058172,0.29321115484
182.0,0.30870140861,0.46878276593,0.45125181002,0.43955181855,0.47906627655,0.47409384296,0.49771799353,0.45981409298,0.44903305611,0.35182845841,0.49771857821,0.48906686035,0.45027492121,0.26768643728,0.44508131359,0.50054277123,0.46284386102,0.40766719638,0.49456624439,0.49802720607,0.42152175731,0.44785708905,0.30870140861,0.1085007111,0.38761230946,0.35149395519,0.4230670286,0.29277351721
182.5,0.30828554832,0.46868948581,0.45111477232,0.43938662374,0.47899950422,0.47401417474,0.49770084355,0.45969819639,0.44889061067,0.35148118304,0.49770142981,0.48902645016,0.45013549683,0.26722113669,0.44492930971,0.50053330609,0.46273554895,0.40742965356,0.49454057217,0.49801089515,0.42131482847,0.44771179103,0.30828554832,0.10804319657,0.38733270234,0.35114600465,0.4228635731,0.29233653086
183.0,0.30787024635,0.46859622424,0.45097777619,0.43922149097,0.4789327412,0.47393451989,0.49768369416,0.459582329,0.44874821036,0.3511342503,0.49768428199,0.48898604332,0.44999611557,0.26675664327,0.44477735765,0.50052384112,0.46262726219,0.40719224896,0.49451490127,0.49799458477,0.42110800103,0.44756654009,0.30787024635,0.10758760916,0.3870532964,0.35079839797,0.42266021516,0.29190019484
183.5,0.30745550197,0.46850298123,0.45084082162,0.43905642024,0.47886598748,0.47385487841,0.49766654537,0.45946649077,0.44860585516,0.35078765984,0.49766713477,0.48894563981,0.4498567774,0.26629295563,0.44462545739,0.50051437633,0.46251900074,0.40695498249,0.49448923171,0.49797827493,0.42090127494,0.44742133621,0.30745550197,0.10713394076,0.38677409148,0.35045113482,0.42245695474,0.29146450817
184.0,0.30704131442,0.46840975677,0.4507039086,0.4388914115,0.47879924306,0.47377525031,0.49764939716,0.45935068172,0.44846354506,0.35044141133,0.49764998814,0.48890523963,0.44971748232,0.26583007237,0.44447360891,0.50050491172,0.4624107646,0.40671785407,0.49446356348,0.49796196562,0.42069465016,0.44727617938,0.30704131442,0.10668218331,0.38649508745,0.35010421484,0.42225379179,0.29102946989
184.5,0.30662768297,0.46831655085,0.45056703711,0.43872646475,0.47873250794,0.47369563557,0.49763224955,0.45923490183,0.44832128004,0.35009550442,0.4976328421,0.48886484279,0.44957823031,0.26536799211,0.44432181219,0.50049544729,0.46230255376,0.40648086362,0.49443789658,0.49794565685,0.42048812664,0.44713106958,0.30662768297,0.10623232878,0.38621628416,0.34975763771,0.42205072627,0.29059507906
185.0,0.30621460688,0.46822336348,0.45043020714,0.43856157995,0.47866578212,0.47361603419,0.49761510252,0.4591191511,0.4481790601,0.34974993879,0.49761569665,0.48882444928,0.44943902135,0.26490671345,0.44417006722,0.50048598304,0.4621943682,0.40624401107,0.49441223101,0.4979293486,0.42028170432,0.4469860068,0.30621460688,0.10578436916,0.38593768146,0.34941140308,0.42184775812,0.29016133471
185.5,0.30580208539,0.46813019465,0.45029341868,0.43839675709,0.47859906559,0.47353644618,0.49759795609,0.45900342951,0.44803688521,0.34940471409,0.49759855179,0.48878405911,0.44929985544,0.26444623501,0.44401837397,0.50047651896,0.46208620793,0.40600729633,0.49438656677,0.4979130409,0.42007538316,0.44684099102,0.30580208539,0.1053382965,0.38565927923,0.34906551063,0.42164488731,0.28972823588
186.0,0.30539011778,0.46803704436,0.45015667172,0.43823199613,0.47853235835,0.47345687153,0.49758081024,0.45888773707,0.44789475536,0.34905982999,0.49758140752,0.48874367227,0.44916073255,0.26398655542,0.44386673244,0.50046705507,0.46197807294,0.40577071932,0.49436090387,0.49789673372,0.41986916311,0.44669602222,0.30539011778,0.10489410286,0.3853810773,0.34871996,0.42144211379,0.28929578161
186.5,0.3049787033,0.46794391259,0.45001996624,0.43806729706,0.47846566041,0.47337731024,0.49756366499,0.45877207375,0.44775267054,0.34871528616,0.49756426385,0.48870328877,0.44902165269,0.26352767328,0.4437151426,0.50045759135,0.46186996323,0.40553427997,0.4943352423,0.49788042708,0.41966304412,0.4465511004,0.3049787033,0.10445178034,0.38510307553,0.34837475087,0.42123943751,0.28886397097
187.0,0.30456784122,0.46785079936,0.44988330223,0.43790265986,0.47839897177,0.47329776231,0.49754652033,0.45865643957,0.44761063074,0.34837108226,0.49754712076,0.4886629086,0.44888261583,0.26306958722,0.44356360443,0.50044812781,0.46176187878,0.40529797819,0.49430958206,0.49786412098,0.41945702614,0.44640622554,0.30456784122,0.10401132108,0.3848252738,0.3480298829,0.42103685842,0.28843280298
187.5,0.3041575308,0.46775770465,0.44974667968,0.43773808449,0.47833229241,0.47321822773,0.49752937626,0.4585408345,0.44746863593,0.34802721795,0.49752997826,0.48862253176,0.44874362195,0.26261229587,0.44341211792,0.50043866446,0.4616538196,0.4050618139,0.49428392315,0.4978478154,0.41925110912,0.44626139762,0.3041575308,0.10357271725,0.38454767194,0.34768535575,0.42083437648,0.28800227671
188.0,0.3037477713,0.46766462846,0.44961009858,0.43757357095,0.47826562234,0.47313870651,0.49751223278,0.45842525854,0.44732668611,0.34768369289,0.49751283636,0.48858215825,0.44860467106,0.26215579785,0.44326068305,0.50042920128,0.46154578567,0.40482578702,0.49425826557,0.49783151037,0.419045293,0.44611661662,0.3037477713,0.10313596104,0.38427026982,0.34734116908,0.42063199164,0.2875723912
188.5,0.30333856199,0.46757157079,0.44947355891,0.43740911919,0.47819896156,0.47305919863,0.49749508989,0.45830971168,0.44718478126,0.34734050677,0.49749569504,0.48854178808,0.44846576313,0.2617000918,0.44310929981,0.50041973828,0.46143777699,0.40458989747,0.49423260932,0.49781520586,0.41883957775,0.44597188253,0.30333856199,0.10270104469,0.38399306729,0.34699732257,0.42042970385,0.2871431455
189.0,0.30292990214,0.46747853163,0.44933706066,0.43724472921,0.47813231007,0.4729797041,0.49747794759,0.45819419393,0.44704292137,0.34699765923,0.49747855432,0.48850142124,0.44832689815,0.26124517633,0.44295796817,0.50041027546,0.46132979355,0.40435414519,0.49420695441,0.49779890189,0.41863396331,0.44582719534,0.30292990214,0.10226796046,0.38371606422,0.34665381588,0.42022751307,0.28671453868
189.5,0.30252179101,0.46738551098,0.44920060382,0.43708040097,0.47806566787,0.47290022292,0.49746080588,0.45807870526,0.44690110642,0.34665514995,0.49746141418,0.48846105773,0.4481880761,0.2607910501,0.44280668812,0.50040081281,0.46122183535,0.40411853007,0.49418130083,0.49778259845,0.41842844964,0.44568255503,0.30252179101,0.10183670066,0.38343926045,0.34631064866,0.42002541926,0.28628656977
190.0,0.30211422787,0.46729250884,0.44906418837,0.43691613446,0.47799903494,0.47282075508,0.49744366476,0.45796324567,0.4467593364,0.34631297859,0.49744427464,0.48842069756,0.44804929699,0.26033771172,0.44265545963,0.50039135035,0.46111390239,0.40388305205,0.49415564858,0.49776629555,0.41822303668,0.44553796159,0.30211422787,0.10140725761,0.38316265585,0.3459678206,0.41982342236,0.28585923784
190.5,0.30170721199,0.4671995252,0.44892781431,0.43675192965,0.47793241131,0.47274130058,0.49742652423,0.45784781516,0.44661761129,0.34597114482,0.49742713568,0.48838034071,0.44791056078,0.25988515985,0.4425042827,0.50038188807,0.46100599465,0.40364771104,0.49412999765,0.49774999318,0.41801772438,0.445393415,0.30170721199,0.10097962367,0.38288625028,0.34562533135,0.41962152233,0.28543254194
191.0,0.30130074264,0.46710656006,0.44879148162,0.43658778651,0.47786579695,0.47266185942,0.4974093843,0.45773241371,0.44647593109,0.34562964831,0.49740999732,0.4883399872,0.44777186747,0.25943339312,0.44235315731,0.50037242596,0.46089811214,0.40341250697,0.49410434807,0.49773369135,0.4178125127,0.44524891524,0.30130074264,0.10055379124,0.38261004358,0.34528318057,0.41941971913,0.28500648114
191.5,0.30089481909,0.46701361342,0.44865519028,0.43642370503,0.47779919187,0.4725824316,0.49739224495,0.45761704132,0.44633429577,0.34528848873,0.49739285954,0.48829963702,0.44763321704,0.25898241018,0.44220208343,0.50036296403,0.46079025483,0.40317743976,0.49407869981,0.49771739005,0.41760740158,0.4451044623,0.30089481909,0.10012975274,0.38233403563,0.34494136795,0.4192180127,0.2845810545
192.0,0.30048944062,0.46692068526,0.4485189403,0.43625968519,0.47773259608,0.47250301711,0.49737510619,0.45750169799,0.44619270532,0.34494766574,0.49737572236,0.48825929017,0.44749460949,0.25853220966,0.44205106106,0.50035350229,0.46068242274,0.40294250932,0.49405305288,0.49770108928,0.41740239099,0.44496005617,0.30048944062,0.099707500636,0.38205822627,0.34459989313,0.41901640301,0.28415626107
192.5,0.30008460649,0.4668277756,0.44838273164,0.43609572695,0.47766600956,0.47242361595,0.49735796803,0.4573863837,0.44605115973,0.34460717901,0.49735858577,0.48821894665,0.44735604479,0.25808279023,0.44190009016,0.50034404072,0.46057461585,0.40270771558,0.49402740728,0.49768478905,0.41719748086,0.44481569683,0.30008460649,0.099287027413,0.38178261537,0.3442587558,0.41881489,0.28373209992
193.0,0.29968031598,0.46673488442,0.44824656431,0.43593183029,0.47759943232,0.47234422813,0.49734083045,0.45727109845,0.44590965898,0.3442670282,0.49734144976,0.48817860646,0.44721752294,0.25763415052,0.44174917073,0.50033457933,0.46046683416,0.40247305845,0.49400176302,0.49766848935,0.41699267115,0.44467138426,0.29968031598,0.098868325593,0.38150720277,0.34391795561,0.41861347363,0.28330857011
193.5,0.29927656836,0.46664201172,0.44811043828,0.4357679952,0.47753286435,0.47226485363,0.49732369347,0.45715584223,0.44576820306,0.343927213,0.49732431435,0.4881382696,0.44707904392,0.2571862892,0.44159830275,0.50032511812,0.46035907766,0.40223853787,0.49397612008,0.49765219018,0.4167879618,0.44452711845,0.29927656836,0.098451387727,0.38123198835,0.34357749224,0.41841215385,0.28288567071
194.0,0.29887336292,0.46654915749,0.44797435355,0.43560422165,0.47746630566,0.47218549246,0.49730655707,0.45704061504,0.44562679196,0.34358773307,0.49730717953,0.48809793607,0.44694060772,0.25673920491,0.4414474862,0.50031565708,0.46025134634,0.40200415374,0.49395047848,0.49763589155,0.41658335278,0.44438289939,0.29887336292,0.098036206398,0.38095697196,0.34323736536,0.41821093062,0.28246340079
194.5,0.29847069892,0.46645632174,0.4478383101,0.43544050962,0.47739975624,0.47210614461,0.49728942127,0.45692541686,0.44548542565,0.34324858807,0.4972900453,0.48805760586,0.44680221432,0.25629289632,0.44129672106,0.50030619623,0.46014364021,0.401769906,0.49392483821,0.49761959345,0.41637884404,0.44423872705,0.29847069892,0.097622774221,0.38068215345,0.34289757462,0.41800980389,0.28204175941
195.0,0.29806857565,0.46636350446,0.44770230792,0.43527685907,0.47733321609,0.47202681008,0.49727228606,0.45681024769,0.44534410414,0.34290977768,0.49727291166,0.48801727899,0.44666386372,0.25584736207,0.44114600732,0.50029673556,0.46003595925,0.40153579455,0.49389919926,0.49760329588,0.41617443551,0.44409460143,0.29806857565,0.097211083842,0.38040753269,0.34255811971,0.41780877361,0.28162074564
195.5,0.29766699237,0.46627070565,0.447566347,0.43511327,0.47726668521,0.47194748887,0.49725515143,0.45669510752,0.44520282739,0.34257130156,0.4972557786,0.48797695545,0.44652555589,0.25540260085,0.44099534495,0.50028727506,0.45992830345,0.40130181933,0.49387356165,0.49758699885,0.41597012716,0.44395052251,0.29766699237,0.096801127936,0.38013310953,0.34221900029,0.41760783975,0.28120035856
196.0,0.29726594839,0.4661779253,0.44743042733,0.43494974237,0.4772001636,0.47186818097,0.4972380174,0.45657999634,0.44506159541,0.3422331594,0.49723864614,0.48793663523,0.44638729084,0.2549586113,0.44084473395,0.50027781474,0.45982067282,0.40106798025,0.49384792537,0.49757070235,0.41576591894,0.44380649028,0.29726594839,0.09639289921,0.37985888384,0.34188021603,0.41740700224,0.28078059724
196.5,0.29686544296,0.4660851634,0.44729454889,0.43478627617,0.47713365126,0.47178888639,0.49722088396,0.45646491415,0.44492040817,0.34189535085,0.49722151427,0.48789631834,0.44624906853,0.25451539209,0.44069417429,0.5002683546,0.45971306734,0.40083427724,0.49382229042,0.49755440639,0.41556181079,0.44366250471,0.29686544296,0.095986390402,0.37958485546,0.3415417666,0.41720626106,0.28036146074
197.0,0.29646547539,0.46599241996,0.44715871167,0.43462287137,0.47706714819,0.47170960513,0.4972037511,0.45634986094,0.44477926566,0.34155787559,0.49720438299,0.48785600479,0.44611088896,0.2540729419,0.44054366595,0.50025889465,0.45960548702,0.40060071021,0.4937966568,0.49753811096,0.41535780266,0.4435185658,0.29646547539,0.095581594279,0.37931102427,0.34120365167,0.41700561614,0.27994294816
197.5,0.29606604493,0.46589969497,0.44702291566,0.43445952795,0.47700065438,0.47163033717,0.49718661884,0.4562348367,0.44463816786,0.34122073329,0.4971872523,0.48781569455,0.44597275212,0.25363125939,0.44039320892,0.50024943487,0.45949793184,0.40036727908,0.49377102451,0.49752181606,0.41515389452,0.44337467352,0.29606604493,0.095178503639,0.37903739011,0.34086587091,0.41680506745,0.27952505855
198.0,0.29566715089,0.46580698843,0.44688716084,0.43429624588,0.47693416983,0.47155108252,0.49716948717,0.45611984143,0.44449711477,0.34088392363,0.4971701222,0.48777538765,0.44583465799,0.25319034324,0.44024280318,0.50023997526,0.45939040179,0.40013398379,0.49374539355,0.4975055217,0.41495008631,0.44323082787,0.29566715089,0.094777111311,0.37876395285,0.34052842399,0.41660461494,0.27910779101
198.5,0.29526879255,0.46571430034,0.44675144721,0.43413302514,0.47686769455,0.47147184117,0.49715235609,0.45600487512,0.44435610636,0.34054744627,0.49715299269,0.48773508407,0.44569660656,0.25275019213,0.44009244872,0.50023051584,0.45928289688,0.39990082424,0.49371976392,0.49748922787,0.41474637797,0.44308702883,0.29526879255,0.094377410152,0.37849071235,0.34019131059,0.41640425856,0.27869114461
199.0,0.29487096918,0.46562163068,0.44661577475,0.43396986571,0.47680122852,0.47139261313,0.49713522559,0.45588993776,0.44421514263,0.34021130089,0.49713586376,0.48769478382,0.44555859782,0.25231080472,0.43994214551,0.5002210566,0.4591754171,0.39966780036,0.49369413562,0.49747293457,0.41454276947,0.44294327638,0.29487096918,0.093979393051,0.37821766846,0.33985453037,0.41620399828,0.27827511842
199.5,0.29447368008,0.46552897946,0.44648014344,0.43380676757,0.47673477176,0.47131339839,0.49711809569,0.45577502933,0.44407422356,0.33987548716,0.49711873543,0.4876544869,0.44542063175,0.2518721797,0.43979189354,0.50021159753,0.45906796244,0.39943491207,0.49366850865,0.49745664181,0.41433926076,0.44279957051,0.29447368008,0.093583052926,0.37794482105,0.339518083,0.41600383403,0.27785971154
200.0,0.29407692454,0.46543634668,0.44634455328,0.43364373069,0.47666832426,0.47123419695,0.49710096638,0.45566014985,0.44393334913,0.33954000475,0.49710160769,0.4876141933,0.44528270834,0.25143431576,0.43964169279,0.50020213865,0.45896053289,0.3992021593,0.49364288301,0.49744034958,0.41413585177,0.44265591121,0.29407692454,0.093188382725,0.37767216997,0.33918196816,0.41580376578,0.27744492305
200.5,0.29368070183,0.46534373232,0.44620900426,0.43348075504,0.47660188601,0.47115500881,0.49708383766,0.45554529929,0.44379251934,0.33920485334,0.49708448054,0.48757390303,0.44514482758,0.25099721157,0.43949154324,0.50019267994,0.45885312845,0.39896954196,0.4936172587,0.49742405789,0.41393254248,0.44251229845,0.29368070183,0.092795375424,0.37739971508,0.33884618553,0.41560379348,0.27703075202
201.0,0.29328501126,0.46525113639,0.44607349636,0.43331784062,0.47653545702,0.47107583395,0.49706670953,0.45543047766,0.44365173416,0.3388700326,0.49706735398,0.48753361609,0.44500698945,0.25056086582,0.43934144488,0.50018322141,0.45874574912,0.39873705997,0.49359163572,0.49740776672,0.41372933282,0.44236873223,0.29328501126,0.09240402403,0.37712745625,0.33851073476,0.41540391708,0.27661719756
201.5,0.29288985211,0.46515855888,0.44593802956,0.43315498739,0.47646903728,0.4709966724,0.49704958199,0.45531568494,0.44351099359,0.3385355422,0.49705022801,0.48749333247,0.44486919394,0.25012527721,0.43919139769,0.50017376306,0.45863839488,0.39850471326,0.49356601406,0.49739147609,0.41352622274,0.44222521252,0.29288985211,0.092014321579,0.37685539333,0.33817561555,0.41520413654,0.27620425873
202.0,0.29249522367,0.46506599978,0.44580260386,0.43299219533,0.4764026268,0.47091752413,0.49703245504,0.45520092113,0.4433702976,0.33820138182,0.49703310263,0.48745305218,0.44473144104,0.24969044442,0.43904140165,0.50016430489,0.45853106574,0.39827250175,0.49354039374,0.497375186,0.41332321221,0.44208173932,0.29249522367,0.091626261137,0.37658352618,0.33784082755,0.41500445181,0.27579193464
202.5,0.29210112523,0.46497345911,0.44566721924,0.43282946442,0.47633622557,0.47083838914,0.49701532868,0.45508618621,0.44322964619,0.33786755114,0.49701597783,0.48741277521,0.44459373074,0.24925636615,0.43889145674,0.5001548469,0.45842376168,0.39804042536,0.49351477475,0.49735889644,0.41312030117,0.44193831261,0.29210112523,0.091239835797,0.37631185466,0.33750637044,0.41480486286,0.27538022437
203.0,0.29170755609,0.46488093684,0.4455318757,0.43266679463,0.47626983359,0.47075926745,0.4969982029,0.45497148019,0.44308903934,0.33753404982,0.49699885363,0.48737250156,0.44445606302,0.24882304109,0.43874156295,0.50014538909,0.4583164827,0.39780848401,0.49348915709,0.49734260741,0.41291748958,0.44179493237,0.29170755609,0.090855038682,0.37604037864,0.33717224391,0.41460536962,0.27496912701
203.5,0.29131451554,0.46478843298,0.44539657321,0.43250418594,0.47620345086,0.47068015904,0.49698107772,0.45485680305,0.44294847703,0.33720087755,0.49698173002,0.48733223124,0.44431843786,0.24839046794,0.43859172026,0.50013593145,0.45820922879,0.39757667762,0.49346354076,0.49732631891,0.41271477737,0.44165159859,0.29131451554,0.090471862945,0.37576909797,0.33683844761,0.41440597206,0.27455864166
204.0,0.29092200287,0.46469594752,0.44526131177,0.43234163834,0.47613707738,0.4706010639,0.49696395313,0.4547421548,0.44280795926,0.336868034,0.496964607,0.48729196425,0.44418085526,0.24795864541,0.43844192866,0.500126474,0.45810199996,0.39734500612,0.49343792575,0.49731003095,0.41251216452,0.44150831125,0.29092200287,0.090090301765,0.37549801251,0.33650498123,0.41420667013,0.27414876741
204.5,0.29053001739,0.46460348047,0.44512609137,0.43217915179,0.47607071315,0.47052198205,0.49694682913,0.45462753541,0.44266748601,0.33653551884,0.49694748457,0.48725170058,0.4440433152,0.24752757218,0.43829218811,0.50011701672,0.45799479618,0.39711346942,0.49341231208,0.49729374352,0.41230965096,0.44136507034,0.29053001739,0.089710348353,0.37522712212,0.33617184445,0.41400746378,0.27373950335
205.0,0.29013855838,0.46451103181,0.44499091198,0.43201672627,0.47600435816,0.47044291347,0.49692970572,0.45451294488,0.44252705726,0.33620333176,0.49693036272,0.48721144023,0.44390581767,0.24709724698,0.43814249862,0.50010755962,0.45788761746,0.39688206746,0.49338669973,0.49727745663,0.41210723664,0.44122187584,0.29013855838,0.089331995945,0.37495642667,0.33583903693,0.41380835298,0.27333084859
205.5,0.28974762514,0.46441860154,0.44485577361,0.43185436176,0.47593801241,0.47036385817,0.4969125829,0.45439838321,0.44238667301,0.33587147242,0.49691324147,0.4871711832,0.44376836266,0.2466676685,0.43799286015,0.5000981027,0.4577804638,0.39665080014,0.49336108872,0.49726117026,0.41190492153,0.44107872774,0.28974762514,0.088955237808,0.37468592601,0.33550655835,0.41360933767,0.27292280221
206.0,0.28935721698,0.46432618966,0.44472067623,0.43169205825,0.47587167591,0.47028481614,0.49689546067,0.45428385039,0.44224633323,0.33553994051,0.49689612081,0.4871309295,0.44363095015,0.24623883545,0.4378432727,0.50008864596,0.45767333518,0.39641966739,0.49333547903,0.49724488444,0.41170270557,0.44093562603,0.28935721698,0.088580067236,0.37441562,0.33517440839,0.4134104178,0.27251536333
206.5,0.28896733319,0.46423379617,0.44458561983,0.43152981569,0.47580534865,0.47020578738,0.49687833903,0.45416934641,0.44210603791,0.3352087357,0.49687900073,0.48709067912,0.44349358013,0.24581074655,0.43769373624,0.5000791894,0.45756623159,0.39618866914,0.49330987067,0.49722859914,0.41150058872,0.44079257068,0.28896733319,0.088206477551,0.37414550851,0.33484258672,0.41321159334,0.27210853103
207.0,0.28857797307,0.46414142106,0.44445060441,0.43136763408,0.47573903064,0.47012677188,0.49686121797,0.45405487127,0.44196578704,0.33487785767,0.49686188125,0.48705043206,0.44335625258,0.2453834005,0.43754425076,0.50006973302,0.45745915304,0.3959578053,0.49328426364,0.49721231438,0.41129857091,0.44064956169,0.28857797307,0.087834462103,0.37387559139,0.33451109303,0.41301286423,0.27170230443
207.5,0.28818913592,0.46404906433,0.44431562995,0.43120551338,0.47567272186,0.47004776965,0.49684409751,0.45394042495,0.4418255806,0.3345473061,0.49684476236,0.48701018833,0.4432189675,0.24495679604,0.43739481624,0.50006027681,0.45735209952,0.3957270758,0.49325865794,0.49719603015,0.41109665212,0.44050659903,0.28818913592,0.087464014271,0.37360586851,0.33417992698,0.41281423044,0.27129668262
208.0,0.28780082104,0.46395672597,0.44418069643,0.43104345358,0.47560642232,0.46996878069,0.49682697764,0.45382600746,0.44168541859,0.33421708067,0.49682764405,0.48696994792,0.44308172487,0.24453093186,0.43724543266,0.50005082079,0.45724507102,0.39549648056,0.49323305357,0.49717974645,0.41089483228,0.4403636827,0.28780082104,0.08709512746,0.37333633973,0.33384908826,0.41261569191,0.2708916647
208.5,0.28741302775,0.46386440598,0.44404580385,0.43088145466,0.47554013201,0.46988980498,0.49680985836,0.45371161877,0.44154530098,0.33388718105,0.49681052634,0.48692971083,0.44294452468,0.2441058067,0.43709610001,0.50004136494,0.45713806754,0.3952660195,0.49320745053,0.49716346329,0.41069311135,0.44022081268,0.28741302775,0.086727795105,0.3730670049,0.33351857654,0.41241724861,0.2704872498
209.0,0.28702575534,0.46377210436,0.44391095219,0.43071951658,0.47547385094,0.46981084254,0.49679273966,0.45359725889,0.44140522776,0.33355760692,0.49679340921,0.48688947706,0.44280736691,0.24368141927,0.43694681827,0.50003190928,0.45703108906,0.39503569255,0.49318184882,0.49714718066,0.41049148929,0.44007798895,0.28702575534,0.086362010665,0.3727978639,0.3331883915,0.41221890047,0.270083437
209.5,0.28663900311,0.4636798211,0.44377614144,0.43055763934,0.47540757911,0.46973189335,0.49677562156,0.45348292781,0.44126519892,0.33322835797,0.49677629268,0.48684924661,0.44267025155,0.2432577683,0.43679758742,0.50002245379,0.45692413559,0.39480549962,0.49315624843,0.49713089857,0.41028996603,0.4399352115,0.28663900311,0.08599776763,0.37252891657,0.33285853282,0.41202064747,0.26968022543
210.0,0.28625277037,0.4635875562,0.44364137158,0.43039582289,0.47534131651,0.46965295741,0.49675850405,0.45336862552,0.44112521444,0.33289943387,0.49675917673,0.48680901948,0.44253317859,0.24283485251,0.43664840744,0.50001299848,0.45681720712,0.39457544064,0.49313064938,0.497114617,0.41008854155,0.43979248031,0.28625277037,0.085635059516,0.37226016279,0.33252900018,0.41182248955,0.26927761418
210.5,0.28586705644,0.46349530966,0.44350664262,0.43023406723,0.47527506314,0.46957403473,0.49674138713,0.45325435201,0.44098527432,0.3325708343,0.49674206137,0.48676879568,0.44239614802,0.24241267064,0.43649927833,0.50000354335,0.45671030364,0.39434551553,0.49310505165,0.49709833597,0.40988721578,0.43964979537,0.28586705644,0.085273879864,0.3719916024,0.33219979325,0.41162442668,0.26887560238
211.0,0.28548186061,0.46340308147,0.44337195452,0.43007237233,0.475208819,0.4694951253,0.49672427079,0.45314010728,0.44084537853,0.33224255894,0.49672494661,0.48672857519,0.44225915981,0.24199122142,0.43635020005,0.49999408839,0.45660342515,0.39411572422,0.49307945525,0.49708205548,0.40968598867,0.43950715667,0.28548186061,0.084914222246,0.37172323529,0.33187091172,0.41142645879,0.26847418913
211.5,0.28509718219,0.46331087163,0.44323730729,0.42991073816,0.47514258408,0.46941622911,0.49670715505,0.45302589132,0.44070552706,0.33191460747,0.49670783243,0.48668835802,0.44212221397,0.24157050357,0.43620117259,0.49998463362,0.45649657163,0.39388606662,0.49305386018,0.49706577551,0.40948486019,0.43936456418,0.28509718219,0.084556080259,0.3714550613,0.33154235527,0.41122858586,0.26807337355
212.0,0.2847130205,0.46321868013,0.4431027009,0.42974916471,0.4750763584,0.46933734617,0.49669003989,0.45291170412,0.44056571991,0.33158697958,0.49669071884,0.48664814418,0.44198531047,0.24115051584,0.43605219594,0.49997517902,0.4563897431,0.39365654265,0.49302826643,0.49704949608,0.40928383028,0.4392220179,0.2847130205,0.084199447525,0.37118708029,0.33121412356,0.41103080782,0.26767315475
212.5,0.28432937484,0.46312650698,0.44296813535,0.42958765195,0.47501014195,0.46925847647,0.49667292533,0.45279754567,0.44042595704,0.33125967494,0.49667360584,0.48660793365,0.4418484493,0.24073125697,0.43590327007,0.49996572461,0.45628293953,0.39342715225,0.49300267402,0.49703321718,0.40908289889,0.43907951781,0.28432937484,0.083844317697,0.37091929214,0.33088621629,0.41083312465,0.26727353185
213.0,0.28394624453,0.46303435216,0.44283361062,0.42942619985,0.47494393471,0.46917962002,0.49665581135,0.45268341598,0.44028623846,0.33093269324,0.49665649343,0.48656772644,0.44171163045,0.24031272568,0.43575439498,0.49995627037,0.45617616092,0.39319789533,0.49297708293,0.49701693882,0.40888206598,0.43893706389,0.28394624453,0.08349068445,0.3706516967,0.33055863314,0.41063553629,0.26687450396
213.5,0.28356362887,0.46294221568,0.4426991267,0.4292648084,0.47487773671,0.4691007768,0.49663869797,0.45256931502,0.44014656414,0.33060603415,0.49663938161,0.48652752255,0.44157485391,0.23989492073,0.43560557064,0.49994681631,0.45606940727,0.39296877182,0.49295149317,0.49700066099,0.4086813315,0.43879465612,0.28356362887,0.083138541489,0.37038429383,0.33023137378,0.41043804269,0.26647607021
214.0,0.28318152719,0.46285009752,0.44256468358,0.42910347757,0.47481154792,0.46902194682,0.49662158517,0.45245524279,0.44000693407,0.33027969736,0.49662227038,0.48648732198,0.44143811967,0.23947784085,0.43545679703,0.49993736243,0.45596267858,0.39273978163,0.49292590474,0.49698438369,0.4084806954,0.43865229451,0.28318152719,0.082787882544,0.3701170834,0.3299044379,0.41024064382,0.26607822971
214.5,0.28279993879,0.4627579977,0.44243028125,0.42894220735,0.47474536836,0.46894313007,0.49660447297,0.4523411993,0.43986734824,0.32995368256,0.49660515974,0.48644712473,0.4413014277,0.2390614848,0.43530807415,0.49992790873,0.45585597483,0.39251092469,0.49290031764,0.49696810692,0.40828015763,0.43850997902,0.28279993879,0.082438701371,0.36985006527,0.32957782517,0.41004333962,0.26568098159
215.0,0.28241886298,0.4626659162,0.44229591969,0.4287809977,0.47467919801,0.46886432655,0.49658736135,0.45222718451,0.43972780664,0.32962798942,0.49658804969,0.4864069308,0.441164778,0.23864585132,0.43515940196,0.49991845521,0.45574929602,0.39228220093,0.49287473186,0.49695183069,0.40807971814,0.43836770965,0.28241886298,0.082090991752,0.36958323929,0.32925153528,0.40984613006,0.26528432497
215.5,0.2820382991,0.46257385301,0.44216159889,0.4286198486,0.47461303689,0.46878553627,0.49657025032,0.45211319845,0.43958830924,0.32930261762,0.49657094023,0.48636674018,0.44102817056,0.23823093917,0.43501078046,0.49990900186,0.45564264214,0.39205361026,0.49284914742,0.49693555499,0.40787937689,0.43822548637,0.2820382991,0.081744747497,0.36931660534,0.32892556792,0.40964901508,0.26488825897
216.0,0.28165824644,0.46248180815,0.44202731884,0.42845876003,0.47454688498,0.46870675921,0.49655313988,0.45199924108,0.43944885605,0.32897756686,0.49655383136,0.48632655288,0.44089160535,0.23781674709,0.43486220963,0.4998995487,0.4555360132,0.39182515262,0.4928235643,0.49691927983,0.40767913382,0.43808330918,0.28165824644,0.08139996244,0.36905016328,0.32859992276,0.40945199465,0.26449278272
216.5,0.28127870433,0.46238978159,0.44189307953,0.42829773198,0.47448074229,0.46862799538,0.49653603004,0.45188531241,0.43930944703,0.3286528368,0.49653672307,0.4862863689,0.44075508238,0.23740327384,0.43471368945,0.49989009571,0.45542940917,0.39159682791,0.4927979825,0.49690300519,0.4074789889,0.43794117806,0.28127870433,0.081056630441,0.36878391296,0.32827459948,0.40925506871,0.26409789534
217.0,0.28089967209,0.46229777335,0.44175888094,0.42813676441,0.47441460881,0.46854924477,0.49651892078,0.45177141243,0.43917008218,0.32832842715,0.49651961538,0.48624618824,0.44061860162,0.23699051817,0.4345652199,0.4998806429,0.45532283006,0.39136863607,0.49277240204,0.49688673109,0.40727894206,0.437799093,0.28089967209,0.080714745387,0.36851785425,0.32794959777,0.40905823722,0.26370359597
217.5,0.28052114904,0.4622057834,0.44162472307,0.4279758573,0.47434848455,0.46847050738,0.49650181211,0.45165754114,0.43903076149,0.32800433758,0.49650250827,0.48620601089,0.44048216306,0.23657847886,0.43441680096,0.49987119028,0.45521627587,0.39114057701,0.4927468229,0.49687045752,0.40707899327,0.43765705397,0.28052114904,0.08037430119,0.36825198702,0.32762491731,0.40886150014,0.26330988372
218.0,0.28014313449,0.46211381176,0.44149060589,0.42781501063,0.4742823695,0.46839178321,0.49648470403,0.45154369852,0.43889148494,0.32768056777,0.49648540176,0.48616583686,0.44034576669,0.23616715465,0.43426843263,0.49986173783,0.45510974657,0.39091265066,0.49272124509,0.49685418449,0.40687914248,0.43751506097,0.28014313449,0.080035291786,0.36798631112,0.32730055779,0.40866485742,0.26291675774
218.5,0.27976562778,0.46202185842,0.4413565294,0.42765422438,0.47421626366,0.46831307226,0.49646759654,0.45142988457,0.43875225251,0.32735711741,0.49646829583,0.48612566615,0.4402094125,0.23575654431,0.43412011487,0.49985228555,0.45500324218,0.39068485695,0.49269566861,0.49683791199,0.40667938964,0.43737311398,0.27976562778,0.079697711139,0.36772082642,0.32697651889,0.40846830902,0.26252421716
219.0,0.27938862821,0.46192992337,0.44122249359,0.42749349853,0.47415016703,0.46823437452,0.49645048964,0.45131609927,0.43861306419,0.32703398619,0.49645119049,0.48608549875,0.44007310047,0.23534664661,0.43397184768,0.49984283346,0.45489676268,0.3904571958,0.49267009346,0.49682164002,0.40647973469,0.43723121298,0.27938862821,0.079361553237,0.36745553279,0.32665280029,0.40827185489,0.2621322611
219.5,0.27901213511,0.46183800662,0.44108849844,0.42733283305,0.47408407961,0.46815568999,0.49643338332,0.45120234264,0.43847391998,0.3267111738,0.49643408575,0.48604533467,0.43993683059,0.23493746031,0.43382363104,0.49983338155,0.45479030807,0.39022966712,0.49264451963,0.49680536858,0.4062801776,0.43708935797,0.27901213511,0.079026812093,0.36719043007,0.32632940168,0.40807549498,0.2617408887
220.0,0.27863614781,0.46174610815,0.44095454394,0.42717222791,0.4740180014,0.46807701867,0.4964162776,0.45108861464,0.43833481985,0.3263886799,0.49641698159,0.4860051739,0.43980060285,0.23452898419,0.43367546492,0.49982392981,0.45468387834,0.39000227084,0.49261894713,0.49678909768,0.40608071831,0.43694754892,0.27863614781,0.078693481745,0.36692551815,0.32600632273,0.40787922926,0.26135009909
220.5,0.27826066563,0.46165422796,0.44082063008,0.42701168311,0.47395193239,0.46799836057,0.49639917247,0.45097491529,0.43819576379,0.32606650421,0.49639987802,0.48596501645,0.43966441723,0.23412121701,0.43352734932,0.49981447826,0.45457747349,0.3897750069,0.49259337595,0.49677282731,0.40588135678,0.43680578582,0.27826066563,0.078361556258,0.36666079688,0.32568356315,0.40768305767,0.26095989142
221.0,0.2778856879,0.46156236605,0.44068675684,0.42685119861,0.47388587259,0.46791971566,0.49638206792,0.45086124457,0.43805675178,0.32574464639,0.49638277504,0.48592486231,0.43952827373,0.23371415755,0.43337928421,0.49980502688,0.45447109351,0.38954787519,0.49256780611,0.49675655747,0.40568209296,0.43666406865,0.2778856879,0.078031029719,0.36639626613,0.32536112261,0.40748698017,0.26057026482
221.5,0.27751121394,0.46147052242,0.44055292422,0.42669077439,0.47381982199,0.46784108396,0.49636496397,0.45074760247,0.43791778382,0.32542310613,0.49636567265,0.48588471149,0.43939217232,0.23330780459,0.43323126958,0.49979557568,0.45436473839,0.38932087567,0.49254223759,0.49674028816,0.4054829268,0.43652239741,0.27751121394,0.077701896242,0.36613192575,0.3250390008,0.40729099673,0.26018121843
222.0,0.27713724308,0.46137869706,0.4404191322,0.42653041043,0.47375378059,0.46776246546,0.4963478606,0.450633989,0.43777885989,0.32510188313,0.49634857084,0.48584456398,0.439256113,0.2329021569,0.43308330542,0.49978612466,0.45425840813,0.38909400823,0.4925166704,0.49672401939,0.40528385825,0.43638077207,0.27713724308,0.077374149964,0.36586777562,0.3247171974,0.40709510728,0.25979275139
222.5,0.27676377465,0.46128688997,0.44028538076,0.42637010671,0.47368774839,0.46768386016,0.49633075783,0.45052040413,0.43763997997,0.32478097707,0.49633146963,0.48580441979,0.43912009575,0.23249721326,0.43293539169,0.49977667382,0.45415210273,0.38886727282,0.49249110453,0.49670775115,0.40508488727,0.43623919263,0.27676377465,0.077047785048,0.36560381559,0.3243957121,0.40689931179,0.25940486284
223.0,0.27639080798,0.46119510114,0.44015166991,0.42620986321,0.47362172539,0.46760526806,0.49631365564,0.45040684787,0.43750114406,0.32446038764,0.49631436901,0.48576427891,0.43898412056,0.23209297246,0.4327875284,0.49976722315,0.45404582217,0.38864066935,0.49246553999,0.49669148344,0.4048860138,0.43609765906,0.27639080798,0.076722795681,0.36534004553,0.32407454459,0.40670361021,0.25901755193
223.5,0.27601834239,0.46110333058,0.44001799962,0.42604967989,0.4735557116,0.46752668915,0.49629655404,0.4502933202,0.43736235213,0.32414011452,0.49629726897,0.48572414134,0.43884818741,0.23168943328,0.43263971551,0.49975777267,0.45393956645,0.38841419774,0.49243997678,0.49667521627,0.40468723781,0.43595617135,0.27601834239,0.076399176075,0.36507646531,0.32375369455,0.4065080025,0.2586308178
224.0,0.27564637722,0.46101157827,0.43988436988,0.42588955674,0.47348970699,0.46744812343,0.49627945303,0.45017982112,0.43722360417,0.32382015741,0.49628016952,0.48568400709,0.4387122963,0.23128659451,0.43249195301,0.49974832236,0.45383333557,0.38818785792,0.49241441489,0.49665894963,0.40448855924,0.43581472949,0.27564637722,0.076076920464,0.36481307479,0.32343316167,0.40631248861,0.25824465959
224.5,0.27527491181,0.46091984422,0.43975078068,0.42572949374,0.47342371159,0.4673695709,0.49626235261,0.45006635062,0.43708490017,0.32350051599,0.49626307067,0.48564387615,0.43857644721,0.23088445493,0.43234424089,0.49973887223,0.45372712951,0.38796164982,0.49238885433,0.49664268352,0.40428997805,0.43567333346,0.27527491181,0.075756023108,0.36454987383,0.32311294564,0.40611706851,0.25785907646
225.0,0.27490394547,0.46082812842,0.43961723201,0.42556949087,0.47335772537,0.46729103156,0.49624525278,0.4499529087,0.43694624012,0.32318118995,0.4962459724,0.48560374852,0.43844064013,0.23048301334,0.43219657913,0.49972942229,0.45362094829,0.38773557335,0.4923632951,0.49662641794,0.40409149418,0.43553198325,0.27490394547,0.075436478292,0.36428686229,0.32279304615,0.40592174213,0.25747406754
225.5,0.27453347755,0.46073643086,0.43948372385,0.42540954809,0.47329174836,0.4672125054,0.49622815354,0.44983949534,0.436807624,0.32286217897,0.49622887472,0.4855636242,0.43830487504,0.23008226852,0.43204896771,0.49971997252,0.45351479188,0.38750962844,0.4923377372,0.4966101529,0.4038931076,0.43539067884,0.27453347755,0.075118280324,0.36402404005,0.32247346288,0.40572650944,0.257089632
226.0,0.27416350739,0.46064475155,0.4393502562,0.42524966539,0.47322578053,0.46713399243,0.49621105489,0.44972611054,0.4366690518,0.32254348276,0.49621177763,0.4855235032,0.43816915194,0.22968221929,0.43190140662,0.49971052292,0.45340866028,0.38728381501,0.49231218062,0.49659388839,0.40369481825,0.43524942022,0.27416350739,0.074801423534,0.36376140696,0.32215419552,0.4055313704,0.25670576897
226.5,0.27379403431,0.46055309047,0.43921682904,0.42508984275,0.47315982189,0.46705549264,0.49619395683,0.4496127543,0.4365305235,0.322225101,0.49619468113,0.48548338551,0.4380334708,0.22928286442,0.43175389583,0.49970107351,0.45330255349,0.38705813299,0.49228662536,0.49657762441,0.40349662608,0.43510820736,0.27379403431,0.074485902279,0.36349896289,0.32183524376,0.40533632495,0.25632247762
227.0,0.27342505765,0.46046144764,0.43908344235,0.42493008015,0.47309387245,0.46697700603,0.49617685935,0.44949942661,0.4363920391,0.32190703338,0.49617758521,0.48544327113,0.43789783162,0.22888420272,0.43160643533,0.49969162428,0.4531964715,0.38683258231,0.49226107143,0.49656136096,0.40329853105,0.43496704027,0.27342505765,0.074171710938,0.36323670771,0.3215166073,0.40514137306,0.25593975709
227.5,0.27305657675,0.46036982303,0.43895009614,0.42477037755,0.47302793219,0.4668985326,0.49615976247,0.44938612745,0.43625359856,0.32158927959,0.49616048989,0.48540316006,0.43776223438,0.22848623299,0.4314590251,0.49968217522,0.4530904143,0.38660716287,0.49223551883,0.49654509805,0.40310053311,0.43482591892,0.27305657675,0.073858843914,0.36297464127,0.32119828581,0.40494651468,0.25555760654
228.0,0.27268859095,0.46027821666,0.43881679037,0.42461073494,0.47296200111,0.46682007234,0.49614266617,0.44927285682,0.43611520189,0.32127183931,0.49614339515,0.4853630523,0.43762667907,0.22808895404,0.43131166513,0.49967272635,0.4529843819,0.38638187462,0.49220996756,0.49652883567,0.40290263221,0.4346848433,0.27268859095,0.073547295632,0.36271276345,0.32088027899,0.40475174977,0.25517602512
228.5,0.27232109958,0.46018662851,0.43868352505,0.4244511523,0.47289607923,0.46674162525,0.49612557046,0.44915961472,0.43597684907,0.32095471225,0.49612630101,0.48532294785,0.43749116567,0.22769236466,0.4311643554,0.49966327765,0.45287837428,0.38615671746,0.49218441761,0.49651257382,0.40270482831,0.4345438134,0.27232109958,0.073237060543,0.36245107411,0.32056258654,0.40455707827,0.254795012
229.0,0.27195410199,0.46009505858,0.43855030016,0.42429162961,0.47283016652,0.46666319133,0.49610847535,0.44904640113,0.43583854009,0.32063789809,0.49610920745,0.48528284672,0.43735569418,0.22729646367,0.43101709589,0.49965382913,0.45277239143,0.38593169133,0.49215886898,0.4964963125,0.40250712136,0.43440282919,0.27195410199,0.072928133119,0.36218957312,0.32024520813,0.40436250015,0.25441456632
229.5,0.27158759751,0.46000350686,0.43841711568,0.42413216683,0.472764263,0.46658477058,0.49609138082,0.44893321606,0.43570027492,0.32032139653,0.49609211448,0.48524274889,0.43722026459,0.22690124988,0.43086988658,0.49964438079,0.45266643336,0.38570679616,0.49213332169,0.49648005172,0.40230951131,0.43426189066,0.27158759751,0.072620507857,0.36192826033,0.31992814346,0.40416801537,0.25403468726
230.0,0.2712215855,0.45991197337,0.43828397161,0.42397276395,0.47269836867,0.466506363,0.49607428688,0.44882005948,0.43556205356,0.32000520725,0.4960750221,0.48520265437,0.43708487687,0.22650672209,0.43072272746,0.49963493263,0.45256050005,0.38548203185,0.49210777571,0.49646379147,0.40211199811,0.43412099781,0.2712215855,0.072314179276,0.36166713562,0.31961139222,0.40397362387,0.25365537396
230.5,0.27085606528,0.45982045808,0.43815086794,0.42381342095,0.47263248351,0.46642796858,0.49605719353,0.44870693141,0.43542387599,0.31968932994,0.49605793031,0.48516256317,0.43694953101,0.22611287912,0.43057561851,0.49962548464,0.45245459151,0.38525739835,0.49208223107,0.49644753175,0.40191458172,0.43398015061,0.27085606528,0.072009141918,0.36140619884,0.3192949541,0.40377932561,0.25327662559
231.0,0.2704910362,0.459728961,0.43801780464,0.4236541378,0.47256660753,0.46634958732,0.49604010076,0.44859383182,0.4352857422,0.31937376431,0.49604083911,0.48512247527,0.43681422701,0.22571971979,0.43042855972,0.49961603684,0.45234870772,0.38503289557,0.49205668775,0.49643127256,0.40171726209,0.43383934904,0.2704910362,0.071705390349,0.36114544988,0.3189788288,0.40358512055,0.25289844132
231.5,0.27012649762,0.45963748212,0.43788478171,0.42349491449,0.47250074073,0.46627121922,0.49602300859,0.44848076071,0.43514765218,0.31905851004,0.49602374849,0.48508239068,0.43667896485,0.22532724291,0.43028155106,0.49960658921,0.45224284867,0.38480852343,0.49203114575,0.49641501391,0.40152003917,0.43369859311,0.27012649762,0.071402919156,0.36088488858,0.318663016,0.40339100864,0.2525208203
232.0,0.26976244886,0.45954602145,0.43775179914,0.42333575098,0.4724348831,0.46619286427,0.496005917,0.44836771808,0.43500960591,0.31874356683,0.49600665847,0.4850423094,0.43654374451,0.2249354473,0.43013459252,0.49959714176,0.45213701437,0.38458428187,0.49200560508,0.49639875578,0.40132291291,0.43355788278,0.26976244886,0.071101722949,0.36062451482,0.31834751539,0.40319698985,0.25214376171
232.5,0.26939888928,0.45945457897,0.43761885691,0.42317664726,0.47236903465,0.46611452248,0.49598882601,0.44825470391,0.43487160338,0.31842893436,0.49598956903,0.48500223143,0.43640856599,0.22454433179,0.42998768408,0.49958769449,0.45203120481,0.38436017079,0.49198006574,0.4963824982,0.40112588327,0.43341721805,0.26939888928,0.070801796364,0.36036432846,0.31803232668,0.40300306411,0.2517672647
233.0,0.26903581822,0.45936315468,0.43748595502,0.4230176033,0.47230319538,0.46603619385,0.4959717356,0.4481417182,0.43473364457,0.31811461234,0.49597248019,0.48496215677,0.43627342927,0.22415389519,0.42984082573,0.4995782474,0.45192541998,0.38413619014,0.49195452772,0.49636624114,0.40092895021,0.4332765989,0.26903581822,0.070503134054,0.36010432936,0.31771744955,0.4028092314,0.25139132846
233.5,0.26867323504,0.45927174858,0.43735309344,0.42285861909,0.47223736527,0.46595787836,0.49595464578,0.44802876095,0.43459572947,0.31780060046,0.49595539193,0.48492208541,0.43613833434,0.22376413633,0.42969401745,0.49956880049,0.45181965988,0.38391233983,0.49192899103,0.49634998461,0.40073211366,0.43313602532,0.26867323504,0.070205730698,0.35984451741,0.31740288369,0.40261549166,0.25101595214
234.0,0.26831113908,0.45918036066,0.43722027217,0.42269969459,0.47217154434,0.46587957602,0.49593755655,0.44791583214,0.43445785806,0.3174868984,0.49593830426,0.48488201737,0.43600328118,0.22337505405,0.42954725922,0.49955935376,0.45171392449,0.38368861979,0.49190345566,0.49633372862,0.40053537359,0.43299549728,0.26831113908,0.069909580998,0.35958489245,0.3170886288,0.40242184486,0.25064113492
234.5,0.26794952968,0.45908899093,0.4370874912,0.42254082979,0.47210573258,0.46580128683,0.49592046791,0.44780293177,0.43432003034,0.31717350588,0.49592121717,0.48484195263,0.43586826978,0.22298664716,0.42940055102,0.49954990721,0.45160821382,0.38346502995,0.49187792162,0.49631747316,0.40033872995,0.43285501479,0.26794952968,0.069614679675,0.35932545435,0.31677468457,0.40222829094,0.25026687596
235.0,0.2675884062,0.45899763938,0.4369547505,0.42238202466,0.47203992999,0.46572301078,0.49590337986,0.44769005983,0.43418224629,0.31686042257,0.49590413068,0.4848018912,0.43573330013,0.22259891451,0.42925389284,0.49954046083,0.45150252786,0.38324157021,0.4918523889,0.49630121823,0.40014218269,0.43271457781,0.2675884062,0.069321021475,0.35906620299,0.3164610507,0.40203482987,0.24989317445
235.5,0.267227768,0.458906306,0.43682205008,0.42222327919,0.47197413657,0.46564474787,0.4958862924,0.44757721632,0.43404450589,0.31654764818,0.49588704478,0.48476183307,0.43559837222,0.22221185491,0.42910728466,0.49953101463,0.4513968666,0.38301824052,0.49182685751,0.49628496384,0.39994573176,0.43257418634,0.267227768,0.069028601165,0.35880713823,0.31614772688,0.40184146159,0.24952002955
236.0,0.26686761441,0.45881499079,0.43668938992,0.42206459334,0.47190835231,0.4655664981,0.49586920552,0.44746440122,0.43390680914,0.3162351824,0.49586995946,0.48472177825,0.43546348603,0.22182546722,0.42896072646,0.49952156861,0.45129123004,0.3827950408,0.49180132744,0.49626870997,0.39974937712,0.43243384037,0.26686761441,0.068737413534,0.35854825993,0.3158347128,0.40164818607,0.24914744044
236.5,0.2665079448,0.45872369374,0.43655677001,0.42190596711,0.47184257721,0.46548826147,0.49585211923,0.44735161453,0.43376915601,0.31592302493,0.49585287473,0.48468172674,0.43532864156,0.22143975027,0.42881421823,0.49951212277,0.45118561817,0.38257197096,0.4917757987,0.49625245664,0.39955311872,0.43229353987,0.2665079448,0.068447453393,0.35828956796,0.31552200816,0.40145500326,0.2487754063
237.0,0.26614875851,0.45863241487,0.43642419032,0.42174740045,0.47177681128,0.46541003797,0.49583503354,0.44723885624,0.43363154649,0.31561117546,0.49583579059,0.48464167854,0.43519383878,0.22105470289,0.42866775995,0.49950267711,0.45108003098,0.38234903094,0.49175027128,0.49623620385,0.39935695652,0.43215328483,0.26614875851,0.068158715574,0.35803106219,0.31520961265,0.40126191312,0.2484039263
237.5,0.26579005491,0.45854115415,0.43629165086,0.42158889336,0.47171105452,0.46533182761,0.49581794843,0.44712612635,0.43349398057,0.31529963369,0.49581870704,0.48460163364,0.43505907768,0.22067032394,0.4285213516,0.49949323163,0.45097446848,0.38212622066,0.49172474518,0.49621995158,0.39916089046,0.43201307525,0.26579005491,0.067871194932,0.35777274248,0.31489752597,0.40106891559,0.24803299962
238.0,0.26543183335,0.45844991158,0.43615915161,0.42143044581,0.47164530691,0.46525363038,0.49580086391,0.44701342485,0.43335645824,0.31498839931,0.49580162408,0.48456159204,0.43492435826,0.22028661224,0.42837499316,0.49948378632,0.45086893065,0.38190354004,0.49169922041,0.49620369984,0.3989649205,0.4318729111,0.26543183335,0.067584886342,0.3575146087,0.31458574782,0.40087601065,0.24766262545
238.5,0.26507409318,0.45835868717,0.43602669256,0.42127205778,0.47157956846,0.46517544627,0.49578377998,0.44690075173,0.43321897948,0.31467747203,0.4957845417,0.48452155375,0.4347896805,0.21990356665,0.42822868463,0.4994743412,0.45076341748,0.38168098902,0.49167369697,0.49618744864,0.39876904659,0.43173279236,0.26507409318,0.067299784703,0.35725666072,0.31427427788,0.40068319823,0.24729280296
239.0,0.26471683375,0.45826748091,0.4358942737,0.42111372924,0.47151383918,0.46509727529,0.49576669663,0.44678810699,0.43308154428,0.31436685154,0.49576745992,0.48448151877,0.43465504438,0.21952118602,0.42808242597,0.49946489625,0.45065792898,0.3814585675,0.49164817485,0.49617119797,0.39857326869,0.43159271903,0.26471683375,0.067015884933,0.35699889841,0.31396311587,0.40049047831,0.24692353134
239.5,0.26436005444,0.4581762928,0.435761895,0.42095546018,0.47144811905,0.46501911744,0.49574961388,0.44667549061,0.43294415263,0.31405653753,0.49575037872,0.48444148709,0.4345204499,0.21913946919,0.42793621718,0.49945545148,0.45055246514,0.38123627543,0.49162265406,0.49615494783,0.39837758675,0.43145269109,0.26436005444,0.066733181973,0.35674132162,0.31365226146,0.40029785083,0.24655480976
240.0,0.26400375459,0.45808512283,0.43562955647,0.42079725057,0.47138240807,0.4649409727,0.49573253171,0.44656290259,0.4328068045,0.31374652972,0.49573329811,0.48440145872,0.43438589703,0.21875841502,0.42779005824,0.49944600689,0.45044702594,0.38101411271,0.49159713458,0.49613869823,0.39818200072,0.43131270852,0.26400375459,0.066451670783,0.35648393024,0.31334171437,0.40010531575,0.24618663742
240.5,0.26364793357,0.45799397099,0.43549725809,0.42063910038,0.47131670625,0.46486284109,0.49571545013,0.44645034292,0.43266949989,0.31343682778,0.49571621809,0.48436143365,0.43425138578,0.21837802236,0.42764394913,0.49943656248,0.4503416114,0.38079207929,0.49157161644,0.49612244915,0.39798651055,0.43117277132,0.26364793357,0.066171346347,0.35622672412,0.31303147429,0.39991287303,0.2458190135
241.0,0.26329259073,0.45790283729,0.43536499984,0.4204810096,0.47125101359,0.46478472259,0.49569836915,0.4463378116,0.43253223879,0.31312743143,0.49569913866,0.48432141188,0.43411691612,0.21799829007,0.42749788983,0.49942711825,0.45023622149,0.38057017508,0.49154609962,0.49610620061,0.3977911162,0.43103287946,0.26329259073,0.065892203668,0.35596970313,0.3127215409,0.39972052262,0.24545193719
241.5,0.26293772544,0.45781172172,0.43523278172,0.42032297821,0.47118533007,0.46470661721,0.49568128874,0.44622530861,0.43239502117,0.31281834036,0.49568205982,0.48428139342,0.43398248804,0.21761921699,0.42735188033,0.49941767419,0.45013085621,0.38034840001,0.49152058412,0.4960899526,0.39759581763,0.43089303293,0.26293772544,0.065614237771,0.35571286714,0.31241191392,0.39952826448,0.24508540767
242.0,0.26258333705,0.45772062428,0.43510060371,0.42016500617,0.47111965571,0.46462852494,0.49566420893,0.44611283396,0.43225784703,0.31250955427,0.49566498156,0.48424137826,0.43384810153,0.217240802,0.42720592061,0.49940823032,0.45002551557,0.380126754,0.49149506994,0.49607370512,0.39740061477,0.43075323172,0.26258333705,0.065337443701,0.35545621602,0.31210259305,0.39933609857,0.24471942414
242.5,0.26222942494,0.45762954496,0.4349684658,0.42000709348,0.4710539905,0.46455044578,0.49564712971,0.44600038763,0.43212071635,0.31220107285,0.49564790389,0.4842013664,0.43371375658,0.21686304395,0.42706001065,0.49939878662,0.44992019954,0.37990523698,0.49146955709,0.49605745818,0.3972055076,0.43061347581,0.26222942494,0.065061816526,0.35519974964,0.31179357797,0.39914402483,0.24435398578
243.0,0.26187598847,0.45753848376,0.43483636798,0.4198492401,0.47098833443,0.46447237973,0.49563005107,0.44588796962,0.43198362912,0.31189289582,0.49563082681,0.48416135785,0.43357945317,0.21648594171,0.42691415044,0.4993893431,0.44981490813,0.37968384887,0.49144404557,0.49604121177,0.39701049605,0.43047376518,0.26187598847,0.064787351331,0.35494346786,0.31148486838,0.39895204324,0.24398909179
243.5,0.26152302699,0.45744744068,0.43470431023,0.41969144602,0.47092268752,0.46439432678,0.49561297303,0.44577557992,0.43184658532,0.31158502287,0.49561375032,0.4841213526,0.43344519129,0.21610949414,0.42676833996,0.49937989976,0.44970964134,0.3794625896,0.49141853537,0.49602496588,0.39681558009,0.43033409983,0.26152302699,0.064514043225,0.35468737055,0.311176464,0.39876015373,0.24362474136
244.0,0.26117053988,0.45735641571,0.43457229255,0.41953371121,0.47085704974,0.46431628694,0.49559589557,0.44566321853,0.43170958495,0.31127745369,0.49559667442,0.48408135065,0.43331097093,0.2157337001,0.42662257919,0.4993704566,0.44960439914,0.3792414591,0.49139302649,0.49600872053,0.39662075967,0.43019447974,0.26117053988,0.064241887336,0.35443145758,0.3108683645,0.39856835628,0.24326093369
244.5,0.2608185265,0.45726540886,0.43444031492,0.41937603565,0.47079142112,0.46423826021,0.4955788187,0.44555088542,0.43157262798,0.31097018799,0.4955795991,0.484041352,0.43317679208,0.21535855848,0.42647686811,0.49936101362,0.44949918155,0.37902045728,0.49136751893,0.49599247572,0.39642603474,0.43005490488,0.2608185265,0.063970878813,0.35417572881,0.31056056961,0.39837665083,0.24289766797
245.0,0.26046698622,0.4571744201,0.43430837733,0.41921841932,0.47072580163,0.46416024657,0.49556174241,0.44543858061,0.43143571441,0.31066322548,0.49556252438,0.48400135666,0.43304265472,0.21498406813,0.42633120671,0.49935157081,0.44939398855,0.37879958408,0.4913420127,0.49597623143,0.39623140525,0.42991537526,0.26046698622,0.063701012824,0.35392018412,0.310253079,0.39818503734,0.24253494339
245.5,0.2601159184,0.45708344945,0.43417647977,0.41906086219,0.47066019129,0.46408224603,0.49554466672,0.44532630408,0.43129884421,0.31035656584,0.49554545024,0.48396136462,0.43290855883,0.21461022794,0.42618559498,0.49934212818,0.44928882014,0.37857883942,0.4913165078,0.49595998768,0.39603687116,0.42977589085,0.2601159184,0.06343228456,0.35366482337,0.3099458924,0.39799351576,0.24217275916
246.0,0.25976532242,0.4569924969,0.43404462222,0.41890336425,0.47059459009,0.46400425858,0.49552759161,0.44521405582,0.43116201738,0.31005020879,0.49552837669,0.48392137587,0.43277450442,0.21423703677,0.42604003289,0.49933268574,0.44918367631,0.37835822323,0.49129100421,0.49594374445,0.39584243242,0.42963645164,0.25976532242,0.063164689229,0.35340964644,0.30963900948,0.39780208606,0.24181111448
246.5,0.25941519764,0.45690156244,0.43391280468,0.41874592547,0.47052899803,0.46392628423,0.4955105171,0.44510183583,0.43102523391,0.30974415403,0.49551130373,0.48388139043,0.43264049146,0.21386449351,0.42589452042,0.49932324347,0.44907855705,0.37813773542,0.49126550195,0.49592750176,0.39564808899,0.42949705762,0.25941519764,0.062898222062,0.35315465318,0.30933242997,0.39761074819,0.24145000854
247.0,0.25906554344,0.45681064608,0.43378102713,0.41858854583,0.47046341511,0.46384832296,0.49549344317,0.4449896441,0.43088849377,0.30943840125,0.49549423135,0.48384140829,0.43250651994,0.21349259703,0.42574905757,0.49931380138,0.44897346237,0.37791737593,0.49124000102,0.49591125961,0.39545384081,0.42935770876,0.25906554344,0.062632878308,0.35289984347,0.30902615355,0.39741950211,0.24108944054
247.5,0.25871635918,0.4567197478,0.43364928956,0.4184312253,0.47039784132,0.46377037479,0.49547636983,0.44487748062,0.43075179696,0.30913295015,0.49547715957,0.48380142945,0.43237258985,0.21312134621,0.42560364432,0.49930435947,0.44886839225,0.37769714469,0.49121450141,0.49589501798,0.39525968784,0.42921840506,0.25871635918,0.062368653237,0.35264521717,0.30872017992,0.39722834777,0.24072940969
248.0,0.25836764424,0.45662886761,0.43351759195,0.41827396387,0.47033227667,0.4636924397,0.49545929707,0.44476534539,0.43061514345,0.30882780045,0.49546008837,0.48376145391,0.43223870117,0.21275073994,0.42545828063,0.49929491773,0.44876334669,0.37747704161,0.49118900312,0.49587877688,0.39506563004,0.4290791465,0.25836764424,0.062105542139,0.35239077416,0.3084145088,0.39703728512,0.2403699152
248.5,0.25801939799,0.45653800549,0.4333859343,0.41811676151,0.47026672116,0.4636145177,0.49544222491,0.4446532384,0.43047853325,0.30852295185,0.49544301776,0.48372148167,0.4321048539,0.2123807771,0.42531296652,0.49928547618,0.44865832569,0.37725706662,0.49116350615,0.49586253632,0.39487166736,0.42893993307,0.25801939799,0.061843540322,0.35213651431,0.30810913988,0.39684631413,0.24001095626
249.0,0.25767161981,0.45644716146,0.43325431659,0.41795961821,0.47020117478,0.46353660878,0.49542515333,0.44454115964,0.43034196633,0.30821840404,0.49542594774,0.48368151273,0.43197104801,0.21201145657,0.42516770194,0.4992760348,0.44855332923,0.37703721965,0.49113801051,0.49584629629,0.39467779975,0.42880076475,0.25767161981,0.061582643116,0.35188243748,0.30780407286,0.39665543475,0.23965253208
249.5,0.25732430906,0.4563563355,0.43312273881,0.41780253393,0.47013563753,0.46345871294,0.49540808235,0.4444291091,0.43020544268,0.30791415673,0.4954088783,0.48364154709,0.43183728351,0.21164277725,0.42502248689,0.4992665936,0.44844835732,0.37681750063,0.49111251619,0.49583005679,0.39448402716,0.42866164152,0.25732430906,0.06132284587,0.35162854353,0.30749930745,0.39646464694,0.23929464187
250.0,0.25697746512,0.4562655276,0.43299120096,0.41764550866,0.47007010941,0.46338083018,0.49539101195,0.44431708679,0.43006896228,0.30761020962,0.49539180946,0.48360158475,0.43170356037,0.21127473803,0.42487732135,0.49925715258,0.44834340994,0.37659790948,0.49108702319,0.49581381782,0.39429034955,0.42852256338,0.25697746512,0.061064143952,0.35137483235,0.30719484334,0.39627395065,0.23893728484
250.5,0.25663108738,0.45617473778,0.432859703,0.41748854237,0.47000459042,0.46330296049,0.49537394213,0.44420509268,0.42993252513,0.30730656243,0.4953747412,0.48356162571,0.43156987858,0.21090733779,0.4247322053,0.49924771174,0.44823848709,0.37637844612,0.49106153151,0.49579757939,0.39409676688,0.42838353031,0.25663108738,0.060806532748,0.3511213038,0.30689068025,0.39608334584,0.2385804602
251.0,0.2562851752,0.45608396601,0.43272824495,0.41733163504,0.46993908055,0.46322510387,0.49535687291,0.44409312677,0.42979613121,0.30700321485,0.49535767353,0.48352166996,0.43143623813,0.21054057544,0.42458713873,0.49923827108,0.44813358876,0.37615911048,0.49103604116,0.49578134148,0.39390327909,0.42824454228,0.2562851752,0.060550007668,0.35086795774,0.30658681787,0.39589283246,0.23822416715
251.5,0.25593972796,0.45599321231,0.43259682677,0.41717478666,0.46987357982,0.46314726033,0.49533980427,0.44398118907,0.4296597805,0.30670016658,0.49534060644,0.48348171752,0.43130263901,0.21017444986,0.42444212162,0.4992288306,0.44802871496,0.3759399025,0.49101055213,0.49576510411,0.39370988614,0.4281055993,0.25593972796,0.060294564136,0.35061479406,0.30628325591,0.39570241048,0.23786840492
252.0,0.25559474505,0.45590247666,0.43246544847,0.41701799719,0.46980808821,0.46306942986,0.49532273623,0.44386927955,0.429523473,0.30639741734,0.49532353995,0.48344176837,0.4311690812,0.20980895996,0.42429715396,0.49921939029,0.44792386567,0.37572082208,0.49098506443,0.49574886727,0.39351658799,0.42796670134,0.25559474505,0.060040197599,0.35036181261,0.30597999407,0.39551207985,0.23751317271
252.5,0.25525022584,0.45581175906,0.43233411002,0.41686126661,0.46974260572,0.46299161245,0.49530566877,0.44375739821,0.42938720868,0.30609496682,0.49530647404,0.48340182252,0.43103556469,0.20944410464,0.42415223571,0.49920995016,0.44781904088,0.37550186916,0.49095957805,0.49573263096,0.39332338458,0.42782784839,0.25525022584,0.05978690352,0.35010901326,0.30567703206,0.39532184052,0.23715846973
253.0,0.25490616972,0.45572105951,0.43220281142,0.41670459491,0.46967713236,0.4629138081,0.49528860189,0.44364554505,0.42925098754,0.30579281474,0.49528940872,0.48336187997,0.43090208947,0.20907988279,0.42400736688,0.49920051021,0.4477142406,0.37528304367,0.49093409299,0.49571639519,0.39313027587,0.42768904044,0.25490616972,0.059534677385,0.3498563959,0.30537436958,0.39513169245,0.23680429521
253.5,0.25456257605,0.45563037801,0.43207155265,0.41654798206,0.46961166812,0.46283601682,0.49527153561,0.44353372006,0.42911480955,0.3054909608,0.49527234399,0.48332194071,0.43076865553,0.20871629333,0.42386254744,0.49919107044,0.44760946481,0.37506434554,0.49090860925,0.49570015994,0.39293726182,0.42755027747,0.25456257605,0.059283514695,0.34960396037,0.30507200633,0.3949416356,0.23645064836
254.0,0.25421944424,0.45553971455,0.43194033371,0.41639142804,0.469546213,0.4627582386,0.49525446991,0.44342192322,0.42897867472,0.3051894047,0.49525527985,0.48328200475,0.43063526284,0.20835333515,0.42371777738,0.49918163085,0.44750471352,0.37484577467,0.49088312683,0.49568392523,0.39274434238,0.42741155946,0.25421944424,0.059033410971,0.34935170657,0.30476994203,0.39475166993,0.23609752839
254.5,0.25387677365,0.45544906912,0.43180915457,0.41623493283,0.469480767,0.46268047344,0.49523740481,0.44331015454,0.42884258302,0.30488814615,0.49523821629,0.48324207209,0.43050191141,0.20799100716,0.42357305667,0.49917219144,0.44739998671,0.37462733102,0.49085764574,0.49566769104,0.39255151749,0.4272728864,0.25387677365,0.058784361756,0.34909963435,0.30446817637,0.39456179539,0.23574493453
255.0,0.25353456367,0.45535844173,0.43167801524,0.41607849641,0.46941533011,0.46260272133,0.49522034029,0.44319841401,0.42870653444,0.30458718486,0.49522115333,0.48320214272,0.43036860122,0.20762930828,0.42342838531,0.4991627522,0.44729528438,0.37440901449,0.49083216597,0.49565145739,0.39235878713,0.42713425829,0.25353456367,0.058536362607,0.34884774358,0.30416670906,0.39437201193,0.235392866
255.5,0.25319281369,0.45526783237,0.43154691569,0.41592211874,0.46934990235,0.46252498228,0.49520327635,0.44308670162,0.42857052896,0.30428652054,0.49520409095,0.48316221665,0.43023533225,0.20726823742,0.42328376327,0.49915331315,0.44719060652,0.37419082502,0.49080668752,0.49563522427,0.39216615123,0.42699567509,0.25319281369,0.058289409102,0.34859603414,0.30386553981,0.39418231952,0.23504132201
256.0,0.25285152309,0.45517724104,0.43141585591,0.41576579982,0.4692844837,0.46244725628,0.49518621301,0.44297501736,0.42843456658,0.30398615289,0.49518702915,0.48312229388,0.43010210449,0.20690779348,0.42313919054,0.49914387427,0.44708595313,0.37397276253,0.49078121039,0.49561899168,0.39197360976,0.4268571368,0.25285152309,0.058043496838,0.34834450589,0.30356466832,0.3939927181,0.23469030179
256.5,0.25251069125,0.45508666772,0.43128483589,0.41560953961,0.46921907416,0.46236954333,0.49516915025,0.44286336122,0.42829864727,0.30368608161,0.49516996795,0.4830823744,0.42996891793,0.20654797538,0.4229946671,0.49913443557,0.4469813242,0.37375482695,0.49075573459,0.49560275963,0.39178116266,0.4267186434,0.25251069125,0.05779862143,0.34809315871,0.3032640943,0.39380320765,0.23433980456
257.0,0.25217031757,0.45499611243,0.43115385563,0.41545333811,0.46915367374,0.46229184342,0.49515208808,0.44275173321,0.42816277104,0.30338630643,0.49515290733,0.48304245822,0.42983577256,0.20618878204,0.42285019294,0.49912499705,0.44687671973,0.3735370182,0.49073026011,0.4955865281,0.3915888099,0.42658019489,0.25217031757,0.057554778511,0.34784199246,0.30296381746,0.39361378811,0.23398982954
257.5,0.25183040144,0.45490557516,0.4310229151,0.41529719528,0.46908828242,0.46221415656,0.4951350265,0.4426401333,0.42802693785,0.30308682704,0.4951358473,0.48300254533,0.42970266836,0.20583021238,0.42270576803,0.49911555871,0.4467721397,0.37331933621,0.49070478695,0.49557029711,0.39139655142,0.42644179124,0.25183040144,0.057311963732,0.34759100702,0.30266383751,0.39342445944,0.23364037597
258.0,0.25149094223,0.45481505589,0.4308920143,0.4151411111,0.46902290022,0.46213648274,0.49511796551,0.4425285615,0.4278911477,0.30278764315,0.49511878786,0.48296263573,0.42956960532,0.20547226531,0.42256139237,0.49910612054,0.44666758413,0.37310178092,0.49067931511,0.49555406665,0.39120438718,0.42630343243,0.25149094223,0.057070172764,0.34734020226,0.30236415414,0.39323522159,0.23329144307
258.5,0.25115193934,0.45472455464,0.43076115321,0.41498508555,0.46895752713,0.46205882197,0.4951009051,0.4424170178,0.42775540058,0.30248875447,0.49510172901,0.48292272943,0.42943658343,0.20511493977,0.42241706593,0.49909668256,0.44656305299,0.37288435223,0.49065384459,0.49553783672,0.39101231714,0.42616511847,0.25115193934,0.056829401295,0.34708957804,0.30206476707,0.39304607453,0.23294303006
259.0,0.25081339216,0.45463407139,0.43063033182,0.41482911861,0.46889216314,0.46198117423,0.49508384529,0.44230550219,0.42761969646,0.30219016072,0.49508467074,0.48288282643,0.42930360268,0.20475823467,0.4222727887,0.49908724475,0.44645854629,0.37266705009,0.4906283754,0.49552160732,0.39082034124,0.42602684932,0.25081339216,0.056589645031,0.34683913424,0.30176567601,0.39285701821,0.23259513618
259.5,0.25047530007,0.45454360614,0.43049955013,0.41467321026,0.46882680826,0.46190353952,0.49506678606,0.44219401466,0.42748403535,0.3018918616,0.49506761306,0.48284292672,0.42917066305,0.20440214894,0.42212856066,0.49907780712,0.44635406401,0.37244987441,0.49060290753,0.49550537845,0.39062845944,0.42588862498,0.25047530007,0.056350899696,0.34658887073,0.30146688067,0.39266805259,0.23224776066
260.0,0.25013766248,0.4544531589,0.43036880811,0.41451736047,0.46876146249,0.46182591786,0.49504972742,0.4420825552,0.42734841722,0.30159385682,0.49505055597,0.4828030303,0.42903776453,0.20404668151,0.4219843818,0.49906836967,0.44624960616,0.37223282513,0.49057744098,0.49548915012,0.39043667169,0.42575044543,0.25013766248,0.056113161033,0.34633878738,0.30116838075,0.39247917762,0.23190090272
260.5,0.24980047878,0.45436272964,0.43023810575,0.41436156922,0.46869612582,0.46174830922,0.49503266936,0.44197112382,0.42721284206,0.30129614608,0.49503349947,0.48276313718,0.4289049071,0.20369183131,0.42184025209,0.4990589324,0.44614517272,0.37201590217,0.49055197575,0.49547292231,0.39024497796,0.42561231066,0.24980047878,0.055876424801,0.34608888405,0.30087017596,0.39229039326,0.2315545616
261.0,0.24946374835,0.45427231838,0.43010744305,0.4142058365,0.46863079825,0.46167071361,0.49501561189,0.4418597205,0.42707730985,0.30099872911,0.49501644355,0.48272324734,0.42877209077,0.20333759727,0.42169617152,0.49904949531,0.44604076369,0.37179910546,0.49052651184,0.49545669504,0.39005337819,0.42547422065,0.24946374835,0.055640686778,0.34583916063,0.30057226601,0.39210169947,0.23120873653
261.5,0.24912747059,0.4541819251,0.42997682,0.41405016227,0.46856547979,0.46159313103,0.49499855501,0.44174834523,0.42694182059,0.30070160561,0.49499938822,0.48268336081,0.4286393155,0.20298397832,0.42155214008,0.49904005839,0.44593637907,0.37158243492,0.49050104925,0.4954404683,0.38986187234,0.42533617539,0.24912747059,0.055405942761,0.34558961698,0.30027465061,0.3919130962,0.23086342675
262.0,0.24879164489,0.45409154981,0.42984623657,0.41389454653,0.46850017042,0.46151556148,0.49498149872,0.44163699801,0.42680637426,0.30040477529,0.49498233348,0.48264347756,0.42850658129,0.2026309734,0.42140815775,0.49903062165,0.44583201884,0.37136589048,0.49047558799,0.49542424209,0.38967046036,0.42519817487,0.24879164489,0.055172188563,0.34534025297,0.29997732947,0.39172458341,0.23051863149
262.5,0.24845627066,0.4540011925,0.42971569276,0.41373898923,0.46843487016,0.46143800494,0.49496444302,0.44152567883,0.42667097084,0.30010823786,0.49496527932,0.48260359761,0.42837388814,0.20227858145,0.42126422451,0.4990211851,0.44572768302,0.37114947207,0.49045012804,0.49540801641,0.3894791422,0.42506021906,0.24845627066,0.054939420014,0.34509106848,0.2996803023,0.39153616106,0.23017435
263.0,0.24812134729,0.45391085316,0.42958518855,0.41358349038,0.46836957899,0.46136046143,0.4949473879,0.44141438768,0.42653561033,0.29981199303,0.49494822576,0.48256372094,0.42824123601,0.2019268014,0.42112034034,0.49901174872,0.44562337157,0.37093317961,0.49042466942,0.49539179126,0.38928791782,0.42492230796,0.24812134729,0.054707632964,0.34484206338,0.29938356881,0.3913478291,0.2298305815
263.5,0.24778687417,0.4538205318,0.42945472394,0.41342804993,0.46830429691,0.46128293094,0.49493033337,0.44130312456,0.4264002927,0.29951604052,0.49493117278,0.48252384758,0.42810862491,0.20157563219,0.42097650523,0.49900231252,0.44551908451,0.37071701303,0.49039921212,0.49537556664,0.38909678718,0.42478444155,0.24778687417,0.054476823277,0.34459323753,0.29908712872,0.3911595875,0.22948732524
264.0,0.2474528507,0.45373022841,0.42932429891,0.41327266787,0.46823902394,0.46120541346,0.49491327943,0.44119188947,0.42626501795,0.29922038003,0.49491412039,0.4824839775,0.42797605481,0.20122507277,0.42083271916,0.49899287649,0.44541482183,0.37050097226,0.49037375614,0.49535934256,0.38890575023,0.42464661982,0.2474528507,0.054246986838,0.34434459081,0.29879098172,0.3909714362,0.22914458046
264.5,0.24711927628,0.45363994298,0.42919391345,0.41311734418,0.46817376005,0.461127909,0.49489622608,0.44108068238,0.42612978607,0.29892501129,0.49489706858,0.48244411071,0.42784352572,0.20087512208,0.42068898212,0.49898344065,0.44531058352,0.37028505723,0.49034830148,0.495343119,0.38871480691,0.42450884274,0.24711927628,0.054018119547,0.34409612309,0.29849512754,0.39078337517,0.22880234639
265.0,0.24678615032,0.45354967551,0.42906356754,0.41296207883,0.46810850526,0.46105041755,0.49487917331,0.4409695033,0.42599459703,0.29862993399,0.49488001736,0.48240424721,0.4277110376,0.20052577908,0.42054529408,0.49897400498,0.44520636957,0.37006926786,0.49032284814,0.49532689598,0.3885239572,0.42437111032,0.24678615032,0.053790217322,0.34384783424,0.29819956588,0.39059540436,0.22846062229
265.5,0.24645347221,0.45345942601,0.42893326118,0.41280687181,0.46804325956,0.46097293911,0.49486212113,0.44085835222,0.42585945082,0.29833514786,0.49486296674,0.48236438701,0.42757859046,0.20017704269,0.42040165504,0.49896456949,0.44510217999,0.36985360407,0.49029739613,0.49531067349,0.38833320103,0.42423342253,0.24645347221,0.053563276097,0.34359972414,0.29790429645,0.39040752373,0.22811940739
266.0,0.24612124135,0.45336919446,0.42880299436,0.41265172309,0.46797802295,0.46089547368,0.49484506954,0.44074722912,0.42572434744,0.2980406526,0.49484591669,0.48232453009,0.42744618427,0.19982891189,0.42025806497,0.49895513418,0.44499801475,0.36963806581,0.49027194543,0.49529445153,0.38814253838,0.42409577935,0.24612124135,0.053337291825,0.34335179265,0.29760931897,0.39021973324,0.22777870094
266.5,0.24578945714,0.45327898086,0.42867276706,0.41249663265,0.46791279543,0.46081802125,0.49482801854,0.44063613402,0.42558928686,0.29774644794,0.49482886724,0.48228467647,0.42731381904,0.19948138561,0.42011452385,0.49894569905,0.44489387387,0.36942265298,0.49024649605,0.4952782301,0.38795196918,0.42395818078,0.24578945714,0.053112260476,0.34310403965,0.29731463316,0.39003203284,0.22743850219
267.0,0.24545811899,0.45318878521,0.42854257927,0.41234160047,0.467847577,0.46074058183,0.49481096812,0.44052506689,0.42545426908,0.29745253357,0.49481181837,0.48224482613,0.42718149473,0.19913446281,0.41997103168,0.4989362641,0.44478975733,0.36920736553,0.490221048,0.4952620092,0.38776149339,0.4238206268,0.24545811899,0.052888178034,0.34285646501,0.29702023871,0.38984442249,0.22709881038
267.5,0.24512722631,0.4530986075,0.42841243097,0.41218662652,0.46778236765,0.46066315541,0.49479391829,0.44041402773,0.42531929408,0.29715890923,0.49479477009,0.48220497909,0.42704921134,0.19878814244,0.41982758844,0.49892682933,0.44468566512,0.36899220338,0.49019560126,0.49524578883,0.38757111097,0.4236831174,0.24512722631,0.052665040503,0.34260906861,0.29672613535,0.38965690214,0.22675962476
268.0,0.24479677848,0.45300844774,0.42828232216,0.41203171079,0.46771716739,0.46058574199,0.49477686905,0.44030301653,0.42518436184,0.29686557461,0.49477772239,0.48216513533,0.42691696887,0.19844242347,0.4196841941,0.49891739473,0.44458159724,0.36877716645,0.49017015585,0.495229569,0.38738082188,0.42354565255,0.24479677848,0.052442843903,0.3423618503,0.29643232278,0.38946947176,0.22642094458
268.5,0.24446677493,0.45291830591,0.42815225283,0.41187685325,0.46765197621,0.46050834156,0.4947598204,0.44019203329,0.42504947236,0.29657252944,0.49476067529,0.48212529486,0.42678476729,0.19809730486,0.41954084865,0.49890796031,0.4444775537,0.36856225467,0.49014471176,0.49521334969,0.38719062606,0.42340823225,0.24446677493,0.05222158427,0.34211480998,0.29613880073,0.3892821313,0.22608276909
269.0,0.24413721506,0.45282818201,0.42802222295,0.41172205388,0.46758679412,0.46043095413,0.49474277233,0.440081078,0.42491462562,0.29627977343,0.49474362877,0.48208545768,0.42665260659,0.19775278555,0.41939755208,0.49889852607,0.44437353447,0.36834746797,0.49011926898,0.49519713092,0.38700052347,0.42327085649,0.24413721506,0.052001257657,0.3418679475,0.2958455689,0.38909488072,0.22574509754
269.5,0.24380809827,0.45273807605,0.42789223253,0.41156731266,0.4675216211,0.46035357969,0.49472572485,0.43997015066,0.4247798216,0.29598730629,0.49472658284,0.48204562379,0.42652048676,0.19740886452,0.41925430436,0.49888909201,0.44426953955,0.36813280628,0.49009382753,0.49518091268,0.38681051407,0.42313352524,0.24380809827,0.051781860134,0.34162126275,0.29555262701,0.38890771997,0.22540792919
270.0,0.24347942397,0.45264798801,0.42776228155,0.41141262957,0.46745645717,0.46027621824,0.49470867796,0.43985925124,0.4246450603,0.29569512775,0.49470953749,0.48200579319,0.42638840779,0.19706554073,0.41911110549,0.49887965813,0.44416556894,0.36791826952,0.4900683874,0.49516469496,0.38662059781,0.42299623849,0.24347942397,0.051563387787,0.34137475559,0.29525997477,0.38872064902,0.22507126328
270.5,0.24315119156,0.4525579179,0.42763236999,0.41125800458,0.46739130231,0.46019886978,0.49469163165,0.43974837976,0.4245103417,0.29540323751,0.49469249273,0.48196596588,0.42625636966,0.19672281314,0.41896795544,0.49887022443,0.44406162264,0.36770385763,0.49004294859,0.49514847778,0.38643077465,0.42285899624,0.24315119156,0.051345836719,0.3411284259,0.2949676119,0.38853366781,0.22473509908
271.0,0.24282340047,0.4524678657,0.42750249784,0.41110343767,0.46732615653,0.46012153431,0.49467458594,0.4396375362,0.42437566578,0.29511163529,0.49467544856,0.48192614185,0.42612437236,0.19638068072,0.4188248542,0.4988607909,0.44395770063,0.36748957053,0.4900175111,0.49513226113,0.38624104453,0.42272179845,0.24282340047,0.051129203049,0.34088227355,0.29467553811,0.38834677632,0.22439943583
271.5,0.24249605009,0.45237783142,0.4273726651,0.41094892883,0.46726101983,0.46004421182,0.49465754081,0.43952672055,0.42424103253,0.29482032081,0.49465840498,0.48188632111,0.42599241589,0.19603914245,0.41868180176,0.49885135755,0.44385380292,0.36727540814,0.48999207492,0.49511604502,0.38605140742,0.42258464513,0.24249605009,0.050913482912,0.34063629841,0.29438375312,0.38815997448,0.22406427279
272.0,0.24216913984,0.45228781506,0.42724287175,0.41079447803,0.4671958922,0.45996690231,0.49464049626,0.43941593281,0.42410644195,0.29452929378,0.49464136198,0.48184650366,0.42586050022,0.19569819729,0.41853879808,0.49884192439,0.44374992949,0.3670613704,0.48996664007,0.49509982943,0.38586186326,0.42244753625,0.24216913984,0.05069867246,0.34039050035,0.29409225664,0.38797326227,0.22372960923
272.5,0.24184266914,0.4521978166,0.42711311777,0.41064008524,0.46713077365,0.45988960578,0.49462345231,0.43930517297,0.42397189401,0.29423855392,0.49462431957,0.48180668949,0.42572862535,0.19535784422,0.41839584317,0.49883249139,0.44364608034,0.36684745723,0.48994120654,0.49508361437,0.38567241202,0.42231047181,0.24184266914,0.05048476786,0.34014487926,0.29380104838,0.38778663963,0.2233954444
273.0,0.24151663738,0.45210783605,0.42698340317,0.41048575045,0.46706566417,0.45981232223,0.49460640894,0.43919444102,0.4238373887,0.29394810095,0.49460727775,0.48176687862,0.42559679126,0.19501808221,0.418252937,0.49882305858,0.44354225546,0.36663366855,0.48991577433,0.49506739985,0.38548305365,0.42217345178,0.24151663738,0.050271765297,0.339899435,0.29351012807,0.38760010653,0.22306177757
273.5,0.24119104399,0.4520178734,0.42685372791,0.41033147364,0.46700056376,0.45973505165,0.49458936616,0.43908373695,0.42370292601,0.29365793459,0.49459023652,0.48172707102,0.42546499793,0.19467891023,0.41811007955,0.49881362595,0.44343845485,0.36642000431,0.48989034344,0.49505118585,0.3852937881,0.42203647615,0.24119104399,0.050059660971,0.33965416744,0.29321949542,0.38741366293,0.22272860798
274.0,0.24086588837,0.45192792864,0.426724092,0.41017725477,0.46693547242,0.45965779405,0.49457232396,0.43897306077,0.42356850593,0.29336805454,0.49457319587,0.48168726672,0.42533324537,0.19434032728,0.41796727082,0.49880419349,0.44333467851,0.36620646443,0.48986491386,0.49503497239,0.38510461532,0.42189954491,0.24086588837,0.049848451096,0.33940907647,0.29292915015,0.38722730877,0.22239593491
274.5,0.24054116995,0.45183800179,0.42659449542,0.41002309384,0.46687039014,0.45958054941,0.49455528235,0.43886241246,0.42343412843,0.29307846054,0.49455615581,0.4816474657,0.42520153355,0.19400233232,0.41782451077,0.49879476122,0.44323092642,0.36599304882,0.48983948561,0.49501875946,0.38491553528,0.42176265805,0.24054116995,0.049638131906,0.33916416194,0.29263909196,0.38704104402,0.22206375762
275.0,0.24021688814,0.45174809282,0.42646493816,0.40986899082,0.46680531694,0.45950331775,0.49453824133,0.43875179201,0.42329979352,0.29278915229,0.49453911633,0.48160766796,0.42506986246,0.19366492433,0.4176817994,0.49878532912,0.44312719859,0.36577975743,0.48981405868,0.49500254705,0.38472654792,0.42162581555,0.24021688814,0.049428699648,0.33891942374,0.29234932059,0.38685486864,0.22173207537
275.5,0.23989304235,0.45165820174,0.42633542021,0.40971494569,0.4667402528,0.45942609905,0.4945212009,0.43864119943,0.42316550117,0.29250012951,0.49452207744,0.48156787351,0.42493823209,0.19332810231,0.41753913669,0.4987758972,0.443023495,0.36556659017,0.48978863307,0.49498633518,0.38453765321,0.42148901739,0.23989304235,0.049220150585,0.33867486175,0.29205983574,0.38666878257,0.22140088743
276.0,0.23956963201,0.45156832854,0.42620594155,0.40956095842,0.46667519773,0.45934889332,0.49450416105,0.43853063469,0.42303125137,0.29221139193,0.49450503914,0.48152808235,0.42480664243,0.19299186524,0.41739652263,0.49876646545,0.44291981565,0.36535354699,0.48976320877,0.49497012384,0.38434885109,0.42135226356,0.23956963201,0.049012480997,0.33843047582,0.29177063714,0.38648278579,0.22107019307
276.5,0.23924665652,0.45147847323,0.42607650217,0.40940702899,0.46661015172,0.45927170055,0.49448712179,0.4384200978,0.42289704411,0.29192293927,0.49448800143,0.48148829447,0.42467509346,0.1926562121,0.41725395719,0.49875703389,0.44281616054,0.3651406278,0.4897377858,0.49495391303,0.38416014152,0.42121555405,0.23924665652,0.048805687178,0.33818626584,0.29148172449,0.38629687824,0.22073999155
277.0,0.23892411531,0.45138863579,0.42594710207,0.40925315739,0.46654511477,0.45919452073,0.49447008312,0.43830958874,0.42276287937,0.29163477123,0.4944709643,0.48144850987,0.42454358517,0.19232114188,0.41711144036,0.4987476025,0.44271252966,0.36492783253,0.48971236414,0.49493770275,0.38397152445,0.42107888883,0.23892411531,0.048599765438,0.33794223169,0.29119309753,0.38611105989,0.22041028214
277.5,0.2386020078,0.45129881623,0.42581774122,0.40909934359,0.46648008688,0.45911735388,0.49445304504,0.43819910752,0.42262875714,0.29134688755,0.49445392776,0.48140872856,0.42441211755,0.19198665358,0.41696897212,0.4987381713,0.442608923,0.36471516111,0.48968694381,0.49492149301,0.38378299985,0.42094226791,0.2386020078,0.048394712104,0.33769837322,0.29090475597,0.38592533069,0.22008106411
278.0,0.2382803334,0.45120901453,0.42568841962,0.40894558757,0.46641506805,0.45904019998,0.49443600754,0.43808865411,0.42249467741,0.29105928794,0.49443689181,0.48136895053,0.42428069058,0.19165274618,0.41682655246,0.49872874027,0.44250534055,0.36450261347,0.48966152479,0.49490528379,0.38359456766,0.42080569126,0.2382803334,0.048190523518,0.33745469033,0.29061669952,0.3857396906,0.21975233673
278.5,0.23795909154,0.4511192307,0.42555913726,0.4087918893,0.46635005828,0.45896305903,0.49441897063,0.43797822853,0.42236064017,0.29077197211,0.49441985644,0.48132917579,0.42414930426,0.19131941868,0.41668418136,0.49871930942,0.44240178232,0.36429018954,0.48963610709,0.4948890751,0.38340622784,0.42066915887,0.23795909154,0.047987196034,0.33721118288,0.29032892791,0.38555413958,0.21942409928
279.0,0.23763828163,0.45102946474,0.42542989412,0.40863824877,0.46628505757,0.45888593104,0.4944019343,0.43786783075,0.4222266454,0.2904849398,0.49440282166,0.48128940433,0.42401795858,0.19098667008,0.4165418588,0.49870987874,0.4422982483,0.36407788925,0.48961069071,0.49487286695,0.38321798034,0.42053267073,0.23763828163,0.047784726027,0.33696785075,0.29004144085,0.38536867758,0.21909635102
279.5,0.23731790311,0.45093971663,0.4253006902,0.40848466596,0.46622006592,0.45880881599,0.49438489857,0.43775746077,0.42209269308,0.29019819072,0.49438578747,0.48124963615,0.42388665351,0.19065449937,0.41639958477,0.49870044825,0.44219473848,0.36386571251,0.48958527565,0.49485665932,0.38302982513,0.42039622682,0.23731790311,0.047583109883,0.33672469381,0.28975423807,0.38518330456,0.21876909124
280.0,0.23699795539,0.45084998638,0.42517152547,0.40833114083,0.46615508332,0.4587317139,0.49436786341,0.43764711859,0.42195878321,0.2899117246,0.49436875386,0.48120987126,0.42375538904,0.19032290555,0.41625735925,0.49869101794,0.44209125285,0.36365365927,0.48955986191,0.49484045223,0.38284176215,0.42025982712,0.23699795539,0.047382344004,0.33648171193,0.28946731928,0.38499802048,0.2184423192
280.5,0.2366784379,0.45076027398,0.42504239993,0.40817767338,0.46609010977,0.45865462474,0.49435082885,0.4375368042,0.42182491576,0.28962554114,0.49435172084,0.48117010964,0.42362416517,0.18999188763,0.41611518223,0.4986815878,0.44198779141,0.36344172945,0.48953444949,0.49482424567,0.38265379135,0.42012347162,0.2366784379,0.047182424808,0.336238905,0.2891806842,0.38481282529,0.21811603419
281.0,0.23635935006,0.45067057942,0.42491331357,0.40802426358,0.46602514527,0.45857754853,0.49433379487,0.43742651759,0.42169109074,0.28933964008,0.49433468841,0.48113035131,0.42349298189,0.18966144461,0.41597305368,0.49867215784,0.44188435416,0.36322992298,0.48950903839,0.49480803963,0.38246591271,0.41998716031,0.23635935006,0.046983348728,0.33599627288,0.28889433256,0.38462771896,0.21779023548
281.5,0.2360406913,0.45058090272,0.42478426637,0.4078709114,0.46596018983,0.45850048526,0.49431676148,0.43731625876,0.42155730811,0.28905402114,0.49431765656,0.48109059627,0.42336183917,0.18933157548,0.4158309736,0.49866272806,0.44178094109,0.36301823979,0.4894836286,0.49479183413,0.38227812616,0.41985089318,0.2360406913,0.046785112212,0.33575381546,0.28860826407,0.38444270145,0.21746492234
282.0,0.23572246104,0.45049124385,0.42465525832,0.40771761683,0.46589524343,0.45842343493,0.49429972868,0.43720602769,0.42142356788,0.28876868403,0.4943006253,0.4810508445,0.423230737,0.18900227926,0.41568894196,0.49865329845,0.44167755218,0.3628066798,0.48945822014,0.49477562916,0.38209043166,0.4197146702,0.23572246104,0.046587711722,0.33551153259,0.28832247846,0.3842577727,0.21714009407
282.5,0.23540465871,0.45040160282,0.42452628941,0.40756437984,0.46583030609,0.45834639753,0.49428269646,0.43709582438,0.42128987003,0.28848362848,0.49428359463,0.48101109601,0.42309967538,0.18867355496,0.41554695874,0.49864386903,0.44157418745,0.36259524295,0.48943281299,0.49475942472,0.38190282918,0.41957849137,0.23540465871,0.046391143736,0.33526942417,0.28803697544,0.38407293268,0.21681574993
283.0,0.23508728374,0.45031197963,0.42439735964,0.40741120042,0.46576537779,0.45826937307,0.49426566484,0.43698564882,0.42115621453,0.28819885422,0.49426656455,0.48097135081,0.42296865429,0.18834540158,0.41540502394,0.49863443978,0.44147084687,0.36238392916,0.48940740716,0.49474322081,0.38171531865,0.41944235667,0.23508728374,0.046195404745,0.33502749006,0.28775175474,0.38388818134,0.21649188921
283.5,0.23477033555,0.45022237427,0.42426846898,0.40725807853,0.46570045853,0.45819236154,0.49424863379,0.43687550101,0.42102260139,0.28791436096,0.49424953505,0.48093160889,0.42283767372,0.18801781814,0.41526313754,0.49862501072,0.44136753046,0.36217273836,0.48938200265,0.49472701743,0.38152790005,0.41930626609,0.23477033555,0.046000491258,0.33478573015,0.28746681608,0.38370351865,0.21616851119
284.0,0.23445381358,0.45013278673,0.42413961742,0.40710501417,0.46563554832,0.45811536294,0.49423160334,0.43676538094,0.42088903058,0.28763014843,0.49423250613,0.48089187025,0.42270673366,0.18769080364,0.41512129951,0.49861558183,0.44126423819,0.36196167047,0.48935659946,0.49471081458,0.38134057332,0.41917021961,0.23445381358,0.045806399796,0.33454414429,0.28718215918,0.38351894455,0.21584561517
284.5,0.23413771725,0.45004321702,0.42401080496,0.4069520073,0.46557064716,0.45803837726,0.49421457347,0.4366552886,0.4207555021,0.28734621635,0.49421547781,0.48085213488,0.42257583409,0.18736435711,0.41497950985,0.49860615312,0.44116097007,0.36175072544,0.48933119758,0.49469461226,0.38115333843,0.41903421721,0.23413771725,0.045613126895,0.33430273238,0.28689778377,0.38333445902,0.21552320041
285.0,0.233822046,0.44995366513,0.42388203158,0.40679905791,0.46550575504,0.45796140451,0.49419754418,0.43654522399,0.42062201593,0.28706256444,0.49419845007,0.4808124028,0.422444975,0.18703847755,0.41483776853,0.49859672458,0.44105772608,0.36153990319,0.48930579703,0.49467841047,0.38096619531,0.41889825889,0.233822046,0.045420669106,0.33406149428,0.28661368956,0.383150062,0.21520126621
285.5,0.23350679925,0.44986413105,0.42375329727,0.40664616598,0.46544087195,0.45788444469,0.49418051549,0.4364351871,0.42048857205,0.28677919243,0.49418142291,0.480772674,0.42231415638,0.186713164,0.41469607555,0.49858729623,0.44095450623,0.36132920364,0.48928039779,0.49466220922,0.38077914394,0.41876234463,0.23350679925,0.045229022994,0.33382042988,0.28632987628,0.38296575345,0.21487981185
286.0,0.23319197644,0.44977461479,0.42362460202,0.40649333148,0.46537599791,0.45780749778,0.49416348738,0.43632517791,0.42035517046,0.28649610005,0.49416439635,0.48073294848,0.42218337821,0.18638841546,0.41455443087,0.49857786805,0.44085131051,0.36111862672,0.48925499987,0.49464600849,0.38059218426,0.41862647442,0.23319197644,0.045038185141,0.33357953904,0.28604634365,0.38278153333,0.21455883663
286.5,0.23287757701,0.44968511633,0.42349594581,0.40634055439,0.4653111329,0.45773056379,0.49414645986,0.43621519643,0.42022181113,0.28621328701,0.49414737036,0.48069322623,0.42205264049,0.18606423096,0.4144128345,0.49856844005,0.44074813891,0.36090817237,0.48922960327,0.49462980829,0.38040531623,0.41849064823,0.23287757701,0.044848152139,0.33333882164,0.28576309139,0.38259740161,0.21423833983
287.0,0.23256360037,0.44959563569,0.42336732863,0.40618783468,0.46524627694,0.45765364272,0.49412943292,0.43610524265,0.42008849407,0.28593075304,0.49413034497,0.48065350727,0.4219219432,0.18574060952,0.4142712864,0.49855901223,0.44064499142,0.36069784051,0.48920420799,0.49461360863,0.38021853981,0.41835486606,0.23256360037,0.044658920598,0.33309827756,0.28548011924,0.38241335823,0.21391832073
287.5,0.23225004598,0.44950617284,0.42323875048,0.40603517235,0.46518143,0.45757673457,0.49411240657,0.43599531656,0.41995521924,0.28564849787,0.49411332016,0.48061379159,0.42179128633,0.18541755017,0.41412978657,0.49854958459,0.44054186805,0.36048763107,0.48917881402,0.49459740949,0.38003185495,0.4182191279,0.23225004598,0.04447048714,0.33285790668,0.2851974269,0.38222940315,0.21359877864
288.0,0.23193691326,0.44941672779,0.42311021134,0.40588256737,0.46511659211,0.45749983933,0.49409538081,0.43588541816,0.41982198665,0.28536652122,0.49409629594,0.48057407918,0.42166066987,0.18509505193,0.41398833498,0.49854015713,0.44043876878,0.36027754398,0.48915342138,0.49458121089,0.3798452616,0.41808343372,0.23193691326,0.044282848403,0.33261770886,0.28491501411,0.38204553633,0.21327971285
288.5,0.23162420165,0.44932730054,0.4229817112,0.40573001971,0.46505176324,0.45742295699,0.49407835563,0.43577554743,0.41968879627,0.28508482282,0.49407927231,0.48053437005,0.4215300938,0.18477311383,0.41384693163,0.49853072984,0.44033569361,0.36006757917,0.48912803005,0.49456501281,0.37965875972,0.41794778351,0.23162420165,0.044096001038,0.33237768399,0.28463288059,0.38186175774,0.21296112264
289.0,0.23131191059,0.44923789108,0.42285325005,0.40557752935,0.46498694341,0.45734608757,0.49406133104,0.43566570436,0.41955564809,0.28480340238,0.49406224926,0.4804946642,0.42139955811,0.1844517349,0.41370557649,0.49852130273,0.44023264254,0.35985773657,0.48910264003,0.49454881527,0.37947234927,0.41781217727,0.23131191059,0.043909941709,0.33213783194,0.28435102607,0.38167806732,0.21264300731
289.5,0.23100003951,0.44914849941,0.42272482787,0.40542509628,0.46492213261,0.45726923105,0.49404430704,0.43555588897,0.4194225421,0.28452225965,0.4940452268,0.48045496163,0.42126906279,0.18413091418,0.41356426955,0.49851187581,0.44012961555,0.3596480161,0.48907725134,0.49453261826,0.37928603021,0.41767661497,0.23100003951,0.043724667097,0.33189815259,0.28406945027,0.38149446504,0.21232536615
290.0,0.23068858785,0.44905912552,0.42259644465,0.40527272046,0.46485733084,0.45719238743,0.49402728362,0.43544610122,0.41928947829,0.28424139434,0.49402820492,0.48041526233,0.42113860782,0.18381065069,0.41342301079,0.49850244906,0.44002661265,0.3594384177,0.48905186396,0.49451642177,0.37909980248,0.4175410966,0.23068858785,0.043540173895,0.33165864581,0.28378815291,0.38131095086,0.21200819847
290.5,0.23037755506,0.44896976942,0.42246810038,0.40512040189,0.46479253809,0.45711555672,0.49401026079,0.43533634113,0.41915645665,0.28396080618,0.49401118363,0.48037556631,0.4210081932,0.18349094347,0.4132818002,0.49849302248,0.43992363382,0.3592289413,0.4890264779,0.49450022582,0.37891366604,0.41740562215,0.23037755506,0.043356458809,0.33141931148,0.28350713372,0.38112752472,0.21169150356
291.0,0.23006694056,0.44888043109,0.42233979506,0.40496814053,0.46472775438,0.4570387389,0.49399323855,0.43522660868,0.41902347715,0.2836804949,0.49399416293,0.48033587357,0.42087781891,0.18317179156,0.41314063776,0.49848359609,0.43982067906,0.35901958682,0.48900109316,0.4944840304,0.37872762085,0.41727019161,0.23006694056,0.043173518562,0.33118014948,0.28322639243,0.3809441866,0.21137528072
291.5,0.22975674381,0.44879111054,0.42221152866,0.40481593637,0.46466297969,0.45696193398,0.49397621689,0.43511690386,0.41889053979,0.28340046022,0.49397714281,0.4802961841,0.42074748494,0.18285319399,0.41299952345,0.49847416987,0.43971774837,0.35881035419,0.48897570974,0.4944678355,0.37854166686,0.41713480495,0.22975674381,0.042991349887,0.33094115968,0.28294592876,0.38076093644,0.21105952925
292.0,0.22944696423,0.44870180775,0.42208330118,0.40466378939,0.46459821402,0.45688514196,0.49395919582,0.43500722667,0.41875764455,0.28312070188,0.49396012328,0.48025649791,0.42061719128,0.18253514981,0.41285845726,0.49846474384,0.43961484174,0.35860124335,0.48895032763,0.49445164114,0.37835580403,0.41699946216,0.22944696423,0.042809949535,0.33070234196,0.28266574243,0.38057777421,0.21074424844
292.5,0.22913760128,0.44861252274,0.4219551126,0.40451169956,0.46453345738,0.45680836283,0.49394217533,0.4348975771,0.41862479142,0.28284121959,0.49394310433,0.480216815,0.42048693791,0.18221765805,0.41271743916,0.49845531798,0.43951195917,0.35839225422,0.48892494684,0.49443544731,0.37817003232,0.41686416324,0.22913760128,0.042629314265,0.3304636962,0.28238583319,0.38039469986,0.2104294376
293.0,0.2288286544,0.44852325548,0.42182696291,0.40435966686,0.46446870976,0.45673159659,0.49392515543,0.43478795515,0.41849198039,0.28256201309,0.49392608598,0.48017713536,0.42035672483,0.18190071776,0.41257646915,0.49844589229,0.43940910064,0.35818338673,0.48889956737,0.49441925401,0.37798435167,0.41672890816,0.2288286544,0.042449440856,0.33022522227,0.28210620074,0.38021171336,0.21011509603
293.5,0.22852012302,0.44843400599,0.42169885211,0.40420769127,0.46440397116,0.45665484323,0.49390813612,0.4346783608,0.41835921144,0.28228308211,0.4939090682,0.480137459,0.42022655201,0.18158432799,0.41243554721,0.49843646679,0.43930626616,0.35797464081,0.48887418921,0.49440306124,0.37779876205,0.41659369691,0.22852012302,0.042270326095,0.32998692005,0.28182684482,0.38002881465,0.20980122304
294.0,0.2282120066,0.44834477425,0.42157078017,0.40405577277,0.46433924158,0.45657810277,0.4938911174,0.43456879406,0.41822648456,0.28200442636,0.49389205102,0.48009778592,0.42009641945,0.18126848778,0.41229467332,0.49842704147,0.43920345572,0.35776601639,0.48884881237,0.494386869,0.37761326342,0.41645852949,0.2282120066,0.042091966787,0.32974878941,0.28154776516,0.37984600371,0.20948781793
294.5,0.22790430457,0.44825556027,0.42144274709,0.40390391134,0.46427452101,0.45650137519,0.49387409926,0.4344592549,0.41809379973,0.28172604559,0.49387503442,0.48005811611,0.41996632713,0.18095319617,0.41215384747,0.49841761632,0.4391006693,0.3575575134,0.48882343685,0.49437067729,0.37742785571,0.41632340586,0.22790430457,0.041914359748,0.32951083024,0.28126896148,0.37966328048,0.20917488
295.0,0.22759701639,0.44816636403,0.42131475286,0.40375210695,0.46420980947,0.45642466049,0.4938570817,0.43434974333,0.41796115695,0.28144793953,0.4938580184,0.48001844957,0.41983627505,0.18063845223,0.41201306963,0.49840819135,0.43899790692,0.35734913177,0.48879806264,0.4943544861,0.3772425389,0.41618832603,0.22759701639,0.041737501806,0.32927304241,0.28099043351,0.37948064492,0.20886240857
295.5,0.2272901415,0.44807718554,0.42118679746,0.40360035959,0.46414510694,0.45634795867,0.49384006474,0.43424025935,0.4178285562,0.28117010789,0.49384100298,0.47997878631,0.41970626318,0.18032425499,0.4118723398,0.49839876656,0.43889516855,0.35714087143,0.48877268976,0.49433829545,0.37705731294,0.41605328997,0.2272901415,0.041561389806,0.3290354258,0.28071218098,0.37929809699,0.20855040293
296.0,0.22698367934,0.44798802479,0.42105888088,0.40344866923,0.46408041342,0.45627126972,0.49382304836,0.43413080293,0.41769599747,0.28089255041,0.49382398814,0.47993912632,0.41957629153,0.18001060352,0.41173165795,0.49838934195,0.43879245421,0.35693273231,0.48874731818,0.49432210533,0.37687217778,0.41591829767,0.22698367934,0.041386020605,0.32879798028,0.28043420362,0.37911563666,0.2082388624
296.5,0.22667762937,0.44789888178,0.42093100311,0.40329703586,0.46401572892,0.45619459366,0.49380603256,0.43402137408,0.41756348074,0.28061526682,0.49380697388,0.4798994696,0.41944636007,0.17969749686,0.41159102407,0.49837991751,0.43868976387,0.35672471433,0.48872194793,0.49430591574,0.37668713338,0.41578334912,0.22667762937,0.04121139107,0.32856070574,0.28015650116,0.37893326387,0.20792778629
297.0,0.22637199103,0.44780975651,0.42080316414,0.40314545944,0.46395105343,0.45611793046,0.49378901736,0.43391197279,0.417431006,0.28033825685,0.49378996021,0.47985981616,0.41931646879,0.17938493408,0.41145043815,0.49837049326,0.43858709753,0.35651681744,0.48869657899,0.49428972668,0.37650217969,0.4156484443,0.22637199103,0.041037498087,0.32832360204,0.27987907332,0.3787509786,0.20761717391
297.5,0.22606676378,0.44772064897,0.42067536396,0.40299393997,0.46388638695,0.45604128014,0.49377200273,0.43380259905,0.41729857323,0.28006152022,0.49377294713,0.479820166,0.41918661768,0.17907291423,0.41130990016,0.49836106918,0.43848445519,0.35630904155,0.48867121137,0.49427353815,0.37631731667,0.4155135832,0.22606676378,0.040864338549,0.32808666908,0.27960191983,0.37856878078,0.20730702456
298.0,0.22576194705,0.44763155915,0.42054760255,0.40284247741,0.46382172948,0.45596464269,0.4937549887,0.43369325285,0.41716618243,0.27978505668,0.49375593463,0.4797805191,0.41905680673,0.17876143637,0.41116941009,0.49835164528,0.43838183685,0.3561013866,0.48864584506,0.49425735015,0.37613254428,0.4153787658,0.22576194705,0.040691909367,0.32784990671,0.27932504043,0.37838667039,0.20699733757
298.5,0.2254575403,0.44754248706,0.42041987991,0.40269107175,0.46375708102,0.4558880181,0.49373797525,0.4335839342,0.41703383358,0.27950886595,0.49373892272,0.47974087548,0.41892703592,0.17845049956,0.41102896793,0.49834222156,0.43827924249,0.35589385251,0.48862048008,0.49424116268,0.37594786247,0.4152439921,0.2254575403,0.040520207463,0.32761331483,0.27904843484,0.37820464739,0.20668811224
299.0,0.22515354299,0.4474534327,0.42029219601,0.40253972297,0.46369244156,0.45581140638,0.49372096238,0.43347464307,0.41690152667,0.27923294776,0.49372191139,0.47970123513,0.41879730525,0.17814010286,0.41088857366,0.49833279802,0.43817667212,0.35568643922,0.4885951164,0.49422497574,0.37576327119,0.41510926207,0.22515354299,0.04034922977,0.32737689332,0.27877210279,0.37802271172,0.20637934789
299.5,0.22484995457,0.44736439605,0.42016455086,0.40238843104,0.46362781111,0.45573480752,0.49370395011,0.43336537947,0.41676926168,0.27895730184,0.49370490065,0.47966159805,0.4186676147,0.17783024534,0.41074822726,0.49832337465,0.43807412572,0.35547914666,0.48856975405,0.49420878933,0.37557877041,0.4149745757,0.22484995457,0.040178973238,0.32714064203,0.27849604402,0.37784086335,0.20607104384
300.0,0.22454677448,0.44727537711,0.42003694443,0.40223719594,0.46356318967,0.45565822152,0.49368693842,0.43325614338,0.4166370386,0.27868192792,0.4936878905,0.47962196425,0.41853796425,0.17752092607,0.41060792871,0.49831395147,0.43797160329,0.35527197476,0.48854439301,0.49419260345,0.37539436008,0.41483993298,0.22454677448,0.040009434827,0.32690456087,0.27822025825,0.37765910224,0.2057631994
300.5,0.22424400218,0.44718637588,0.41990937672,0.40208601765,0.46349857722,0.45558164838,0.49366992731,0.4331469348,0.41650485742,0.27840682575,0.49367088093,0.47958233372,0.4184083539,0.17721214411,0.41046767801,0.49830452846,0.43786910483,0.35506492344,0.48851903328,0.4941764181,0.37521004015,0.4147053339,0.22424400218,0.03984061151,0.3266686497,0.27794474522,0.37747742834,0.20545581389
301.0,0.22394163713,0.44709739236,0.41978184772,0.40193489615,0.46343397378,0.45550508809,0.49365291679,0.43303775373,0.41637271812,0.27813199503,0.49365387195,0.47954270645,0.41827878364,0.17690389853,0.41032747512,0.49829510563,0.43776663033,0.35485799263,0.48849367487,0.49416023328,0.37502581058,0.41457077844,0.22394163713,0.039672500274,0.3264329084,0.27766950465,0.37729584161,0.20514888664
301.5,0.22363967878,0.44700842655,0.41965435741,0.40178383143,0.46336937934,0.45542854066,0.49363590686,0.43292860016,0.41624062069,0.27785743552,0.49363686356,0.47950308246,0.41814925345,0.17659618841,0.41018732005,0.49828568297,0.43766417978,0.35465118228,0.48846831778,0.494144049,0.37484167133,0.41443626658,0.22363967878,0.039505098118,0.32619733686,0.27739453628,0.37711434202,0.20484241694
302.0,0.22333812659,0.44691947843,0.41952690578,0.40163282344,0.4633047939,0.45535200608,0.49361889751,0.43281947407,0.41610856512,0.27758314695,0.49361985575,0.47946346174,0.41801976331,0.17628901281,0.41004721276,0.4982762605,0.43756175318,0.3544444923,0.48844296201,0.49412786524,0.37465762235,0.41430179831,0.22333812659,0.039338402052,0.32596193494,0.27711983984,0.37693292952,0.20453640414
302.5,0.22303698001,0.44683054801,0.41939949281,0.40148187219,0.46324021746,0.45527548435,0.49360188875,0.43271037546,0.41597655139,0.27730912903,0.49360284852,0.4794238443,0.41789031322,0.1759823708,0.40990715325,0.4982668382,0.43745935052,0.35423792262,0.48841760755,0.49411168201,0.3744736636,0.41416737362,0.22303698001,0.039172409102,0.32572670253,0.27684541506,0.37675160406,0.20423084755
303.0,0.22273623849,0.44674163528,0.41927211851,0.40133097764,0.46317565002,0.45519897547,0.49358488058,0.43260130433,0.4158445795,0.27703538152,0.49358584188,0.47938423012,0.41776090317,0.17567626147,0.4097671415,0.49825741609,0.4373569718,0.35403147319,0.4883922544,0.49409549931,0.37428979503,0.41403299249,0.22273623849,0.039007116304,0.3254916395,0.27657126167,0.37657036562,0.20392574649
303.5,0.22243590151,0.44665274025,0.41914478285,0.40118013977,0.46311109157,0.45512247943,0.49356787299,0.43249226067,0.41571264942,0.27676190414,0.49356883583,0.47934461921,0.41763153314,0.17537068389,0.40962717749,0.49824799415,0.43725461701,0.35382514392,0.48836690257,0.49407931714,0.3741060166,0.41389865492,0.22243590151,0.038842520706,0.32525674574,0.2762973794,0.37638921413,0.20362110029
304.0,0.22213596851,0.4465638629,0.41901748582,0.40102935857,0.46304654211,0.45504599624,0.49355086598,0.43238324447,0.41558076115,0.27648869663,0.49355183036,0.47930501157,0.41750220311,0.17506563715,0.4094872612,0.49823857239,0.43715228615,0.35361893475,0.48834155206,0.49406313549,0.37392232826,0.41376436088,0.22213596851,0.038678619371,0.32502202113,0.27602376799,0.37620814958,0.20331690828
304.5,0.22183643896,0.44647500323,0.41889022742,0.40087863401,0.46298200165,0.45496952589,0.49353385957,0.43227425573,0.41544891467,0.27621575871,0.49353482548,0.4792654072,0.41737291309,0.17476112031,0.40934739263,0.4982291508,0.4370499792,0.3534128456,0.48831620286,0.49404695438,0.37373872998,0.41363011036,0.22183643896,0.038515409372,0.32478746553,0.27575042718,0.3760271719,0.20301316976
305.0,0.22153731231,0.44638616124,0.41876300763,0.40072796606,0.46291747018,0.45489306837,0.49351685373,0.43216529443,0.41531710996,0.27594309013,0.49351782119,0.4792258061,0.41724366305,0.17445713246,0.40920757174,0.4982197294,0.43694769618,0.35320687642,0.48829085498,0.4940307738,0.37355522171,0.41349590334,0.22153731231,0.038352887796,0.32455307884,0.27547735668,0.37584628107,0.20270988409
305.5,0.22123858803,0.44629733692,0.41863582644,0.40057735472,0.4628529477,0.4548166237,0.49349984849,0.43205636058,0.41518534703,0.27567069061,0.49350081748,0.47918620827,0.41711445298,0.17415367269,0.40906779854,0.49821030817,0.43684543706,0.35300102712,0.48826550841,0.49401459375,0.37337180339,0.41336173983,0.22123858803,0.03819105174,0.32431886092,0.27520455624,0.37566547703,0.20240705057
306.0,0.22094026558,0.44620853028,0.41850868383,0.40042679995,0.46278843421,0.45474019185,0.49348284383,0.43194745416,0.41505362584,0.2753985599,0.49348381435,0.47914661371,0.41698528287,0.17385074008,0.40892807299,0.49820088712,0.43674320184,0.35279529764,0.48824016316,0.49399841423,0.373188475,0.41322761978,0.22094026558,0.038029898316,0.32408481167,0.2749320256,0.37548475975,0.20210466855
306.5,0.22064234441,0.4461197413,0.41838157981,0.40027630174,0.46272392971,0.45466377284,0.49346583975,0.43183857516,0.41492194639,0.27512669773,0.49346681181,0.47910702242,0.41685615271,0.17354833372,0.4087883951,0.49819146625,0.43664099052,0.35258968791,0.48821481923,0.49398223524,0.37300523649,0.41309354321,0.22064234441,0.037869424647,0.32385093095,0.27465976447,0.37530412919,0.20180273734
307.0,0.220344824,0.44603096999,0.41825451434,0.40012586006,0.46265943419,0.45458736666,0.49344883627,0.43172972359,0.41479030867,0.27485510383,0.49344980986,0.47906743439,0.41672706248,0.17324645269,0.40864876482,0.49818204556,0.4365388031,0.35238419786,0.48818947661,0.49396605678,0.3728220878,0.41295951009,0.220344824,0.037709627867,0.32361721865,0.27438777261,0.37512358531,0.20150125629
307.5,0.22004770381,0.44594221634,0.41812748743,0.3999754749,0.46259494766,0.45451097331,0.49343183336,0.43162089943,0.41465871266,0.27458377794,0.4934328085,0.47902784963,0.41659801218,0.17294509609,0.40850918217,0.49817262504,0.43643663956,0.35217882741,0.4881641353,0.49394987885,0.3726390289,0.4128255204,0.22004770381,0.037550505124,0.32338367464,0.27411604974,0.37494312806,0.20120022472
308.0,0.21975098329,0.44585348035,0.41800049906,0.39982514622,0.46253047012,0.45443459278,0.49341483105,0.43151210268,0.41452715834,0.27431271979,0.49341580771,0.47898826814,0.41646900179,0.172644263,0.4083696471,0.49816320471,0.43633449991,0.35197357651,0.48813879531,0.49393370145,0.37245605975,0.41269157413,0.21975098329,0.037392053575,0.32315029881,0.27384459559,0.3747627574,0.20089964196
308.5,0.21945466192,0.44576476201,0.41787354921,0.39967487402,0.46246600156,0.45435822508,0.49339782932,0.43140333332,0.41439564572,0.27404192913,0.49339880752,0.47894868992,0.41634003129,0.17234395252,0.40823015962,0.49815378455,0.43623238412,0.35176844508,0.48811345663,0.49391752457,0.3722731803,0.41255767128,0.21945466192,0.037234270394,0.32291709104,0.27357340991,0.37458247329,0.20059950736
309.0,0.21915873916,0.44567606133,0.41774663789,0.39952465827,0.46240154198,0.4542818702,0.49338082817,0.43129459136,0.41426417476,0.27377140568,0.49338180791,0.47890911497,0.41621110069,0.17204416375,0.4080907197,0.49814436457,0.43613029221,0.35156343306,0.48808811927,0.49390134823,0.3720903905,0.41242381182,0.21915873916,0.037077152761,0.3226840512,0.27330249242,0.37440227569,0.20029982023
309.5,0.21886321447,0.44558737829,0.41761976507,0.39937449895,0.46233709138,0.45420552814,0.49336382761,0.43118587679,0.41413274547,0.27350114918,0.49336480888,0.47886954328,0.41608220995,0.17174489578,0.40795132733,0.49813494476,0.43602822417,0.35135854036,0.48806278323,0.49388517242,0.37190769032,0.41228999574,0.21886321447,0.036920697872,0.32245117917,0.27303184287,0.37422216456,0.20000057992
310.0,0.21856808734,0.44549871289,0.41749293074,0.39922439604,0.46227264976,0.4541291989,0.49334682764,0.43107718959,0.41400135782,0.27323115937,0.49334781044,0.47882997486,0.41595335908,0.1714461477,0.4078119825,0.49812552514,0.43592617998,0.35115376693,0.4880374485,0.49386899714,0.3717250797,0.41215622302,0.21856808734,0.036764902934,0.32221847483,0.27276146099,0.37404213986,0.19970178577
310.5,0.21827335721,0.44541006513,0.4173661349,0.39907434951,0.46220821712,0.45405288247,0.49332982825,0.43096852977,0.41387001181,0.27296143599,0.49333081259,0.4787904097,0.41582454806,0.17114791862,0.40767268517,0.49811610569,0.43582415965,0.35094911269,0.48801211508,0.49385282238,0.37154255861,0.41202249366,0.21827335721,0.036609765164,0.32198593807,0.27249134651,0.37386220154,0.19940343711
311.0,0.21797902356,0.44532143502,0.41723937753,0.39892435935,0.46214379345,0.45397657885,0.49331282945,0.43085989731,0.41373870741,0.27269197878,0.49331381532,0.47875084781,0.41569577687,0.17085020764,0.40753343535,0.49810668643,0.43572216316,0.35074457757,0.48798678298,0.49383664816,0.371360127,0.41188880764,0.21797902356,0.036455281794,0.32175356877,0.27222149917,0.37368234957,0.19910553329
311.5,0.21768508587,0.44523282253,0.41711265861,0.39877442553,0.46207937876,0.45390028805,0.49329583123,0.43075129221,0.41360744463,0.27242278746,0.49329681864,0.47871128919,0.41556704551,0.17055301386,0.40739423301,0.49809726734,0.43562019052,0.35054016152,0.48796145219,0.49382047447,0.37117778483,0.41175516494,0.21768508587,0.036301450063,0.32152136679,0.27195191871,0.3735025839,0.19880807363
312.0,0.21739154359,0.44514422767,0.41698597815,0.39862454803,0.46201497305,0.45382401005,0.4932788336,0.43064271446,0.41347622343,0.27215386179,0.49327982254,0.47867173383,0.41543835396,0.17025633638,0.40725507813,0.49808784842,0.43551824171,0.35033586444,0.48793612272,0.4938043013,0.37099553205,0.41162156555,0.21739154359,0.036148267226,0.32128933203,0.27168260487,0.3733229045,0.19851105748
312.5,0.2170983962,0.44505565044,0.41685933612,0.39847472684,0.4619505763,0.45374774486,0.49326183655,0.43053416405,0.41334504382,0.27188520149,0.49326282703,0.47863218174,0.41530970221,0.16996017431,0.40711597071,0.49807842969,0.43541631674,0.35013168629,0.48791079456,0.49378812867,0.37081336862,0.41148800946,0.2170983962,0.035995730548,0.32105746437,0.27141355737,0.37314331131,0.19821448419
313.0,0.21680564318,0.44496709083,0.41673273251,0.39832496193,0.46188618853,0.45367149247,0.49324484009,0.43042564099,0.41321390577,0.27161680631,0.4932458321,0.47859263291,0.41518109025,0.16966452676,0.40697691072,0.49806901113,0.43531441559,0.34992762698,0.48788546772,0.49377195656,0.37063129449,0.41135449666,0.21680564318,0.035843837305,0.32082576367,0.27114477597,0.37296380431,0.19791835309
313.5,0.21651328398,0.44487854885,0.41660616732,0.39817525328,0.46182180974,0.45359525289,0.49322784422,0.43031714525,0.41308280928,0.27134867598,0.49322883776,0.47855308735,0.41505251807,0.16936939283,0.40683789815,0.49805959276,0.43521253826,0.34972368645,0.48786014219,0.49375578498,0.37044930963,0.41122102712,0.21651328398,0.035692584784,0.32059422983,0.27087626039,0.37278438344,0.19762266352
314.0,0.2162213181,0.44479002447,0.41647964053,0.39802560086,0.46175743991,0.45351902611,0.49321084893,0.43020867684,0.41295175433,0.27108081024,0.49321184401,0.47851354505,0.41492398564,0.16907477164,0.40669893298,0.49805017456,0.43511068475,0.34951986464,0.48783481798,0.49373961394,0.37026741399,0.41108760083,0.2162213181,0.035541970284,0.32036286273,0.27060801037,0.37260504868,0.19732741484
314.5,0.21592974499,0.44470151771,0.41635315212,0.39787600466,0.46169307904,0.45344281212,0.49319385423,0.43010023574,0.4128207409,0.27081320884,0.49319485084,0.47847400602,0.41479549297,0.16878066229,0.4065600152,0.49804075654,0.43500885504,0.34931616146,0.48780949508,0.49372344342,0.37008560753,0.41095421779,0.21592974499,0.035391991118,0.32013166224,0.27034002565,0.37242579996,0.19703260639
315.0,0.21563856414,0.44461302856,0.4162267021,0.39772646466,0.46162872715,0.45336661093,0.49317686011,0.42999182196,0.41268976899,0.27054587151,0.49317785825,0.47843447025,0.41466704004,0.1684870639,0.40642114479,0.49803133869,0.43490704914,0.34911257686,0.48778417349,0.49370727343,0.36990389019,0.41082087797,0.21563856414,0.035242644605,0.31990062824,0.27007230598,0.37224663727,0.19673823751
315.5,0.21534777501,0.44452455701,0.41610029044,0.39757698084,0.46156438422,0.45329042254,0.49315986658,0.42988343548,0.41255883859,0.27027879799,0.49316086625,0.47839493774,0.41453862683,0.16819397558,0.40628232173,0.49802192103,0.43480526704,0.34890911076,0.48775885322,0.49369110398,0.36972226194,0.41068758137,0.21534777501,0.03509392808,0.31966976062,0.26980485108,0.37206756055,0.19644430755
316.0,0.21505737709,0.44443610307,0.41597391713,0.39742755317,0.46150005025,0.45321424694,0.49314287363,0.42977507629,0.41242794967,0.27001198802,0.49314387484,0.4783554085,0.41441025334,0.16790139645,0.40614354601,0.49801250354,0.43470350873,0.34870576309,0.48773353426,0.49367493505,0.36954072274,0.41055432797,0.21505737709,0.034945838887,0.31943905925,0.26953766071,0.37188856976,0.19615081586
316.5,0.21476736986,0.44434766672,0.41584758217,0.39727818163,0.46143572525,0.45313808412,0.49312588127,0.4296667444,0.41229710223,0.26974544134,0.49312688401,0.47831588252,0.41428191955,0.16760932563,0.40600481762,0.49800308623,0.4346017742,0.3485025338,0.48770821661,0.49365876665,0.36935927254,0.41042111775,0.21476736986,0.034798374381,0.31920852403,0.26927073458,0.37170966486,0.19585776179
317.0,0.21447775277,0.44425924797,0.41572128554,0.3971288662,0.46137140921,0.4530619341,0.49310888949,0.42955843978,0.41216629625,0.2694791577,0.49310989376,0.4782763598,0.41415362545,0.16731776224,0.40586613653,0.4979936691,0.43450006346,0.34829942279,0.48768290028,0.49364259878,0.3691779113,0.4102879507,0.21447775277,0.034651531929,0.31897815482,0.26900407246,0.37153084582,0.19556514468
317.5,0.21418852532,0.44417084681,0.41559502723,0.39697960686,0.46130710213,0.45298579685,0.4930918983,0.42945016245,0.41203553171,0.26921313682,0.49309290411,0.47823684034,0.41402537103,0.16702670539,0.40572750273,0.49798425214,0.43439837649,0.34809643002,0.48765758527,0.49362643144,0.36899663897,0.4101548268,0.21418852532,0.03450530891,0.31874795151,0.26873767407,0.37135211258,0.1952729639
318.0,0.21389968699,0.44408246323,0.41546880722,0.3968304036,0.46124280401,0.45290967239,0.4930749077,0.42934191238,0.41190480862,0.26894737846,0.49307591503,0.47819732415,0.41389715627,0.16673615421,0.4055889162,0.49797483537,0.43429671329,0.34789355541,0.48763227156,0.49361026463,0.36881545551,0.41002174605,0.21389968699,0.034359702711,0.31851791398,0.26847153915,0.37117346512,0.19498121878
318.5,0.21361123725,0.44399409724,0.41534262552,0.39668125638,0.46117851485,0.45283356072,0.49305791768,0.42923368957,0.41177412695,0.26868188236,0.49305892654,0.47815781122,0.41376898117,0.16644610783,0.40545037693,0.49796541877,0.43419507386,0.34769079889,0.48760695918,0.49359409835,0.36863436088,0.40988870843,0.21361123725,0.034214710733,0.31828804211,0.26820566745,0.37099490338,0.19468990869
319.0,0.21332317557,0.44390574883,0.41521648209,0.39653216519,0.46111423465,0.45275746182,0.49304092824,0.42912549402,0.41164348668,0.26841664825,0.49304193864,0.47811830155,0.41364084571,0.16615656536,0.4053118849,0.49795600235,0.43409345819,0.34748816039,0.4875816481,0.4935779326,0.36845335504,0.40975571393,0.21332317557,0.034070330386,0.31805833578,0.26794005871,0.37081642733,0.19439903298
319.5,0.21303550146,0.443817418,0.41509037695,0.39638313001,0.4610499634,0.45268137569,0.49302393939,0.42901732572,0.41151288782,0.26815167587,0.49302495132,0.47807879514,0.41351274987,0.16586752593,0.4051734401,0.49794658611,0.43399186627,0.34728563984,0.48755633834,0.49356176737,0.36827243793,0.40962276252,0.21303550146,0.033926559092,0.31782879488,0.26767471266,0.37063803693,0.194108591
320.0,0.21274821437,0.44372910474,0.41496431006,0.39623415081,0.4609857011,0.45260530235,0.49300695113,0.42890918466,0.41138233034,0.26788696498,0.49300796459,0.478039292,0.41338469365,0.16557898868,0.40503504251,0.49793717005,0.4338902981,0.34708323719,0.48753102989,0.49354560268,0.36809160952,0.40948985421,0.21274821437,0.033783394283,0.31759941928,0.26740962905,0.37045973213,0.19381858211
320.5,0.2124613138,0.44364080905,0.41483828142,0.39608522758,0.46092144776,0.45252924177,0.49298996345,0.42880107084,0.41125181423,0.2676225153,0.49299097844,0.47799979211,0.41325667704,0.16529095274,0.40489669211,0.49792775416,0.43378875367,0.34688095235,0.48750572275,0.49352943852,0.36791086976,0.40935698896,0.2124613138,0.033640833404,0.31737020887,0.26714480762,0.3702815129,0.19352900566
321.0,0.21217479922,0.44355253093,0.41471229102,0.39593636029,0.46085720337,0.45245319397,0.49297297635,0.42869298424,0.41112133947,0.26735832659,0.49297399288,0.47796029549,0.41312870002,0.16500341722,0.40475838889,0.49791833846,0.43368723297,0.34667878525,0.48748041693,0.49351327488,0.36773021862,0.40922416678,0.21217479922,0.033498873907,0.31714116353,0.26688024811,0.37010337919,0.19323986102
321.5,0.21188867013,0.44346427037,0.41458633885,0.39578754893,0.46079296793,0.45237715893,0.49295598985,0.42858492486,0.41099090606,0.26709439859,0.4929570079,0.47792080212,0.41300076258,0.16471638127,0.40462013282,0.49790892293,0.43358573601,0.34647673584,0.48745511242,0.49349711178,0.36754965604,0.40909138764,0.21188867013,0.033357513259,0.31691228314,0.26661595026,0.36992533097,0.19295114754
322.0,0.211602926,0.44337602737,0.41446042489,0.39563879346,0.46072874144,0.45230113666,0.49293900392,0.4284768927,0.41086051399,0.26683073103,0.49294002351,0.47788131202,0.4128728647,0.16442984403,0.40448192391,0.49789950758,0.43348426278,0.34627480404,0.48742980923,0.4934809492,0.36736918199,0.40895865153,0.211602926,0.033216748933,0.31668356758,0.26635191381,0.36974736818,0.19266286458
322.5,0.21131756631,0.44328780193,0.41433454914,0.39549009388,0.4606645239,0.45222512715,0.49292201858,0.42836888775,0.41073016323,0.26656732367,0.4929230397,0.47784182518,0.41274500638,0.16414380461,0.40434376212,0.4978900924,0.43338281326,0.34607298979,0.48740450734,0.49346478715,0.36718879641,0.40882595844,0.21131756631,0.033076578417,0.31645501673,0.26608813851,0.3695694908,0.1923750115
323.0,0.21103259057,0.44319959404,0.41420871158,0.39534145016,0.46060031531,0.4521491304,0.49290503383,0.42826090999,0.41059985377,0.26630417625,0.49290605648,0.47780234159,0.4126171876,0.16385826218,0.40420564745,0.49788067741,0.43328138746,0.34587129301,0.48737920677,0.49344862564,0.36700849928,0.40869330835,0.21103259057,0.032936999208,0.31622663048,0.26582462409,0.36939169878,0.19208758766
323.5,0.21074799824,0.4431114037,0.4140829122,0.39519286227,0.46053611566,0.45207314641,0.49288804966,0.42815295943,0.41046958561,0.2660412885,0.49288907384,0.47776286127,0.41248940836,0.16357321585,0.40406757988,0.49787126259,0.43317998537,0.34566971363,0.48735390752,0.49343246465,0.36682829054,0.40856070126,0.21074799824,0.032798008811,0.3159984087,0.26556137031,0.36921399208,0.19180059243
324.0,0.21046378881,0.4430232309,0.41395715098,0.39504433021,0.46047192495,0.45199717518,0.49287106608,0.42804503606,0.41033935873,0.26577866018,0.49287209179,0.4777233842,0.41236166863,0.16328866478,0.40392955938,0.49786184795,0.43307860699,0.3454682516,0.48732860958,0.49341630419,0.36664817014,0.40842813714,0.21046378881,0.032659604746,0.31577035128,0.2652983769,0.36903637066,0.19151402516
324.5,0.21017996178,0.44293507565,0.41383142793,0.39489585394,0.46040774319,0.45192121671,0.49285408308,0.42793713987,0.41020917311,0.26551629102,0.49285511032,0.47768391039,0.41223396841,0.1630046081,0.40379158595,0.49785243349,0.4329772523,0.34526690684,0.48730331294,0.49340014426,0.36646813806,0.40829561598,0.21017996178,0.032521784539,0.31554245811,0.2650356436,0.36885883448,0.19122788523
325.0,0.20989651664,0.44284693794,0.41370574302,0.39474743344,0.46034357037,0.45184527099,0.49283710067,0.42782927085,0.41007902875,0.26525418078,0.49283812944,0.47764443985,0.41210630768,0.16272104496,0.40365365957,0.49784301921,0.4328759213,0.34506567928,0.48727801763,0.49338398486,0.36628819424,0.40816313777,0.20989651664,0.032384545731,0.31531472905,0.26477317017,0.36868138349,0.190942172
325.5,0.20961345286,0.44275881776,0.41358009625,0.3945990687,0.46027940649,0.45176933802,0.49282011884,0.42772142899,0.40994892563,0.26499232919,0.49282114914,0.47760497256,0.41197868644,0.1624379745,0.40351578023,0.4978336051,0.43277461399,0.34486456886,0.48725272362,0.49336782599,0.36610833864,0.40803070249,0.20961345286,0.03224788587,0.31508716401,0.26451095634,0.36850401766,0.19065688483
326.0,0.20933076994,0.44267071511,0.4134544876,0.3944507597,0.46021525155,0.4516934178,0.4928031376,0.4276136143,0.40981886373,0.264730736,0.49280416943,0.47756550852,0.41185110467,0.16215539587,0.4033779479,0.49782419118,0.43267333037,0.3446635755,0.48722743093,0.49335166764,0.36592857122,0.40789831013,0.20933076994,0.032111802514,0.31485976285,0.26424900185,0.36832673695,0.1903720231
326.5,0.20904846737,0.44258262999,0.41332891706,0.39430250641,0.46015110555,0.45161751032,0.49278615694,0.42750582676,0.40968884305,0.26446940096,0.4927871903,0.47752604775,0.41172356235,0.16187330821,0.40324016257,0.49781477743,0.43257207042,0.34446269914,0.48720213955,0.49333550983,0.36574889194,0.40776596068,0.20904846737,0.031976293234,0.31463252546,0.26398730646,0.36814954131,0.19008758616
327.0,0.20876654463,0.4424945624,0.41320338462,0.39415430881,0.46008696849,0.45154161559,0.49276917687,0.42739806636,0.40955886357,0.26420832382,0.49277021175,0.47748659023,0.41159605948,0.16159171068,0.40310242423,0.49780536386,0.43247083414,0.34426193971,0.48717684948,0.49331935254,0.36556930075,0.40763365413,0.20876654463,0.03184135561,0.31440545173,0.2637258699,0.36797243071,0.18980357339
327.5,0.20848500123,0.44240651232,0.41307789026,0.39400616688,0.46002284036,0.4514657336,0.49275219738,0.42729033311,0.40942892527,0.26394750431,0.4927532338,0.47744713597,0.41146859604,0.16131060242,0.40296473286,0.49779595046,0.43236962152,0.34406129715,0.48715156073,0.49330319579,0.3653897976,0.40750139045,0.20848500123,0.031706987231,0.31417854153,0.26346469193,0.36779540511,0.18951998416
328.0,0.20820383665,0.44231847977,0.41295243399,0.39385808061,0.45995872117,0.45138986435,0.49273521848,0.42718262698,0.40929902816,0.26368694218,0.49273625642,0.47740768497,0.41134117203,0.16102998259,0.40282708844,0.49778653725,0.43226843257,0.34386077138,0.48712627328,0.49328703956,0.36521038247,0.40736916963,0.20820383665,0.031573185698,0.31395179475,0.26320377227,0.36761846445,0.18923681784
328.5,0.20792305039,0.44223046473,0.41282701578,0.39371004996,0.45989461091,0.45131400784,0.49271824016,0.42707494798,0.4091691722,0.26342663719,0.49271927963,0.47736823722,0.41121378742,0.16074985034,0.40268949096,0.49777712421,0.43216726726,0.34366036234,0.48710098715,0.49327088386,0.36503105529,0.40723699167,0.20792305039,0.03143994862,0.31372521127,0.26294311069,0.36744160871,0.1889540738
329.0,0.20764264194,0.44214246719,0.41270163562,0.39356207492,0.45983050958,0.45123816407,0.49270126243,0.4269672961,0.40903935739,0.26316658907,0.49270230343,0.47732879273,0.41108644221,0.16047020482,0.4025519404,0.49776771135,0.43206612561,0.34346006996,0.48707570234,0.4932547287,0.36485181604,0.40710485655,0.20764264194,0.031307273618,0.31349879098,0.26268270693,0.36726483785,0.18867175142
329.5,0.20736261078,0.44205448717,0.41257629351,0.39341415547,0.45976641718,0.45116233303,0.49268428528,0.42685967134,0.40890958372,0.26290679758,0.49268532781,0.4772893515,0.41095913638,0.1601910452,0.40241443675,0.49775829867,0.4319650076,0.34325989417,0.48705041883,0.49323857406,0.36467266466,0.40697276424,0.20736261078,0.031175158323,0.31327253375,0.26242256073,0.36708815181,0.18838985006
330.0,0.20708295643,0.44196652465,0.41245098942,0.39326629159,0.45970233371,0.45108651472,0.49266730872,0.42675207367,0.40877985117,0.26264726245,0.49266835277,0.47724991352,0.41083186993,0.15991237063,0.40227697998,0.49774888617,0.43186391323,0.3430598349,0.48702513664,0.49322241995,0.36449360112,0.40684071475,0.20708295643,0.031043600374,0.31304643947,0.26216267183,0.36691155057,0.1881083691
330.5,0.20680367837,0.44187857963,0.41232572336,0.39311848325,0.45963825917,0.45101070914,0.49265033274,0.42664450311,0.40865015973,0.26238798344,0.49265137832,0.4772104788,0.41070464284,0.15963418026,0.40213957009,0.49773947384,0.43176284249,0.3428598921,0.48699985575,0.49320626637,0.36431462537,0.40670870805,0.20680367837,0.030912597422,0.31282050803,0.26190303999,0.36673503408,0.18782730792
331.0,0.20652477609,0.44179065211,0.4122004953,0.39297073044,0.45957419356,0.45093491629,0.49263335735,0.42653695963,0.40852050939,0.2621289603,0.49263440446,0.47717104733,0.4105774551,0.15935647326,0.40200220706,0.4977300617,0.43166179538,0.34266006568,0.48697457618,0.49319011331,0.36413573736,0.40657674414,0.20652477609,0.030782147127,0.31259473931,0.26164366495,0.3665586023,0.18754666589
331.5,0.2062462491,0.44170274208,0.41207530524,0.39282303313,0.45951013687,0.45085913616,0.49261638254,0.42642944325,0.40839090014,0.26187019277,0.49261743118,0.47713161912,0.41045030669,0.1590792488,0.40186489087,0.49772064973,0.43156077188,0.34246035558,0.48694929793,0.49317396079,0.36395693706,0.40644482299,0.2062462491,0.030652247159,0.31236913318,0.26138454645,0.36638225519,0.18726644239
332.0,0.20596809689,0.44161484954,0.41195015316,0.3926753913,0.45944608911,0.45078336876,0.49259940832,0.42632195393,0.40826133195,0.2616116806,0.49260045848,0.47709219416,0.41032319761,0.15880250603,0.4017276215,0.49771123793,0.43145977201,0.34226076173,0.48692402098,0.49315780879,0.36377822443,0.4063129446,0.20596809689,0.030522895197,0.31214368954,0.26112568425,0.36620599271,0.1869866368
332.5,0.20569031897,0.44152697449,0.41182503906,0.39252780494,0.45938205027,0.45070761408,0.49258243468,0.42621449169,0.40813180482,0.26135342354,0.49258348637,0.47705277246,0.41019612783,0.15852624412,0.40159039895,0.49770182632,0.43135879574,0.34206128407,0.48689874534,0.49314165733,0.36359959941,0.40618110894,0.20569031897,0.030394088932,0.31191840826,0.26086707809,0.36602981482,0.1867072485
333.0,0.20541291482,0.44143911692,0.41169996291,0.39238027402,0.45931802035,0.45063187212,0.49256546162,0.42610705652,0.40800231874,0.26109542133,0.49256651484,0.47701335401,0.41006909736,0.15825046224,0.40145322319,0.49769241489,0.43125784308,0.34186192254,0.48687347102,0.49312550639,0.36342106197,0.40604931602,0.20541291482,0.030265826063,0.31169328923,0.26060872771,0.36585372148,0.18642827687
333.5,0.20513588395,0.44135127683,0.41157492472,0.39223279853,0.45925399936,0.45055614287,0.49254848915,0.4259996484,0.40787287368,0.26083767373,0.4925495439,0.47697393882,0.40994210618,0.15797515955,0.4013160942,0.49768300363,0.43115691401,0.34166267705,0.48684819801,0.49310935598,0.36324261207,0.4059175658,0.20513588395,0.030138104297,0.31146833234,0.26035063288,0.36567771265,0.18614972128
334.0,0.20485922586,0.44126345422,0.41144992447,0.39208537843,0.45918998728,0.45048042634,0.49253151727,0.42589226733,0.40774346965,0.26058018049,0.49253257354,0.47693452688,0.40981515427,0.15770033522,0.40117901198,0.49767359255,0.43105600854,0.34146354754,0.48682292631,0.4930932061,0.36306424965,0.40578585828,0.20485922586,0.030010921355,0.31124353747,0.26009279332,0.36550178829,0.18587158113
334.5,0.20458294005,0.44117564908,0.41132496214,0.39193801371,0.45912598412,0.45040472252,0.49251454597,0.42578491331,0.40761410662,0.26032294135,0.49251560377,0.47689511819,0.40968824163,0.15742598843,0.40104197651,0.49766418165,0.43095512666,0.34126453396,0.48679765592,0.49307705675,0.36288597469,0.40565419345,0.20458294005,0.029884274965,0.31101890449,0.2598352088,0.36532594835,0.18559385579
335.0,0.20430702602,0.44108786141,0.41120003773,0.39179070435,0.45906198988,0.45032903141,0.49249757525,0.42567758632,0.40748478459,0.26006595606,0.49249863458,0.47685571275,0.40956136823,0.15715211835,0.40090498777,0.49765477092,0.43085426836,0.34106563622,0.48677238685,0.49306090793,0.36270778713,0.40552257129,0.20430702602,0.029758162863,0.31079443331,0.25957787906,0.3651501928,0.18531654465
335.5,0.20403148327,0.4410000912,0.41107515122,0.39164345033,0.45899800456,0.45025335301,0.49248060512,0.42557028636,0.40735550354,0.25980922437,0.49248166598,0.47681631057,0.40943453408,0.15687872415,0.40076804574,0.49764536038,0.43075343364,0.34086685426,0.48674711908,0.49304475964,0.36252968693,0.40539099179,0.20403148327,0.029632582798,0.31057012379,0.25932080385,0.3649745216,0.18503964709
336.0,0.2037563113,0.44091233845,0.41095030261,0.39149625163,0.45893402815,0.45017768731,0.49246363558,0.42546301343,0.40722626345,0.25955274604,0.49246469796,0.47677691164,0.40930773915,0.156605805,0.40063115041,0.49763595001,0.43065262249,0.34066818802,0.48672185263,0.49302861188,0.36235167405,0.40525945493,0.2037563113,0.029507532526,0.31034597582,0.25906398291,0.36479893471,0.18476316249
336.5,0.20348150963,0.44082460317,0.41082549187,0.39134910822,0.45887006065,0.45010203432,0.49244666662,0.42535576751,0.40709706432,0.25929652081,0.49244773052,0.47673751597,0.40918098344,0.15633336008,0.40049430176,0.49762653982,0.4305518349,0.34046963743,0.48669658748,0.49301246464,0.36217374845,0.40512796071,0.20348150963,0.029383009814,0.3101219893,0.258807416,0.36462343208,0.18448709025
337.0,0.20320707774,0.44073688534,0.41070071901,0.39120202009,0.45880610206,0.45002639403,0.49242969824,0.4252485486,0.40696790613,0.25904054843,0.49243076367,0.47669812354,0.40905426693,0.15606138857,0.40035749978,0.49761712981,0.43045107087,0.34027120242,0.48667132365,0.49299631793,0.36199591009,0.40499650909,0.20320707774,0.029259012436,0.30989816409,0.25855110287,0.36444801368,0.18421142975
337.5,0.20293301515,0.44064918496,0.410575984,0.39105498722,0.45874215239,0.44995076645,0.49241273045,0.4251413567,0.40683878886,0.25878482866,0.49241379741,0.47665873437,0.40892758962,0.15578988966,0.40022074445,0.49760771997,0.4303503304,0.34007288292,0.48664606113,0.49298017176,0.36181815892,0.40486510008,0.20293301515,0.029135538179,0.30967450009,0.25829504326,0.36427267947,0.18393618038
338.0,0.20265932137,0.44056150203,0.41045128684,0.39090800957,0.45867821162,0.44987515155,0.49239576324,0.42503419179,0.40670971252,0.25852936124,0.49239683172,0.47661934845,0.40880095148,0.15551886251,0.40008403576,0.49759831032,0.43024961348,0.33987467886,0.48662079992,0.49296402611,0.36164049489,0.40473373366,0.20265932137,0.029012584837,0.30945099718,0.25803923693,0.3640974294,0.18366134153
338.5,0.20238599589,0.44047383654,0.41032662752,0.39076108715,0.45861427977,0.44979954936,0.49237879662,0.42492705387,0.40658067707,0.25827414593,0.49237986663,0.47657996578,0.4086743525,0.15524830632,0.39994737369,0.49758890084,0.43014892011,0.33967659019,0.48659554002,0.49294788099,0.36146291798,0.40460240981,0.20238599589,0.028890150212,0.30922765525,0.25778368362,0.36392226344,0.18338691258
339.0,0.20211303823,0.4403861885,0.41020200602,0.39061421991,0.45855035682,0.44972395986,0.49236183058,0.42481994293,0.40645168252,0.25801918248,0.49236290211,0.47654058636,0.40854779269,0.15497822026,0.39981075821,0.49757949154,0.43004825027,0.33947861683,0.48657028144,0.4929317364,0.36128542813,0.40447112853,0.20211303823,0.028768232119,0.30900447418,0.25752838309,0.36374718155,0.18311289294
339.5,0.20184044789,0.44029855789,0.41007742233,0.39046740785,0.45848644277,0.44964838304,0.49234486513,0.42471285897,0.40632272884,0.25776447063,0.49234593818,0.4765012102,0.40842127201,0.15470860352,0.39967418933,0.49757008241,0.42994760396,0.33928075871,0.48654502416,0.49291559233,0.3611080253,0.40433988979,0.20184044789,0.028646828379,0.30878145385,0.25727333509,0.36357218368,0.18283928198
340.0,0.20156822437,0.44021094472,0.40995287644,0.39032065094,0.45842253763,0.44957281892,0.49232790026,0.42460580198,0.40619381602,0.25751001015,0.49232897484,0.47646183728,0.40829479047,0.15443945529,0.39953766702,0.49756067347,0.42984698119,0.33908301578,0.48651976819,0.4928994488,0.36093070945,0.40420869358,0.20156822437,0.028525936823,0.30855859414,0.25701853936,0.36339726979,0.18256607911
340.5,0.2012963672,0.44012334898,0.40982836834,0.39017394915,0.4583586414,0.44949726749,0.49231093597,0.42449877195,0.40606494406,0.25725580077,0.49231201208,0.47642246761,0.40816834804,0.15417077475,0.39940119127,0.4975512647,0.42974638193,0.33888538795,0.48649451354,0.49288330579,0.36075348053,0.4040775399,0.2012963672,0.028405555292,0.30833589496,0.25676399567,0.36322243986,0.18229328372
341.0,0.20102487587,0.44003577066,0.40970389802,0.39002730248,0.45829475407,0.44942172874,0.49229397227,0.42439176888,0.40593611293,0.25700184227,0.4922950499,0.47638310119,0.40804194472,0.1539025611,0.39926476205,0.49754185611,0.42964580619,0.33868787517,0.48646926019,0.49286716331,0.36057633852,0.40394642872,0.20102487587,0.028285681635,0.30811335617,0.25650970375,0.36304769382,0.1820208952
341.5,0.2007537499,0.43994820977,0.40957946547,0.3898807109,0.45823087563,0.44934620267,0.49227700915,0.42428479275,0.40580732263,0.25674813438,0.49227808831,0.47634373803,0.4079155805,0.15363481352,0.39912837936,0.4975324477,0.42954525396,0.33849047736,0.48644400816,0.49285102137,0.36039928335,0.40381536003,0.2007537499,0.028166313712,0.30789097766,0.25625566336,0.36287303166,0.18174891294
342.0,0.2004829888,0.4398606663,0.40945507067,0.38973417439,0.4581670061,0.44927068928,0.49226004662,0.42417784357,0.40567857314,0.25649467686,0.4922611273,0.47630437811,0.40778925535,0.15336753121,0.39899204318,0.49752303947,0.42944472524,0.33829319447,0.48641875743,0.49283487995,0.36022231499,0.40368433382,0.2004829888,0.028047449388,0.30766875932,0.25600187426,0.36269845331,0.18147733635
342.5,0.20021259208,0.43977314025,0.40933071362,0.38958769292,0.45810314547,0.44919518857,0.49224308467,0.42407092132,0.40554986445,0.25624146946,0.49224416688,0.47626502144,0.40766296928,0.15310071335,0.3988557535,0.49751363141,0.42934422002,0.33809602642,0.48639350802,0.49281873905,0.3600454334,0.40355335007,0.20021259208,0.027929086542,0.30744670104,0.25574833619,0.36252395876,0.18120616482
343.0,0.19994255925,0.43968563161,0.40920639429,0.38944126649,0.45803929373,0.44911970054,0.49222612331,0.423964026,0.40542119655,0.25598851195,0.49222720704,0.47622566802,0.40753672226,0.15283435916,0.39871951029,0.49750422354,0.42924373829,0.33789897315,0.48636825992,0.49280259869,0.35986863854,0.40342240878,0.19994255925,0.027811223059,0.30722480269,0.25549504891,0.36234954794,0.18093539774
343.5,0.19967288982,0.43959814038,0.40908211269,0.38929489506,0.45797545089,0.44904422518,0.49220916253,0.4238571576,0.40529256942,0.25573580406,0.49221024779,0.47618631785,0.40741051429,0.15256846781,0.39858331354,0.49749481584,0.42914328005,0.33770203459,0.48634301312,0.49278645886,0.35969193035,0.40329150992,0.19967288982,0.027693856832,0.30700306417,0.25524201217,0.36217522084,0.18066503453
344.0,0.1994035833,0.43951066656,0.4089578688,0.38914857861,0.45791161695,0.44896876249,0.49219220234,0.42375031612,0.40516398305,0.25548334556,0.49219328911,0.47614697093,0.40728434536,0.15230303851,0.39844716323,0.49748540831,0.4290428453,0.33750521068,0.48631776764,0.49277031955,0.35951530881,0.40316065349,0.1994035833,0.027576985765,0.30678148536,0.25498922572,0.3620009774,0.18039507457
344.5,0.19913463922,0.43942321014,0.40883366261,0.38900231713,0.45784779189,0.44889331248,0.49217524273,0.42364350154,0.40503543742,0.25523113619,0.49217633103,0.47610762725,0.40715821545,0.15203807046,0.39831105936,0.49747600097,0.42894243402,0.33730850134,0.48629252347,0.49275418077,0.35933877386,0.40302983947,0.19913463922,0.027460607771,0.30656006614,0.25473668932,0.36182681758,0.18012551727
345.0,0.19886605708,0.43933577112,0.4087094941,0.3888561106,0.45778397573,0.44881787513,0.4921582837,0.42353671387,0.40490693254,0.25497917572,0.49215937353,0.47606828683,0.40703212454,0.15177356286,0.3981750019,0.4974665938,0.42884204622,0.33711190651,0.48626728061,0.49273804252,0.35916232547,0.40289906784,0.19886605708,0.02734472077,0.3063388064,0.25448440272,0.36165274135,0.17985636203
345.5,0.1985978364,0.43924834949,0.40858536327,0.38870995899,0.45772016846,0.44874245045,0.49214132526,0.42342995309,0.40477846837,0.2547274639,0.49214241661,0.47602894965,0.40690607264,0.15150951491,0.39803899083,0.49745718682,0.42874168188,0.33691542613,0.48624203905,0.4927219048,0.35898596359,0.4027683386,0.1985978364,0.027229322692,0.30611770603,0.25423236567,0.36147874867,0.17958760825
346.0,0.19832997669,0.43916094526,0.4084612701,0.38856386228,0.45765637008,0.44866703843,0.4921243674,0.42332321919,0.40465004491,0.25447600048,0.49212546027,0.47598961571,0.40678005972,0.15124592581,0.39790302616,0.49744778001,0.42864134101,0.33671906013,0.48621679881,0.49270576761,0.35880968819,0.40263765172,0.19832997669,0.027114411475,0.30589676491,0.25398057793,0.36130483949,0.17931925534
346.5,0.19806247748,0.43907355842,0.40833721458,0.38841782046,0.45759258059,0.44859163907,0.49210741013,0.42321651218,0.40452166215,0.25422478521,0.49210850452,0.47595028503,0.40665408577,0.15098279476,0.39776710784,0.49743837337,0.42854102359,0.33652280844,0.48619155988,0.49268963095,0.35863349921,0.4025070072,0.19806247748,0.026999985067,0.30567598293,0.25372903925,0.36113101377,0.17905130269
347.0,0.19779533827,0.43898618897,0.40821319671,0.3882718335,0.45752879999,0.44851625237,0.49209045344,0.42310983205,0.40439332007,0.25397381786,0.49209154936,0.47591095759,0.40652815079,0.15072012098,0.39763123588,0.49742896692,0.42844072962,0.33632667099,0.48616632225,0.49267349481,0.35845739661,0.40237640502,0.19779533827,0.026886041422,0.30545535997,0.25347774938,0.36095727149,0.17878374973
347.5,0.19752855859,0.43889883689,0.40808921646,0.38812590138,0.45746502827,0.44844087833,0.49207349734,0.42300317878,0.40426501867,0.25372309818,0.49207459477,0.4758716334,0.40640225476,0.15045790367,0.39749541025,0.49741956064,0.4283404591,0.33613064772,0.48614108594,0.4926573592,0.35828138036,0.40224584517,0.19752855859,0.026772578506,0.30523489592,0.25322670808,0.36078361258,0.17851659584
348.0,0.19726213796,0.4388115022,0.40796527383,0.38798002408,0.45740126544,0.44836551695,0.49205654182,0.42289655237,0.40413675792,0.25347262592,0.49205764078,0.47583231245,0.40627639766,0.15019614203,0.39735963094,0.49741015454,0.42824021201,0.33593473857,0.48611585094,0.49264122413,0.35810545041,0.40211532763,0.19726213796,0.026659594292,0.30501459067,0.25297591511,0.36061003703,0.17824984044
348.5,0.19699607589,0.43872418488,0.40784136881,0.38783420158,0.45733751149,0.44829016821,0.49203958688,0.42278995282,0.40400853781,0.25322240084,0.49204068736,0.47579299475,0.40615057949,0.14993483529,0.39722389794,0.49740074862,0.42813998836,0.33573894346,0.48609061724,0.49262508958,0.35792960673,0.40198485239,0.19699607589,0.02654708676,0.3047944441,0.25272537022,0.36043654478,0.17798348293
349.0,0.1967303719,0.43863688494,0.40771750139,0.38768843387,0.45727376643,0.44821483213,0.49202263253,0.42268338011,0.40388035834,0.25297242269,0.49202373453,0.4757536803,0.40602480023,0.14967398264,0.39708821122,0.49739134288,0.42803978815,0.33554326234,0.48606538486,0.49260895555,0.35775384925,0.40185441944,0.1967303719,0.0264350539,0.30457445609,0.25247507316,0.3602631358,0.17771752273
349.5,0.19646502551,0.43854960236,0.40759367154,0.38754272091,0.45721003024,0.4481395087,0.49200567876,0.42257683424,0.40375221948,0.25272269124,0.49200678228,0.47571436909,0.40589905988,0.14941358331,0.39695257078,0.49738193731,0.42793961135,0.33534769512,0.48604015378,0.49259282206,0.35757817796,0.40172402876,0.19646502551,0.026323493712,0.30435462654,0.25222502368,0.36008981004,0.17745195924
350.0,0.19620003624,0.43846233714,0.40746987927,0.38739706269,0.45714630294,0.44806419791,0.49198872557,0.42247031521,0.40362412123,0.25247320624,0.49198983062,0.47567506113,0.40577335841,0.1491536365,0.39681697659,0.49737253193,0.42783945797,0.33515224176,0.48601492402,0.49257668909,0.35740259279,0.40159368034,0.19620003624,0.026212404201,0.30413495533,0.25197522156,0.35991656747,0.17718679188
350.5,0.19593540362,0.43837508929,0.40734612457,0.38725145919,0.45708258451,0.44798889977,0.49197177297,0.422363823,0.40349606358,0.25222396744,0.49197287954,0.47563575641,0.40564769582,0.14889414144,0.39668142864,0.49736312672,0.42773932801,0.33495690217,0.48598969556,0.49256055666,0.35722709372,0.40146337417,0.19593540362,0.026101783384,0.30391544234,0.25172566653,0.35974340805,0.17692202005
351.0,0.19567112717,0.4382878588,0.40722240741,0.38710591039,0.45701887496,0.44791361427,0.49195482096,0.42225735762,0.4033680465,0.25197497461,0.49195592905,0.47559645493,0.4055220721,0.14863509733,0.39654592692,0.49735372168,0.42763922145,0.33476167631,0.48596446841,0.49254442475,0.3570516807,0.40133311023,0.19567112717,0.025991629283,0.30369608747,0.25147635837,0.35957033173,0.17665764317
351.5,0.19540720641,0.43820064566,0.40709872779,0.38696041626,0.45695517429,0.44783834141,0.49193786953,0.42215091905,0.40324007,0.2517262275,0.49193897914,0.4755571567,0.40539648723,0.1483765034,0.39641047141,0.49734431683,0.42753913829,0.33456656409,0.48593924257,0.49252829337,0.35687635368,0.40120288851,0.19540720641,0.025881939931,0.3034768906,0.25122729681,0.35939733849,0.17639366065
352.0,0.19514364086,0.43811344988,0.4069750857,0.3868149768,0.45689148249,0.44776308119,0.49192091868,0.42204450728,0.40311213404,0.25147772587,0.49192202981,0.47551786172,0.40527094121,0.14811835887,0.39627506209,0.49733491215,0.42743907853,0.33437156545,0.48591401805,0.49251216252,0.35670111263,0.40107270899,0.19514364086,0.025772713368,0.30325785161,0.25097848163,0.35922442827,0.1761300719
352.5,0.19488043004,0.43802627144,0.40685148112,0.38666959196,0.45682779957,0.4476878336,0.49190396841,0.42193812232,0.40298423863,0.25122946947,0.49190508107,0.47547856998,0.40514543401,0.14786066295,0.39613969895,0.49732550765,0.42733904216,0.33417668034,0.48588879483,0.49249603219,0.3565259575,0.40094257166,0.19488043004,0.025663947642,0.3030389704,0.25072991258,0.35905160104,0.17586687635
353.0,0.19461757349,0.43793911034,0.40672791405,0.38652426175,0.45676412552,0.44761259865,0.49188701873,0.42183176414,0.40285638375,0.25098145807,0.49188813291,0.47543928148,0.40501996563,0.14760341487,0.39600438197,0.49731610333,0.42723902918,0.33398190867,0.48586357291,0.49247990239,0.35635088825,0.40081247651,0.19461757349,0.02555564081,0.30282024684,0.2504815894,0.35887885676,0.17560407339
353.5,0.19435507073,0.43785196659,0.40660438447,0.38637898613,0.45670046033,0.44753737633,0.49187006964,0.42172543276,0.40272856938,0.25073369142,0.49187118533,0.47539999622,0.40489453606,0.14734661385,0.39586911114,0.49730669919,0.42713903957,0.3337872504,0.48583835231,0.49246377313,0.35617590484,0.40068242352,0.19435507073,0.025447790937,0.30260168083,0.25023351188,0.35870619539,0.17534166246
354.0,0.19409292127,0.43776484017,0.40648089237,0.38623376508,0.45663680402,0.44746216664,0.49185312112,0.42161912815,0.40260079552,0.25048616928,0.49185423834,0.47536071421,0.40476914528,0.14709025912,0.39573388643,0.49729729523,0.42703907334,0.33359270544,0.48581313302,0.49244764439,0.35600100722,0.40055241268,0.19409292127,0.025340396096,0.30238327226,0.24998567975,0.35853361689,0.17507964296
354.5,0.19383112466,0.43767773109,0.40635743774,0.38608859859,0.45657315658,0.44738696958,0.4918361732,0.42151285032,0.40247306215,0.25023889141,0.49183729193,0.47532143544,0.40464379329,0.14683434991,0.39559870785,0.49728789144,0.42693913048,0.33339827373,0.48578791503,0.49243151618,0.35582619537,0.40042244398,0.19383112466,0.025233454368,0.30216502101,0.24973809277,0.35836112121,0.17481801433
355.0,0.19356968041,0.43759063934,0.40623402057,0.38594348663,0.45650951801,0.44731178514,0.49181922585,0.42140659925,0.40234536926,0.24999185757,0.49182034611,0.47528215992,0.40451848006,0.14657888543,0.39546357536,0.49727848783,0.42683921098,0.33320395522,0.48576269836,0.49241538849,0.35565146922,0.40029251741,0.19356968041,0.025126963842,0.30194692696,0.24949075072,0.35818870833,0.17455677596
355.5,0.19330858806,0.43750356491,0.40611064085,0.38579842919,0.4564458883,0.44723661333,0.49180227909,0.42130037495,0.40221771683,0.24974506752,0.49180340087,0.47524288763,0.40439320559,0.14632386492,0.39532848896,0.4972690844,0.42673931484,0.33300974982,0.48573748299,0.49239926134,0.35547682874,0.40016263294,0.19330858806,0.025020922615,0.30172899001,0.24924365333,0.3580163782,0.17429592729
356.0,0.19304784713,0.43741650781,0.40598729857,0.38565342624,0.45638226746,0.44716145413,0.49178533291,0.42119417739,0.40209010486,0.24949852102,0.49178645621,0.47520361859,0.40426796987,0.14606928762,0.39519344862,0.49725968114,0.42663944205,0.33281565749,0.48571226893,0.49238313471,0.3553022739,0.40003279056,0.19304784713,0.024915328793,0.30151121004,0.24899680038,0.35784413078,0.17403546774
356.5,0.19278745715,0.43732946803,0.40586399371,0.38550847776,0.45631865548,0.44708630756,0.49176838732,0.42108800659,0.40196253332,0.24925221783,0.49176951214,0.47516435279,0.40414277288,0.14581515274,0.39505845434,0.49725027807,0.42653959261,0.33262167814,0.48568705618,0.49236700861,0.35512780464,0.39990299027,0.19278745715,0.02481018049,0.30129358695,0.24875019162,0.35767196604,0.17377539673
357.0,0.19252741765,0.43724244557,0.40574072626,0.38536358373,0.45625505237,0.4470111736,0.49175144231,0.42098186252,0.40183500221,0.2490061577,0.49175256865,0.47512509023,0.40401761461,0.14556145953,0.39492350609,0.49724087517,0.42643976652,0.33242781173,0.48566184474,0.49235088304,0.35495342092,0.39977323205,0.19252741765,0.024705475826,0.3010761206,0.24850382681,0.35749988392,0.17351571367
357.5,0.19226772816,0.43715544042,0.40561749622,0.38521874414,0.45619145811,0.44693605226,0.49173449789,0.42087574518,0.40170751151,0.24876034041,0.49173562574,0.47508583091,0.40389249506,0.14530820721,0.39478860386,0.49723147245,0.42633996375,0.33223405817,0.48563663461,0.49233475799,0.35477912271,0.39964351588,0.19226772816,0.02460121293,0.30085881091,0.24825770571,0.3573278844,0.173256418
358.0,0.19200838821,0.43706845258,0.40549430356,0.38507395895,0.45612787272,0.44686094353,0.49171755404,0.42076965457,0.40158006122,0.2485147657,0.49171868342,0.47504657483,0.4037674142,0.14505539503,0.39465374764,0.4972220699,0.42624018432,0.3320404174,0.48561142578,0.49231863348,0.35460490996,0.39951384175,0.19200838821,0.024497389939,0.30064165774,0.24801182807,0.35715596744,0.17299750913
358.5,0.19174939734,0.43698148205,0.40537114829,0.38492922816,0.45606429618,0.44678584741,0.49170061079,0.42066359068,0.40145265131,0.24826943334,0.49170174168,0.47500732199,0.40364237203,0.14480302222,0.39451893741,0.49721266754,0.42614042822,0.33184688937,0.48558621827,0.49230250949,0.35443078264,0.39938420966,0.19174939734,0.024394004999,0.300424661,0.24776619367,0.35698413298,0.1727389865
359.0,0.19149075508,0.43689452882,0.40524803038,0.38478455174,0.4560007285,0.44671076391,0.49168366811,0.42055755351,0.40132528178,0.2480243431,0.49168480052,0.4749680724,0.40351736853,0.14455108802,0.39438417316,0.49720326535,0.42604069543,0.331653474,0.48556101206,0.49228638603,0.35425674069,0.39925461957,0.19149075508,0.024291056262,0.30020782057,0.24752080225,0.356812381,0.17248084953
359.5,0.19123246095,0.43680759289,0.40512494984,0.38463992967,0.45593716968,0.446635693,0.49166672602,0.42045154304,0.40119795262,0.24777949472,0.49166785995,0.47492882604,0.40339240369,0.14429959166,0.39424945486,0.49719386334,0.42594098596,0.33146017123,0.48553580716,0.4922702631,0.35408278407,0.39912507148,0.19123246095,0.024188541889,0.29999113633,0.24727565359,0.35664071146,0.17222309764
360.0,0.19097451449,0.43672067425,0.40500190663,0.38449536192,0.45587361972,0.4465606347,0.49164978451,0.42034555926,0.4010706638,0.24753488798,0.49165091996,0.47488958292,0.40326747751,0.1440485324,0.39411478251,0.49718446151,0.42584129979,0.33126698099,0.48551060356,0.4922541407,0.35390891275,0.39899556539,0.19097451449,0.024086460047,0.29977460817,0.24703074743,0.35646912431,0.17196573026
360.5,0.19071691524,0.43663377291,0.40487890077,0.38435084849,0.4558100786,0.44648558901,0.49163284359,0.42023960218,0.40094341532,0.24729052264,0.49163398056,0.47485034305,0.40314258996,0.14379790946,0.39398015608,0.49717505986,0.42574163693,0.33107390321,0.48548540128,0.49223801882,0.35373512669,0.39886610126,0.19071691524,0.023984808913,0.29955823598,0.24678608354,0.35629761952,0.17170874682
361.0,0.19045966273,0.43654688886,0.40475593222,0.38420638935,0.45574654635,0.44641055591,0.49161590325,0.42013367179,0.40081620716,0.24704639845,0.49161704174,0.47481110641,0.40301774104,0.1435477221,0.39384557557,0.49716565838,0.42564199737,0.33088093784,0.4854602003,0.49222189748,0.35356142583,0.39873667909,0.19045966273,0.023883586669,0.29934201966,0.24654166168,0.35612619705,0.17145214676
361.5,0.1902027565,0.43646002209,0.40463300099,0.38406198447,0.45568302294,0.44633553541,0.4915989635,0.42002776807,0.40068903932,0.24680251518,0.4916001035,0.47477187301,0.40289293074,0.14329796955,0.39371104095,0.49715625708,0.4255423811,0.33068808481,0.48543500063,0.49220577666,0.35338781014,0.39860729888,0.1902027565,0.023782791509,0.29912595908,0.24629748162,0.35595485685,0.17119592949
362.0,0.18994619608,0.43637317261,0.40451010705,0.38391763384,0.45561950838,0.44626052751,0.49158202432,0.41992189103,0.40056191178,0.24655887259,0.49158316584,0.47473264285,0.40276815904,0.14304865107,0.39357655221,0.49714685596,0.42544278812,0.33049534405,0.48540980227,0.49218965636,0.35321427959,0.39847796059,0.18994619608,0.02368242163,0.29891005414,0.24605354311,0.3557835989,0.17094009445
362.5,0.189689981,0.4362863404,0.40438725041,0.38377333744,0.45555600267,0.4461855322,0.49156508573,0.41981604065,0.40043482452,0.24631547045,0.49156622877,0.47469341593,0.40264342593,0.1427997659,0.39344210933,0.49713745502,0.42534321842,0.33030271549,0.48538460522,0.4921735366,0.35304083412,0.39834866422,0.189689981,0.023582475238,0.29869430473,0.24580984591,0.35561242314,0.17068464108
363.0,0.18943411081,0.43619952547,0.40426443104,0.38362909525,0.45549250581,0.44611054948,0.49154814773,0.41971021693,0.40030777753,0.24607230851,0.49154929228,0.47465419224,0.40251873139,0.1425513133,0.39330771231,0.49712805425,0.425243672,0.33011019908,0.48535940947,0.49215741736,0.35286747369,0.39821940976,0.18943411081,0.023482950549,0.29847871072,0.24556638979,0.35544132954,0.1704295688
363.5,0.18917858504,0.43611272781,0.40414164895,0.38348490724,0.4554290178,0.44603557935,0.49153121031,0.41960441987,0.40018077081,0.24582938655,0.49153235638,0.4746149718,0.40239407543,0.1423032925,0.39317336112,0.49711865366,0.42514414885,0.32991779474,0.48533421503,0.49214129866,0.35269419827,0.39809019719,0.18917858504,0.023383845783,0.29826327202,0.2453231745,0.35527031806,0.17017487705
364.0,0.18892340324,0.43602594743,0.4040189041,0.3833407734,0.45536553863,0.44596062181,0.49151427347,0.41949864945,0.40005380433,0.24558670431,0.49151542106,0.47457575459,0.40226945802,0.14205570276,0.39303905575,0.49710925325,0.42504464896,0.32972550242,0.4853090219,0.49212518048,0.35252100781,0.39796102649,0.18892340324,0.02328515917,0.29804798851,0.24508019982,0.35509938867,0.16992056526
364.5,0.18866856493,0.4359391843,0.4038961965,0.38319669371,0.45530206831,0.44588567686,0.49149733721,0.41939290567,0.39992687809,0.24534426158,0.49149848632,0.47453654062,0.40214487915,0.14180854333,0.39290479618,0.49709985302,0.42494517234,0.32953332203,0.48528383008,0.49210906282,0.35234790227,0.39783189766,0.18866856493,0.023186888945,0.29783286008,0.24483746551,0.35492854131,0.16966663287
365.0,0.18841406967,0.43585243844,0.40377352613,0.38305266814,0.45523860682,0.44581074448,0.49148040154,0.41928718852,0.39979999208,0.2451020581,0.49148155217,0.47449732989,0.40202033882,0.14156181348,0.3927705824,0.49709045297,0.42484571896,0.32934125353,0.48525863956,0.4920929457,0.3521748816,0.39770281069,0.18841406967,0.023089033354,0.29761788661,0.24459497132,0.35475777597,0.16941307932
365.5,0.18815991698,0.43576570984,0.40365089299,0.38290869668,0.45517515418,0.44573582469,0.49146346645,0.41918149799,0.39967314627,0.24486009365,0.49146461859,0.47445812239,0.40189583701,0.14131551244,0.39263641438,0.49708105309,0.42474628884,0.32914929685,0.48523345036,0.4920768291,0.35200194578,0.39757376555,0.18815991698,0.022991590647,0.297403068,0.24435271701,0.35458709258,0.16915990404
366.0,0.18790610641,0.43567899849,0.40352829705,0.3827647793,0.45511171039,0.44566091748,0.49144653195,0.41907583409,0.39954634066,0.24461836799,0.49144768561,0.47441891813,0.4017713737,0.14106963948,0.39250229213,0.49707165339,0.42464688196,0.32895745192,0.48520826245,0.49206071303,0.35182909475,0.39744476223,0.18790610641,0.022894559082,0.29718840414,0.24411070236,0.35441649112,0.16890710646
366.5,0.18765263751,0.43559230439,0.40340573832,0.38262091599,0.45504827543,0.44558602285,0.49142959803,0.41897019679,0.39941957524,0.24437688089,0.4914307532,0.47437971711,0.40164694889,0.14082419386,0.39236821561,0.49706225387,0.42454749832,0.32876571867,0.48518307586,0.49204459749,0.35165632847,0.39731580073,0.18765263751,0.022797936927,0.29697389491,0.24386892713,0.35424597154,0.16865468603
367.0,0.18739950981,0.43550562754,0.40328321677,0.38247710673,0.4549848493,0.44551114079,0.49141266469,0.4188645861,0.39929284998,0.2441356321,0.49141382138,0.47434051932,0.40152256256,0.14057917483,0.39223418482,0.49705285453,0.42444813792,0.32857409705,0.48515789057,0.49202848248,0.35148364691,0.39718688102,0.18739950981,0.022701722455,0.2967595402,0.24362739108,0.35407553382,0.16840264219
367.5,0.18714672285,0.43541896794,0.40316073239,0.38233335148,0.45492143202,0.4454362713,0.49139573194,0.41875900201,0.39916616489,0.2438946214,0.49139689014,0.47430132477,0.4013982147,0.14033458166,0.39210019974,0.49704345536,0.42434880074,0.32838258698,0.48513270659,0.49201236799,0.35131105002,0.3970580031,0.18714672285,0.022605913945,0.29654533991,0.24338609397,0.35390517789,0.16815097437
368.0,0.18689427619,0.43533232558,0.40303828519,0.38218965025,0.45485802357,0.44536141438,0.49137879977,0.41865344452,0.39903951994,0.24365384854,0.49137995949,0.47426213345,0.40127390531,0.14009041361,0.39196626036,0.49703405637,0.42424948678,0.3281911884,0.48510752392,0.49199625403,0.35113853776,0.39692916694,0.18689427619,0.022510509687,0.29633129392,0.24314503557,0.35373490374,0.16789968202
368.5,0.18664216936,0.43524570045,0.40291587513,0.38204600299,0.45479462395,0.44528657003,0.49136186818,0.4185479136,0.39891291513,0.2434133133,0.49136302942,0.47422294537,0.40114963436,0.13984666993,0.39183236665,0.49702465756,0.42415019604,0.32799990125,0.48508234255,0.4919801406,0.35096611009,0.39680037255,0.18664216936,0.022415507974,0.29611740211,0.24290421564,0.35356471132,0.16764876458
369.0,0.1863904019,0.43515909256,0.40279350222,0.3819024097,0.45473123317,0.44521173825,0.49134493717,0.41844240927,0.39878635043,0.24317301544,0.49134609993,0.47418376052,0.40102540185,0.1396033499,0.3916985186,0.49701525893,0.42405092851,0.32780872546,0.48505716249,0.4919640277,0.35079376696,0.39667161989,0.1863904019,0.02232090711,0.29590366439,0.24266363395,0.35339460059,0.16739822148
369.5,0.18613897337,0.4350725019,0.40267116644,0.38175887036,0.45466785122,0.44513691903,0.49132800675,0.41833693151,0.39865982585,0.24293295472,0.49132917102,0.47414457891,0.40090120776,0.13936045277,0.3915647162,0.49700586047,0.42395168419,0.32761766097,0.48503198374,0.49194791532,0.35062150834,0.39654290897,0.18613897337,0.022226705403,0.29569008064,0.24242329026,0.35322457151,0.16714805219
370.0,0.18588788331,0.43498592847,0.40254886778,0.38161538493,0.4546044781,0.44506211237,0.49131107691,0.41823148031,0.39853334136,0.24269313092,0.4913122427,0.47410540053,0.40077705209,0.13911797782,0.39143095944,0.4969964622,0.42385246307,0.32742670771,0.48500680629,0.49193180347,0.35044933419,0.39641423976,0.18588788331,0.022132901171,0.29547665075,0.24218318433,0.35305462404,0.16689825613
370.5,0.18563713126,0.43489937226,0.40242660623,0.38147195341,0.45454111381,0.44498731828,0.49129414766,0.41812605567,0.39840689696,0.24245354379,0.49129531496,0.47406622539,0.40065293482,0.13887592431,0.39129724829,0.4969870641,0.42375326514,0.32723586562,0.48498163015,0.49191569215,0.35027724445,0.39628561225,0.18563713126,0.022039492737,0.2952633746,0.24194331594,0.35288475814,0.16664883276
371.0,0.18538671678,0.43481283327,0.40230438178,0.38132857578,0.45447775835,0.44491253674,0.49127721899,0.41802065759,0.39828049262,0.24221419311,0.4912783878,0.47402705348,0.40052885594,0.13863429152,0.39116358274,0.49697766618,0.4236540904,0.32704513464,0.48495645532,0.49189958136,0.35010523911,0.39615702644,0.18538671678,0.021946478431,0.2950502521,0.24170368485,0.35271497378,0.16639978151
371.5,0.1851366394,0.4347263115,0.40218219441,0.381185252,0.45441441171,0.44483776776,0.4912602909,0.41791528604,0.39815412834,0.24197507864,0.49126146123,0.47398788481,0.40040481543,0.1383930787,0.39102996277,0.49696826843,0.42355493885,0.32685451469,0.48493128179,0.49188347109,0.3499333181,0.3960284823,0.1851366394,0.021853856592,0.29483728312,0.24146429082,0.35254527091,0.16615110184
372.0,0.18488689868,0.43463980695,0.40206004412,0.38104198207,0.4543510739,0.44476301133,0.4912433634,0.41780994104,0.39802780411,0.24173620015,0.49124453524,0.47394871937,0.40028081329,0.13815228514,0.39089638837,0.49695887086,0.42345581047,0.32666400572,0.48490610957,0.49186736135,0.34976148139,0.39589997982,0.18488689868,0.021761625563,0.29462446756,0.24122513362,0.3523756495,0.1659027932
372.5,0.18463749416,0.4345533196,0.40193793089,0.38089876596,0.45428774492,0.44468826745,0.49122643647,0.41770462257,0.39790151991,0.2414975574,0.49122760983,0.47390955716,0.4001568495,0.13791191011,0.39076285953,0.49694947348,0.42335670527,0.32647360766,0.48488093866,0.49185125214,0.34958972894,0.39577151899,0.18463749416,0.021669783698,0.29441180531,0.24098621302,0.35220610951,0.16565485503
373.0,0.1843884254,0.43446684946,0.40181585472,0.38075560365,0.45422442476,0.44461353612,0.49120951014,0.41759933062,0.39777527573,0.24125915017,0.49121068501,0.47387039818,0.40003292406,0.13767195287,0.39062937623,0.49694007626,0.42325762324,0.32628332044,0.48485576905,0.49183514346,0.3494180607,0.39564309979,0.1843884254,0.021578329354,0.29419929626,0.24074752878,0.3520366509,0.16540728678
373.5,0.18413969194,0.43438039653,0.40169381558,0.38061249513,0.45416111342,0.44453881734,0.49119258438,0.4174940652,0.39764907156,0.24102097822,0.49119376077,0.47383124244,0.39990903694,0.13743241271,0.39049593845,0.49693067923,0.42315856437,0.32609314401,0.48483060075,0.49181903531,0.34924647664,0.39551472222,0.18413969194,0.021487260897,0.29398694029,0.24050908067,0.35186727363,0.1651600879
374.0,0.18389129334,0.43429396079,0.40157181348,0.38046944036,0.4540978109,0.44446411111,0.49117565921,0.41738882628,0.39752290738,0.24078304132,0.49117683711,0.47379208993,0.39978518814,0.13719328891,0.39036254618,0.49692128237,0.42305952866,0.32590307829,0.48480543375,0.49180292768,0.34907497672,0.39538638625,0.18389129334,0.0213965767,0.2937747373,0.24027086845,0.35169797765,0.16491325784
374.5,0.18364322915,0.43420754225,0.4014498484,0.38032643934,0.4540345172,0.44438941742,0.49115873462,0.41728361387,0.39739678318,0.24054533923,0.49115991403,0.47375294065,0.39966137765,0.13695458073,0.3902291994,0.4969118857,0.42296051609,0.32571312323,0.48478026806,0.49178682058,0.34890356089,0.39525809188,0.18364322915,0.021306275142,0.29356268719,0.2400328919,0.35152876294,0.16466679605
375.0,0.18339549891,0.43412114091,0.40132792032,0.38018349203,0.45397123232,0.44431473627,0.49114181061,0.41717842796,0.39727069896,0.24030787173,0.49114299154,0.4737137946,0.39953760545,0.13671628746,0.3900958981,0.4969024892,0.42286152668,0.32552327875,0.48475510368,0.491770714,0.34873222912,0.39512983909,0.18339549891,0.021216354609,0.29335078983,0.23979515078,0.35135962946,0.16442070199
375.5,0.18314810218,0.43403475675,0.40120602924,0.38004059843,0.45390795625,0.44424006765,0.49112488719,0.41707326854,0.39714465468,0.24007063858,0.49112606963,0.47367465179,0.39941387154,0.13647840838,0.38996264225,0.49689309287,0.42276256041,0.3253335448,0.4847299406,0.49175460796,0.34856098135,0.39500162787,0.18314810218,0.021126813493,0.29313904512,0.23955764485,0.35119057715,0.16417497511
376.0,0.18290103852,0.43394838978,0.40108417515,0.37989775851,0.453844689,0.44416541158,0.49110796435,0.4169681356,0.39701865036,0.23983363956,0.4911091483,0.4736355122,0.39929017589,0.13624094277,0.38982943186,0.49688369673,0.42266361727,0.32514392131,0.48470477883,0.49173850244,0.34838981755,0.3948734582,0.18290103852,0.021037650196,0.29292745295,0.2393203739,0.351021606,0.16392961487
376.5,0.18265430747,0.43386203999,0.40096235803,0.37975497225,0.45378143057,0.44409076804,0.49109104209,0.41686302915,0.39689268596,0.23959687443,0.49109222756,0.47359637585,0.39916651851,0.13600388992,0.38969626689,0.49687430076,0.42256469726,0.32495440821,0.48467961836,0.49172239745,0.34821873769,0.39474533008,0.18265430747,0.020948863122,0.2927160132,0.23908333768,0.35085271595,0.16368462071
377.0,0.18240790859,0.43377570739,0.40084057787,0.37961223963,0.45371818095,0.44401613703,0.49107412042,0.41675794916,0.39676676148,0.23936034296,0.4910753074,0.47355724273,0.39904289937,0.1357672491,0.38956314734,0.49686490497,0.42246580038,0.32476500544,0.4846544592,0.49170629298,0.34804774171,0.39461724348,0.18240790859,0.020860450687,0.29250472578,0.23884653596,0.35068390696,0.16343999209
377.5,0.18216184144,0.43368939196,0.40071883466,0.37946956064,0.45365494014,0.44394151856,0.49105719933,0.41665289564,0.39664087691,0.23912404492,0.49105838782,0.47351811283,0.39891931847,0.13553101961,0.38943007319,0.49685550936,0.42236692661,0.32457571295,0.48462930135,0.49169018905,0.34787682958,0.3944891984,0.18216184144,0.020772411308,0.29229359058,0.23860996851,0.35051517901,0.16319572847
378.0,0.18191610556,0.4336030937,0.4005971284,0.37932693524,0.45359170814,0.44386691261,0.49104027882,0.41654786858,0.39651503223,0.23888798009,0.49104146883,0.47347898617,0.39879577579,0.13529520073,0.38929704443,0.49684611392,0.42226807597,0.32438653065,0.4846041448,0.49167408564,0.34770600126,0.39436119481,0.18191610556,0.020684743413,0.29208260747,0.2383736351,0.35034653205,0.16295182931
378.5,0.18167070053,0.43351681261,0.40047545906,0.37918436342,0.45352848496,0.44379231919,0.49102335889,0.41644286797,0.39638922744,0.23865214822,0.49102455041,0.47343986274,0.39867227132,0.13505979174,0.38916406103,0.49683671866,0.42216924842,0.3241974585,0.48457898955,0.49165798276,0.3475352567,0.39423323272,0.18167070053,0.020597445435,0.29187177636,0.2381375355,0.35017796604,0.16270829407
379.0,0.18142562588,0.43343054869,0.40035382665,0.37904184516,0.45346527058,0.44371773829,0.49100643955,0.41633789381,0.39626346251,0.23841654909,0.49100763258,0.47340074254,0.39854880506,0.13482479194,0.38903112298,0.49682732358,0.42207044399,0.32400849642,0.48455383562,0.4916418804,0.34736459587,0.3941053121,0.18142562588,0.020510515814,0.29166109713,0.23790166947,0.35000948094,0.1624651222
379.5,0.18118088118,0.43334430193,0.40023223114,0.37889938044,0.45340206501,0.44364316991,0.49098952079,0.41623294608,0.39613773744,0.23818118248,0.49099071534,0.47336162557,0.39842537698,0.13459020062,0.38889823028,0.49681792868,0.42197166265,0.32381964436,0.48452868298,0.49162577858,0.34719401871,0.39397743293,0.18118088118,0.020423952996,0.29145056967,0.2376660368,0.34984107672,0.16222231316
380.0,0.18093646599,0.43325807233,0.40011067253,0.37875696924,0.45333886824,0.44356861406,0.49097260261,0.41612802479,0.39601205221,0.23794604815,0.49097379867,0.47332251182,0.39830198708,0.13435601706,0.38876538289,0.49680853396,0.4218729044,0.32363090224,0.48450353166,0.49160967728,0.34702352521,0.39384959522,0.18093646599,0.020337755434,0.29124019389,0.23743063724,0.34967275334,0.16197986641
380.5,0.18069237987,0.43317185989,0.3999891508,0.37861461155,0.45327568028,0.44349407072,0.49095568502,0.41602312992,0.39588640681,0.23771114587,0.49095688259,0.47328340131,0.39817863534,0.13412224057,0.38863258081,0.49679913941,0.42177416924,0.32344227001,0.48447838163,0.4915935765,0.3468531153,0.39372179894,0.18069237987,0.020251921588,0.29102996966,0.23719547057,0.34950451075,0.16173778142
381.0,0.18044862236,0.43308566459,0.39986766594,0.37847230733,0.45321250112,0.4434195399,0.49093876801,0.41591826147,0.39576080122,0.23747647541,0.49093996709,0.47324429402,0.39805532175,0.13388887043,0.38849982403,0.49678974504,0.42167545716,0.32325374759,0.48445323292,0.49157747626,0.34668278895,0.39359404408,0.18044862236,0.020166449922,0.29081989687,0.23696053656,0.34933634892,0.16149605765
381.5,0.18020519304,0.43299948645,0.39974621795,0.37833005657,0.45314933077,0.44334502159,0.49092185158,0.41581341944,0.39563523545,0.23724203656,0.49092305217,0.47320518996,0.39793204631,0.13365590594,0.38836711252,0.49678035085,0.42157676816,0.32306533493,0.4844280855,0.49156137654,0.34651254613,0.39346633063,0.18020519304,0.020081338911,0.29060997543,0.23672583497,0.34916826781,0.16125469456
382.0,0.17996209147,0.43291332545,0.39962480681,0.37818785925,0.45308616922,0.44327051579,0.49090493574,0.41570860381,0.39550970946,0.23700782906,0.49090613784,0.47316608913,0.397808809,0.13342334639,0.38823444627,0.49677095684,0.42147810223,0.32287703197,0.4844029394,0.49154527735,0.34634238678,0.39333865857,0.17996209147,0.019996587032,0.29040020522,0.23649136559,0.34900026738,0.1610136916
382.5,0.17971931719,0.4328271816,0.39950343251,0.37804571535,0.45302301646,0.44319602251,0.49088802047,0.41560381457,0.39538422326,0.23677385271,0.49088922409,0.47312699153,0.3976856098,0.13319119109,0.38810182526,0.496761563,0.42137945937,0.32268883863,0.4843777946,0.49152917868,0.34617231087,0.39321102789,0.17971931719,0.01991219277,0.29019058613,0.23625712817,0.3488323476,0.16077304826
383.0,0.17947686978,0.43274105488,0.39938209503,0.37790362485,0.45295987251,0.44312154173,0.49087110579,0.41549905173,0.39525877682,0.23654010727,0.49087231092,0.47308789716,0.39756244871,0.13295943933,0.38796924949,0.49675216934,0.42128083956,0.32250075486,0.4843526511,0.49151308055,0.34600231836,0.39308343857,0.17947686978,0.019828154618,0.28998111806,0.23602312249,0.34866450842,0.16053276399
383.5,0.1792347488,0.4326549453,0.39926079438,0.37776158773,0.45289673735,0.44304707345,0.4908541917,0.41539431528,0.39513337014,0.23630659251,0.49085539833,0.47304880601,0.39743932571,0.13272809042,0.38783671893,0.49674277586,0.42118224281,0.32231278059,0.48432750891,0.49149698294,0.34583240921,0.39295589061,0.1792347488,0.019744471074,0.28977180089,0.23578934832,0.34849674981,0.16029283826
384.0,0.1789929538,0.43256885285,0.39913953053,0.37761960397,0.45283361099,0.44297261768,0.49083727818,0.4152896052,0.3950080032,0.23607330821,0.49083848633,0.47300971809,0.3973162408,0.13249714364,0.38770423357,0.49673338256,0.42108366911,0.32212491576,0.48430236802,0.49148088586,0.34566258337,0.39282838399,0.1789929538,0.019661140641,0.28956263452,0.23555580544,0.34832907172,0.16005327053
384.5,0.17875148436,0.43248277752,0.39901830348,0.37747767355,0.45277049342,0.44289817441,0.49082036525,0.41518492149,0.39488267599,0.23584025413,0.49082157491,0.4729706334,0.39719319395,0.13226659831,0.3875717934,0.49672398943,0.42098511846,0.3219371603,0.48427722844,0.4914647893,0.3454928408,0.3927009187,0.17875148436,0.01957816183,0.28935361884,0.23532249361,0.34816147413,0.15981406028
385.0,0.17851034003,0.43239671933,0.39889711321,0.37733579645,0.45270738465,0.44282374364,0.4908034529,0.41508026416,0.3947573885,0.23560743006,0.49080466407,0.47293155193,0.39707018517,0.13203645374,0.38743939839,0.49671459648,0.42088659084,0.32174951415,0.48425209016,0.49144869327,0.34532318147,0.39257349472,0.17851034003,0.019495533158,0.28914475374,0.23508941261,0.34799395698,0.15957520696
385.5,0.17826952038,0.43231067825,0.39877595971,0.37719397264,0.45264428467,0.44274932537,0.49078654114,0.41497563318,0.39463214071,0.23537483576,0.49078775382,0.47289247369,0.39694721443,0.13180670921,0.38730704854,0.49670520371,0.42078808626,0.32156197726,0.48422695318,0.49143259777,0.34515360534,0.39244611204,0.17826952038,0.019413253148,0.28893603912,0.2348565622,0.34782652025,0.15933671006
386.0,0.17802902497,0.43222465429,0.39865484298,0.37705220212,0.45258119348,0.44267491959,0.49076962995,0.41487102855,0.39450693261,0.23514247101,0.49077084414,0.47285339868,0.39682428173,0.13157736405,0.38717474382,0.49669581112,0.4206896047,0.32137454954,0.48420181752,0.4914165028,0.34498411236,0.39231877065,0.17802902497,0.01933132033,0.28872747485,0.23462394217,0.34765916389,0.15909856904
386.5,0.17778885337,0.43213864745,0.398533763,0.37691048486,0.45251811108,0.44260052631,0.49075271935,0.41476645027,0.3943817642,0.23491033558,0.49075393505,0.47281432689,0.39670138705,0.13134841755,0.38704248423,0.4966864187,0.42059114617,0.32118723095,0.48417668315,0.49140040835,0.34481470249,0.39219147053,0.17778885337,0.019249733239,0.28851906085,0.23439155228,0.34749188786,0.15886078337
387.0,0.17754900514,0.43205265772,0.39841271976,0.37676882083,0.45245503747,0.44252614551,0.49073580933,0.41466189832,0.39425663545,0.23467842924,0.49073702654,0.47277525832,0.39657853038,0.13111986903,0.38691026974,0.49667702647,0.42049271065,0.32100002141,0.48415155009,0.49138431443,0.34464537569,0.39206421167,0.17754900514,0.019168490416,0.288310797,0.2341593923,0.34732469213,0.15862335252
387.5,0.17730947985,0.4319666851,0.39829171324,0.37662721003,0.45239197265,0.44245177721,0.4907188999,0.41455737271,0.39413154635,0.23444675178,0.49072011862,0.47273619298,0.39645571171,0.13089171779,0.38677810035,0.49666763441,0.42039429815,0.32081292086,0.48412641833,0.49136822103,0.34447613192,0.39193699405,0.17730947985,0.019087590411,0.28810268318,0.23392746202,0.34715757667,0.15838627596
388.0,0.17707027707,0.43188072958,0.39817074345,0.37648565242,0.45232891662,0.44237742139,0.49070199104,0.41445287343,0.3940064969,0.23421530296,0.49070321127,0.47269713087,0.39633293103,0.13066396315,0.38664597603,0.49665824252,0.42029590865,0.32062592925,0.48410128788,0.49135212817,0.34430697114,0.39180981767,0.17707027707,0.019007031776,0.28789471931,0.2336957612,0.34699054142,0.15814955317
388.5,0.17683139636,0.43179479116,0.39804981036,0.37634414799,0.45226586937,0.44230307805,0.49068508277,0.41434840046,0.39388148707,0.23398408255,0.49068630451,0.47265807198,0.39621018833,0.13043660441,0.38651389677,0.49664885082,0.42019754215,0.3204390465,0.48407615873,0.49133603583,0.34413789332,0.39168268251,0.17683139636,0.018926813071,0.28768690525,0.23346428961,0.34682358635,0.15791318363
389.0,0.1765928373,0.43170886984,0.39792891396,0.37620269673,0.4522028309,0.4422287472,0.49066817508,0.41424395381,0.39375651687,0.23375309034,0.49066939833,0.47261901632,0.39608748359,0.1302096409,0.38638186256,0.49663945929,0.42009919865,0.32025227256,0.48405103089,0.49131994402,0.3439688984,0.39155558856,0.1765928373,0.018846932864,0.28747924092,0.23323304703,0.34665671143,0.1576771668
389.5,0.17635459945,0.43162296562,0.39780805425,0.3760612986,0.45213980122,0.44215442883,0.49065126798,0.41413953346,0.39363158626,0.2335223261,0.49065249273,0.47257996388,0.39596481681,0.12998307192,0.38624987338,0.49663006794,0.42000087814,0.32006560736,0.48402590435,0.49130385273,0.34379998635,0.3914285358,0.17635459945,0.018767389726,0.2872717262,0.23300203324,0.34648991661,0.15744150216
390.0,0.17611668238,0.43153707848,0.39768723121,0.37591995359,0.45207678032,0.44208012294,0.49063436145,0.41403513941,0.39350669525,0.2332917896,0.49063558772,0.47254091466,0.39584218797,0.1297568968,0.38611792922,0.49662067677,0.41990258062,0.31987905084,0.48400077912,0.49128776197,0.34363115713,0.39130152421,0.17611668238,0.018688182234,0.28706436098,0.23277124801,0.34632320186,0.15720618919
390.5,0.17587908565,0.43145120844,0.39756644484,0.37577866168,0.4520137682,0.44200582952,0.49061745551,0.41393077166,0.39338184382,0.23306148062,0.49061868329,0.47250186867,0.39571959705,0.12953111484,0.38598603005,0.49661128577,0.41980430607,0.31969260293,0.48397565518,0.49127167174,0.3434624107,0.3911745538,0.17587908565,0.018609308975,0.28685714516,0.23254069111,0.34615656714,0.15697122736
391.0,0.17564180885,0.43136535548,0.39744569512,0.37563742286,0.45195076486,0.44193154857,0.49060055015,0.41382643019,0.39325703196,0.23283139893,0.49060177944,0.4724628259,0.39559704406,0.12930572537,0.38585417587,0.49660189496,0.4197060545,0.31950626357,0.48395053256,0.49125558204,0.34329374702,0.39104762454,0.17564180885,0.018530768537,0.28665007863,0.23231036231,0.34599001241,0.15673661615
391.5,0.17540485154,0.43127951959,0.39732498203,0.37549623709,0.45188777029,0.4418572801,0.49058364538,0.413722115,0.39313225965,0.23260154431,0.49058487617,0.47242378635,0.39547452897,0.1290807277,0.38572236666,0.49659250432,0.4196078259,0.3193200327,0.48392541123,0.49123949286,0.34312516604,0.39092073642,0.17540485154,0.018452559517,0.28644316128,0.2320802614,0.34582353763,0.15650235505
392.0,0.17516821329,0.43119370079,0.39720430557,0.37535510436,0.4518247845,0.4417830241,0.49056674118,0.41361782608,0.39300752688,0.23237191654,0.49056797349,0.47238475003,0.39535205178,0.12885612115,0.38559060241,0.49658311385,0.41950962026,0.31913391025,0.48390029121,0.49122340421,0.34295666773,0.39079388942,0.17516821329,0.018374680516,0.28623639301,0.23185038814,0.34565714277,0.15626844352
392.5,0.17493189368,0.43110789906,0.39708366574,0.37521402465,0.45176180749,0.44170878056,0.49054983757,0.41351356343,0.39288283364,0.23214251539,0.49055107138,0.47234571693,0.39522961247,0.12863190506,0.38545888309,0.49657372357,0.41941143758,0.31894789617,0.4838751725,0.49120731608,0.34278825204,0.39066708354,0.17493189368,0.018297130144,0.28602977371,0.23162074232,0.34549082778,0.15603488105
393.0,0.17469589227,0.4310221144,0.3969630625,0.37507299794,0.45169883925,0.4416345495,0.49053293454,0.41340932704,0.39275817992,0.23191334064,0.49053416986,0.47230668705,0.39510721103,0.12840807873,0.38532720869,0.49656433346,0.41931327785,0.31876199039,0.48385005508,0.49119122849,0.34261991894,0.39054031876,0.17469589227,0.018219907013,0.28582330326,0.2313913237,0.34532459263,0.15580166713
393.5,0.17446020865,0.43093634681,0.39684249587,0.37493202421,0.45163587979,0.44156033089,0.4905160321,0.41330511691,0.3926335657,0.23168439206,0.49051726892,0.47226766039,0.39498484745,0.12818464149,0.38519557921,0.49655494353,0.41921514107,0.31857619284,0.48382493897,0.49117514141,0.34245166839,0.39041359506,0.17446020865,0.018143009743,0.28561698158,0.23116213207,0.34515843728,0.15556880122
394.0,0.17422484238,0.43085059628,0.39672196582,0.37479110345,0.4515729291,0.44148612475,0.49049913023,0.41320093302,0.39250899097,0.23145566944,0.49050036856,0.47222863695,0.39486252172,0.12796159267,0.38506399461,0.49654555378,0.41911702723,0.31839050347,0.48379982417,0.49115905487,0.34228350034,0.39028691244,0.17422484238,0.018066436959,0.28541080854,0.23093316719,0.34499236169,0.15533628282
394.5,0.17398979303,0.43076486281,0.39660147234,0.37465023562,0.45150998718,0.44141193106,0.49048222895,0.41309677536,0.39238445572,0.23122717255,0.49048346879,0.47218961674,0.39474023382,0.1277389316,0.3849324549,0.4965361642,0.41901893633,0.3182049222,0.48377471066,0.49114296885,0.34211541475,0.39016027088,0.17398979303,0.017990187294,0.28520478404,0.23070442886,0.34482636583,0.15510411141
395.0,0.17375506019,0.4306791464,0.39648101542,0.37450942071,0.45144705402,0.44133774983,0.49046532825,0.41299264395,0.39225995994,0.23099890116,0.4904665696,0.47215059975,0.39461798375,0.12751665759,0.38480096005,0.49652677481,0.41892086836,0.31801944899,0.48374959846,0.49112688336,0.34194741159,0.39003367036,0.17375506019,0.017914259383,0.28499890797,0.23047591683,0.34466044965,0.15487228647
395.5,0.17352064343,0.43059344705,0.39636059506,0.37436865871,0.45138412964,0.44126358106,0.49044842813,0.41288853876,0.39213550362,0.23077085505,0.49044967099,0.47211158597,0.3944957715,0.12729476999,0.38466951004,0.49651738559,0.41882282332,0.31783408376,0.48372448757,0.4911107984,0.34177949082,0.38990711088,0.17352064343,0.01783865187,0.28479318024,0.23024763089,0.34449461312,0.15464080748
396.0,0.17328654233,0.43050776474,0.39624021123,0.37422794958,0.45132121402,0.44118942474,0.4904315286,0.41278445979,0.39201108673,0.23054303401,0.49043277296,0.47207257542,0.39437359704,0.12707326811,0.38453810487,0.49650799655,0.4187248012,0.31764882645,0.48369937797,0.49109471396,0.34161165238,0.38978059242,0.17328654233,0.017763363403,0.28458760072,0.23001957082,0.34432885619,0.15440967393
396.5,0.17305275645,0.43042209948,0.39611986393,0.37408729332,0.45125830717,0.44111528088,0.49041462964,0.41268040703,0.39188670928,0.23031543781,0.49041587551,0.47203356809,0.39425146037,0.12685215129,0.38440674451,0.49649860768,0.41862680199,0.317463677,0.48367426968,0.49107863005,0.34144389625,0.38965411497,0.17305275645,0.017688392637,0.28438216932,0.22979173638,0.34416317884,0.15417888531
397.0,0.17281928539,0.43033645126,0.39599955315,0.3739466899,0.45119540908,0.44104114946,0.49039773127,0.41257638048,0.39176237124,0.23008806622,0.49039897865,0.47199456398,0.39412936148,0.12663141886,0.38427542895,0.49648921899,0.41852882569,0.31727863535,0.4836491627,0.49106254667,0.34127622239,0.38952767851,0.17281928539,0.01761373823,0.28417688593,0.22956412737,0.34399758102,0.15394844111
397.5,0.17258612871,0.43025082009,0.39587927888,0.37380613929,0.45113251976,0.44096703048,0.49038083348,0.41247238013,0.3916380726,0.22986091904,0.49038208237,0.47195556309,0.39400730036,0.12641107016,0.38414415818,0.49647983048,0.4184308723,0.31709370144,0.48362405701,0.49104646381,0.34110863074,0.38940128303,0.17258612871,0.017539398849,0.28397175045,0.22933674356,0.3438320627,0.1537183408
398.0,0.17235328599,0.43016520595,0.39575904111,0.37366564149,0.45106963919,0.44089292396,0.49036393628,0.41236840597,0.39151381336,0.22963399603,0.49036518667,0.47191656542,0.393885277,0.12619110452,0.38401293219,0.49647044215,0.41833294181,0.31690887519,0.48359895263,0.49103038148,0.34094112128,0.38927492852,0.17235328599,0.017465373165,0.28376676275,0.22910958472,0.34366662383,0.15348858389
398.5,0.17212075682,0.43007960884,0.39563883982,0.37352519648,0.45100676739,0.44081882987,0.49034703965,0.412264458,0.3913895935,0.22940729697,0.49034829155,0.47187757096,0.39376329137,0.12597152127,0.38388175094,0.496461054,0.41823503421,0.31672415656,0.48357384955,0.49101429968,0.34077369396,0.38914861496,0.17212075682,0.017391659855,0.28356192275,0.22888265063,0.34350126439,0.15325916985
399.0,0.17188854077,0.42999402876,0.395518675,0.37338480422,0.45094390435,0.44074474823,0.49033014361,0.41216053621,0.391265413,0.22918082164,0.49033139701,0.47183857973,0.39364134348,0.12575231975,0.38375061444,0.49645166602,0.4181371495,0.31653954547,0.48354874777,0.4909982184,0.34060634875,0.38902234234,0.17188854077,0.0173182576,0.28335723034,0.22865594107,0.34333598432,0.15303009818
399.5,0.17165663743,0.42990846571,0.39539854664,0.37324446471,0.45088105007,0.44067067902,0.49031324815,0.4120566406,0.39114127186,0.22895456983,0.49031450306,0.47179959172,0.3935194333,0.1255334993,0.38361952267,0.49644227822,0.41803928768,0.31635504186,0.4835236473,0.49098213765,0.3404390856,0.38889611065,0.17165663743,0.017245165089,0.2831526854,0.22842945582,0.3431707836,0.15280136838
400.0,0.17142504636,0.42982291969,0.39527845474,0.37310417791,0.45081820454,0.44059662225,0.49029635327,0.41195277115,0.39101717006,0.22872854131,0.49029760968,0.47176060692,0.39339756084,0.12531505926,0.3834884756,0.4964328906,0.41794144873,0.31617064568,0.48349854813,0.49096605742,0.34027190446,0.38876991988,0.17142504636,0.017172381015,0.28294828784,0.22820319466,0.34300566218,0.15257297992
400.5,0.17119376717,0.42973739068,0.39515839928,0.37296394382,0.45075536777,0.44052257792,0.49027945898,0.41184892786,0.39089310759,0.22850273587,0.49028071689,0.47172162534,0.39327572607,0.12509699896,0.38335747323,0.49642350315,0.41784363265,0.31598635686,0.48347345026,0.49094997773,0.34010480531,0.38864377,0.17119376717,0.017099904077,0.28274403754,0.22797715737,0.34284062003,0.1523449323
401.0,0.17096279941,0.42965187869,0.39503838024,0.37282376242,0.45069253975,0.44044854602,0.49026256526,0.41174511073,0.39076908444,0.22827715327,0.49026382468,0.47168264698,0.39315392899,0.12487931775,0.38322651554,0.49641411589,0.41774583944,0.31580217533,0.4834483537,0.49093389856,0.33993778811,0.38851766102,0.17096279941,0.017027732979,0.2825399344,0.22775134372,0.34267565711,0.15211722503
401.5,0.17073214269,0.42956638371,0.39491839763,0.37268363367,0.45062972049,0.44037452654,0.49024567213,0.41164131975,0.3906451006,0.22805179331,0.49024693306,0.47164367184,0.39303216958,0.12466201497,0.38309560251,0.4964047288,0.4176480691,0.31561810104,0.48342325843,0.49091781991,0.3397708528,0.38839159291,0.17073214269,0.016955866432,0.28233597832,0.22752575349,0.34251077339,0.15188985758
402.0,0.17050179657,0.42948090574,0.39479845142,0.37254355757,0.45056690998,0.4403005195,0.49022877958,0.4115375549,0.39052115604,0.22782665576,0.49023004201,0.47160469992,0.39291044783,0.12444508997,0.38296473413,0.49639534188,0.41755032161,0.31543413393,0.48339816447,0.49090174179,0.33960399936,0.38826556566,0.17050179657,0.01688430315,0.28213216919,0.22730038647,0.34234596881,0.15166282945
402.5,0.17027176065,0.42939544478,0.39467854161,0.3724035341,0.45050410822,0.44022652488,0.49021188761,0.4114338162,0.39039725077,0.2276017404,0.49021315155,0.47156573121,0.39278876373,0.12422854208,0.38283391039,0.49638595515,0.41745259697,0.31525027392,0.48337307181,0.4908856642,0.33943722773,0.38813957925,0.17027176065,0.016813041854,0.2819285069,0.22707524243,0.34218124335,0.15143614014
403.0,0.17004203451,0.42931000082,0.39455866818,0.37226356322,0.45044131521,0.44015254269,0.49019499622,0.41133010361,0.39027338476,0.22737704702,0.49019626167,0.47152676572,0.39266711727,0.12401237066,0.38270313127,0.49637656859,0.41735489518,0.31506652096,0.48334798046,0.49086958714,0.33927053789,0.38801363369,0.17004203451,0.016742081271,0.28172499135,0.22685032116,0.34201659698,0.15120978915
403.5,0.16981261773,0.42922457386,0.39443883113,0.37212364494,0.45037853095,0.44007857291,0.49017810542,0.41122641716,0.39014955801,0.22715257539,0.49017937237,0.47148780344,0.39254550843,0.12379657505,0.38257239675,0.49636718221,0.41725721623,0.31488287498,0.4833228904,0.4908535106,0.3391039298,0.38788772894,0.16981261773,0.016671420131,0.28152162244,0.22662562243,0.34185202964,0.15098377597
404.0,0.1695835099,0.4291391639,0.39431903044,0.37198377921,0.45031575544,0.44000461556,0.4901612152,0.41112275681,0.3900257705,0.2269283253,0.49016248365,0.47144884439,0.39242393722,0.12358115459,0.38244170681,0.49635779601,0.41715956011,0.31469933593,0.48329780165,0.49083743459,0.3389374034,0.38776186501,0.1695835099,0.016601057171,0.28131840006,0.22640114602,0.3416875413,0.1507581001
404.5,0.1693547106,0.42905377093,0.39419926611,0.37184396603,0.45025298867,0.43993067063,0.49014432556,0.41101912257,0.38990202222,0.22670429653,0.49014559551,0.47140988855,0.3923024036,0.12336610864,0.38231106146,0.49634840998,0.41706192683,0.31451590375,0.4832727142,0.4908213591,0.33877095866,0.38763604186,0.1693547106,0.016530991135,0.2811153241,0.22617689172,0.34152313193,0.15053276104
405.0,0.16912621942,0.42896839494,0.39407953811,0.37170420537,0.45019023065,0.43985673811,0.4901274365,0.41091551444,0.38977831316,0.22648048885,0.49012870796,0.47137093592,0.39218090758,0.12315143655,0.38218046066,0.49633902414,0.41696431636,0.31433257836,0.48324762805,0.49080528414,0.33860459555,0.38751025951,0.16912621942,0.016461220769,0.28091239445,0.2259528593,0.34135880149,0.15030775828
405.5,0.16889803594,0.42888303595,0.39395984645,0.37156449722,0.45012748137,0.439782818,0.49011054802,0.4108119324,0.38965464331,0.22625690206,0.49011182099,0.47133198651,0.39205944913,0.12293713767,0.3820499044,0.49632963847,0.41686672872,0.3141493597,0.4832225432,0.49078920971,0.33843831402,0.38738451792,0.16889803594,0.016391744825,0.28070961102,0.22572904854,0.34119454993,0.15008309133
406.0,0.16867015976,0.42879769394,0.39384019111,0.37142484156,0.45006474084,0.43970891031,0.49009366013,0.41070837645,0.38953101265,0.22603353593,0.49009493459,0.47129304032,0.39193802826,0.12272321135,0.38191939267,0.49632025297,0.4167691639,0.31396624773,0.48319745966,0.4907731358,0.33827211403,0.38725881708,0.16867015976,0.016322562062,0.2805069737,0.22550545924,0.34103037723,0.14985875968
406.5,0.16844259046,0.4287123689,0.39372057207,0.37128523836,0.45000200904,0.43963501502,0.49007677281,0.41060484658,0.38940742117,0.22581039025,0.49007804878,0.47125409734,0.39181664494,0.12250965695,0.38178892546,0.49631086766,0.41667162188,0.31378324237,0.48317237742,0.49075706242,0.33810599554,0.38713315699,0.16844259046,0.016253671244,0.28030448238,0.22528209116,0.34086628334,0.14963476284
407.0,0.16821532762,0.42862706084,0.39360098933,0.37114568761,0.44993928599,0.43956113214,0.49005988608,0.41050134279,0.38928386885,0.2255874648,0.49006116356,0.47121515757,0.39169529917,0.12229647381,0.38165850274,0.49630148252,0.41657410266,0.31360034355,0.48314729648,0.49074098957,0.33793995852,0.38700753763,0.16821532762,0.016185071137,0.28010213696,0.2250589441,0.34070226823,0.14941110031
407.5,0.16798837085,0.42854176976,0.39348144288,0.37100618928,0.44987657168,0.43948726167,0.49004299993,0.41039786506,0.3891603557,0.22536475935,0.49004427891,0.47117622102,0.39157399093,0.1220836613,0.38152812451,0.49629209756,0.41647660625,0.31341755123,0.48312221684,0.49072491724,0.33777400292,0.38688195898,0.16798837085,0.016116760517,0.27989993734,0.22483601782,0.34053833186,0.14918777159
408.0,0.16776171972,0.42845649564,0.3933619327,0.37086674336,0.4498138661,0.4394134036,0.49002611436,0.4102944134,0.38903688168,0.22514227371,0.49002739485,0.47113728769,0.39145272022,0.12187121877,0.38139779074,0.49628271278,0.41637913262,0.31323486534,0.4830971385,0.49070884544,0.3376081287,0.38675642104,0.16776171972,0.016048738162,0.2796978834,0.22461331212,0.34037447419,0.14896477618
408.5,0.16753537382,0.42837123849,0.39324245879,0.37072734982,0.44975116926,0.43933955793,0.49000922938,0.41019098779,0.3889134468,0.22492000764,0.49001051136,0.47109835756,0.39133148701,0.12165914558,0.38126750142,0.49627332817,0.41628168178,0.31305228581,0.48307206146,0.49069277416,0.33744233582,0.38663092379,0.16753537382,0.015981002856,0.27949597505,0.22439082678,0.34021069518,0.1487421136
409.0,0.16730933276,0.4282859983,0.39312302113,0.37058800866,0.44968848115,0.43926572466,0.48999234497,0.41008758824,0.38879005104,0.22469796093,0.48999362846,0.47105943065,0.39121029131,0.12144744108,0.38113725655,0.49626394375,0.41618425373,0.31286981259,0.48304698573,0.49067670341,0.33727662425,0.38650546721,0.16730933276,0.015913553387,0.27929421218,0.22416856157,0.3400469948,0.14851978333
409.5,0.16708359611,0.42820077507,0.39300361971,0.37044871984,0.44962580178,0.43919190379,0.48997546115,0.40998421472,0.38866669438,0.22447613336,0.48997674614,0.47102050696,0.39108913309,0.12123610465,0.38100705609,0.4962545595,0.41608684845,0.3126874456,0.48302191129,0.49066063319,0.33711099394,0.3863800513,0.16708359611,0.015846388551,0.27909259469,0.22394651628,0.33988337301,0.1482977849
410.0,0.16685816347,0.4281155688,0.39288425453,0.37030948335,0.44956313114,0.43911809531,0.48995857791,0.40988086724,0.38854337682,0.22425452473,0.4899598644,0.47098158648,0.39096801235,0.12102513564,0.38087690004,0.49624517542,0.41598946595,0.3125051848,0.48299683816,0.49064456349,0.33694544485,0.38625467604,0.16685816347,0.015779507146,0.27889112246,0.2237246907,0.33971982976,0.1480761178
410.5,0.16663303443,0.42803037947,0.39276492556,0.37017029916,0.44950046923,0.43904429923,0.48994169525,0.40977754579,0.38842009834,0.2240331348,0.48994298324,0.47094266921,0.39084692907,0.12081453341,0.38074678839,0.49623579153,0.41589210621,0.31232303012,0.48297176633,0.49062849432,0.33677997695,0.38612934141,0.16663303443,0.015712907976,0.2786897954,0.22350308461,0.33955636504,0.14785478154
411.0,0.16640820859,0.4279452071,0.3926456328,0.37003116727,0.44943781606,0.43897051553,0.48992481317,0.40967425037,0.38829685893,0.22381196338,0.48992610267,0.47090375515,0.39072588325,0.12060429733,0.38061672111,0.49622640781,0.41579476923,0.3121409815,0.4829466958,0.49061242568,0.33661459019,0.38600404741,0.16640820859,0.015646589852,0.27848861341,0.22328169778,0.33939297878,0.14763377563
411.5,0.16618368554,0.42786005167,0.39252637625,0.36989208765,0.44937517161,0.43889674422,0.48990793167,0.40957098096,0.38817365858,0.22359101023,0.48990922267,0.47086484431,0.39060487487,0.12039442675,0.38048669819,0.49621702427,0.41569745501,0.31195903887,0.48292162657,0.49059635756,0.33644928454,0.38587879402,0.16618368554,0.015580551586,0.27828757638,0.22306053002,0.33922967097,0.14741309958
412.0,0.16595946486,0.42777491319,0.39240715588,0.36975306027,0.44931253589,0.4388229853,0.48989105076,0.40946773756,0.38805049727,0.22337027515,0.48989234326,0.47082593668,0.39048390391,0.12018492106,0.38035671962,0.4962076409,0.41560016353,0.31177720217,0.48289655864,0.49058028997,0.33628405995,0.38575358123,0.16595946486,0.015514792,0.2780866842,0.22283958108,0.33906644156,0.1471927529
412.5,0.16573554616,0.42768979164,0.39228797168,0.36961408512,0.4492499089,0.43874923877,0.48987417043,0.40936452016,0.38792737499,0.22314975792,0.48987546443,0.47078703226,0.39036297038,0.1199757796,0.38022678539,0.49619825772,0.4155028948,0.31159547135,0.48287149201,0.4905642229,0.33611891639,0.38562840903,0.16573554616,0.015449309917,0.27788593677,0.22261885077,0.33890329051,0.1469727351
413.0,0.16551192903,0.42760468703,0.39216882366,0.36947516219,0.44918729063,0.43867550462,0.48985729067,0.40926132876,0.38780429173,0.22292945833,0.48985858618,0.47074813105,0.39024207425,0.11976700176,0.38009689546,0.49618887471,0.41540564882,0.31141384634,0.48284642668,0.49054815636,0.33595385381,0.38550327739,0.16551192903,0.015384104166,0.27768533398,0.22239833887,0.33874021778,0.14675304568
413.5,0.16528861307,0.42751959935,0.39204971178,0.36933629144,0.44912468109,0.43860178284,0.4898404115,0.40915816335,0.38768124748,0.22270937616,0.48984170851,0.47070923306,0.39012121552,0.1195585869,0.37996704984,0.49617949188,0.41530842556,0.31123232708,0.48282136266,0.49053209035,0.33578887218,0.38537818632,0.16528861307,0.015319173582,0.27748487574,0.22217804515,0.33857722335,0.14653368416
414.0,0.16506559787,0.4274345286,0.39193063605,0.36919747287,0.44906208027,0.43852807345,0.48982353292,0.40905502393,0.38755824223,0.22248951119,0.48982483142,0.47067033827,0.39000039417,0.11935053439,0.37983724851,0.49617010922,0.41521122504,0.31105091351,0.48279629993,0.49051602486,0.33562397145,0.38525313579,0.16506559787,0.015254517003,0.27728456194,0.22195796941,0.33841430716,0.14631465005
414.5,0.16484288303,0.42734947477,0.39181159646,0.36905870645,0.44899948817,0.43845437643,0.48980665491,0.40895191048,0.38743527596,0.22226986322,0.48980795492,0.4706314467,0.38987961019,0.1191428436,0.37970749145,0.49616072675,0.41511404724,0.31086960556,0.48277123851,0.4904999599,0.33545915159,0.38512812579,0.16484288303,0.015190133275,0.27708439248,0.22173811143,0.33825146919,0.14609594287
415.0,0.16462046814,0.42726443787,0.39169259298,0.36891999216,0.44893690479,0.43838069179,0.48978977748,0.408848823,0.38731234866,0.22205043203,0.48979107899,0.47059255833,0.38975886358,0.1189355139,0.37957777864,0.49615134445,0.41501689216,0.31068840318,0.48274617838,0.49048389547,0.33529441256,0.38500315631,0.16462046814,0.015126021245,0.27688436725,0.221518471,0.3380887094,0.14587756212
415.5,0.1643983528,0.42717941788,0.39157362562,0.36878132998,0.44887433013,0.43830701951,0.48977290064,0.40874576149,0.38718946032,0.2218312174,0.48977420365,0.47055367318,0.38963815431,0.11872854467,0.37944811008,0.49614196233,0.41491975979,0.3105073063,0.48272111956,0.49046783156,0.33512975432,0.38487822734,0.1643983528,0.015062179768,0.27668448614,0.22129904789,0.33792602774,0.14565950733
416.0,0.16417653661,0.42709441481,0.39145469435,0.3686427199,0.44881176419,0.43823335961,0.48975602438,0.40864272594,0.38706661092,0.22161221913,0.48975732889,0.47051479124,0.38951748238,0.11852193528,0.37931848574,0.49613258038,0.41482265013,0.31032631487,0.48269606204,0.49045176817,0.33496517682,0.38475333886,0.16417653661,0.014998607702,0.27648474906,0.2210798419,0.33776342419,0.145441778
416.5,0.16395501918,0.42700942865,0.39133579918,0.36850416188,0.44874920697,0.43815971208,0.48973914869,0.40853971633,0.38694380046,0.22139343699,0.48974045471,0.4704759125,0.38939684778,0.11831568511,0.37918890561,0.49612319862,0.41472556317,0.31014542882,0.48267100581,0.49043570532,0.33480068004,0.38462849086,0.16395501918,0.01493530391,0.27628515591,0.22086085281,0.3376008987,0.14522437365
417.0,0.16373380009,0.4269244594,0.39121694008,0.36836565593,0.44868665846,0.43808607691,0.48972227359,0.40843673267,0.38682102892,0.22117487077,0.48972358111,0.47043703698,0.38927625049,0.11810979353,0.37905936968,0.49611381703,0.41462849891,0.30996464808,0.48264595089,0.49041964298,0.33463626392,0.38450368332,0.16373380009,0.014872267262,0.27608570657,0.2206420804,0.33743845124,0.1450072938
417.5,0.16351287894,0.42683950706,0.39109811705,0.368227202,0.44862411867,0.4380124541,0.48970539908,0.40833377495,0.38669829629,0.22095652027,0.48970670809,0.47039816466,0.3891556905,0.11790425992,0.37892987794,0.49610443561,0.41453145734,0.30978397261,0.48262089727,0.49040358118,0.33447192843,0.38437891624,0.16351287894,0.014809496629,0.27588640094,0.22042352447,0.33727608177,0.14479053797
418.0,0.16329225535,0.42675457161,0.39097933008,0.36808880009,0.44856158759,0.43793884366,0.48968852514,0.40823084316,0.38657560255,0.22073838527,0.48968983565,0.47035929556,0.38903516781,0.11769908366,0.37880043035,0.49609505438,0.41443443846,0.30960340233,0.48259584495,0.4903875199,0.33430767354,0.3842541896,0.16329225535,0.01474699089,0.27568723893,0.2202051848,0.33711379025,0.14457410567
418.5,0.1630719289,0.42666965307,0.39086057915,0.36795045018,0.44849906522,0.43786524558,0.48967165178,0.4081279373,0.38645294771,0.22052046555,0.4896729638,0.47032042966,0.3889146824,0.11749426413,0.37867102692,0.49608567332,0.41433744225,0.3094229372,0.48257079393,0.49037145915,0.33414349919,0.38412950339,0.1630719289,0.014684748927,0.27548822043,0.21998706117,0.33695157664,0.14435799642
419.0,0.16285189921,0.42658475142,0.39074186426,0.36781215224,0.44843655157,0.43779165985,0.48965477901,0.40802505735,0.38633033173,0.22030276091,0.48965609252,0.47028156697,0.38879423425,0.11728980071,0.37854166763,0.49607629244,0.41424046873,0.30924257713,0.4825457442,0.49035539892,0.33397940536,0.3840048576,0.16285189921,0.014622769627,0.27528934533,0.21976915338,0.33678944092,0.14414220975
419.5,0.16263216586,0.42649986666,0.39062318539,0.36767390626,0.44837404662,0.43771808648,0.48963790681,0.40792220332,0.38620775461,0.22008527113,0.48963922183,0.47024270749,0.38867382336,0.11708569278,0.37841235245,0.49606691174,0.41414351788,0.30906232209,0.48252069578,0.49033933922,0.333815392,0.3838802522,0.16263216586,0.014561051882,0.27509061353,0.2195514612,0.33662738303,0.14392674516
420.0,0.16241272847,0.42641499879,0.39050454253,0.36753571221,0.44831155038,0.43764452546,0.4896210352,0.40781937519,0.38608521634,0.21986799599,0.48962235171,0.47020385122,0.38855344972,0.11688193973,0.37828308138,0.49605753121,0.41404658969,0.30888217199,0.48249564866,0.49032328004,0.33365145907,0.3837556872,0.16241272847,0.014499594589,0.27489202494,0.21933398443,0.33646540295,0.14371160219
420.5,0.16219358663,0.4263301478,0.39038593567,0.36739757008,0.44824906285,0.43757097679,0.48960416417,0.40771657296,0.3859627169,0.2196509353,0.48960548218,0.47016499815,0.38843311331,0.11667854094,0.37815385441,0.49604815087,0.41394968416,0.30870212679,0.48247060284,0.49030722139,0.33348760653,0.38363116256,0.16219358663,0.014438396649,0.27469357944,0.21911672285,0.33630350063,0.14349678034
421.0,0.16197473996,0.4262453137,0.39026736481,0.36725947985,0.44818658403,0.43749744048,0.48958729372,0.40761379662,0.38584025629,0.21943408883,0.48958861323,0.47012614829,0.38831281412,0.11647549579,0.3780246715,0.4960387707,0.41385280129,0.30852218642,0.48244555831,0.49029116327,0.33332383435,0.38350667829,0.16197473996,0.014377456968,0.27449527693,0.21889967626,0.33614167605,0.14328227916
421.5,0.16175618804,0.42616049647,0.39014882992,0.3671214415,0.44812411391,0.43742391651,0.48957042385,0.40751104617,0.38571783449,0.21921745638,0.48957174486,0.47008730164,0.38819255215,0.11627280368,0.37789553267,0.4960293907,0.41375594106,0.30834235082,0.48242051509,0.49027510567,0.33316014249,0.38338223438,0.16175618804,0.014316774455,0.27429711732,0.21868284443,0.33597992915,0.14306809815
422.0,0.1615379305,0.42607569612,0.39003033101,0.366983455,0.44806165249,0.43735040488,0.48955355457,0.4074083216,0.38559545149,0.21900103774,0.48955487707,0.4700484582,0.38807232737,0.11607046398,0.37776643787,0.49602001089,0.41365910349,0.30816261994,0.48239547317,0.4902590486,0.3329965309,0.38325783079,0.1615379305,0.014256348027,0.2740991005,0.21846622716,0.33581825991,0.14285423684
422.5,0.16131996693,0.42599091264,0.38991186805,0.36684552035,0.44799919978,0.4372769056,0.48953668586,0.4073056229,0.38547310727,0.21878483268,0.48953800987,0.47000961796,0.38795213978,0.11586847608,0.37763738711,0.49601063125,0.41356228855,0.3079829937,0.48237043255,0.49024299205,0.33283299954,0.38313346753,0.16131996693,0.014196176603,0.27390122636,0.21824982423,0.33565666829,0.14264069476
423.0,0.16110229693,0.42590614603,0.38979344104,0.36670763751,0.44793675577,0.43720341866,0.48951981773,0.40720295007,0.38535080183,0.21856884101,0.48952114324,0.46997078093,0.38783198937,0.11566683939,0.37750838036,0.49600125179,0.41346549624,0.30780347205,0.48234539322,0.49022693603,0.33266954839,0.38300914458,0.16110229693,0.014136259106,0.27370349481,0.21803363544,0.33549515425,0.14242747143
423.5,0.16088492013,0.42582139628,0.38967504996,0.36656980647,0.44787432046,0.43712994405,0.48950295019,0.4071003031,0.38522853515,0.21835306251,0.4895042772,0.46993194711,0.38771187613,0.11546555328,0.37737941762,0.4959918725,0.41336872656,0.30762405492,0.4823203552,0.49021088053,0.33250617739,0.38288486193,0.16088492013,0.014076594466,0.27350590574,0.21781766056,0.33533371775,0.14221456637
424.0,0.16066783611,0.4257366634,0.38955669481,0.36643202722,0.44781189384,0.43705648179,0.48948608323,0.40699768198,0.38510630722,0.21813749698,0.48948741173,0.46989311649,0.38759180004,0.11526461714,0.37725049886,0.4959824934,0.41327197951,0.30744474227,0.48229531847,0.49019482556,0.33234288651,0.38276061956,0.16066783611,0.014017181616,0.27330845905,0.2176018994,0.33517235876,0.14200197911
424.5,0.16045104449,0.42565194737,0.38943837558,0.36629429973,0.44774947593,0.43698303186,0.48946921685,0.40689508671,0.38498411803,0.21792214419,0.48947054685,0.46985428907,0.38747176109,0.11506403038,0.37712162407,0.49597311447,0.41317525507,0.30726553402,0.48227028305,0.49017877112,0.33217967571,0.38263641746,0.16045104449,0.013958019494,0.27311115463,0.21738635174,0.33501107724,0.14178970919
425.0,0.16023454487,0.4255672482,0.38932009225,0.36615662397,0.44768706671,0.43690959426,0.48945235105,0.40679251727,0.38486196756,0.21770700395,0.48945368254,0.46981546487,0.38735175927,0.11486379238,0.37699279324,0.49596373571,0.41307855325,0.30708643011,0.48224524892,0.4901627172,0.33201654495,0.38251225562,0.16023454487,0.013899107042,0.2729139924,0.21717101736,0.33484987315,0.14157775612
425.5,0.16001833687,0.42548256588,0.38920184481,0.36601899995,0.44762466618,0.43683616899,0.48943548583,0.40668997368,0.3847398558,0.21749207604,0.48943681882,0.46977664386,0.38723179457,0.11466390254,0.37686400636,0.49595435714,0.41298187403,0.30690743049,0.48222021609,0.49014666381,0.33185349419,0.38238813402,0.16001833687,0.013840443206,0.27271697223,0.21695589607,0.33468874646,0.14136611944
426.0,0.15980242009,0.4253979004,0.38908363325,0.36588142762,0.44756227435,0.43676275605,0.48941862119,0.40658745591,0.38461778275,0.21727736025,0.48941995568,0.46973782607,0.38711186697,0.11446436026,0.37673526339,0.49594497874,0.41288521742,0.3067285351,0.48219518456,0.49013061094,0.33169052339,0.38226405266,0.15980242009,0.013782026938,0.27252009404,0.21674098764,0.33452769712,0.14115479867
426.5,0.15958679415,0.42531325177,0.38896545757,0.36574390698,0.44749989122,0.43668935544,0.48940175713,0.40648496396,0.38449574838,0.21706285638,0.48940309312,0.46969901147,0.38699197648,0.11426516492,0.37660656434,0.49593560052,0.41278858341,0.30654974387,0.48217015433,0.4901145586,0.33152763252,0.38214001151,0.15958679415,0.013723857193,0.27232335771,0.21652629187,0.33436672511,0.14094379334
427.0,0.15937145864,0.42522861999,0.38884731774,0.365606438,0.44743751677,0.43661596715,0.48938489365,0.40638249782,0.38437375269,0.21684856421,0.48938623114,0.46966020008,0.38687212307,0.11406631593,0.37647790919,0.49592622248,0.41269197198,0.30637105674,0.4821451254,0.49009850679,0.33136482153,0.38201601057,0.15937145864,0.013665932931,0.27212676315,0.21631180854,0.33420583038,0.14073310299
427.5,0.15915641318,0.42514400504,0.38872921377,0.36546902067,0.44737515102,0.43654259118,0.48936803076,0.4062800575,0.38425179566,0.21663448354,0.48936936974,0.4696213919,0.38675230673,0.1138678127,0.37634929792,0.49591684461,0.41259538314,0.30619247365,0.48212009777,0.4900824555,0.33120209039,0.38189204983,0.15915641318,0.013608253116,0.27193031026,0.21609753745,0.3340450129,0.14052272714
428.0,0.15894165739,0.42505940692,0.38861114563,0.36533165496,0.44731279395,0.43646922754,0.48935116844,0.40617764297,0.38412987729,0.21642061415,0.48935250893,0.46958258691,0.38663252745,0.1136696546,0.37622073051,0.49590746693,0.41249881688,0.30601399455,0.48209507144,0.49006640473,0.33103943905,0.38176812926,0.15894165739,0.013550816717,0.27173399893,0.2158834784,0.33388427263,0.14031266533
428.5,0.15872719087,0.42497482564,0.38849311332,0.36519434086,0.44725044557,0.43639587621,0.48933430671,0.40607525424,0.38400799755,0.21620695584,0.48933564869,0.46954378514,0.38651278523,0.11347184106,0.37609220696,0.49589808942,0.4124022732,0.30583561937,0.4820700464,0.49005035449,0.33087686748,0.38164424886,0.15872719087,0.013493622708,0.27153782906,0.21566963116,0.33372360953,0.14010291709
429.0,0.15851301323,0.42489026118,0.38837511682,0.36505707835,0.44718810588,0.4363225372,0.48931744556,0.4059728913,0.38388615644,0.21599350841,0.48931878903,0.46950498656,0.38639308004,0.11327437147,0.37596372724,0.49588871208,0.41230575209,0.30565734805,0.48204502267,0.49003430478,0.33071437563,0.38152040862,0.15851301323,0.013436670065,0.27134180056,0.21545599552,0.33356302357,0.13989348196
429.5,0.15829912409,0.42480571355,0.38825715614,0.3649198674,0.44712577488,0.4362492105,0.48930058498,0.40587055414,0.38376435395,0.21578027163,0.48930192996,0.46946619119,0.38627341189,0.11307724523,0.37583529135,0.49587933493,0.41220925355,0.30547918053,0.48202000023,0.49001825559,0.33055196348,0.38139660851,0.15829912409,0.01337995777,0.27114591331,0.21524257129,0.33340251471,0.13968435946
430.0,0.15808552306,0.42472118274,0.38813923124,0.364782708,0.44706345255,0.43617589611,0.48928372499,0.40576824276,0.38364259006,0.21556724531,0.48928507146,0.46942739902,0.38615378074,0.11288046175,0.37570689926,0.49586995795,0.41211277756,0.30530111675,0.48199497909,0.49000220693,0.33038963097,0.38127284854,0.15808552306,0.013323484809,0.27095016722,0.21502935825,0.33324208291,0.13947554913
430.5,0.15787220975,0.42463666875,0.38802134214,0.36464560013,0.44700113892,0.43610259404,0.48926686558,0.40566595714,0.38352086475,0.21535442924,0.48926821355,0.46938861005,0.38603418661,0.11268402043,0.37557855096,0.49586058114,0.41201632413,0.30512315666,0.48196995925,0.48998615879,0.33022737808,0.38114912867,0.15787220975,0.013267250172,0.27075456219,0.2148163562,0.33308172814,0.13926705051
431.0,0.15765918378,0.42455217157,0.3879034888,0.36450854377,0.44693883396,0.43602930427,0.48925000675,0.40556369729,0.38339917803,0.21514182321,0.48925135621,0.46934982429,0.38591462946,0.11248792067,0.37545024645,0.49585120452,0.41191989325,0.30494530018,0.48194494071,0.48997011118,0.33006520476,0.38102544891,0.15765918378,0.013211252855,0.27055909811,0.21460356492,0.33292145036,0.13905886314
431.5,0.15744644476,0.4244676912,0.38778567123,0.3643715389,0.44687653768,0.43595602681,0.48923314851,0.40546146319,0.38327752988,0.21492942701,0.48923449946,0.46931104172,0.3857951093,0.1122921619,0.37532198569,0.49584182807,0.41182348491,0.30476754727,0.48191992347,0.4899540641,0.32990311097,0.38090180924,0.15744644476,0.013155491855,0.27036377489,0.2143909842,0.33276124954,0.13885098654
432.0,0.15723399231,0.42438322764,0.38766788941,0.3642345855,0.44681425009,0.43588276165,0.48921629084,0.40535925485,0.38315592027,0.21471724044,0.48921764329,0.46927226236,0.38567562611,0.1120967435,0.37519376869,0.4958324518,0.41172709912,0.30458989785,0.48189490753,0.48993801754,0.32974109667,0.38077820965,0.15723399231,0.013099966175,0.27016859242,0.21417861385,0.33260112562,0.13864342026
432.5,0.15702182604,0.42429878089,0.38755014333,0.36409768355,0.44675197117,0.43580950879,0.48919943375,0.40525707224,0.38303434921,0.21450526328,0.4892007877,0.4692334862,0.38555617988,0.1119016649,0.37506559541,0.49582307571,0.41163073585,0.30441235187,0.48186989288,0.4899219715,0.32957916183,0.38065465012,0.15702182604,0.013044674824,0.2699735506,0.21396645364,0.33244107859,0.13843616383
433.0,0.15680994556,0.42421435093,0.38743243298,0.36396083304,0.44668970093,0.43573626823,0.48918257724,0.40515491538,0.38291281668,0.21429349534,0.48918393269,0.46919471324,0.3854367706,0.11170692551,0.37493746585,0.4958136998,0.41153439512,0.30423490928,0.48184487953,0.48990592599,0.32941730641,0.38053113064,0.15680994556,0.012989616811,0.26977864933,0.21375450338,0.3322811084,0.1382292168
433.5,0.1565983505,0.42412993778,0.38731475835,0.36382403393,0.44662743936,0.43566303997,0.48916572132,0.40505278424,0.38279132267,0.21408193641,0.48916707826,0.46915594348,0.38531739825,0.11151252472,0.37480938,0.49580432406,0.4114380769,0.30405757,0.48181986748,0.48988988101,0.32925553036,0.38040765119,0.1565983505,0.012934791153,0.26958388851,0.21354276285,0.33212121502,0.1380225787
434.0,0.15638704046,0.42404554142,0.38719711943,0.36368728622,0.44656518647,0.43558982401,0.48914886597,0.40495067883,0.38266986716,0.21387058627,0.48915022441,0.46911717692,0.38519806283,0.11131846197,0.37468133784,0.4957949485,0.41134178121,0.30388033398,0.48179485673,0.48987383655,0.32909383366,0.38028421177,0.15638704046,0.012880196869,0.26938926804,0.21333123186,0.3319613984,0.13781624908
434.5,0.15617601508,0.42396116185,0.3870795162,0.36355058989,0.44650294226,0.43551662034,0.48913201121,0.40484859913,0.38254845014,0.21365944473,0.48913337114,0.46907841356,0.38507876432,0.11112473665,0.37455333934,0.49578557311,0.41124550803,0.30370320117,0.48176984727,0.48985779262,0.32893221625,0.38016081236,0.15617601508,0.012825832984,0.26919478782,0.21311991018,0.33180165852,0.13761022747
435.0,0.15596527396,0.42387679906,0.38696194866,0.36341394491,0.44644070671,0.43544342896,0.48911515703,0.40474654515,0.38242707161,0.21344851158,0.48911651845,0.46903965341,0.38495950272,0.11093134818,0.37442538451,0.49577619791,0.41114925736,0.30352617149,0.48174483912,0.48984174921,0.3287706781,0.38003745295,0.15596527396,0.012771698524,0.26900044774,0.21290879763,0.33164199533,0.13740451341
435.5,0.15575481672,0.42379245307,0.3868444168,0.36327735126,0.44637847984,0.43537024987,0.48909830342,0.40464451687,0.38230573154,0.2132377866,0.48909966634,0.46900089645,0.384840278,0.11073829599,0.37429747332,0.49576682288,0.41105302918,0.30334924489,0.48171983226,0.48982570633,0.32860921918,0.37991413353,0.15575481672,0.012717792523,0.26880624771,0.21269789398,0.3314824088,0.13719910646
436.0,0.15554464299,0.42370812385,0.3867269206,0.36314080893,0.44631626163,0.43529708307,0.4890814504,0.40454251428,0.38218442993,0.21302726961,0.48908281481,0.46896214269,0.38472109017,0.11054557948,0.37416960576,0.49575744803,0.41095682351,0.30317242131,0.4816948267,0.48980966397,0.32844783944,0.37979085408,0.15554464299,0.012664114015,0.26861218763,0.21248719903,0.3313228989,0.13699400614
436.5,0.15533475238,0.42362381141,0.38660946006,0.3630043179,0.4462540521,0.43522392855,0.48906459796,0.40444053739,0.38206316676,0.21281696039,0.48906596386,0.46892339213,0.3846019392,0.11035319807,0.37404178181,0.49574807335,0.41086064033,0.3029957007,0.48166982244,0.48979362214,0.32828653885,0.37966761458,0.15533475238,0.012610662042,0.2684182674,0.21227671258,0.33116346558,0.13678921201
437.0,0.15512514451,0.42353951574,0.38649203516,0.36286787815,0.44619185123,0.43515078631,0.4890477461,0.40433858619,0.38194194203,0.21260685873,0.4890491135,0.46888464477,0.38448282509,0.11016115119,0.37391400147,0.49573869885,0.41076447963,0.30281908298,0.48164481947,0.48977758083,0.32812531736,0.37954441504,0.15512514451,0.012557435648,0.26822448691,0.21206643442,0.33100410881,0.1365847236
437.5,0.154915819,0.42345523685,0.3863746459,0.36273148965,0.44612965903,0.43507765636,0.48903089482,0.40423666066,0.38182075572,0.21239696444,0.48903226371,0.46884590061,0.38436374782,0.10996943824,0.3737862647,0.49572932453,0.41066834141,0.3026425681,0.4816198178,0.48976154005,0.32796417494,0.37942125542,0.154915819,0.01250443388,0.26803084606,0.21185636434,0.33084482855,0.13638054047
438.0,0.15470677547,0.42337097472,0.38625729225,0.3625951524,0.44606747549,0.43500453869,0.48901404412,0.4041347608,0.38169960781,0.21218727731,0.4890154145,0.46880715964,0.38424470739,0.10977805866,0.37365857151,0.49571995039,0.41057222568,0.30246615601,0.48159481743,0.4897454998,0.32780311154,0.37929813573,0.15470677547,0.012451655792,0.26783734476,0.21164650215,0.33068562476,0.13617666216
438.5,0.15449801355,0.42328672936,0.38613997422,0.36245886636,0.44600530062,0.43493143329,0.488997194,0.40403288661,0.3815784983,0.21197779712,0.48899856588,0.46876842188,0.38412570378,0.10958701185,0.37353092187,0.49571057643,0.41047613241,0.30228984663,0.48156981836,0.48972946006,0.32764212714,0.37917505595,0.15449801355,0.012399100438,0.2676439829,0.21143684762,0.33052649742,0.13597308821
439.0,0.15428953286,0.42320250076,0.38602269179,0.36232263153,0.44594313441,0.43485834017,0.48898034446,0.40393103808,0.38145742717,0.21176852369,0.48898171783,0.46872968731,0.38400673699,0.10939629725,0.37340331577,0.49570120264,0.4103800616,0.30211363992,0.48154482058,0.48971342086,0.32748122169,0.37905201606,0.15428953286,0.012346766881,0.26745076039,0.21122740057,0.33036744648,0.13576981818
439.5,0.15408133302,0.42311828892,0.38590544494,0.36218644788,0.44588097686,0.43478525932,0.4889634955,0.40382921521,0.38133639442,0.21155945681,0.48896487037,0.46869095594,0.38388780699,0.10920591428,0.3732757532,0.49569182903,0.41028401326,0.3019375358,0.4815198241,0.48969738218,0.32732039515,0.37892901605,0.15408133302,0.012294654183,0.26725767712,0.21101816078,0.33020847191,0.1355668516
440.0,0.15387341365,0.42303409383,0.38578823368,0.36205031538,0.44581882797,0.43471219074,0.48894664712,0.40372741797,0.38121540002,0.21135059626,0.48894802348,0.46865222777,0.38376891378,0.10901586236,0.37314823413,0.49568245559,0.41018798737,0.30176153423,0.48149482892,0.48968134402,0.32715964749,0.37880605591,0.15387341365,0.012242761413,0.267064733,0.21080912805,0.33004957366,0.13536418803
440.5,0.15366577437,0.42294991549,0.38567105798,0.36191423404,0.44575668774,0.43463913443,0.48892979933,0.40362564638,0.38109444397,0.21114194185,0.48893117718,0.46861350279,0.38365005735,0.10882614091,0.37302075856,0.49567308234,0.41009198394,0.30158563515,0.48146983504,0.48966530639,0.32699897866,0.37868313563,0.15366577437,0.012191087643,0.26687192792,0.21060030218,0.32989075171,0.13516182702
441.0,0.15345841481,0.4228657539,0.38555391785,0.36177820382,0.44569455617,0.43456609038,0.48891295211,0.40352390042,0.38097352626,0.21093349338,0.48891433145,0.46857478102,0.38353123768,0.10863674937,0.37289332648,0.49566370926,0.40999600294,0.30140983848,0.48144484245,0.48964926929,0.32683838863,0.37856025519,0.15345841481,0.012139631949,0.26667926179,0.21039168295,0.32973200602,0.13495976811
441.5,0.1532513346,0.42278160906,0.38543681325,0.3616422247,0.44563243325,0.4344930586,0.48889610547,0.40342218009,0.38085264687,0.21072525064,0.48889748631,0.46853606243,0.38341245477,0.10844768716,0.37276593785,0.49565433635,0.40990004439,0.30123414418,0.48141985116,0.48963323271,0.32667787736,0.37843741459,0.1532513346,0.012088393411,0.2664867345,0.21018327018,0.32957333655,0.13475801086
442.0,0.15304453336,0.42269748095,0.3853197442,0.36150629667,0.44557031899,0.43442003909,0.48887925942,0.40332048538,0.38073180579,0.21051721343,0.48888064175,0.46849734705,0.38329370861,0.10825895371,0.37263859268,0.49564496363,0.40980410827,0.30105855218,0.48139486117,0.48961719665,0.32651744481,0.3783146138,0.15304453336,0.012037371113,0.26629434596,0.20997506364,0.32941474326,0.13455655482
442.5,0.15283801071,0.42261336959,0.38520271067,0.3613704197,0.44550821339,0.43434703183,0.48886241394,0.40321881628,0.38061100301,0.21030938155,0.48886379776,0.46845863486,0.38317499917,0.10807054845,0.37251129095,0.49563559108,0.40970819458,0.30088306243,0.48136987247,0.48960116112,0.32635709094,0.37819185281,0.15283801071,0.011986564142,0.26610209606,0.20976706315,0.32925622611,0.13435539953
443.0,0.15263176628,0.42252927496,0.38508571265,0.36123459378,0.44544611643,0.43427403683,0.48884556904,0.40311717279,0.38049023852,0.21010175478,0.48884695436,0.46841992586,0.38305632645,0.1078824708,0.37238403263,0.49562621871,0.40961230331,0.30070767486,0.48134488507,0.48958512612,0.32619681571,0.37806913162,0.15263176628,0.011935971589,0.2659099847,0.20955926849,0.32909778508,0.13415454456
443.5,0.15242579969,0.42244519706,0.38496875013,0.36109881889,0.44538402813,0.43420105409,0.48882872473,0.4030155549,0.3803695123,0.20989433294,0.48883011154,0.46838122007,0.38293769045,0.10769472021,0.37225681773,0.49561684652,0.40951643446,0.30053238942,0.48131989897,0.48956909164,0.32603661909,0.3779464502,0.15242579969,0.011885592551,0.2657180118,0.20935167946,0.32893942013,0.13395398945
444.0,0.15222011058,0.42236113588,0.38485182311,0.36096309501,0.44532194848,0.4341280836,0.48881188099,0.40291396261,0.38024882434,0.20968711582,0.48881326929,0.46834251746,0.38281909114,0.10750729609,0.37212964621,0.4956074745,0.40942058803,0.30035720604,0.48129491417,0.48955305769,0.32587650103,0.37782380855,0.15222011058,0.011835426126,0.26552617724,0.20914429586,0.32878113121,0.13375373375
444.5,0.15201469858,0.42227709143,0.38473493157,0.36082742212,0.44525987748,0.43405512537,0.48879503784,0.4028123959,0.38012817463,0.20948010322,0.48879642763,0.46830381806,0.38270052852,0.10732019789,0.37200251808,0.49559810266,0.409324764,0.30018212468,0.48126993066,0.48953702426,0.32571646151,0.37770120666,0.15201469858,0.011785471417,0.26533448093,0.20893711749,0.32862291829,0.13355377703
445.0,0.1518095633,0.42219306371,0.38461807551,0.3606918002,0.44519781513,0.43398217938,0.48877819526,0.40271085478,0.38000756316,0.20927329493,0.48877958655,0.46826512184,0.38258200257,0.10713342504,0.3718754333,0.495588731,0.40922896238,0.30000714525,0.48124494844,0.48952099135,0.32555650047,0.3775786445,0.1518095633,0.011735727531,0.26514292277,0.20873014414,0.32846478135,0.13335411883
445.5,0.15160470438,0.4221090527,0.3845012549,0.36055622923,0.44513576142,0.43390924565,0.48876135327,0.40260933923,0.37988698992,0.20906669075,0.48876274604,0.46822642882,0.38246351329,0.10694697697,0.37174839188,0.49557935951,0.40913318315,0.29983226772,0.48121996753,0.48950495897,0.32539661788,0.37745612208,0.15160470438,0.011686193579,0.26495150265,0.20852337562,0.32830672033,0.13315475872
446.0,0.15140012144,0.4220250584,0.38438446974,0.3604207092,0.44507371636,0.43383632416,0.48874451186,0.40250784925,0.37976645489,0.20886029049,0.48874590612,0.468187739,0.38234506066,0.10676085313,0.37162139378,0.49556998821,0.40903742631,0.29965749202,0.48119498791,0.48948892712,0.32523681371,0.37733363937,0.15140012144,0.011636868674,0.26476022049,0.20831681171,0.3281487352,0.13295569624
446.5,0.15119581412,0.42194108082,0.38426772002,0.36028524007,0.44501167994,0.43376341491,0.48872767102,0.40240638483,0.37964595806,0.20865409394,0.48872906678,0.46814905237,0.38222664467,0.10657505294,0.37149443901,0.49556061708,0.40894169187,0.29948281809,0.48117000958,0.48947289579,0.32507708791,0.37721119635,0.15119581412,0.011587751934,0.26456907618,0.20811045222,0.32799082593,0.13275693096
447.0,0.15099178205,0.42185711994,0.38415100573,0.36014982185,0.44494965217,0.43369051791,0.48871083077,0.40230494597,0.37952549942,0.20844810089,0.48871222802,0.46811036893,0.38210826531,0.10638957585,0.37136752754,0.49555124612,0.4088459798,0.29930824586,0.48114503256,0.48945686499,0.32491744044,0.37708879303,0.15099178205,0.011538842482,0.26437806962,0.20790429694,0.32783299248,0.13255846243
447.5,0.15078802485,0.42177317577,0.38403432686,0.36001445449,0.44488763304,0.43361763314,0.4886939911,0.40220353266,0.37940507897,0.20824231116,0.48869538983,0.46807168869,0.38198992257,0.10620442129,0.37124065936,0.49554187535,0.40875029011,0.29913377529,0.48112005682,0.48944083471,0.32475787127,0.37696642939,0.15078802485,0.011490139442,0.26418720071,0.20769834568,0.32767523481,0.13236029021
448.0,0.15058454216,0.4216892483,0.38391768339,0.359879138,0.44482562255,0.43354476062,0.488677152,0.40210214489,0.37928469667,0.20803672454,0.48867855223,0.46803301164,0.38187161643,0.10601958871,0.37111383445,0.49553250475,0.40865462279,0.29895940632,0.48109508239,0.48942480495,0.32459838037,0.37684410541,0.15058454216,0.011441641944,0.26399646936,0.20749259823,0.3275175529,0.13216241386
448.5,0.15038133361,0.42160533752,0.38380107532,0.35974387234,0.4447636207,0.43347190032,0.48866031349,0.40200078266,0.37916435253,0.20783134082,0.48866171521,0.46799433778,0.3817533469,0.10583507754,0.3709870528,0.49552313433,0.40855897784,0.29878513887,0.48107010925,0.48940877572,0.32443896768,0.37672182107,0.15038133361,0.011393349121,0.26380587546,0.20728705438,0.32735994669,0.13196483293
449.0,0.15017839883,0.42152144344,0.38368450264,0.35960865749,0.44470162749,0.43339905227,0.48864347556,0.40189944596,0.37904404653,0.20762615982,0.48864487877,0.46795566712,0.38163511395,0.10565088723,0.37086031439,0.49551376408,0.40846335525,0.29861097291,0.48104513741,0.48939274702,0.32427963318,0.37659957638,0.15017839883,0.011345260108,0.26361541892,0.20708171395,0.32720241616,0.131767547
449.5,0.14997573745,0.42143756606,0.38356796533,0.35947349345,0.44463964291,0.43332621644,0.4886266382,0.40179813478,0.37892377866,0.20742118132,0.4886280429,0.46791699964,0.38151691757,0.10546701722,0.37073361922,0.49550439402,0.40836775501,0.29843690835,0.48102016686,0.48937671884,0.32412037682,0.37647737131,0.14997573745,0.011297374046,0.26342509964,0.20687657673,0.32704496127,0.13157055562
450.0,0.1497733491,0.42135370536,0.38345146338,0.35933838019,0.44457766698,0.43325339285,0.48860980143,0.40169684912,0.37880354891,0.20721640513,0.48861120762,0.46787833536,0.38139875775,0.10528346695,0.37060696726,0.49549502413,0.40827217713,0.29826294516,0.48099519761,0.48936069118,0.32396119857,0.37635520585,0.1497733491,0.011249690079,0.26323491751,0.20667164251,0.32688758199,0.13137385834
450.5,0.14957123343,0.42126986134,0.38333499679,0.35920331769,0.44451569967,0.43318058148,0.48859296524,0.40159558898,0.37868335727,0.20701183105,0.48859437292,0.46783967427,0.38128063448,0.10510023588,0.3704803585,0.49548565441,0.40817662159,0.29808908326,0.48097022965,0.48934466405,0.32380209838,0.37623308,0.14957123343,0.011202207353,0.26304487245,0.20646691111,0.32673027827,0.13117745474
451.0,0.14936939006,0.42118603401,0.38321856553,0.35906830593,0.444453741,0.43310778234,0.48857612962,0.40149435433,0.37856320371,0.20680745888,0.48857753879,0.46780101638,0.38116254776,0.10491732343,0.37035379293,0.49547628488,0.40808108839,0.2979153226,0.48094526299,0.48932863745,0.32364307623,0.37611099372,0.14936939006,0.011154925021,0.26285496435,0.2062623823,0.32657305008,0.13098134438
451.5,0.14916781862,0.42110222335,0.38310216962,0.35893334489,0.44439179096,0.43303499542,0.48855929459,0.40139314519,0.37844308824,0.20660328843,0.48856070525,0.46776236167,0.38104449756,0.10473472907,0.37022727053,0.49546691552,0.40798557752,0.29774166313,0.48092029763,0.48931261137,0.32348413207,0.37598894703,0.14916781862,0.011107842235,0.26266519312,0.20605805591,0.32641589739,0.13078552681
452.0,0.14896651876,0.42101842937,0.38298580902,0.35879843455,0.44432984956,0.43296222072,0.48854246014,0.40129196153,0.37832301084,0.20639931948,0.48854387229,0.46772371016,0.38092648388,0.10455245225,0.37010079128,0.49545754634,0.40789008899,0.29756810477,0.48089533356,0.48929658581,0.32332526586,0.37586693989,0.14896651876,0.011060958155,0.26247555865,0.20585393172,0.32625882015,0.13059000161
452.5,0.14876549011,0.42093465206,0.38286948373,0.3586635749,0.44426791678,0.43288945824,0.48852562627,0.40119080337,0.37820297149,0.20619555184,0.4885270399,0.46768506183,0.3808085067,0.10437049239,0.36997435518,0.49544817733,0.40779462278,0.29739464748,0.48087037079,0.48928056078,0.32316647756,0.3757449723,0.14876549011,0.011014271942,0.26228606085,0.20565000954,0.32610181834,0.13039476833
453.0,0.14856473229,0.42085089142,0.38275319374,0.35852876592,0.44420599264,0.43281670798,0.48850879297,0.40108967068,0.37808297019,0.20599198533,0.4885102081,0.4676464167,0.38069056602,0.10418884897,0.36984796221,0.4954388085,0.40769917889,0.29722129119,0.48084540931,0.48926453627,0.32300776715,0.37562304425,0.14856473229,0.01096778276,0.26209669962,0.20544628917,0.32594489192,0.13019982655
453.5,0.14836424496,0.42076714744,0.38263693904,0.35839400758,0.44414407712,0.43274396994,0.48849196026,0.40098856346,0.37796300693,0.20578861972,0.48849337687,0.46760777476,0.38057266183,0.10400752143,0.36972161234,0.49542943985,0.40760375731,0.29704803584,0.48082044913,0.48924851229,0.32284913457,0.37550115572,0.14836424496,0.010921489779,0.26190747486,0.20524277041,0.32578804084,0.13000517582
454.0,0.14816402775,0.42068342013,0.38252071962,0.35825929987,0.44408217022,0.43267124411,0.48847512813,0.40088748171,0.37784308168,0.20558545484,0.48847654623,0.467569136,0.3804547941,0.10382650921,0.36959530558,0.49542007138,0.40750835804,0.29687488139,0.48079549024,0.48923248883,0.3226905798,0.37537930669,0.14816402775,0.010875392171,0.26171838647,0.20503945305,0.32563126508,0.12981081572
454.5,0.14796408028,0.42059970947,0.38240453547,0.35812464277,0.44402027196,0.43259853049,0.48845829657,0.40078642542,0.37772319444,0.20538249047,0.48845971617,0.46753050044,0.38033696284,0.10364581178,0.3694690419,0.49541070308,0.40741298108,0.29670182776,0.48077053265,0.4892164659,0.32253210279,0.37525749717,0.14796408028,0.010829489111,0.26152943436,0.20483633691,0.3254745646,0.12961674582
455.0,0.14776440221,0.42051601547,0.38228838657,0.35799003626,0.44395838231,0.43252582908,0.4884414656,0.40068539458,0.3776033452,0.20517972643,0.48844288668,0.46749186807,0.38021916802,0.10346542858,0.36934282128,0.49540133497,0.40731762641,0.2965288749,0.48074557635,0.48920044349,0.3223737035,0.37513572713,0.14776440221,0.010783779779,0.26134061843,0.20463342177,0.32531793937,0.12942296567
455.5,0.14756499317,0.42043233812,0.38217227292,0.35785548032,0.44389650129,0.43245313987,0.48842463521,0.40058438919,0.37748353395,0.20497716251,0.48842605778,0.46745323888,0.38010140965,0.10328535908,0.36921664373,0.49539196702,0.40722229404,0.29635602275,0.48072062135,0.48918442161,0.3222153819,0.37501399656,0.14756499317,0.010738263357,0.26115193857,0.20443070746,0.32516138934,0.12922947485
456.0,0.1473658528,0.42034867741,0.38205619451,0.35772097493,0.44383462889,0.43238046287,0.48840780539,0.40048340925,0.37736376067,0.20477479851,0.48840922945,0.46741461289,0.3799836877,0.10310560272,0.36909050921,0.49538259926,0.40712698395,0.29618327126,0.48069566765,0.48916840025,0.32205713795,0.37489230545,0.1473658528,0.010692939031,0.2609633947,0.20422819375,0.32500491448,0.12903627293
456.5,0.14716698073,0.42026503335,0.38194015132,0.35758652007,0.44377276511,0.43230779808,0.48839097616,0.40038245473,0.37724402535,0.20457263425,0.4883924017,0.46737599008,0.37986600216,0.10292615896,0.36896441771,0.49537323167,0.40703169615,0.29601062035,0.48067071524,0.48915237942,0.32189897161,0.37477065378,0.14716698073,0.01064780599,0.26077498672,0.20402588046,0.32484851475,0.12884335948
457.0,0.14696837661,0.42018140594,0.38182414335,0.35745211573,0.44371090996,0.43223514548,0.4883741475,0.40028152564,0.37712432797,0.20437066952,0.48837557454,0.46733737046,0.37974835303,0.10274702726,0.36883836923,0.49536386426,0.40693643063,0.29583806999,0.48064576412,0.48913635911,0.32174088284,0.37464904155,0.14696837661,0.010602863428,0.26058671452,0.20382376739,0.32469219013,0.12865073407
457.5,0.14677004008,0.42009779516,0.38170817057,0.35731776188,0.44364906341,0.43216250509,0.48835731943,0.40018062198,0.37700466854,0.20416890413,0.48835874795,0.46729875403,0.3796307403,0.10256820708,0.36871236374,0.49535449703,0.40684118738,0.2956656201,0.4806208143,0.48912033932,0.32158287161,0.37452746874,0.14677004008,0.010558110541,0.26039857801,0.20362185434,0.32453594056,0.12845839626
458.0,0.14657197077,0.42001420101,0.381592233,0.3571834585,0.44358722549,0.43208987689,0.48834049194,0.40007974373,0.37688504703,0.20396733787,0.48834192194,0.46726014079,0.37951316394,0.10238969788,0.36858640123,0.49534512997,0.40674596639,0.29549327063,0.48059586577,0.48910432006,0.32142493788,0.37440593534,0.14657197077,0.010513546528,0.26021057709,0.20342014112,0.32437976603,0.12826634564
458.5,0.14637416834,0.4199306235,0.3814763306,0.35704920559,0.44352539618,0.43201726089,0.48832366502,0.39997889089,0.37676546343,0.20376597056,0.48832509652,0.46722153073,0.37939562396,0.10221149911,0.36846048168,0.49533576309,0.40665076767,0.29532102152,0.48057091854,0.48908830133,0.32126708161,0.37428444133,0.14637416834,0.010469170592,0.26002271167,0.20321862752,0.32422366648,0.12807458177
459.0,0.14617663241,0.41984706261,0.38136046338,0.35691500311,0.44346357549,0.43194465707,0.48830683869,0.39987806345,0.37664591774,0.20356480199,0.48830827167,0.46718292386,0.37927812034,0.10203361024,0.36833460509,0.49532639639,0.4065555912,0.29514887271,0.4805459726,0.48907228312,0.32110930275,0.3741629867,0.14617663241,0.01042498194,0.25983498164,0.20301731335,0.32406764189,0.12788310422
459.5,0.14597936264,0.41976351835,0.38124463131,0.35678085105,0.44340176341,0.43187206545,0.48829001293,0.39977726141,0.37652640993,0.20336383198,0.4882914474,0.46714432018,0.37916065306,0.10185603073,0.36820877144,0.49531702987,0.40646043699,0.29497682415,0.48052102796,0.48905626543,0.32095160129,0.37404157144,0.14597936264,0.010380979782,0.25964738692,0.20281619841,0.32391169222,0.12769191258
460.0,0.14578235866,0.41967999072,0.3811288344,0.35664674939,0.44333995994,0.43179948602,0.48827318775,0.39967648475,0.37640694,0.20316306032,0.48827462371,0.46710571969,0.37904322212,0.10167876004,0.36808298071,0.49530766352,0.40636530502,0.29480487577,0.48049608461,0.48904024827,0.32079397716,0.37392019554,0.14578235866,0.01033716333,0.25945992739,0.20261528251,0.32375581744,0.12750100641
460.5,0.14558562012,0.4195964797,0.38101307262,0.35651269811,0.44327816508,0.43172691878,0.48825636316,0.39957573348,0.37628750794,0.20296248682,0.4882578006,0.46706712238,0.37892582751,0.10150179764,0.36795723288,0.49529829735,0.40627019529,0.29463302752,0.48047114256,0.48902423163,0.32063643035,0.37379885899,0.14558562012,0.010293531802,0.25927260298,0.20241456544,0.3236000175,0.12731038529
461.0,0.14538914666,0.41951298529,0.38089734598,0.35637869719,0.44321637883,0.43165436372,0.48823953914,0.39947500759,0.37616811373,0.20276211128,0.48824097807,0.46702852826,0.37880846922,0.10132514299,0.36783152795,0.49528893135,0.4061751078,0.29446127933,0.4804462018,0.48900821552,0.3204789608,0.37367756176,0.14538914666,0.010250084416,0.25908541357,0.20221404702,0.32344429238,0.12712004879
461.5,0.14519293793,0.4194295075,0.38078165445,0.35624474662,0.44315460119,0.43158182084,0.4882227157,0.39937430706,0.37604875736,0.20256193351,0.48822415612,0.46698993733,0.37869114722,0.10114879555,0.3677058659,0.49527956554,0.40608004254,0.29428963116,0.48042126233,0.48899219993,0.32032156849,0.37355630385,0.14519293793,0.010206820396,0.25889835907,0.20201372704,0.32328864203,0.12692999649
462.0,0.14499699357,0.41934604631,0.38066599803,0.35611084637,0.44309283216,0.43150929014,0.48820589285,0.39927363191,0.37592943881,0.20236195332,0.48820733475,0.46695134958,0.37857386152,0.1009727548,0.36758024671,0.4952701999,0.40598499951,0.29411808295,0.48039632416,0.48897618487,0.32016425337,0.37343508525,0.14499699357,0.010163738968,0.25871143939,0.20181360531,0.32313306642,0.12674022797
462.5,0.14480131322,0.41926260173,0.38055037671,0.35597699643,0.44303107173,0.43143677163,0.48818907057,0.3991729821,0.37581015809,0.2021621705,0.48819051396,0.46691276502,0.3784566121,0.1007970202,0.36745467037,0.49526083444,0.4058899787,0.29394663462,0.48037138729,0.48896017033,0.32000701541,0.37331390594,0.14480131322,0.010120839362,0.25852465443,0.20161368164,0.32297756552,0.12655074281
463.0,0.14460589653,0.41917917376,0.38043479048,0.35584319677,0.44296931991,0.43136426528,0.48817224887,0.39907235765,0.37569091517,0.20196258486,0.48817369375,0.46687418364,0.37833939895,0.10062159121,0.36732913687,0.49525146915,0.4057949801,0.29377528614,0.4803464517,0.48894415631,0.31984985457,0.37319276591,0.14460589653,0.01007812081,0.25833800409,0.20141395583,0.32282213928,0.12636154058
463.5,0.14441074315,0.41909576238,0.38031923932,0.35570944738,0.44290757669,0.43129177112,0.48815542775,0.39897175855,0.37557171005,0.20176319622,0.48815687411,0.46683560544,0.37822222206,0.10044646732,0.36720364619,0.49524210404,0.40570000371,0.29360403743,0.48032151742,0.48892814282,0.31969277081,0.37307166515,0.14441074315,0.010035582548,0.25815148827,0.20121442767,0.32266678768,0.12617262085
464.0,0.14421585273,0.41901236759,0.38020372322,0.35557574824,0.44284584208,0.43121928912,0.48813860721,0.39887118478,0.3754525427,0.20156400437,0.48814005506,0.46679703044,0.37810508142,0.10027164798,0.36707819831,0.49523273911,0.40560504953,0.29343288844,0.48029658442,0.48891212985,0.3195357641,0.37295060364,0.14421585273,0.0099932238167,0.25796510688,0.20101509699,0.32251151068,0.12598398322
464.5,0.1440212249,0.4189289894,0.38008824218,0.35544209933,0.44278411606,0.4311468193,0.48812178725,0.39877063635,0.37533341313,0.20136500912,0.48812323658,0.46675845861,0.37798797701,0.10009713267,0.36695279322,0.49522337436,0.40551011754,0.29326183912,0.48027165272,0.48889611741,0.31937883438,0.37282958138,0.1440212249,0.0099510438571,0.25777885982,0.20081596358,0.32235630824,0.12579562726
465.0,0.14382685932,0.4188456278,0.37997279619,0.35530850063,0.44272239865,0.43107436164,0.48810496787,0.39867011324,0.37521432131,0.20116621027,0.48810641869,0.46671988997,0.37787090883,0.099922920868,0.36682743091,0.49521400978,0.40541520776,0.2930908894,0.48024672232,0.48888010549,0.31922198164,0.37270859835,0.14382685932,0.0099090419153,0.257592747,0.20061702725,0.32220118033,0.12560755255
465.5,0.14363275563,0.41876228278,0.37985738523,0.35517495212,0.44266068984,0.43100191615,0.48808814907,0.39856961545,0.37509526724,0.20096760764,0.48808960137,0.46668132452,0.37775387686,0.099749012037,0.36670211137,0.49520464538,0.40532032016,0.29292003922,0.4802217932,0.4888640941,0.31906520583,0.37258765453,0.14363275563,0.0098672172401,0.25740676832,0.20041828779,0.3220461269,0.12541975867
466.0,0.14343891348,0.41867895434,0.37974200929,0.35504145379,0.44259898962,0.43092948283,0.48807133085,0.39846914297,0.3749762509,0.20076920103,0.48807278464,0.46664276225,0.3776368811,0.099575405654,0.36657683456,0.49519528116,0.40522545474,0.29274928854,0.48019686538,0.48884808323,0.31890850691,0.37246674991,0.14343891348,0.0098255690835,0.25722092367,0.20021974503,0.32189114794,0.12523224521
466.5,0.14324533253,0.41859564248,0.37962666836,0.35490800561,0.442537298,0.43085706166,0.48805451321,0.3983686958,0.37485727229,0.20057099025,0.48805596848,0.46660420316,0.37751992152,0.099402101194,0.3664516005,0.49518591711,0.40513061151,0.29257863729,0.48017193886,0.48883207289,0.31875188485,0.37234588449,0.14324533253,0.0097840967008,0.25703521298,0.20002139877,0.32173624339,0.12504501174
467.0,0.14305201242,0.4185123472,0.37951136243,0.35477460757,0.44247561497,0.43078465266,0.48803769615,0.39826827393,0.37473833138,0.20037297509,0.4880391529,0.46656564725,0.37740299813,0.099229098133,0.36632640915,0.49517655324,0.40503579045,0.29240808541,0.48014701363,0.48881606307,0.3185953396,0.37222505825,0.14305201242,0.0097427993501,0.25684963613,0.1998232488,0.32158141322,0.12485805785
467.5,0.14285895279,0.41842906849,0.3793960915,0.35464125964,0.44241394054,0.43071225582,0.48802087966,0.39816787735,0.37461942817,0.20017515538,0.4880223379,0.46652709453,0.37728611091,0.099056395947,0.3662012605,0.49516718955,0.40494099155,0.29223763285,0.48012208969,0.48880005377,0.31843887114,0.37210427117,0.14285895279,0.009701676293,0.25666419304,0.19962529494,0.32142665741,0.12467138312
468.0,0.14266615331,0.41834580635,0.37928085554,0.35450796181,0.4423522747,0.43063987113,0.48800406376,0.39806750607,0.37450056265,0.19997753092,0.48800552348,0.46648854499,0.37716925984,0.098883994115,0.36607615455,0.49515782603,0.40484621482,0.29206727954,0.48009716704,0.488784045,0.31828247942,0.37198352325,0.14266615331,0.0096607267939,0.2564788836,0.19942753699,0.32127197591,0.12448498714
468.5,0.14247361362,0.41826256078,0.37916565456,0.35437471406,0.44229061745,0.43056749859,0.48798724843,0.39796716006,0.3743817348,0.19978010151,0.48798870964,0.46644999863,0.37705244492,0.098711892113,0.36595109127,0.4951484627,0.40475146025,0.29189702544,0.48007224569,0.48876803675,0.3181261644,0.37186281446,0.14247361362,0.0096199501206,0.25629370773,0.19922997476,0.32111736868,0.12429886949
469.0,0.14228133337,0.41817933176,0.37905048853,0.35424151637,0.4422289688,0.43049513821,0.48797043369,0.39786683933,0.37426294461,0.19958286696,0.48797189638,0.46641145546,0.37693566614,0.098540089423,0.36582607065,0.49513909954,0.40465672784,0.29172687048,0.48004732563,0.48875202902,0.31796992605,0.37174214481,0.14228133337,0.0095793455438,0.25610866532,0.19903260806,0.3209628357,0.12411302975
469.5,0.14208931222,0.41809611931,0.37893535745,0.35410836873,0.44216732873,0.43042278998,0.48795361952,0.39776654386,0.37414419208,0.19938582708,0.4879550837,0.46637291546,0.37681892348,0.098368585523,0.36570109267,0.49512973655,0.40456201757,0.2915568146,0.48002240687,0.48873602182,0.31781376433,0.37162151427,0.14208931222,0.0095389123372,0.25592375628,0.19883543669,0.32080837692,0.12392746752
470.0,0.1418975498,0.41801292341,0.37882026131,0.3539752711,0.44210569725,0.43035045389,0.48793680594,0.39766627366,0.37402547718,0.19918898168,0.4879382716,0.46633437865,0.37670221694,0.098197379896,0.36557615733,0.49512037374,0.40446732944,0.29138685775,0.4799974894,0.48872001515,0.31765767921,0.37150092283,0.1418975498,0.0094986497777,0.25573898052,0.19863846046,0.32065399232,0.12374218238
470.5,0.14170604579,0.41792974406,0.3787052001,0.35384222348,0.44204407436,0.43027812996,0.48791999293,0.39756602872,0.37390679991,0.19899233056,0.48792146007,0.46629584502,0.3765855465,0.098026472023,0.3654512646,0.49511101112,0.40437266345,0.29121699988,0.47997257322,0.488704009,0.31750167063,0.37138037048,0.14170604579,0.0094585571454,0.25555433793,0.19844167918,0.32049968185,0.12355717392
471.0,0.14151479983,0.41784658126,0.37859017381,0.35370922585,0.44198246006,0.43020581816,0.4879031805,0.39746580902,0.37378816025,0.19879587354,0.48790464913,0.46625731457,0.37646891215,0.097855861387,0.36532641448,0.49510164866,0.40427801959,0.29104724091,0.47994765833,0.48868800337,0.31734573858,0.37125985721,0.14151479983,0.009418633723,0.25536982843,0.19824509265,0.32034544548,0.12337244172
471.5,0.14132381157,0.41776343501,0.37847518242,0.35357627818,0.44192085433,0.43013351851,0.48788636865,0.39736561457,0.37366955819,0.19859961042,0.48788783876,0.4662187873,0.37635231388,0.097685547471,0.36520160695,0.49509228639,0.40418339786,0.2908775808,0.47992274474,0.48867199827,0.31718988301,0.37113938301,0.14132381157,0.0093788787967,0.25518545191,0.19804870068,0.32019128318,0.12318798537
472.0,0.14113308067,0.4176803053,0.37836022592,0.35344338046,0.4418592572,0.43006123099,0.48786955738,0.39726544535,0.37355099373,0.19840354101,0.48787102898,0.46618026321,0.37623575167,0.097515529762,0.36507684198,0.49508292429,0.40408879826,0.29070801949,0.47989783244,0.48865599369,0.31703410388,0.37101894786,0.14113308067,0.0093392916555,0.25500120829,0.19785250308,0.3200371949,0.12300380447
472.5,0.14094260678,0.41759719213,0.37824530432,0.35331053267,0.44179766864,0.42998895562,0.48785274669,0.39716530136,0.37343246684,0.19820766513,0.48785421977,0.46614174231,0.37611922553,0.097345807743,0.36495211958,0.49507356237,0.40399422077,0.29053855691,0.47987292143,0.48863998963,0.31687840115,0.37089855174,0.14094260678,0.0092998715912,0.25481709746,0.19765649966,0.31988318062,0.1228198986
473.0,0.14075238956,0.4175140955,0.37813041758,0.35317773479,0.44173608866,0.42991669238,0.48783593658,0.3970651826,0.37331397753,0.19801198257,0.48783741114,0.46610322458,0.37600273544,0.097176380903,0.36482743972,0.49506420062,0.40389966539,0.29036919302,0.47984801172,0.4886239861,0.3167227748,0.37077819466,0.14075238956,0.009260617899,0.25463311933,0.19746069023,0.31972924029,0.12263626735
473.5,0.14056242866,0.4174310154,0.37801556571,0.3530449868,0.44167451727,0.42984444127,0.48781912705,0.39696508906,0.37319552576,0.19781649315,0.48782060309,0.46606471003,0.37588628137,0.097007248727,0.36470280239,0.49505483905,0.40380513212,0.29019992776,0.4798231033,0.48860798309,0.31656722477,0.37065787659,0.14056242866,0.0092215298767,0.25444927381,0.19726507459,0.31957537389,0.12245291031
474.0,0.14037272374,0.41734795182,0.37790074869,0.35291228869,0.44161295445,0.4297722023,0.48780231809,0.39686502073,0.37307711154,0.19762119668,0.48780379562,0.46602619866,0.37576986334,0.096838410705,0.36457820758,0.49504547766,0.40371062095,0.29003076106,0.47979819617,0.48859198061,0.31641175104,0.37053759752,0.14037272374,0.0091826068254,0.25426556079,0.19706965256,0.31942158138,0.12226982708
474.5,0.14018327446,0.41726490478,0.37778596652,0.35277964043,0.44155140021,0.42969997546,0.48778550972,0.3967649776,0.37295873485,0.19742609297,0.48778698873,0.46598769047,0.37565348132,0.096669866325,0.36445365527,0.49503611645,0.40361613188,0.28986169287,0.47977329033,0.48857597865,0.31625635356,0.37041735743,0.14018327446,0.0091438480488,0.2540819802,0.19687442393,0.31926786272,0.12208701724
475.0,0.13999408046,0.41718187425,0.37767121918,0.352647042,0.44148985455,0.42962776074,0.48776870192,0.39666495967,0.37284039568,0.19723118182,0.48777018241,0.46594918546,0.37553713529,0.096501615078,0.36432914544,0.49502675541,0.4035216649,0.28969272314,0.47974838579,0.48855997722,0.3161010323,0.37029715633,0.13999408046,0.0091052528537,0.25389853192,0.19667938853,0.31911421788,0.1219044804
475.5,0.13980514141,0.41709886025,0.37755650666,0.35251449339,0.44142831746,0.42955555815,0.48775189471,0.39656496693,0.37272209402,0.19703646306,0.48775337668,0.46591068363,0.37542082526,0.096333656454,0.36420467809,0.49501739455,0.40342722,0.28952385181,0.47972348254,0.48854397631,0.31594578723,0.37017699419,0.13980514141,0.00906682055,0.25371521586,0.19648454616,0.31896064682,0.12172221613
476.0,0.13961645697,0.41701586276,0.37744182895,0.35238199458,0.44136678895,0.42948336768,0.48773508807,0.39646499938,0.37260382985,0.19684193648,0.48773657152,0.46587218498,0.37530455122,0.096165989945,0.36408025319,0.49500803387,0.40333279719,0.28935507881,0.47969858058,0.48852797592,0.3157906183,0.370056871,0.13961645697,0.0090285504501,0.25353203194,0.19628989662,0.3188071495,0.12154022405
476.5,0.13942802678,0.41693288178,0.37732718604,0.35224954555,0.44130526901,0.42941118933,0.48771828201,0.39636505701,0.37248560317,0.1966476019,0.48771976695,0.4658336895,0.37518831314,0.095998615045,0.36395587074,0.49499867336,0.40323839645,0.2891864041,0.47967367991,0.48851197606,0.31563552547,0.36993678675,0.13942802678,0.0089904418698,0.25334898005,0.19609543974,0.3186537259,0.12135850373
477.0,0.13923985053,0.41684991732,0.37721257792,0.35211714628,0.44124375763,0.42933902311,0.48770147653,0.39626513981,0.37236741396,0.19645345913,0.48770296295,0.46579519721,0.37507211101,0.095831531246,0.36383153072,0.49498931303,0.40314401778,0.28901782761,0.47964878054,0.48849597672,0.31548050872,0.36981674142,0.13923985053,0.0089524941274,0.2531660601,0.19590117531,0.31850037597,0.12117705479
477.5,0.13905192785,0.41676696936,0.37709800459,0.35198479675,0.44118225483,0.429266869,0.48768467163,0.39616524778,0.37224926221,0.19625950797,0.48768615953,0.46575670809,0.37495594484,0.095664738043,0.36370723311,0.49497995288,0.40304966118,0.28884934928,0.47962388245,0.4884799779,0.31532556799,0.36969673501,0.13905192785,0.0089147065441,0.252983272,0.19570710315,0.31834709969,0.1209958768
478.0,0.13886425841,0.4166840379,0.37698346602,0.35185249695,0.4411207606,0.42919472701,0.48766786731,0.39606538091,0.3721311479,0.19606574825,0.48766935669,0.46571822215,0.3748398146,0.095498234931,0.3635829779,0.49497059291,0.40295532664,0.28868096907,0.47959898566,0.48846397961,0.31517070327,0.3695767675,0.13886425841,0.0088770784443,0.25280061564,0.19551322307,0.31819389701,0.12081496938
478.5,0.13867684187,0.41660112295,0.3768689622,0.35172024685,0.44105927494,0.42912259712,0.48765106357,0.39596553919,0.37201307104,0.19587217978,0.48765255443,0.46567973938,0.37472372028,0.095332021407,0.36345876507,0.49496123311,0.40286101415,0.28851268692,0.47957409017,0.48844798184,0.3150159145,0.36945683888,0.13867684187,0.0088396091548,0.25261809095,0.19531953488,0.3180407679,0.12063433211
479.0,0.13848967789,0.41651822449,0.37675449314,0.35158804643,0.44099779784,0.42905047936,0.48763426041,0.39586572263,0.37189503159,0.19567880235,0.48763575275,0.46564125979,0.37460766188,0.095166096968,0.36333459462,0.49495187349,0.40276672371,0.28834450276,0.47954919596,0.4884319846,0.31486120165,0.36933694914,0.13848967789,0.0088022980056,0.25243569781,0.19512603839,0.31788771232,0.12045396459
479.5,0.13830276613,0.41643534252,0.37664005882,0.35145589569,0.44093632931,0.4289783737,0.48761745782,0.3957659312,0.37177702957,0.19548561579,0.48761895164,0.46560278338,0.37449163938,0.095000461111,0.36321046653,0.49494251404,0.40267245532,0.28817641654,0.47952430305,0.48841598788,0.31470656469,0.36921709825,0.13830276613,0.0087651443293,0.25225343614,0.19493273341,0.31773473025,0.12027386642
480.0,0.13811610625,0.41635247704,0.37652565922,0.35132379459,0.44087486934,0.42890628014,0.48760065582,0.39566616491,0.37165906494,0.1952926199,0.48760215112,0.46556431015,0.37437565277,0.094835113335,0.36308638077,0.49493315478,0.40257820897,0.2880084282,0.47949941142,0.48839999168,0.31455200357,0.36909728622,0.13811610625,0.0087281474614,0.25207130584,0.19473961974,0.31758182164,0.12009403721
480.5,0.13792969791,0.41626962805,0.37641129433,0.35119174312,0.44081341794,0.4288341987,0.48758385439,0.39556642375,0.3715411377,0.19509981451,0.48758535117,0.46552584009,0.37425970204,0.094670053141,0.36296233735,0.49492379569,0.40248398465,0.28784053769,0.47947452109,0.48838399601,0.31439751826,0.36897751303,0.13792969791,0.0086913067403,0.25188930682,0.19454669721,0.31742898646,0.11991447654
481.0,0.13774354078,0.41618679554,0.37629696416,0.35105974126,0.4407519751,0.42876212935,0.48756705354,0.39546670771,0.37142324784,0.19490719941,0.4875685518,0.4654873732,0.37414378718,0.094505280027,0.36283833624,0.49491443677,0.40238978237,0.28767274495,0.47944963205,0.48836800086,0.31424310873,0.36885777866,0.13774354078,0.008654621507,0.25170743899,0.19435396562,0.31727622467,0.11973518402
481.5,0.13755763452,0.41610397952,0.37618266868,0.350927789,0.44069054082,0.42869007211,0.48755025327,0.39536701679,0.37130539534,0.19471477443,0.48755175302,0.4654489095,0.37402790818,0.094340793497,0.36271437742,0.49490507804,0.4022956021,0.28750504992,0.47942474431,0.48835200624,0.31408877493,0.3687380831,0.13755763452,0.0086180911053,0.25152570224,0.19416142479,0.31712353624,0.11955615926
482.0,0.13737197879,0.41602117997,0.37606840788,0.35079588631,0.4406291151,0.42861802697,0.48753345358,0.39526735098,0.3711875802,0.19452253937,0.48753495481,0.46541044897,0.37391206503,0.094176593052,0.3625904609,0.49489571948,0.40220144386,0.28733745254,0.47939985785,0.48833601213,0.31393451683,0.36861842634,0.13737197879,0.008581714882,0.25134409649,0.19396907452,0.31697092114,0.11937740184
482.5,0.13718657325,0.41593839689,0.37595418176,0.35066403318,0.44056769793,0.42854599392,0.48751665447,0.39516771027,0.37106980239,0.19433049405,0.48751815717,0.46537199161,0.37379625771,0.094012678195,0.36246658664,0.4948863611,0.40210730763,0.28716995277,0.47937497269,0.48832001856,0.31378033439,0.36849880838,0.13718657325,0.0085454921864,0.25116262164,0.19377691463,0.31681837933,0.11919891138
483.0,0.13700141757,0.41585563028,0.3758399903,0.35053222958,0.44050628933,0.42847397297,0.48749985594,0.39506809466,0.37095206192,0.19413863829,0.48750136012,0.46533353743,0.37368048622,0.093849048431,0.36234275464,0.49487700289,0.40201319341,0.28700255053,0.47935008881,0.4883040255,0.31362622757,0.36837922918,0.13700141757,0.0085094223707,0.2509812776,0.19358494493,0.31666591077,0.11902068747
483.5,0.13681651141,0.41577288014,0.37572583349,0.3504004755,0.44044488927,0.42840196411,0.48748305799,0.39496850414,0.37083435877,0.19394697188,0.48748456365,0.46529508642,0.37356475054,0.093685703264,0.36221896488,0.49486764486,0.40191910119,0.28683524579,0.47932520623,0.48828803297,0.31347219634,0.36825968875,0.13681651141,0.0084735047897,0.25080006427,0.19339316523,0.31651351543,0.11884272972
484.0,0.13663185444,0.41569014647,0.37561171133,0.35026877092,0.44038349778,0.42832996735,0.48746626061,0.3948689387,0.37071669292,0.19375549465,0.48746776775,0.46525663858,0.37344905066,0.0935226422,0.36209521735,0.49485828701,0.40182503097,0.28666803847,0.47930032494,0.48827204097,0.31331824067,0.36814018707,0.13663185444,0.0084377388011,0.25061898155,0.19320157534,0.31636119328,0.11866503773
484.5,0.13644744632,0.41560742925,0.3754976238,0.35013711583,0.44032211484,0.42825798267,0.48744946381,0.39476939835,0.37059906437,0.19356420641,0.48745097243,0.46521819393,0.37333338658,0.093359864745,0.36197151203,0.49484892934,0.40173098275,0.28650092852,0.47927544494,0.48825604948,0.3131643605,0.36802072413,0.13644744632,0.008402123765,0.25043802937,0.19301017508,0.31620894428,0.11848761111
485.0,0.13626328672,0.41552472849,0.37538357089,0.35000551019,0.44026074045,0.42818601008,0.4874326676,0.39466988306,0.3704814731,0.19337310698,0.48743417769,0.46517975244,0.37321775828,0.093197370407,0.3618478489,0.49483957184,0.40163695651,0.28633391589,0.47925056624,0.48824005853,0.31301055582,0.36790129991,0.13626328672,0.0083666590446,0.25025720762,0.19281896426,0.31605676839,0.11831044946
485.5,0.1360793753,0.41544204419,0.3752695526,0.349873954,0.44019937461,0.42811404957,0.48741587196,0.39457039284,0.3703639191,0.19318219616,0.48741738353,0.46514131413,0.37310216574,0.093035158694,0.36172422797,0.49483021452,0.40154295226,0.28616700052,0.47922568882,0.48822406809,0.31285682657,0.36778191441,0.1360793753,0.0083313440056,0.2500765162,0.19262794269,0.31590466558,0.11813355238
486.0,0.13589571173,0.41535937633,0.3751555689,0.34974244724,0.44013801732,0.42804210115,0.48739907689,0.39447092769,0.37024640236,0.19299147378,0.48740058995,0.46510287899,0.37298660897,0.092873229116,0.3616006492,0.49482085737,0.40144896999,0.28600018235,0.47920081269,0.48820807818,0.31270317272,0.3676625676,0.13589571173,0.0082961780162,0.24989595503,0.19243711018,0.31575263581,0.11795691948
486.5,0.13571229568,0.41527672493,0.3750416198,0.34961098988,0.44007666858,0.42797016481,0.48738228241,0.39437148758,0.37012892287,0.19280093964,0.48738379695,0.46506444702,0.37287108794,0.092711581181,0.36147711259,0.49481150041,0.40135500968,0.28583346133,0.47917593786,0.48819208879,0.31254959425,0.36754325949,0.13571229568,0.0082611604475,0.24971552401,0.19224646655,0.31560067905,0.11778055037
487.0,0.13552912682,0.41519408996,0.37492770527,0.34947958191,0.44001532839,0.42789824055,0.48736548851,0.39427207252,0.37001148061,0.19261059356,0.48736700452,0.46502601823,0.37275560265,0.092550214402,0.36135361812,0.49480214362,0.40126107135,0.28566683739,0.47915106432,0.48817609992,0.3123960911,0.36742399005,0.13552912682,0.0082262906732,0.24953522305,0.19205601162,0.31544879527,0.11760444466
487.5,0.1353462048,0.41511147144,0.37481382531,0.34934822331,0.43995399674,0.42782632836,0.48734869518,0.39417268251,0.36989407558,0.19242043535,0.48735021268,0.46498759261,0.37264015308,0.09238912829,0.36123016578,0.494792787,0.40116715498,0.28550031049,0.47912619206,0.48816011158,0.31224266324,0.36730475927,0.1353462048,0.0081915680697,0.24935505205,0.19186574518,0.31529698443,0.11742860194
488.0,0.13516352931,0.41502886936,0.37469997992,0.34921691407,0.43989267364,0.42775442825,0.48733190244,0.39407331752,0.36977670776,0.19223046484,0.48733342141,0.46494917016,0.37252473923,0.092228322356,0.36110675555,0.49478343057,0.40107326057,0.28533388057,0.4791013211,0.48814412377,0.31208931064,0.36718556714,0.13516352931,0.0081569920158,0.24917501092,0.19167566707,0.31514524649,0.11725302184
488.5,0.13498110001,0.41494628371,0.37458616907,0.34908565415,0.43983135908,0.42768254021,0.48731511027,0.39397397757,0.36965937714,0.19204068183,0.48731663072,0.46491075088,0.37240936108,0.092067796116,0.36098338741,0.49477407431,0.40097938811,0.28516754757,0.47907645143,0.48812813647,0.31193603325,0.36706641364,0.13498110001,0.0081225618932,0.24899509957,0.19148577709,0.31499358142,0.11707770396
489.0,0.13479891657,0.41486371449,0.37447239276,0.34895444355,0.43977005307,0.42761066424,0.48729831868,0.39387466264,0.36954208371,0.19185108613,0.48729984061,0.46487233478,0.37229401863,0.091907549082,0.36086006137,0.49476471823,0.40088553759,0.28500131143,0.47905158305,0.4881121497,0.31178283105,0.36694729878,0.13479891657,0.0080882770861,0.2488153179,0.19129607506,0.31484198919,0.1169026479
489.5,0.13461697865,0.4147811617,0.37435865097,0.34882328225,0.43970875559,0.42753880035,0.48728152767,0.39377537272,0.36942482745,0.19166167757,0.48728305107,0.46483392184,0.37217871186,0.09174758077,0.36073677739,0.49475536232,0.40079170902,0.28483517209,0.47902671596,0.48809616345,0.31162970399,0.36682822252,0.13461697865,0.0080541369811,0.24863566582,0.19110656078,0.31469046976,0.11672785329
490.0,0.13443528594,0.41469862533,0.37424494371,0.34869217022,0.43964746666,0.42746694851,0.48726473724,0.39367610781,0.36930760836,0.19147245596,0.48726626212,0.46479551208,0.37206344075,0.091587890696,0.36061353546,0.49474600659,0.40069790239,0.28466912951,0.47900185016,0.48808017773,0.31147665204,0.36670918487,0.13443528594,0.0080201409678,0.24845614324,0.19091723409,0.31453902309,0.11655331972
490.5,0.13425383809,0.41461610538,0.37413127095,0.34856110745,0.43958618627,0.42739510875,0.48724794738,0.39357686791,0.36919042643,0.19128342112,0.48724947374,0.46475710549,0.37194820531,0.091428478376,0.36049033558,0.49473665104,0.40060411769,0.28450318363,0.47897698565,0.48806419253,0.31132367516,0.3665901858,0.13425383809,0.007986288438,0.24827675007,0.19072809478,0.31438764916,0.11637904681
491.0,0.13407263478,0.41453360185,0.37401763269,0.34843009392,0.43952491442,0.42732328104,0.48723115811,0.393477653,0.36907328163,0.19109457285,0.48723268594,0.46471870207,0.37183300551,0.091269343328,0.36036717773,0.49472729566,0.40051035491,0.28433733438,0.47895212243,0.48804820785,0.31117077332,0.36647122531,0.13407263478,0.0079525787863,0.2480974862,0.19053914268,0.31423634792,0.11620503417
491.5,0.13389167569,0.41445111474,0.37390402891,0.34829912962,0.4394636511,0.4272514654,0.48721436941,0.39337846308,0.36895617397,0.19090591099,0.48721589872,0.46468030182,0.37171784136,0.091110485071,0.36024406188,0.49471794047,0.40041661406,0.28417158172,0.4789272605,0.4880322237,0.31101794648,0.36635230338,0.13389167569,0.0079190114096,0.24791835156,0.1903503776,0.31408511934,0.11603128142
492.0,0.13371096048,0.41436864404,0.37379045961,0.34816821452,0.43940239631,0.42717966181,0.48719758129,0.39327929815,0.36883910342,0.19071743533,0.48719911208,0.46464190474,0.37160271283,0.090951903123,0.36012098804,0.49470858544,0.40032289512,0.28400592559,0.47890239986,0.48801624007,0.31086519459,0.36623342,0.13371096048,0.0078855857077,0.24773934604,0.19016179935,0.31393396338,0.11585778816
492.5,0.13353048882,0.41428618974,0.37367692477,0.3480373486,0.43934115007,0.42710787029,0.48718079375,0.39318015819,0.36872206998,0.19052914571,0.48718232602,0.46460351082,0.37148761991,0.090793597005,0.35999795618,0.4946992306,0.4002291981,0.28384036592,0.47887754051,0.48800025696,0.31071251763,0.36611457516,0.13353048882,0.0078523010827,0.24756046955,0.18997340776,0.31378288002,0.11568455402
493.0,0.13335026039,0.41420375185,0.37356342439,0.34790653185,0.43927991235,0.42703609081,0.48716400679,0.39308104321,0.36860507363,0.19034104193,0.48716554053,0.46456512008,0.3713725626,0.090635566238,0.35987496628,0.49468987593,0.40013552298,0.28367490267,0.47885268246,0.48798427438,0.31055991556,0.36599576884,0.13335026039,0.0078191569392,0.24738172201,0.18978520263,0.31363186922,0.11551157859
493.5,0.13317027487,0.41412133037,0.37344995845,0.34777576424,0.43921868317,0.42696432339,0.48714722041,0.39298195319,0.36848811437,0.19015312381,0.48714875562,0.46452673251,0.37125754088,0.090477810343,0.35975201835,0.49468052144,0.40004186977,0.28350953578,0.47882782569,0.48796829232,0.31040738834,0.36587700104,0.13317027487,0.0077861526844,0.24720310331,0.18959718378,0.31348093094,0.11533886151
494.0,0.13299053192,0.41403892528,0.37333652694,0.34764504577,0.43915746252,0.42689256802,0.4871304346,0.39288288813,0.36837119218,0.18996539117,0.48713197129,0.46448834811,0.37114255474,0.090320328843,0.35962911235,0.49467116713,0.39994823845,0.28334426519,0.47880297021,0.48795231078,0.31025493593,0.36575827173,0.13299053192,0.007753287728,0.24702461337,0.18940935103,0.31333006515,0.11516640238
494.5,0.13281103121,0.41395653658,0.37322312986,0.34751437641,0.4390962504,0.4268208247,0.48711364937,0.39278384802,0.36825430704,0.18977784383,0.48711518754,0.46444996687,0.37102760418,0.090163121261,0.35950624828,0.49466181299,0.39985462902,0.28317909085,0.47877811602,0.48793632977,0.31010255831,0.36563958092,0.13281103121,0.0077205614821,0.24684625209,0.1892217042,0.3131792718,0.11499420081
495.0,0.13263177243,0.41387416428,0.37310976719,0.34738375614,0.4390350468,0.42674909343,0.48709686472,0.39268483286,0.36813745896,0.1895904816,0.48709840437,0.46441158881,0.37091268918,0.090006187121,0.35938342613,0.49465245903,0.39976104147,0.28301401269,0.47875326312,0.48792034928,0.30995025542,0.36552092858,0.13263177243,0.0076879733614,0.24666801938,0.1890342431,0.31302855088,0.11482225643
495.5,0.13245275525,0.41379180837,0.37299643892,0.34725318494,0.43897385174,0.4266773742,0.48708008065,0.39258584264,0.36802064791,0.1894033043,0.48708162177,0.46437321391,0.37079780972,0.089849525949,0.35926064587,0.49464310525,0.39966747581,0.28284903068,0.47872841151,0.48790436931,0.30979802724,0.3654023147,0.13245275525,0.007655522783,0.24648991515,0.18884696754,0.31287790234,0.11465056886
496.0,0.13227397935,0.41370946884,0.37288314505,0.3471226628,0.4389126652,0.42660566701,0.48706329716,0.39248687735,0.36790387388,0.18921631176,0.48706483976,0.46433484218,0.37068296581,0.08969313727,0.35913790749,0.49463375164,0.39957393203,0.28268414474,0.4787035612,0.48788838987,0.30964587373,0.36528373927,0.13227397935,0.0076232091665,0.2463119393,0.18865987735,0.31272732615,0.1144791377
496.5,0.13209544439,0.41362714569,0.37276988555,0.3469921897,0.43885148718,0.42653397186,0.48704651425,0.39238793699,0.36778713687,0.18902950377,0.48704805832,0.46429647362,0.37056815742,0.089537020612,0.35901521099,0.49462439821,0.39948041011,0.28251935482,0.47867871217,0.48787241095,0.30949379485,0.36516520228,0.13209544439,0.0075910319339,0.24613409175,0.18847297234,0.31257682228,0.11430796258
497.0,0.13191715006,0.41354483892,0.37265666043,0.34686176562,0.43879031769,0.42646228875,0.48702973191,0.39228902156,0.36767043686,0.18884288017,0.48703127746,0.46425810822,0.37045338455,0.089381175501,0.35889255634,0.49461504496,0.39938691006,0.28235466088,0.47865386443,0.48785643255,0.30934179056,0.36504670372,0.13191715006,0.0075589905097,0.2459563724,0.18828625233,0.31242639068,0.11413704312
497.5,0.13173909603,0.41346254853,0.37254346967,0.34673139054,0.43872915673,0.42639061768,0.48701295015,0.39219013104,0.36755377383,0.18865644077,0.48701449718,0.464219746,0.37033864718,0.089225601465,0.35876994353,0.49460569188,0.39929343187,0.28219006284,0.47862901798,0.48784045468,0.30918986083,0.36492824357,0.13173909603,0.0075270843207,0.24577878116,0.18809971713,0.31227603133,0.11396637893
498.0,0.13156128198,0.41338027451,0.37243031325,0.34660106444,0.43866800428,0.42631895864,0.48699616897,0.39209126542,0.36743714779,0.1884701854,0.48699771747,0.46418138694,0.37022394531,0.089070298035,0.35864737255,0.49459633898,0.39919997554,0.28202556066,0.47860417282,0.48782447733,0.30903800563,0.36480982182,0.13156128198,0.0074953127963,0.24560131794,0.18791336656,0.31212574419,0.11379596963
498.5,0.13138370759,0.41329801686,0.37231719118,0.3464707873,0.43860686035,0.42624731164,0.48697938837,0.39199242471,0.36732055871,0.18828411386,0.48698093834,0.46414303104,0.37010927893,0.08891526474,0.35852484338,0.49458698626,0.39910654106,0.28186115428,0.47857932894,0.4878085005,0.30888622491,0.36469143846,0.13138370759,0.0074636753682,0.24542398264,0.18772720044,0.31197552923,0.11362581485
499.0,0.13120637253,0.41321577557,0.37220410344,0.34634055911,0.43854572494,0.42617567666,0.48696260835,0.3918936089,0.36720400658,0.18809822598,0.4869641598,0.46410467832,0.36999464801,0.08876050111,0.35840235601,0.49457763372,0.39901312842,0.28169684364,0.47855448636,0.4877925242,0.30873451864,0.36457309347,0.13120637253,0.0074321714704,0.24524677517,0.1875412186,0.31182538641,0.1134559142
499.5,0.13102927649,0.41313355065,0.37209105001,0.34621037985,0.43848459806,0.42610405372,0.4869458289,0.39179481797,0.3670874914,0.18791252157,0.48694738182,0.46406632876,0.36988005256,0.088606006677,0.35827991043,0.49456828135,0.39891973762,0.28153262869,0.47852964507,0.48777654842,0.30858288679,0.36445478685,0.13102927649,0.0074008005396,0.24506969544,0.18735542083,0.31167531569,0.11328626731
500.0,0.13085241914,0.41305134209,0.3719780309,0.34608024949,0.43842347968,0.4260324428,0.48692905004,0.39169605193,0.36697101315,0.18772700047,0.48693060443,0.46402798236,0.36976549256,0.088451780974,0.35815750661,0.49455892916,0.39882636866,0.28136850938,0.47850480506,0.48776057316,0.30843132931,0.36433651858,0.13085241914,0.0073695620145,0.24489274337,0.18716980697,0.31152531705,0.1131168738
