Time,CYP3A4_1A_n1_SOC_N,CYP3A4_1A_n2_SOC_N,CYP3A4_1A_n3_SOC_N,CYP3A4_1A_n4_SOC_N,CYP3A4_2_n1_SOC_N,CYP3A4_3_n1_SOC_N,CYP3A4_4_n1_SOC_N,CYP3A4_4_n2_SOC_N,CYP3A4_4_n3_SOC_N,CYP3A4_4_n4_SOC_N,CYP3A4_5_n1_SOC_N,CYP3A4_7_n1_SOC_N,CYP3A4_8_n1_SOC_N,CYP3A4_9_n1_SOC_N,CYP3A4_10_n1_SOC_N,CYP3A4_11_n1_SOC_N,CYP3A4_11_n2_SOC_N,CYP3A4_11_n3_SOC_N,CYP3A4_11_n4_SOC_N,CYP3A4_12_n1_SOC_N,CYP3A4_13_n1_SOC_N,CYP3A4_14_n1_SOC_N,CYP3A4_15_n1_SOC_N,CYP3A4_15_n2_SOC_N,CYP3A4_15_n3_SOC_N,CYP3A4_15_n4_SOC_N,CYP3A4_16_n1_SOC_N,CYP3A4_17_n1_SOC_N,CYP3A4_18_n1_SOC_N,CYP3A4_19_n1_SOC_N,CYP3A4_20_n1_SOC_N,CYP3A4_21_n1_SOC_N,CYP3A4_23_n1_SOC_N,CYP3A4_24_n1_SOC_N,CYP3A4_28_n1_SOC_N,CYP3A4_28_n2_SOC_N,CYP3A4_28_n3_SOC_N,CYP3A4_28_n4_SOC_N,CYP3A4_29_n1_SOC_N,CYP3A4_29_n2_SOC_N,CYP3A4_29_n3_SOC_N,CYP3A4_29_n4_SOC_N,CYP3A4_31_n1_SOC_N,CYP3A4_32_n1_SOC_N,CYP3A4_32_n2_SOC_N,CYP3A4_32_n3_SOC_N,CYP3A4_32_n4_SOC_N,CYP3A4_33_n1_SOC_N,CYP3A4_34_n1_SOC_N,CYP3A4_34_n2_SOC_N,CYP3A4_34_n3_SOC_N,CYP3A4_34_n4_SOC_N
0,80.0,80.0,80.0,80.0,80.0,80.0,80.0,80.0,80.0,80.0,80.0,80.0,80.0,80.0,80.0,80.0,80.0,80.0,80.0,80.0,80.0,80.0,80.0,80.0,80.0,80.0,80.0,80.0,80.0,80.0,80.0,80.0,80.0,80.0,80.0,80.0,80.0,80.0,80.0,80.0,80.0,80.0,80.0,80.0,80.0,80.0,80.0,80.0,80.0,80.0,80.0,80.0
5,64.125297066,64.125297066,64.125297066,64.125297066,63.978587173,63.992023664,64.001274409,64.001274409,64.001274409,64.001274409,63.970926672,63.97461044,63.957426573,63.98539965,63.993759228,64.079252949,64.079252949,64.079252949,64.079252949,63.957426155,63.963626777,63.992786242,64.17385713,64.17385713,64.17385713,64.17385713,63.996870328,63.955424396,63.983083528,64.027725423,63.959673398,63.957206875,64.015993786,63.994682815,64.124564643,64.124564643,64.124564643,64.124564643,64.47874178,64.47874178,64.47874178,64.47874178,64.045383213,64.079551102,64.079551102,64.079551102,64.079551102,64.014702346,64.142902162,64.142902162,64.142902162,64.142902162
10,51.538294271,51.538294271,51.538294271,51.538294271,51.186799136,51.219012952,51.241188824,51.241188824,51.241188824,51.241188824,51.168431265,51.177264173,51.136058087,51.203132523,51.223173648,51.428034471,51.428034471,51.428034471,51.428034471,51.136057084,51.1509267,51.220841127,51.654516225,51.654516225,51.654516225,51.654516225,51.230631778,51.131256501,51.197579614,51.304586016,51.14144627,51.135531216,51.276470172,51.225387729,51.536543888,51.536543888,51.536543888,51.536543888,52.382747979,52.382747979,52.382747979,52.382747979,51.346898861,51.428750299,51.428750299,51.428750299,51.428750299,51.273375209,51.580439548,51.580439548,51.580439548,51.580439548
15,41.531592161,41.531592161,41.531592161,41.531592161,40.969311342,41.02082599,41.056290432,41.056290432,41.056290432,41.056290432,40.939940144,40.954064315,40.888176669,40.995430395,41.027479864,41.355165148,41.355165148,41.355165148,41.355165148,40.888175066,40.911950543,41.023749683,41.717589501,41.717589501,41.717589501,41.717589501,41.039407254,40.880499446,40.986550566,41.157687501,40.8967919,40.887334255,41.112717764,41.031020665,41.528796008,41.528796008,41.528796008,41.528796008,42.883607276,42.883607276,42.883607276,42.883607276,41.225370925,41.356313106,41.356313106,41.356313106,41.356313106,41.107768161,41.599040264,41.599040264,41.599040264,41.599040264
20,33.555364653,33.555364653,33.555364653,33.555364653,32.804666184,32.873350882,32.920646623,32.920646623,32.920646623,32.920646623,32.765514147,32.784341042,32.696528296,32.839488456,32.882223964,33.319578954,33.319578954,33.319578954,33.319578954,32.696526161,32.728209618,32.877249706,33.804151833,33.804151833,33.804151833,33.804151833,32.898130239,32.686298436,32.827649258,33.055921063,32.708008564,32.695405763,32.995918028,32.886945789,33.551632648,33.551632648,33.551632648,33.551632648,35.368354912,35.368354912,35.368354912,35.368354912,33.146259505,33.321116022,33.321116022,33.321116022,33.321116022,32.989315261,33.645562544,33.645562544,33.645562544,33.645562544
25,27.181123672,27.181123672,27.181123672,27.181123672,26.277734423,26.360196134,26.41700152,26.41700152,26.41700152,26.41700152,26.230747219,26.253340205,26.147987703,26.319536492,26.370851985,26.896881762,26.896881762,26.896881762,26.896881762,26.147985142,26.185989427,26.364878292,27.481495506,27.481495506,27.481495506,27.481495506,26.389955849,26.135718845,26.305323158,26.579579731,26.161757273,26.146641385,26.507447289,26.376522736,27.176629106,27.176629106,27.176629106,27.176629106,29.379954675,29.379954675,29.379954675,29.379954675,26.688238067,26.898737542,26.898737542,26.898737542,26.898737542,26.49951235,27.289976178,27.289976178,27.289976178,27.289976178
30,22.074067214,22.074067214,22.074067214,22.074067214,21.057885263,21.15033399,21.214055832,21.214055832,21.214055832,21.214055832,21.005236189,21.030549045,20.912555195,21.104742068,21.1622851,21.753542424,21.753542424,21.753542424,21.753542424,20.912552329,20.955104603,21.155585227,22.413519323,22.413519323,22.413519323,22.413519323,21.183713834,20.898821069,21.088808287,21.396595484,20.927970978,20.911048016,21.315576981,21.168645533,22.069002218,22.069002218,22.069002218,22.069002218,24.575095655,24.575095655,24.575095655,24.575095655,21.518731677,21.755637562,21.755637562,21.755637562,21.755637562,21.306668263,22.197002429,22.197002429,22.197002429,22.197002429
35,17.971919908,17.971919908,17.971919908,17.971919908,16.881671243,16.980430703,17.048553278,17.048553278,17.048553278,17.048553278,16.825468053,16.852486132,16.726601004,16.931715563,16.993204135,17.626933089,17.626933089,17.626933089,17.626933089,16.726597948,16.771979205,16.986043163,18.338310274,18.338310274,18.338310274,18.338310274,17.016111069,16.71195788,16.914695395,17.243929732,16.743039459,16.724993974,17.15717256,17.000002755,17.966470141,17.966470141,17.966470141,17.966470141,20.694033363,20.694033363,20.694033363,20.694033363,17.374844043,17.629190027,17.629190027,17.629190027,17.629190027,17.147637738,18.104497564,18.104497564,18.104497564,18.104497564
40,14.66869832,14.66869832,14.66869832,14.66869832,13.539086456,13.640870535,13.711144029,13.711144029,13.711144029,13.711144029,13.481212301,13.509029155,13.379494916,13.590649485,13.654043398,14.309861851,14.309861851,14.309861851,14.309861851,13.379491775,13.426167213,13.646658353,15.051113706,15.051113706,15.051113706,15.051113706,13.677671369,13.364439358,13.573109662,13.912980876,13.396399372,13.377842501,13.823302687,13.661055314,14.663029833,14.663029833,14.663029833,14.663029833,17.538875,17.538875,17.538875,17.538875,14.048463333,14.31221059,14.31221059,14.31221059,14.31221059,13.813452857,14.806928288,14.806928288,14.806928288,14.806928288
45,12.002222076,12.002222076,12.002222076,12.002222076,10.862654929,10.964693277,11.035219152,11.035219152,11.035219152,11.035219152,10.804695894,10.832548197,10.702934992,10.914330189,10.977908812,11.638562822,11.638562822,11.638562822,11.638562822,10.702931851,10.749610457,10.970499656,12.391354159,12.391354159,12.391354159,12.391354159,11.001618928,10.687884528,10.896748443,11.238127494,10.719837285,10.70128299,11.147910973,10.984944285,11.996475694,11.996475694,11.996475694,11.996475694,14.957829963,14.957829963,14.957829963,14.957829963,11.374613735,11.640943559,11.640943559,11.640943559,11.640943559,11.138009004,12.142703397,12.142703397,12.142703397,12.142703397
50,9.8444817309,9.8444817309,9.8444817309,9.8444817309,8.7187619087,8.8188317855,8.8880842847,8.8880842847,8.8880842847,8.8880842847,8.6619885535,8.6892650102,8.5624289399,8.7694214858,8.8318034293,9.4833526275,9.4833526275,9.4833526275,9.4833526275,8.5624258701,8.608075711,8.8245307825,10.232711419,10.232711419,10.232711419,10.232711419,8.8550823219,8.547717095,8.7521810531,9.087722401,8.5789549743,8.5608139409,8.9988891438,8.8387100291,9.838771904,9.838771904,9.838771904,9.838771904,12.833705616,12.833705616,12.833705616,12.833705616,9.2223320248,9.4857164668,9.4857164668,9.4857164668,9.4857164668,8.9891467914,9.9844343793,9.9844343793,9.9844343793,9.9844343793
55,8.0941910459,8.0941910459,8.0941910459,8.0941910459,7.0007637377,7.0971666136,7.1639767539,7.1639767539,7.1639767539,7.1639767539,6.9461445251,6.9723794056,6.8504928407,7.0495463954,7.109674993,7.7413473752,7.7413473752,7.7413473752,7.7413473752,6.8504898943,6.8943271413,7.1026618206,8.4755084571,8.4755084571,8.4755084571,8.4755084571,7.1321294376,6.8363726901,7.0329400526,7.3570047907,6.8663586038,6.8489426153,7.2710353407,7.1163359952,8.0886072235,8.0886072235,8.0886072235,8.0886072235,11.075445975,11.075445975,11.075445975,11.075445975,7.4875114606,7.7436559219,7.7436559219,7.7436559219,7.7436559219,7.2616154762,8.2314270112,8.2314270112,8.2314270112,8.2314270112
60,6.671013879,6.671013879,6.671013879,6.671013879,5.6235088614,5.7150172878,5.7785367345,5.7785367345,5.7785367345,5.7785367345,5.5717408153,5.5965991799,5.4812202234,5.6697930032,5.7269034151,6.3307749757,6.3307749757,6.3307749757,6.3307749757,5.4812174381,5.5226811392,5.7202388426,7.040854442,7.040854442,7.040854442,7.040854442,5.7482481682,5.4678725784,5.6540322379,5.9625153979,5.4962226236,5.4797546196,5.8804938319,5.7332341873,6.6656231516,6.6656231516,6.6656231516,6.6656231516,9.6118667198,9.6118667198,9.6118667198,9.6118667198,6.0872807798,6.3329993382,6.3329993382,6.3329993382,6.3329993382,5.871515397,6.8038770956,6.8038770956,6.8038770956,6.8038770956
65,5.5110781049,5.5110781049,5.5110781049,5.5110781049,4.5189790094,4.604770229,4.6644262434,4.6644262434,4.6644262434,4.6644262434,4.4705260874,4.4937852869,4.3859448456,4.5623488751,4.6159270106,5.1865250656,5.1865250656,5.1865250656,5.1865250656,4.3859422462,4.4246626797,4.6096710827,5.8661242767,5.8661242767,5.8661242767,5.8661242767,4.6359696368,4.3734885279,4.5475753459,4.8376908396,4.3999502147,4.3845769151,4.7603601292,4.6218705003,5.5059283616,5.5059283616,5.5059283616,5.5059283616,8.3869862321,8.3869862321,8.3869862321,8.3869862321,4.9555827819,5.1886445931,5.1886445931,5.1886445931,5.1886445931,4.7519042883,5.6383714805,5.6383714805,5.6383714805,5.6383714805
70,4.5634811603,4.5634811603,4.5634811603,4.5634811603,3.6328200211,3.7124065869,3.7678549983,3.7678549983,3.7678549983,3.7678549983,3.5879532565,3.6094835755,3.5097765209,3.6730303483,3.7227699559,4.256660819,4.256660819,4.256660819,4.256660819,3.5097741215,3.5455396462,3.7169586052,4.9014591139,4.9014591139,4.9014591139,4.9014591139,3.7413949848,3.4982791298,3.6593278626,3.9293841887,3.5227085688,3.508513699,3.857203837,3.7282919793,4.558604304,4.558604304,4.558604304,4.558604304,7.3565240595,7.3565240595,7.3565240595,7.3565240595,4.0396916653,4.2586617768,4.2586617768,4.2586617768,4.2586617768,3.8493203841,4.6843915765,4.6843915765,4.6843915765,4.6843915765
75,3.7875614757,3.7875614757,3.7875614757,3.7875614757,2.9215795569,2.9947430315,3.0458233292,3.0458233292,3.0458233292,3.0458233292,2.8804154417,2.9001615881,2.8088339645,2.9585218051,3.0042834773,3.4996797513,3.4996797513,3.4996797513,3.4996797513,2.8088317705,2.8415571034,2.9989332711,4.1070491606,4.1070491606,4.1070491606,4.1070491606,3.0214372736,2.7983221814,2.9459277654,3.1951139396,2.8206622505,2.8076791994,3.1283149312,3.0093682209,3.7829764446,3.7829764446,3.7829764446,3.7829764446,6.4852587852,6.4852587852,6.4852587852,6.4852587852,3.2974660309,3.5015540505,3.5015540505,3.5015540505,3.5015540505,3.1210283982,3.9015888741,3.9015888741,3.9015888741,3.9015888741
80,3.150762879,3.150762879,3.150762879,3.150762879,2.3505067371,2.4172377558,2.4639325035,2.4639325035,2.4639325035,2.4639325035,2.3130419293,2.3310062949,2.2480341914,2.3841785509,2.4259526682,2.8823588104,2.8823588104,2.8823588104,2.8823588104,2.248032202,2.2777297256,2.4210650979,3.451017693,3.451017693,3.451017693,3.451017693,2.4416297561,2.2385031019,2.3726943023,2.6008864422,2.2587636971,2.2469869658,2.5395208657,2.4305986217,3.1464783488,3.1464783488,3.1464783488,3.1464783488,5.74502248,5.74502248,5.74502248,5.74502248,2.6951792046,2.884102855,2.884102855,2.884102855,2.884102855,2.5328360375,3.2576565272,3.2576565272,3.2576565272,3.2576565272
85,2.6269591875,2.6269591875,2.6269591875,2.6269591875,1.8917986721,1.9522448421,1.9946443976,1.9946443976,1.9946443976,1.9946443976,1.8579401613,1.874168274,1.7993263675,1.9222773373,1.9601518557,2.378056099,2.378056099,2.378056099,2.378056099,1.7993245766,1.826079406,1.9557170663,2.907768479,2.907768479,2.907768479,2.907768479,1.9743830313,1.7907475609,1.9118771626,2.119470347,1.8089884354,1.798383586,2.0634545334,1.9643682778,2.6229759066,2.6229759066,2.6229759066,2.6229759066,5.1131695431,5.1131695431,5.1131695431,5.1131695431,2.2058032389,2.3796697775,2.3796697775,2.3796697775,2.3796697775,2.057361242,2.7266623559,2.7266623559,2.7266623559,2.7266623559
90,2.1951367799,2.1951367799,2.1951367799,2.1951367799,1.5232025501,1.5776245275,1.6158972842,1.6158972842,1.6158972842,1.6158972842,1.4927930762,1.5073613418,1.4402806277,1.5506226199,1.5847559089,1.9653700994,1.9653700994,1.9653700994,1.9653700994,1.440279026,1.4642280147,1.5807558436,2.4566914336,2.4566914336,2.4566914336,2.4566914336,1.5975982125,1.4326090154,1.5412613216,1.7290277278,1.4489253329,1.4394373644,1.678178669,1.5885598457,2.1914495354,2.1914495354,2.1914495354,2.1914495354,4.5714011388,4.5714011388,4.5714011388,4.5714011388,1.807649913,1.9668559271,1.9668559271,1.9668559271,1.9668559271,1.6726558379,2.2877399516,2.2877399516,2.2877399516,2.2877399516
95,1.8383562873,1.8383562873,1.8383562873,1.8383562873,1.2269007344,1.2756361425,1.3100040621,1.3100040621,1.3100040621,1.3100040621,1.1997396487,1.2127452929,1.1529604254,1.2514356547,1.2820341767,1.6270792916,1.6270792916,1.6270792916,1.6270792916,1.1529590012,1.1742735349,1.2784451619,2.0811459954,2.0811459954,2.0811459954,2.0811459954,1.2935626493,1.1461398268,1.2430547837,1.4120269674,1.1606503245,1.1522105355,1.3660923164,1.2854480109,1.8349555258,1.8349555258,1.8349555258,1.8349555258,4.104857713,4.104857713,4.104857713,4.104857713,1.4832930366,1.6284416979,1.6284416979,1.6284416979,1.6284416979,1.361111291,1.9240584039,1.9240584039,1.9240584039,1.9240584039
100,1.5429324161,1.5429324161,1.5429324161,1.5429324161,0.98862121993,1.032055704,1.0627746588,1.0627746588,1.0627746588,1.0627746588,0.96448119497,0.97603420858,0.923021372,1.0104685956,1.037768989,1.3493020708,1.3493020708,1.3493020708,1.3493020708,0.92302011218,0.94189235566,1.0345638106,1.7676604175,1.7676604175,1.7676604175,1.7676604175,1.0480700498,0.91698897691,1.0030014462,1.1543784718,0.92982650818,0.92235798157,1.1130607188,1.0408184717,1.5398055563,1.5398055563,1.5398055563,1.5398055563,3.7014147298,3.7014147298,3.7014147298,3.7014147298,1.2187127029,1.3505468175,1.3505468175,1.3505468175,1.3505468175,1.1085879466,1.622009349,1.622009349,1.622009349,1.622009349
105,1.297784626,1.297784626,1.297784626,1.297784626,0.79692761178,0.83547215625,0.86281649029,0.86281649029,0.86281649029,0.86281649029,0.77556770878,0.78578455188,0.73899102088,0.81629766809,0.84055269528,1.120830052,1.120830052,1.120830052,1.120830052,0.7389899117,0.75562208605,0.83770222787,1.5052993889,1.5052993889,1.5052993889,1.5052993889,0.84971894148,0.73368086486,0.80967319236,0.94474679803,0.74498503117,0.73840690757,0.90772234146,0.84326540066,1.2949171031,1.2949171031,1.2949171031,1.2949171031,3.3511333008,3.3511333008,3.3511333008,3.3511333008,1.0026148944,1.1219637685,1.1219637685,1.1219637685,1.1219637685,0.90372148417,1.3705639432,1.3705639432,1.3705639432,1.3705639432
110,1.0939219352,1.0939219352,1.0939219352,1.0939219352,0.64265217457,0.67672576182,0.70097645266,0.70097645266,0.70097645266,0.70097645266,0.62382780256,0.6328266085,0.59169321791,0.65975894397,0.68122673558,0.93259807462,0.93259807462,0.93259807462,0.93259807462,0.59169224553,0.60628849181,0.67870119086,1.2851632495,1.2851632495,1.2851632495,1.2851632495,0.68935295642,0.58703881626,0.65390474292,0.77400259939,0.59695038139,0.5911810999,0.74093646297,0.68363087671,1.0912980182,1.0912980182,1.0912980182,1.0912980182,3.0458294874,3.0458294874,3.0458294874,3.0458294874,0.82588980713,0.93362789155,0.93362789155,0.93362789155,0.93362789155,0.73737002303,1.160763026,1.160763026,1.160763026,1.160763026
115,0.92403325094,0.92403325094,0.92403325094,0.92403325094,0.51844294377,0.54845966814,0.56989549061,0.56989549061,0.56989549061,0.56989549061,0.50191322874,0.50981025853,0.4737879668,0.53349772556,0.55243377439,0.77726216492,0.77726216492,0.77726216492,0.77726216492,0.47378711765,0.48654751344,0.55020363163,1.0999903586,1.0999903586,1.0999903586,1.0999903586,0.55961397696,0.46972424786,0.52834227098,0.63478550374,0.47838103575,0.4733407149,0.60534241791,0.55455732022,0.92163667145,0.92163667145,0.92163667145,0.92163667145,2.7787349957,2.7787349957,2.7787349957,2.7787349957,0.68118005694,0.77819543224,0.77819543224,0.77819543224,0.77819543224,0.60217296011,0.98531192802,0.98531192802,0.98531192802,0.98531192802
120,0.78216090728,0.78216090728,0.78216090728,0.78216090728,0.41840181091,0.44476163316,0.46365277979,0.46365277979,0.46365277979,0.46365277979,0.40393485009,0.41084196733,0.37940360133,0.43160848749,0.44825989022,0.6488629038,0.6488629038,0.6488629038,0.6488629038,0.37940286243,0.39051919424,0.44629656692,0.94384053982,0.94384053982,0.94384053982,0.94384053982,0.45458515369,0.37586826867,0.42708271515,0.52115510063,0.38340227083,0.37901438852,0.4950076052,0.45012992883,0.77997533346,0.77997533346,0.77997533346,0.77997533346,2.5442286035,2.5442286035,2.5442286035,2.5442286035,0.56253603559,0.64970697753,0.64970697753,0.64970697753,0.64970697753,0.49219864684,0.83825769387,0.83825769387,0.83825769387,0.83825769387
125,0.66343995287,0.66343995287,0.66343995287,0.66343995287,0.33779519548,0.36087761744,0.37748129189,0.37748129189,0.37748129189,0.37748129189,0.32517161747,0.33119458064,0.30384272558,0.34934703725,0.36394854023,0.54255647011,0.54255647011,0.54255647011,0.54255647011,0.30384208472,0.31349502387,0.36222485406,0.81184241762,0.81184241762,0.81184241762,0.81184241762,0.36950553512,0.30077716402,0.34538543586,0.42831198403,0.30731261335,0.30350512659,0.40514613122,0.36559083989,0.66144933818,0.66144933818,0.66144933818,0.66144933818,2.3376225935,2.3376225935,2.3376225935,2.3376225935,0.46514047857,0.54331855542,0.54331855542,0.54331855542,0.54331855542,0.40266276542,0.71473136165,0.71473136165,0.71473136165,0.71473136165
130,0.56388950587,0.56388950587,0.56388950587,0.56388950587,0.27282265544,0.29298269451,0.30754026208,0.30754026208,0.30754026208,0.30754026208,0.2618378491,0.26707524587,0.2433471111,0.28290029747,0.2956717644,0.45439940045,0.45439940045,0.45439940045,0.45439940045,0.24334655694,0.25170393521,0.29416223051,0.69999123487,0.69999123487,0.69999123487,0.69999123487,0.30054179657,0.24069693552,0.2794416006,0.35237455483,0.24634913694,0.24305516278,0.33189371103,0.29711049062,0.56207833806,0.56207833806,0.56207833806,0.56207833806,2.1549921683,2.1549921683,2.1549921683,2.1549921683,0.38508806659,0.45508643997,0.45508643997,0.45508643997,0.45508643997,0.32970301887,0.61074171821,0.61074171821,0.61074171821,0.61074171821
135,0.48024542798,0.48024542798,0.48024542798,0.48024542798,0.22043176252,0.23799770285,0.25073304719,0.25073304719,0.25073304719,0.25073304719,0.21089708014,0.21543975613,0.19490971699,0.2292020856,0.24034706482,0.38117605563,0.38117605563,0.38117605563,0.38117605563,0.19490923913,0.20212516813,0.23902806587,0.60498665762,0.60498665762,0.60498665762,0.60498665762,0.24460552597,0.19262504752,0.22618965697,0.29020025138,0.19749978861,0.19465794879,0.27212741755,0.24160461824,0.47859889944,0.47859889944,0.47859889944,0.47859889944,1.9930386016,1.9930386016,1.9930386016,1.9930386016,0.31920884337,0.38179465346,0.38179465346,0.38179465346,0.38179465346,0.27019871594,0.52300987619,0.52300987619,0.52300987619,0.52300987619
140,0.40982585727,0.40982585727,0.40982585727,0.40982585727,0.17816993492,0.1934424221,0.20456121769,0.20456121769,0.20456121769,0.20456121769,0.16991312272,0.17384398232,0.15612437726,0.1857856297,0.19549075445,0.32026009602,0.32026009602,0.32026009602,0.32026009602,0.15612396626,0.16233858897,0.19434061386,0.52410233495,0.52410233495,0.52410233495,0.52410233495,0.19920688093,0.15415990973,0.18316761666,0.23924221588,0.15835330548,0.15590781914,0.2233212146,0.19658770032,0.40832997407,0.40832997407,0.40832997407,0.40832997407,1.848978989,1.848978989,1.848978989,1.848978989,0.26492656218,0.32081646974,0.32081646974,0.32081646974,0.32081646974,0.22162617878,0.4488362974,0.4488362974,0.4488362974,0.4488362974
145,0.3504229256,0.3504229256,0.3504229256,0.3504229256,0.14406580356,0.15731793034,0.16700759401,0.16700759401,0.16700759401,0.16700759401,0.1369308654,0.14032494542,0.12506559919,0.1506654378,0.15910044193,0.26950308331,0.26950308331,0.26950308331,0.26950308331,0.12506524654,0.13040494889,0.15809942575,0.45508073955,0.45508073955,0.45508073955,0.45508073955,0.16233730225,0.12338052699,0.14839475398,0.19743425384,0.12697917991,0.12487977332,0.18343006723,0.16005550751,0.34906456951,0.34906456951,0.34906456951,0.34906456951,1.7204570636,1.7204570636,1.7204570636,1.7204570636,0.2201449112,0.27000303754,0.27000303754,0.27000303754,0.27000303754,0.18194275961,0.38599366326,0.38599366326,0.38599366326,0.38599366326
150,0.30021538518,0.30021538518,0.30021538518,0.30021538518,0.11653418887,0.12801228886,0.13644242005,0.13644242005,0.13644242005,0.13644242005,0.11038084798,0.11330558438,0.10019243405,0.12224263324,0.12956080809,0.22714475406,0.22714475406,0.22714475406,0.22714475406,0.10019213214,0.10477007723,0.1286910754,0.39604818429,0.39604818429,0.39604818429,0.39604818429,0.13237545474,0.098750266086,0.12027681916,0.16309840699,0.10183164694,0.10003333503,0.15079689422,0.13039092877,0.29898234022,0.29898234022,0.29898234022,0.29898234022,1.6054707601,1.6054707601,1.6054707601,1.6054707601,0.18315601816,0.22759367022,0.22759367022,0.22759367022,0.22759367022,0.14949372505,0.33264038051,0.33264038051,0.33264038051,0.33264038051
155,0.25769796545,0.25769796545,0.25769796545,0.25769796545,0.094299959872,0.10422488575,0.11154804512,0.11154804512,0.11154804512,0.11154804512,0.089002848662,0.091518473611,0.080271593888,0.099229058311,0.10556801272,0.19174063441,0.19174063441,0.19174063441,0.19174063441,0.080271335957,0.084188212831,0.10481353065,0.34544597981,0.34544597981,0.34544597981,0.34544597981,0.10801174772,0.079039903943,0.097530058632,0.13487061863,0.081672878493,0.080135661488,0.12407779487,0.10628841189,0.25657891802,0.25657891802,0.25657891802,0.25657891802,1.5023131563,1.5023131563,1.5023131563,1.5023131563,0.15256678138,0.19214347261,0.19214347261,0.19214347261,0.19214347261,0.122937435,0.28725059732,0.28725059732,0.28725059732,0.28725059732
160,0.22162414354,0.22162414354,0.22162414354,0.22162414354,0.076337000125,0.084905712556,0.091258421378,0.091258421378,0.091258421378,0.091258421378,0.071784678891,0.073944699597,0.064315956927,0.080586396152,0.086069012306,0.16210355307,0.16210355307,0.16210355307,0.16210355307,0.064315736998,0.067660640311,0.085415447955,0.30197453634,0.30197453634,0.30197453634,0.30197453634,0.088187726782,0.063266091426,0.079120283491,0.11164088895,0.065511535839,0.064200044207,0.10218190829,0.086693303095,0.22060866353,0.22060866353,0.22060866353,0.22060866353,1.4095241352,1.4095241352,1.4095241352,1.4095241352,0.1272394819,0.16246486266,0.16246486266,0.16246486266,0.16246486266,0.10118516988,0.24855745801,0.24855745801,0.24855745801,0.24855745801
165,0.1909596904,0.1909596904,0.1909596904,0.1909596904,0.061819264569,0.069206598873,0.074710469201,0.074710469201,0.074710469201,0.074710469201,0.057913146014,0.05976486813,0.051535377953,0.065477315788,0.070212818619,0.13725631043,0.13725631043,0.13725631043,0.13725631043,0.051535190768,0.054386568162,0.069647417571,0.26454787044,0.26454787044,0.26454787044,0.26454787044,0.072047376124,0.050642142767,0.064213984175,0.092505047168,0.052553604014,0.051436717065,0.084222999622,0.070753118542,0.19003819889,0.19003819889,0.19003819889,0.19003819889,1.3258506794,1.3258506794,1.3258506794,1.3258506794,0.10624385003,0.13758024666,0.13758024666,0.13758024666,0.13758024666,0.083352696996,0.21550699548,0.21550699548,0.21550699548,0.21550699548
170,0.1648448906,0.1648448906,0.1648448906,0.1648448906,0.050081517133,0.056442027923,0.061204955634,0.061204955634,0.061204955634,0.061204955634,0.046734754034,0.048319822098,0.041297338789,0.053226247259,0.057311325605,0.11639331672,0.11639331672,0.11639331672,0.11639331672,0.041297179747,0.043723799897,0.056822784038,0.23225649505,0.23225649505,0.23225649505,0.23225649505,0.058897966231,0.040538680268,0.052139092318,0.076725846258,0.042163049328,0.041213506136,0.069480452689,0.057778377291,0.16400861868,0.16400861868,0.16400861868,0.16400861868,1.2502141356,1.2502141356,1.2502141356,1.2502141356,0.088818330789,0.11668366136,0.11668366136,0.11668366136,0.11668366136,0.068721252656,0.18722058944,0.18722058944,0.18722058944,0.18722058944
175,0.14256375735,0.14256375735,0.14256375735,0.14256375735,0.040587822315,0.046057633079,0.050175003661,0.050175003661,0.050175003661,0.050175003661,0.037724200139,0.039079134904,0.033095468232,0.04328787359,0.046807807726,0.098849452084,0.098849452084,0.098849452084,0.098849452084,0.033095333319,0.035157240836,0.046386143488,0.2043370797,0.2043370797,0.2043370797,0.2043370797,0.048178556208,0.032452159373,0.042353472123,0.063701546764,0.033830334039,0.033024350159,0.057367814197,0.04721110073,0.14180469926,0.14180469926,0.14180469926,0.14180469926,1.1816831349,1.1816831349,1.1816831349,1.1816831349,0.074338745167,0.099109636524,0.099109636524,0.099109636524,0.099109636524,0.056706082698,0.16296433651,0.16296433651,0.16296433651,0.16296433651
180,0.12351889979,0.12351889979,0.12351889979,0.12351889979,0.032906249806,0.037604855433,0.041160726599,0.041160726599,0.041160726599,0.041160726599,0.030459113711,0.031615832243,0.026524355896,0.035221809523,0.038251572633,0.084074750464,0.084074750464,0.084074750464,0.084074750464,0.026524241626,0.028273675268,0.037887999037,0.18014759054,0.18014759054,0.18014759054,0.18014759054,0.03943463833,0.025979695227,0.034419607415,0.05294052276,0.027147216448,0.02646411576,0.047407405802,0.03859946275,0.12282976321,0.12282976321,0.12282976321,0.12282976321,1.1194511128,1.1194511128,1.1194511128,1.1194511128,0.062292905127,0.084307880024,0.084307880024,0.084307880024,0.084307880024,0.046831055917,0.14212400893,0.14212400893,0.14212400893,0.14212400893
185,0.10721096645,0.10721096645,0.10721096645,0.10721096645,0.026688559352,0.030720546108,0.03378878238,0.03378878238,0.03378878238,0.03378878238,0.024599795412,0.025586104444,0.021259400219,0.02867224257,0.031277553947,0.071613787283,0.071613787283,0.071613787283,0.071613787283,0.021259303571,0.02274156226,0.030964358887,0.15914687554,0.15914687554,0.15914687554,0.15914687554,0.032297714351,0.020798928343,0.027984257138,0.044040715215,0.021786579549,0.021208447377,0.039209815901,0.031577377542,0.10658512164,0.10658512164,0.10658512164,0.10658512164,1.0628175872,1.0628175872,1.0628175872,1.0628175872,0.052260026814,0.07182266587,0.07182266587,0.07182266587,0.07182266587,0.038708160742,0.12418454141,0.12418454141,0.12418454141,0.12418454141
190,0.093221800271,0.093221800271,0.093221800271,0.093221800271,0.021653879149,0.025110539339,0.027755882308,0.027755882308,0.027755882308,0.027755882308,0.019872962247,0.020713018869,0.017040683296,0.023351556209,0.025589871775,0.061088871755,0.061088871755,0.061088871755,0.061088871755,0.017040601664,0.018294848907,0.025320303855,0.14087786382,0.14087786382,0.14087786382,0.14087786382,0.026468834091,0.016651920061,0.022762096904,0.036672991028,0.017486283159,0.016997644339,0.032457319096,0.02584805353,0.092653229562,0.092653229562,0.092653229562,0.092653229562,1.0111725161,1.0111725161,1.0111725161,1.0111725161,0.043894015473,0.06127602621,0.06127602621,0.06127602621,0.06127602621,0.032020931965,0.1087131939,0.1087131939,0.1087131939,0.1087131939
195,0.081200609787,0.081200609787,0.081200609787,0.081200609787,0.017575587798,0.020536415963,0.022815480461,0.022815480461,0.022815480461,0.022815480461,0.016058703049,0.016773439481,0.013660067009,0.019027150137,0.020948581858,0.052186321299,0.052186321299,0.052186321299,0.052186321299,0.013659998148,0.014720000088,0.020716744538,0.12495370967,0.12495370967,0.12495370967,0.12495370967,0.021705319392,0.013332270765,0.018522559837,0.030567652061,0.014036235632,0.013623759398,0.0268904597,0.021170734955,0.080683858425,0.080683858425,0.080683858425,0.080683858425,0.96398318643,0.96398318643,0.96398318643,0.96398318643,0.03690987806,0.052354024983,0.052354024983,0.052354024983,0.052354024983,0.026511043004,0.095345704627,0.095345704627,0.095345704627,0.095345704627
200,0.070852595746,0.070852595746,0.070852595746,0.070852595746,0.014270767052,0.016804831764,0.018767023073,0.018767023073,0.018767023073,0.018767023073,0.012980007502,0.0135875187,0.010950866217,0.015510828475,0.017158988684,0.044645236395,0.044645236395,0.044645236395,0.044645236395,0.010950808199,0.011845603871,0.016959742951,0.11104634102,0.11104634102,0.11104634102,0.11104634102,0.017810050426,0.010674815545,0.015079246387,0.025503487201,0.011268042179,0.010920274382,0.02229718629,0.017350006979,0.070382724733,0.070382724733,0.070382724733,0.070382724733,0.92078319238,0.92078319238,0.92078319238,0.92078319238,0.031072665471,0.044795531692,0.044795531692,0.044795531692,0.044795531692,0.02196745005,0.083774880464,0.083774880464,0.083774880464,0.083774880464
205,0.061929580387,0.061929580387,0.061929580387,0.061929580387,0.011591718367,0.013758908891,0.015447259721,0.015447259721,0.015447259721,0.015447259721,0.010494358704,0.011010252981,0.0087795837786,0.012650251584,0.014063021507,0.038248306983,0.038248306983,0.038248306983,0.038248306983,0.0087795349532,0.0095340397495,0.013891897153,0.09887697548,0.09887697548,0.09887697548,0.09887697548,0.014622814509,0.0085473812799,0.012281397851,0.021298879446,0.0090467154193,0.0087538376174,0.01850404482,0.01422716356,0.061502121802,0.061502121802,0.061502121802,0.061502121802,0.88116314087,0.88116314087,0.88116314087,0.88116314087,0.02618846305,0.038383026519,0.038383026519,0.038383026519,0.038383026519,0.01821759509,0.073741177461,0.073741177461,0.073741177461,0.073741177461
210,0.054222273018,0.054222273018,0.054222273018,0.054222273018,0.0094191368612,0.011271287693,0.012723216195,0.012723216195,0.012723216195,0.012723216195,0.0084869807972,0.008924694651,0.0070392952872,0.010322046991,0.01153227104,0.032814271826,0.032814271826,0.032814271826,0.032814271826,0.0070392542426,0.0076747992547,0.011385386415,0.088208249661,0.088208249661,0.088208249661,0.088208249661,0.012013316044,0.006844192504,0.010007028475,0.017804575267,0.0072640366495,0.0070176509744,0.015369034271,0.011673236157,0.053833188067,0.053833188067,0.053833188067,0.053833188067,0.84476279237,0.84476279237,0.84476279237,0.84476279237,0.02209704155,0.032935058304,0.032935058304,0.032935058304,0.032935058304,0.015120271462,0.065024909918,0.065024909918,0.065024909918,0.065024909918
215,0.047553874943,0.047553874943,0.047553874943,0.047553874943,0.0076566168268,0.0092385155874,0.010486507482,0.010486507482,0.010486507482,0.010486507482,0.0068654144134,0.0072364934118,0.0056443538645,0.0084262548063,0.0094623638299,0.028191724791,0.028191724791,0.028191724791,0.028191724791,0.0056443193965,0.0061791303641,0.0093363537026,0.078837674273,0.078837674273,0.078837674273,0.078837674273,0.0098755251988,0.0054805960538,0.0081573910812,0.014897799859,0.0058332385633,0.0056261768331,0.012775806143,0.0095833604321,0.047199514873,0.047199514873,0.047199514873,0.047199514873,0.81126439583,0.81126439583,0.81126439583,0.81126439583,0.018665855669,0.028300049373,0.028300049373,0.028300049373,0.028300049373,0.012559832957,0.057439794357,0.057439794357,0.057439794357,0.057439794357
220,0.041774782598,0.041774782598,0.041774782598,0.041774782598,0.0062262273853,0.0075765132137,0.0086487322386,0.0086487322386,0.0086487322386,0.0086487322386,0.0055551576399,0.0058695056387,0.0045261513124,0.0068818470567,0.0077684147194,0.024254020205,0.024254020205,0.024254020205,0.024254020205,0.0045261223959,0.0049757426589,0.0076603658049,0.070592180689,0.070592180689,0.070592180689,0.070592180689,0.008123106126,0.0043888405904,0.0066525153628,0.012477463172,0.0046847459564,0.0045109012427,0.010628951084,0.0078722214832,0.041451852508,0.041451852508,0.041451852508,0.041451852508,0.78038702099,0.78038702099,0.78038702099,0.78038702099,0.015785137525,0.024351199454,0.024351199454,0.024351199454,0.024351199454,0.010441489613,0.050827589838,0.050827589838,0.050827589838,0.050827589838
225,0.036758192781,0.036758192781,0.036758192781,0.036758192781,0.0050649485352,0.0062169090085,0.0071377406125,0.0071377406125,0.0071377406125,0.0071377406125,0.0044961622928,0.0047622614778,0.0036297246511,0.0056231116203,0.0063813487136,0.020895076341,0.020895076341,0.020895076341,0.020895076341,0.0036297004148,0.004007362569,0.0062887423111,0.06332356807,0.06332356807,0.06332356807,0.06332356807,0.0066857162496,0.0035146999349,0.0054276093843,0.010460250801,0.0037627635502,0.0036169422973,0.0088501657146,0.0064703689734,0.036463718275,0.036463718275,0.036463718275,0.036463718275,0.75188172589,0.75188172589,0.75188172589,0.75188172589,0.013363880755,0.020982287748,0.020982287748,0.020982287748,0.020982287748,0.0086874831521,0.04505364036,0.04505364036,0.04505364036,0.04505364036
230,0.032396450116,0.032396450116,0.032396450116,0.032396450116,0.0041217992001,0.0051040742538,0.0058946078116,0.0058946078116,0.0058946078116,0.0058946078116,0.0036400169133,0.0038651212471,0.0029110392562,0.0045967325782,0.0052449243313,0.018025913867,0.018025913867,0.018025913867,0.018025913867,0.0029110189609,0.0032279700039,0.0051655855119,0.056904694935,0.056904694935,0.056904694935,0.056904694935,0.0055060088411,0.0028147714056,0.0044301560241,0.0087774333876,0.0030225421763,0.0029003349369,0.0073751327104,0.0053212342921,0.032127746721,0.032127746721,0.032127746721,0.032127746721,0.72552742571,0.72552742571,0.72552742571,0.72552742571,0.011326549916,0.018104210018,0.018104210018,0.018104210018,0.018104210018,0.0072339750489,0.040003160841,0.040003160841,0.040003160841,0.040003160841
235,0.028598006296,0.028598006296,0.028598006296,0.028598006296,0.0033555220529,0.004192723421,0.0048711783417,0.0048711783417,0.0048711783417,0.0048711783417,0.002947681289,0.0031379859232,0.0023348135427,0.0037594317708,0.0043133232933,0.015571796577,0.015571796577,0.015571796577,0.015571796577,0.0023347965621,0.002600581229,0.0042453760535,0.05122628735,0.05122628735,0.05122628735,0.05122628735,0.0045372037544,0.0022543141437,0.0036175691404,0.0073722599894,0.0024281882339,0.0023258571246,0.0061509793191,0.0043787145963,0.028352651503,0.028352651503,0.028352651503,0.028352651503,0.70112735225,0.70112735225,0.70112735225,0.70112735225,0.0096103811659,0.01564211803,0.01564211803,0.01564211803,0.01564211803,0.006028512391,0.035578137156,0.035578137156,0.035578137156,0.035578137156
240,0.025284884423,0.025284884423,0.025284884423,0.025284884423,0.0027327164828,0.0034459709749,0.0040280720027,0.0040280720027,0.0040280720027,0.0040280720027,0.0023876640365,0.0025484531638,0.0018727771318,0.0030760628071,0.0035491976902,0.013469866346,0.013469866346,0.013469866346,0.013469866346,0.0018727629361,0.0020954697226,0.0034910255017,0.046194258838,0.046194258838,0.046194258838,0.046194258838,0.0037411174395,0.0018055194315,0.0029553007482,0.0061978265518,0.0019509082792,0.0018652893445,0.0051342053772,0.0036052148707,0.025060692215,0.025060692215,0.025060692215,0.025060692215,0.678506012,0.678506012,0.678506012,0.678506012,0.0081631655455,0.0135330533,0.0135330533,0.0135330533,0.0135330533,0.0050279625905,0.031694734163,0.031694734163,0.031694734163,0.031694734163
245,0.022390561063,0.022390561063,0.022390561063,0.022390561063,0.0022263324011,0.0028337569549,0.0033330637598,0.0033330637598,0.0033330637598,0.0033330637598,0.0019345562035,0.0020703316948,0.0015022760223,0.0025180700177,0.0029220869062,0.011667184223,0.011667184223,0.011667184223,0.011667184223,0.001502264164,0.0016887382633,0.0028722981139,0.041727455787,0.041727455787,0.041727455787,0.041727455787,0.0030865644393,0.0014461266209,0.0024153117614,0.0052153312347,0.0015676021678,0.001496020952,0.0042889927099,0.0029700602592,0.022185558751,0.022185558751,0.022185558751,0.022185558751,0.6575065663,0.6575065663,0.6575065663,0.6575065663,0.0069414265637,0.011723987061,0.011723987061,0.011723987061,0.011723987061,0.0041968288488,0.028281124722,0.028281124722,0.028281124722,0.028281124722
250,0.019858194313,0.019858194313,0.019858194313,0.019858194313,0.0018144546954,0.0023315706551,0.0027597665288,0.0027597665288,0.0027597665288,0.0027597665288,0.0015678510281,0.0016824440362,0.0012051555615,0.0020622419033,0.0024071335652,0.010119105708,0.010119105708,0.010119105708,0.010119105708,0.0012051456633,0.0013611727238,0.0023645311174,0.037755757302,0.037755757302,0.037755757302,0.037755757302,0.0025480595412,0.0011583155737,0.0019748359389,0.0043926450615,0.001259735426,0.0011999341826,0.0035858245923,0.0024482079068,0.019670601538,0.019670601538,0.019670601538,0.019670601538,0.63798856971,0.63798856971,0.63798856971,0.63798856971,0.0059089203129,0.0101701945,0.0101701945,0.0101701945,0.0101701945,0.0035058750791,0.025275668204,0.025275668204,0.025275668204,0.025275668204
255,0.01763913898,0.01763913898,0.01763913898,0.01763913898,0.001479321886,0.0019194154035,0.0022865595441,0.0022865595441,0.0022865595441,0.0022865595441,0.0012709937615,0.0013676612998,0.00096686582654,0.0016897023369,0.001984041432,0.0087879314014,0.0087879314014,0.0087879314014,0.0087879314014,0.00096685757024,0.0010973218472,0.0019475964635,0.034218470875,0.034218470875,0.034218470875,0.034218470875,0.0021047634017,0.00092782033839,0.0016153803905,0.0037031398111,0.0010124353372,0.00096251044233,0.0030003574919,0.0020192012101,0.01746734869,0.01746734869,0.01746734869,0.01746734869,0.61982601311,0.61982601311,0.61982601311,0.61982601311,0.0050353996918,0.0088339044541,0.0088339044541,0.0088339044541,0.0088339044541,0.002931002543,0.022625379655,0.022625379655,0.022625379655,0.022625379655
260,0.015691700346,0.015691700346,0.015691700346,0.015691700346,0.001206533565,0.0015809684417,0.001895715958,0.001895715958,0.001895715958,0.001895715958,0.0010306165044,0.0011121248296,0.00077574508235,0.0013850938017,0.0016362292046,0.0076417848466,0.0076417848466,0.0076417848466,0.0076417848466,0.00077573820035,0.00088475833281,0.0016050580301,0.031062975412,0.031062975412,0.031062975412,0.031062975412,0.0017396254594,0.00074321984369,0.0013219170229,0.0031247259695,0.00081376628724,0.00077211456036,0.0025124982444,0.0016663203753,0.015534261613,0.015534261613,0.015534261613,0.015534261613,0.60290562667,0.60290562667,0.60290562667,0.60290562667,0.0042955951262,0.0076831763795,0.0076831763795,0.0076831763795,0.0076831763795,0.0024523313949,0.020284641069,0.020284641069,0.020284641069,0.020284641069
265,0.013980086562,0.013980086562,0.013980086562,0.013980086562,0.00098441006799,0.0013028987699,0.0015726921717,0.0015726921717,0.0015726921717,0.0015726921717,0.00083592187026,0.0009046183174,0.00062244583159,0.0011359158049,0.0013501429881,0.0066536780892,0.0066536780892,0.0066536780892,0.0066536780892,0.00062244009889,0.0007134854129,0.0013234871054,0.028243571427,0.028243571427,0.028243571427,0.028243571427,0.0014386868044,0.00059537023417,0.0010822281698,0.0026390623695,0.00065414875755,0.00061942152807,0.0021056486523,0.0013758920381,0.013835689056,0.013835689056,0.013835689056,0.013835689056,0.58712540496,0.58712540496,0.58712540496,0.58712540496,0.0036683729584,0.0066909651181,0.0066909651181,0.0066909651181,0.0066909651181,0.0020534491641,0.018214114701,0.018214114701,0.018214114701,0.018214114701
270,0.012473526612,0.012473526612,0.012473526612,0.012473526612,0.00080347494644,0.0010743129584,0.0013055485434,0.0013055485434,0.0013055485434,0.0013055485434,0.00067818639593,0.00073606114481,0.00049947504826,0.00093198874261,0.0011146973847,0.0058007325242,0.0058007325242,0.0058007325242,0.0058007325242,0.00049947027595,0.00057546019708,0.0010919061239,0.025720505104,0.025720505104,0.025720505104,0.025720505104,0.0011905128161,0.00047695054582,0.00088637677911,0.0022309062841,0.00052589344468,0.00049695733046,0.001766086634,0.0011367278436,0.012340986609,0.012340986609,0.012340986609,0.012340986609,0.57239332242,0.57239332242,0.57239332242,0.57239332242,0.0031360397919,0.0058343410251,0.0058343410251,0.0058343410251,0.0058343410251,0.0017207953461,0.016379825237,0.016379825237,0.016379825237,0.016379825237
275,0.011145526556,0.011145526556,0.011145526556,0.011145526556,0.00065603653693,0.00088630467811,0.0010844768826,0.0010844768826,0.0010844768826,0.0010844768826,0.00055036032879,0.00059909941697,0.00040082585427,0.00076501922991,0.00092082088561,0.0050635283827,0.0050635283827,0.0050635283827,0.0050635283827,0.00040082188386,0.00046421074653,0.00090133637761,0.023459138499,0.023459138499,0.023459138499,0.023459138499,0.00098573113955,0.00038209907847,0.00072627726612,0.0018875785289,0.00042282765524,0.00039873113832,0.0014824588378,0.00093966763641,0.011023774324,0.011023774324,0.011023774324,0.011023774324,0.55862621223,0.55862621223,0.55862621223,0.55862621223,0.0026837668692,0.0050938388046,0.0050938388046,0.0050938388046,0.0050938388046,0.0014431570588,0.014752383341,0.014752383341,0.014752383341,0.014752383341
280,0.009973241403,0.009973241403,0.009973241403,0.009973241403,0.00053584952825,0.00073158834396,0.00090141479937,0.00090141479937,0.00090141479937,0.00090141479937,0.00044674500087,0.0004877757483,0.00032168243139,0.00062824753331,0.00076108589631,0.0044255609172,0.0044255609172,0.0044255609172,0.0044255609172,0.00032167913005,0.00037452839752,0.00074443006987,0.021429242808,0.021429242808,0.021429242808,0.021429242808,0.00081665522066,0.00030612234819,0.00059534775733,0.0015985228212,0.00033999566893,0.00031994066428,0.0012453643117,0.00077720755986,0.0098613098482,0.0098613098482,0.0098613098482,0.0098613098482,0.54574878584,0.54574878584,0.54574878584,0.54574878584,0.0022991132691,0.0044529131086,0.0044529131086,0.0044529131086,0.0044529131086,0.0012112553945,0.013306327754,0.013306327754,0.013306327754,0.013306327754
285,0.0089369438493,0.0089369438493,0.0089369438493,0.0089369438493,0.0004378411314,0.00060420100624,0.00074973074154,0.00074973074154,0.00074973074154,0.00074973074154,0.00036273267987,0.00039726255155,0.00025818359086,0.00051616146877,0.00062940747152,0.0038727852029,0.0038727852029,0.0038727852029,0.0038727852029,0.00025818084739,0.00030222050739,0.00061517081949,0.01960439544,0.01960439544,0.01960439544,0.01960439544,0.00067697737529,0.00024526212397,0.00048822816998,0.0013549424596,0.00027341840077,0.0002567361135,0.0010470126187,0.00064319711074,0.0088339582981,0.0088339582981,0.0088339582981,0.0088339582981,0.53369277381,0.53369277381,0.53369277381,0.53369277381,0.0019716305428,0.0038974828108,0.0038974828108,0.0038974828108,0.0038974828108,0.0010174058939,0.012019566955,0.012019566955,0.012019566955,0.012019566955
290,0.0080195742625,0.0080195742625,0.0080195742625,0.0080195742625,0.00035788943975,0.00049925964713,0.00062396660072,0.00062396660072,0.00062396660072,0.00062396660072,0.00029459674331,0.00032364655069,0.00020723332775,0.00042426413003,0.00052079786506,0.003393234632,0.003393234632,0.003393234632,0.003393234632,0.00020723104908,0.00024391172512,0.00050862975095,0.017961464805,0.017961464805,0.017961464805,0.017961464805,0.00056151840285,0.00019650894972,0.00040055156658,0.0011495004878,0.00021990060708,0.00020603106439,0.0008809428649,0.00053259222536,0.0079247432724,0.0079247432724,0.0079247432724,0.0079247432724,0.52239617152,0.52239617152,0.52239617152,0.52239617152,0.001692534539,0.0034155490264,0.0034155490264,0.0034155490264,0.0034155490264,0.00085523964501,0.010872904597,0.010872904597,0.010872904597,0.010872904597
295,0.0072063589332,0.0072063589332,0.0072063589332,0.0072063589332,0.00029264396669,0.00041276348048,0.00051962723014,0.00051962723014,0.00051962723014,0.00051962723014,0.00023932239678,0.00026375462502,0.00016634901247,0.00034888523418,0.00043116644343,0.0029767007667,0.0029767007667,0.0029767007667,0.0029767007667,0.00016634712084,0.00019688423776,0.00042076674608,0.01648016934,0.01648016934,0.01648016934,0.01648016934,0.00046602320724,0.00015745287035,0.00032875863865,0.00097607202909,0.0001768762145,0.00016535093909,0.00074179260497,0.00044125392118,0.0071189660299,0.0071189660299,0.0071189660299,0.0071189660299,0.51180257559,0.51180257559,0.51180257559,0.51180257559,0.0014544327147,0.0029968745408,0.0029968745408,0.0029968745408,0.0029968745408,0.00071947400374,0.0098496355179,0.0098496355179,0.0098496355179,0.0098496355179
300,0.0064844857603,0.0064844857603,0.0064844857603,0.0064844857603,0.00023938028162,0.00034143282484,0.00043300821609,0.00043300821609,0.00043300821609,0.00043300821609,0.00019447006607,0.00021501301325,0.00013353973399,0.00028702782477,0.00035715648952,0.0026144643478,0.0026144643478,0.0026144643478,0.0026144643478,0.00013353816445,0.00015894932808,0.00034826840841,0.015142699461,0.015142699461,0.015142699461,0.015142699461,0.00038699387435,0.00012616393487,0.00026994712102,0.00082953953176,0.00014228422087,0.00013271158433,0.00062510762389,0.00036578399676,0.0064038820109,0.0064038820109,0.0064038820109,0.0064038820109,0.50186059919,0.50186059919,0.50186059919,0.50186059919,0.0012510973204,0.002632714438,0.002632714438,0.002632714438,0.002632714438,0.00060572396341,0.0089352013039,0.0089352013039,0.0089352013039,0.0089352013039
305,0.005842828334,0.005842828334,0.005842828334,0.005842828334,0.00019588222268,0.0002825777147,0.00036105486161,0.00036105486161,0.00036105486161,0.00036105486161,0.00015806512796,0.0001753334518,0.00010720879929,0.00023624364993,0.00029601202231,0.0022990690048,0.0022990690048,0.0022990690048,0.0022990690048,0.00010720749761,0.00012834408997,0.00028841588787,0.013933392966,0.013933392966,0.013933392966,0.013933392966,0.000321553262,0.00010109653299,0.000221749508,0.00070562334104,0.00011446911505,0.0001065219733,0.0005271852419,0.00030339089529,0.0057684256719,0.0057684256719,0.0057684256719,0.0057684256719,0.49252335573,0.49252335573,0.49252335573,0.49252335573,0.001077276545,0.0023155894703,0.0023155894703,0.0023155894703,0.0023155894703,0.00051034684707,0.0081168961991,0.0081168961991,0.0081168961991,0.0081168961991
310,0.0052717108574,0.0052717108574,0.0052717108574,0.0052717108574,0.00016034641994,0.00023399070496,0.00030124665359,0.00030124665359,0.00030124665359,0.00030124665359,0.00012850887788,0.00014302106608,8.6075587311e-05,0.0001945318062,0.00024546905232,0.0020241306544,0.0020241306544,0.0020241306544,0.0020241306544,8.6074508276e-05,0.00010364836081,0.00023897700532,0.01283845588,0.01283845588,0.01283845588,0.01283845588,0.00026733346009,8.1012808712e-05,0.00018223371082,0.00060074137968,9.210096324e-05,8.5506231439e-05,0.00044494513486,0.00025178013289,0.0052029760844,0.0052029760844,0.0052029760844,0.0052029760844,0.48374800237,0.48374800237,0.48374800237,0.48374800237,0.00092853711142,0.0020390951536,0.0020390951536,0.0020390951536,0.0020390951536,0.00043031433858,0.0073836156168,0.0073836156168,0.0073836156168,0.0073836156168
315,0.0047627075806,0.0047627075806,0.0047627075806,0.0047627075806,0.00013130487521,0.00019385936794,0.00025150254863,0.00025150254863,0.00025150254863,0.00025150254863,0.00010450662574,0.00011669983585,6.9112911124e-05,0.00016025626779,0.00020366674115,0.0017841767645,0.0017841767645,0.0017841767645,0.0017841767645,6.9112017049e-05,8.3717902686e-05,0.00019811816258,0.011845722017,0.011845722017,0.011845722017,0.011845722017,0.00022238453384,6.4921344437e-05,0.00014982231834,0.00051189283409,7.4111271174e-05,6.864114434e-05,0.00037582275614,0.00020906474344,0.0046991569767,0.0046991569767,0.0046991569767,0.0046991569767,0.47549533545,0.47549533545,0.47549533545,0.47549533545,0.0008011329488,0.0017977407598,0.0017977407598,0.0017977407598,0.0017977407598,0.00036310695977,0.0067256407738,0.0067256407738,0.0067256407738,0.0067256407738
320,0.0043084714408,0.0043084714408,0.0043084714408,0.0043084714408,0.00010756216074,0.00016069482779,0.00021010327786,0.00021010327786,0.00021010327786,0.00021010327786,8.5009609582e-05,9.5252262705e-05,5.5496807292e-05,0.0001320787524,0.00016907478243,0.0015745106383,0.0015745106383,0.0015745106383,0.0015745106383,5.549606679e-05,6.7630645687e-05,0.00016433237082,0.010944445585,0.010944445585,0.010944445585,0.010944445585,0.00018509981851,5.2028068837e-05,0.00012322695004,0.00043656165516,5.9641502721e-05,5.5106070473e-05,0.00031768133799,0.00017369204297,0.0042496659204,0.0042496659204,0.0042496659204,0.0042496659204,0.46772943159,0.46772943159,0.46772943159,0.46772943159,0.00069189551408,0.0015868133602,0.0015868133602,0.0015868133602,0.0015868133602,0.00030662699076,0.0061344539893,0.0061344539893,0.0061344539893,0.0061344539893
325,0.0039025874538,0.0039025874538,0.0039025874538,0.0039025874538,8.8144458166e-05,0.00013327336267,0.00017562757284,0.00017562757284,0.00017562757284,0.00017562757284,6.9168059365e-05,7.7770518496e-05,4.4566284101e-05,0.00010890404728,0.00014043401031,0.0013910966888,0.0013910966888,0.0013910966888,0.0013910966888,4.4565671046e-05,5.4643432705e-05,0.00013638041673,0.010125122001,0.010125122001,0.010125122001,0.010125122001,0.00015415472859,4.1696950176e-05,0.00010139485783,0.00037263642905,4.8001753078e-05,4.4242793731e-05,0.00026873917775,0.00014438370636,0.0038481282123,0.0038481282123,0.0038481282123,0.0038481282123,0.46041732856,0.46041732856,0.46041732856,0.46041732856,0.00059814210046,0.0014022628841,0.0014022628841,0.0014022628841,0.0014022628841,0.00025912655566,0.0056025800551,0.0056025800551,0.0056025800551,0.0056025800551
330,0.0035394471097,0.0035394471097,0.0035394471097,0.0035394471097,7.2258190214e-05,0.00011058866019,0.00014689978576,0.00014689978576,0.00014689978576,0.00014689978576,5.6293260719e-05,6.3516877667e-05,3.579105124e-05,8.9835463074e-05,0.00011670779964,0.00123046334,0.00123046334,0.00123046334,0.00123046334,3.57905439e-05,4.4157208864e-05,0.00011324274297,0.0093793328747,0.0093793328747,0.0093793328747,0.0093793328747,0.00012845660767,3.3418523351e-05,8.3465473074e-05,0.00031834378331,3.863757025e-05,3.5523341148e-05,0.00022750950828,0.00012008670986,0.0034889717105,0.0034889717105,0.0034889717105,0.0034889717105,0.45352874128,0.45352874128,0.45352874128,0.45352874128,0.00051759910773,0.0012406048287,0.0012406048287,0.0012406048287,0.0012406048287,0.00021914818801,0.0051234498063,0.0051234498063,0.0051234498063,0.0051234498063
335,0.0032141406193,0.0032141406193,0.0032141406193,0.0032141406193,5.9256427635e-05,9.1812762459e-05,0.0001229468416,0.0001229468416,0.0001229468416,0.0001229468416,4.5826884892e-05,5.1891659212e-05,2.8745646524e-05,7.4138523248e-05,9.7042275753e-05,0.0010896207514,0.0010896207514,0.0010896207514,0.0010896207514,2.8745226831e-05,3.5689002408e-05,9.4080070736e-05,0.0086996116925,0.0086996116925,0.0086996116925,0.0086996116925,0.00010710360345,2.6784688478e-05,6.8735031956e-05,0.00027219299463,3.110331554e-05,2.8524183852e-05,0.00019275073695,9.9933146885e-05,0.0031673194755,0.0031673194755,0.0031673194755,0.0031673194755,0.44703580841,0.44703580841,0.44703580841,0.44703580841,0.00044833776923,0.0010988378122,0.0010988378122,0.0010988378122,0.0010988378122,0.00018547567343,0.0046912826197,0.0046912826197,0.0046912826197,0.0046912826197
340,0.0029223643492,0.0029223643492,0.0029223643492,0.0029223643492,4.8611599999e-05,7.6264102711e-05,0.00010296283777,0.00010296283777,0.00010296283777,0.00010296283777,3.7316186707e-05,4.2407244999e-05,2.3088690149e-05,6.1211353503e-05,8.0733719188e-05,0.00096599101946,0.00096599101946,0.00096599101946,0.00096599101946,2.3088343089e-05,2.8849368489e-05,7.8201159464e-05,0.0080793272697,0.0080793272697,0.0080793272697,0.0080793272697,8.9350924489e-05,2.1468530533e-05,5.6627765312e-05,0.00023292987451,2.5040772111e-05,2.2905553819e-05,0.00016342523399,8.3207294125e-05,0.0028788975604,0.0028788975604,0.0028788975604,0.0028788975604,0.44091286619,0.44091286619,0.44091286619,0.44091286619,0.00038872026047,0.00097437362447,0.00097437362447,0.00097437362447,0.00097437362447,0.00015709336216,0.0043009850754,0.0043009850754,0.0043009850754,0.0043009850754
345,0.0026603412019,0.0026603412019,0.0026603412019,0.0026603412019,3.9893319523e-05,6.3381332205e-05,8.627991483e-05,8.627991483e-05,8.627991483e-05,8.627991483e-05,3.0393942604e-05,3.4667016218e-05,1.8546249168e-05,5.0560524173e-05,6.7201850287e-05,0.0008573488971,0.0008573488971,0.0008573488971,0.0008573488971,1.8545962274e-05,2.3324227846e-05,6.5036395983e-05,0.0075125824825,0.0075125824825,0.0075125824825,0.0075125824825,7.4583137889e-05,1.7208159067e-05,4.6672425109e-05,0.0001994983463,2.0161966001e-05,1.8394860915e-05,0.00013866517574,6.9318605199e-05,0.0026199557076,0.0026199557076,0.0026199557076,0.0026199557076,0.43513624603,0.43513624603,0.43513624603,0.43513624603,0.00033735446833,0.00086497781049,0.00086497781049,0.00086497781049,0.00086497781049,0.00013315246708,0.0039480634383,0.0039480634383,0.0039480634383,0.0039480634383
350,0.0024247520378,0.0024247520378,0.0024247520378,0.0024247520378,3.2750353465e-05,5.2701877473e-05,7.2344272659e-05,7.2344272659e-05,7.2344272659e-05,7.2344272659e-05,2.4762218648e-05,2.8348271732e-05,1.4898496963e-05,4.1781332755e-05,5.5967921091e-05,0.00076177138708,0.00076177138708,0.00076177138708,0.00076177138708,1.4898259887e-05,1.8860241764e-05,5.4116147899e-05,0.0069941261495,0.0069941261495,0.0069941261495,0.0069941261495,6.2291413531e-05,1.3793766676e-05,3.8483151094e-05,0.00017100840358,1.6235368652e-05,1.4773396525e-05,0.00011774421387,5.777955281e-05,0.0023871990575,0.0023871990575,0.0023871990575,0.0023871990575,0.4296840933,0.4296840933,0.4296840933,0.4296840933,0.00029305599218,0.00076871914412,0.00076871914412,0.00076871914412,0.00076871914412,0.00011294312723,0.0036285479738,0.0036285479738,0.0036285479738,0.0036285479738
355,0.0022126765351,0.0022126765351,0.0022126765351,0.0022126765351,2.6895963741e-05,4.3844363938e-05,6.0696411107e-05,6.0696411107e-05,6.0696411107e-05,6.0696411107e-05,2.0179233924e-05,2.3188371331e-05,1.1969014332e-05,3.4541703381e-05,4.6636740014e-05,0.00067759483252,0.00067759483252,0.00067759483252,0.00067759483252,1.1968818488e-05,1.5253032858e-05,4.5053012445e-05,0.0065192762508,0.0065192762508,0.0065192762508,0.0065192762508,5.2054821018e-05,1.1057264734e-05,3.1743868707e-05,0.0001467093677,1.307481422e-05,1.1865671698e-05,0.00010005395915,4.8187439126e-05,0.0021777292632,0.0021777292632,0.0021777292632,0.0021777292632,0.42453620467,0.42453620467,0.42453620467,0.42453620467,0.00025481618996,0.00068392661155,0.00068392661155,0.00068392661155,0.00068392661155,9.5871233544e-05,0.0033389274091,0.0033389274091,0.0033389274091,0.0033389274091
360,0.0020215421203,0.0020215421203,0.0020215421203,0.0020215421203,2.2095980581e-05,3.6494201347e-05,5.0954841127e-05,5.0954841127e-05,5.0954841127e-05,5.0954841127e-05,1.6448726286e-05,1.8973491577e-05,9.6162085351e-06,2.8569033998e-05,3.8881915427e-05,0.00060337834813,0.00060337834813,0.00060337834813,0.00060337834813,9.6160468056e-06,1.233769643e-05,3.7527252203e-05,0.006083852934,0.006083852934,0.006083852934,0.006083852934,4.3524948879e-05,8.8639828191e-06,2.6195561291e-05,0.00012596754919,1.0530596598e-05,9.5308672628e-06,8.5084447262e-05,4.0209455627e-05,0.0019889936508,0.0019889936508,0.0019889936508,0.0019889936508,0.41967388209,0.41967388209,0.41967388209,0.41967388209,0.00022177528167,0.00060915274748,0.00060915274748,0.00060915274748,0.00060915274748,8.1439190813e-05,0.0030760921065,0.0030760921065,0.0030760921065,0.0030760921065
365,0.0018490798141,0.0018490798141,0.0018490798141,0.0018490798141,1.8159096883e-05,3.0391756209e-05,4.2802648691e-05,4.2802648691e-05,4.2802648691e-05,4.2802648691e-05,1.3411341568e-05,1.5529498875e-05,7.7264305621e-06,2.3639446859e-05,3.2433735313e-05,0.00053787262004,0.00053787262004,0.00053787262004,0.00053787262004,7.7262970458e-06,9.9811557527e-06,3.127483935e-05,0.0056841199813,0.0056841199813,0.0056841199813,0.0056841199813,3.6413248769e-05,7.1060206797e-06,2.162588281e-05,0.00010824757243,8.4823167288e-06,7.6559771157e-06,7.2407900109e-05,3.3570405276e-05,0.0018187412712,0.0018187412712,0.0018187412712,0.0018187412712,0.41507980136,0.41507980136,0.41507980136,0.41507980136,0.00019319968834,0.00054314235053,0.00054314235053,0.00054314235053,0.00054314235053,6.9229935691e-05,0.0028372847263,0.0028372847263,0.0028372847263,0.0028372847263
370,0.0016932860078,0.0016932860078,0.0016932860078,0.0016932860078,1.4928966951e-05,2.5322641964e-05,3.5976405149e-05,3.5976405149e-05,3.5976405149e-05,3.5976405149e-05,1.0937659435e-05,1.2714538824e-05,6.2084541513e-06,1.9568999361e-05,2.7069206825e-05,0.00047999325669,0.00047999325669,0.00047999325669,0.00047999325669,6.2083439598e-06,8.0760019915e-06,2.6077636132e-05,0.0053167336018,0.0053167336018,0.0053167336018,0.0053167336018,3.0480616037e-05,5.6969235229e-06,1.7860677203e-05,9.3096749858e-05,6.8331355217e-06,6.1503090177e-06,6.1665216923e-05,2.8042607177e-05,0.0016649848616,0.0016649848616,0.0016649848616,0.0016649848616,0.4107378938,0.4107378938,0.4107378938,0.4107378938,0.00016846292136,0.00048480575889,0.00048480575889,0.00048480575889,0.00048480575889,5.8893649973e-05,0.0026200573364,0.0026200573364,0.0026200573364,0.0026200573364
375,0.001552389333,0.001552389333,0.001552389333,0.001552389333,1.2277771889e-05,2.1109743666e-05,3.0257008739e-05,3.0257008739e-05,3.0257008739e-05,3.0257008739e-05,8.922543337e-06,1.0413017264e-05,4.9890468429e-06,1.6206494585e-05,2.2603866516e-05,0.00042879800164,0.00042879800164,0.00042879800164,0.00042879800164,4.9889559281e-06,6.5355296369e-06,2.1755325698e-05,0.0049786975723,0.0049786975723,0.0049786975723,0.0049786975723,2.552880668e-05,4.5674170659e-06,1.4757051569e-05,8.0131996873e-05,5.50515569e-06,4.941073853e-06,5.255472784e-05,2.3437591278e-05,0.0015259678804,0.0015259678804,0.0015259678804,0.0015259678804,0.40663323946,0.40663323946,0.40663323946,0.40663323946,0.00014702945087,0.00043319599635,0.00043319599635,0.00043319599635,0.00043319599635,5.0136706597e-05,0.0024222340796,0.0024222340796,0.0024222340796,0.0024222340796
380,0.0014248219105,0.0014248219105,0.0014248219105,0.0014248219105,1.0100977527e-05,1.7606663991e-05,2.5462116394e-05,2.5462116394e-05,2.5462116394e-05,2.5462116394e-05,7.2805619979e-06,8.5307101879e-06,4.0094168189e-06,1.3427597829e-05,1.8885042926e-05,0.0003834672274,0.0003834672274,0.0003834672274,0.0003834672274,4.0093418297e-06,5.2897348077e-06,1.8158777867e-05,0.0046673238909,0.0046673238909,0.0046673238909,0.0046673238909,2.1393363071e-05,3.6619912913e-06,1.2197716172e-05,6.9028865406e-05,4.4357103689e-06,3.9698476803e-06,4.4822824264e-05,1.9599262083e-05,0.0014001359056,0.0014001359056,0.0014001359056,0.0014001359056,0.40275197072,0.40275197072,0.40275197072,0.40275197072,0.00012844107589,0.00038748920665,0.00038748920665,0.00038748920665,0.00038748920665,4.2712466562e-05,0.0022418786382,0.0022418786382,0.0022418786382,0.0022418786382
385,0.0013091943693,0.0013091943693,0.0013091943693,0.0013091943693,8.3130623731e-06,1.4692334546e-05,2.1439885975e-05,2.1439885975e-05,2.1439885975e-05,2.1439885975e-05,5.9422782646e-06,6.9907895612e-06,3.2223621582e-06,1.1130019794e-05,1.5786311058e-05,0.00034328721965,0.00034328721965,0.00034328721965,0.00034328721965,3.222300322e-06,4.2820891632e-06,1.5164591842e-05,0.0043801982191,0.0043801982191,0.0043801982191,0.0043801982191,1.7937780013e-05,2.9361639192e-06,1.0086357705e-05,5.9512345571e-05,3.5743801683e-06,3.189733685e-06,3.8256147099e-05,1.6398268513e-05,0.0012861117873,0.0012861117873,0.0012861117873,0.0012861117873,0.3990811851,0.3990811851,0.3990811851,0.3990811851,0.00011230539772,0.00034696788489,0.00034696788489,0.00034696788489,0.00034696788489,3.6413611312e-05,0.0020772658425,0.0020772658425,0.0020772658425,0.0020772658425
390,0.001204274116,0.001204274116,0.001204274116,0.001204274116,6.8440348391e-06,1.2266583048e-05,1.8063798915e-05,1.8063798915e-05,1.8063798915e-05,1.8063798915e-05,4.8512402274e-06,5.7305925371e-06,2.5899834935e-06,9.2295713398e-06,1.3202925509e-05,0.00030763583736,0.00030763583736,0.00030763583736,0.00030763583736,2.5899325167e-06,3.4669386861e-06,1.2670604775e-05,0.0041151494941,0.0041151494941,0.0041151494941,0.0041151494941,1.504869096e-05,2.3542882713e-06,8.3438556375e-06,5.1349144063e-05,2.8805954463e-06,2.5630854274e-06,3.2675069107e-05,1.3727364654e-05,0.0011826740374,0.0011826740374,0.0011826740374,0.0011826740374,0.39560886629,0.39560886629,0.39560886629,0.39560886629,9.82860629e-05,0.00031100649057,0.00031100649057,0.00031100649057,0.00031100649057,3.1065749837e-05,0.0019268568669,0.0019268568669,0.0019268568669,0.0019268568669
395,0.0011089664083,0.0011089664083,0.0011089664083,0.0011089664083,5.6365929337e-06,1.0246484975e-05,1.5228374211e-05,1.5228374211e-05,1.5228374211e-05,1.5228374211e-05,3.9615410927e-06,4.698994199e-06,2.0818485968e-06,7.6569307079e-06,1.1048057564e-05,0.00027597019794,0.00027597019794,0.00027597019794,0.00027597019794,2.0818065831e-06,2.8074059701e-06,1.0592193346e-05,0.0038702231736,0.0038702231736,0.0038702231736,0.0038702231736,1.2631893835e-05,1.887797163e-06,6.905186766e-06,4.4341196954e-05,2.321708795e-06,2.0596802574e-06,2.7928253063e-05,1.1497584956e-05,0.0010887380107,0.0010887380107,0.0010887380107,0.0010887380107,0.39232381261,0.39232381261,0.39232381261,0.39232381261,8.6094496476e-05,0.00027905909088,0.00027905909088,0.00027905909088,0.00027905909088,2.6522084782e-05,0.0017892775333,0.0017892775333,0.0017892775333,0.0017892775333
400,0.0010222978523,0.0010222978523,0.0010222978523,0.0010222978523,4.6438070794e-06,8.563359355e-06,1.2845618179e-05,1.2845618179e-05,1.2845618179e-05,1.2845618179e-05,3.2358397917e-06,3.8542704445e-06,1.673519504e-06,6.3549933981e-06,9.2496931269e-06,0.00024781609021,0.00024781609021,0.00024781609021,0.00024781609021,1.673484886e-06,2.2736982863e-06,8.8592267906e-06,0.0036436576502,0.0036436576502,0.0036436576502,0.0036436576502,1.0609068176e-05,1.5137960415e-06,5.7168917695e-06,3.8320215186e-05,1.8714453688e-06,1.6552537927e-06,2.3888104873e-05,9.6350892379e-06,0.0010033394995,0.0010033394995,0.0010033394995,0.0010033394995,0.38921557202,0.38921557202,0.38921557202,0.38921557202,7.5482891641e-05,0.0002506487364,0.0002506487364,0.0002506487364,0.0002506487364,2.2658958962e-05,0.0016632993092,0.0016632993092,0.0016632993092,0.0016632993092
405,0.00094340199624,0.00094340199624,0.00094340199624,0.00094340199624,3.8272290437e-06,7.1602937231e-06,1.0842081937e-05,1.0842081937e-05,1.0842081937e-05,1.0842081937e-05,2.6437549185e-06,3.1623590405e-06,1.3453704867e-06,5.2766987583e-06,7.7480740958e-06,0.00022275886327,0.00022275886327,0.00022275886327,0.00022275886327,1.3453419695e-06,1.8417427177e-06,7.4135553378e-06,0.0034338634348,0.0034338634348,0.0034338634348,0.0034338634348,8.9150618752e-06,1.2139358719e-06,4.7350008864e-06,3.3143094671e-05,1.5086568637e-06,1.3303240133e-06,2.0446971737e-05,8.0785588185e-06,0.00092562041476,0.00092562041476,0.00092562041476,0.00092562041476,0.3862743831,0.3862743831,0.3862743831,0.3862743831,6.6238259323e-05,0.00022535831686,0.00022535831686,0.00022535831686,0.00022535831686,1.9372134344e-05,0.0015478226476,0.0015478226476,0.0015478226476,0.0015478226476
410,0.00087150673954,0.00087150673954,0.00087150673954,0.00087150673954,3.155348082e-06,5.9901040188e-06,9.1564211474e-06,9.1564211474e-06,9.1564211474e-06,9.1564211474e-06,2.1605612512e-06,2.5954442375e-06,1.0816393747e-06,4.3832467623e-06,6.4935868792e-06,0.00020043557732,0.00020043557732,0.00020043557732,0.00020043557732,1.0816158886e-06,1.4920849642e-06,6.2069389367e-06,0.0032394047621,0.0032394047621,0.0032394047621,0.0032394047621,7.4956474396e-06,9.7351010984e-07,3.923334828e-06,2.8688050869e-05,1.2163195462e-06,1.0692476767e-06,1.751396101e-05,6.7770463726e-06,0.00085481627328,0.00085481627328,0.00085481627328,0.00085481627328,0.38349112138,0.38349112138,0.38349112138,0.38349112138,5.8177372944e-05,0.00020282268237,0.00020282268237,0.00020282268237,0.00020282268237,1.657368083e-05,0.0014418623613,0.0014418623613,0.0014418623613,0.0014418623613
415,0.00080592331668,0.00080592331668,0.00080592331668,0.00080592331668,2.6023300983e-06,5.0136521516e-06,7.7373710847e-06,7.7373710847e-06,7.7373710847e-06,7.7373710847e-06,1.7661315779e-06,2.13080439e-06,8.6966610976e-07,3.6426343006e-06,5.4450190214e-06,0.00018052823468,0.00018052823468,0.00018052823468,0.00018052823468,8.6964677151e-07,1.2090007403e-06,5.1993382145e-06,0.0030589833174,0.0030589833174,0.0030589833174,0.0030589833174,6.3056655159e-06,7.8073118277e-07,3.2521124864e-06,2.4851360916e-05,9.8072845069e-07,8.5946310632e-07,1.5012276525e-05,5.6881995125e-06,0.00079024525253,0.00079024525253,0.00079024525253,0.00079024525253,0.38085725038,0.38085725038,0.38085725038,0.38085725038,5.1142469825e-05,0.00018272184815,0.00018272184815,0.00018272184815,0.00018272184815,1.4189373087e-05,0.00134453477,0.00134453477,0.00134453477,0.00134453477
420,0.00074603664756,0.00074603664756,0.00074603664756,0.00074603664756,2.1469875827e-06,4.1984578373e-06,6.5420653726e-06,6.5420653726e-06,6.5420653726e-06,6.5420653726e-06,1.4440774447e-06,1.7498734285e-06,6.9928153691e-07,3.0284532203e-06,4.5681190143e-06,0.00016275793634,0.00016275793634,0.00016275793634,0.00016275793634,6.9926561745e-07,9.7977861018e-07,4.3575036059e-06,0.002891423823,0.002891423823,0.002891423823,0.002891423823,5.307487998e-06,6.261507736e-07,2.696809583e-06,2.1544615625e-05,7.9084927292e-07,6.9088250188e-07,1.2876986635e-05,4.7767923691e-06,0.00073129860459,0.00073129860459,0.00073129860459,0.00073129860459,0.378364777,0.378364777,0.378364777,0.378364777,4.4997592722e-05,0.00016477512762,0.00016477512762,0.00016477512762,0.00016477512762,1.2156510939e-05,0.0012550463914,0.0012550463914,0.0012550463914,0.0012550463914
425,0.00069129687571,0.00069129687571,0.00069129687571,0.00069129687571,1.7719377893e-06,3.5175526673e-06,5.5346392333e-06,5.5346392333e-06,5.5346392333e-06,5.5346392333e-06,1.181051251e-06,1.4374762671e-06,5.6231675833e-07,2.5189028849e-06,3.8344059591e-06,0.00014687983244,0.00014687983244,0.00014687983244,0.00014687983244,5.6230365605e-07,7.9414109446e-07,3.6538100468e-06,0.0027356612574,0.0027356612574,0.0027356612574,0.0027356612574,4.4697450107e-06,5.0219530831e-07,2.2372226522e-06,1.8692399759e-05,6.3779704659e-07,5.5540421572e-07,1.105315267e-05,4.0135111356e-06,0.00067743225162,0.00067743225162,0.00067743225162,0.00067743225162,0.37600621089,0.37600621089,0.37600621089,0.37600621089,3.9625473421e-05,0.000148736062,0.000148736062,0.000148736062,0.000148736062,1.042209313e-05,0.0011726839794,0.0011726839794,0.0011726839794,0.0011726839794
430,0.00064121193995,0.00064121193995,0.00064121193995,0.00064121193995,1.4629145148e-06,2.9485336724e-06,4.6850684333e-06,4.6850684333e-06,4.6850684333e-06,4.6850684333e-06,9.6617925276e-07,1.1812057235e-06,4.5220924093e-07,2.095978621e-06,3.2201852288e-06,0.00013267875428,0.00013267875428,0.00013267875428,0.00013267875428,4.5219845949e-07,6.4377731506e-07,3.0652940049e-06,0.0025907295094,0.0025907295094,0.0025907295094,0.0025907295094,3.7662698921e-06,4.0279373957e-07,1.8567011131e-06,1.623033228e-05,5.144167585e-07,4.4652128605e-07,9.4942585201e-06,3.3739491268e-06,0.00062815940923,0.00062815940923,0.00062815940923,0.00062815940923,0.37377452715,0.37377452715,0.37377452715,0.37377452715,3.4924875726e-05,0.00013438803369,0.00013438803369,0.00013438803369,0.00013438803369,8.9412861096e-06,0.0010968057406,0.0010968057406,0.0010968057406,0.0010968057406
435,0.00059534104616,0.00059534104616,0.00059534104616,0.00059534104616,1.2082052555e-06,2.4727812639e-06,3.9682035897e-06,3.9682035897e-06,3.9682035897e-06,3.9682035897e-06,7.9060079958e-07,9.709146071e-07,3.6368657703e-07,1.7448044397e-06,2.7057340637e-06,0.00011996543228,0.00011996543228,0.00011996543228,0.00011996543228,3.6367770712e-07,5.2196562906e-07,2.5728573176e-06,0.0024557512945,0.0024557512945,0.0024557512945,0.0024557512945,3.1752243682e-06,3.2307927641e-07,1.5415169907e-06,1.4103409437e-05,4.1494593572e-07,3.5900721033e-07,8.1608919635e-06,2.8377747757e-06,0.00058304410482,0.00058304410482,0.00058304410482,0.00058304410482,0.37166313233,0.37166313233,0.37166313233,0.37166313233,3.0808328154e-05,0.00012154046757,0.00012154046757,0.00012154046757,0.00012154046757,7.6761392985e-06,0.0010268335794,0.0010268335794,0.0010268335794,0.0010268335794
440,0.00055328892402,0.00055328892402,0.00055328892402,0.00055328892402,9.98190741e-07,2.0748126863e-06,3.3629665004e-06,3.3629665004e-06,3.3629665004e-06,3.3629665004e-06,6.4709380724e-07,7.9830156428e-07,2.9251257223e-07,1.4530841503e-06,2.2746274216e-06,0.0001085732179,0.0001085732179,0.0001085732179,0.0001085732179,2.9250527635e-07,4.2326887593e-07,2.1606086124e-06,0.0023299291838,0.0023299291838,0.0023299291838,0.0023299291838,2.6783727556e-06,2.591503606e-07,1.2803474082e-06,1.2264602807e-05,3.3474315544e-07,2.8866370202e-07,7.0196366133e-06,2.3880424516e-06,0.00054169547632,0.00054169547632,0.00054169547632,0.00054169547632,0.36966583332,0.36966583332,0.36966583332,0.36966583332,2.7200187486e-05,0.0001100255381,0.0001100255381,0.0001100255381,0.0001100255381,6.5945064088e-06,0.00096224624496,0.00096224624496,0.00096224624496,0.00096224624496
445,0.00051470076889,0.00051470076889,0.00051470076889,0.00051470076889,8.2496809174e-07,1.7417472364e-06,2.8516809281e-06,2.8516809281e-06,2.8516809281e-06,2.8516809281e-06,5.2977024835e-07,6.5657327148e-07,2.3528336253e-07,1.2106496693e-06,1.9131796424e-06,9.8355239567e-05,9.8355239567e-05,9.8355239567e-05,9.8355239567e-05,2.3527736248e-07,3.4328822732e-07,1.8153182615e-06,0.0022125376137,0.0022125376137,0.0022125376137,0.0022125376137,2.2604794776e-06,2.0787911406e-07,1.0638495027e-06,1.0673672141e-05,2.7006957544e-07,2.3211819106e-07,6.0421402011e-06,2.010621285e-06,0.00050376275207,0.00050376275207,0.00050376275207,0.00050376275207,0.36777680867,0.36777680867,0.36777680867,0.36777680867,2.4034983464e-05,9.9695312036e-05,9.9695312036e-05,9.9695312036e-05,9.9695312036e-05,5.6691391566e-06,0.00090257326819,0.00090257326819,0.00090257326819,0.00090257326819
450,0.00047925778247,0.00047925778247,0.00047925778247,0.00047925778247,6.8204230798e-07,1.4628637117e-06,2.4195150231e-06,2.4195150231e-06,2.4195150231e-06,2.4195150231e-06,4.3382850827e-07,5.4016881974e-07,1.8926369229e-07,1.009089157e-06,1.6099817976e-06,8.9181932931e-05,8.9181932931e-05,8.9181932931e-05,8.9181932931e-05,1.8925875881e-07,2.7846433911e-07,1.5259670755e-06,0.0021029157614,0.0021029157614,0.0021029157614,0.0021029157614,1.9088086775e-06,1.6675782361e-07,8.8431111927e-07,9.2961593359e-06,2.1791311304e-07,1.8666124784e-07,5.20433059e-06,1.6937215516e-06,0.00046893082565,0.00046893082565,0.00046893082565,0.00046893082565,0.36599058248,0.36599058248,0.36599058248,0.36599058248,2.1256002612e-05,9.0419266807e-05,9.0419266807e-05,9.0419266807e-05,9.0419266807e-05,4.8769252953e-06,0.00084738959229,0.00084738959229,0.00084738959229,0.00084738959229
455,0.00044667323727,0.00044667323727,0.00044667323727,0.00044667323727,5.6407361116e-07,1.2292340031e-06,2.0540164942e-06,2.0540164942e-06,2.0540164942e-06,2.0540164942e-06,3.5535193616e-07,4.4453477361e-07,1.5225543314e-07,8.414407443e-07,1.3555181326e-06,8.0938893843e-05,8.0938893843e-05,8.0938893843e-05,8.0938893843e-05,1.5225137735e-07,2.2591669066e-07,1.2833724276e-06,0.0020004611861,0.0020004611861,0.0020004611861,0.0020004611861,1.6127084029e-06,1.3377590525e-07,7.3536366193e-07,8.1025352468e-06,1.7584693261e-07,1.5011605123e-07,4.4857556407e-06,1.4275017479e-06,0.00043691635133,0.00043691635133,0.00043691635133,0.00043691635133,0.36430200025,0.36430200025,0.36430200025,0.36430200025,1.8814075582e-05,8.2082132963e-05,8.2082132963e-05,8.2082132963e-05,8.2082132963e-05,4.1982475499e-06,0.00079631081207,0.00079631081207,0.00079631081207,0.00079631081207
460,0.00041668899975,0.00041668899975,0.00041668899975,0.00041668899975,4.6667045532e-07,1.0334195829e-06,1.7447248791e-06,1.7447248791e-06,1.7447248791e-06,1.7447248791e-06,2.9114493237e-07,3.6594153244e-07,1.2249198777e-07,7.0194017393e-07,1.1418479199e-06,7.3525010299e-05,7.3525010299e-05,7.3525010299e-05,7.3525010299e-05,1.224886541e-07,1.8331375731e-07,1.0798783707e-06,0.0019046241472,0.0019046241472,0.0019046241472,0.0019046241472,1.3632648853e-06,1.0732129265e-07,6.117459457e-07,7.0674755688e-06,1.4191553537e-07,1.2073357799e-07,3.8690269841e-06,1.2037424446e-06,0.0004074642952,0.0004074642952,0.0004074642952,0.0004074642952,0.3627062068,0.3627062068,0.3627062068,0.3627062068,1.6666537921e-05,7.4582016659e-05,7.4582016659e-05,7.4582016659e-05,7.4582016659e-05,3.6164439074e-06,0.00074898894901,0.00074898894901,0.00074898894901,0.00074898894901
465,0.00038907245564,0.00038907245564,0.00038907245564,0.00038907245564,3.8621989469e-07,8.6921996861e-07,1.4828479414e-06,1.4828479414e-06,1.4828479414e-06,1.4828479414e-06,2.3859954425e-07,3.0133336579e-07,9.8553476762e-08,5.8581277909e-07,9.6234143552e-07,6.6850835472e-05,6.6850835472e-05,6.6850835472e-05,6.6850835472e-05,9.8550737101e-08,1.4876808235e-07,9.0909866739e-07,0.0018149025225,0.0018149025225,0.0018149025225,0.0018149025225,1.1530149442e-06,8.6101398481e-08,5.0910991603e-07,6.1692457986e-06,1.1454305843e-07,9.7108439617e-08,3.3393510243e-06,1.0155754298e-06,0.00038034488574,0.00038034488574,0.00038034488574,0.00038034488574,0.36119862583,0.36119862583,0.36119862583,0.36119862583,1.4776338681e-05,6.7828764236e-05,6.7828764236e-05,6.7828764236e-05,6.7828764236e-05,3.1173529297e-06,0.00070510869779,0.00070510869779,0.00070510869779,0.00070510869779
470,0.00036361378807,0.00036361378807,0.00036361378807,0.00036361378807,3.1974851761e-07,7.3146416143e-07,1.2609914341e-06,1.2609914341e-06,1.2609914341e-06,1.2609914341e-06,1.9558686457e-07,2.4820591152e-07,7.9298613451e-08,4.8910193713e-07,8.1146074063e-07,6.0837169396e-05,6.0837169396e-05,6.0837169396e-05,6.0837169396e-05,7.9296362315e-08,1.2075145979e-07,7.6570359294e-07,0.0017308372582,0.0017308372582,0.0017308372582,0.0017308372582,9.7570661809e-07,6.9079761163e-08,4.2386074902e-07,5.3891784517e-06,9.2459445457e-08,7.8111294963e-08,2.8841332251e-06,8.5725865371e-07,0.00035535091492,0.00035535091492,0.00035535091492,0.00035535091492,0.3597749412,0.3597749412,0.3597749412,0.3597749412,1.3111275222e-05,6.1742536353e-05,6.1742536353e-05,6.1742536353e-05,6.1742536353e-05,2.6889304393e-06,0.00066438408832,0.00066438408832,0.00066438408832,0.00066438408832
475,0.00034012356571,0.00034012356571,0.00034012356571,0.00034012356571,2.6480839984e-07,6.158376333e-07,1.0729333025e-06,1.0729333025e-06,1.0729333025e-06,1.0729333025e-06,1.6036859885e-07,2.0450607757e-07,6.3809979565e-08,4.0852754365e-07,6.8457757491e-07,5.5413821387e-05,5.5413821387e-05,5.5413821387e-05,5.5413821387e-05,6.3808130131e-08,9.802636267e-08,6.4524296763e-07,0.0016520082912,0.0016520082912,0.0016520082912,0.0016520082912,8.2609982842e-07,5.5425262455e-08,3.5302519658e-07,4.7112283652e-06,7.4641000038e-08,6.2834570394e-08,2.4926440015e-06,7.239891363e-07,0.000332295347,0.000332295347,0.000332295347,0.000332295347,0.35843107961,0.35843107961,0.35843107961,0.35843107961,1.1643335772e-05,5.6252563643e-05,5.6252563643e-05,5.6252563643e-05,5.6252563643e-05,2.3209261583e-06,0.00062655551424,0.00062655551424,0.00062655551424,0.00062655551424
480,0.00031843060354,0.00031843060354,0.00031843060354,0.00031843060354,2.1938354382e-07,5.1873873387e-07,9.1343490993e-07,9.1343490993e-07,9.1343490993e-07,9.1343490993e-07,1.3152503781e-07,1.6855022582e-07,5.1350062599e-08,3.4136920484e-07,5.7782200228e-07,5.0518529176e-05,5.0518529176e-05,5.0518529176e-05,5.0518529176e-05,5.1348543416e-08,7.9590496657e-08,5.4399919024e-07,0.0015780308909,0.0015780308909,0.0015780308909,0.0015780308909,6.9980029518e-07,4.447141988e-08,2.9414314471e-07,4.1215941398e-06,6.0262514933e-08,5.0548864623e-08,2.1557364361e-06,6.1174735331e-07,0.00031100919813,0.00031100919813,0.00031100919813,0.00031100919813,0.35716319462,0.35716319462,0.35716319462,0.35716319462,1.034813413e-05,5.1296059784e-05,5.1296059784e-05,5.1296059784e-05,5.1296059784e-05,2.0046107417e-06,0.00059138708513,0.00059138708513,0.00059138708513,0.00059138708513
485,0.00029838006348,0.00029838006348,0.00029838006348,0.00029838006348,1.8181309776e-07,4.371594575e-07,7.7808312931e-07,7.7808312931e-07,7.7808312931e-07,7.7808312931e-07,1.0789637688e-07,1.3895727915e-07,4.1325936212e-08,2.853697905e-07,4.8795655396e-07,4.6096014028e-05,4.6096014028e-05,4.6096014028e-05,4.6096014028e-05,4.1324688492e-08,6.4631959682e-08,4.5886512679e-07,0.0015085523742,0.0015085523742,0.0015085523742,0.0015085523742,5.9312108335e-07,3.5683754052e-08,2.4517825692e-07,3.6083956473e-06,4.86587193e-08,4.0667932699e-08,1.8656076216e-06,5.171677402e-07,0.00029133965394,0.00029133965394,0.00029133965394,0.00029133965394,0.35596765191,0.35596765191,0.35596765191,0.35596765191,9.2044231702e-06,4.6817271198e-05,4.6817271198e-05,4.6817271198e-05,4.6817271198e-05,1.7325451984e-06,0.00055866426479,0.00055866426479,0.00055866426479,0.00055866426479
490,0.00027983176646,0.00027983176646,0.00027983176646,0.00027983176646,1.5072832358e-07,3.6858639e-07,6.6315817756e-07,6.6315817756e-07,6.6315817756e-07,6.6315817756e-07,8.8534897469e-08,1.1459401358e-07,3.3260882525e-08,2.3865576589e-07,4.1227152119e-07,4.2097154003e-05,4.2097154003e-05,4.2097154003e-05,4.2097154003e-05,3.3259857906e-08,5.2492973105e-08,3.8724260135e-07,0.0014432491523,0.0014432491523,0.0014432491523,0.0014432491523,5.0296712359e-07,2.8633628138e-08,2.0444431508e-07,3.1613990959e-06,3.9293226995e-08,3.2720559049e-08,1.6155967519e-06,4.3743087547e-07,0.0002731483971,0.0002731483971,0.0002731483971,0.0002731483971,0.35484101564,0.35484101564,0.35484101564,0.35484101564,8.1936758374e-06,4.2766645443e-05,4.2766645443e-05,4.2766645443e-05,4.2766645443e-05,1.4983859904e-06,0.00052819176268,0.00052819176268,0.00052819176268,0.00052819176268
495,0.00026265869086,0.00026265869086,0.00026265869086,0.00026265869086,1.2500083398e-07,3.1091838031e-07,5.6552293576e-07,5.6552293576e-07,5.6552293576e-07,5.6552293576e-07,7.2665989586e-08,9.4530302399e-08,2.677159037e-08,1.9967135575e-07,3.4849780061e-07,3.8478259918e-05,3.8478259918e-05,3.8478259918e-05,3.8478259918e-05,2.6770749077e-08,4.2640541392e-08,3.2695797223e-07,0.0013818240745,0.0013818240745,0.0013818240745,0.0013818240745,4.2673884431e-07,2.297727504e-08,1.7054447639e-07,2.7717824695e-06,3.1733523996e-08,2.6327962769e-08,1.4000141902e-06,3.7017366893e-07,0.00025631011976,0.00025631011976,0.00025631011976,0.00025631011976,0.35378003582,0.35378003582,0.35378003582,0.35378003582,7.299723975e-06,3.9100102808e-05,3.9100102808e-05,3.9100102808e-05,3.9100102808e-05,1.2967201791e-06,0.00049979164955,0.00049979164955,0.00049979164955,0.00049979164955
500,0.00024674563566,0.00024674563566,0.00024674563566,0.00024674563566,1.0370006946e-07,2.6239808059e-07,4.8253020978e-07,4.8253020978e-07,4.8253020978e-07,4.8253020978e-07,5.9656373325e-08,7.8002491389e-08,2.1549832638e-08,1.671241167e-07,2.9473431384e-07,3.5200440685e-05,3.5200440685e-05,3.5200440685e-05,3.5200440685e-05,2.1549141962e-08,3.464271301e-08,2.7619188361e-07,0.0013240040352,0.0013240040352,0.0013240040352,0.0013240040352,3.622517104e-07,1.8438982909e-08,1.4232116212e-07,2.4319352651e-06,2.5630818395e-08,2.1185645873e-08,1.2139966647e-06,3.1341451041e-07,0.00024071119939,0.00024071119939,0.00024071119939,0.00024071119939,0.35278163663,0.35278163663,0.35278163663,0.35278163663,6.5084467457e-06,3.577839775e-05,3.577839775e-05,3.577839775e-05,3.577839775e-05,1.1229258977e-06,0.00047330167186,0.00047330167186,0.00047330167186,0.00047330167186
505,0.00023198802892,0.00023198802892,0.00023198802892,0.00023198802892,8.6058354026e-08,2.2155499114e-07,4.1194498034e-07,4.1194498034e-07,4.1194498034e-07,4.1194498034e-07,4.8988182957e-08,6.4383418812e-08,1.7347741871e-08,1.3993992232e-07,2.4938753444e-07,3.2229046511e-05,3.2229046511e-05,3.2229046511e-05,3.2229046511e-05,1.7347174922e-08,2.8149370256e-08,2.3342078419e-07,0.0012695378175,0.0012695378175,0.0012695378175,0.0012695378175,3.0766900817e-07,1.4797614017e-08,1.1881470104e-07,2.1352873893e-06,2.0703806036e-08,1.7048809899e-08,1.0533845181e-06,2.6549085585e-07,0.00022624851882,0.00022624851882,0.00022624851882,0.00022624851882,0.35184290556,0.35184290556,0.35184290556,0.35184290556,5.8075016251e-06,3.2766558566e-05,3.2766558566e-05,3.2766558566e-05,3.2766558566e-05,9.730541797e-07,0.00044857374259,0.00044857374259,0.00044857374259,0.00044857374259
510,0.00021829086493,0.00021829086493,0.00021829086493,0.00021829086493,7.1442169014e-08,1.8715805446e-07,3.5187918371e-07,3.5187918371e-07,3.5187918371e-07,3.5187918371e-07,4.0237826887e-08,5.3157867522e-08,1.3965976672e-08,1.1722571789e-07,2.1112107787e-07,2.9533179958e-05,2.9533179958e-05,2.9533179958e-05,2.9533179958e-05,1.3965511344e-08,2.2876681577e-08,1.973682184e-07,0.0012181941473,0.0012181941473,0.0012181941473,0.0012181941473,2.6144566657e-07,1.1875795755e-08,9.9229184979e-08,1.8761628629e-06,1.6725589564e-08,1.3720638647e-08,9.1461758343e-07,2.2500715805e-07,0.00021282841391,0.00021282841391,0.00021282841391,0.00021282841391,0.3509610834,0.3509610834,0.3509610834,0.3509610834,5.1860919646e-06,3.0033395309e-05,3.0033395309e-05,3.0033395309e-05,3.0033395309e-05,8.4372881101e-07,0.00042547258875,0.00042547258875,0.00042547258875,0.00042547258875
515,0.0002055677553,0.0002055677553,0.0002055677553,0.0002055677553,5.9328530612e-08,1.5817617854e-07,3.007369732e-07,3.007369732e-07,3.007369732e-07,3.007369732e-07,3.3058739014e-08,4.3902458972e-08,1.1244210732e-08,9.8238690902e-08,1.7881365918e-07,2.708526623e-05,2.708526623e-05,2.708526623e-05,2.708526623e-05,1.1243828858e-08,1.8594516152e-08,1.6696423748e-07,0.001169759936,0.001169759936,0.001169759936,0.001169759936,2.2228127846e-07,9.5312537952e-09,8.2904267681e-08,1.6496546463e-06,1.3513137322e-08,1.104288315e-08,7.9464680193e-07,1.9079140582e-07,0.00020036573415,0.00020036573415,0.00020036573415,0.00020036573415,0.35013355486,0.35013355486,0.35013355486,0.35013355486,4.6347659919e-06,2.7551067235e-05,2.7551067235e-05,2.7551067235e-05,2.7551067235e-05,7.3206140171e-07,0.0004038745382,0.0004038745382,0.0004038745382,0.0004038745382
520,0.00019374008085,0.00019374008085,0.00019374008085,0.00019374008085,4.9285557693e-08,1.3374534764e-07,2.5716875196e-07,2.5716875196e-07,2.5716875196e-07,2.5716875196e-07,2.7167301674e-08,3.6269180538e-08,9.0534881039e-09,8.2360741843e-08,1.5152401242e-07,2.4860675186e-05,2.4860675186e-05,2.4860675186e-05,2.4860675186e-05,9.0531747536e-09,1.5116254764e-08,1.4131156064e-07,0.0011240386928,0.0011240386928,0.0011240386928,0.0011240386928,1.8908079504e-07,7.6498626012e-09,6.9291863533e-08,1.45151746e-06,1.0918788074e-08,8.8882960351e-09,6.9085915394e-07,1.618588305e-07,0.00018878300327,0.00018878300327,0.00018878300327,0.00018878300327,0.34935783995,0.34935783995,0.34935783995,0.34935783995,4.1452428612e-06,2.5294702266e-05,2.5294702266e-05,2.5294702266e-05,2.5294702266e-05,6.3557931756e-07,0.00038366643045,0.00038366643045,0.00038366643045,0.00038366643045
525,0.00018273623315,0.00018273623315,0.00018273623315,0.00018273623315,4.0956481267e-08,1.1314120834e-07,2.2003255033e-07,2.2003255033e-07,2.2003255033e-07,2.2003255033e-07,2.2331354106e-08,2.9971885629e-08,7.2900781018e-09,6.9077335287e-08,1.2846160476e-07,2.283738855e-05,2.283738855e-05,2.283738855e-05,2.283738855e-05,7.2898210092e-09,1.2290539422e-08,1.1965735027e-07,0.0010808490873,0.0010808490873,0.0010808490873,0.0010808490873,1.6092162314e-07,6.1400727962e-09,5.793688737e-08,1.2780759483e-06,8.8234038357e-09,7.1545516263e-09,6.0101385656e-07,1.3738158267e-07,0.00017800966868,0.00017800966868,0.00017800966868,0.00017800966868,0.34863158585,0.34863158585,0.34863158585,0.34863158585,3.710261995e-06,2.3242061911e-05,2.3242061911e-05,2.3242061911e-05,2.3242061911e-05,5.5216448534e-07,0.00036474463791,0.00036474463791,0.00036474463791,0.00036474463791
530,0.00017249093542,0.00017249093542,0.00017249093542,0.00017249093542,3.4046481547e-08,9.5756208591e-08,1.8836155657e-07,1.8836155657e-07,1.8836155657e-07,1.8836155657e-07,1.8360809249e-08,2.4775226842e-08,5.8705353256e-09,5.7959972555e-08,1.0896217611e-07,2.0995706687e-05,2.0995706687e-05,2.0995706687e-05,2.0995706687e-05,5.8703244141e-09,9.9945917938e-09,1.0136965843e-07,0.0010400236487,0.0010400236487,0.0010400236487,0.0010400236487,1.3702606838e-07,4.928442423e-09,4.8461328377e-08,1.1261459331e-06,7.1308505112e-09,5.7593596884e-09,5.2318810171e-07,1.1666338452e-07,0.00016798142957,0.00016798142957,0.00016798142957,0.00016798142957,0.34795255946,0.34795255946,0.34795255946,0.34795255946,3.3234524965e-06,2.1373245977e-05,2.1373245977e-05,2.1373245977e-05,2.1373245977e-05,4.8000139786e-07,0.00034701418562,0.00034701418562,0.00034701418562,0.00034701418562
535,0.00016294463409,0.00016294463409,0.00016294463409,0.00016294463409,2.8311848963e-08,8.1080524657e-08,1.6133680562e-07,1.6133680562e-07,1.6133680562e-07,1.6133680562e-07,1.5099990126e-08,2.0485581007e-08,4.7277282028e-09,4.8651659876e-08,9.2467299337e-08,1.9317990005e-05,1.9317990005e-05,1.9317990005e-05,1.9317990005e-05,4.7275551958e-09,8.1288013099e-09,8.5917762341e-08,0.0010014075872,0.0010014075872,0.0010014075872,0.0010014075872,1.167382438e-07,3.9560532954e-09,4.0551075864e-08,9.9296684527e-07,5.7635484007e-09,4.6365382285e-09,4.5573087836e-07,9.9118330977e-08,0.00015863963501,0.00015863963501,0.00015863963501,0.00015863963501,0.34731864036,0.34731864036,0.34731864036,0.34731864036,2.9792198723e-06,1.9670432111e-05,1.9670432111e-05,1.9670432111e-05,1.9670432111e-05,4.1753290774e-07,0.0003303879588,0.0003303879588,0.0003303879588,0.0003303879588
540,0.00015404295312,0.00015404295312,0.00015404295312,0.00015404295312,2.3551055837e-08,6.8686140873e-08,1.3826419406e-07,1.3826419406e-07,1.3826419406e-07,1.3826419406e-07,1.2421369138e-08,1.6943605433e-08,3.8076459465e-09,4.0854855193e-08,7.850729191e-08,1.7788430707e-05,1.7788430707e-05,1.7788430707e-05,1.7788430707e-05,3.8075040469e-09,6.6123409809e-09,7.2855738699e-08,0.00096485772455,0.00096485772455,0.00096485772455,0.00096485772455,9.9504710426e-08,3.1756370275e-09,3.3945017227e-08,8.7614370628e-07,4.6588848446e-09,3.7328569077e-09,3.9722364932e-07,8.4253151886e-08,0.00014993074433,0.00014993074433,0.00014993074433,0.00014993074433,0.34672781433,0.34672781433,0.34672781433,0.34672781433,2.6726476939e-06,1.8117645887e-05,1.8117645887e-05,1.8117645887e-05,1.8117645887e-05,3.6342261919e-07,0.00031478598892,0.00031478598892,0.00031478598892,0.00031478598892
545,0.00014573620424,0.00014573620424,0.00014573620424,0.00014573620424,1.9597399424e-08,5.8213554805e-08,1.1855512556e-07,1.1855512556e-07,1.1855512556e-07,1.1855512556e-07,1.0220452176e-08,1.4018130371e-08,3.0668311868e-09,3.4321466778e-08,6.6686922578e-08,1.6392851172e-05,1.6392851172e-05,1.6392851172e-05,1.6392851172e-05,3.0667148133e-09,5.37961522e-09,6.180873712e-08,0.00093024152313,0.00093024152313,0.00093024152313,0.00093024152313,8.4858238487e-08,2.5492701161e-09,2.8426012764e-08,7.7359727476e-07,3.7663216615e-09,3.0054996884e-09,3.4644684388e-07,7.1652362797e-08,0.00014180584274,0.00014180584274,0.00014180584274,0.00014180584274,0.34617816725,0.34617816725,0.34617816725,0.34617816725,2.3994121637e-06,1.6700557669e-05,1.6700557669e-05,1.6700557669e-05,1.6700557669e-05,3.1652287294e-07,0.00030013480998,0.00030013480998,0.00030013480998,0.00030013480998
550,0.00013797894701,0.00013797894701,0.00013797894701,0.00013797894701,1.6312937728e-08,4.9360669722e-08,1.0171020443e-07,1.0171020443e-07,1.0171020443e-07,1.0171020443e-07,8.4115971685e-09,1.1601146362e-08,2.4703155349e-09,2.8844551013e-08,5.6673450144e-08,1.5118525695e-05,1.5118525695e-05,1.5118525695e-05,1.5118525695e-05,2.4702201052e-09,4.3773813318e-09,5.2461503573e-08,0.00089743620451,0.00089743620451,0.00089743620451,0.00089743620451,7.2404179244e-08,2.0465253324e-09,2.3813421354e-08,6.8352117994e-07,3.0450625821e-09,2.4200251108e-09,3.0235128778e-07,6.0965827985e-08,0.00013422020644,0.00013422020644,0.00013422020644,0.00013422020644,0.34566787942,0.34566787942,0.34566787942,0.34566787942,2.1557078364e-06,1.5406302996e-05,1.5406302996e-05,1.5406302996e-05,1.5406302996e-05,2.7584747535e-07,0.00028636687745,0.00028636687745,0.00028636687745,0.00028636687745
555,0.00013072959321,0.00013072959321,0.00013072959321,0.00013072959321,1.358348926e-08,4.1873510176e-08,8.7305489971e-08,8.7305489971e-08,8.7305489971e-08,8.7305489971e-08,6.9245955507e-09,9.6036890047e-09,1.9899594477e-09,2.4251417875e-08,4.8186609045e-08,1.3954022768e-05,1.3954022768e-05,1.3954022768e-05,1.3954022768e-05,1.9898812e-09,3.5624165467e-09,4.4548780556e-08,0.00086632794741,0.00086632794741,0.00086632794741,0.00086632794741,6.1809022058e-08,1.6429890317e-09,1.9956908152e-08,6.0434503704e-07,2.4621720766e-09,1.9487264967e-09,2.6403382774e-07,5.1898338687e-08,0.00012713291154,0.00012713291154,0.00012713291154,0.00012713291154,0.34519522027,0.34519522027,0.34519522027,0.34519522027,1.9381829878e-06,1.4223323638e-05,1.4223323638e-05,1.4223323638e-05,1.4223323638e-05,2.4054845412e-07,0.00027342004355,0.00027342004355,0.00027342004355,0.00027342004355
560,0.00012395005096,0.00012395005096,0.00012395005096,0.00012395005096,1.1314508686e-08,3.553845788e-08,7.4980903205e-08,7.4980903205e-08,7.4980903205e-08,7.4980903205e-08,5.7018767556e-09,7.952459487e-09,1.6031171239e-09,2.0397903123e-08,4.0990220868e-08,1.2889065405e-05,1.2889065405e-05,1.2889065405e-05,1.2889065405e-05,1.6030529706e-09,2.8996269146e-09,3.7847273326e-08,0.00083681115817,0.00083681115817,0.00083681115817,0.00083681115817,5.2790781408e-08,1.3190719056e-09,1.6731312456e-08,5.347026879e-07,1.9910580714e-09,1.5693135827e-09,2.3071652153e-07,4.4200875814e-08,0.00012050648234,0.00012050648234,0.00012050648234,0.00012050648234,0.34475854337,0.34475854337,0.34475854337,0.34475854337,1.7438833392e-06,1.3141226812e-05,1.3141226812e-05,1.3141226812e-05,1.3141226812e-05,2.0989623371e-07,0.00026123708283,0.00026123708283,0.00026123708283,0.00026123708283
565,0.00011760540416,0.00011760540416,0.00011760540416,0.00011760540416,9.4276837936e-09,3.017575592e-08,6.4430443706e-08,6.4430443706e-08,6.4430443706e-08,6.4430443706e-08,4.6962216229e-09,6.5870485315e-09,1.2915627231e-09,1.7163607843e-08,3.4885164451e-08,1.1914407368e-05,1.1914407368e-05,1.1914407368e-05,1.1914407368e-05,1.2915101302e-09,2.3605141341e-09,3.2168923545e-08,0.00080878780619,0.00080878780619,0.00080878780619,0.00080878780619,4.511091717e-08,1.0590550649e-09,1.4032392597e-08,4.7340483628e-07,1.6102480435e-09,1.2638525098e-09,2.0172886092e-07,3.7663281316e-08,0.00011430657458,0.00011430657458,0.00011430657458,0.00011430657458,0.34435628184,0.34435628184,0.34435628184,0.34435628184,1.5702030181e-06,1.2150660402e-05,1.2150660402e-05,1.2150660402e-05,1.2150660402e-05,1.8326271696e-07,0.00024976526305,0.00024976526305,0.00024976526305,0.00024976526305
570,0.00011166362357,0.00011166362357,0.00011166362357,0.00011166362357,7.8581267003e-09,2.5634071608e-08,5.5393929533e-08,5.5393929533e-08,5.5393929533e-08,5.5393929533e-08,3.8688916137e-09,5.4576553525e-09,1.0406267002e-09,1.4447940384e-08,2.9703481739e-08,1.102172337e-05,1.102172337e-05,1.102172337e-05,1.102172337e-05,1.0405835884e-09,1.921932378e-09,2.7355274944e-08,0.00078216681835,0.00078216681835,0.00078216681835,0.00078216681835,3.8567540202e-08,8.5032485697e-10,1.1773296666e-08,4.1941545336e-07,1.3024016666e-09,1.0179134846e-09,1.7649257595e-07,3.2108108115e-08,0.00010850169003,0.00010850169003,0.00010850169003,0.00010850169003,0.34398694395,0.34398694395,0.34398694395,0.34398694395,1.4148417945e-06,1.1243202268e-05,1.1243202268e-05,1.1243202268e-05,1.1243202268e-05,1.6010683776e-07,0.00023895595652,0.00023895595652,0.00023895595652,0.00023895595652
575,0.0001060953063,0.0001060953063,0.0001060953063,0.0001060953063,6.5520547554e-09,2.1785943353e-08,4.7650019426e-08,4.7650019426e-08,4.7650019426e-08,4.7650019426e-08,3.1880978415e-09,4.5232128132e-09,8.3850109358e-10,1.2166824115e-08,2.5303433562e-08,1.0203511625e-05,1.0203511625e-05,1.0203511625e-05,1.0203511625e-05,8.3846575667e-10,1.5650801069e-09,2.3272751512e-08,0.00075686352659,0.00075686352659,0.00075686352659,0.00075686352659,3.2989695928e-08,6.8275905318e-10,9.8816341295e-09,3.7183142046e-07,1.0535142108e-09,8.1988538252e-10,1.5450863766e-07,2.7385456595e-08,0.00010306291912,0.00010306291912,0.00010306291912,0.00010306291912,0.34364910912,0.34364910912,0.34364910912,0.34364910912,1.2757677611e-06,1.0411261971e-05,1.0411261971e-05,1.0411261971e-05,1.0411261971e-05,1.3996221648e-07,0.00022876428801,0.00022876428801,0.00022876428801,0.00022876428801
580,0.00010087344048,0.00010087344048,0.00010087344048,0.00010087344048,5.4648751261e-09,1.8523966064e-08,4.1010315077e-08,4.1010315077e-08,4.1010315077e-08,4.1010315077e-08,2.6277478856e-09,3.7498460027e-09,6.756806777e-10,1.0249957916e-08,2.1565350267e-08,9.4530072672e-06,9.4530072672e-06,9.4530072672e-06,9.4530072672e-06,6.7565171592e-10,1.2746823273e-09,1.9808698581e-08,0.00073279916361,0.00073279916361,0.00073279916361,0.00073279916361,2.8232552483e-08,5.4823444386e-10,8.2970451341e-09,3.2986495285e-07,8.5227377798e-10,6.604245603e-10,1.3534613433e-07,2.3368637306e-08,9.7963708586e-05,9.7963708586e-05,9.7963708586e-05,9.7963708586e-05,0.34334142402,0.34334142402,0.34334142402,0.34334142402,1.151184742e-06,9.6479934607e-06,9.6479934607e-06,9.6479934607e-06,9.6479934607e-06,1.2242660547e-07,0.00021914881541,0.00021914881541,0.00021914881541,0.00021914881541
585,9.5973192822e-05,9.5973192822e-05,9.5973192822e-05,9.5973192822e-05,4.5596022749e-09,1.5757593831e-08,3.5314373683e-08,3.5314373683e-08,3.5314373683e-08,3.5314373683e-08,2.1664197329e-09,3.1096045729e-09,5.4451337968e-10,8.6385356728e-09,1.8388147786e-08,8.7641053889e-06,8.7641053889e-06,8.7641053889e-06,8.7641053889e-06,5.444896448e-10,1.0383272173e-09,1.6868062007e-08,0.00070990040224,0.00070990040224,0.00070990040224,0.00070990040224,2.4173348272e-08,4.402318118e-10,6.9691821314e-09,2.9282841464e-07,6.8954261349e-10,5.3201156933e-10,1.1863274527e-07,1.9950525923e-08,9.3179651676e-05,9.3179651676e-05,9.3179651676e-05,9.3179651676e-05,0.34306259906,0.34306259906,0.34306259906,0.34306259906,1.0395038087e-06,8.9472174354e-06,8.9472174354e-06,8.9472174354e-06,8.9472174354e-06,1.0715285963e-07,0.00021007123989,0.00021007123989,0.00021007123989,0.00021007123989
590,9.1371716452e-05,9.1371716452e-05,9.1371716452e-05,9.1371716452e-05,3.8055500391e-09,1.3410458781e-08,3.042548804e-08,3.042548804e-08,3.042548804e-08,3.042548804e-08,1.7865214761e-09,2.5794199133e-09,4.3883857193e-10,7.283347136e-09,1.5686401039e-08,8.1312925525e-06,8.1312925525e-06,8.1312925525e-06,8.1312925525e-06,4.3881912214e-10,8.4592789646e-10,1.4370601302e-08,0.00068809893429,0.00068809893429,0.00068809893429,0.00068809893429,2.0707977405e-08,3.5351901546e-10,5.8560332669e-09,2.6012119066e-07,5.5793850172e-10,4.2859462406e-10,1.0404657767e-07,1.7040498523e-08,8.8688298432e-05,8.8688298432e-05,8.8688298432e-05,8.8688298432e-05,0.342811405,0.342811405,0.342811405,0.342811405,9.3931836851e-07,8.303352255e-06,8.303352255e-06,8.303352255e-06,8.303352255e-06,9.3841207e-08,0.0002014961427,0.0002014961427,0.0002014961427,0.0002014961427
595,8.7047977041e-05,8.7047977041e-05,8.7047977041e-05,8.7047977041e-05,3.1772503056e-09,1.1418121732e-08,2.6227114199e-08,2.6227114199e-08,2.6227114199e-08,2.6227114199e-08,1.4736029709e-09,2.1402470385e-09,3.5369604536e-10,6.143195724e-09,1.338788437e-08,7.5495858149e-06,7.5495858149e-06,7.5495858149e-06,7.5495858149e-06,3.5368010822e-10,6.8928566485e-10,1.2248549798e-08,0.00066733108521,0.00066733108521,0.00066733108521,0.00066733108521,1.7748111186e-08,2.8389672711e-10,4.9225291306e-09,2.3121832912e-07,4.5149689952e-10,3.4530282874e-10,9.1309167333e-08,1.4561853545e-08,8.4468984099e-05,8.4468984099e-05,8.4468984099e-05,8.4468984099e-05,0.34258666978,0.34258666978,0.34258666978,0.34258666978,8.4938236183e-07,7.7113524149e-06,7.7113524149e-06,7.7113524149e-06,7.7113524149e-06,8.2232628113e-08,0.00019339074584,0.00019339074584,0.00019339074584,0.00019339074584
600,8.2982595391e-05,8.2982595391e-05,8.2982595391e-05,8.2982595391e-05,2.6535587282e-09,9.7261842782e-09,2.2619845725e-08,2.2619845725e-08,2.2619845725e-08,2.2619845725e-08,1.2157918337e-09,1.7763582696e-09,2.8509183565e-10,5.1835798599e-09,1.1431503504e-08,7.014478391e-06,7.014478391e-06,7.014478391e-06,7.014478391e-06,2.8507877772e-10,5.6173552688e-10,1.0444649213e-08,0.00064753746138,0.00064753746138,0.00064753746138,0.00064753746138,1.5218770295e-08,2.2799443145e-10,4.1393845478e-09,2.0566070986e-07,3.653982086e-10,2.7821549874e-10,8.0179473532e-08,1.2449642135e-08,8.050267376e-05,8.050267376e-05,8.050267376e-05,8.050267376e-05,0.34238727561,0.34238727561,0.34238727561,0.34238727561,7.6859116607e-07,7.1666537115e-06,7.1666537115e-06,7.1666537115e-06,7.1666537115e-06,7.2103181731e-08,0.00018572469447,0.00018572469447,0.00018572469447,0.00018572469447
605,7.9157704772e-05,7.9157704772e-05,7.9157704772e-05,7.9157704772e-05,2.2169148906e-09,8.2887034781e-09,1.9518849585e-08,1.9518849585e-08,1.9518849585e-08,1.9518849585e-08,1.0033312055e-09,1.4747616882e-09,2.2980978365e-10,4.375593511e-09,9.7655559049e-09,6.5218911979e-06,6.5218911979e-06,6.5218911979e-06,6.5218911979e-06,2.2979908554e-10,4.5785845412e-10,8.9104979695e-09,0.00062866262684,0.00062866262684,0.00062866262684,0.00062866262684,1.3056276112e-08,1.8310674347e-10,3.4821353975e-09,1.8304652746e-07,2.9574760637e-10,2.2417659232e-10,7.0448723766e-08,1.0648841295e-08,7.6771821578e-05,7.6771821578e-05,7.6771821578e-05,7.6771821578e-05,0.34221215611,0.34221215611,0.34221215611,0.34221215611,6.9596485892e-07,6.665124336e-06,6.665124336e-06,6.665124336e-06,6.665124336e-06,6.3259138709e-08,0.00017846985871,0.00017846985871,0.00017846985871,0.00017846985871
610,7.5556821549e-05,7.5556821549e-05,7.5556821549e-05,7.5556821549e-05,1.8527300392e-09,7.0668600707e-09,1.6851692116e-08,1.6851692116e-08,1.6851692116e-08,1.6851692116e-08,8.2820082724e-10,1.2247221873e-09,1.8525988777e-10,3.6950091292e-09,8.3462666873e-09,6.0681296121e-06,6.0681296121e-06,6.0681296121e-06,6.0681296121e-06,1.8525112361e-10,3.7324778547e-10,7.6051625335e-09,0.00061065480698,0.00061065480698,0.00061065480698,0.00061065480698,1.1206521104e-08,1.4706207187e-10,2.9303373193e-09,1.6302390875e-07,2.3939728882e-10,1.8064542155e-10,6.193598542e-08,9.1128149673e-09,7.3260243168e-05,7.3260243168e-05,7.3260243168e-05,7.3260243168e-05,0.34206029373,0.34206029373,0.34206029373,0.34206029373,6.3063353887e-07,6.2030212222e-06,6.2030212222e-06,6.2030212222e-06,6.2030212222e-06,5.5532806412e-08,0.00017160015318,0.00017160015318,0.00017160015318,0.00017160015318
615,7.2164727769e-05,7.2164727769e-05,7.2164727769e-05,7.2164727769e-05,1.5488802235e-09,6.0278391524e-09,1.4556494758e-08,1.4556494758e-08,1.4556494758e-08,1.4556494758e-08,6.8380633587e-10,1.017366904e-09,1.4935625672e-10,3.1215124316e-09,7.136555877e-09,5.6498448492e-06,5.6498448492e-06,5.6498448492e-06,5.6498448492e-06,1.4934907737e-10,3.0431954998e-10,6.4940093562e-09,0.0005934656166,0.0005934656166,0.0005934656166,0.0005934656166,9.6235078928e-09,1.1811723213e-10,2.46689885e-09,1.4528450931e-07,1.9380294124e-10,1.4557654216e-10,5.448435956e-08,7.8020170459e-09,6.9952999786e-05,6.9952999786e-05,6.9952999786e-05,6.9952999786e-05,0.34193071725,0.34193071725,0.34193071725,0.34193071725,5.7182444109e-07,5.7769510551e-06,5.7769510551e-06,5.7769510551e-06,5.7769510551e-06,4.8778943562e-08,0.00016509137244,0.00016509137244,0.00016509137244,0.00016509137244
620,6.8967364533e-05,6.8967364533e-05,6.8967364533e-05,6.8967364533e-05,1.2952865587e-09,5.1438890043e-09,1.2580368741e-08,1.2580368741e-08,1.2580368741e-08,1.2580368741e-08,5.64724435e-10,8.4536007591e-10,1.2041887827e-10,2.6380636289e-09,6.1049999745e-09,5.2639994483e-06,5.2639994483e-06,5.2639994483e-06,5.2639994483e-06,1.2041299753e-10,2.4815843005e-10,5.5477219312e-09,0.00057704981028,0.00057704981028,0.00057704981028,0.00057704981028,8.268114657e-09,9.4872879096e-11,2.0775262308e-09,1.2955795564e-07,1.5690783446e-10,1.1732311299e-10,4.7957707479e-08,6.6828977782e-09,6.6836293175e-05,6.6836293175e-05,6.6836293175e-05,6.6836293175e-05,0.34182249947,0.34182249947,0.34182249947,0.34182249947,5.1885062135e-07,5.3838354169e-06,5.3838354169e-06,5.3838354169e-06,5.3838354169e-06,4.2871680188e-08,0.00015892104085,0.00015892104085,0.00015892104085,0.00015892104085
625,6.5951735078e-05,6.5951735078e-05,6.5951735078e-05,6.5951735078e-05,1.0835675224e-09,4.39152936e-09,1.087808584e-08,1.087808584e-08,1.087808584e-08,1.087808584e-08,4.6649384246e-10,7.0263502825e-10,9.7094551308e-11,2.2303639971e-09,5.2249567938e-09,4.9078363999e-06,4.9078363999e-06,4.9078363999e-06,4.9078363999e-06,9.7089734585e-11,2.0239264902e-10,4.7414732494e-09,0.000561365053,0.000561365053,0.000561365053,0.000561365053,7.1070512933e-09,7.6205643383e-11,1.7502610142e-09,1.1560701811e-07,1.2704922024e-10,9.4559134066e-11,4.2237833768e-08,5.7269812223e-09,6.389737001e-05,6.389737001e-05,6.389737001e-05,6.389737001e-05,0.34173475502,0.34173475502,0.34173475502,0.34173475502,4.7110101009e-07,5.0208796094e-06,5.0208796094e-06,5.0208796094e-06,5.0208796094e-06,3.7701869972e-08,0.00015306827552,0.00015306827552,0.00015306827552,0.00015306827552
630,6.3105816639e-05,6.3105816639e-05,6.3105816639e-05,6.3105816639e-05,9.0675082802e-10,3.7508850868e-09,9.4109490149e-09,9.4109490149e-09,9.4109490149e-09,9.4109490149e-09,3.8544374913e-10,5.8417319182e-10,7.8293238555e-11,1.8864102456e-09,4.4738275659e-09,4.578851515e-06,4.578851515e-06,4.578851515e-06,4.578851515e-06,7.8289293569e-11,1.6509233634e-10,4.05422877e-09,0.00054637170922,0.00054637170922,0.00054637170922,0.00054637170922,6.1119764458e-09,6.1213670348e-11,1.4750948147e-09,1.0322341609e-07,1.0288272809e-10,7.6216871503e-11,3.7222060791e-08,4.9100866446e-09,6.1124435007e-05,6.1124435007e-05,6.1124435007e-05,6.1124435007e-05,0.34166663825,0.34166663825,0.34166663825,0.34166663825,4.2803166489e-07,4.6855447438e-06,4.6855447438e-06,4.6855447438e-06,4.6855447438e-06,3.3174812925e-08,0.00014751366111,0.00014751366111,0.00014751366111,0.00014751366111
635,6.0418480228e-05,6.0418480228e-05,6.0418480228e-05,6.0418480228e-05,7.5903458938e-10,3.2051251649e-09,8.1458323941e-09,8.1458323941e-09,8.1458323941e-09,8.1458323941e-09,3.1855302403e-10,4.8582184587e-10,6.3136828889e-11,1.5961220856e-09,3.8324344894e-09,4.2747686764e-06,4.2747686764e-06,4.2747686764e-06,4.2747686764e-06,6.3133598059e-11,1.3468695203e-10,3.4681590572e-09,0.00053203264887,0.00053203264887,0.00053203264887,0.00053203264887,5.2587502433e-09,4.9172913026e-11,1.243648216e-09,9.2224169907e-08,8.3321295515e-11,6.1436499918e-11,3.282113894e-08,4.2116710914e-09,5.8506571854e-05,5.8506571854e-05,5.8506571854e-05,5.8506571854e-05,0.34161734133,0.34161734133,0.34161734133,0.34161734133,3.8915807159e-07,4.3755227381e-06,4.3755227381e-06,4.3755227381e-06,4.3755227381e-06,2.9208295475e-08,0.00014223913533,0.00014223913533,0.00014223913533,0.00014223913533
640,5.7879417567e-05,5.7879417567e-05,5.7879417567e-05,5.7879417567e-05,6.3558927979e-10,2.7399901137e-09,7.0543647875e-09,7.0543647875e-09,7.0543647875e-09,7.0543647875e-09,2.6333462691e-10,4.041437575e-10,5.0917887053e-11,1.3510308539e-09,3.2844954273e-09,3.9935176554e-06,3.9935176554e-06,3.9935176554e-06,3.9935176554e-06,5.0915241245e-11,1.0989818604e-10,2.9681446056e-09,0.0005183130687,0.0005183130687,0.0005183130687,0.0005183130687,4.5268015877e-09,3.9502054235e-11,1.0489030505e-09,8.2448426537e-08,6.7485832931e-11,4.9525574442e-11,2.8957445145e-08,3.614274018e-09,5.6033671209e-05,5.6033671209e-05,5.6033671209e-05,5.6033671209e-05,0.34158609235,0.34158609235,0.34158609235,0.34158609235,3.5404836381e-07,4.0887139036e-06,4.0887139036e-06,4.0887139036e-06,4.0887139036e-06,2.5730902715e-08,0.00013722788423,0.00013722788423,0.00013722788423,0.00013722788423
645,5.5479074499e-05,5.5479074499e-05,5.5479074499e-05,5.5479074499e-05,5.3239346358e-10,2.3433937445e-09,6.1122349196e-09,6.1122349196e-09,6.1122349196e-09,6.1122349196e-09,2.177406921e-10,3.3629310003e-10,4.1066441715e-11,1.14401908e-09,2.8161803849e-09,3.7332142151e-06,3.7332142151e-06,3.7332142151e-06,3.7332142151e-06,4.1064275113e-11,8.9685424157e-11,2.541358198e-09,0.00050518032771,0.00050518032771,0.00050518032771,0.00050518032771,3.8985921736e-09,3.1734353134e-11,8.8497909765e-10,7.3754695681e-08,5.4665364623e-11,3.9926411513e-11,2.5563428938e-08,3.103047915e-09,5.3696365086e-05,5.3696365086e-05,5.3696365086e-05,5.3696365086e-05,0.34157215363,0.34157215363,0.34157215363,0.34157215363,3.223173472e-07,3.8232068379e-06,3.8232068379e-06,3.8232068379e-06,3.8232068379e-06,2.26805642e-08,0.00013246424631,0.00013246424631,0.00013246424631,0.00013246424631
650,5.3208590257e-05,5.3208590257e-05,5.3208590257e-05,5.3208590257e-05,4.4609749702e-10,2.0050874014e-09,5.2985999368e-09,5.2985999368e-09,5.2985999368e-09,5.2985999368e-09,1.8008456792e-10,2.7991302851e-10,3.3123243672e-11,9.6910257925e-10,2.4157368664e-09,3.4921422509e-06,3.4921422509e-06,3.4921422509e-06,3.4921422509e-06,3.3121469575e-11,7.3201420254e-11,2.176912496e-09,0.00049260379548,0.00049260379548,0.00049260379548,0.00049260379548,3.3591622363e-09,2.549504848e-11,7.4694776322e-10,6.6018441653e-08,4.4284822286e-11,3.2189833441e-11,2.2580271301e-08,2.6653614312e-09,5.148596703e-05,5.148596703e-05,5.148596703e-05,5.148596703e-05,0.34157482,0.34157482,0.34157482,0.34157482,2.9362122951e-07,3.5772603736e-06,3.5772603736e-06,3.5772603736e-06,3.5772603736e-06,2.0003300223e-08,0.00012793362468,0.00012793362468,0.00012793362468,0.00012793362468
655,5.1059742034e-05,5.1059742034e-05,5.1059742034e-05,5.1059742034e-05,3.7391039953e-10,1.7163767597e-09,4.5955815832e-09,4.5955815832e-09,4.5955815832e-09,4.5955815832e-09,1.4897676744e-10,2.3305110835e-10,2.6718232293e-11,8.2124805517e-10,2.0731732693e-09,3.2687377496e-06,3.2687377496e-06,3.2687377496e-06,3.2687377496e-06,2.6716779668e-11,5.9756259173e-11,1.8655625435e-09,0.00048055471218,0.00048055471218,0.00048055471218,0.00048055471218,2.8957453799e-09,2.0483221169e-11,6.3067655723e-10,5.9129983993e-08,3.587901943e-11,2.5954033866e-11,1.995672646e-08,2.2904636419e-09,4.9394417523e-05,4.9394417523e-05,4.9394417523e-05,4.9394417523e-05,0.34159341732,0.34159341732,0.34159341732,0.34159341732,2.6765296988e-07,3.3492873634e-06,3.3492873634e-06,3.3492873634e-06,3.3492873634e-06,1.7652140334e-08,0.00012362240658,0.00012362240658,0.00012362240658,0.00012362240658
660,4.9024894364e-05,4.9024894364e-05,4.9024894364e-05,4.9024894364e-05,3.135059259e-10,1.4698828504e-09,3.9878368353e-09,3.9878368353e-09,3.9878368353e-09,3.9878368353e-09,1.232723352e-10,1.9408946552e-10,2.1553194676e-11,6.9622036724e-10,1.7799912045e-09,3.061574371e-06,3.061574371e-06,3.061574371e-06,3.061574371e-06,2.1552005329e-11,4.8788055199e-11,1.5994545132e-09,0.00046900605943,0.00046900605943,0.00046900605943,0.00046900605943,2.4974418266e-09,1.6457235518e-11,5.3269923267e-10,5.2992666074e-08,2.9071618343e-11,2.0927564237e-11,1.7648121112e-08,1.9691999111e-09,4.7414234132e-05,4.7414234132e-05,4.7414234132e-05,4.7414234132e-05,0.34162730096,0.34162730096,0.34162730096,0.34162730096,2.4413817195e-07,3.1378401021e-06,3.1378401021e-06,3.1378401021e-06,3.1378401021e-06,1.5586189886e-08,0.00011951788948,0.00011951788948,0.00011951788948,0.00011951788948
665,4.7096952864e-05,4.7096952864e-05,4.7096952864e-05,4.7096952864e-05,2.6294455552e-10,1.259340315e-09,3.4621918084e-09,3.4621918084e-09,3.4621918084e-09,3.4621918084e-09,1.0202758501e-10,1.6168707931e-10,1.7387800244e-11,5.9045458866e-10,1.5289590791e-09,2.8693504799e-06,2.8693504799e-06,2.8693504799e-06,2.8693504799e-06,1.7386826504e-11,3.9839123569e-11,1.3719134139e-09,0.000457932441,0.000457932441,0.000457932441,0.000457932441,2.1549410941e-09,1.3223052726e-11,4.5010731105e-10,4.7521256507e-08,2.3558130203e-11,1.6875636894e-11,1.5615489171e-08,1.6937713077e-09,4.5538465964e-05,4.5538465964e-05,4.5538465964e-05,4.5538465964e-05,0.3416758544,0.3416758544,0.3416758544,0.3416758544,2.2283145482e-07,2.9415972137e-06,2.9415972137e-06,2.9415972137e-06,2.9415972137e-06,1.3769823891e-08,0.00011560821329,0.00011560821329,0.00011560821329,0.00011560821329
670,4.526932193e-05,4.526932193e-05,4.526932193e-05,4.526932193e-05,2.2060868025e-10,1.0794270162e-09,3.0073294534e-09,3.0073294534e-09,3.0073294534e-09,3.0073294534e-09,8.4464531541e-11,1.347320934e-10,1.4028352985e-11,5.0094878978e-10,1.3139204954e-09,2.6908774741e-06,2.6908774741e-06,2.6908774741e-06,2.6908774741e-06,1.4027555802e-11,3.2536599781e-11,1.1772636377e-09,0.00044730997257,0.00044730997257,0.00044730997257,0.00044730997257,1.8602865135e-09,1.0624849521e-11,3.8045943955e-10,4.2640552894e-08,1.9092173615e-11,1.3609097501e-11,1.382482326e-08,1.4575308085e-09,4.3760652024e-05,4.3760652024e-05,4.3760652024e-05,4.3760652024e-05,0.34173848793,0.34173848793,0.34173848793,0.34173848793,2.0351324412e-07,2.7593518467e-06,2.7593518467e-06,2.7593518467e-06,2.7593518467e-06,1.217199043e-08,0.00011188229813,0.00011188229813,0.00011188229813,0.00011188229813
675,4.3535866029e-05,4.3535866029e-05,4.3535866029e-05,4.3535866029e-05,1.8514874067e-10,9.2562006795e-10,2.6135230092e-09,2.6135230092e-09,2.6135230092e-09,2.6135230092e-09,6.994164049e-11,1.1230239496e-10,1.1318731878e-11,4.2517415506e-10,1.1296320388e-09,2.5250692722e-06,2.5250692722e-06,2.5250692722e-06,2.5250692722e-06,1.1318079268e-11,2.6576674092e-11,1.0106771995e-09,0.00043711617976,0.00043711617976,0.00043711617976,0.00043711617976,1.6066751799e-09,8.5374870211e-12,3.2170562101e-10,3.828416157e-08,1.5474365914e-11,1.0975546048e-11,1.2246426828e-08,1.2548105816e-09,4.2074783108e-05,4.2074783108e-05,4.2074783108e-05,4.2074783108e-05,0.34181463739,0.34181463739,0.34181463739,0.34181463739,1.8598693273e-07,2.5900010412e-06,2.5900010412e-06,2.5900010412e-06,2.5900010412e-06,1.0765608386e-08,0.00010832978703,0.00010832978703,0.00010832978703,0.00010832978703
680,4.1890874255e-05,4.1890874255e-05,4.1890874255e-05,4.1890874255e-05,1.5543844675e-10,7.9407413575e-10,2.272408393e-09,2.272408393e-09,2.272408393e-09,2.272408393e-09,5.7929769038e-11,9.3633019045e-11,9.1330933296e-12,3.6099960234e-10,9.7162588549e-10,2.3709328397e-06,2.3709328397e-06,2.3709328397e-06,2.3709328397e-06,9.1325590955e-12,2.1711764893e-11,8.6804533949e-10,0.00042732990381,0.00042732990381,0.00042732990381,0.00042732990381,1.3882879251e-09,6.8604646837e-12,2.7212385326e-10,3.4393430502e-08,1.2543341932e-11,8.8521873497e-12,1.085435304e-08,1.0807755458e-09,4.0475266931e-05,4.0475266931e-05,4.0475266931e-05,4.0475266931e-05,0.34190376297,0.34190376297,0.34190376297,0.34190376297,1.7007636695e-07,2.4325361439e-06,2.4325361439e-06,2.4325361439e-06,2.4325361439e-06,9.5270464323e-09,0.00010494099337,0.00010494099337,0.00010494099337,0.00010494099337
685,4.0329027853e-05,4.0329027853e-05,4.0329027853e-05,4.0329027853e-05,1.3053753887e-10,6.8151851689e-10,1.9767897448e-09,1.9767897448e-09,1.9767897448e-09,1.9767897448e-09,4.7992370841e-11,7.808918912e-11,7.3699925201e-12,3.0662854042e-10,8.3609338041e-10,2.2275596447e-06,2.2275596447e-06,2.2275596447e-06,2.2275596447e-06,7.3695552078e-12,1.7740081528e-11,7.458698431e-10,0.00041793121423,0.00041793121423,0.00041793121423,0.00041793121423,1.200144739e-09,5.5130662966e-12,2.3026712634e-10,3.0916515551e-08,1.0168492072e-11,7.1400737939e-12,9.6259185439e-09,9.3129915146e-10,3.8956896169e-05,3.8956896169e-05,3.8956896169e-05,3.8956896169e-05,0.3420053481,0.3420053481,0.3420053481,0.3420053481,1.5562361943e-07,2.2860341628e-06,2.2860341628e-06,2.2860341628e-06,2.2860341628e-06,8.4356720586e-09,0.00010170685241,0.00010170685241,0.00010170685241,0.00010170685241
690,3.884537045e-05,3.884537045e-05,3.884537045e-05,3.884537045e-05,1.0966080959e-10,5.8517006562e-10,1.7204732141e-09,1.7204732141e-09,1.7204732141e-09,1.7204732141e-09,3.9769205752e-11,6.5144012791e-11,5.9476474636e-12,2.6054578996e-10,7.1978634054e-10,2.0941179474e-06,2.0941179474e-06,2.0941179474e-06,2.0941179474e-06,5.9472895034e-12,1.4497130146e-11,6.4117101111e-10,0.00040890132792,0.00040890132792,0.00040890132792,0.00040890132792,1.0379817735e-09,4.4304628586e-12,1.9491906815e-10,2.7807562949e-08,8.2440899815e-12,5.7594689228e-12,8.5412818866e-09,8.0285796271e-10,3.751481917e-05,3.751481917e-05,3.751481917e-05,3.751481917e-05,0.34211889837,0.34211889837,0.34211889837,0.34211889837,1.4248701476e-07,2.1496499647e-06,2.1496499647e-06,2.1496499647e-06,2.1496499647e-06,7.473461009e-09,9.8618876677e-05,9.8618876677e-05,9.8618876677e-05,9.8618876677e-05
695,3.7435280737e-05,3.7435280737e-05,3.7435280737e-05,3.7435280737e-05,9.2152325349e-11,5.026594915e-10,1.4981248174e-09,1.4981248174e-09,1.4981248174e-09,1.4981248174e-09,3.296293054e-11,5.4360023834e-11,4.8001233981e-12,2.2147301756e-10,6.199333477e-10,1.9698458375e-06,1.9698458375e-06,1.9698458375e-06,1.9698458375e-06,4.7998304021e-12,1.1848799818e-11,5.5140969425e-10,0.00040022253412,0.00040022253412,0.00040022253412,0.00040022253412,8.9814665806e-10,3.5605835887e-12,1.6505681405e-10,2.5025993088e-08,6.6845434435e-12,4.6461134077e-12,7.5830777789e-09,6.924421557e-10,3.6144513091e-05,3.6144513091e-05,3.6144513091e-05,3.6144513091e-05,0.34224394052,0.34224394052,0.34224394052,0.34224394052,1.3053937809e-07,2.0226092274e-06,2.0226092274e-06,2.0226092274e-06,2.0226092274e-06,6.6246588432e-09,9.5669114917e-05,9.5669114917e-05,9.5669114917e-05,9.5669114917e-05
700,3.6094447403e-05,3.6094447403e-05,3.6094447403e-05,3.6094447403e-05,7.7463968297e-11,4.3196895038e-10,1.3051488209e-09,1.3051488209e-09,1.3051488209e-09,1.3051488209e-09,2.7328058449e-11,4.5373902922e-11,3.8742584547e-12,1.8833130328e-10,5.3416872277e-10,1.8540449431e-06,1.8540449431e-06,1.8540449431e-06,1.8540449431e-06,3.8740186416e-12,9.685734061e-12,4.744212143e-10,0.00039187812493,0.00039187812493,0.00039187812493,0.00039187812493,7.7750935899e-10,2.8616035739e-12,1.3981991264e-10,2.2535872689e-08,5.4205532714e-12,3.7482175894e-12,6.7360996286e-09,5.9747949528e-10,3.484175924e-05,3.484175924e-05,3.484175924e-05,3.484175924e-05,0.34238002149,0.34238002149,0.34238002149,0.34238002149,1.1966648057e-07,1.9042020715e-06,1.9042020715e-06,1.9042020715e-06,1.9042020715e-06,5.875487505e-09,9.2850114183e-05,9.2850114183e-05,9.2850114183e-05,9.2850114183e-05
705,3.4818846102e-05,3.4818846102e-05,3.4818846102e-05,3.4818846102e-05,6.513756871e-11,3.7137917482e-10,1.1375836343e-09,1.1375836343e-09,1.1375836343e-09,1.1375836343e-09,2.2661866947e-11,3.7883826116e-11,3.1271864293e-12,1.6020968794e-10,4.6047223358e-10,1.7460747417e-06,1.7460747417e-06,1.7460747417e-06,1.7460747417e-06,3.1269901524e-12,7.918748104e-12,4.0835933501e-10,0.0003838523307,0.0003838523307,0.0003838523307,0.0003838523307,6.7338624064e-10,2.2999264561e-12,1.1848427701e-10,2.0305364129e-08,4.3960062934e-12,3.024039057e-12,5.9870238221e-09,5.1577073148e-10,3.3602620436e-05,3.3602620436e-05,3.3602620436e-05,3.3602620436e-05,0.34252670747,0.34252670747,0.34252670747,0.34252670747,1.0976565855e-07,1.7937773e-06,1.7937773e-06,1.7937773e-06,1.7937773e-06,5.2138907718e-09,9.0154884902e-05,9.0154884902e-05,9.0154884902e-05,9.0154884902e-05
710,3.3604718293e-05,3.3604718293e-05,3.3604718293e-05,3.3604718293e-05,5.4790022313e-11,3.1942466669e-10,9.9201264929e-10,9.9201264929e-10,9.9201264929e-10,9.9201264929e-10,1.8796908095e-11,3.1638986275e-11,2.5243405513e-12,1.3633873479e-10,3.9711789166e-10,1.6453474138e-06,1.6453474138e-06,1.6453474138e-06,1.6453474138e-06,2.5241799124e-12,6.4750970341e-12,3.5164873376e-10,0.00037613026013,0.00037613026013,0.00037613026013,0.00037613026013,5.8347534194e-10,1.8485645555e-12,1.0044035494e-10,1.830624215e-08,3.5654618835e-12,2.4399313319e-12,5.3241701295e-09,4.4543467583e-10,3.2423420198e-05,3.2423420198e-05,3.2423420198e-05,3.2423420198e-05,0.34268358309,0.34268358309,0.34268358309,0.34268358309,1.0074458642e-07,1.6907371874e-06,1.6907371874e-06,1.6907371874e-06,1.6907371874e-06,4.6293133125e-09,8.7576868621e-05,8.7576868621e-05,8.7576868621e-05,8.7576868621e-05
715,3.2448551772e-05,3.2448551772e-05,3.2448551772e-05,3.2448551772e-05,4.6100889986e-11,2.7485570633e-10,8.654878424e-10,8.654878424e-10,8.654878424e-10,8.654878424e-10,1.5594837583e-11,2.6430911761e-11,2.0378447498e-12,1.1606829794e-10,3.426304487e-10,1.5513231833e-06,1.5513231833e-06,1.5513231833e-06,1.5513231833e-06,2.0377132821e-12,5.2954363781e-12,3.0294466673e-10,0.0003686978446,0.0003686978446,0.0003686978446,0.0003686978446,5.0580118741e-10,1.4858380814e-12,8.5174828236e-11,1.6513469455e-08,2.8921184526e-12,1.9687719401e-12,4.7372933863e-09,3.8486148619e-10,3.1300723617e-05,3.1300723617e-05,3.1300723617e-05,3.1300723617e-05,0.34285025051,0.34285025051,0.34285025051,0.34285025051,9.2520185379e-08,1.5945327605e-06,1.5945327605e-06,1.5945327605e-06,1.5945327605e-06,4.1125088095e-09,8.5109908223e-05,8.5109908223e-05,8.5109908223e-05,8.5109908223e-05
720,3.1347062771e-05,3.1347062771e-05,3.1347062771e-05,3.1347062771e-05,3.8802062513e-11,2.3660612729e-10,7.5546428149e-10,7.5546428149e-10,7.5546428149e-10,7.5546428149e-10,1.2941329051e-11,2.2086272169e-11,1.6452171102e-12,9.8848820924e-11,2.9574841857e-10,1.4635060972e-06,1.4635060972e-06,1.4635060972e-06,1.4635060972e-06,1.6451095197e-12,4.331346268e-12,2.6109872406e-10,0.00036154178639,0.00036154178639,0.00036154178639,0.00036154178639,4.3866770625e-10,1.1943305369e-12,7.2255265036e-11,1.4904823806e-08,2.3461680848e-12,1.588696028e-12,4.2174022681e-09,3.3267291577e-10,3.0231319757e-05,3.0231319757e-05,3.0231319757e-05,3.0231319757e-05,0.34302632873,0.34302632873,0.34302632873,0.34302632873,8.5017652322e-08,1.5046595226e-06,1.5046595226e-06,1.5046595226e-06,1.5046595226e-06,3.6553732323e-09,8.2748220397e-05,8.2748220397e-05,8.2748220397e-05,8.2748220397e-05
725,3.0297179462e-05,3.0297179462e-05,3.0297179462e-05,3.0297179462e-05,3.266914373e-11,2.037659703e-10,6.5974395346e-10,6.5974395346e-10,6.5974395346e-10,6.5974395346e-10,1.074188182e-11,1.8460914704e-11,1.3283248698e-12,8.4215599072e-11,2.5539263232e-10,1.3814401991e-06,1.3814401991e-06,1.3814401991e-06,1.3814401991e-06,1.3282368225e-12,3.5433143815e-12,2.2512974292e-10,0.00035464951059,0.00035464951059,0.00035464951059,0.00035464951059,3.8061804995e-10,9.600498278e-13,6.1317244164e-11,1.3460570172e-08,1.9034651025e-12,1.2820760667e-12,3.7566015496e-09,2.8768847308e-10,2.9212205449e-05,2.9212205449e-05,2.9212205449e-05,2.9212205449e-05,0.34321145277,0.34321145277,0.34321145277,0.34321145277,7.8169595252e-08,1.4206535779e-06,1.4206535779e-06,1.4206535779e-06,1.4206535779e-06,3.2507998862e-09,8.0486370196e-05,8.0486370196e-05,8.0486370196e-05,8.0486370196e-05
730,2.9296026775e-05,2.9296026775e-05,2.9296026775e-05,2.9296026775e-05,2.7514264114e-11,1.7555826763e-10,5.7642756311e-10,5.7642756311e-10,5.7642756311e-10,5.7642756311e-10,8.9183642709e-12,1.5434919338e-11,1.0725420939e-12,7.1775530946e-11,2.2063948663e-10,1.3047060595e-06,1.3047060595e-06,1.3047060595e-06,1.3047060595e-06,1.0724700419e-12,2.8990923986e-12,1.9419909102e-10,0.00034800912026,0.00034800912026,0.00034800912026,0.00034800912026,3.3040028197e-10,7.717545434e-13,5.2053549374e-11,1.2163172329e-08,1.5444485571e-12,1.0346997722e-12,3.3479547289e-09,2.4889660106e-10,2.8240570375e-05,2.8240570375e-05,2.8240570375e-05,2.8240570375e-05,0.34340527298,0.34340527298,0.34340527298,0.34340527298,7.191526297e-08,1.3420881148e-06,1.3420881148e-06,1.3420881148e-06,1.3420881148e-06,2.8925533244e-09,7.8319247486e-05,7.8319247486e-05,7.8319247486e-05,7.8319247486e-05
735,2.8340912391e-05,2.8340912391e-05,2.8340912391e-05,2.8340912391e-05,2.3180085439e-11,1.5131932567e-10,5.0387315214e-10,5.0387315214e-10,5.0387315214e-10,5.0387315214e-10,7.4061630998e-12,1.2908497551e-11,8.6607067852e-13,6.1195961003e-11,1.9069817526e-10,1.2329176266e-06,1.2329176266e-06,1.2329176266e-06,1.2329176266e-06,8.6601171753e-13,2.3723566047e-12,1.6758965484e-10,0.0003416093548,0.0003416093548,0.0003416093548,0.0003416093548,2.8693806806e-10,6.2041286758e-13,4.4205097574e-11,1.0997039011e-08,1.2532701316e-12,8.3510769198e-13,2.9853643228e-09,2.1543012019e-10,2.7313783308e-05,2.7313783308e-05,2.7313783308e-05,2.7313783308e-05,0.3436074544,0.3436074544,0.3436074544,0.3436074544,6.619985839e-08,1.2685702152e-06,1.2685702152e-06,1.2685702152e-06,1.2685702152e-06,2.5751596089e-09,7.6242045158e-05,7.6242045158e-05,7.6242045158e-05,7.6242045158e-05
740,2.7429313832e-05,2.7429313832e-05,2.7429313832e-05,2.7429313832e-05,1.9534797531e-11,1.3048197163e-10,4.406605564e-10,4.406605564e-10,4.406605564e-10,4.406605564e-10,6.1518316936e-12,1.0798589815e-11,6.9939297322e-13,5.2195279892e-11,1.6489130202e-10,1.1657193663e-06,1.1657193663e-06,1.1657193663e-06,1.1657193663e-06,6.99344726e-13,1.9416161913e-12,1.4468796972e-10,0.00033543955103,0.00033543955103,0.00033543955103,0.00033543955103,2.4930562707e-10,4.9876799389e-13,3.7553320059e-11,9.9483003456e-09,1.0170882283e-12,6.740594116e-13,2.6634675039e-09,1.8654529545e-10,2.6429379436e-05,2.6429379436e-05,2.6429379436e-05,2.6429379436e-05,0.34381767605,0.34381767605,0.34381767605,0.34381767605,6.0973926016e-08,1.1997379548e-06,1.1997379548e-06,1.1997379548e-06,1.1997379548e-06,2.2938107502e-09,7.4250238946e-05,7.4250238946e-05,7.4250238946e-05,7.4250238946e-05
745,2.6558866548e-05,2.6558866548e-05,2.6558866548e-05,2.6558866548e-05,1.6467941631e-11,1.1256131263e-10,3.8556086311e-10,3.8556086311e-10,3.8556086311e-10,3.8556086311e-10,5.1111497799e-12,9.0360419881e-12,5.6483048105e-13,4.4535002533e-11,1.4263836593e-10,1.1027836639e-06,1.1027836639e-06,1.1027836639e-06,1.1027836639e-06,5.6479100174e-13,1.5893233135e-12,1.2496901542e-10,0.00032948960706,0.00032948960706,0.00032948960706,0.00032948960706,2.1670631319e-10,4.0098906828e-13,3.1913761753e-11,9.0046108513e-09,8.2549651528e-13,5.4410338201e-13,2.3775450646e-09,1.6160398461e-10,2.5585048657e-05,2.5585048657e-05,2.5585048657e-05,2.5585048657e-05,0.34403563037,0.34403563037,0.34403563037,0.34403563037,5.6192805255e-08,1.1352577698e-06,1.1352577698e-06,1.1352577698e-06,1.1352577698e-06,2.0442814482e-09,7.233956872e-05,7.233956872e-05,7.233956872e-05,7.233956872e-05
750,2.5727352911e-05,2.5727352911e-05,2.5727352911e-05,2.5727352911e-05,1.38869227e-11,9.7142625421e-11,3.3751015213e-10,3.3751015213e-10,3.3751015213e-10,3.3751015213e-10,4.2475220413e-12,7.5632614813e-12,4.5618805519e-13,3.8013089162e-11,1.2344168696e-10,1.0438084615e-06,1.0438084615e-06,1.0438084615e-06,1.0438084615e-06,4.5615575116e-13,1.3011475083e-12,1.0798327414e-10,0.00032374994848,0.00032374994848,0.00032374994848,0.00032374994848,1.8845429496e-10,3.2239081702e-13,2.7130701854e-11,8.1549757433e-09,6.7006127729e-13,4.3923022915e-13,2.1234419626e-09,1.4005840756e-10,2.477862478e-05,2.477862478e-05,2.477862478e-05,2.477862478e-05,0.34426102261,0.34426102261,0.34426102261,0.34426102261,5.18161422e-08,1.074822061e-06,1.074822061e-06,1.074822061e-06,1.074822061e-06,1.8228565128e-09,7.0506021149e-05,7.0506021149e-05,7.0506021149e-05,7.0506021149e-05
755,2.4932692055e-05,2.4932692055e-05,2.4932692055e-05,2.4932692055e-05,1.1714096124e-11,8.3871053587e-11,2.9558690994e-10,2.9558690994e-10,2.9558690994e-10,2.9558690994e-10,3.5306561692e-12,6.332271133e-12,3.6846700913e-13,3.2458312235e-11,1.068744066e-10,9.8851510881e-07,9.8851510881e-07,9.8851510881e-07,9.8851510881e-07,3.6844057686e-13,1.0653840286e-12,9.334570966e-11,0.00031821149692,0.00031821149692,0.00031821149692,0.00031821149692,1.6395887623e-10,2.5920833578e-13,2.3072631268e-11,7.3895976982e-09,5.4394681689e-13,3.5459332769e-13,1.897497938e-09,1.2143814623e-10,2.4008075547e-05,2.4008075547e-05,2.4008075547e-05,2.4008075547e-05,0.34449357029,0.34449357029,0.34449357029,0.34449357029,4.7807453369e-08,1.0181470144e-06,1.0181470144e-06,1.0181470144e-06,1.0181470144e-06,1.6262675611e-09,6.8745813617e-05,6.8745813617e-05,6.8745813617e-05,6.8745813617e-05
760,2.417293048e-05,2.417293048e-05,2.417293048e-05,2.417293048e-05,9.8843334392e-12,7.2442838811e-11,2.5899259315e-10,2.5899259315e-10,2.5899259315e-10,2.5899259315e-10,2.9354713361e-12,5.3030928722e-12,2.9763377741e-13,2.7725503648e-11,9.2570252847e-11,9.3664640722e-07,9.3664640722e-07,9.3664640722e-07,9.3664640722e-07,2.9761215006e-13,8.7247130553e-13,8.0726378433e-11,0.00031286564061,0.00031286564061,0.00031286564061,0.00031286564061,1.4271107211e-10,2.0841618079e-13,1.9628449059e-11,6.6997415967e-09,4.4161211866e-13,2.8628357393e-13,1.6964868936e-09,1.0533904349e-10,2.3271493411e-05,2.3271493411e-05,2.3271493411e-05,2.3271493411e-05,0.34473300263,0.34473300263,0.34473300263,0.34473300263,4.4133735646e-08,9.6497061719e-07,9.6497061719e-07,9.6497061719e-07,9.6497061719e-07,1.4516377756e-09,6.705537929e-05,6.705537929e-05,6.705537929e-05,6.705537929e-05
765,2.3446233362e-05,2.3446233362e-05,2.3446233362e-05,2.3446233362e-05,8.34298769e-12,6.2597854695e-11,2.2703489474e-10,2.2703489474e-10,2.2703489474e-10,2.2703489474e-10,2.4411967113e-12,4.4424049103e-12,2.4043335835e-13,2.3691543222e-11,8.0214806539e-11,8.879648277e-07,8.879648277e-07,8.879648277e-07,8.879648277e-07,2.4041566282e-13,7.1459735112e-13,6.9842427578e-11,0.00030770420694,0.00030770420694,0.00030770420694,0.00030770420694,1.2427211035e-10,1.6758304175e-13,1.6704262455e-11,6.077615067e-09,3.585651956e-13,2.3114783364e-13,1.5175639028e-09,9.1413719704e-11,2.2567087013e-05,2.2567087013e-05,2.2567087013e-05,2.2567087013e-05,0.34497906011,0.34497906011,0.34497906011,0.34497906011,4.0765117325e-08,9.1505085064e-07,9.1505085064e-07,9.1505085064e-07,9.1505085064e-07,1.296433672e-09,6.5431353254e-05,6.5431353254e-05,6.5431353254e-05,6.5431353254e-05
770,2.2750876518e-05,2.2750876518e-05,2.2750876518e-05,2.2750876518e-05,7.0441922818e-12,5.4113246965e-11,1.9911333035e-10,1.9911333035e-10,1.9911333035e-10,1.9911333035e-10,2.0306267561e-12,3.7224258685e-12,1.9423885998e-13,2.0251971596e-11,6.9538045604e-11,8.4225088742e-07,8.4225088742e-07,8.4225088742e-07,8.4225088742e-07,1.9422438172e-13,5.8537866044e-13,6.0451272097e-11,0.00030271943685,0.00030271943685,0.00030271943685,0.00030271943685,1.0826357778e-10,1.3475499378e-13,1.4220693702e-11,5.5162629236e-09,2.9116412935e-13,1.8664258628e-13,1.3582188609e-09,7.936346751e-11,2.1893173291e-05,2.1893173291e-05,2.1893173291e-05,2.1893173291e-05,0.34523149392,0.34523149392,0.34523149392,0.34523149392,3.7674545758e-08,8.681640424e-07,8.681640424e-07,8.681640424e-07,8.681640424e-07,1.1584229652e-09,6.3870559635e-05,6.3870559635e-05,6.3870559635e-05,6.3870559635e-05
775,2.2085238961e-05,2.2085238961e-05,2.2085238961e-05,2.2085238961e-05,5.9494382173e-12,4.6798013884e-11,1.7470681716e-10,1.7470681716e-10,1.7470681716e-10,1.7470681716e-10,1.6895058883e-12,3.1199872353e-12,1.5693015423e-13,1.7318129269e-11,6.0307977496e-11,7.9930166928e-07,7.9930166928e-07,7.9930166928e-07,7.9930166928e-07,1.5691830852e-13,4.7959821921e-13,5.2344775038e-11,0.00029790396079,0.00029790396079,0.00029790396079,0.00029790396079,9.4358972498e-11,1.0836170481e-13,1.2110612695e-11,5.0094738345e-09,2.3645591276e-13,1.507159349e-13,1.2162359263e-09,6.893132169e-11,2.1248170183e-05,2.1248170183e-05,2.1248170183e-05,2.1248170183e-05,0.34549006554,0.34549006554,0.34549006554,0.34549006554,3.4837507583e-08,8.2410336458e-07,8.2410336458e-07,8.2410336458e-07,8.2410336458e-07,1.035637743e-09,6.2369999625e-05,6.2369999625e-05,6.2369999625e-05,6.2369999625e-05
780,2.1447796007e-05,2.1447796007e-05,2.1447796007e-05,2.1447796007e-05,5.026383794e-12,4.0488385962e-11,1.533629649e-10,1.533629649e-10,1.533629649e-10,1.533629649e-10,1.4060199222e-12,2.6157621572e-12,1.267960014e-13,1.481473919e-11,5.2325198714e-11,7.5892947128e-07,7.5892947128e-07,7.5892947128e-07,7.5892947128e-07,1.2678630972e-13,3.9299170539e-13,4.5344281118e-11,0.00029325077636,0.00029325077636,0.00029325077636,0.00029325077636,8.227645824e-11,8.7141082081e-14,1.0317227393e-11,4.551697755e-09,1.9204589977e-13,1.2171247796e-13,1.0896580097e-09,5.989613113e-11,2.0630589857e-05,2.0630589857e-05,2.0630589857e-05,2.0630589857e-05,0.3457545463,0.3457545463,0.3457545463,0.3457545463,3.2231778016e-08,7.8267746291e-07,7.8267746291e-07,7.8267746291e-07,7.8267746291e-07,9.2634226243e-10,6.0926840346e-05,6.0926840346e-05,6.0926840346e-05,6.0926840346e-05
785,2.0837112883e-05,2.0837112883e-05,2.0837112883e-05,2.0837112883e-05,4.247858472e-12,3.5043885442e-11,1.3468883876e-10,1.3468883876e-10,1.3468883876e-10,1.3468883876e-10,1.1703756563e-12,2.1936240391e-12,1.0245510003e-13,1.2677863362e-11,4.5418244446e-11,7.2096057363e-07,7.2096057363e-07,7.2096057363e-07,7.2096057363e-07,1.0244717081e-13,3.2207299308e-13,3.9296376875e-11,0.00028875322728,0.00028875322728,0.00028875322728,0.00028875322728,7.1772646939e-11,7.0078730267e-14,8.7924750177e-12,4.1379728451e-09,1.5599203903e-13,9.8296608595e-14,9.7675566546e-10,5.2067485829e-11,2.0039032453e-05,2.0039032453e-05,2.0039032453e-05,2.0039032453e-05,0.34602471692,0.34602471692,0.34602471692,0.34602471692,2.9837196049e-08,7.4370920536e-07,7.4370920536e-07,7.4370920536e-07,7.4370920536e-07,8.2900477389e-10,5.9538404485e-05,5.9538404485e-05,5.9538404485e-05,5.9538404485e-05
790,2.0251838806e-05,2.0251838806e-05,2.0251838806e-05,2.0251838806e-05,3.5910289785e-12,3.0343964183e-11,1.1834298811e-10,1.1834298811e-10,1.1834298811e-10,1.1834298811e-10,9.7445324998e-13,1.8401129578e-12,8.2792398551e-14,1.085317498e-11,3.9439611904e-11,6.8523411273e-07,6.8523411273e-07,6.8523411273e-07,6.8523411273e-07,8.2785911379e-14,2.6399171257e-13,3.406926955e-11,0.0002844049838,0.0002844049838,0.0002844049838,0.0002844049838,6.2637261355e-11,5.6359308278e-14,7.4956661672e-12,3.7638607468e-09,1.2671917808e-13,7.9390667595e-14,8.7599982778e-10,4.5281373765e-11,1.9472180268e-05,1.9472180268e-05,1.9472180268e-05,1.9472180268e-05,0.34630036718,0.34630036718,0.34630036718,0.34630036718,2.7635462756e-08,7.0703453894e-07,7.0703453894e-07,7.0703453894e-07,7.0703453894e-07,7.4227285636e-10,5.8202160652e-05,5.8202160652e-05,5.8202160652e-05,5.8202160652e-05
795,1.9690701485e-05,1.9690701485e-05,1.9690701485e-05,1.9690701485e-05,3.0367010111e-12,2.6285133845e-11,1.0402856455e-10,1.0402856455e-10,1.0402856455e-10,1.0402856455e-10,8.1151871863e-13,1.5439916478e-12,6.6907715063e-14,9.2944968331e-12,3.4262358335e-11,6.5160105213e-07,6.5160105213e-07,6.5160105213e-07,6.5160105213e-07,6.6902407749e-14,2.1641696013e-13,2.9549693138e-11,0.00028020002426,0.00028020002426,0.00028020002426,0.00028020002426,5.4688551108e-11,4.5327444565e-14,6.392341704e-12,3.425389234e-09,1.0294962255e-13,6.4125070623e-14,7.8603790158e-10,3.9396461014e-11,1.8928792372e-05,1.8928792372e-05,1.8928792372e-05,1.8928792372e-05,0.34658129545,0.34658129545,0.34658129545,0.34658129545,2.560996025e-08,6.7250144488e-07,6.7250144488e-07,6.7250144488e-07,6.7250144488e-07,6.6495181539e-10,5.691571439e-05,5.691571439e-05,5.691571439e-05,5.691571439e-05
800,1.9152502022e-05,1.9152502022e-05,1.9152502022e-05,1.9152502022e-05,2.5687343091e-12,2.2778515297e-11,9.1487377517e-11,9.1487377517e-11,9.1487377517e-11,9.1487377517e-11,6.7598609444e-13,1.2958759204e-12,5.4074283805e-14,7.9625644882e-12,2.977718942e-11,6.1992324166e-07,6.1992324166e-07,6.1992324166e-07,6.1992324166e-07,5.4069941815e-14,1.7744234271e-13,2.5640263746e-11,0.00027613261789,0.00027613261789,0.00027613261789,0.00027613261789,4.7769354079e-11,3.6456331587e-14,5.4533086831e-12,3.1190013668e-09,8.3646861591e-14,5.1798088626e-14,7.0567278632e-10,3.4290904342e-11,1.8407699603e-05,1.8407699603e-05,1.8407699603e-05,1.8407699603e-05,0.3468673084,0.3468673084,0.3468673084,0.3468673084,2.3745589064e-08,6.3996898313e-07,6.3996898313e-07,6.3996898313e-07,6.3996898313e-07,5.9598575376e-10,5.5676799804e-05,5.5676799804e-05,5.5676799804e-05,5.5676799804e-05
805,1.863611017e-05,1.863611017e-05,1.863611017e-05,1.863611017e-05,2.1735525358e-12,1.9747745154e-11,8.0494757491e-11,8.0494757491e-11,8.0494757491e-11,8.0494757491e-11,5.6322062742e-13,1.0879269562e-12,4.3705308349e-14,6.8239793162e-12,2.5889966337e-11,5.9007255667e-07,5.9007255667e-07,5.9007255667e-07,5.9007255667e-07,4.3701756143e-14,1.4550843177e-13,2.2257218092e-11,0.00027219730864,0.00027219730864,0.00027219730864,0.00027219730864,4.1743710832e-11,2.9322489708e-14,4.6538270015e-12,2.8415103901e-09,6.796995876e-14,4.184341103e-14,6.3384446277e-10,2.9859618879e-11,1.7907799926e-05,1.7907799926e-05,1.7907799926e-05,1.7907799926e-05,0.34715822063,0.34715822063,0.34715822063,0.34715822063,2.2028622022e-08,6.0930641815e-07,6.0930641815e-07,6.0930641815e-07,6.0930641815e-07,5.3444097575e-10,5.4483271754e-05,5.4483271754e-05,5.4483271754e-05,5.4483271754e-05
810,1.8140459936e-05,1.8140459936e-05,1.8140459936e-05,1.8140459936e-05,1.8397324792e-12,1.7127186661e-11,7.0855115009e-11,7.0855115009e-11,7.0855115009e-11,7.0855115009e-11,4.6937590697e-13,9.1359504173e-13,3.5326973155e-14,5.8503218878e-12,2.2519570404e-11,5.6193011018e-07,5.6193011018e-07,5.6193011018e-07,5.6193011018e-07,3.5324067107e-14,1.1933942495e-13,1.9328478833e-11,0.00026838890004,0.00026838890004,0.00026838890004,0.00026838890004,3.649395314e-11,2.3585487832e-14,3.9729229669e-12,2.590059704e-09,5.5236583296e-14,3.3803984011e-14,5.696138215e-10,2.6011934924e-11,1.742805412e-05,1.742805412e-05,1.742805412e-05,1.742805412e-05,0.3474538543,0.3474538543,0.3474538543,0.3474538543,2.0446572836e-08,5.8039241849e-07,5.8039241849e-07,5.8039241849e-07,5.8039241849e-07,4.7949142992e-10,5.3333098573e-05,5.3333098573e-05,5.3333098573e-05,5.3333098573e-05
815,1.7664545487e-05,1.7664545487e-05,1.7664545487e-05,1.7664545487e-05,1.5576596268e-12,1.4860400066e-11,6.23980995e-11,6.23980995e-11,6.23980995e-11,6.23980995e-11,3.9125902574e-13,7.6740609332e-13,2.8556665021e-14,5.0174009094e-12,1.9596073232e-11,5.3538553134e-07,5.3538553134e-07,5.3538553134e-07,5.3538553134e-07,2.8554287615e-14,9.7891404817e-14,1.6791998803e-11,0.00026470244097,0.00026470244097,0.00026470244097,0.00026470244097,3.1918199143e-11,1.8971646596e-14,3.3928097807e-12,2.3620873188e-09,4.4893042051e-14,2.7310908574e-14,5.12148453e-10,2.2669587595e-11,1.6967481769e-05,1.6967481769e-05,1.6967481769e-05,1.6967481769e-05,0.34775403887,0.34775403887,0.34775403887,0.34775403887,1.8988077896e-08,5.531143238e-07,5.531143238e-07,5.531143238e-07,5.531143238e-07,4.3040593359e-10,5.2224355267e-05,5.2224355267e-05,5.2224355267e-05,5.2224355267e-05
820,1.7207417347e-05,1.7207417347e-05,1.7207417347e-05,1.7207417347e-05,1.3192393034e-12,1.2898834306e-11,5.4975275407e-11,5.4975275407e-11,5.4975275407e-11,5.4975275407e-11,3.26218932e-13,6.4478377464e-13,2.3085397512e-14,4.3046167449e-12,1.7059168042e-11,5.1033630429e-07,5.1033630429e-07,5.1033630429e-07,5.1033630429e-07,2.3083452597e-14,8.0310064902e-14,1.4594343391e-11,0.00026113321235,0.00026113321235,0.00026113321235,0.00026113321235,2.7928197402e-11,1.5260941508e-14,2.8983981157e-12,2.1552942744e-09,3.648998398e-14,2.2066418761e-14,4.6071015513e-10,1.9764991337e-11,1.6525157532e-05,1.6525157532e-05,1.6525157532e-05,1.6525157532e-05,0.34805861074,0.34805861074,0.34805861074,0.34805861074,1.7642789859e-08,5.2736747289e-07,5.2736747289e-07,5.2736747289e-07,5.2736747289e-07,3.8653695539e-10,5.1155217178e-05,5.1155217178e-05,5.1155217178e-05,5.1155217178e-05
825,1.6768178855e-05,1.6768178855e-05,1.6768178855e-05,1.6768178855e-05,1.1176543325e-12,1.1200707544e-11,4.8457244638e-11,4.8457244638e-11,4.8457244638e-11,4.8457244638e-11,2.7205396096e-13,5.4190123408e-13,1.866362631e-14,3.6944218494e-12,1.4856824299e-11,4.8668716199e-07,4.8668716199e-07,4.8668716199e-07,4.8668716199e-07,1.8662035222e-14,6.5896165634e-14,1.2689476286e-11,0.00025767671458,0.00025767671458,0.00025767671458,0.00025767671458,2.4447470461e-11,1.2276477334e-14,2.4768826391e-12,1.9676165668e-09,2.9662701533e-14,1.7830150217e-14,4.1464394486e-10,1.7239758294e-11,1.6100207677e-05,1.6100207677e-05,1.6100207677e-05,1.6100207677e-05,0.34836741301,0.34836741301,0.34836741301,0.34836741301,1.640128182e-08,5.0305458778e-07,5.0305458778e-07,5.0305458778e-07,5.0305458778e-07,3.4731076079e-10,5.0123954051e-05,5.0123954051e-05,5.0123954051e-05,5.0123954051e-05
830,1.6345982868e-05,1.6345982868e-05,1.6345982868e-05,1.6345982868e-05,9.4716166743e-13,9.7300489045e-12,4.2731154302e-11,4.2731154302e-11,4.2731154302e-11,4.2731154302e-11,2.2693523279e-13,4.5555749626e-13,1.5089800514e-14,3.1718631929e-12,1.2944133417e-11,4.6434953031e-07,4.6434953031e-07,4.6434953031e-07,4.6434953031e-07,1.5088498892e-14,5.4077302568e-14,1.1037719008e-11,0.00025432865578,0.00025432865578,0.00025432865578,0.00025432865578,2.1409715627e-11,9.8760286048e-15,2.1173925765e-12,1.797200181e-09,2.4115157621e-14,1.4408062391e-14,3.7336838834e-10,1.5043425545e-11,1.5691806854e-05,1.5691806854e-05,1.5691806854e-05,1.5691806854e-05,0.34868029515,0.34868029515,0.34868029515,0.34868029515,1.5254960949e-08,4.8008520854e-07,4.8008520854e-07,4.8008520854e-07,4.8008520854e-07,3.1221875084e-10,4.9128924497e-05,4.9128924497e-05,4.9128924497e-05,4.9128924497e-05
835,1.5940028694e-05,1.5940028694e-05,1.5940028694e-05,1.5940028694e-05,8.0292167281e-13,8.4558778646e-12,3.7698537146e-11,3.7698537146e-11,3.7698537146e-11,3.7698537146e-11,1.8934317993e-13,3.8307438028e-13,1.2201121554e-14,2.724194076e-12,1.1282317963e-11,4.4324101776e-07,4.4324101776e-07,4.4324101776e-07,4.4324101776e-07,1.2200056741e-14,4.4384829974e-14,9.6048589939e-12,0.00025108494074,0.00025108494074,0.00025108494074,0.00025108494074,1.8757426714e-11,7.945240429e-15,1.810696298e-12,1.6423788729e-09,1.9607032279e-14,1.1643500965e-14,3.3636708681e-10,1.3132361311e-11,1.5299175087e-05,1.5299175087e-05,1.5299175087e-05,1.5299175087e-05,0.34899711277,0.34899711277,0.34899711277,0.34899711277,1.4195990644e-08,4.5837517456e-07,4.5837517456e-07,4.5837517456e-07,4.5837517456e-07,2.8080984581e-10,4.8168570817e-05,4.8168570817e-05,4.8168570817e-05,4.8168570817e-05
840,1.5549559231e-05,1.5549559231e-05,1.5549559231e-05,1.5549559231e-05,6.8085477118e-13,7.3515012468e-12,3.3273439472e-11,3.3273439472e-11,3.3273439472e-11,3.3273439472e-11,1.5801494122e-13,3.2221051291e-13,9.8660835346e-15,2.3405446964e-12,9.8378808766e-12,4.2328494701e-07,4.2328494701e-07,4.2328494701e-07,4.2328494701e-07,9.8652124521e-15,3.643499559e-14,8.3613846949e-12,0.00024794166052,0.00024794166052,0.00024794166052,0.00024794166052,1.6440705743e-11,6.3921635439e-15,1.548951488e-12,1.5016543886e-09,1.5943217132e-14,9.4099865792e-15,3.0318117653e-10,1.1468824573e-11,1.4921574974e-05,1.4921574974e-05,1.4921574974e-05,1.4921574974e-05,0.34931772738,0.34931772738,0.34931772738,0.34931772738,1.3217220288e-08,4.3784614817e-07,4.3784614817e-07,4.3784614817e-07,4.3784614817e-07,2.5268378438e-10,4.7241414156e-05,4.7241414156e-05,4.7241414156e-05,4.7241414156e-05
845,1.5173858301e-05,1.5173858301e-05,1.5173858301e-05,1.5173858301e-05,5.7752103121e-13,6.39391072e-12,2.938079752e-11,2.938079752e-11,2.938079752e-11,2.938079752e-11,1.319007523e-13,2.710895825e-13,7.9784512135e-15,2.0116424749e-12,8.5818745996e-12,4.0440992445e-07,4.0440992445e-07,4.0440992445e-07,4.0440992445e-07,7.9777386173e-15,2.9913515753e-14,7.2818293603e-12,0.00024489508263,0.00024489508263,0.00024489508263,0.00024489508263,1.441623796e-11,5.142861621e-15,1.3254937936e-12,1.373678844e-09,1.2965294265e-14,7.6053960488e-15,2.7340271871e-10,1.0020156247e-11,1.4558309079e-05,1.4558309079e-05,1.4558309079e-05,1.4558309079e-05,0.34964200607,0.34964200607,0.34964200607,0.34964200607,1.2312121871e-08,4.1842517698e-07,4.1842517698e-07,4.1842517698e-07,4.1842517698e-07,2.2748522533e-10,4.6346049973e-05,4.6346049973e-05,4.6346049973e-05,4.6346049973e-05
850,1.4812248163e-05,1.4812248163e-05,1.4812248163e-05,1.4812248163e-05,4.9001899565e-13,5.5632662303e-12,2.5955028717e-11,2.5955028717e-11,2.5955028717e-11,2.5955028717e-11,1.1012778533e-13,2.2814045897e-13,6.4523982149e-15,1.7295745388e-12,7.4892729749e-12,3.8654944467e-07,3.8654944467e-07,3.8654944467e-07,3.8654944467e-07,6.4518152717e-15,2.4562961626e-14,6.3442078193e-12,0.00024194164189,0.00024194164189,0.00024194164189,0.00024194164189,1.2646407355e-11,4.1378803108e-15,1.1346579652e-12,1.2572390217e-09,1.0544623989e-14,6.1472668834e-15,2.4666887093e-10,8.7580832264e-12,1.4208717496e-05,1.4208717496e-05,1.4208717496e-05,1.4208717496e-05,0.34996982138,0.34996982138,0.34996982138,0.34996982138,1.1474732743e-08,4.0004429147e-07,4.0004429147e-07,4.0004429147e-07,4.0004429147e-07,2.0489855332e-10,4.5481143796e-05,4.5481143796e-05,4.5481143796e-05,4.5481143796e-05
855,1.4464087193e-05,1.4464087193e-05,1.4464087193e-05,1.4464087193e-05,4.1590064893e-13,4.842452932e-12,2.2938808824e-11,2.2938808824e-11,2.2938808824e-11,2.2938808824e-11,9.1970158856e-14,1.9204720405e-13,5.2185816889e-15,1.4875859384e-12,6.5384312322e-12,3.6964152665e-07,3.6964152665e-07,3.6964152665e-07,3.6964152665e-07,5.2181048102e-15,2.0172442681e-14,5.5295328932e-12,0.0002390779317,0.0002390779317,0.0002390779317,0.0002390779317,1.109853311e-11,3.3294088684e-15,9.7162644126e-13,1.1512423676e-09,8.5767371822e-15,4.9690080212e-15,2.2265674511e-10,7.6581192934e-12,1.3872175582e-05,1.3872175582e-05,1.3872175582e-05,1.3872175582e-05,0.350301051,0.350301051,0.350301051,0.350301051,1.0699603909e-08,3.8264013496e-07,3.8264013496e-07,3.8264013496e-07,3.8264013496e-07,1.8464330218e-10,4.4645427249e-05,4.4645427249e-05,4.4645427249e-05,4.4645427249e-05
860,1.412876772e-05,1.412876772e-05,1.412876772e-05,1.412876772e-05,3.5309992816e-13,4.2167010084e-12,2.0282009971e-11,2.0282009971e-11,2.0282009971e-11,2.0282009971e-11,7.6824058909e-14,1.6170732707e-13,4.2209728319e-15,1.2799081576e-12,5.7106215237e-12,3.5362837906e-07,3.5362837906e-07,3.5362837906e-07,3.5362837906e-07,4.2205827204e-15,1.6569167809e-14,4.8214000125e-12,0.00023630069592,0.00023630069592,0.00023630069592,0.00023630069592,9.7442101436e-12,2.6789984305e-15,8.3230112407e-13,1.0547044993e-09,6.9767855381e-15,4.0168416884e-15,2.0107886903e-10,6.6990492018e-12,1.3548091832e-05,1.3548091832e-05,1.3548091832e-05,1.3548091832e-05,0.35063557758,0.35063557758,0.35063557758,0.35063557758,9.9817532741e-09,3.661536231e-07,3.661536231e-07,3.661536231e-07,3.661536231e-07,1.6647012057e-10,4.3837694329e-05,4.3837694329e-05,4.3837694329e-05,4.3837694329e-05
865,1.3805714001e-05,1.3805714001e-05,1.3805714001e-05,1.3805714001e-05,2.998726021e-13,3.6732593276e-12,1.7940778008e-11,1.7940778008e-11,1.7940778008e-11,1.7940778008e-11,6.4187095781e-14,1.3619691688e-13,3.4142975523e-15,1.10161332e-12,4.9896332774e-12,3.3845609217e-07,3.3845609217e-07,3.3845609217e-07,3.3845609217e-07,3.4139784212e-15,1.3611541292e-14,4.2056302754e-12,0.00023360682118,0.00023360682118,0.00023360682118,0.00023360682118,8.5587393374e-12,2.1557277063e-15,7.1319475689e-13,9.6673805516e-10,5.6758497885e-15,3.2473351598e-15,1.816791785e-10,5.862484208e-12,1.3235905905e-05,1.3235905905e-05,1.3235905905e-05,1.3235905905e-05,0.35097328854,0.35097328854,0.35097328854,0.35097328854,9.3166233721e-09,3.5052963029e-07,3.5052963029e-07,3.5052963029e-07,3.5052963029e-07,1.5015721392e-10,4.3056797916e-05,4.3056797916e-05,4.3056797916e-05,4.3056797916e-05
870,1.3494380334e-05,1.3494380334e-05,1.3494380334e-05,1.3494380334e-05,2.5474569532e-13,3.2011151994e-12,1.5876730551e-11,1.5876730551e-11,1.5876730551e-11,1.5876730551e-11,5.3641171192e-14,1.1474150954e-13,2.7619696861e-15,9.4849019706e-13,4.361429182e-12,3.2407435417e-07,3.2407435417e-07,3.2407435417e-07,3.2407435417e-07,2.7617086206e-15,1.1183513652e-14,3.6699636042e-12,0.0002309933296,0.0002309933296,0.0002309933296,0.0002309933296,7.5206350365e-12,1.7347282959e-15,6.1133887588e-13,8.8654273684e-10,4.6179438135e-15,2.6254085055e-15,1.6422947657e-10,5.1324789932e-12,1.2935086775e-05,1.2935086775e-05,1.2935086775e-05,1.2935086775e-05,0.35131407584,0.35131407584,0.35131407584,0.35131407584,8.7000431064e-09,3.35716701e-07,3.35716701e-07,3.35716701e-07,3.35716701e-07,1.3550720496e-10,4.2301646499e-05,4.2301646499e-05,4.2301646499e-05,4.2301646499e-05
875,1.3194249289e-05,1.3194249289e-05,1.3194249289e-05,1.3194249289e-05,2.1647492911e-13,2.7907536249e-12,1.4056259617e-11,1.4056259617e-11,1.4056259617e-11,1.4056259617e-11,4.483825572e-14,9.669174173e-14,2.234421861e-15,8.1693871937e-13,3.8138489422e-12,3.1043618967e-07,3.1043618967e-07,3.1043618967e-07,3.1043618967e-07,2.234208296e-15,9.1899585931e-15,3.2037948618e-12,0.00022845737198,0.00022845737198,0.00022845737198,0.00022845737198,6.6111991622e-12,1.3959990855e-15,5.242057807e-13,8.1339641214e-10,3.7575832318e-15,2.1227264321e-15,1.4852630366e-10,4.4952013658e-12,1.2645131002e-05,1.2645131002e-05,1.2645131002e-05,1.2645131002e-05,0.35165783585,0.35165783585,0.35165783585,0.35165783585,8.1281931175e-09,3.2166678361e-07,3.2166678361e-07,3.2166678361e-07,3.2166678361e-07,1.2234436215e-10,4.1571201105e-05,4.1571201105e-05,4.1571201105e-05,4.1571201105e-05
880,1.2904830061e-05,1.2904830061e-05,1.2904830061e-05,1.2904830061e-05,1.8400889783e-13,2.4339503939e-12,1.2449924955e-11,1.2449924955e-11,1.2449924955e-11,1.2449924955e-11,3.7488579408e-14,8.1502998342e-14,1.8077574121e-15,7.0388019926e-13,3.3363540656e-12,2.974977188e-07,2.974977188e-07,2.974977188e-07,2.974977188e-07,1.8075827048e-15,7.5528891108e-15,2.7979468251e-12,0.00022599622137,0.00022599622137,0.00022599622137,0.00022599622137,5.814152777e-12,1.123453017e-15,4.4964236709e-13,7.466471618e-10,3.05781192e-15,1.7164000841e-15,1.3438816977e-10,3.9386473545e-12,1.2365561118e-05,1.2365561118e-05,1.2365561118e-05,1.2365561118e-05,0.35200446911,0.35200446911,0.35200446911,0.35200446911,7.5975744127e-09,3.0833498505e-07,3.0833498505e-07,3.0833498505e-07,3.0833498505e-07,1.1051215194e-10,4.0864472417e-05,4.0864472417e-05,4.0864472417e-05,4.0864472417e-05
885,1.262565692e-05,1.262565692e-05,1.262565692e-05,1.262565692e-05,1.5645890548e-13,2.1235941997e-12,1.1031926037e-11,1.1031926037e-11,1.1031926037e-11,1.1031926037e-11,3.1350823844e-14,6.8718394444e-14,1.4626615238e-15,6.0668089763e-13,2.9198079131e-12,2.8521793484e-07,2.8521793484e-07,2.8521793484e-07,2.8521793484e-07,1.4625186038e-15,6.208359978e-15,2.4444747888e-12,0.00022360726696,0.00022360726696,0.00022360726696,0.00022360726696,5.1153172183e-12,9.0415065928e-16,3.8581399898e-13,6.8570616639e-10,2.4886000598e-15,1.3879389986e-15,1.2165310563e-10,3.452395356e-12,1.2095924118e-05,1.2095924118e-05,1.2095924118e-05,1.2095924118e-05,0.35235388019,0.35235388019,0.35235388019,0.35235388019,7.1049799366e-09,2.9567934455e-07,2.9567934455e-07,2.9567934455e-07,2.9567934455e-07,9.9871075773e-11,4.0180518071e-05,4.0180518071e-05,4.0180518071e-05,4.0180518071e-05
890,1.235628777e-05,1.235628777e-05,1.235628777e-05,1.235628777e-05,1.3307356071e-13,1.8535336438e-12,9.7796423233e-12,9.7796423233e-12,9.7796423233e-12,9.7796423233e-12,2.6223974644e-14,5.7954541564e-14,1.1835216928e-15,5.2308692869e-13,2.5562860611e-12,2.7355849925e-07,2.7355849925e-07,2.7355849925e-07,2.7355849925e-07,1.1834047763e-15,5.1039317359e-15,2.136498327e-12,0.00022128800836,0.00022128800836,0.00022128800836,0.00022128800836,4.502338017e-12,7.2768395092e-16,3.3115688115e-13,6.300413414e-10,2.0255436433e-15,1.1224049558e-15,1.1017649497e-10,3.0273938964e-12,1.1835790041e-05,1.1835790041e-05,1.1835790041e-05,1.1835790041e-05,0.35270597752,0.35270597752,0.35270597752,0.35270597752,6.6474687957e-09,2.8366062474e-07,2.8366062474e-07,2.8366062474e-07,2.8366062474e-07,9.0296757952e-11,3.9518440109e-05,3.9518440109e-05,3.9518440109e-05,3.9518440109e-05
895,1.2096302789e-05,1.2096302789e-05,1.2096302789e-05,1.2096302789e-05,1.1321737315e-13,1.6184455953e-12,8.6732327892e-12,8.6732327892e-12,8.6732327892e-12,8.6732327892e-12,2.1940551672e-14,4.888963961e-14,9.5771722624e-16,4.5116880137e-13,2.2389127361e-12,2.6248355227e-07,2.6248355227e-07,2.6248355227e-07,2.6248355227e-07,9.5762158173e-16,4.196594091e-15,1.8680563804e-12,0.00021903605016,0.00021903605016,0.00021903605016,0.00021903605016,3.9644457615e-12,5.8568067243e-16,2.8433763149e-13,5.7917163918e-10,1.6488086047e-15,9.0772879041e-16,9.9829154855e-11,2.6557783379e-12,1.1584750653e-05,1.1584750653e-05,1.1584750653e-05,1.1584750653e-05,0.35306067323,0.35306067323,0.35306067323,0.35306067323,6.2223428759e-09,2.7224211884e-07,2.7224211884e-07,2.7224211884e-07,2.7224211884e-07,8.167825443e-11,3.8877382595e-05,3.8877382595e-05,3.8877382595e-05,3.8877382595e-05
900,1.1845303169e-05,1.1845303169e-05,1.1845303169e-05,1.1845303169e-05,9.6352715396e-14,1.4137218808e-12,7.6952869307e-12,7.6952869307e-12,7.6952869307e-12,7.6952869307e-12,1.8360982766e-14,4.1253511808e-14,7.7504524954e-16,3.8927415442e-13,1.9617196786e-12,2.5195953811e-07,2.5195953811e-07,2.5195953811e-07,2.5195953811e-07,7.7496700642e-16,3.4510652451e-15,1.6339823868e-12,0.00021684909682,0.00021684909682,0.00021684909682,0.00021684909682,3.4922488774e-12,4.7140598092e-16,2.4421895302e-13,5.3266194526e-10,1.3422734803e-15,7.3415874341e-16,9.0495634749e-11,2.3307125194e-12,1.1342418205e-05,1.1342418205e-05,1.1342418205e-05,1.1342418205e-05,0.353417883,0.353417883,0.353417883,0.353417883,5.8271256214e-09,2.613894725e-07,2.613894725e-07,2.613894725e-07,2.613894725e-07,7.3916556285e-11,3.8256529368e-05,3.8256529368e-05,3.8256529368e-05,3.8256529368e-05
905,1.1602909922e-05,1.1602909922e-05,1.1602909922e-05,1.1602909922e-05,8.2024617019e-14,1.2353717145e-12,6.8305205e-12,6.8305205e-12,6.8305205e-12,6.8305205e-12,1.5368926721e-14,3.4819263416e-14,6.2725696665e-16,3.3598746035e-13,1.7195243141e-12,2.4195504338e-07,2.4195504338e-07,2.4195504338e-07,2.4195504338e-07,6.2719295864e-16,2.8383988977e-15,1.4297966403e-12,0.00021472494784,0.00021472494784,0.00021472494784,0.00021472494784,3.0775539898e-12,3.7944198333e-16,2.0983047573e-13,4.9011850494e-10,1.0928332018e-15,5.938150001e-16,8.2072708783e-11,2.0462518827e-12,1.110842427e-05,1.110842427e-05,1.110842427e-05,1.110842427e-05,0.35377752591,0.35377752591,0.35377752591,0.35377752591,5.459542766e-09,2.5107051926e-07,2.5107051926e-07,2.5107051926e-07,2.5107051926e-07,6.6923264877e-11,3.7655101928e-05,3.7655101928e-05,3.7655101928e-05,3.7655101928e-05
910,1.1368762767e-05,1.1368762767e-05,1.1368762767e-05,1.1368762767e-05,6.9847941984e-14,1.0799376497e-12,6.0655101231e-12,6.0655101231e-12,6.0655101231e-12,6.0655101231e-12,1.2867384497e-14,2.9396297784e-14,5.0768297009e-16,2.9009565905e-13,1.5078245469e-12,2.3244064773e-07,2.3244064773e-07,2.3244064773e-07,2.3244064773e-07,5.0763060706e-16,2.3348430901e-15,1.2516134644e-12,0.00021266149317,0.00021266149317,0.00021266149317,0.00021266149317,2.7132101325e-12,3.0543005489e-16,1.8034398142e-13,4.5118482293e-10,8.8983368294e-16,4.8032995177e-16,7.4468038611e-11,1.7972251246e-12,1.0882418658e-05,1.0882418658e-05,1.0882418658e-05,1.0882418658e-05,0.35413952433,0.35413952433,0.35413952433,0.35413952433,5.1175048276e-09,2.4125512832e-07,2.4125512832e-07,2.4125512832e-07,2.4125512832e-07,6.0619418422e-11,3.7072357455e-05,3.7072357455e-05,3.7072357455e-05,3.7072357455e-05
915,1.1142519088e-05,1.1142519088e-05,1.1142519088e-05,1.1142519088e-05,5.9496572811e-14,9.4442314938e-13,5.388461733e-12,5.388461733e-12,5.388461733e-12,5.388461733e-12,1.0775465073e-14,2.4824467344e-14,4.1093048119e-16,2.5055883818e-13,1.322707874e-12,2.2338878574e-07,2.2338878574e-07,2.2338878574e-07,2.2338878574e-07,4.1088764432e-16,1.9209052227e-15,1.0960611322e-12,0.00021065670889,0.00021065670889,0.00021065670889,0.00021065670889,2.3929735835e-12,2.458636085e-16,1.5505234568e-13,4.1553798553e-10,7.2461258468e-16,3.8855766647e-16,6.759898702e-11,1.5791318238e-12,1.0664068392e-05,1.0664068392e-05,1.0664068392e-05,1.0664068392e-05,0.35450380375,0.35450380375,0.35450380375,0.35450380375,4.799091198e-09,2.3191506377e-07,2.3191506377e-07,2.3191506377e-07,2.3191506377e-07,5.4934452213e-11,3.6507586933e-05,3.6507586933e-05,3.6507586933e-05,3.6507586933e-05
920,1.0923852951e-05,1.0923852951e-05,1.0923852951e-05,1.0923852951e-05,5.0694284656e-14,8.2623014617e-13,4.7890084247e-12,4.7890084247e-12,4.7890084247e-12,4.7890084247e-12,9.0256951269e-15,2.0969173814e-14,3.326386957e-16,2.1648521057e-13,1.1607728386e-12,2.1477361913e-07,2.1477361913e-07,2.1477361913e-07,2.1477361913e-07,3.3260365171e-16,1.5805858839e-15,9.6021275275e-13,0.00020870865313,0.00020870865313,0.00020870865313,0.00020870865313,2.1113905476e-12,1.9792143124e-16,1.3335163349e-13,3.8288536011e-10,5.9012628214e-16,3.1433923913e-16,6.1391564792e-11,1.3880538535e-12,1.0453056754e-05,1.0453056754e-05,1.0453056754e-05,1.0453056754e-05,0.35487029266,0.35487029266,0.35487029266,0.35487029266,4.5025356755e-09,2.2302385432e-07,2.2302385432e-07,2.2302385432e-07,2.2302385432e-07,4.9805276836e-11,3.5960113395e-05,3.5960113395e-05,3.5960113395e-05,3.5960113395e-05
925,1.0712454186e-05,1.0712454186e-05,1.0712454186e-05,1.0712454186e-05,4.3207042998e-14,7.2310519325e-13,4.2580339165e-12,4.2580339165e-12,4.2580339165e-12,4.2580339165e-12,7.5617805881e-15,1.771726249e-14,2.6928107025e-16,1.8710975151e-13,1.0190611211e-12,2.0657091841e-07,2.0657091841e-07,2.0657091841e-07,2.0657091841e-07,2.6925240124e-16,1.3007509187e-15,8.4152660161e-13,0.00020681546217,0.00020681546217,0.00020681546217,0.00020681546217,1.8636952892e-12,1.5933364156e-16,1.1472587096e-13,3.529616318e-10,4.8064682441e-16,2.5431326138e-16,5.5779495437e-11,1.2205786908e-12,1.0249082386e-05,1.0249082386e-05,1.0249082386e-05,1.0249082386e-05,0.35523892245,0.35523892245,0.35523892245,0.35523892245,4.2262133021e-09,2.145566727e-07,2.145566727e-07,2.145566727e-07,2.145566727e-07,4.5175460609e-11,3.5429290261e-05,3.5429290261e-05,3.5429290261e-05,3.5429290261e-05
930,1.0508027523e-05,1.0508027523e-05,1.0508027523e-05,1.0508027523e-05,3.6836500943e-14,6.3309300607e-13,3.7875183116e-12,3.7875183116e-12,3.7875183116e-12,3.7875183116e-12,6.3367437444e-15,1.4973581032e-14,2.1800553272e-16,1.6177595439e-13,8.9499880362e-13,1.9875795339e-07,1.9875795339e-07,1.9875795339e-07,1.9875795339e-07,2.1798207882e-16,1.0706167187e-15,7.3779458363e-13,0.00020497534678,0.00020497534678,0.00020497534678,0.00020497534678,1.6457216436e-12,1.2827387858e-16,9.8734089214e-14,3.2552614172e-10,3.9151573004e-16,2.057627258e-16,5.0703384215e-11,1.0737330005e-12,1.0051858443e-05,1.0051858443e-05,1.0051858443e-05,1.0051858443e-05,0.35560962727,0.35560962727,0.35560962727,0.35560962727,3.9686283843e-09,2.0649022396e-07,2.0649022396e-07,2.0649022396e-07,2.0649022396e-07,4.0994504141e-11,3.4914499779e-05,3.4914499779e-05,3.4914499779e-05,3.4914499779e-05
935,1.0310291782e-05,1.0310291782e-05,1.0310291782e-05,1.0310291782e-05,3.1414507674e-14,5.5449636552e-13,3.3704032847e-12,3.3704032847e-12,3.3704032847e-12,3.3704032847e-12,5.311372538e-15,1.2658094442e-14,1.7650533378e-16,1.3992024402e-13,7.8634555054e-13,1.9131339163e-07,1.9131339163e-07,1.9131339163e-07,1.9131339163e-07,1.7648614617e-16,8.8132825732e-16,6.4709770295e-13,0.00020318658878,0.00020318658878,0.00020318658878,0.00020318658878,1.4538261195e-12,1.0327258645e-16,8.4999297479e-14,3.0036049494e-10,3.1894393929e-16,1.6649135261e-16,4.6109979478e-11,9.4492509373e-13,9.8611118063e-06,9.8611118063e-06,9.8611118063e-06,9.8611118063e-06,0.35598234393,0.35598234393,0.35598234393,0.35598234393,3.7284035829e-09,1.9880264194e-07,1.9880264194e-07,1.9880264194e-07,1.9880264194e-07,3.7217196327e-11,3.4415151549e-05,3.4415151549e-05,3.4415151549e-05,3.4415151549e-05
940,1.0118979107e-05,1.0118979107e-05,1.0118979107e-05,1.0118979107e-05,2.6798469468e-14,4.8584149824e-13,3.0004741987e-12,3.0004741987e-12,3.0004741987e-12,3.0004741987e-12,4.4529294448e-15,1.0703465705e-14,1.4291465698e-16,1.2105865602e-13,6.9115061892e-13,1.8421720436e-07,1.8421720436e-07,1.8421720436e-07,1.8421720436e-07,1.4289895946e-16,7.256131077e-16,5.6776757268e-13,0.00020144753773,0.00020144753773,0.00020144753773,0.00020144753773,1.2848210464e-12,8.314726377e-17,7.3199095285e-14,2.7726640975e-10,2.5984925424e-16,1.3472367827e-16,4.1951515785e-11,8.3189505486e-13,9.6765823358e-06,9.6765823358e-06,9.6765823358e-06,9.6765823358e-06,0.35635701179,0.35635701179,0.35635701179,0.35635701179,3.5042699748e-09,1.9147339332e-07,1.9147339332e-07,1.9147339332e-07,1.9147339332e-07,3.380304238e-11,3.3930681137e-05,3.3930681137e-05,3.3930681137e-05,3.3930681137e-05
945,9.9338342565e-06,9.9338342565e-06,9.9338342565e-06,9.9338342565e-06,2.2867429739e-14,4.2584817443e-13,2.6722569809e-12,2.6722569809e-12,2.6722569809e-12,2.6722569809e-12,3.7340762374e-15,9.0530264113e-15,1.1572423541e-16,1.0477544891e-13,6.0771476798e-13,1.7745057928e-07,1.7745057928e-07,1.7745057928e-07,1.7745057928e-07,1.1571139304e-16,5.9749771875e-16,4.9835313228e-13,0.00019975660777,0.00019975660777,0.00019975660777,0.00019975660777,1.1359164334e-12,6.69463568e-17,6.3057677371e-14,2.560637831e-10,2.1172422913e-16,1.0902433519e-16,3.8185129464e-11,7.3267149971e-13,9.4980221715e-06,9.4980221715e-06,9.4980221715e-06,9.4980221715e-06,0.35673357265,0.35673357265,0.35673357265,0.35673357265,3.2950579939e-09,1.8448318863e-07,1.8448318863e-07,1.8448318863e-07,1.8448318863e-07,3.0715755624e-11,3.3460548766e-05,3.3460548766e-05,3.3460548766e-05,3.3460548766e-05
950,9.7546139217e-06,9.7546139217e-06,9.7546139217e-06,9.7546139217e-06,1.9518755721e-14,3.7340387078e-13,2.3809278752e-12,2.3809278752e-12,2.3809278752e-12,2.3809278752e-12,3.1319783334e-15,7.6590740353e-15,9.3713136217e-17,9.0713365082e-14,5.3455726264e-13,1.7099583957e-07,1.7099583957e-07,1.7099583957e-07,1.7099583957e-07,9.3702629582e-17,4.9207471311e-16,4.3759185711e-13,0.00019811227476,0.00019811227476,0.00019811227476,0.00019811227476,1.0046693817e-12,5.3904126061e-17,5.4339022506e-14,2.3658894967e-10,1.7252879652e-16,8.8232832425e-17,3.4772338397e-11,6.4553406704e-13,9.325195076e-06,9.325195076e-06,9.325195076e-06,9.325195076e-06,0.35711197067,0.35711197067,0.35711197067,0.35711197067,3.0996891703e-09,1.7781389969e-07,1.7781389969e-07,1.7781389969e-07,1.7781389969e-07,2.7922805716e-11,3.3004238078e-05,3.3004238078e-05,3.3004238078e-05,3.3004238078e-05
955,9.5810860985e-06,9.5810860985e-06,9.5810860985e-06,9.5810860985e-06,1.6665337058e-14,3.275414372e-13,2.1222344281e-12,2.1222344281e-12,2.1222344281e-12,2.1222344281e-12,2.6275585657e-15,6.4814429427e-15,7.5893611511e-17,7.8565299181e-14,4.703872795e-13,1.6483636884e-07,1.6483636884e-07,1.6483636884e-07,1.6483636884e-07,7.58850157e-17,4.0531200328e-16,3.8438484417e-13,0.0001965130734,0.0001965130734,0.0001965130734,0.0001965130734,8.8894005318e-13,4.3404338708e-17,4.6841089021e-14,2.1869311439e-10,1.4060298951e-16,7.1410857181e-17,3.1678578773e-11,5.6898087133e-13,9.157875816e-06,9.157875816e-06,9.157875816e-06,9.157875816e-06,0.35749215225,0.35749215225,0.35749215225,0.35749215225,2.9171685942e-09,1.7144848292e-07,1.7144848292e-07,1.7144848292e-07,1.7144848292e-07,2.5395016873e-11,3.2561254968e-05,3.2561254968e-05,3.2561254968e-05,3.2561254968e-05
960,9.4130294888e-06,9.4130294888e-06,9.4130294888e-06,9.4130294888e-06,1.4233216535e-14,2.8741978512e-13,1.8924262821e-12,1.8924262821e-12,1.8924262821e-12,1.8924262821e-12,2.2048753063e-15,5.4863047913e-15,6.1466509976e-17,6.8067167994e-14,4.1407911791e-13,1.5895654134e-07,1.5895654134e-07,1.5895654134e-07,1.5895654134e-07,6.1459477392e-17,3.3389618815e-16,3.3777524425e-13,0.00019495759458,0.00019495759458,0.00019495759458,0.00019495759458,7.8685332998e-13,3.4951059798e-17,4.0390866641e-14,2.0224094052e-10,1.1459599195e-16,5.7799690812e-17,2.8872792369e-11,5.017002493e-13,8.9958495803e-06,8.9958495803e-06,8.9958495803e-06,8.9958495803e-06,0.35787406596,0.35787406596,0.35787406596,0.35787406596,2.7465780372e-09,1.6537090823e-07,1.6537090823e-07,1.6537090823e-07,1.6537090823e-07,2.3106210395e-11,3.2131126484e-05,3.2131126484e-05,3.2131126484e-05,3.2131126484e-05
965,9.2502329397e-06,9.2502329397e-06,9.2502329397e-06,9.2502329397e-06,1.21595857e-14,2.5230718211e-13,1.6881945347e-12,1.6881945347e-12,1.6881945347e-12,1.6881945347e-12,1.8506041041e-15,4.6451612495e-15,4.9785224446e-17,5.8991806552e-14,3.6465070182e-13,1.5334165718e-07,1.5334165718e-07,1.5334165718e-07,1.5334165718e-07,4.9779470732e-17,2.7510405468e-16,2.9692958359e-13,0.00019344448292,0.00019344448292,0.00019344448292,0.00019344448292,6.9676541605e-13,2.8145153565e-17,3.4840156929e-14,1.8710927736e-10,9.340845647e-17,4.6785795813e-17,2.6327058698e-11,4.4254622437e-13,8.8389114319e-06,8.8389114319e-06,8.8389114319e-06,8.8389114319e-06,0.35825766244,0.35825766244,0.35825766244,0.35825766244,2.5870696716e-09,1.5956609284e-07,1.5956609284e-07,1.5956609284e-07,1.5956609284e-07,2.103288647e-11,3.1713399785e-05,3.1713399785e-05,3.1713399785e-05,3.1713399785e-05
970,9.0924949142e-06,9.0924949142e-06,9.0924949142e-06,9.0924949142e-06,1.0391088681e-14,2.2156679586e-13,1.50661858e-12,1.50661858e-12,1.50661858e-12,1.50661858e-12,1.5536055102e-15,3.9339979782e-15,4.0326539449e-17,5.1143740956e-14,3.2124492827e-13,1.4797788218e-07,1.4797788218e-07,1.4797788218e-07,1.4797788218e-07,4.0321831987e-17,2.266971255e-16,2.6112158215e-13,0.00019197243429,0.00019197243429,0.00019197243429,0.00019197243429,6.1723473225e-13,2.2665377765e-17,3.0061973879e-14,1.7318601311e-10,7.6145604577e-17,3.7873004241e-17,2.4016266994e-11,3.9051719151e-13,8.6868657921e-06,8.6868657921e-06,8.6868657921e-06,8.6868657921e-06,0.35864289433,0.35864289433,0.35864289433,0.35864289433,2.4378603322e-09,1.5401983987e-07,1.5401983987e-07,1.5401983987e-07,1.5401983987e-07,1.9153940805e-11,3.1307641158e-05,3.1307641158e-05,3.1307641158e-05,3.1307641158e-05
975,8.9396229936e-06,8.9396229936e-06,8.9396229936e-06,8.9396229936e-06,8.8823863999e-15,1.9464417978e-13,1.3451194912e-12,1.3451194912e-12,1.3451194912e-12,1.3451194912e-12,1.304564677e-15,3.3325738746e-15,3.2667056595e-17,4.4354710499e-14,2.8311347944e-13,1.4285219187e-07,1.4285219187e-07,1.4285219187e-07,1.4285219187e-07,3.2663205084e-17,1.8683510647e-16,2.2971812916e-13,0.0001905401936,0.0001905401936,0.0001905401936,0.0001905401936,5.4699654301e-13,1.8253172769e-17,2.594747253e-14,1.603690402e-10,6.2079089888e-17,3.0660039797e-17,2.1917823595e-11,3.4473739262e-13,8.5395259547e-06,8.5395259547e-06,8.5395259547e-06,8.5395259547e-06,0.35902971617,0.35902971617,0.35902971617,0.35902971617,2.2982262722e-09,1.4871878118e-07,1.4871878118e-07,1.4871878118e-07,1.4871878118e-07,1.7450412178e-11,3.091343509e-05,3.091343509e-05,3.091343509e-05,3.091343509e-05
980,8.7914334081e-06,8.7914334081e-06,8.7914334081e-06,8.7914334081e-06,7.5949408421e-15,1.7105643549e-13,1.2014191225e-12,1.2014191225e-12,1.2014191225e-12,1.2014191225e-12,1.0956907467e-15,2.8238237989e-15,2.6464129317e-17,3.8479830371e-14,2.4960276754e-13,1.3795231946e-07,1.3795231946e-07,1.3795231946e-07,1.3795231946e-07,2.646097808e-17,1.5400483644e-16,2.021671241e-13,0.00018914655264,0.00018914655264,0.00018914655264,0.00018914655264,4.8494082744e-13,1.4700422877e-17,2.2403327296e-14,1.4856532168e-10,5.0615984009e-17,2.4822349551e-17,2.0011390777e-11,3.0444081097e-13,8.3967136283e-06,8.3967136283e-06,8.3967136283e-06,8.3967136283e-06,0.35941808435,0.35941808435,0.35941808435,0.35941808435,2.1674983682e-09,1.4365032423e-07,1.4365032423e-07,1.4365032423e-07,1.4365032423e-07,1.5905257428e-11,3.0530383387e-05,3.0530383387e-05,3.0530383387e-05,3.0530383387e-05
985,8.6477505936e-06,8.6477505936e-06,8.6477505936e-06,8.6477505936e-06,6.4959853692e-15,1.5038282402e-13,1.0735042137e-12,1.0735042137e-12,1.0735042137e-12,1.0735042137e-12,9.2046605103e-16,2.3933565329e-15,2.1440443412e-17,3.3394302207e-14,2.2014172691e-13,1.3326670742e-07,1.3326670742e-07,1.3326670742e-07,1.3326670742e-07,2.143786509e-17,1.2696195412e-16,1.7798693079e-13,0.00018779034798,0.00018779034798,0.00018779034798,0.00018779034798,4.3009297253e-13,1.1839608722e-17,1.934949344e-14,1.3769004827e-10,4.1273552427e-17,2.0097418118e-17,1.8278653582e-11,2.689571634e-13,8.2582585043e-06,8.2582585043e-06,8.2582585043e-06,8.2582585043e-06,0.359807957,0.359807957,0.359807957,0.359807957,2.0450577339e-09,1.3880260263e-07,1.3880260263e-07,1.3880260263e-07,1.3880260263e-07,1.4503150808e-11,3.0158104345e-05,3.0158104345e-05,3.0158104345e-05,3.0158104345e-05
990,8.5084067753e-06,8.5084067753e-06,8.5084067753e-06,8.5084067753e-06,5.5576523423e-15,1.3225662905e-13,9.5959487264e-13,9.5959487264e-13,9.5959487264e-13,9.5959487264e-13,7.7343682429e-16,2.0290326804e-15,1.7371545382e-17,2.899059332e-14,1.9423120643e-13,1.2878446238e-07,1.2878446238e-07,1.2878446238e-07,1.2878446238e-07,1.7369435784e-17,1.0468299898e-16,1.5675722728e-13,0.00018647045907,0.00018647045907,0.00018647045907,0.00018647045907,3.8159692179e-13,9.5358833092e-18,1.6717295084e-14,1.2766587709e-10,3.365873749e-17,1.6272896021e-17,1.6703111518e-11,2.3769971242e-13,8.1239978505e-06,8.1239978505e-06,8.1239978505e-06,8.1239978505e-06,0.36019929396,0.36019929396,0.36019929396,0.36019929396,1.9303317056e-09,1.3416443009e-07,1.3416443009e-07,1.3416443009e-07,1.3416443009e-07,1.3230305e-11,2.9796231962e-05,2.9796231962e-05,2.9796231962e-05,2.9796231962e-05
995,8.373241573e-06,8.373241573e-06,8.373241573e-06,8.373241573e-06,4.7562338135e-15,1.1635810252e-13,8.5811689165e-13,8.5811689165e-13,8.5811689165e-13,8.5811689165e-13,6.5003851716e-16,1.7206096861e-15,1.4075754365e-17,2.5176017023e-14,1.714347492e-13,1.2449531323e-07,1.2449531323e-07,1.2449531323e-07,1.2449531323e-07,1.4074028254e-17,8.6326073946e-17,1.3811106376e-13,0.00018518580636,0.00018518580636,0.00018518580636,0.00018518580636,3.3870046143e-13,7.6806957054e-18,1.4447791602e-14,1.1842224381e-10,2.7451468476e-17,1.3177002384e-17,1.5269892417e-11,2.1015465772e-13,7.9937761266e-06,7.9937761266e-06,7.9937761266e-06,7.9937761266e-06,0.36059205668,0.36059205668,0.36059205668,0.36059205668,1.8227901675e-09,1.2972525758e-07,1.2972525758e-07,1.2972525758e-07,1.2972525758e-07,1.2074311372e-11,2.9444415196e-05,2.9444415196e-05,2.9444415196e-05,2.9444415196e-05
1000,8.2421016302e-06,8.2421016302e-06,8.2421016302e-06,8.2421016302e-06,4.0715548062e-15,1.0240834654e-13,7.6767741977e-13,7.6767741977e-13,7.6767741977e-13,7.6767741977e-13,5.4644995939e-16,1.4594432251e-15,1.1406001576e-17,2.1870656318e-14,1.5137057478e-13,1.2038957196e-07,1.2038957196e-07,1.2038957196e-07,1.2038957196e-07,1.1404589221e-17,7.1198534954e-17,1.2172796655e-13,0.00018393534958,0.00018393534958,0.00018393534958,0.00018393534958,3.0074236801e-13,6.1866599011e-18,1.249038141e-14,1.0989474078e-10,2.2391083573e-17,1.0670765743e-17,1.396558602e-11,1.8587189881e-13,7.8674446225e-06,7.8674446225e-06,7.8674446225e-06,7.8674446225e-06,0.36098620818,0.36098620818,0.36098620818,0.36098620818,1.7219421848e-09,1.2547513332e-07,1.2547513332e-07,1.2547513332e-07,1.2547513332e-07,1.1023997355e-11,2.9102317255e-05,2.9102317255e-05,2.9102317255e-05,2.9102317255e-05
1005,8.1148402631e-06,8.1148402631e-06,8.1148402631e-06,8.1148402631e-06,3.4864418837e-15,9.0164005263e-14,6.8704357717e-13,6.8704357717e-13,6.8704357717e-13,6.8704357717e-13,4.5947157947e-16,1.2382359473e-15,9.2432285364e-18,1.9005581634e-14,1.3370460477e-13,1.1645809727e-07,1.1645809727e-07,1.1645809727e-07,1.1645809727e-07,9.2420728858e-18,5.8730448179e-17,1.0732794804e-13,0.000182718086,0.000182718086,0.000182718086,0.000182718086,2.6714117746e-13,4.9834255401e-18,1.0801608284e-14,1.0202455467e-10,1.8265282475e-17,8.6417505592e-18,1.2778095127e-11,1.6445698873e-13,7.7448611161e-06,7.7448611161e-06,7.7448611161e-06,7.7448611161e-06,0.36138171296,0.36138171296,0.36138171296,0.36138171296,1.6273329194e-09,1.2140466565e-07,1.2140466565e-07,1.2140466565e-07,1.2140466565e-07,1.0069299038e-11,2.8769614937e-05,2.8769614937e-05,2.8769614937e-05,2.8769614937e-05
1010,7.9913171294e-06,7.9913171294e-06,7.9913171294e-06,7.9913171294e-06,2.9862723912e-15,7.941265778e-14,6.151236474e-13,6.151236474e-13,6.151236474e-13,6.151236474e-13,3.8642369025e-16,1.0508260108e-15,7.4910459763e-18,1.6521320455e-14,1.1814439349e-13,1.126922606e-07,1.126922606e-07,1.126922606e-07,1.126922606e-07,7.4901003574e-18,4.8452782252e-17,9.4666301708e-14,0.00018153304887,0.00018153304887,0.00018153304887,0.00018153304887,2.3738536746e-13,4.0143547747e-18,9.3441404933e-15,9.4757957659e-11,1.4901137082e-17,6.9989846151e-18,1.1696502405e-11,1.4556412239e-13,7.6258895505e-06,7.6258895505e-06,7.6258895505e-06,7.6258895505e-06,0.36177853696,0.36177853696,0.36177853696,0.36177853696,1.5385408015e-09,1.1750498822e-07,1.1750498822e-07,1.1750498822e-07,1.1750498822e-07,9.2011473337e-12,2.844599799e-05,2.844599799e-05,2.844599799e-05,2.844599799e-05
1015,7.871397915e-06,7.871397915e-06,7.871397915e-06,7.871397915e-06,2.5585920113e-15,6.9968818111e-14,5.5095053056e-13,5.5095053056e-13,5.5095053056e-13,5.5095053056e-13,3.2506151533e-16,8.9200906073e-16,6.0714124108e-18,1.4366542809e-14,1.0443384452e-13,1.0908391445e-07,1.0908391445e-07,1.0908391445e-07,1.0908391445e-07,6.0706386387e-18,3.997948816e-17,8.3529077649e-14,0.00018037930594,0.00018037930594,0.00018037930594,0.00018037930594,2.1102477176e-13,3.2338477748e-18,8.0858974538e-15,8.8045846876e-11,1.2157776187e-17,5.6688571858e-18,1.0710951159e-11,1.2889002432e-13,7.510399729e-06,7.510399729e-06,7.510399729e-06,7.510399729e-06,0.36217664751,0.36217664751,0.36217664751,0.36217664751,1.4551749366e-09,1.1376772769e-07,1.1376772769e-07,1.1376772769e-07,1.1376772769e-07,8.4113661908e-12,2.8131168519e-05,2.8131168519e-05,2.8131168519e-05,2.8131168519e-05
1020,7.7549540388e-06,7.7549540388e-06,7.7549540388e-06,7.7549540388e-06,2.1927901904e-15,6.1670460919e-14,4.936671796e-13,4.936671796e-13,4.936671796e-13,4.936671796e-13,2.7350418505e-16,7.5738832234e-16,4.9211374752e-18,1.2496931791e-14,9.234860945e-14,1.0562536285e-07,1.0562536285e-07,1.0562536285e-07,1.0562536285e-07,4.9205043094e-18,3.2992771628e-17,7.3729148159e-14,0.00017925595794,0.00017925595794,0.00017925595794,0.00017925595794,1.8766306908e-13,2.6051901986e-18,6.9993023521e-15,8.1843327347e-11,9.9204318493e-18,4.5918019779e-18,9.8125385513e-12,1.1416861844e-13,7.398267027e-06,7.398267027e-06,7.398267027e-06,7.398267027e-06,0.36257601325,0.36257601325,0.36257601325,0.36257601325,1.3768727252e-09,1.1018497348e-07,1.1018497348e-07,1.1018497348e-07,1.1018497348e-07,7.6925815734e-12,2.7824840413e-05,2.7824840413e-05,2.7824840413e-05,2.7824840413e-05
1025,7.6418623728e-06,7.6418623728e-06,7.6418623728e-06,7.6418623728e-06,1.879824597e-15,5.4376002799e-14,4.425137771e-13,4.425137771e-13,4.425137771e-13,4.425137771e-13,2.3017539245e-16,6.4324833878e-16,3.9890524346e-18,1.0874212753e-14,8.1692079391e-14,1.0230933376e-07,1.0230933376e-07,1.0230933376e-07,1.0230933376e-07,3.9885343154e-18,2.7230987498e-17,6.5102785203e-14,0.00017816213725,0.00017816213725,0.00017816213725,0.00017816213725,1.6695120955e-13,2.0988206927e-18,6.0606423612e-15,7.6109334167e-11,8.0955935127e-18,3.7196145328e-18,8.9932199319e-12,1.0116637798e-13,7.2893721196e-06,7.2893721196e-06,7.2893721196e-06,7.2893721196e-06,0.3629766041,0.3629766041,0.3629766041,0.3629766041,1.3032976791e-09,1.0674924957e-07,1.0674924957e-07,1.0674924957e-07,1.0674924957e-07,7.0381400122e-12,2.7526738809e-05,2.7526738809e-05,2.7526738809e-05,2.7526738809e-05
1030,7.5320049779e-06,7.5320049779e-06,7.5320049779e-06,7.5320049779e-06,1.6119871409e-15,4.7961678442e-14,3.968164401e-13,3.968164401e-13,3.968164401e-13,3.968164401e-13,1.9375378318e-16,5.4644859534e-16,3.2337204159e-18,9.4653186038e-15,7.2291891569e-14,9.9128953344e-08,9.9128953344e-08,9.9128953344e-08,9.9128953344e-08,3.2332964317e-18,2.2478687846e-17,5.7506682063e-14,0.0001770970066,0.0001770970066,0.0001770970066,0.0001770970066,1.4858165952e-13,1.6909364098e-18,5.2495207894e-15,7.0806290063e-11,6.6070633935e-18,3.0132826021e-18,8.2457230899e-12,8.9678267406e-14,7.1836007241e-06,7.1836007241e-06,7.1836007241e-06,7.1836007241e-06,0.36337839118,0.36337839118,0.36337839118,0.36337839118,1.2341374151e-09,1.0345348819e-07,1.0345348819e-07,1.0345348819e-07,1.0345348819e-07,6.4420356995e-12,2.723659958e-05,2.723659958e-05,2.723659958e-05,2.723659958e-05
1035,7.4252688537e-06,7.4252688537e-06,7.4252688537e-06,7.4252688537e-06,1.3827052252e-15,4.2319259198e-14,3.5597726682e-13,3.5597726682e-13,3.5597726682e-13,3.5597726682e-13,1.6313147387e-16,4.6433387605e-16,2.6215832903e-18,8.2416718876e-15,6.399688364e-14,9.6077721903e-08,9.6077721903e-08,9.6077721903e-08,9.6077721903e-08,2.6212363316e-18,1.8558439487e-17,5.0815360568e-14,0.00017605975777,0.00017605975777,0.00017605975777,0.00017605975777,1.3228336085e-13,1.3623705528e-18,4.5483878035e-15,6.5899794918e-11,5.3927451959e-18,2.4412312928e-18,7.5634713596e-12,7.9524199465e-14,7.0808433566e-06,7.0808433566e-06,7.0808433566e-06,7.0808433566e-06,0.36378134679,0.36378134679,0.36378134679,0.36378134679,1.1691018127e-09,1.0029100523e-07,1.0029100523e-07,1.0029100523e-07,1.0029100523e-07,5.8988452024e-12,2.6954168849e-05,2.6954168849e-05,2.6954168849e-05,2.6954168849e-05
1040,7.3215457021e-06,7.3215457021e-06,7.3215457021e-06,7.3215457021e-06,1.1863728798e-15,3.7354068636e-14,3.1946556255e-13,3.1946556255e-13,3.1946556255e-13,3.1946556255e-13,1.3737935912e-16,3.9465870115e-16,2.1254618399e-18,7.1785671105e-15,5.6674437415e-14,9.3149491412e-08,9.3149491412e-08,9.3149491412e-08,9.3149491412e-08,2.1251779079e-18,1.5324095294e-17,4.4918913177e-14,0.00017504961048,0.00017504961048,0.00017504961048,0.00017504961048,1.1781731438e-13,1.0976888476e-18,3.9421383297e-15,6.1358344126e-11,4.4020295799e-18,1.9779036016e-18,6.940514642e-12,7.0545940962e-14,6.9809951012e-06,6.9809951012e-06,6.9809951012e-06,6.9809951012e-06,0.36418544437,0.36418544437,0.36418544437,0.36418544437,1.1079213203e-09,9.7255477192e-08,9.7255477192e-08,9.7255477192e-08,9.7255477192e-08,5.4036689742e-12,2.6679202531e-05,2.6679202531e-05,2.6679202531e-05,2.6679202531e-05
1045,7.220731703e-06,7.220731703e-06,7.220731703e-06,7.220731703e-06,1.0182072414e-15,3.298325582e-14,2.8681010198e-13,2.8681010198e-13,2.8681010198e-13,2.8681010198e-13,1.1571809002e-16,3.3552361768e-16,1.7233417772e-18,6.2546391377e-15,5.0208161351e-14,9.0338444513e-08,9.0338444513e-08,9.0338444513e-08,9.0338444513e-08,1.7231094184e-18,1.2655260239e-17,3.972103595e-14,0.00017406581116,0.00017406581116,0.00017406581116,0.00017406581116,1.049727088e-13,8.844622165e-19,3.4177674075e-15,5.7153073018e-11,3.5936652816e-18,1.6026121681e-18,6.3714675003e-12,6.2604409364e-14,6.8839553924e-06,6.8839553924e-06,6.8839553924e-06,6.8839553924e-06,0.36459065842,0.36459065842,0.36459065842,0.36459065842,1.0503453984e-09,9.4340919779e-08,9.4340919779e-08,9.4340919779e-08,9.4340919779e-08,4.9520789332e-12,2.6411465893e-05,2.6411465893e-05,2.6411465893e-05,2.6411465893e-05
1050,7.122727303e-06,7.122727303e-06,7.122727303e-06,7.122727303e-06,8.7412654173e-16,2.9134292293e-14,2.5759230278e-13,2.5759230278e-13,2.5759230278e-13,2.5759230278e-13,9.749379138e-17,2.8532147017e-16,1.3973910739e-18,5.4514055192e-15,4.4495867841e-14,8.7639074873e-08,8.7639074873e-08,8.7639074873e-08,8.7639074873e-08,1.3972009167e-18,1.0452739355e-17,3.5137314308e-14,0.00017310763195,0.00017310763195,0.00017310763195,0.00017310763195,9.3563526264e-14,7.1268126924e-19,2.9640746959e-15,5.3257524842e-11,2.9340255082e-18,1.2986103648e-18,5.8514535809e-12,5.5577310012e-14,6.7896278081e-06,6.7896278081e-06,6.7896278081e-06,6.7896278081e-06,0.36499696448,0.36499696448,0.36499696448,0.36499696448,9.9614108705e-10,9.154166774e-08,9.154166774e-08,9.154166774e-08,9.154166774e-08,4.5400714622e-12,2.6150733141e-05,2.6150733141e-05,2.6150733141e-05,2.6150733141e-05
1055,7.0274370135e-06,7.0274370135e-06,7.0274370135e-06,7.0274370135e-06,7.506463516e-16,2.574366331e-14,2.3144020084e-13,2.3144020084e-13,2.3144020084e-13,2.3144020084e-13,8.2157739698e-17,2.4269207654e-16,1.133164472e-18,4.7528723343e-15,3.9447807182e-14,8.5046168817e-08,8.5046168817e-08,8.5046168817e-08,8.5046168817e-08,1.1330088485e-18,8.6347928633e-18,3.1093728562e-14,0.00017217436962,0.00017217436962,0.00017217436962,0.00017217436962,8.3425564978e-14,5.7428494183e-19,2.5714110409e-15,4.9647440025e-11,2.3956960834e-18,1.0523407817e-18,5.376055692e-12,4.9357070266e-14,6.6979198746e-06,6.6979198746e-06,6.6979198746e-06,6.6979198746e-06,0.36540433909,0.36540433909,0.36540433909,0.36540433909,9.450916886e-10,8.8852356096e-08,8.8852356096e-08,8.8852356096e-08,8.8852356096e-08,4.1640252489e-12,2.5896787026e-05,2.5896787026e-05,2.5896787026e-05,2.5896787026e-05
1060,6.9347692214e-06,6.9347692214e-06,6.9347692214e-06,6.9347692214e-06,6.4479132306e-16,2.2755727824e-14,2.08023131e-13,2.08023131e-13,2.08023131e-13,2.08023131e-13,6.9249351862e-17,2.0648398485e-16,9.1895948146e-19,4.1451946288e-15,3.4985125077e-14,8.2554788134e-08,8.2554788134e-08,8.2554788134e-08,8.2554788134e-08,9.1883211747e-19,7.1340548785e-18,2.752535056e-14,0.0001712653446,0.0001712653446,0.0001712653446,0.0001712653446,7.4413826494e-14,4.6278101568e-19,2.2314610507e-15,4.6300564712e-11,1.9563255152e-18,8.5282718835e-19,4.9412709477e-12,4.3849032597e-14,6.6087428812e-06,6.6087428812e-06,6.6087428812e-06,6.6087428812e-06,0.36581275973,0.36581275973,0.36581275973,0.36581275973,8.969955541e-10,8.6267902533e-08,8.6267902533e-08,8.6267902533e-08,8.6267902533e-08,3.8206634541e-12,2.5649418466e-05,2.5649418466e-05,2.5649418466e-05,2.5649418466e-05
1065,6.8446360084e-06,6.8446360084e-06,6.8446360084e-06,6.8446360084e-06,5.540200949e-16,2.0121725092e-14,1.870470288e-13,1.870470288e-13,1.870470288e-13,1.870470288e-13,5.8381942232e-17,1.7572219625e-16,7.4529498147e-19,3.6163837884e-15,3.1038514889e-14,8.0160253986e-08,8.0160253986e-08,8.0160253986e-08,8.0160253986e-08,7.4519074318e-19,5.8949977568e-18,2.4375206611e-14,0.00017037990005,0.00017037990005,0.00017037990005,0.00017037990005,6.6400222214e-14,3.7294059582e-19,1.937056504e-15,4.319647672e-11,1.5976883068e-18,6.9118255204e-19,4.5434704443e-12,3.8969873595e-14,6.5220117044e-06,6.5220117044e-06,6.5220117044e-06,6.5220117044e-06,0.36622220482,0.36622220482,0.36622220482,0.36622220482,8.5166496631e-10,8.3783490935e-08,8.3783490935e-08,8.3783490935e-08,8.3783490935e-08,3.5070197492e-12,2.5408426192e-05,2.5408426192e-05,2.5408426192e-05,2.5408426192e-05
1070,6.75695298e-06,6.75695298e-06,6.75695298e-06,6.75695298e-06,4.7616137936e-16,1.779890875e-14,1.6825027909e-13,1.6825027909e-13,1.6825027909e-13,1.6825027909e-13,4.9230794906e-17,1.4958091682e-16,6.0448905707e-19,3.1560552792e-15,2.7547039629e-14,7.785813184e-08,7.785813184e-08,7.785813184e-08,7.785813184e-08,6.0440374367e-19,4.8718451542e-18,2.1593285105e-14,0.00016951740094,0.00016951740094,0.00016951740094,0.00016951740094,5.927155935e-14,3.0055212487e-19,1.6820161684e-15,4.0316427283e-11,1.3049218937e-18,5.6021093433e-19,4.1793629992e-12,3.4646220141e-14,6.4376446422e-06,6.4376446422e-06,6.4376446422e-06,6.4376446422e-06,0.36663265365,0.36663265365,0.36663265365,0.36663265365,8.089251105e-10,8.1394555955e-08,8.1394555955e-08,8.1394555955e-08,8.1394555955e-08,3.2204078151e-12,2.5173616411e-05,2.5173616411e-05,2.5173616411e-05,2.5173616411e-05
1075,6.6716391036e-06,6.6716391036e-06,6.6716391036e-06,6.6716391036e-06,4.0935955022e-16,1.5749791735e-14,1.5140004662e-13,1.5140004662e-13,1.5140004662e-13,1.5140004662e-13,4.1523172635e-17,1.2736054872e-16,4.9031716183e-19,2.7552111153e-15,2.4457101943e-14,7.564421735e-08,7.564421735e-08,7.564421735e-08,7.564421735e-08,4.902473359e-19,4.0268541457e-18,1.9135670121e-14,0.00016867723321,0.00016867723321,0.00016867723321,0.00016867723321,5.2927771636e-14,2.4222332404e-19,1.4610082498e-15,3.7643197071e-11,1.0659049638e-18,4.5408533317e-19,3.8459625267e-12,3.0813437711e-14,6.3555632557e-06,6.3555632557e-06,6.3555632557e-06,6.3555632557e-06,0.36704408633,0.36704408633,0.36704408633,0.36704408633,7.6861312584e-10,7.9096768559e-08,7.9096768559e-08,7.9096768559e-08,7.9096768559e-08,2.9583939392e-12,2.494480248e-05,2.494480248e-05,2.494480248e-05,2.494480248e-05
1080,6.5886165545e-06,6.5886165545e-06,6.5886165545e-06,6.5886165545e-06,3.5202830666e-16,1.3941487617e-14,1.3628903117e-13,1.3628903117e-13,1.3628903117e-13,1.3628903117e-13,3.502994613e-17,1.0846825641e-16,3.9773530451e-19,2.4060522134e-15,2.1721543158e-14,7.3514523134e-08,7.3514523134e-08,7.3514523134e-08,7.3514523134e-08,3.9767815324e-19,3.3289009363e-18,1.696378475e-14,0.00016785880295,0.00016785880295,0.00016785880295,0.00016785880295,4.7280364455e-14,1.9522171727e-19,1.269432237e-15,3.5160965172e-11,8.7075091624e-19,3.6808696588e-19,3.5405586772e-12,2.7414569017e-14,6.2756922199e-06,6.2756922199e-06,6.2756922199e-06,6.2756922199e-06,0.36745648383,0.36745648383,0.36745648383,0.36745648383,7.3057723085e-10,7.6886022479e-08,7.6886022479e-08,7.6886022479e-08,7.6886022479e-08,2.7187723841e-12,2.4721804603e-05,2.4721804603e-05,2.4721804603e-05,2.4721804603e-05
1085,6.5078105705e-06,6.5078105705e-06,6.5078105705e-06,6.5078105705e-06,3.0281120331e-16,1.2345135845e-14,1.2273259727e-13,1.2273259727e-13,1.2273259727e-13,1.2273259727e-13,2.9558579404e-17,9.2401548206e-17,3.2265587633e-19,2.101816476e-15,1.9298854962e-14,7.1465266374e-08,7.1465266374e-08,7.1465266374e-08,7.1465266374e-08,3.2260909797e-19,2.7523163431e-18,1.5043730001e-14,0.00016706153562,0.00016706153562,0.00016706153562,0.00016706153562,4.2251047911e-14,1.5734621759e-19,1.1033173765e-15,3.2855189791e-11,7.1139509491e-19,2.9839426225e-19,3.2606904002e-12,2.4399403991e-14,6.1979591819e-06,6.1979591819e-06,6.1979591819e-06,6.1979591819e-06,0.36786982786,0.36786982786,0.36786982786,0.36786982786,6.9467591675e-10,7.4758421518e-08,7.4758421518e-08,7.4758421518e-08,7.4758421518e-08,2.499543241e-12,2.4504449534e-05,2.4504449534e-05,2.4504449534e-05,2.4504449534e-05
1090,6.4291493128e-06,6.4291493128e-06,6.4291493128e-06,6.4291493128e-06,2.6054801953e-16,1.0935400032e-14,1.1056623405e-13,1.1056623405e-13,1.1056623405e-13,1.1056623405e-13,2.4947250198e-17,7.8734401917e-17,2.6176609642e-19,1.836639029e-15,1.7152489353e-14,6.9492857188e-08,6.9492857188e-08,6.9492857188e-08,6.9492857188e-08,2.6172780742e-19,2.2759268002e-18,1.3345707025e-14,0.00016628487528,0.00016628487528,0.00016628487528,0.00016628487528,3.7770534681e-14,1.2682372165e-19,9.5923540908e-16,3.0712499602e-11,5.8125840516e-19,2.4191207893e-19,3.0041221323e-12,2.1723664579e-14,6.1222946258e-06,6.1222946258e-06,6.1222946258e-06,6.1222946258e-06,0.3682841009,0.3682841009,0.3682841009,0.3682841009,6.6077720315e-10,7.2710267636e-08,7.2710267636e-08,7.2710267636e-08,7.2710267636e-08,2.2988925081e-12,2.4292570307e-05,2.4292570307e-05,2.4292570307e-05,2.4292570307e-05
1095,6.3525637354e-06,6.3525637354e-06,6.3525637354e-06,6.3525637354e-06,2.2424609616e-16,9.6900298397e-15,9.96433066e-14,9.96433066e-14,9.96433066e-14,9.96433066e-14,2.1059920733e-17,6.7105537382e-17,2.1238096375e-19,1.6054315462e-15,1.5250254436e-14,6.7593887728e-08,6.7593887728e-08,6.7593887728e-08,6.7593887728e-08,2.1234962271e-19,1.8822645007e-18,1.184351196e-14,0.00016552828393,0.00016552828393,0.00016552828393,0.00016552828393,3.3777482388e-14,1.0222583914e-19,8.3422554261e-16,2.8720594744e-11,4.7497315156e-19,1.9613345975e-19,2.7688223392e-12,1.934828989e-14,6.048631745e-06,6.048631745e-06,6.048631745e-06,6.048631745e-06,0.36869928613,0.36869928613,0.36869928613,0.36869928613,6.2875795093e-10,7.0738049778e-08,7.0738049778e-08,7.0738049778e-08,7.0738049778e-08,2.1151741629e-12,2.4086005965e-05,2.4086005965e-05,2.4086005965e-05,2.4086005965e-05
1100,6.2779874595e-06,6.2779874595e-06,6.2779874595e-06,6.2779874595e-06,1.9305589908e-16,8.5894782803e-15,8.9833064521e-14,8.9833064521e-14,8.9833064521e-14,8.9833064521e-14,1.7782204288e-17,5.7208501232e-17,1.7232414916e-19,1.4037780188e-15,1.3563785155e-14,6.5765121939e-08,6.5765121939e-08,6.5765121939e-08,6.5765121939e-08,1.7229849469e-19,1.5569167516e-18,1.0514094129e-14,0.00016479124076,0.00016479124076,0.00016479124076,0.00016479124076,3.0217562784e-14,8.2401833916e-20,7.2572992441e-16,2.6868156577e-11,3.8815956709e-19,1.5902773281e-19,2.5529441735e-12,1.7238809146e-14,5.9769063212e-06,5.9769063212e-06,5.9769063212e-06,5.9769063212e-06,0.36911536745,0.36911536745,0.36911536745,0.36911536745,5.985032279e-10,6.8838433385e-08,6.8838433385e-08,6.8838433385e-08,6.8838433385e-08,1.9468940233e-12,2.3884601312e-05,2.3884601312e-05,2.3884601312e-05,2.3884601312e-05
1105,6.2053566552e-06,6.2053566552e-06,6.2053566552e-06,6.2053566552e-06,1.6625018054e-16,7.6165672938e-15,8.1018877623e-14,8.1018877623e-14,8.1018877623e-14,8.1018877623e-14,1.501789835e-17,4.8783281743e-17,1.3983151262e-19,1.2278447003e-15,1.2068079534e-14,6.4003485963e-08,6.4003485963e-08,6.4003485963e-08,6.4003485963e-08,1.3981051244e-19,1.2879899283e-18,9.3371695025e-15,0.00016407324153,0.00016407324153,0.00016407324153,0.00016407324153,2.7042642248e-14,6.6424618753e-20,6.3153812751e-16,2.5144765389e-11,3.1724364348e-19,1.2894992121e-19,2.354808031e-12,1.5364791434e-14,5.9070566085e-06,5.9070566085e-06,5.9070566085e-06,5.9070566085e-06,0.36953232938,0.36953232938,0.36953232938,0.36953232938,5.6990572263e-10,6.7008250552e-08,6.7008250552e-08,6.7008250552e-08,6.7008250552e-08,1.7926952132e-12,2.368820667e-05,2.368820667e-05,2.368820667e-05,2.368820667e-05
1110,6.1346099291e-06,6.1346099291e-06,6.1346099291e-06,6.1346099291e-06,1.4320620359e-16,6.7561954198e-15,7.309667228e-14,7.309667228e-14,7.309667228e-14,7.309667228e-14,1.2686076226e-17,4.1609215902e-17,1.1347294271e-19,1.0743022756e-15,1.0741092163e-14,6.230605911e-08,6.230605911e-08,6.230605911e-08,6.230605911e-08,1.1345575201e-19,1.0656677811e-18,8.2948823916e-15,0.00016337379796,0.00016337379796,0.00016337379796,0.00016337379796,2.4210060008e-14,5.3547260987e-20,5.4973937671e-16,2.3540825324e-11,2.5930861548e-19,1.0456740321e-19,2.1728858137e-12,1.3699362686e-14,5.8390232244e-06,5.8390232244e-06,5.8390232244e-06,5.8390232244e-06,0.36995015712,0.36995015712,0.36995015712,0.36995015712,5.4286520288e-10,6.5244490782e-08,6.5244490782e-08,6.5244490782e-08,6.5244490782e-08,1.6513450676e-12,2.3496677654e-05,2.3496677654e-05,2.3496677654e-05,2.3496677654e-05
1115,6.0656882169e-06,6.0656882169e-06,6.0656882169e-06,6.0656882169e-06,1.233905752e-16,5.9950821733e-15,6.5973545091e-14,6.5973545091e-14,6.5973545091e-14,6.5973545091e-14,1.0718646609e-17,3.549898805e-17,9.2089034773e-20,9.4025857132e-16,9.5633777313e-15,6.0670065393e-08,6.0670065393e-08,6.0670065393e-08,6.0670065393e-08,9.2074962143e-20,8.8184743326e-19,7.3715092569e-15,0.00016269243711,0.00016269243711,0.00016269243711,0.00016269243711,2.1681992217e-14,4.3167952154e-20,4.7868142293e-16,2.2047495871e-11,2.1197387026e-19,8.4800533818e-20,2.0057867269e-12,1.221878153e-14,5.7727490452e-06,5.7727490452e-06,5.7727490452e-06,5.7727490452e-06,0.37036883645,0.37036883645,0.37036883645,0.37036883645,5.1728801491e-10,6.35442923e-08,6.35442923e-08,6.35442923e-08,6.35442923e-08,1.5217233297e-12,2.330987495e-05,2.330987495e-05,2.330987495e-05,2.330987495e-05
1120,5.9985346818e-06,5.9985346818e-06,5.9985346818e-06,5.9985346818e-06,1.0634630153e-16,5.3215444373e-15,5.9566533294e-14,5.9566533294e-14,5.9566533294e-14,5.9566533294e-14,9.0583053729e-18,3.0293550849e-17,7.4739787318e-20,8.232003637e-16,8.5177783501e-15,5.909286556e-08,5.909286556e-08,5.909286556e-08,5.909286556e-08,7.4728266912e-20,7.2983936313e-19,6.5531992949e-15,0.00016202870082,0.00016202870082,0.00016202870082,0.00016202870082,1.9424891462e-14,3.480179343e-20,4.1693512977e-16,2.0656629314e-11,1.7329620824e-19,6.8774566748e-20,1.8522444558e-12,1.0902066693e-14,5.7081791074e-06,5.7081791074e-06,5.7081791074e-06,5.7081791074e-06,0.37078835374,0.37078835374,0.37078835374,0.37078835374,4.9308662041e-10,6.1904933891e-08,6.1904933891e-08,6.1904933891e-08,6.1904933891e-08,1.4028115099e-12,2.3127664111e-05,2.3127664111e-05,2.3127664111e-05,2.3127664111e-05
1125,5.9330946175e-06,5.9330946175e-06,5.9330946175e-06,5.9330946175e-06,9.1681736868e-17,4.7253007976e-15,5.3801523798e-14,5.3801523798e-14,5.3801523798e-14,5.3801523798e-14,7.6568161711e-18,2.5857825761e-17,6.0663032961e-20,7.2094303586e-16,7.5891491758e-15,5.757194962e-08,5.757194962e-08,5.757194962e-08,5.757194962e-08,6.0653601665e-20,6.0412008725e-19,5.8277471578e-15,0.00016138214515,0.00016138214515,0.00016138214515,0.00016138214515,1.7408992583e-14,2.8058069932e-20,3.6326396964e-16,1.9360713608e-11,1.4168932195e-19,5.5780724025e-20,1.7111055834e-12,9.7306695772e-15,5.6452605134e-06,5.6452605134e-06,5.6452605134e-06,5.6452605134e-06,0.37120869595,0.37120869595,0.37120869595,0.37120869595,4.7017916812e-10,6.0323827229e-08,6.0323827229e-08,6.0323827229e-08,6.0323827229e-08,1.2936832861e-12,2.2949915357e-05,2.2949915357e-05,2.2949915357e-05,2.2949915357e-05
1130,5.8693153563e-06,5.8693153563e-06,5.8693153563e-06,5.8693153563e-06,7.9061146453e-17,4.1973002665e-15,4.861228485e-14,4.861228485e-14,4.861228485e-14,4.861228485e-14,6.4735667534e-18,2.2077062506e-17,4.924075459e-20,6.3158701346e-16,6.7641175668e-15,5.6104929802e-08,5.6104929802e-08,5.6104929802e-08,5.6104929802e-08,4.9233033366e-20,5.0012825789e-19,5.1843937575e-15,0.00016075233985,0.00016075233985,0.00016075233985,0.00016075233985,1.5607876794e-14,2.2621945384e-20,3.1659774081e-16,1.8152820184e-11,1.1585812524e-19,4.5244670581e-20,1.5813191252e-12,8.6881864393e-15,5.5839423422e-06,5.5839423422e-06,5.5839423422e-06,5.5839423422e-06,0.37162985054,0.37162985054,0.37162985054,0.37162985054,4.4848909732e-10,5.8798509662e-08,5.8798509662e-08,5.8798509662e-08,5.8798509662e-08,1.1934958431e-12,2.2776503385e-05,2.2776503385e-05,2.2776503385e-05,2.2776503385e-05
1135,5.8071461814e-06,5.8071461814e-06,5.8071461814e-06,5.8071461814e-06,6.81966454e-17,3.7295723055e-15,4.3939606237e-14,4.3939606237e-14,4.3939606237e-14,4.3939606237e-14,5.4743565186e-18,1.8853755727e-17,3.9971789266e-20,5.534800535e-16,6.0308715982e-15,5.4689533939e-08,5.4689533939e-08,5.4689533939e-08,5.4689533939e-08,3.9965467879e-20,4.1409653021e-19,4.6136516225e-15,0.0001601388679,0.0001601388679,0.0001601388679,0.0001601388679,1.3998087101e-14,1.8239716805e-20,2.7600991451e-16,1.7026556242e-11,9.4745189103e-20,3.670098384e-20,1.4619270693e-12,7.7601052817e-15,5.524175564e-06,5.524175564e-06,5.524175564e-06,5.524175564e-06,0.37205180553,0.37205180553,0.37205180553,0.37205180553,4.2794477079e-10,5.7326637424e-08,5.7326637424e-08,5.7326637424e-08,5.7326637424e-08,1.1014820532e-12,2.2607307191e-05,2.2607307191e-05,2.2607307191e-05,2.2607307191e-05
1140,5.7465382436e-06,5.7465382436e-06,5.7465382436e-06,5.7465382436e-06,5.8841311084e-17,3.3150954531e-15,3.9730535576e-14,3.9730535576e-14,3.9730535576e-14,3.9730535576e-14,4.6303780471e-18,1.6105032937e-17,3.2449707043e-20,4.8518458974e-16,5.3789742916e-15,5.3323599248e-08,5.3323599248e-08,5.3323599248e-08,5.3323599248e-08,3.244453157e-20,3.4291290406e-19,4.107151729e-15,0.00015954132499,0.00015954132499,0.00015954132499,0.00015954132499,1.2558788845e-14,1.4706936439e-20,2.4069810474e-16,1.597602113e-11,7.7487047863e-20,2.9772476956e-20,1.352055822e-12,6.9335832007e-15,5.4659129595e-06,5.4659129595e-06,5.4659129595e-06,5.4659129595e-06,0.37247454942,0.37247454942,0.37247454942,0.37247454942,4.0847913483e-10,5.590597925e-08,5.590597925e-08,5.590597925e-08,5.590597925e-08,1.0169434161e-12,2.2442209895e-05,2.2442209895e-05,2.2442209895e-05,2.2442209895e-05
1145,5.6874444816e-06,5.6874444816e-06,5.6874444816e-06,5.6874444816e-06,5.078329659e-17,2.9476822102e-15,3.5937699701e-14,3.5937699701e-14,3.5937699701e-14,3.5937699701e-14,3.9173613937e-18,1.3760441173e-17,2.6344882469e-20,4.2544944788e-16,4.799200376e-15,5.2005066466e-08,5.2005066466e-08,5.2005066466e-08,5.2005066466e-08,2.6340645069e-20,2.8400635717e-19,3.6575091193e-15,0.00015895931904,0.00015895931904,0.00015895931904,0.00015895931904,1.1271469983e-14,1.1858843025e-20,2.0996722529e-16,1.4995766444e-11,6.3378553671e-20,2.415345192e-20,1.2509084702e-12,6.197250452e-15,5.4091090423e-06,5.4091090423e-06,5.4091090423e-06,5.4091090423e-06,0.37289807117,0.37289807117,0.37289807117,0.37289807117,3.9002940425e-10,5.4534410367e-08,5.4534410367e-08,5.4534410367e-08,5.4534410367e-08,9.392436806e-13,2.2281098581e-05,2.2281098581e-05,2.2281098581e-05,2.2281098581e-05
1150,5.629819547e-06,5.629819547e-06,5.629819547e-06,5.629819547e-06,4.3840798329e-17,2.6218781369e-15,3.2518701457e-14,3.2518701457e-14,3.2518701457e-14,3.2518701457e-14,3.3148549752e-18,1.176007103e-17,2.1389963154e-20,3.7318533803e-16,4.283392799e-15,5.0731974338e-08,5.0731974338e-08,5.0731974338e-08,5.0731974338e-08,2.1386493704e-20,2.3525250065e-19,3.2582049627e-15,0.00015839246984,0.00015839246984,0.00015839246984,0.00015839246984,1.011967635e-14,9.5626531415e-21,1.8321495985e-16,1.4080759516e-11,5.1843793983e-20,1.9596134774e-20,1.1577577787e-12,5.5410379714e-15,5.353719986e-06,5.353719986e-06,5.353719986e-06,5.353719986e-06,0.37332236024,0.37332236024,0.37332236024,0.37332236024,3.7253677045e-10,5.3209906833e-08,5.3209906833e-08,5.3209906833e-08,5.3209906833e-08,8.6780307975e-13,2.2123864136e-05,2.2123864136e-05,2.2123864136e-05,2.2123864136e-05
1155,5.5736197316e-06,5.5736197316e-06,5.5736197316e-06,5.5736197316e-06,3.7857752714e-17,2.3328733764e-15,2.9435583309e-14,2.9435583309e-14,2.9435583309e-14,2.9435583309e-14,2.805621117e-18,1.0052966258e-17,1.7368090985e-20,3.2744361334e-16,3.8243365536e-15,4.9502454421e-08,4.9502454421e-08,4.9502454421e-08,4.9502454421e-08,1.7365250231e-20,1.9489574044e-19,2.9034830114e-15,0.00015784040853,0.00015784040853,0.00015784040853,0.00015784040853,9.0887777414e-15,7.7113508267e-21,1.599192237e-16,1.3226349992e-11,4.2412361433e-20,1.5899687626e-20,1.0719398506e-12,4.9560254871e-15,5.2997035536e-06,5.2997035536e-06,5.2997035536e-06,5.2997035536e-06,0.3737474065,0.3737474065,0.3737474065,0.3737474065,3.5594613073e-10,5.1930540207e-08,5.1930540207e-08,5.1930540207e-08,5.1930540207e-08,8.0209312001e-13,2.1970401099e-05,2.1970401099e-05,2.1970401099e-05,2.1970401099e-05
1160,5.5188028994e-06,5.5188028994e-06,5.5188028994e-06,5.5188028994e-06,3.2700155248e-17,2.0764250487e-15,2.6654350208e-14,2.6654350208e-14,2.6654350208e-14,2.6654350208e-14,2.3751278686e-18,8.5957751245e-18,1.4103353929e-20,2.8739785393e-16,3.4156476938e-15,4.8314726195e-08,4.8314726195e-08,4.8314726195e-08,4.8314726195e-08,1.410102788e-20,1.6148504761e-19,2.588258664e-15,0.00015730277726,0.00015730277726,0.00015730277726,0.00015730277726,8.1657611537e-15,6.2186840646e-21,1.3962734092e-16,1.2428239227e-11,3.4699989189e-20,1.2901307391e-20,9.9284838627e-13,4.4343077212e-15,5.2470190317e-06,5.2470190317e-06,5.2470190317e-06,5.2470190317e-06,0.37417320026,0.37417320026,0.37417320026,0.37417320026,3.4020583723e-10,5.0694472529e-08,5.0694472529e-08,5.0694472529e-08,5.0694472529e-08,7.4163186793e-13,2.1820607525e-05,2.1820607525e-05,2.1820607525e-05,2.1820607525e-05
1165,5.4653284209e-06,5.4653284209e-06,5.4653284209e-06,5.4653284209e-06,2.8252911167e-17,1.8487891568e-15,2.4144545012e-14,2.4144545012e-14,2.4144545012e-14,2.4144545012e-14,2.0111216637e-18,7.3516065075e-18,1.1453045508e-20,2.523278952e-16,3.0516756762e-15,4.716709245e-08,4.716709245e-08,4.716709245e-08,4.716709245e-08,1.1451140853e-20,1.3382095091e-19,2.3080390736e-15,0.00015677922877,0.00015677922877,0.00015677922877,0.00015677922877,7.3390479669e-15,5.015133472e-21,1.219466994e-16,1.1682452248e-11,2.8392747217e-20,1.0469014554e-20,9.1992948239e-13,3.9688764836e-15,5.1956271662e-06,5.1956271662e-06,5.1956271662e-06,5.1956271662e-06,0.37459973223,0.37459973223,0.37459973223,0.37459973223,3.2526746399e-10,4.9499951585e-08,4.9499951585e-08,4.9499951585e-08,4.9499951585e-08,6.8597968596e-13,2.167438484e-05,2.167438484e-05,2.167438484e-05,2.167438484e-05
1170,5.4131571107e-06,5.4131571107e-06,5.4131571107e-06,5.4131571107e-06,2.4417140119e-17,1.6466608177e-15,2.1878870525e-14,2.1878870525e-14,2.1878870525e-14,2.1878870525e-14,1.7032678852e-18,6.2890594063e-18,9.3013893122e-21,2.2160597183e-16,2.7274173996e-15,4.6057934941e-08,4.6057934941e-08,4.6057934941e-08,4.6057934941e-08,9.2998296666e-21,1.1091178436e-19,2.0588529357e-15,0.00015626942603,0.00015626942603,0.00015626942603,0.00015626942603,6.5983322384e-15,4.0446641571e-21,1.0653667964e-16,1.0985312057e-11,2.3234143401e-20,8.4958106887e-21,8.5267691762e-13,3.5535167353e-15,5.1454901024e-06,5.1454901024e-06,5.1454901024e-06,5.1454901024e-06,0.37502699351,0.37502699351,0.37502699351,0.37502699351,3.1108559075e-10,4.8345306449e-08,4.8345306449e-08,4.8345306449e-08,4.8345306449e-08,6.3473537298e-13,2.1531637714e-05,2.1531637714e-05,2.1531637714e-05,2.1531637714e-05
1175,5.3622511684e-06,5.3622511684e-06,5.3622511684e-06,5.3622511684e-06,2.1107868808e-17,1.4671217842e-15,1.9832852927e-14,1.9832852927e-14,1.9832852927e-14,1.9832852927e-14,1.4428484819e-18,5.3813993724e-18,7.5544509311e-21,1.9468469356e-16,2.4384415134e-15,4.4985710293e-08,4.4985710293e-08,4.4985710293e-08,4.4985710293e-08,7.5531737631e-21,9.1937568971e-20,1.8371887622e-15,0.00015577304188,0.00015577304188,0.00015577304188,0.00015577304188,5.9344376209e-15,3.2621085081e-21,9.3101681465e-17,1.0333416081e-11,1.9014594616e-20,6.8949446582e-21,7.9062787892e-13,3.1827149352e-15,5.0965713268e-06,5.0965713268e-06,5.0965713268e-06,5.0965713268e-06,0.3754549756,0.3754549756,0.3754549756,0.3754549756,2.976176022e-10,4.7228943274e-08,4.7228943274e-08,4.7228943274e-08,4.7228943274e-08,5.8753266995e-13,2.1392273938e-05,2.1392273938e-05,2.1392273938e-05,2.1392273938e-05
1180,5.3125741218e-06,5.3125741218e-06,5.3125741218e-06,5.3125741218e-06,1.825205522e-17,1.3075943521e-15,1.7984541956e-14,1.7984541956e-14,1.7984541956e-14,1.7984541956e-14,1.2225075256e-18,4.6058594535e-18,6.1360123578e-21,1.7108660721e-16,2.1808217472e-15,4.3948946134e-08,4.3948946134e-08,4.3948946134e-08,4.3948946134e-08,6.1349664756e-21,7.6220192293e-20,1.6399405971e-15,0.00015528975868,0.00015528975868,0.00015528975868,0.00015528975868,5.3391907157e-15,2.631057279e-21,8.1385097644e-17,9.7236145666e-12,1.556283147e-20,5.5960768632e-21,7.3335908523e-13,2.8515781894e-15,5.0488356125e-06,5.0488356125e-06,5.0488356125e-06,5.0488356125e-06,0.37588367033,0.37588367033,0.37588367033,0.37588367033,2.8482350158e-10,4.6149341325e-08,4.6149341325e-08,4.6149341325e-08,4.6149341325e-08,5.4403709475e-13,2.1256204299e-05,2.1256204299e-05,2.1256204299e-05,2.1256204299e-05
1185,5.2640907727e-06,5.2640907727e-06,5.2640907727e-06,5.2640907727e-06,1.5786896315e-17,1.1658008624e-15,1.6314243725e-14,1.6314243725e-14,1.6314243725e-14,1.6314243725e-14,1.0360370618e-18,3.9430466781e-18,4.9842265844e-21,1.5039513309e-16,1.951078166e-15,4.2946237453e-08,4.2946237453e-08,4.2946237453e-08,4.2946237453e-08,4.9833700788e-21,6.3198784099e-20,1.4643602612e-15,0.00015481926797,0.00015481926797,0.00015481926797,0.00015481926797,4.8053089337e-15,2.122160193e-21,7.1164104222e-17,9.1529907627e-12,1.2738880951e-20,4.5421709797e-21,6.8048327043e-13,2.5557629071e-15,5.0022489664e-06,5.0022489664e-06,5.0022489664e-06,5.0022489664e-06,0.37631306988,0.37631306988,0.37631306988,0.37631306988,2.7266573736e-10,4.5105049232e-08,4.5105049232e-08,4.5105049232e-08,4.5105049232e-08,5.0394307444e-13,2.1123342471e-05,2.1123342471e-05,2.1123342471e-05,2.1123342471e-05
1190,5.2167671455e-06,5.2167671455e-06,5.2167671455e-06,5.2167671455e-06,1.3658378142e-17,1.0397281074e-15,1.480428254e-14,1.480428254e-14,1.480428254e-14,1.480428254e-14,8.781968363e-19,3.3764380252e-18,4.0489046712e-21,1.3224669222e-16,1.7461253905e-15,4.1976243156e-08,4.1976243156e-08,4.1976243156e-08,4.1976243156e-08,4.0482032314e-21,5.2409379987e-20,1.3080153266e-15,0.0001543612702,0.0001543612702,0.0001543612702,0.0001543612702,4.3263011681e-15,1.7117564911e-21,6.2245155562e-17,8.6188427342e-12,1.0428336751e-20,3.6869750546e-21,6.3164599116e-13,2.291411823e-15,4.9567785796e-06,4.9567785796e-06,4.9567785796e-06,4.9567785796e-06,0.37674316679,0.37674316679,0.37674316679,0.37674316679,2.6110904233e-10,4.409468146e-08,4.409468146e-08,4.409468146e-08,4.409468146e-08,4.6697134574e-13,2.0993604901e-05,2.0993604901e-05,2.0993604901e-05,2.0993604901e-05
1195,5.1705704379e-06,5.1705704379e-06,5.1705704379e-06,5.1705704379e-06,1.1820033284e-17,9.2759603679e-16,1.3438788497e-14,1.3438788497e-14,1.3438788497e-14,1.3438788497e-14,7.4456250478e-19,2.8919522829e-18,3.2893155723e-21,1.1632386592e-16,1.5632269423e-15,4.1037682819e-08,4.1037682819e-08,4.1037682819e-08,4.1037682819e-08,3.2887411072e-21,4.3468123805e-20,1.1687521195e-15,0.00015391547437,0.00015391547437,0.00015391547437,0.00015391547437,3.8963797847e-15,1.3807713243e-21,5.4460087614e-17,8.1186666628e-12,8.5376805462e-21,2.9929800842e-21,5.8652272839e-13,2.0550983856e-15,4.9123927789e-06,4.9123927789e-06,4.9123927789e-06,4.9123927789e-06,0.37717395388,0.37717395388,0.37717395388,0.37717395388,2.5012028383e-10,4.311691497e-08,4.311691497e-08,4.311691497e-08,4.311691497e-08,4.3286659805e-13,2.0866910711e-05,2.0866910711e-05,2.0866910711e-05,2.0866910711e-05
1200,5.125468974e-06,5.125468974e-06,5.125468974e-06,5.125468974e-06,1.0231875734e-17,8.2783023449e-16,1.220350801e-14,1.220350801e-14,1.220350801e-14,1.220350801e-14,6.3139779856e-19,2.4775862814e-18,2.6724016885e-21,1.0234945052e-16,1.3999549758e-15,4.0129333625e-08,4.0129333625e-08,4.0129333625e-08,4.0129333625e-08,2.6719311991e-21,3.6057391131e-20,1.0446631418e-15,0.00015348159775,0.00015348159775,0.00015348159775,0.00015348159775,3.5103826139e-15,1.1138263516e-21,4.7662746301e-17,7.6501415121e-12,6.9904610987e-21,2.4297654605e-21,5.4481625476e-13,1.8437776345e-15,4.8690609818e-06,4.8690609818e-06,4.8690609818e-06,4.8690609818e-06,0.37760542432,0.37760542432,0.37760542432,0.37760542432,2.3966832456e-10,4.2170486069e-08,4.2170486069e-08,4.2170486069e-08,4.2170486069e-08,4.0139533538e-13,2.0743181587e-05,2.0743181587e-05,2.0743181587e-05,2.0743181587e-05
1205,5.0814321592e-06,5.0814321592e-06,5.0814321592e-06,5.0814321592e-06,8.8594875845e-18,7.3903770488e-16,1.1085634713e-14,1.1085634713e-14,1.1085634713e-14,1.1085634713e-14,5.3554684274e-19,2.1231057466e-18,2.1713315011e-21,9.0081288557e-17,1.2541547485e-15,3.9250027462e-08,3.9250027462e-08,3.9250027462e-08,3.9250027462e-08,2.1709461565e-21,2.9914324238e-20,9.3405837054e-16,0.00015305936563,0.00015305936563,0.00015305936563,0.00015305936563,3.1637037831e-15,8.9852293934e-22,4.1726069404e-17,7.2111149383e-12,5.7241736058e-21,1.9726578898e-21,5.0625424246e-13,1.6547427938e-15,4.8267536527e-06,4.8267536527e-06,4.8267536527e-06,4.8267536527e-06,0.37803757154,0.37803757154,0.37803757154,0.37803757154,2.2972389304e-10,4.1254187432e-08,4.1254187432e-08,4.1254187432e-08,4.1254187432e-08,3.7234393633e-13,2.0622341695e-05,2.0622341695e-05,2.0622341695e-05,2.0622341695e-05
1210,5.0384304376e-06,5.0384304376e-06,5.0384304376e-06,5.0384304376e-06,7.6732357138e-18,6.5998556258e-16,1.0073658514e-14,1.0073658514e-14,1.0073658514e-14,1.0073658514e-14,4.5434343044e-19,1.819782509e-18,1.7643255357e-21,7.9307773536e-17,1.1239132625e-15,3.8398648192e-08,3.8398648192e-08,3.8398648192e-08,3.8398648192e-08,1.7640099175e-21,2.482135811e-20,8.3543996878e-16,0.00015264851103,0.00015264851103,0.00015264851103,0.00015264851103,2.8522323668e-15,7.2486444629e-22,3.6539560194e-17,6.7995903413e-12,4.6877107273e-21,1.6016443228e-21,4.7058708888e-13,1.4855869039e-15,4.7854422615e-06,4.7854422615e-06,4.7854422615e-06,4.7854422615e-06,0.37847038926,0.37847038926,0.37847038926,0.37847038926,2.2025946303e-10,4.0366865293e-08,4.0366865293e-08,4.0366865293e-08,4.0366865293e-08,3.4551689306e-13,2.0504317581e-05,2.0504317581e-05,2.0504317581e-05,2.0504317581e-05
1215,4.9964352509e-06,4.9964352509e-06,4.9964352509e-06,4.9964352509e-06,6.64759976e-18,5.8958227182e-16,9.157230796e-15,9.157230796e-15,9.157230796e-15,9.157230796e-15,3.8553456683e-19,1.5601710632e-18,1.4337039774e-21,6.9843939441e-17,1.007531578e-15,3.757412906e-08,3.757412906e-08,3.757412906e-08,3.757412906e-08,1.4334454609e-21,2.0598390648e-20,7.4747999215e-16,0.00015224877443,0.00015224877443,0.00015224877443,0.00015224877443,2.5722979532e-15,5.8479058856e-22,3.2007099587e-17,6.4137149597e-12,3.8392803635e-21,1.3004907323e-21,4.3758593952e-13,1.334168896e-15,4.7450992435e-06,4.7450992435e-06,4.7450992435e-06,4.7450992435e-06,0.3789038715,0.3789038715,0.3789038715,0.3789038715,2.1124914133e-10,3.9507416783e-08,3.9507416783e-08,3.9507416783e-08,3.9507416783e-08,3.2073521211e-13,2.0389038086e-05,2.0389038086e-05,2.0389038086e-05,2.0389038086e-05
1220,4.9554189995e-06,4.9554189995e-06,4.9554189995e-06,4.9554189995e-06,5.7605954334e-18,5.2686112492e-16,8.3270439944e-15,8.3270439944e-15,8.3270439944e-15,8.3270439944e-15,3.2721602487e-19,1.3379185399e-18,1.1651140403e-21,6.1528057794e-17,9.0350036066e-16,3.6775450252e-08,3.6775450252e-08,3.6775450252e-08,3.6775450252e-08,1.1649022881e-21,1.7096310792e-20,6.6900073149e-16,0.00015185990354,0.00015185990354,0.00015185990354,0.00015185990354,2.32062233e-15,4.7180212708e-22,2.8045050903e-17,6.0517689222e-12,3.1447045576e-21,1.0560277134e-21,4.0704088961e-13,1.1985835835e-15,4.7056979619e-06,4.7056979619e-06,4.7056979619e-06,4.7056979619e-06,0.37933801251,0.37933801251,0.37933801251,0.37933801251,2.026685632e-10,3.8674787417e-08,3.8674787417e-08,3.8674787417e-08,3.8674787417e-08,2.9783496183e-13,2.0276434262e-05,2.0276434262e-05,2.0276434262e-05,2.0276434262e-05
1225,4.9153550048e-06,4.9153550048e-06,4.9153550048e-06,4.9153550048e-06,4.9932795023e-18,4.7096568791e-16,7.5747239836e-15,7.5747239836e-15,7.5747239836e-15,7.5747239836e-15,2.7777801424e-19,1.1476030549e-18,9.4690312346e-22,5.4218675536e-17,8.1047827755e-16,3.600163658e-08,3.600163658e-08,3.600163658e-08,3.600163658e-08,9.4672967069e-22,1.4191648313e-20,5.9895737347e-16,0.00015148165305,0.00015148165305,0.00015148165305,0.00015148165305,2.094276587e-15,3.8065834583e-22,2.4580617617e-17,5.7121551739e-12,2.5760296299e-21,8.5757129033e-22,3.787593477e-13,1.0771351105e-15,4.6672126712e-06,4.6672126712e-06,4.6672126712e-06,4.6672126712e-06,0.3797728068,0.3797728068,0.3797728068,0.3797728068,1.9449479504e-10,3.786796872e-08,3.786796872e-08,3.786796872e-08,3.786796872e-08,2.7666595236e-13,2.0166439289e-05,2.0166439289e-05,2.0166439289e-05,2.0166439289e-05
1230,4.8762174735e-06,4.8762174735e-06,4.8762174735e-06,4.8762174735e-06,4.3293247742e-18,4.2113697477e-16,6.8927338763e-15,6.8927338763e-15,6.8927338763e-15,6.8927338763e-15,2.358593665e-19,9.8459616461e-19,7.6961021284e-22,4.7792035832e-17,7.272729044e-16,3.5251755301e-08,3.5251755301e-08,3.5251755301e-08,3.5251755301e-08,7.6946812782e-22,1.1782150244e-20,5.3642270094e-16,0.0001511137844,0.0001511137844,0.0001511137844,0.0001511137844,1.8906430165e-15,3.0713319433e-22,2.155041992e-17,5.3933902054e-12,2.1103904945e-21,6.9645331164e-22,3.5256454609e-13,9.6831345088e-16,4.6296184827e-06,4.6296184827e-06,4.6296184827e-06,4.6296184827e-06,0.38020824912,0.38020824912,0.38020824912,0.38020824912,1.8670624359e-10,3.7085995973e-08,3.7085995973e-08,3.7085995973e-08,3.7085995973e-08,2.5709053571e-13,2.00589884e-05,2.00589884e-05,2.00589884e-05,2.00589884e-05
1235,4.8379814637e-06,4.8379814637e-06,4.8379814637e-06,4.8379814637e-06,3.7546550765e-18,3.7670214141e-16,6.2742879946e-15,6.2742879946e-15,6.2742879946e-15,6.2742879946e-15,2.0030889364e-19,8.4494580462e-19,6.2555319589e-22,4.2139831623e-17,6.5282384577e-16,3.4524914039e-08,3.4524914039e-08,3.4524914039e-08,3.4524914039e-08,6.2543680225e-22,9.7831229353e-21,4.805735887e-16,0.00015075606556,0.00015075606556,0.00015075606556,0.00015075606556,1.7073812617e-15,2.4781871115e-22,1.8899260564e-17,5.0940955174e-12,1.7290825856e-21,5.6564067497e-22,3.282941845e-13,8.7077359984e-16,4.5928913312e-06,4.5928913312e-06,4.5928913312e-06,4.5928913312e-06,0.38064433446,0.38064433446,0.38064433446,0.38064433446,1.7928257134e-10,3.6327946091e-08,3.6327946091e-08,3.6327946091e-08,3.6327946091e-08,2.3898251466e-13,1.9954018806e-05,1.9954018806e-05,1.9954018806e-05,1.9954018806e-05
1240,4.8006228521e-06,4.8006228521e-06,4.8006228521e-06,4.8006228521e-06,3.2571316846e-18,3.3706451605e-16,5.7132749118e-15,5.7132749118e-15,5.7132749118e-15,5.7132749118e-15,1.7015278977e-19,7.2527663774e-19,5.0849398055e-22,3.7167248414e-17,5.8618780726e-16,3.3820258836e-08,3.3820258836e-08,3.3820258836e-08,3.3820258836e-08,5.0839862979e-22,8.1244068136e-21,4.3067908005e-16,0.00015040827082,0.00015040827082,0.00015040827082,0.00015040827082,1.5423982309e-15,1.9996655541e-22,1.6579054528e-17,4.8129897598e-12,1.4168033691e-21,4.5942655962e-22,3.0579919458e-13,7.8331714474e-16,4.5570079436e-06,4.5570079436e-06,4.5570079436e-06,4.5570079436e-06,0.38108105802,0.38108105802,0.38108105802,0.38108105802,1.7220461769e-10,3.5592935604e-08,3.5592935604e-08,3.5592935604e-08,3.5592935604e-08,2.2222615012e-13,1.9851469625e-05,1.9851469625e-05,1.9851469625e-05,1.9851469625e-05
1245,4.7641183024e-06,4.7641183024e-06,4.7641183024e-06,4.7641183024e-06,2.8262838735e-18,3.0169480513e-16,5.2041885848e-15,5.2041885848e-15,5.2041885848e-15,5.2041885848e-15,1.4456712515e-19,6.2270520152e-19,4.1336673191e-22,3.2791258532e-17,5.2652538954e-16,3.3136972292e-08,3.3136972292e-08,3.3136972292e-08,3.3136972292e-08,4.1328861715e-22,6.7478740365e-21,3.8608985567e-16,0.00015007018058,0.00015007018058,0.00015007018058,0.00015007018058,1.3938213489e-15,1.6136025408e-22,1.4547900473e-17,4.5488814894e-12,1.1610323934e-21,3.7318003415e-22,2.8494261411e-13,7.0487593641e-16,4.5219458082e-06,4.5219458082e-06,4.5219458082e-06,4.5219458082e-06,0.38151841523,0.38151841523,0.38151841523,0.38151841523,1.6545432527e-10,3.4880118754e-08,3.4880118754e-08,3.4880118754e-08,3.4880118754e-08,2.0671525798e-13,1.9751281813e-05,1.9751281813e-05,1.9751281813e-05,1.9751281813e-05
1250,4.7284452359e-06,4.7284452359e-06,4.7284452359e-06,4.7284452359e-06,2.453077323e-18,2.701233338e-16,4.742066705e-15,4.742066705e-15,4.742066705e-15,4.742066705e-15,1.2285463223e-19,5.3476764029e-19,3.360573162e-22,2.8939134113e-17,4.7308940172e-16,3.2474271813e-08,3.2474271813e-08,3.2474271813e-08,3.2474271813e-08,3.359933197e-22,5.6053583832e-21,3.4622892924e-16,0.00014974158116,0.00014974158116,0.00014974158116,0.00014974158116,1.259974767e-15,1.302122076e-22,1.2769274985e-17,4.3006624954e-12,9.5152452739e-22,3.0314299013e-22,2.6559856083e-13,6.3449761762e-16,4.4876831458e-06,4.4876831458e-06,4.4876831458e-06,4.4876831458e-06,0.38195640171,0.38195640171,0.38195640171,0.38195640171,1.5901467135e-10,3.4188685686e-08,3.4188685686e-08,3.4188685686e-08,3.4188685686e-08,1.9235238687e-13,1.9653398099e-05,1.9653398099e-05,1.9653398099e-05,1.9653398099e-05
1255,4.6935818024e-06,4.6935818024e-06,4.6935818024e-06,4.6935818024e-06,2.1297150064e-18,2.4193319687e-16,4.3224354927e-15,4.3224354927e-15,4.3224354927e-15,4.3224354927e-15,1.0442510971e-19,4.5935814053e-19,2.7322429155e-22,2.5547150373e-17,4.2521451603e-16,3.1831407946e-08,3.1831407946e-08,3.1831407946e-08,3.1831407946e-08,2.7317185988e-22,4.6569424756e-21,3.105834242e-16,0.0001494222646,0.0001494222646,0.0001494222646,0.0001494222646,1.1393581988e-15,1.0508065273e-22,1.1211333158e-17,4.0673016463e-12,7.798956812e-22,2.4626544698e-22,2.4765129668e-13,5.7133279291e-16,4.4541988823e-06,4.4541988823e-06,4.4541988823e-06,4.4541988823e-06,0.38239501328,0.38239501328,0.38239501328,0.38239501328,1.5286960371e-10,3.351786074e-08,3.351786074e-08,3.351786074e-08,3.351786074e-08,1.7904806947e-13,1.9557762923e-05,1.9557762923e-05,1.9557762923e-05,1.9557762923e-05
1260,4.6595068533e-06,4.6595068533e-06,4.6595068533e-06,4.6595068533e-06,1.8494659608e-18,2.1675421158e-16,3.9412602453e-15,3.9412602453e-15,3.9412602453e-15,3.9412602453e-15,8.8778877338e-20,3.9467647186e-19,2.2215360998e-22,2.2559454486e-17,3.823081067e-16,3.1207662807e-08,3.1207662807e-08,3.1207662807e-08,3.1207662807e-08,2.2211065184e-22,3.8695404505e-21,2.7869730366e-16,0.0001491120285,0.0001491120285,0.0001491120285,0.0001491120285,1.0306280839e-15,8.480271298e-23,9.8463013047e-18,3.847839215e-12,6.3928410009e-22,2.0007196892e-22,2.3099437428e-13,5.1462364998e-16,4.4214726215e-06,4.4214726215e-06,4.4214726215e-06,4.4214726215e-06,0.38283424595,0.38283424595,0.38283424595,0.38283424595,1.4700398081e-10,3.2866900828e-08,3.2866900828e-08,3.2866900828e-08,3.2866900828e-08,1.6672014048e-13,1.9464322375e-05,1.9464322375e-05,1.9464322375e-05,1.9464322375e-05
1265,4.6261999147e-06,4.6261999147e-06,4.6261999147e-06,4.6261999147e-06,1.6065179965e-18,1.942575766e-16,3.5949010232e-15,3.5949010232e-15,3.5949010232e-15,3.5949010232e-15,7.5492803575e-20,3.3918327621e-19,1.8064067438e-22,1.992707861e-17,3.4384213503e-16,3.0602348584e-08,3.0602348584e-08,3.0602348584e-08,3.0602348584e-08,1.8060547688e-22,3.2157249531e-21,2.5016494103e-16,0.00014881067578,0.00014881067578,0.00014881067578,0.00014881067578,9.3258081937e-16,6.8440417928e-23,8.6499495217e-18,3.6413816435e-12,5.2407341945e-22,1.6255331022e-22,2.1552985813e-13,4.6369386516e-16,4.3894846202e-06,4.3894846202e-06,4.3894846202e-06,4.3894846202e-06,0.38327409592,0.38327409592,0.38327409592,0.38327409592,1.4140351588e-10,3.2235093899e-08,3.2235093899e-08,3.2235093899e-08,3.2235093899e-08,1.5529311512e-13,1.9373024136e-05,1.9373024136e-05,1.9373024136e-05,1.9373024136e-05
1270,4.5936411628e-06,4.5936411628e-06,4.5936411628e-06,4.5936411628e-06,1.3958509646e-18,1.7415115322e-16,3.2800729282e-15,3.2800729282e-15,3.2800729282e-15,3.2800729282e-15,6.4208503525e-20,2.9156195181e-19,1.4689459418e-22,1.7607078454e-17,3.0934595869e-16,3.0014806127e-08,3.0014806127e-08,3.0014806127e-08,3.0014806127e-08,1.4686575435e-22,2.6727562007e-21,2.2462543218e-16,0.00014851801462,0.00014851801462,0.00014851801462,0.00014851801462,8.4413782633e-16,5.5237177528e-23,7.6011334634e-18,3.4470967121e-12,4.2966619763e-22,1.3207851863e-22,2.0116761367e-13,4.1793964499e-16,4.3582157636e-06,4.3582157636e-06,4.3582157636e-06,4.3582157636e-06,0.38371455955,0.38371455955,0.38371455955,0.38371455955,1.3605472469e-10,3.1621757483e-08,3.1621757483e-08,3.1621757483e-08,3.1621757483e-08,1.4469762263e-13,1.9283817425e-05,1.9283817425e-05,1.9283817425e-05,1.9283817425e-05
1275,4.5618113997e-06,4.5618113997e-06,4.5618113997e-06,4.5618113997e-06,1.2131276847e-18,1.56175295e-16,2.9938104844e-15,2.9938104844e-15,2.9938104844e-15,2.9938104844e-15,5.4622367944e-20,2.5068615136e-19,1.1946045665e-22,1.556178118e-17,2.7839995812e-16,2.9444403604e-08,2.9444403604e-08,2.9444403604e-08,2.9444403604e-08,1.1943682532e-22,2.2217781916e-21,2.0175756201e-16,0.00014823385817,0.00014823385817,0.00014823385817,0.00014823385817,7.6433224633e-16,4.4582685247e-23,6.6813961378e-18,3.2642090792e-12,3.5229870898e-22,1.0732362999e-22,1.8782465821e-13,3.7682177368e-16,4.3276475418e-06,4.3276475418e-06,4.3276475418e-06,4.3276475418e-06,0.38415563339,0.38415563339,0.38415563339,0.38415563339,1.3094487679e-10,3.1026237306e-08,3.1026237306e-08,3.1026237306e-08,3.1026237306e-08,1.3486988971e-13,1.9196652943e-05,1.9196652943e-05,1.9196652943e-05,1.9196652943e-05
1280,4.5306920302e-06,4.5306920302e-06,4.5306920302e-06,4.5306920302e-06,1.0546000482e-18,1.4009916087e-16,2.7334356891e-15,2.7334356891e-15,2.7334356891e-15,2.7334356891e-15,4.647713749e-20,2.1559206107e-19,9.7156219739e-23,1.3758128573e-17,2.5062988515e-16,2.8890535225e-08,2.8890535225e-08,2.8890535225e-08,2.8890535225e-08,9.7136855584e-23,1.847153194e-21,1.8127534887e-16,0.00014795802451,0.00014795802451,0.00014795802451,0.00014795802451,6.9229708637e-16,3.5984616719e-23,5.8746217588e-18,3.0919961628e-12,2.8888946545e-22,8.7213818723e-23,1.75424568e-13,3.39858551e-16,4.2977620279e-06,4.2977620279e-06,4.2977620279e-06,4.2977620279e-06,0.38459731413,0.38459731413,0.38459731413,0.38459731413,1.2606194982e-10,3.0447905986e-08,3.0447905986e-08,3.0447905986e-08,3.0447905986e-08,1.2575126924e-13,1.9111482825e-05,1.9111482825e-05,1.9111482825e-05,1.9111482825e-05
1285,4.5002650397e-06,4.5002650397e-06,4.5002650397e-06,4.5002650397e-06,9.1702816337e-19,1.257174547e-16,2.4965293448e-15,2.4965293448e-15,2.4965293448e-15,2.4965293448e-15,3.9554781242e-20,1.8545475162e-19,7.9021472764e-23,1.2167103248e-17,2.2570185052e-16,2.8352620043e-08,2.8352620043e-08,2.8352620043e-08,2.8352620043e-08,7.9005604707e-23,1.5359106477e-21,1.62924099e-16,0.00014769033641,0.00014769033641,0.00014769033641,0.00014769033641,6.2725465086e-16,2.9045807327e-23,5.1667347664e-18,2.9297843358e-12,2.3691531291e-22,7.0876462042e-23,1.6389693651e-13,3.0661951906e-16,4.2685418563e-06,4.2685418563e-06,4.2685418563e-06,4.2685418563e-06,0.38503959862,0.38503959862,0.38503959862,0.38503959862,1.213945869e-10,2.9886161787e-08,2.9886161787e-08,2.9886161787e-08,2.9886161787e-08,1.1728781036e-13,1.9028260587e-05,1.9028260587e-05,1.9028260587e-05,1.9028260587e-05
1290,4.4705129733e-06,4.4705129733e-06,4.4705129733e-06,4.4705129733e-06,7.9761071299e-19,1.1284754102e-16,2.2809053274e-15,2.2809053274e-15,2.2809053274e-15,2.2809053274e-15,3.3670476341e-20,1.5956799818e-19,6.4275830396e-23,1.0763227243e-17,2.0331787668e-16,2.78301008e-08,2.78301008e-08,2.78301008e-08,2.78301008e-08,6.4262826786e-23,1.2772907458e-21,1.464769117e-16,0.00014743062123,0.00014743062123,0.00014743062123,0.00014743062123,5.6850711786e-16,2.3445847351e-23,4.5454380456e-18,2.776945411e-12,1.9431007285e-22,5.760305668e-23,1.5317687926e-13,2.7671988787e-16,4.2399702019e-06,4.2399702019e-06,4.2399702019e-06,4.2399702019e-06,0.38548248386,0.38548248386,0.38548248386,0.38548248386,1.169320567e-10,2.9340427438e-08,2.9340427438e-08,2.9340427438e-08,2.9340427438e-08,1.0942986597e-13,1.8946941082e-05,1.8946941082e-05,1.8946941082e-05,1.8946941082e-05
1295,4.4414189151e-06,4.4414189151e-06,4.4414189151e-06,4.4414189151e-06,6.939249542e-19,1.0132689275e-16,2.0845874816e-15,2.0845874816e-15,2.0845874816e-15,2.0845874816e-15,2.8667517435e-20,1.3732705654e-19,5.2285146613e-23,9.5241237326e-18,1.8321195076e-16,2.7322442847e-08,2.7322442847e-08,2.7322442847e-08,2.7322442847e-08,5.2274490001e-23,1.0623663766e-21,1.3173158261e-16,0.00014717871076,0.00014717871076,0.00014717871076,0.00014717871076,5.154281331e-16,1.8926239068e-23,3.999985174e-18,2.6328933909e-12,1.5938161958e-22,4.6818316456e-23,1.4320458107e-13,2.4981558046e-16,4.2120307611e-06,4.2120307611e-06,4.2120307611e-06,4.2120307611e-06,0.38592596699,0.38592596699,0.38592596699,0.38592596699,1.1266421606e-10,2.8810149014e-08,2.8810149014e-08,2.8810149014e-08,2.8810149014e-08,1.0213173437e-13,1.8867480452e-05,1.8867480452e-05,1.8867480452e-05,1.8867480452e-05
1300,4.4129664689e-06,4.4129664689e-06,4.4129664689e-06,4.4129664689e-06,6.0387501185e-19,9.1010831957e-17,1.9057888693e-15,1.9057888693e-15,1.9057888693e-15,1.9057888693e-15,2.4413011424e-20,1.1821395885e-19,4.2534077094e-23,8.43013382e-18,1.6514652036e-16,2.6829133106e-08,2.6829133106e-08,2.6829133106e-08,2.6829133106e-08,4.2525343569e-23,8.8372992971e-22,1.1850785902e-16,0.0001469344411,0.0001469344411,0.0001469344411,0.0001469344411,4.6745530921e-16,1.5278426009e-23,3.5209822187e-18,2.4970814633e-12,1.3074403318e-22,3.8055095219e-23,1.3392488201e-13,2.2559882713e-16,4.1847077323e-06,4.1847077323e-06,4.1847077323e-06,4.1847077323e-06,0.3863700453,0.3863700453,0.3863700453,0.3863700453,1.0858147509e-10,2.8294794876e-08,2.8294794876e-08,2.8294794876e-08,2.8294794876e-08,9.5351331924e-14,1.8789836088e-05,1.8789836088e-05,1.8789836088e-05,1.8789836088e-05
1305,4.3851397396e-06,4.3851397396e-06,4.3851397396e-06,4.3851397396e-06,5.2564730747e-19,8.177052943e-17,1.7428931245e-15,1.7428931245e-15,1.7428931245e-15,1.7428931245e-15,2.0794235612e-20,1.0178495746e-19,3.4603795714e-23,7.4639813695e-18,1.4890938161e-16,2.6349679095e-08,2.6349679095e-08,2.6349679095e-08,2.6349679095e-08,3.4596637986e-23,7.3523379986e-22,1.066450063e-16,0.00014669765252,0.00014669765252,0.00014669765252,0.00014669765252,4.2408353074e-16,1.2334138242e-23,3.1002152004e-18,2.3689992215e-12,1.0726208237e-22,3.0934035739e-23,1.2528689851e-13,2.0379424678e-16,4.1579857981e-06,4.1579857981e-06,4.1579857981e-06,4.1579857981e-06,0.38681471621,0.38681471621,0.38681471621,0.38681471621,1.0467476441e-10,2.7793854657e-08,2.7793854657e-08,2.7793854657e-08,2.7793854657e-08,8.904989398e-14,1.8713966584e-05,1.8713966584e-05,1.8713966584e-05,1.8713966584e-05
1310,4.3579233153e-06,4.3579233153e-06,4.3579233153e-06,4.3579233153e-06,4.5767212912e-19,7.3491232813e-17,1.5944376956e-15,1.5944376956e-15,1.5944376956e-15,1.5944376956e-15,1.7715556393e-20,8.7659800438e-20,2.8153895807e-23,6.6104797838e-18,1.3431091452e-16,2.5883607994e-08,2.5883607994e-08,2.5883607994e-08,2.5883607994e-08,2.8148029346e-23,6.1177535324e-22,9.5999649577e-17,0.00014646818933,0.00014646818933,0.00014646818933,0.00014646818933,3.8485897632e-16,9.9576053176e-24,2.730499858e-18,2.2481700936e-12,8.8005792214e-23,2.514705292e-23,1.1724367665e-13,1.841553604e-16,4.1318501079e-06,4.1318501079e-06,4.1318501079e-06,4.1318501079e-06,0.38725997724,0.38725997724,0.38725997724,0.38725997724,1.0093550452e-10,2.7306838306e-08,2.7306838306e-08,2.7306838306e-08,2.7306838306e-08,8.3191701507e-14,1.8639831699e-05,1.8639831699e-05,1.8639831699e-05,1.8639831699e-05
1315,4.3313022498e-06,4.3313022498e-06,4.3313022498e-06,4.3313022498e-06,3.9859048749e-19,6.6070696733e-17,1.4590987796e-15,1.4590987796e-15,1.4590987796e-15,1.4590987796e-15,1.5095821655e-20,7.5512569578e-20,2.2907689333e-23,5.856275397e-18,1.2118162629e-16,2.5430465759e-08,2.5430465759e-08,2.5430465759e-08,2.5430465759e-08,2.2902881022e-23,5.0911871216e-22,8.6443858904e-17,0.00014624589976,0.00014624589976,0.00014624589976,0.00014624589976,3.4937377947e-16,8.0392753377e-24,2.405550794e-18,2.1341489617e-12,7.221326124e-23,2.0443928065e-23,1.0975187468e-13,1.6646148795e-16,4.1062862615e-06,4.1062862615e-06,4.1062862615e-06,4.1062862615e-06,0.38770582605,0.38770582605,0.38770582605,0.38770582605,9.7355577065e-11,2.6833275174e-08,2.6833275174e-08,2.6833275174e-08,2.6833275174e-08,7.7743831157e-14,1.8567392315e-05,1.8567392315e-05,1.8567392315e-05,1.8567392315e-05
1320,4.3052620464e-06,4.3052620464e-06,4.3052620464e-06,4.3052620464e-06,3.4722552369e-19,5.9417791442e-17,1.3356777718e-15,1.3356777718e-15,1.3356777718e-15,1.3356777718e-15,1.2866153617e-20,6.5063851222e-20,1.8640265277e-23,5.1896228472e-18,1.0936996741e-16,2.4989816285e-08,2.4989816285e-08,2.4989816285e-08,2.4989816285e-08,1.8636324114e-23,4.2374703393e-22,7.7863449945e-17,0.00014603063584,0.00014603063584,0.00014603063584,0.00014603063584,3.1726125836e-16,6.4907486727e-24,2.1198674699e-18,2.0265199588e-12,5.9260227264e-23,1.6621427559e-23,1.0277147232e-13,1.505149858e-16,4.0812802925e-06,4.0812802925e-06,4.0812802925e-06,4.0812802925e-06,0.38815226044,0.38815226044,0.38815226044,0.38815226044,9.3927297928e-11,2.6372713148e-08,2.6372713148e-08,2.6372713148e-08,2.6372713148e-08,7.2675926679e-14,1.8496610407e-05,1.8496610407e-05,1.8496610407e-05,1.8496610407e-05
1325,4.2797886421e-06,4.2797886421e-06,4.2797886421e-06,4.2797886421e-06,3.0255783724e-19,5.3451269304e-17,1.2230890759e-15,1.2230890759e-15,1.2230890759e-15,1.2230890759e-15,1.0968080223e-20,5.6074044597e-20,1.516878875e-23,4.6001883857e-18,9.8740389783e-17,2.4561240607e-08,2.4561240607e-08,2.4561240607e-08,2.4561240607e-08,1.5165558233e-23,3.5274004884e-22,7.0156475409e-17,0.00014582225331,0.00014582225331,0.00014582225331,0.00014582225331,2.8819165243e-16,5.2406912732e-24,1.8686348519e-18,1.9248944278e-12,4.8635154667e-23,1.3514470033e-23,9.6265504381e-14,1.3613878635e-16,4.0568186535e-06,4.0568186535e-06,4.0568186535e-06,4.0568186535e-06,0.38859927828,0.38859927828,0.38859927828,0.38859927828,9.0643392032e-11,2.5924717831e-08,2.5924717831e-08,2.5924717831e-08,2.5924717831e-08,6.7959989776e-14,1.8427449e-05,1.8427449e-05,1.8427449e-05,1.8427449e-05
1330,4.2548683922e-06,4.2548683922e-06,4.2548683922e-06,4.2548683922e-06,2.6370419136e-19,4.8098670871e-17,1.1203491339e-15,1.1203491339e-15,1.1203491339e-15,1.1203491339e-15,9.3519528273e-21,4.8337640973e-20,1.2344619841e-23,4.0788775988e-18,8.9171619431e-17,2.4144336137e-08,2.4144336137e-08,2.4144336137e-08,2.4144336137e-08,1.2341971737e-23,2.9367252415e-22,6.3231885433e-17,0.00014562061147,0.00014562061147,0.00014562061147,0.00014562061147,2.6186831092e-16,4.2315380473e-24,1.6476368027e-18,1.8289090314e-12,3.9918839519e-23,1.0988955947e-23,9.0199816699e-14,1.2317420628e-16,4.0328882014e-06,4.0328882014e-06,4.0328882014e-06,4.0328882014e-06,0.38904687758,0.38904687758,0.38904687758,0.38904687758,8.7496969671e-11,2.5488871754e-08,2.5488871754e-08,2.5488871754e-08,2.5488871754e-08,6.35701887e-14,1.8359872134e-05,1.8359872134e-05,1.8359872134e-05,1.8359872134e-05
1335,4.2304880558e-06,4.2304880558e-06,4.2304880558e-06,4.2304880558e-06,2.2989912839e-19,4.3295354459e-17,1.0265665499e-15,1.0265665499e-15,1.0265665499e-15,1.0265665499e-15,7.9756060393e-21,4.1678331688e-20,1.0046910464e-23,3.6176844688e-18,8.0555119642e-17,2.3738715944e-08,2.3738715944e-08,2.3738715944e-08,2.3738715944e-08,1.0044739693e-23,2.4453006647e-22,5.7008337625e-17,0.0001454255731,0.0001454255731,0.0001454255731,0.0001454255731,2.3802428421e-16,3.416833466e-24,1.45318056e-18,1.7382239996e-12,3.2767711679e-23,8.9359463445e-24,8.4542842366e-14,1.1147899332e-16,4.0094761829e-06,4.0094761829e-06,4.0094761829e-06,4.0094761829e-06,0.38949505643,0.38949505643,0.38949505643,0.38949505643,8.4481504336e-11,2.5064773635e-08,2.5064773635e-08,2.5064773635e-08,2.5064773635e-08,5.9482683028e-14,1.8293844839e-05,1.8293844839e-05,1.8293844839e-05,1.8293844839e-05
1340,4.2066347818e-06,4.2066347818e-06,4.2066347818e-06,4.2066347818e-06,2.0047909369e-19,3.8983635016e-17,9.4093319672e-16,9.4093319672e-16,9.4093319672e-16,9.4093319672e-16,6.8032224257e-21,3.5944823968e-20,8.1774016715e-24,3.2095590926e-18,7.2793723089e-17,2.3344008065e-08,2.3344008065e-08,2.3344008065e-08,2.3344008065e-08,8.175622127e-24,2.0363929218e-22,5.1413139702e-17,0.00014523700436,0.00014523700436,0.00014523700436,0.00014523700436,2.1641927448e-16,2.7590861419e-24,1.2820308671e-18,1.6525215059e-12,2.6900162452e-23,7.2669366226e-24,7.9265396539e-14,1.0092558522e-16,3.9865702211e-06,3.9865702211e-06,3.9865702211e-06,3.9865702211e-06,0.38994381304,0.38994381304,0.38994381304,0.38994381304,8.1590811907e-11,2.4652037667e-08,2.4652037667e-08,2.4652037667e-08,2.4652037667e-08,5.5675463189e-14,1.8229333094e-05,1.8229333094e-05,1.8229333094e-05,1.8229333094e-05
1345,4.1832960953e-06,4.1832960953e-06,4.1832960953e-06,4.1832960953e-06,1.7486872217e-19,3.5112019739e-17,8.6271620519e-16,8.6271620519e-16,8.6271620519e-16,8.6271620519e-16,5.8043705626e-21,3.1007261296e-20,6.6561961027e-24,2.8482917187e-18,6.5800414007e-17,2.2959854854e-08,2.2959854854e-08,2.2959854854e-08,2.2959854854e-08,6.6547372227e-24,1.6960990595e-22,4.6381309676e-17,0.00014505477468,0.00014505477468,0.00014505477468,0.00014505477468,1.9683690704e-16,2.2280379865e-24,1.1313525038e-18,1.5715041614e-12,2.2085348541e-23,5.9100191185e-24,7.4340488226e-14,9.1399557198e-17,3.9641583026e-06,3.9641583026e-06,3.9641583026e-06,3.9641583026e-06,0.3903931457,0.3903931457,0.3903931457,0.3903931457,7.881903112e-11,2.4250292848e-08,2.4250292848e-08,2.4250292848e-08,2.4250292848e-08,5.2128203455e-14,1.8166303801e-05,1.8166303801e-05,1.8166303801e-05,1.8166303801e-05
1350,4.1604598849e-06,4.1604598849e-06,4.1604598849e-06,4.1604598849e-06,1.5256898981e-19,3.1634529361e-17,7.9125074481e-16,7.9125074481e-16,7.9125074481e-16,7.9125074481e-16,4.9531897983e-21,2.6754160275e-20,5.418322585e-24,2.52841106e-18,5.9497243606e-17,2.2585912357e-08,2.2585912357e-08,2.2585912357e-08,2.2585912357e-08,5.4171265433e-24,1.4128665008e-22,4.1854740257e-17,0.00014487875668,0.00014487875668,0.00014487875668,0.00014487875668,1.7908228765e-16,1.7992677802e-24,9.9866013342e-19,1.4948936176e-12,1.8134022931e-23,4.8067671551e-24,6.974314756e-14,8.2798237182e-17,3.9422287649e-06,3.9422287649e-06,3.9422287649e-06,3.9422287649e-06,0.3908430528,0.3908430528,0.3908430528,0.3908430528,7.6160605243e-11,2.3859182334e-08,2.3859182334e-08,2.3859182334e-08,2.3859182334e-08,4.8822127232e-14,1.8104724753e-05,1.8104724753e-05,1.8104724753e-05,1.8104724753e-05
1355,4.1381143901e-06,4.1381143901e-06,4.1381143901e-06,4.1381143901e-06,1.3314697392e-19,2.8510095323e-17,7.2593351699e-16,7.2593351699e-16,7.2593351699e-16,7.2593351699e-16,4.2276992096e-21,2.3089788853e-20,4.4109442638e-24,2.2450950996e-18,5.381436385e-17,2.2221849721e-08,2.2221849721e-08,2.2221849721e-08,2.2221849721e-08,4.40996367e-24,1.1770943678e-22,3.7781455685e-17,0.00014470882605,0.00014470882605,0.00014470882605,0.00014470882605,1.6297981534e-16,1.4530645034e-24,8.8177452278e-19,1.4224292709e-12,1.4891025069e-23,3.9097047592e-24,6.5450267279e-14,7.5029470224e-17,3.9207702844e-06,3.9207702844e-06,3.9207702844e-06,3.9207702844e-06,0.39129353283,0.39129353283,0.39129353283,0.39129353283,7.3610264859e-11,2.3478362833e-08,2.3478362833e-08,2.3478362833e-08,2.3478362833e-08,4.5739883573e-14,1.8044564608e-05,1.8044564608e-05,1.8044564608e-05,1.8044564608e-05
1360,4.1162481893e-06,4.1162481893e-06,4.1162481893e-06,4.1162481893e-06,1.1622700159e-19,2.5702024182e-17,6.6621688802e-16,6.6621688802e-16,6.6621688802e-16,6.6621688802e-16,3.6092117109e-21,1.9931921796e-20,3.5910895755e-24,1.9940928331e-18,4.8689166432e-17,2.1867348629e-08,2.1867348629e-08,2.1867348629e-08,2.1867348629e-08,3.5902855901e-24,9.8080265484e-23,3.4114950569e-17,0.00014454486148,0.00014454486148,0.00014454486148,0.00014454486148,1.4837122337e-16,1.1735182833e-24,7.7878431351e-19,1.3538670592e-12,1.2229129468e-23,3.180251841e-24,6.1440457155e-14,6.8010515735e-17,3.8997718645e-06,3.8997718645e-06,3.8997718645e-06,3.8997718645e-06,0.39174458433,0.39174458433,0.39174458433,0.39174458433,7.1163011705e-11,2.310750402e-08,2.310750402e-08,2.310750402e-08,2.310750402e-08,4.2865433948e-14,1.798579286e-05,1.798579286e-05,1.798579286e-05,1.798579286e-05
1365,4.0948501887e-06,4.0948501887e-06,4.0948501887e-06,4.0948501887e-06,1.0148299587e-19,2.3177521621e-17,6.116035972e-16,6.116035972e-16,6.116035972e-16,6.116035972e-16,3.0818372156e-21,1.7209918675e-20,2.9238080272e-24,1.7716555853e-18,4.4065515239e-17,2.1522102765e-08,2.1522102765e-08,2.1522102765e-08,2.1522102765e-08,2.9231488177e-24,8.1735766543e-23,3.0813601506e-17,0.00014438674459,0.00014438674459,0.00014438674459,0.00014438674459,1.3511382385e-16,9.4778689752e-25,6.8801263276e-19,1.2889783452e-12,1.0044006556e-23,2.5870553891e-24,5.769391031e-14,6.1667062938e-17,3.879222825e-06,3.879222825e-06,3.879222825e-06,3.879222825e-06,0.39219620595,0.39219620595,0.39219620595,0.39219620595,6.8814103478e-11,2.2746287985e-08,2.2746287985e-08,2.2746287985e-08,2.2746287985e-08,4.0183948381e-14,1.7928379811e-05,1.7928379811e-05,1.7928379811e-05,1.7928379811e-05
1370,4.0739096106e-06,4.0739096106e-06,4.0739096106e-06,4.0739096106e-06,8.8631856343e-20,2.0907269287e-17,5.6164198241e-16,5.6164198241e-16,5.6164198241e-16,5.6164198241e-16,2.6320612253e-21,1.4863077657e-20,2.3806711549e-24,1.5744767146e-18,3.9893061952e-17,2.1185817299e-08,2.1185817299e-08,2.1185817299e-08,2.1185817299e-08,2.3801306309e-24,6.8124411242e-23,2.7840143304e-17,0.00014423435981,0.00014423435981,0.00014423435981,0.00014423435981,1.2307893454e-16,7.65503908e-25,6.0798792203e-19,1.2275488797e-12,8.2500942803e-24,2.1046340824e-24,5.4192280378e-14,5.5932351599e-17,3.8591127911e-06,3.8591127911e-06,3.8591127911e-06,3.8591127911e-06,0.39264839641,0.39264839641,0.39264839641,0.39264839641,6.6559039569e-11,2.2394408702e-08,2.2394408702e-08,2.2394408702e-08,2.2394408702e-08,3.7681710156e-14,1.7872296549e-05,1.7872296549e-05,1.7872296549e-05,1.7872296549e-05
1375,4.0534159833e-06,4.0534159833e-06,4.0534159833e-06,4.0534159833e-06,7.742773245e-20,1.8865048483e-17,5.1592167105e-16,5.1592167105e-16,5.1592167105e-16,5.1592167105e-16,2.248387325e-21,1.2839225183e-20,1.9385539763e-24,1.3996386645e-18,3.6126635604e-17,2.0858208403e-08,2.0858208403e-08,2.0858208403e-08,2.0858208403e-08,1.9381107526e-24,5.6787592539e-23,2.5161202576e-17,0.00014408759434,0.00014408759434,0.00014408759434,0.00014408759434,1.1215046836e-16,6.183010622e-25,5.3741844446e-19,1.1693778373e-12,6.7772155377e-24,1.7122773881e-24,5.0918568622e-14,5.0746386534e-17,3.8394316834e-06,3.8394316834e-06,3.8394316834e-06,3.8394316834e-06,0.39310115452,0.39310115452,0.39310115452,0.39310115452,6.4393547641e-11,2.205157153e-08,2.205157153e-08,2.205157153e-08,2.205157153e-08,3.5346028355e-14,1.7817514921e-05,1.7817514921e-05,1.7817514921e-05,1.7817514921e-05
1380,4.0333591309e-06,4.0333591309e-06,4.0333591309e-06,4.0333591309e-06,6.7657068182e-20,1.7027405442e-17,4.7406968987e-16,4.7406968987e-16,4.7406968987e-16,4.7406968987e-16,1.9210338293e-21,1.1093507468e-20,1.578644388e-24,1.244566454e-18,3.2725697912e-17,2.0539002785e-08,2.0539002785e-08,2.0539002785e-08,2.0539002785e-08,1.5782809357e-24,4.7343916883e-23,2.2746882301e-17,0.00014394633802,0.00014394633802,0.00014394633802,0.00014394633802,1.0222366848e-16,4.9942288536e-25,4.751700005e-19,1.114276922e-12,5.5678064407e-24,1.393151309e-24,4.7857020151e-14,4.6055235686e-17,3.8201697074e-06,3.8201697074e-06,3.8201697074e-06,3.8201697074e-06,0.39355447913,0.39355447913,0.39355447913,0.39355447913,6.2313571022e-11,2.1717492731e-08,2.1717492731e-08,2.1717492731e-08,2.1717492731e-08,3.3165157551e-14,1.7764007507e-05,1.7764007507e-05,1.7764007507e-05,1.7764007507e-05
1385,4.013729163e-06,4.013729163e-06,4.013729163e-06,4.013729163e-06,5.9134313017e-20,1.5373353469e-17,4.357469518e-16,4.357469518e-16,4.357469518e-16,4.357469518e-16,1.6416763256e-21,9.587354691e-21,1.2856378171e-24,1.1069868135e-18,2.9653857175e-17,2.0227937243e-08,2.0227937243e-08,2.0227937243e-08,2.0227937243e-08,1.2853397675e-24,3.9476160337e-23,2.0570391663e-17,0.00014381048333,0.00014381048333,0.00014381048333,0.00014381048333,9.320397351e-17,4.0341565754e-25,4.2024644294e-19,1.0620695344e-12,4.574644897e-24,1.1335719464e-24,4.4993028487e-14,4.1810402677e-17,3.801317345e-06,3.801317345e-06,3.801317345e-06,3.801317345e-06,0.39400836919,0.39400836919,0.39400836919,0.39400836919,6.0315256833e-11,2.1391899012e-08,2.1391899012e-08,2.1391899012e-08,2.1391899012e-08,3.1128224069e-14,1.7711747604e-05,1.7711747604e-05,1.7711747604e-05,1.7711747604e-05
1390,3.9945164658e-06,3.9945164658e-06,3.9945164658e-06,3.9945164658e-06,5.1698208628e-20,1.3884107842e-17,4.0064508228e-16,4.0064508228e-16,4.0064508228e-16,4.0064508228e-16,1.4032291263e-21,8.2875930057e-21,1.0470824392e-24,9.8489226867e-19,2.6878434293e-17,1.992475825e-08,1.992475825e-08,1.992475825e-08,1.992475825e-08,1.0468380139e-24,3.2920435584e-23,1.8607716133e-17,0.00014367992523,0.00014367992523,0.00014367992523,0.00014367992523,8.5005999207e-17,3.258764095e-25,3.7177263491e-19,1.0125899985e-12,3.7589890222e-24,9.2241534858e-25,4.2313047768e-14,3.7968265774e-17,3.7828653442e-06,3.7828653442e-06,3.7828653442e-06,3.7828653442e-06,0.3944628237,0.3944628237,0.3944628237,0.3944628237,5.8394944832e-11,2.1074527093e-08,2.1074527093e-08,2.1074527093e-08,2.1074527093e-08,2.9225158227e-14,1.7660709196e-05,1.7660709196e-05,1.7660709196e-05,1.7660709196e-05
1395,3.9757116926e-06,3.9757116926e-06,3.9757116926e-06,3.9757116926e-06,4.520857325e-20,1.2542849777e-17,3.6848355143e-16,3.6848355143e-16,3.6848355143e-16,3.6848355143e-16,1.1996597096e-21,7.1656830915e-21,8.5284678021e-25,8.7650956666e-19,2.4370075206e-17,1.9629221545e-08,1.9629221545e-08,1.9629221545e-08,1.9629221545e-08,8.5264632351e-25,2.7457193869e-23,1.6837323344e-17,0.00014355456116,0.00014355456116,0.00014355456116,0.00014355456116,7.7552624375e-17,2.6325034812e-25,3.2897954057e-19,9.6568284158e-13,3.089051296e-24,7.5063804854e-25,3.980451197e-14,3.4489576078e-17,3.7648047112e-06,3.7648047112e-06,3.7648047112e-06,3.7648047112e-06,0.39491784173,0.39491784173,0.39491784173,0.39491784173,5.654915691e-11,2.0765123288e-08,2.0765123288e-08,2.0765123288e-08,2.0765123288e-08,2.7446632084e-14,1.761086694e-05,1.761086694e-05,1.761086694e-05,1.761086694e-05
1400,3.9573057554e-06,3.9573057554e-06,3.9573057554e-06,3.9573057554e-06,3.9543516318e-20,1.1334516215e-17,3.3900708174e-16,3.3900708174e-16,3.3900708174e-16,3.3900708174e-16,1.0258311407e-21,6.1970670695e-21,6.9468679771e-25,7.8027190994e-19,2.2102404682e-17,1.9341091751e-08,1.9341091751e-08,1.9341091751e-08,1.9341091751e-08,6.9452239396e-25,2.2903750014e-23,1.5239900781e-17,0.00014343429095,0.00014343429095,0.00014343429095,0.00014343429095,7.0774170096e-17,2.1266736125e-25,2.9119117797e-19,9.2120212485e-13,2.5387477937e-24,6.1088750576e-25,3.7455760543e-14,3.1339008557e-17,3.7471267017e-06,3.7471267017e-06,3.7471267017e-06,3.7471267017e-06,0.3953734224,0.3953734224,0.3953734224,0.3953734224,5.4774587205e-11,2.0463443108e-08,2.0463443108e-08,2.0463443108e-08,2.0463443108e-08,2.5784002207e-14,1.7562196139e-05,1.7562196139e-05,1.7562196139e-05,1.7562196139e-05
1405,3.939289816e-06,3.939289816e-06,3.939289816e-06,3.939289816e-06,3.4597025183e-20,1.0245612554e-17,3.1198330412e-16,3.1198330412e-16,3.1198330412e-16,3.1198330412e-16,8.7736822385e-22,5.3606082312e-21,5.6589383374e-25,6.9479453296e-19,2.0051716959e-17,1.906014201e-08,1.906014201e-08,1.906014201e-08,1.906014201e-08,5.6575899343e-25,1.9108071858e-23,1.3798121785e-17,0.00014331901673,0.00014331901673,0.00014331901673,0.00014331901673,6.4607662509e-17,1.7181005823e-25,2.5781319845e-19,8.7901082065e-13,2.0866728085e-24,4.9718557431e-25,3.5255969951e-14,2.8484760231e-17,3.7298228124e-06,3.7298228124e-06,3.7298228124e-06,3.7298228124e-06,0.39582956491,0.39582956491,0.39582956491,0.39582956491,5.3068092792e-11,2.0169250888e-08,2.0169250888e-08,2.0169250888e-08,2.0169250888e-08,2.4229257044e-14,1.7514672726e-05,1.7514672726e-05,1.7514672726e-05,1.7514672726e-05
1410,3.9216552784e-06,3.9216552784e-06,3.9216552784e-06,3.9216552784e-06,3.027687369e-20,9.2640457678e-18,2.8720063783e-16,2.8720063783e-16,2.8720063783e-16,2.8720063783e-16,7.5054379087e-22,4.6381102802e-21,4.6100831155e-25,6.1885321271e-19,1.8196699222e-17,1.8786153632e-08,1.8786153632e-08,1.8786153632e-08,1.8786153632e-08,4.6089771422e-25,1.5943619525e-23,1.2496436748e-17,0.0001432086429,0.0001432086429,0.0001432086429,0.0001432086429,5.8996170445e-17,1.3880725936e-25,2.2832288711e-19,8.3898023231e-13,1.7152581687e-24,4.0467129255e-25,3.3195090614e-14,2.5898190449e-17,3.7128847736e-06,3.7128847736e-06,3.7128847736e-06,3.7128847736e-06,0.39628626851,0.39628626851,0.39628626851,0.39628626851,5.1426684923e-11,1.9882319417e-08,1.9882319417e-08,1.9882319417e-08,1.9882319417e-08,2.2774968525e-14,1.7468273245e-05,1.7468273245e-05,1.7468273245e-05,1.7468273245e-05
1415,3.9043937806e-06,3.9043937806e-06,3.9043937806e-06,3.9043937806e-06,2.6502809232e-20,8.3789756512e-18,2.644663724e-16,2.644663724e-16,2.644663724e-16,2.644663724e-16,6.4218207546e-22,4.0139047088e-21,3.7558688482e-25,5.5136535553e-19,1.6518184361e-17,1.851891576e-08,1.851891576e-08,1.851891576e-08,1.851891576e-08,3.7549616827e-25,1.3305056467e-23,1.1320886737e-17,0.00014310307605,0.00014310307605,0.00014310307605,0.00014310307605,5.3888210135e-17,1.1214802337e-25,2.0226040507e-19,8.0098945417e-13,1.4100839207e-24,3.2939186387e-25,3.1263788818e-14,2.3553498758e-17,3.6963045414e-06,3.6963045414e-06,3.6963045414e-06,3.6963045414e-06,0.39674353249,0.39674353249,0.39674353249,0.39674353249,4.9847520763e-11,1.9602429604e-08,1.9602429604e-08,1.9602429604e-08,1.9602429604e-08,2.1414247523e-14,1.742297483e-05,1.742297483e-05,1.742297483e-05,1.742297483e-05
1420,3.8874971874e-06,3.8874971874e-06,3.8874971874e-06,3.8874971874e-06,2.3204980801e-20,7.5806821775e-18,2.4360493166e-16,2.4360493166e-16,2.4360493166e-16,2.4360493166e-16,5.4957659045e-22,3.4744965714e-21,3.0601304734e-25,4.9137334673e-19,1.499892985e-17,1.8258225056e-08,1.8258225056e-08,1.8258225056e-08,1.8258225056e-08,3.0593863491e-25,1.1104684525e-23,1.0258937082e-17,0.00014300222492,0.00014300222492,0.00014300222492,0.00014300222492,4.9237210042e-17,9.0612249993e-26,1.7922111737e-19,7.6492486865e-13,1.1593130691e-24,2.6813278899e-25,2.9453393175e-14,2.1427436346e-17,3.6800742904e-06,3.6800742904e-06,3.6800742904e-06,3.6800742904e-06,0.39720135621,0.39720135621,0.39720135621,0.39720135621,4.8327895615e-11,1.9329370139e-08,1.9329370139e-08,1.9329370139e-08,1.9329370139e-08,2.0140702871e-14,1.7378755192e-05,1.7378755192e-05,1.7378755192e-05,1.7378755192e-05
1425,3.8709575826e-06,3.8709575826e-06,3.8709575826e-06,3.8709575826e-06,2.0322575679e-20,6.8604471978e-18,2.2445630218e-16,2.2445630218e-16,2.2445630218e-16,2.2445630218e-16,4.7042031663e-22,3.0082603228e-21,2.4934308166e-25,4.3802988821e-19,1.3623419921e-17,1.8003885392e-08,1.8003885392e-08,1.8003885392e-08,1.8003885392e-08,2.4928204066e-25,9.2694803903e-24,9.2993287483e-18,0.0001429060003,0.0001429060003,0.0001429060003,0.0001429060003,4.5001029584e-17,7.3214660046e-26,1.5884887001e-19,7.3067967767e-13,9.5322800572e-25,2.1827980796e-25,2.7755845273e-14,1.9499047476e-17,3.6641864068e-06,3.6641864068e-06,3.6641864068e-06,3.6641864068e-06,0.39765973908,0.39765973908,0.39765973908,0.39765973908,4.6865235585e-11,1.9062937185e-08,1.9062937185e-08,1.9062937185e-08,1.9062937185e-08,1.8948403624e-14,1.7335592594e-05,1.7335592594e-05,1.7335592594e-05,1.7335592594e-05
1430,3.8547672627e-06,3.8547672627e-06,3.8547672627e-06,3.8547672627e-06,1.7802636755e-20,6.2104488933e-18,2.0687461014e-16,2.0687461014e-16,2.0687461014e-16,2.0687461014e-16,4.0274634552e-22,2.6051785843e-21,2.031807447e-25,3.9058508317e-19,1.2377688527e-17,1.775570756e-08,1.775570756e-08,1.775570756e-08,1.775570756e-08,2.031306704e-25,7.7386316599e-24,8.4319455579e-18,0.00014281431503,0.00014281431503,0.00014281431503,0.00014281431503,4.1141526217e-17,5.9159572642e-26,1.4083009716e-19,6.9815346589e-13,7.8385029846e-25,1.7770668812e-25,2.6163654168e-14,1.774943774e-17,3.6486334818e-06,3.6486334818e-06,3.6486334818e-06,3.6486334818e-06,0.39811868053,0.39811868053,0.39811868053,0.39811868053,4.5457090669e-11,1.8802934077e-08,1.8802934077e-08,1.8802934077e-08,1.8802934077e-08,1.7831844309e-14,1.7293465843e-05,1.7293465843e-05,1.7293465843e-05,1.7293465843e-05
1435,3.8389187298e-06,3.8389187298e-06,3.8389187298e-06,3.8389187298e-06,1.5599036309e-20,5.6236675813e-18,1.9072683215e-16,1.9072683215e-16,1.9072683215e-16,1.9072683215e-16,3.4487740056e-22,2.2566177285e-21,1.6557532311e-25,3.4837505655e-19,1.1249160872e-17,1.7513508999e-08,1.7513508999e-08,1.7513508999e-08,1.7513508999e-08,1.6553424358e-25,6.4614879888e-24,7.6476955264e-18,0.00014272708391,0.00014272708391,0.00014272708391,0.00014272708391,3.7624165877e-17,4.780439715e-26,1.2488865469e-19,6.672517937e-13,6.4462882086e-25,1.4468401389e-25,2.466985441e-14,1.6161566275e-17,3.6334083047e-06,3.6334083047e-06,3.6334083047e-06,3.6334083047e-06,0.39857818008,0.39857818008,0.39857818008,0.39857818008,4.4101128236e-11,1.8549171033e-08,1.8549171033e-08,1.8549171033e-08,1.8549171033e-08,1.6785912922e-14,1.7252354269e-05,1.7252354269e-05,1.7252354269e-05,1.7252354269e-05
1440,3.8234046851e-06,3.8234046851e-06,3.8234046851e-06,3.8234046851e-06,1.3671585318e-20,5.0938016282e-18,1.7589162711e-16,1.7589162711e-16,1.7589162711e-16,1.7589162711e-16,2.9538289994e-22,1.9551350516e-21,1.3493869482e-25,3.108119259e-19,1.0226511501e-17,1.7277113525e-08,1.7277113525e-08,1.7277113525e-08,1.7277113525e-08,1.3490499301e-25,5.3958571761e-24,6.938404792e-18,0.00014264422364,0.00014264422364,0.00014264422364,0.00014264422364,3.4417672357e-17,3.8630159462e-26,1.1078128922e-19,6.3788581762e-13,5.3018391513e-25,1.1780504313e-25,2.3267967309e-14,1.4720059417e-17,3.6185038569e-06,3.6185038569e-06,3.6185038569e-06,3.6185038569e-06,0.39903823726,0.39903823726,0.39903823726,0.39903823726,4.2795126876e-11,1.8301464881e-08,1.8301464881e-08,1.8301464881e-08,1.8301464881e-08,1.5805861425e-14,1.721223771e-05,1.721223771e-05,1.721223771e-05,1.721223771e-05
1445,3.8082180227e-06,3.8082180227e-06,3.8082180227e-06,3.8082180227e-06,1.1985260217e-20,4.6151923634e-18,1.6225827744e-16,1.6225827744e-16,1.6225827744e-16,1.6225827744e-16,2.5304242707e-22,1.6943130463e-21,1.0997784914e-25,2.7737495991e-19,9.2995372031e-18,1.7046351078e-08,1.7046351078e-08,1.7046351078e-08,1.7046351078e-08,1.0995019893e-25,4.5065879171e-24,6.2967227678e-18,0.00014256565281,0.00014256565281,0.00014256565281,0.00014256565281,3.1493711609e-17,3.1217706339e-26,9.8293663472e-20,6.0997193627e-13,4.3609750168e-25,9.5925432935e-26,2.1951965194e-14,1.3411043527e-17,3.6039133058e-06,3.6039133058e-06,3.6039133058e-06,3.6039133058e-06,0.39949885167,0.39949885167,0.39949885167,0.39949885167,4.1536970605e-11,1.8059638799e-08,1.8059638799e-08,1.8059638799e-08,1.8059638799e-08,1.4887278563e-14,1.7173096497e-05,1.7173096497e-05,1.7173096497e-05,1.7173096497e-05
1450,3.7933518235e-06,3.7933518235e-06,3.7933518235e-06,3.7933518235e-06,1.0509531441e-20,4.182757012e-18,1.4972572909e-16,1.4972572909e-16,1.4972572909e-16,1.4972572909e-16,2.168146462e-22,1.4686169379e-21,8.9639980515e-26,2.4760278187e-19,8.4590431316e-18,1.6821057484e-08,1.6821057484e-08,1.6821057484e-08,1.6821057484e-08,8.9617294344e-26,3.7643908321e-24,5.716037307e-18,0.00014249129181,0.00014249129181,0.00014249129181,0.00014249129181,2.8826607434e-17,2.5228493259e-26,8.7236868707e-20,5.8343146003e-13,3.5874086746e-25,7.8114237454e-26,2.0716238414e-14,1.2221994981e-17,3.5896299989e-06,3.5896299989e-06,3.5896299989e-06,3.5896299989e-06,0.39996002293,0.39996002293,0.39996002293,0.39996002293,4.0324643384e-11,1.7823522062e-08,1.7823522062e-08,1.7823522062e-08,1.7823522062e-08,1.40260648e-14,1.7134911443e-05,1.7134911443e-05,1.7134911443e-05,1.7134911443e-05
1455,3.7787993497e-06,3.7787993497e-06,3.7787993497e-06,3.7787993497e-06,9.2177802158e-21,3.791928771e-18,1.3820172096e-16,1.3820172096e-16,1.3820172096e-16,1.3820172096e-16,1.8581084615e-22,1.2732721876e-21,7.3067810234e-26,2.2108649272e-19,7.6967407477e-18,1.6601074219e-08,1.6601074219e-08,1.6601074219e-08,1.6601074219e-08,7.3049196161e-26,3.1448575772e-24,5.1903988012e-18,0.00014242106281,0.00014242106281,0.00014242106281,0.00014242106281,2.6393085343e-17,2.0389072322e-26,7.7444363764e-20,5.5819030283e-13,2.9513335617e-25,6.3614067357e-26,1.9555564864e-14,1.1141605508e-17,3.5756474583e-06,3.5756474583e-06,3.5756474583e-06,3.5756474583e-06,0.4004217507,0.4004217507,0.4004217507,0.4004217507,3.9156223958e-11,1.7592949804e-08,1.7592949804e-08,1.7592949804e-08,1.7592949804e-08,1.32184092e-14,1.7097663825e-05,1.7097663825e-05,1.7097663825e-05,1.7097663825e-05
1460,3.7645540386e-06,3.7645540386e-06,3.7645540386e-06,3.7645540386e-06,8.0867918795e-21,3.4386032543e-18,1.2760199507e-16,1.2760199507e-16,1.2760199507e-16,1.2760199507e-16,1.5927241865e-22,1.1041591431e-21,5.9563228569e-26,1.9746360344e-19,7.0051563269e-18,1.6386248189e-08,1.6386248189e-08,1.6386248189e-08,1.6386248189e-08,5.9547955046e-26,2.6276446454e-24,4.714452253e-18,0.00014235488967,0.00014235488967,0.00014235488967,0.00014235488967,2.4172041744e-17,1.647856718e-26,6.876928774e-20,5.3417869442e-13,2.4282640445e-25,5.1808695991e-26,1.8465081834e-14,1.0159661284e-17,3.5619593753e-06,3.5619593753e-06,3.5619593753e-06,3.5619593753e-06,0.4008840347,0.4008840347,0.4008840347,0.4008840347,3.8029880975e-11,1.7367762789e-08,1.7367762789e-08,1.7367762789e-08,1.7367762789e-08,1.2460768102e-14,1.706133537e-05,1.706133537e-05,1.706133537e-05,1.706133537e-05
1465,3.7506094979e-06,3.7506094979e-06,3.7506094979e-06,3.7506094979e-06,7.0963155707e-21,3.1190906147e-18,1.178495798e-16,1.178495798e-16,1.178495798e-16,1.178495798e-16,1.3655168224e-22,9.5772241388e-22,4.8557705837e-26,1.7641268024e-19,6.3775489144e-18,1.6176431519e-08,1.6176431519e-08,1.6176431519e-08,1.6176431519e-08,4.8545172849e-26,2.1957941134e-24,4.283376465e-18,0.00014229269798,0.00014229269798,0.00014229269798,0.00014229269798,2.2144335879e-17,1.3318559422e-26,6.1082100136e-20,5.1133091164e-13,1.9980836914e-25,4.2196718772e-26,1.7440260004e-14,9.2669343408e-18,3.548559605e-06,3.548559605e-06,3.548559605e-06,3.548559605e-06,0.40134687467,0.40134687467,0.40134687467,0.40134687467,3.6943868379e-11,1.7147807193e-08,1.7147807193e-08,1.7147807193e-08,1.7147807193e-08,1.1749845445e-14,1.7025908246e-05,1.7025908246e-05,1.7025908246e-05,1.7025908246e-05
1470,3.7369594999e-06,3.7369594999e-06,3.7369594999e-06,3.7369594999e-06,6.2286815074e-21,2.8300727299e-18,1.0887413931e-16,1.0887413931e-16,1.0887413931e-16,1.0887413931e-16,1.1709555146e-22,8.3089289703e-22,3.9588210709e-26,1.5764861741e-19,5.8078367312e-18,1.5971481351e-08,1.5971481351e-08,1.5971481351e-08,1.5971481351e-08,3.9577926101e-26,1.8351682799e-24,3.8928295867e-18,0.00014223441492,0.00014223441492,0.00014223441492,0.00014223441492,2.0292602224e-17,1.0764921852e-26,5.4268507989e-20,4.8958502754e-13,1.6442641076e-25,3.4370133379e-26,1.6476879399e-14,8.4550849999e-18,3.5354421614e-06,3.5354421614e-06,3.5354421614e-06,3.5354421614e-06,0.40181027038,0.40181027038,0.40181027038,0.40181027038,3.5896521058e-11,1.693293439e-08,1.693293439e-08,1.693293439e-08,1.693293439e-08,1.1082574596e-14,1.6991365048e-05,1.6991365048e-05,1.6991365048e-05,1.6991365048e-05
1475,3.7235979767e-06,3.7235979767e-06,3.7235979767e-06,3.7235979767e-06,5.468468237e-21,2.5685649047e-18,1.0061138278e-16,1.0061138278e-16,1.0061138278e-16,1.0061138278e-16,1.0043162646e-22,7.2102067166e-22,3.2277609447e-26,1.4091846314e-19,5.2905311428e-18,1.5771259647e-08,1.5771259647e-08,1.5771259647e-08,1.5771259647e-08,3.226916952e-26,1.5339790348e-24,3.5389003386e-18,0.00014217996928,0.00014217996928,0.00014217996928,0.00014217996928,1.860108128e-17,8.7012236304e-27,4.8227644621e-20,4.688826769e-13,1.3532237061e-25,2.79969204e-26,1.5571007165e-14,7.7165741998e-18,3.5226012124e-06,3.5226012124e-06,3.5226012124e-06,3.5226012124e-06,0.40227422164,0.40227422164,0.40227422164,0.40227422164,3.4886250733e-11,1.672300076e-08,1.672300076e-08,1.672300076e-08,1.672300076e-08,1.0456101586e-14,1.6957688783e-05,1.6957688783e-05,1.6957688783e-05,1.6957688783e-05
1480,3.7105190153e-06,3.7105190153e-06,3.7105190153e-06,3.7105190153e-06,4.8022132636e-21,2.3318816045e-18,9.3002527843e-17,9.3002527843e-17,9.3002527843e-17,9.3002527843e-17,8.6156341818e-23,6.2581723475e-22,2.6318711279e-26,1.2599773269e-19,4.8206773943e-18,1.5575633007e-08,1.5575633007e-08,1.5575633007e-08,1.5575633007e-08,2.6311784882e-26,1.2823960325e-24,3.2180643104e-18,0.00014212929141,0.00014212929141,0.00014212929141,0.00014212929141,1.7055466917e-17,7.0334045475e-27,4.2870469032e-20,4.4916883718e-13,1.1138012975e-25,2.2806876427e-26,1.4718977018e-14,7.0445846803e-18,3.5100310754e-06,3.5100310754e-06,3.5100310754e-06,3.5100310754e-06,0.40273872831,0.40273872831,0.40273872831,0.40273872831,3.3911542071e-11,1.6517867488e-08,1.6517867488e-08,1.6517867488e-08,1.6517867488e-08,9.8677696155e-15,1.6924862861e-05,1.6924862861e-05,1.6924862861e-05,1.6924862861e-05
1485,3.6977168532e-06,3.6977168532e-06,3.6977168532e-06,3.6977168532e-06,4.2181613361e-21,2.1176057865e-18,8.5993813144e-17,8.5993813144e-17,8.5993813144e-17,8.5993813144e-17,7.3924867832e-23,5.4330576653e-22,2.1461280834e-26,1.1268715109e-19,4.3938014045e-18,1.5384472489e-08,1.5384472489e-08,1.5384472489e-08,1.5384472489e-08,2.1455596311e-26,1.0722204306e-24,2.9271447933e-18,0.00014208231314,0.00014208231314,0.00014208231314,0.00014208231314,1.5642768607e-17,5.6854740392e-27,3.8118358847e-20,4.3039162374e-13,9.1682390049e-26,1.8580091621e-26,1.3917370227e-14,6.4329501128e-18,3.4977262123e-06,3.4977262123e-06,3.4977262123e-06,3.4977262123e-06,0.40320379025,0.40320379025,0.40320379025,0.40320379025,3.2970949012e-11,1.6317400387e-08,1.6317400387e-08,1.6317400387e-08,1.6317400387e-08,9.3151047447e-15,1.6892871084e-05,1.6892871084e-05,1.6892871084e-05,1.6892871084e-05
1490,3.6851858732e-06,3.6851858732e-06,3.6851858732e-06,3.6851858732e-06,3.7060454426e-21,1.9235614423e-18,7.9536055279e-17,7.9536055279e-17,7.9536055279e-17,7.9536055279e-17,6.3442503323e-23,4.7177829979e-22,1.7501465166e-26,1.0080977451e-19,4.0058619869e-18,1.5197653442e-08,1.5197653442e-08,1.5197653442e-08,1.5197653442e-08,1.7496799662e-26,8.9661318459e-25,2.6632776667e-18,0.00014203896781,0.00014203896781,0.00014203896781,0.00014203896781,1.4351187055e-17,4.5960376424e-27,3.3901873079e-20,4.1250209834e-13,7.5475187505e-26,1.5137577541e-26,1.3162998024e-14,5.8760913574e-18,3.4856812256e-06,3.4856812256e-06,3.4856812256e-06,3.4856812256e-06,0.40366940738,0.40366940738,0.40366940738,0.40366940738,3.2063091298e-11,1.6121469718e-08,1.6121469718e-08,1.6121469718e-08,1.6121469718e-08,8.7958026704e-15,1.6861697632e-05,1.6861697632e-05,1.6861697632e-05,1.6861697632e-05
1495,3.6729205998e-06,3.6729205998e-06,3.6729205998e-06,3.6729205998e-06,3.2568962141e-21,1.7477890107e-18,7.3584246099e-17,7.3584246099e-17,7.3584246099e-17,7.3584246099e-17,5.4457338296e-23,4.0975882657e-22,1.4273185927e-26,9.0208445719e-20,3.653207929e-18,1.5015055339e-08,1.5015055339e-08,1.5015055339e-08,1.5015055339e-08,1.4269356612e-26,7.4986874574e-25,2.4238799101e-18,0.00014199919017,0.00014199919017,0.00014199919017,0.00014199919017,1.3170001901e-17,3.7154916016e-27,3.0159663926e-20,3.9545409011e-13,6.2138751822e-26,1.2333643498e-26,1.2452885319e-14,5.3689591126e-18,3.473890854e-06,3.473890854e-06,3.473890854e-06,3.473890854e-06,0.40413557962,0.40413557962,0.40413557962,0.40413557962,3.1186651183e-11,1.5929950024e-08,1.5929950024e-08,1.5929950024e-08,1.5929950024e-08,8.3077165015e-15,1.6831327057e-05,1.6831327057e-05,1.6831327057e-05,1.6831327057e-05
1500,3.6609156944e-06,3.6609156944e-06,3.6609156944e-06,3.6609156944e-06,2.862876013e-21,1.5885233521e-18,6.8097186492e-17,6.8097186492e-17,6.8097186492e-17,6.8097186492e-17,4.6753997803e-23,3.5597151208e-22,1.1641130967e-26,8.074354409e-20,3.3325394277e-18,1.4836561627e-08,1.4836561627e-08,1.4836561627e-08,1.4836561627e-08,1.1637987842e-26,6.2722654978e-25,2.2066213588e-18,0.00014196291638,0.00014196291638,0.00014196291638,0.00014196291638,1.2089470285e-17,3.0037570241e-27,2.6837519414e-20,3.7920402803e-13,5.1163575081e-26,1.004969485e-26,1.1784255622e-14,4.9069823018e-18,3.4623499681e-06,3.4623499681e-06,3.4623499681e-06,3.4623499681e-06,0.40460230694,0.40460230694,0.40460230694,0.40460230694,3.0340370332e-11,1.574271997e-08,1.574271997e-08,1.574271997e-08,1.574271997e-08,7.8488454558e-15,1.6801744268e-05,1.6801744268e-05,1.6801744268e-05,1.6801744268e-05
1505,3.6491659516e-06,3.6491659516e-06,3.6491659516e-06,3.6491659516e-06,2.5171344735e-21,1.4441740135e-18,6.3037153292e-17,6.3037153292e-17,6.3037153292e-17,6.3037153292e-17,4.0148306664e-23,3.0931330265e-22,9.4950478263e-27,7.2290995681e-20,3.0408734278e-18,1.4662059569e-08,1.4662059569e-08,1.4662059569e-08,1.4662059569e-08,9.4924678221e-27,5.2471396352e-25,2.0093993608e-18,0.00014193008398,0.00014193008398,0.00014193008398,0.00014193008398,1.1100735204e-17,2.4284497467e-27,2.3887520917e-20,3.6371078415e-13,4.2130756533e-26,8.1891877019e-27,1.1154517086e-14,4.4860216111e-18,3.4510535668e-06,3.4510535668e-06,3.4510535668e-06,3.4510535668e-06,0.40506958933,0.40506958933,0.40506958933,0.40506958933,2.9523046875e-11,1.5559662183e-08,1.5559662183e-08,1.5559662183e-08,1.5559662183e-08,7.4173244073e-15,1.6772934524e-05,1.6772934524e-05,1.6772934524e-05,1.6772934524e-05
1510,3.6376662948e-06,3.6376662948e-06,3.6376662948e-06,3.6376662948e-06,2.2136826906e-21,1.3133075413e-18,5.8369596221e-17,5.8369596221e-17,5.8369596221e-17,5.8369596221e-17,3.448273858e-23,2.6883031527e-22,7.7450969673e-27,6.4740512753e-20,2.7755124594e-18,1.4491440112e-08,1.4491440112e-08,1.4491440112e-08,1.4491440112e-08,7.742979107e-27,4.3901542261e-25,1.8303160319e-18,0.0001419006318,0.0001419006318,0.0001419006318,0.0001419006318,1.0195742683e-17,1.9634020757e-27,2.1267301589e-20,3.4893552692e-13,3.4695857961e-26,6.6735241386e-27,1.0561249569e-14,4.1023276501e-18,3.4399967735e-06,3.4399967735e-06,3.4399967735e-06,3.4399967735e-06,0.40553742681,0.40553742681,0.40553742681,0.40553742681,2.8733532628e-11,1.538066311e-08,1.538066311e-08,1.538066311e-08,1.538066311e-08,7.0114142146e-15,1.6744883422e-05,1.6744883422e-05,1.6744883422e-05,1.6744883422e-05
1515,3.6264117732e-06,3.6264117732e-06,3.6264117732e-06,3.6264117732e-06,1.9472836226e-21,1.1946316233e-18,5.406286207e-17,5.406286207e-17,5.406286207e-17,5.406286207e-17,2.9622533562e-23,2.3369748188e-22,6.3180677104e-27,5.7994035905e-20,2.5340166135e-18,1.432459774e-08,1.432459774e-08,1.432459774e-08,1.432459774e-08,6.3163291394e-27,3.6736337765e-25,1.6676578359e-18,0.00014187450001,0.00014187450001,0.00014187450001,0.00014187450001,9.3671669017e-18,1.5874687032e-27,1.8939393444e-20,3.3484158383e-13,2.8575641373e-26,5.4387124559e-27,1.0002192656e-14,3.7525032672e-18,3.4291748319e-06,3.4291748319e-06,3.4291748319e-06,3.4291748319e-06,0.40600581941,0.40600581941,0.40600581941,0.40600581941,2.797073046e-11,1.5205612874e-08,1.5205612874e-08,1.5205612874e-08,1.5205612874e-08,6.6294927713e-15,1.6717576892e-05,1.6717576892e-05,1.6717576892e-05,1.6717576892e-05
1520,3.6153975572e-06,3.6153975572e-06,3.6153975572e-06,3.6153975572e-06,1.7133565955e-21,1.0869808682e-18,5.0087943607e-17,5.0087943607e-17,5.0087943607e-17,5.0087943607e-17,2.5452384867e-23,2.0320099607e-22,5.1542965074e-27,5.1964355129e-20,2.3141783332e-18,1.416143035e-08,1.416143035e-08,1.416143035e-08,1.416143035e-08,5.1528692385e-27,3.07447402e-25,1.5198772473e-18,0.00014185163003,0.00014185163003,0.00014185163003,0.00014185163003,8.6083424859e-18,1.2835621349e-27,1.6870652343e-20,3.2139431278e-13,2.3537173433e-26,4.4326496475e-27,9.475234545e-15,3.4334695956e-18,3.4185831033e-06,3.4185831033e-06,3.4185831033e-06,3.4185831033e-06,0.40647476719,0.40647476719,0.40647476719,0.40647476719,2.7233591794e-11,1.5034405135e-08,1.5034405135e-08,1.5034405135e-08,1.5034405135e-08,6.2700467223e-15,1.6691001181e-05,1.6691001181e-05,1.6691001181e-05,1.6691001181e-05
1525,3.6046189354e-06,3.6046189354e-06,3.6046189354e-06,3.6046189354e-06,1.5078940749e-21,9.8930404975e-19,4.6418250935e-17,4.6418250935e-17,4.6418250935e-17,4.6418250935e-17,2.1873611356e-23,1.7672317298e-22,4.2051570376e-27,4.6573888905e-20,2.1139997298e-18,1.4001839119e-08,1.4001839119e-08,1.4001839119e-08,1.4001839119e-08,4.2039852807e-27,2.5733842635e-25,1.3855762798e-18,0.00014183196451,0.00014183196451,0.00014183196451,0.00014183196451,7.9132032667e-18,1.0378734879e-27,1.5031751455e-20,3.0856098157e-13,1.9388873451e-26,3.6129100815e-27,8.9784017564e-15,3.1424354536e-18,3.4082170624e-06,3.4082170624e-06,3.4082170624e-06,3.4082170624e-06,0.40694427026,0.40694427026,0.40694427026,0.40694427026,2.6521114253e-11,1.4866936965e-08,1.4866936965e-08,1.4866936965e-08,1.4866936965e-08,5.9316637931e-15,1.6665142853e-05,1.6665142853e-05,1.6665142853e-05,1.6665142853e-05
1530,3.5940713111e-06,3.5940713111e-06,3.5940713111e-06,3.5940713111e-06,1.3273891113e-21,9.0065266096e-19,4.3029403218e-17,4.3029403218e-17,4.3029403218e-17,4.3029403218e-17,1.8801743656e-23,1.5372938759e-22,3.4310158913e-27,4.1753602957e-20,1.9316721676e-18,1.384572839e-08,1.384572839e-08,1.384572839e-08,1.384572839e-08,3.4300538635e-27,2.1542557408e-25,1.2634916866e-18,0.0001418154473,0.0001418154473,0.0001418154473,0.0001418154473,7.2762268671e-18,8.3924301137e-28,1.3396734931e-20,2.9631065509e-13,1.5973157562e-26,2.9449459666e-27,8.5098495784e-15,2.8768697585e-18,3.3980722945e-06,3.3980722945e-06,3.3980722945e-06,3.3980722945e-06,0.4074143287,0.4074143287,0.4074143287,0.4074143287,2.5832339412e-11,1.470310872e-08,1.470310872e-08,1.470310872e-08,1.470310872e-08,5.6130256859e-15,1.6639988771e-05,1.6639988771e-05,1.6639988771e-05,1.6639988771e-05
1535,3.583750199e-06,3.583750199e-06,3.583750199e-06,3.583750199e-06,1.168772075e-21,8.2017064139e-19,3.9899038925e-17,3.9899038925e-17,3.9899038925e-17,3.9899038925e-17,1.616446319e-23,1.3375680389e-22,2.7995673696e-27,3.7442052413e-20,1.7655578821e-18,1.3693005553e-08,1.3693005553e-08,1.3693005553e-08,1.3693005553e-08,2.7987774986e-27,1.8036349454e-25,1.1524816589e-18,0.00014180202344,0.00014180202344,0.00014180202344,0.00014180202344,6.6923845539e-18,6.7865154197e-28,1.1942624531e-20,2.8461408944e-13,1.3160393926e-26,2.4006228361e-27,8.0678532118e-15,2.6344766521e-18,3.3881444918e-06,3.3881444918e-06,3.3881444918e-06,3.3881444918e-06,0.40788494266,0.40788494266,0.40788494266,0.40788494266,2.5166350688e-11,1.4542823918e-08,1.4542823918e-08,1.4542823918e-08,1.4542823918e-08,5.3129014984e-15,1.6615526098e-05,1.6615526098e-05,1.6615526098e-05,1.6615526098e-05
1540,3.5736512217e-06,3.5736512217e-06,3.5736512217e-06,3.5736512217e-06,1.0293554785e-21,7.4708515478e-19,3.7006642882e-17,3.7006642882e-17,3.7006642882e-17,3.7006642882e-17,1.3899842121e-23,1.1640464701e-22,2.2844770061e-27,3.3584533091e-20,1.6141734282e-18,1.3543580934e-08,1.3543580934e-08,1.3543580934e-08,1.3543580934e-08,2.2838284565e-27,1.5102844364e-25,1.0515138672e-18,0.0001417916391,0.0001417916391,0.0001417916391,0.0001417916391,6.1570958372e-18,5.4880964606e-28,1.0649072818e-20,2.7344363286e-13,1.0843934843e-26,1.9570276089e-27,7.6507995498e-15,2.4131730634e-18,3.3784294509e-06,3.3784294509e-06,3.3784294509e-06,3.3784294509e-06,0.40835611228,0.40835611228,0.40835611228,0.40835611228,2.4522271326e-11,1.4385989129e-08,1.4385989129e-08,1.4385989129e-08,1.4385989129e-08,5.0301416255e-15,1.6591742281e-05,1.6591742281e-05,1.6591742281e-05,1.6591742281e-05
1545,3.5637701069e-06,3.5637701069e-06,3.5637701069e-06,3.5637701069e-06,9.0678584083e-22,6.8069830713e-19,3.4333388615e-17,3.4333388615e-17,3.4333388615e-17,3.4333388615e-17,1.1954839986e-23,1.0132580533e-22,1.8642765051e-27,3.0132329257e-20,1.4761747685e-18,1.3397367688e-08,1.3397367688e-08,1.3397367688e-08,1.3397367688e-08,1.8637439693e-27,1.2648165389e-25,9.596547088e-19,0.0001417842416,0.0001417842416,0.0001417842416,0.0001417842416,5.6661873606e-18,4.4382567133e-28,9.4980573546e-21,2.6277313265e-13,8.936033527e-27,1.5954984341e-27,7.2571795505e-15,2.211068465e-18,3.3689230695e-06,3.3689230695e-06,3.3689230695e-06,3.3689230695e-06,0.40882783774,0.40882783774,0.40882783774,0.40882783774,2.3899262495e-11,1.4232513861e-08,1.4232513861e-08,1.4232513861e-08,1.4232513861e-08,4.7636721064e-15,1.656862505e-05,1.656862505e-05,1.656862505e-05,1.656862505e-05
1550,3.5541026845e-06,3.5541026845e-06,3.5541026845e-06,3.5541026845e-06,7.9900168407e-22,6.2037970749e-19,3.1861994572e-17,3.1861994572e-17,3.1861994572e-17,3.1861994572e-17,1.0284019345e-23,8.8219579163e-23,1.5214634394e-27,2.7042046725e-20,1.3503438386e-18,1.3254281699e-08,1.3254281699e-08,1.3254281699e-08,1.3254281699e-08,1.521026146e-27,1.0593878e-25,8.7605963392e-19,0.0001417797793,0.0001417797793,0.0001417797793,0.0001417797793,5.2158556622e-18,3.5893754291e-28,8.4736109587e-21,2.5257784802e-13,7.3644877221e-27,1.3008350053e-27,6.885581155e-15,2.0264466038e-18,3.3596213434e-06,3.3596213434e-06,3.3596213434e-06,3.3596213434e-06,0.40930011922,0.40930011922,0.40930011922,0.40930011922,2.3296521483e-11,1.4082310456e-08,1.4082310456e-08,1.4082310456e-08,1.4082310456e-08,4.5124893832e-15,1.6546162406e-05,1.6546162406e-05,1.6546162406e-05,1.6546162406e-05
1555,3.5446448832e-06,3.5446448832e-06,3.5446448832e-06,3.5446448832e-06,7.0419687389e-22,5.6555978379e-19,2.9576592989e-17,2.9576592989e-17,2.9576592989e-17,2.9576592989e-17,8.8484482981e-24,7.682541801e-23,1.2417677219e-27,2.427502147e-20,1.2355764373e-18,1.311424148e-08,1.311424148e-08,1.311424148e-08,1.311424148e-08,1.2414086216e-27,8.874440884e-26,7.9996444333e-19,0.00014177820168,0.00014177820168,0.00014177820168,0.00014177820168,4.8026334357e-18,2.9029605521e-28,7.5615837258e-21,2.4283436827e-13,6.0698805016e-27,1.0606557345e-27,6.5346827117e-15,1.8577490081e-18,3.3505203638e-06,3.3505203638e-06,3.3505203638e-06,3.3505203638e-06,0.40977295693,0.40977295693,0.40977295693,0.40977295693,2.2713279983e-11,1.3935293985e-08,1.3935293985e-08,1.3935293985e-08,1.3935293985e-08,4.275655441e-15,1.6524342615e-05,1.6524342615e-05,1.6524342615e-05,1.6524342615e-05
1560,3.5353927284e-06,3.5353927284e-06,3.5353927284e-06,3.5353927284e-06,6.2078861507e-22,5.1572377538e-19,2.7462610231e-17,2.7462610231e-17,2.7462610231e-17,2.7462610231e-17,7.6147625247e-24,6.6917510573e-23,1.0135539171e-27,2.1796795045e-20,1.1308713098e-18,1.2977168077e-08,1.2977168077e-08,1.2977168077e-08,1.2977168077e-08,1.0132590154e-27,7.4350791451e-26,7.3067745523e-19,0.00014177945923,0.00014177945923,0.00014177945923,0.00014177945923,4.4233589531e-18,2.3478976576e-28,6.7494330108e-21,2.3352053603e-13,5.0033118024e-27,8.6487444031e-28,6.2032468683e-15,1.7035600951e-18,3.3416163146e-06,3.3416163146e-06,3.3416163146e-06,3.3416163146e-06,0.41024635109,0.41024635109,0.41024635109,0.41024635109,2.2148802473e-11,1.3791382157e-08,1.3791382157e-08,1.3791382157e-08,1.3791382157e-08,4.0522932985e-15,1.6503154202e-05,1.6503154202e-05,1.6503154202e-05,1.6503154202e-05
1565,3.5263423387e-06,3.5263423387e-06,3.5263423387e-06,3.5263423387e-06,5.4738950497e-22,4.7040633244e-19,2.5506657594e-17,2.5506657594e-17,2.5506657594e-17,2.5506657594e-17,6.5543634794e-24,5.8300110247e-23,8.2733420893e-28,1.9576649154e-20,1.0353203023e-18,1.2842984985e-08,1.2842984985e-08,1.2842984985e-08,1.2842984985e-08,8.270920182e-28,6.2300095468e-26,6.6757245396e-19,0.00014178350345,0.00014178350345,0.00014178350345,0.00014178350345,4.0751483442e-18,1.8990349948e-28,6.0260380439e-21,2.2461537517e-13,4.1245332384e-27,7.0527430702e-28,5.8901148969e-15,1.5625937192e-18,3.3329054701e-06,3.3329054701e-06,3.3329054701e-06,3.3329054701e-06,0.41072030195,0.41072030195,0.41072030195,0.41072030195,2.1602384669e-11,1.3650495218e-08,1.3650495218e-08,1.3650495218e-08,1.3650495218e-08,3.841582824e-15,1.6482585943e-05,1.6482585943e-05,1.6482585943e-05,1.6482585943e-05
1570,3.517489924e-06,3.517489924e-06,3.517489924e-06,3.517489924e-06,4.8278312454e-22,4.2918665956e-19,2.3696431616e-17,2.3696431616e-17,2.3696431616e-17,2.3696431616e-17,5.6427328605e-24,5.0803495313e-23,6.7537150939e-28,1.75871926e-20,9.4809948174e-19,1.2711618053e-08,1.2711618053e-08,1.2711618053e-08,1.2711618053e-08,6.7517259942e-28,5.2209593188e-26,6.1008234022e-19,0.00014179028686,0.00014179028686,0.00014179028686,0.00014179028686,3.7553704608e-18,1.5360400797e-28,5.3815362467e-21,2.160990232e-13,3.4004143615e-27,5.7516101077e-28,5.5942014198e-15,1.4336810188e-18,3.3243841916e-06,3.3243841916e-06,3.3243841916e-06,3.3243841916e-06,0.41119480976,0.41119480976,0.41119480976,0.41119480976,2.1073352068e-11,1.3512555866e-08,1.3512555866e-08,1.3512555866e-08,1.3512555866e-08,3.6427568527e-15,1.646262686e-05,1.646262686e-05,1.646262686e-05,1.646262686e-05
1575,3.5088317824e-06,3.5088317824e-06,3.5088317824e-06,3.5088317824e-06,4.2590271392e-22,3.9168414741e-19,2.2020623041e-17,2.2020623041e-17,2.2020623041e-17,2.2020623041e-17,4.8588463678e-24,4.4280476856e-23,5.513560066e-28,1.5803994608e-20,8.6846112298e-19,1.2582995409e-08,1.2582995409e-08,1.2582995409e-08,1.2582995409e-08,5.511926358e-28,4.375929804e-26,5.576934117e-19,0.00014179976292,0.00014179976292,0.00014179976292,0.00014179976292,3.4616240768e-18,1.2424756896e-28,4.8071786736e-21,2.0795266775e-13,2.8036813544e-27,4.6908028641e-28,5.3144895077e-15,1.3157594329e-18,3.3160489261e-06,3.3160489261e-06,3.3160489261e-06,3.3160489261e-06,0.41166987479,0.41166987479,0.41166987479,0.41166987479,2.0561058557e-11,1.3377489162e-08,1.3377489162e-08,1.3377489162e-08,1.3377489162e-08,3.4550975811e-15,1.6443266213e-05,1.6443266213e-05,1.6443266213e-05,1.6443266213e-05
1580,3.5003642981e-06,3.5003642981e-06,3.5003642981e-06,3.5003642981e-06,3.7581253855e-22,3.5755444257e-19,2.0468833674e-17,2.0468833674e-17,2.0468833674e-17,2.0468833674e-17,4.1846722744e-24,3.8603379504e-23,4.5014154503e-28,1.4205259244e-20,7.9572647676e-19,1.2457047373e-08,1.2457047373e-08,1.2457047373e-08,1.2457047373e-08,4.5000735779e-28,3.6681643366e-26,5.0994021004e-19,0.00014181188605,0.00014181188605,0.00014181188605,0.00014181188605,3.1917172025e-18,1.0050531339e-28,4.2952023095e-21,2.0015848687e-13,2.3118796694e-27,3.8258794884e-28,5.0500261207e-15,1.2078627728e-18,3.307896203e-06,3.307896203e-06,3.307896203e-06,3.307896203e-06,0.41214549734,0.41214549734,0.41214549734,0.41214549734,2.0064885096e-11,1.324522245e-08,1.324522245e-08,1.324522245e-08,1.324522245e-08,3.277933219e-15,1.6424493494e-05,1.6424493494e-05,1.6424493494e-05,1.6424493494e-05
1585,3.4920839389e-06,3.4920839389e-06,3.4920839389e-06,3.4920839389e-06,3.316916024e-22,3.2648591041e-19,1.9031500411e-17,1.9031500411e-17,1.9031500411e-17,1.9031500411e-17,3.604742458e-24,3.3661430396e-23,3.6753075706e-28,1.2771536246e-20,7.2927924117e-19,1.2333706382e-08,1.2333706382e-08,1.2333706382e-08,1.2333706382e-08,3.6742053541e-28,3.0752864967e-26,4.6640087684e-19,0.00014182661159,0.00014182661159,0.00014182661159,0.00014182661159,2.9436483118e-18,8.1302876566e-29,3.8387172324e-21,1.9269959303e-13,1.9065207747e-27,3.1206261568e-28,4.7999178693e-15,1.1091122441e-18,3.2999226322e-06,3.2999226322e-06,3.2999226322e-06,3.2999226322e-06,0.4126216777,0.4126216777,0.4126216777,0.4126216777,1.9584238468e-11,1.3115685275e-08,1.3115685275e-08,1.3115685275e-08,1.3115685275e-08,3.1106348804e-15,1.6406298421e-05,1.6406298421e-05,1.6406298421e-05,1.6406298421e-05
1590,3.4839872539e-06,3.4839872539e-06,3.4839872539e-06,3.4839872539e-06,2.9281940933e-22,2.9819645102e-19,1.7699825811e-17,1.7699825811e-17,1.7699825811e-17,1.7699825811e-17,3.1057853489e-24,2.9358500693e-23,3.0009991906e-28,1.1485464121e-20,6.6855966604e-19,1.2212906921e-08,1.2212906921e-08,1.2212906921e-08,1.2212906921e-08,3.0000937883e-28,2.5785805219e-26,4.266929672e-19,0.00014184389578,0.00014184389578,0.00014184389578,0.00014184389578,2.7155892997e-18,6.5771624108e-29,3.4316068832e-21,1.8555998043e-13,1.5723802672e-27,2.5455319339e-28,4.5633270696e-15,1.0187083271e-18,3.2921249018e-06,3.2921249018e-06,3.2921249018e-06,3.2921249018e-06,0.41309841619,0.41309841619,0.41309841619,0.41309841619,1.9118550087e-11,1.2988809305e-08,1.2988809305e-08,1.2988809305e-08,1.2988809305e-08,2.9526136935e-15,1.6388670934e-05,1.6388670934e-05,1.6388670934e-05,1.6388670934e-05
1595,3.4760708711e-06,3.4760708711e-06,3.4760708711e-06,3.4760708711e-06,2.5856351214e-22,2.7243063205e-19,1.6465714626e-17,1.6465714626e-17,1.6465714626e-17,1.6465714626e-17,2.6764117979e-24,2.5611151615e-23,2.4505617859e-28,1.0331541865e-20,6.1305922776e-19,1.2094585444e-08,1.2094585444e-08,1.2094585444e-08,1.2094585444e-08,2.4498180216e-28,2.1623903435e-26,3.9046967487e-19,0.00014186369576,0.00014186369576,0.00014186369576,0.00014186369576,2.5058700085e-18,5.3209231102e-29,3.0684398994e-21,1.7872447547e-13,1.2969204482e-27,2.0765466633e-28,4.3394680741e-15,9.3592343049e-19,3.2844997759e-06,3.2844997759e-06,3.2844997759e-06,3.2844997759e-06,0.41357571314,0.41357571314,0.41357571314,0.41357571314,1.8667274875e-11,1.286452826e-08,1.286452826e-08,1.286452826e-08,1.286452826e-08,2.8033181157e-15,1.6371601186e-05,1.6371601186e-05,1.6371601186e-05,1.6371601186e-05
1600,3.4683314956e-06,3.4683314956e-06,3.4683314956e-06,3.4683314956e-06,2.2836862226e-22,2.4895710637e-19,1.5321715773e-17,1.5321715773e-17,1.5321715773e-17,1.5321715773e-17,2.306846181e-24,2.2346943566e-23,2.0012116252e-28,9.2959260493e-21,5.6231581791e-19,1.1978680311e-08,1.1978680311e-08,1.1978680311e-08,1.1978680311e-08,2.0006006154e-28,1.8136176245e-26,3.5741642745e-19,0.00014188596949,0.00014188596949,0.00014188596949,0.00014188596949,2.3129641723e-18,4.3047819748e-29,2.7443921521e-21,1.7217869025e-13,1.0698152473e-27,1.6940693026e-28,4.127603855e-15,8.6009524335e-19,3.2770440929e-06,3.2770440929e-06,3.2770440929e-06,3.2770440929e-06,0.4140535689,0.4140535689,0.4140535689,0.4140535689,1.8229890183e-11,1.2742777843e-08,1.2742777843e-08,1.2742777843e-08,1.2742777843e-08,2.6622314376e-15,1.6355079541e-05,1.6355079541e-05,1.6355079541e-05,1.6355079541e-05
1605,3.4607659072e-06,3.4607659072e-06,3.4607659072e-06,3.4607659072e-06,2.0174708222e-22,2.2756628551e-19,1.4260969252e-17,1.4260969252e-17,1.4260969252e-17,1.4260969252e-17,1.9886961829e-24,1.9502972623e-23,1.6343608527e-28,8.3662504176e-21,5.1590939503e-19,1.1865131723e-08,1.1865131723e-08,1.1865131723e-08,1.1865131723e-08,1.63385888e-28,1.5213024348e-26,3.2724781474e-19,0.00014191067581,0.00014191067581,0.00014191067581,0.00014191067581,2.1354766478e-18,3.4828205289e-29,2.4551777874e-21,1.6590897875e-13,8.8255931832e-28,1.3821238995e-28,3.9270428238e-15,7.9062071753e-19,3.2697547628e-06,3.2697547628e-06,3.2697547628e-06,3.2697547628e-06,0.41453198381,0.41453198381,0.41453198381,0.41453198381,1.7805894775e-11,1.2623495666e-08,1.2623495666e-08,1.2623495666e-08,1.2623495666e-08,2.5288694617e-15,1.6339096567e-05,1.6339096567e-05,1.6339096567e-05,1.6339096567e-05
1610,3.4533709586e-06,3.4533709586e-06,3.4533709586e-06,3.4533709586e-06,1.7827052849e-22,2.080682431e-19,1.327715758e-17,1.327715758e-17,1.327715758e-17,1.327715758e-17,1.714755657e-24,1.7024603529e-23,1.334843809e-28,7.5314654503e-21,4.7345805387e-19,1.1753881656e-08,1.1753881656e-08,1.1753881656e-08,1.1753881656e-08,1.3344313971e-28,1.276272911e-26,2.9970481665e-19,0.00014193777436,0.00014193777436,0.00014193777436,0.00014193777436,1.9721318105e-18,2.8179078454e-29,2.196988219e-21,1.5990239572e-13,7.2814636376e-28,1.1276883649e-28,3.7371358702e-15,7.2695061901e-19,3.2626287658e-06,3.2626287658e-06,3.2626287658e-06,3.2626287658e-06,0.41501095825,0.41501095825,0.41501095825,0.41501095825,1.739480786e-11,1.250662119e-08,1.250662119e-08,1.250662119e-08,1.250662119e-08,2.4027783437e-15,1.6323643031e-05,1.6323643031e-05,1.6323643031e-05,1.6323643031e-05
1615,3.446143573e-06,3.446143573e-06,3.446143573e-06,3.446143573e-06,1.5756259416e-22,1.902908249e-19,1.2364461359e-17,1.2364461359e-17,1.2364461359e-17,1.2364461359e-17,1.4788357766e-24,1.4864372579e-23,1.0902861879e-28,6.7816956549e-21,4.3461447113e-19,1.16448738e-08,1.16448738e-08,1.16448738e-08,1.16448738e-08,1.0899473427e-28,1.0708525138e-26,2.7455230109e-19,0.0001419672256,0.0001419672256,0.0001419672256,0.0001419672256,1.8217630061e-18,2.2800177588e-29,1.9664381389e-21,1.5414665787e-13,6.0080440385e-28,9.2014767713e-29,3.5572736027e-15,6.6858459323e-19,3.2556631502e-06,3.2556631502e-06,3.2556631502e-06,3.2556631502e-06,0.41549049259,0.41549049259,0.41549049259,0.41549049259,1.6996168167e-11,1.2392095661e-08,1.2392095661e-08,1.2392095661e-08,1.2392095661e-08,2.2835325845e-15,1.6308709892e-05,1.6308709892e-05,1.6308709892e-05,1.6308709892e-05
1620,3.439080743e-06,3.439080743e-06,3.439080743e-06,3.439080743e-06,1.3929252035e-22,1.740779449e-19,1.1517518591e-17,1.1517518591e-17,1.1517518591e-17,1.1517518591e-17,1.2756203905e-24,1.2981037412e-23,8.9059062646e-29,6.1081125871e-21,3.9906269068e-19,1.1538053504e-08,1.1538053504e-08,1.1538053504e-08,1.1538053504e-08,8.9031221254e-29,8.9861538024e-27,2.5157676469e-19,0.00014199899076,0.00014199899076,0.00014199899076,0.00014199899076,1.6833029595e-18,1.8448685347e-29,1.7605177301e-21,1.4863010751e-13,4.9577788981e-28,7.5084842384e-29,3.3868837785e-15,6.1506669462e-19,3.2488550304e-06,3.2488550304e-06,3.2488550304e-06,3.2488550304e-06,0.41597058721,0.41597058721,0.41597058721,0.41597058721,1.6609533071e-11,1.2279862046e-08,1.2279862046e-08,1.2279862046e-08,1.2279862046e-08,2.1707331612e-15,1.6294288301e-05,1.6294288301e-05,1.6294288301e-05,1.6294288301e-05
1625,3.4321795278e-06,3.4321795278e-06,3.4321795278e-06,3.4321795278e-06,1.2316956189e-22,1.5928804842e-19,1.0731387434e-17,1.0731387434e-17,1.0731387434e-17,1.0731387434e-17,1.1005420881e-24,1.1338753855e-23,7.2751721152e-29,5.5028218428e-21,3.6651521518e-19,1.1433367718e-08,1.1433367718e-08,1.1433367718e-08,1.1433367718e-08,7.2728844114e-29,7.541818424e-27,2.3058429238e-19,0.00014203303184,0.00014203303184,0.00014203303184,0.00014203303184,1.5557750525e-18,1.4928231663e-29,1.5765503557e-21,1.4334167814e-13,4.0914835555e-28,6.1273587785e-29,3.2254289077e-15,5.6598133572e-19,3.2422015857e-06,3.2422015857e-06,3.2422015857e-06,3.2422015857e-06,0.41645124253,0.41645124253,0.41645124253,0.41645124253,1.6234477763e-11,1.216986498e-08,1.216986498e-08,1.216986498e-08,1.216986498e-08,2.0640057876e-15,1.6280369592e-05,1.6280369592e-05,1.6280369592e-05,1.6280369592e-05
1630,3.4254370521e-06,3.4254370521e-06,3.4254370521e-06,3.4254370521e-06,1.0893808728e-22,1.4579272578e-19,1.0001512091e-17,1.0001512091e-17,1.0001512091e-17,1.0001512091e-17,9.4967598948e-25,9.9063626912e-24,5.943413685e-29,4.9587624568e-21,3.3671037416e-19,1.1330764938e-08,1.1330764938e-08,1.1330764938e-08,1.1330764938e-08,5.9415338144e-29,6.3304749473e-27,2.1139871415e-19,0.0001420693116,0.0001420693116,0.0001420693116,0.0001420693116,1.4382853879e-18,1.2080003331e-29,1.4121550894e-21,1.3827086223e-13,3.3768677811e-28,5.0005829804e-29,3.0724040209e-15,5.2094961539e-19,3.2357000578e-06,3.2357000578e-06,3.2357000578e-06,3.2357000578e-06,0.41693245895,0.41693245895,0.41693245895,0.41693245895,1.5870594449e-11,1.2062050708e-08,1.2062050708e-08,1.2062050708e-08,1.2062050708e-08,1.9629992947e-15,1.6266945279e-05,1.6266945279e-05,1.6266945279e-05,1.6266945279e-05
1635,3.4188505043e-06,3.4188505043e-06,3.4188505043e-06,3.4188505043e-06,9.6373285967e-23,1.3347546129e-19,9.3236915596e-18,9.3236915596e-18,9.3236915596e-18,9.3236915596e-18,8.1964870758e-25,8.6567715268e-24,4.8557483922e-29,4.4696173247e-21,3.0940994162e-19,1.1230195157e-08,1.1230195157e-08,1.1230195157e-08,1.1230195157e-08,4.8542035806e-29,5.3144028715e-27,1.9385993943e-19,0.00014210779351,0.00014210779351,0.00014210779351,0.00014210779351,1.3300155688e-18,9.7755563937e-30,1.265213524e-21,1.3340768078e-13,2.787320296e-28,4.0812598805e-29,2.9273345862e-15,4.7962598992e-19,3.2293477497e-06,3.2293477497e-06,3.2293477497e-06,3.2293477497e-06,0.41741423688,0.41741423688,0.41741423688,0.41741423688,1.5517491604e-11,1.1956367028e-08,1.1956367028e-08,1.1956367028e-08,1.1956367028e-08,1.8673841231e-15,1.6254007051e-05,1.6254007051e-05,1.6254007051e-05,1.6254007051e-05
1640,3.4124171344e-06,3.4124171344e-06,3.4124171344e-06,3.4124171344e-06,8.5277406525e-23,1.2223050406e-19,8.6940509962e-18,8.6940509962e-18,8.6940509962e-18,8.6940509962e-18,7.0756029965e-25,7.56641897e-24,3.967381007e-29,4.0297334196e-21,2.8439697899e-19,1.1131609812e-08,1.1131609812e-08,1.1131609812e-08,1.1131609812e-08,3.9661114784e-29,4.4620103272e-27,1.7782245159e-19,0.00014214844179,0.00014214844179,0.00014214844179,0.00014214844179,1.230216126e-18,7.9110049777e-30,1.1338403633e-21,1.2874265465e-13,2.3009080052e-28,3.33114961e-29,2.7897745682e-15,4.4169525406e-19,3.2231420238e-06,3.2231420238e-06,3.2231420238e-06,3.2231420238e-06,0.41789657677,0.41789657677,0.41789657677,0.41789657677,1.5174793248e-11,1.1852763244e-08,1.1852763244e-08,1.1852763244e-08,1.1852763244e-08,1.7768509176e-15,1.6241546769e-05,1.6241546769e-05,1.6241546769e-05,1.6241546769e-05
1645,3.4061342528e-06,3.4061342528e-06,3.4061342528e-06,3.4061342528e-06,7.5476459607e-23,1.1196184862e-19,8.1090154716e-18,8.1090154716e-18,8.1090154716e-18,8.1090154716e-18,6.1091734285e-25,6.6148100613e-24,3.2417472923e-29,3.6340507139e-21,2.6147388155e-19,1.1034961738e-08,1.1034961738e-08,1.1034961738e-08,1.1034961738e-08,3.2407039449e-29,3.7468348014e-27,1.631539469e-19,0.00014219122134,0.00014219122134,0.00014219122134,0.00014219122134,1.1382005343e-18,6.4023228224e-30,1.0163573587e-21,1.2426677756e-13,1.8995519412e-28,2.7190694248e-29,2.6593046157e-15,4.0686980253e-19,3.2170803006e-06,3.2170803006e-06,3.2170803006e-06,3.2170803006e-06,0.41837947904,0.41837947904,0.41837947904,0.41837947904,1.4842138268e-11,1.1751190114e-08,1.1751190114e-08,1.1751190114e-08,1.1751190114e-08,1.691109219e-15,1.622955646e-05,1.622955646e-05,1.622955646e-05,1.622955646e-05
1650,3.3999992285e-06,3.3999992285e-06,3.3999992285e-06,3.3999992285e-06,6.6817327359e-23,1.0258231431e-19,7.5652859076e-18,7.5652859076e-18,7.5652859076e-18,7.5652859076e-18,5.2757553657e-25,5.7841133931e-24,2.6489996926e-29,3.2780388428e-21,2.4046060873e-19,1.0940205119e-08,1.0940205119e-08,1.0940205119e-08,1.0940205119e-08,2.6481421911e-29,3.1467073669e-27,1.4973410365e-19,0.00014223609774,0.00014223609774,0.00014223609774,0.00014223609774,1.0533397624e-18,5.1815443019e-30,9.1127020547e-22,1.199714907e-13,1.5683486523e-28,2.2195897834e-29,2.535530372e-15,3.7488714523e-19,3.2111600569e-06,3.2111600569e-06,3.2111600569e-06,3.2111600569e-06,0.41886294415,0.41886294415,0.41886294415,0.41886294415,1.4519179763e-11,1.16515998e-08,1.16515998e-08,1.16515998e-08,1.16515998e-08,1.6098862437e-15,1.6218028314e-05,1.6218028314e-05,1.6218028314e-05,1.6218028314e-05
1655,3.3940094878e-06,3.3940094878e-06,3.3940094878e-06,3.3940094878e-06,5.9165228713e-23,9.4012713687e-20,7.05981701e-18,7.05981701e-18,7.05981701e-18,7.05981701e-18,4.5569046648e-25,5.0588116534e-24,2.1647719682e-29,2.957640649e-21,2.2119308051e-19,1.0847295448e-08,1.0847295448e-08,1.0847295448e-08,1.0847295448e-08,2.1640671771e-29,2.6430535696e-27,1.3745346876e-19,0.00014228303725,0.00014228303725,0.00014228303725,0.00014228303725,9.7505730963e-19,4.1936926309e-30,8.1724805611e-22,1.1584865871e-13,1.2950113158e-28,1.8119716295e-29,2.4180808971e-15,3.4550765211e-19,3.2053788244e-06,3.2053788244e-06,3.2053788244e-06,3.2053788244e-06,0.41934697255,0.41934697255,0.41934697255,0.41934697255,1.4205584426e-11,1.1553945826e-08,1.1553945826e-08,1.1553945826e-08,1.1553945826e-08,1.5329257475e-15,1.620695468e-05,1.620695468e-05,1.620695468e-05,1.620695468e-05
1660,3.3881625125e-06,3.3881625125e-06,3.3881625125e-06,3.3881625125e-06,5.2401496199e-23,8.6181101208e-20,6.5897970277e-18,6.5897970277e-18,6.5897970277e-18,6.5897970277e-18,3.9367536133e-25,4.4253984444e-24,1.7691713267e-29,2.6692218516e-21,2.0352172402e-19,1.0756189479e-08,1.0756189479e-08,1.0756189479e-08,1.0756189479e-08,1.7685920241e-29,2.2203085501e-27,1.2621245039e-19,0.00014233200678,0.00014233200678,0.00014233200678,0.00014233200678,9.0282468221e-19,3.3942959706e-30,7.3310535191e-22,1.1189054709e-13,1.0694094098e-28,1.4793002092e-29,2.3066071945e-15,3.1851250584e-19,3.1997341884e-06,3.1997341884e-06,3.1997341884e-06,3.1997341884e-06,0.4198315647,0.4198315647,0.4198315647,0.4198315647,1.3901031953e-11,1.1458183029e-08,1.1458183029e-08,1.1458183029e-08,1.1458183029e-08,1.4599869648e-15,1.6196328063e-05,1.6196328063e-05,1.6196328063e-05,1.6196328063e-05
1665,3.3824558385e-06,3.3824558385e-06,3.3824558385e-06,3.3824558385e-06,4.6421625552e-23,7.9022094177e-20,6.1526291806e-18,6.1526291806e-18,6.1526291806e-18,6.1526291806e-18,3.4016484266e-25,3.8721151939e-24,1.4459561063e-29,2.4095261613e-21,1.8731015581e-19,1.0666845189e-08,1.0666845189e-08,1.0666845189e-08,1.0666845189e-08,1.4454799273e-29,1.8654276697e-27,1.1592040628e-19,0.0001423829739,0.0001423829739,0.0001423829739,0.0001423829739,8.3615727146e-19,2.7473788437e-30,6.5778570468e-22,1.0808980089e-13,8.8318952959e-29,1.2077790314e-29,2.2007808364e-15,2.9370184283e-19,3.1942237863e-06,3.1942237863e-06,3.1942237863e-06,3.1942237863e-06,0.42031672107,0.42031672107,0.42031672107,0.42031672107,1.3605214483e-11,1.136426752e-08,1.136426752e-08,1.136426752e-08,1.136426752e-08,1.3908436203e-15,1.6186141118e-05,1.6186141118e-05,1.6186141118e-05,1.6186141118e-05
1670,3.376887055e-06,3.376887055e-06,3.376887055e-06,3.376887055e-06,4.1133564245e-23,7.2476258903e-20,5.745914615e-18,5.745914615e-18,5.745914615e-18,5.745914615e-18,2.9398381111e-25,3.3887228069e-24,1.1818648068e-29,2.1756352439e-21,1.7243398696e-19,1.0579221738e-08,1.0579221738e-08,1.0579221738e-08,1.0579221738e-08,1.1814733763e-29,1.5674769909e-27,1.0649481833e-19,0.00014243590678,0.00014243590678,0.00014243590678,0.00014243590678,7.7461059565e-19,2.2238378474e-30,5.9034759478e-22,1.0443942463e-13,7.2946301643e-29,9.861543321e-30,2.1002926791e-15,2.7089306465e-19,3.1888453062e-06,3.1888453062e-06,3.1888453062e-06,3.1888453062e-06,0.42080244215,0.42080244215,0.42080244215,0.42080244215,1.331783606e-11,1.127215664e-08,1.127215664e-08,1.127215664e-08,1.127215664e-08,1.3252830065e-15,1.6176386648e-05,1.6176386648e-05,1.6176386648e-05,1.6176386648e-05
1675,3.3714538021e-06,3.3714538021e-06,3.3714538021e-06,3.3714538021e-06,3.645620933e-23,6.6489555652e-20,5.3674367568e-18,5.3674367568e-18,5.3674367568e-18,5.3674367568e-18,2.5412073657e-25,2.9663034309e-24,9.6606857901e-30,1.9649329992e-21,1.5877973922e-19,1.0493279428e-08,1.0493279428e-08,1.0493279428e-08,1.0493279428e-08,9.6574679927e-30,1.3172905369e-27,9.7860545345e-20,0.00014249077421,0.00014249077421,0.00014249077421,0.00014249077421,7.1777687323e-19,1.80012809e-30,5.2995167741e-22,1.0093276327e-13,6.0254860254e-29,8.0524588843e-30,2.0048516629e-15,2.4991930394e-19,3.1835964857e-06,3.1835964857e-06,3.1835964857e-06,3.1835964857e-06,0.42128872843,0.42128872843,0.42128872843,0.42128872843,1.3038612123e-11,1.1181808919e-08,1.1181808919e-08,1.1181808919e-08,1.1181808919e-08,1.2631051232e-15,1.61670576e-05,1.61670576e-05,1.61670576e-05,1.61670576e-05
1680,3.3661537705e-06,3.3661537705e-06,3.3661537705e-06,3.3661537705e-06,3.2318088706e-23,6.1012836628e-20,5.0151469446e-18,5.0151469446e-18,5.0151469446e-18,5.0151469446e-18,2.1970472431e-25,2.5970883247e-24,7.8972442724e-30,1.7750736822e-21,1.4624386162e-19,1.040897967e-08,1.040897967e-08,1.040897967e-08,1.040897967e-08,7.8945989262e-30,1.1071834025e-27,8.9949146085e-20,0.0001425475456,0.0001425475456,0.0001425475456,0.0001425475456,6.652818973e-19,1.4572008715e-30,4.7584951366e-22,9.7563484382e-14,4.9776036358e-29,6.5756451046e-30,1.9141836906e-15,2.3062803032e-19,3.1784751108e-06,3.1784751108e-06,3.1784751108e-06,3.1784751108e-06,0.42177558038,0.42177558038,0.42177558038,0.42177558038,1.276726902e-11,1.1093184044e-08,1.1093184044e-08,1.1093184044e-08,1.1093184044e-08,1.2041218745e-15,1.6158147063e-05,1.6158147063e-05,1.6158147063e-05,1.6158147063e-05
1685,3.3609846996e-06,3.3609846996e-06,3.3609846996e-06,3.3609846996e-06,2.8656203126e-23,5.60013918e-20,4.6871512333e-18,4.6871512333e-18,4.6871512333e-18,4.6871512333e-18,1.8998581967e-25,2.2743083639e-24,6.4561057607e-30,1.6039534466e-21,1.3473183799e-19,1.0326284944e-08,1.0326284944e-08,1.0326284944e-08,1.0326284944e-08,6.4539309266e-30,9.3071158324e-28,8.2698266093e-20,0.00014260619093,0.00014260619093,0.00014260619093,0.00014260619093,6.1678218405e-19,1.1796445213e-30,4.2737356386e-22,9.4325561224e-14,4.112329864e-29,5.3700017745e-30,1.8280305795e-15,2.1287978312e-19,3.1734790142e-06,3.1734790142e-06,3.1734790142e-06,3.1734790142e-06,0.42226299853,0.42226299853,0.42226299853,0.42226299853,1.2503543545e-11,1.1006242814e-08,1.1006242814e-08,1.1006242814e-08,1.1006242814e-08,1.1481563188e-15,1.6149648261e-05,1.6149648261e-05,1.6149648261e-05,1.6149648261e-05
1690,3.3559443763e-06,3.3559443763e-06,3.3559443763e-06,3.3559443763e-06,2.5415009148e-23,5.1414537926e-20,4.3816982719e-18,4.3816982719e-18,4.3816982719e-18,4.3816982719e-18,1.6431809073e-25,1.9920641773e-24,5.2782887323e-30,1.4496849359e-21,1.2415737685e-19,1.0245158769e-08,1.0245158769e-08,1.0245158769e-08,1.0245158769e-08,5.2765006416e-30,7.8247088853e-28,7.6051081975e-20,0.00014266668074,0.00014266668074,0.00014266668074,0.00014266668074,5.7196237061e-19,9.5498951778e-31,3.839282999e-22,9.1213256809e-14,3.3977777226e-29,4.3856775662e-30,1.7461490817e-15,1.9654701921e-19,3.1686060744e-06,3.1686060744e-06,3.1686060744e-06,3.1686060744e-06,0.42275098337,0.42275098337,0.42275098337,0.42275098337,1.2247182491e-11,1.0920947108e-08,1.0920947108e-08,1.0920947108e-08,1.0920947108e-08,1.0950419689e-15,1.6141554555e-05,1.6141554555e-05,1.6141554555e-05,1.6141554555e-05
1695,3.3510306343e-06,3.3510306343e-06,3.3510306343e-06,3.3510306343e-06,2.2545525645e-23,4.7215246548e-20,4.0971681631e-18,4.0971681631e-18,4.0971681631e-18,4.0971681631e-18,1.4214509432e-25,1.7452133143e-24,4.3156188871e-30,1.3105745922e-21,1.1444167582e-19,1.0165565666e-08,1.0165565666e-08,1.0165565666e-08,1.0165565666e-08,4.3141486992e-30,6.5792855579e-28,6.9955797715e-20,0.00014272898617,0.00014272898617,0.00014272898617,0.00014272898617,5.3053283967e-19,7.7314645487e-31,3.4498230924e-22,8.8221108847e-14,2.8076395856e-29,3.5819965982e-30,1.6683099676e-15,1.8151306516e-19,3.1638542149e-06,3.1638542149e-06,3.1638542149e-06,3.1638542149e-06,0.42323953541,0.42323953541,0.42323953541,0.42323953541,1.1997942234e-11,1.0837259853e-08,1.0837259853e-08,1.0837259853e-08,1.0837259853e-08,1.0446221379e-15,1.6133859434e-05,1.6133859434e-05,1.6133859434e-05,1.6133859434e-05
1700,3.3462413523e-06,3.3462413523e-06,3.3462413523e-06,3.3462413523e-06,2.0004548706e-23,4.3369807196e-20,3.832062224e-18,3.832062224e-18,3.832062224e-18,3.832062224e-18,1.2298738734e-25,1.5292721869e-24,3.5287464477e-30,1.1851023847e-21,1.055127535e-19,1.0087471129e-08,1.0087471129e-08,1.0087471129e-08,1.0087471129e-08,3.5275375877e-30,5.5328222958e-28,6.4365188004e-20,0.00014279307887,0.00014279307887,0.00014279307887,0.00014279307887,4.9222755087e-19,6.2595144325e-31,3.1006127852e-22,8.5343915528e-14,2.3202089838e-29,2.9257676355e-30,1.5942971688e-15,1.6767116392e-19,3.1592214023e-06,3.1592214023e-06,3.1592214023e-06,3.1592214023e-06,0.42372865519,0.42372865519,0.42372865519,0.42372865519,1.1755588328e-11,1.0755144985e-08,1.0755144985e-08,1.0755144985e-08,1.0755144985e-08,9.9674932856e-16,1.6126556519e-05,1.6126556519e-05,1.6126556519e-05,1.6126556519e-05
1705,3.3415744532e-06,3.3415744532e-06,3.3415744532e-06,3.3415744532e-06,1.7753961612e-23,3.9847522384e-20,3.5849935722e-18,3.5849935722e-18,3.5849935722e-18,3.5849935722e-18,1.0643179347e-25,1.3403308366e-24,2.8855276629e-30,1.0719036972e-21,9.7304842582e-20,1.0010841593e-08,1.0010841593e-08,1.0010841593e-08,1.0010841593e-08,2.8845336337e-30,4.6534184257e-28,5.9236184098e-20,0.00014285893106,0.00014285893106,0.00014285893106,0.00014285893106,4.5680206013e-19,5.0679839531e-31,2.7874175708e-22,8.2576722092e-14,1.9175742485e-29,2.3899052296e-30,1.5239069766e-15,1.5492360756e-19,3.1547056458e-06,3.1547056458e-06,3.1547056458e-06,3.1547056458e-06,0.42421834321,0.42421834321,0.42421834321,0.42421834321,1.1519895118e-11,1.0674567425e-08,1.0674567425e-08,1.0674567425e-08,1.0674567425e-08,9.5128466265e-16,1.6119639551e-05,1.6119639551e-05,1.6119639551e-05,1.6119639551e-05
1710,3.3370279031e-06,3.3370279031e-06,3.3370279031e-06,3.3370279031e-06,1.5760128241e-23,3.6620431331e-20,3.3546784686e-18,3.3546784686e-18,3.3546784686e-18,3.3546784686e-18,9.2122176741e-26,1.1749788307e-24,2.3597035284e-30,9.6975313987e-22,8.9757838351e-20,9.9356444032e-09,9.9356444032e-09,9.9356444032e-09,9.9356444032e-09,2.3588861142e-30,3.9143066612e-28,5.4529498153e-20,0.00014292651548,0.00014292651548,0.00014292651548,0.00014292651548,4.2403171045e-19,4.1034157815e-31,2.5064561254e-22,7.9914808138e-14,1.5849537529e-29,1.952305179e-30,1.4569472913e-15,1.4318094782e-19,3.1503049959e-06,3.1503049959e-06,3.1503049959e-06,3.1503049959e-06,0.42470860002,0.42470860002,0.42470860002,0.42470860002,1.1290645379e-11,1.0595493038e-08,1.0595493038e-08,1.0595493038e-08,1.0595493038e-08,9.0809734728e-16,1.6113102397e-05,1.6113102397e-05,1.6113102397e-05,1.6113102397e-05
1715,3.3325997099e-06,3.3325997099e-06,3.3325997099e-06,3.3325997099e-06,1.3993359684e-23,3.3663059631e-20,3.1399283539e-18,3.1399283539e-18,3.1399283539e-18,3.1399283539e-18,7.9751509069e-26,1.0302408231e-24,1.9298210781e-30,8.775500772e-22,8.2816797405e-20,9.8618477895e-09,9.8618477895e-09,9.8618477895e-09,9.8618477895e-09,1.9291488676e-30,3.2930240851e-28,5.0209282362e-20,0.00014299580537,0.00014299580537,0.00014299580537,0.00014299580537,3.9370997875e-19,3.3225499798e-31,2.254351003e-22,7.7353675638e-14,1.3101478373e-29,1.5949273477e-30,1.3932369204e-15,1.3236127742e-19,3.1460175434e-06,3.1460175434e-06,3.1460175434e-06,3.1460175434e-06,0.42519942615,0.42519942615,0.42519942615,0.42519942615,1.1067629962e-11,1.0517888614e-08,1.0517888614e-08,1.0517888614e-08,1.0517888614e-08,8.6706417636e-16,1.6106939042e-05,1.6106939042e-05,1.6106939042e-05,1.6106939042e-05
1720,3.3282879225e-06,3.3282879225e-06,3.3282879225e-06,3.3282879225e-06,1.2427445156e-23,3.0952192388e-20,2.939642522e-18,2.939642522e-18,2.939642522e-18,2.939642522e-18,6.9055048839e-26,9.0352050696e-25,1.5783526561e-30,7.9430568799e-22,7.6431481956e-20,9.789420836e-09,9.789420836e-09,9.789420836e-09,9.789420836e-09,1.5777998302e-30,2.7707174899e-28,4.6242819617e-20,0.00014306677449,0.00014306677449,0.00014306677449,0.00014306677449,3.6564696498e-19,2.6903775064e-31,2.0280847816e-22,7.4889037596e-14,1.0830868956e-29,1.3030475619e-30,1.3326049206e-15,1.2238957568e-19,3.1418414187e-06,3.1418414187e-06,3.1418414187e-06,3.1418414187e-06,0.42569082215,0.42569082215,0.42569082215,0.42569082215,1.0850647463e-11,1.0441721831e-08,1.0441721831e-08,1.0441721831e-08,1.0441721831e-08,8.2806906425e-16,1.6101143587e-05,1.6101143587e-05,1.6101143587e-05,1.6101143587e-05
1725,3.3240906298e-06,3.3240906298e-06,3.3240906298e-06,3.3240906298e-06,1.1039239322e-23,2.8466668561e-20,2.7528013772e-18,2.7528013772e-18,2.7528013772e-18,2.7528013772e-18,5.9804473908e-26,7.9255185548e-25,1.2909767884e-30,7.1913139128e-22,7.0555945413e-20,9.7183334554e-09,9.7183334554e-09,9.7183334554e-09,9.7183334554e-09,1.2905221233e-30,2.3315612254e-28,4.2600242681e-20,0.00014313939709,0.00014313939709,0.00014313939709,0.00014313939709,3.3966801094e-19,2.1785655114e-31,1.8249610455e-22,7.2516807338e-14,8.9545871736e-30,1.0646473779e-30,1.2748899826e-15,1.1319711245e-19,3.1377747903e-06,3.1377747903e-06,3.1377747903e-06,3.1377747903e-06,0.42618278856,0.42618278856,0.42618278856,0.42618278856,1.0639503901e-11,1.0366961232e-08,1.0366961232e-08,1.0366961232e-08,1.0366961232e-08,7.9100260969e-16,1.6095710248e-05,1.6095710248e-05,1.6095710248e-05,1.6095710248e-05
1730,3.3200059596e-06,3.3200059596e-06,3.3200059596e-06,3.3200059596e-06,9.8082992089e-24,2.618719449e-20,2.5784602267e-18,2.5784602267e-18,2.5784602267e-18,2.5784602267e-18,5.1802834517e-26,6.9535669552e-25,1.055990966e-30,6.5122849221e-22,6.5148155447e-20,9.6485563634e-09,9.6485563634e-09,9.6485563634e-09,9.6485563634e-09,1.0556170149e-30,1.9622692655e-28,3.9254279205e-20,0.00014321364791,0.00014321364791,0.00014321364791,0.00014321364791,3.1561243723e-19,1.7641833648e-31,1.6425696661e-22,7.0233088375e-14,7.4040115864e-30,8.6991628375e-31,1.2199398542e-15,1.0472090508e-19,3.1338158641e-06,3.1338158641e-06,3.1338158641e-06,3.1338158641e-06,0.42667532593,0.42667532593,0.42667532593,0.42667532593,1.0434012417e-11,1.0293576195e-08,1.0293576195e-08,1.0293576195e-08,1.0293576195e-08,7.5576168781e-16,1.6090633351e-05,1.6090633351e-05,1.6090633351e-05,1.6090633351e-05
1735,3.3160320778e-06,3.3160320778e-06,3.3160320778e-06,3.3160320778e-06,8.7165646452e-24,2.409617477e-20,2.4157435659e-18,2.4157435659e-18,2.4157435659e-18,2.4157435659e-18,4.4880210699e-26,6.1020778287e-25,8.6383211311e-31,5.8987891676e-22,6.0169651037e-20,9.5800610537e-09,9.5800610537e-09,9.5800610537e-09,9.5800610537e-09,8.6352453296e-31,1.6516861945e-28,3.6180020143e-20,0.00014328950215,0.00014328950215,0.00014328950215,0.00014328950215,2.9333238814e-19,1.4286719447e-31,1.4787558962e-22,6.8034164822e-14,6.122486659e-30,7.1084559361e-31,1.1676108002e-15,9.6903223516e-20,3.1299628826e-06,3.1299628826e-06,3.1299628826e-06,3.1299628826e-06,0.42716843482,0.42716843482,0.42716843482,0.42716843482,1.0233992979e-11,1.0221536911e-08,1.0221536911e-08,1.0221536911e-08,1.0221536911e-08,7.2224906839e-16,1.6085907332e-05,1.6085907332e-05,1.6085907332e-05,1.6085907332e-05
1740,3.3121671873e-06,3.3121671873e-06,3.3121671873e-06,3.3121671873e-06,7.7480769648e-24,2.2177558824e-20,2.2638398149e-18,2.2638398149e-18,2.2638398149e-18,2.2638398149e-18,3.8889975176e-26,5.3559665958e-25,7.0668496639e-31,5.3443691896e-22,5.5585230376e-20,9.5128197742e-09,9.5128197742e-09,9.5128197742e-09,9.5128197742e-09,7.0643196558e-31,1.3904442994e-28,3.3354709356e-20,0.00014336693548,0.00014336693548,0.00014336693548,0.00014336693548,2.7269177484e-19,1.1570097085e-31,1.3315928559e-22,6.591649233e-14,5.0632319736e-30,5.8089712586e-31,1.1177670962e-15,8.9691139297e-20,3.1262141241e-06,3.1262141241e-06,3.1262141241e-06,3.1262141241e-06,0.4276621158,0.4276621158,0.4276621158,0.4276621158,1.0039272109e-11,1.0150814356e-08,1.0150814356e-08,1.0150814356e-08,1.0150814356e-08,6.9037305856e-16,1.6081526732e-05,1.6081526732e-05,1.6081526732e-05,1.6081526732e-05
1745,3.3084095273e-06,3.3084095273e-06,3.3084095273e-06,3.3084095273e-06,6.88873133e-24,2.0416701683e-20,2.1219964693e-18,2.1219964693e-18,2.1219964693e-18,2.1219964693e-18,3.3705576691e-26,4.7020566805e-25,5.781622311e-31,4.8432165656e-22,5.1362666779e-20,9.4468055038e-09,9.4468055038e-09,9.4468055038e-09,9.4468055038e-09,5.7795411497e-31,1.1706760497e-28,3.0757552442e-20,0.00014344592405,0.00014344592405,0.00014344592405,0.00014344592405,2.5356530827e-19,9.3703795048e-32,1.1993570296e-22,6.3876689507e-14,4.1876175e-30,4.7473287726e-31,1.0702805539e-15,8.3036114241e-20,3.1225679014e-06,3.1225679014e-06,3.1225679014e-06,3.1225679014e-06,0.42815636942,0.42815636942,0.42815636942,0.42815636942,9.8496826143e-12,1.0081380268e-08,1.0081380268e-08,1.0081380268e-08,1.0081380268e-08,6.6004716838e-16,1.6077486198e-05,1.6077486198e-05,1.6077486198e-05,1.6077486198e-05
1750,3.3047573721e-06,3.3047573721e-06,3.3047573721e-06,3.3047573721e-06,6.1260586086e-24,1.8800237625e-20,1.989515633e-18,1.989515633e-18,1.989515633e-18,1.989515633e-18,2.9217770797e-26,4.1288357938e-25,4.7304334036e-31,4.3901054283e-22,4.7472450025e-20,9.3819919299e-09,9.3819919299e-09,9.3819919299e-09,9.3819919299e-09,4.7287213798e-31,9.8577298397e-29,2.8369542969e-20,0.00014352644441,0.00014352644441,0.00014352644441,0.00014352644441,2.3583761401e-19,7.5891484088e-32,1.0805064416e-22,6.1911529804e-14,3.4637407043e-30,3.8799445063e-31,1.0250300767e-15,7.6893625427e-20,3.1190225612e-06,3.1190225612e-06,3.1190225612e-06,3.1190225612e-06,0.42865119627,0.42865119627,0.42865119627,0.42865119627,9.6650633351e-12,1.0013207126e-08,1.0013207126e-08,1.0013207126e-08,1.0013207126e-08,6.3118979761e-16,1.6073780476e-05,1.6073780476e-05,1.6073780476e-05,1.6073780476e-05
1755,3.3012090308e-06,3.3012090308e-06,3.3012090308e-06,3.3012090308e-06,5.4490332374e-24,1.7315965462e-20,1.8657498998e-18,1.8657498998e-18,1.8657498998e-18,1.8657498998e-18,2.5332235404e-26,3.6262436468e-25,3.8706106755e-31,3.9803329176e-22,4.3887550784e-20,9.3183534274e-09,9.3183534274e-09,9.3183534274e-09,9.3183534274e-09,3.8692022492e-31,8.3018348808e-29,2.6173304506e-20,0.00014360847357,0.00014360847357,0.00014360847357,0.00014360847357,2.1940242187e-19,6.1467365096e-32,9.736612104e-23,6.0017933821e-14,2.8652525654e-30,3.1712306802e-31,9.8190124213e-16,7.1222823078e-20,3.1155764836e-06,3.1155764836e-06,3.1155764836e-06,3.1155764836e-06,0.42914659691,0.42914659691,0.42914659691,0.42914659691,9.4852589014e-12,9.9462681214e-09,9.9462681214e-09,9.9462681214e-09,9.9462681214e-09,6.037239425e-16,1.6070404412e-05,1.6070404412e-05,1.6070404412e-05,1.6070404412e-05
1760,3.2977628458e-06,3.2977628458e-06,3.2977628458e-06,3.2977628458e-06,4.8479039364e-24,1.5952744364e-20,1.750098558e-18,1.750098558e-18,1.750098558e-18,1.750098558e-18,2.1967517254e-26,3.1854870043e-25,3.16727215e-31,3.6096658317e-22,4.0583206039e-20,9.2558650371e-09,9.2558650371e-09,9.2558650371e-09,9.2558650371e-09,3.1661134293e-31,6.9924316896e-29,2.4152946969e-20,0.00014369198899,0.00014369198899,0.00014369198899,0.00014369198899,2.0416182378e-19,4.9786526908e-32,8.775862214e-23,5.8192962042e-14,2.3703888717e-30,2.5921269274e-31,9.4078591125e-16,6.5986218419e-20,3.1122280808e-06,3.1122280808e-06,3.1122280808e-06,3.1122280808e-06,0.42964257193,0.42964257193,0.42964257193,0.42964257193,9.3101195015e-12,9.880537144e-09,9.880537144e-09,9.880537144e-09,9.880537144e-09,5.7757692095e-16,1.6067352951e-05,1.6067352951e-05,1.6067352951e-05,1.6067352951e-05
1765,3.2944171927e-06,3.2944171927e-06,3.2944171927e-06,3.2944171927e-06,4.3140445245e-24,1.4700399243e-20,1.6420040893e-18,1.6420040893e-18,1.6420040893e-18,1.6420040893e-18,1.9053263047e-26,2.7988785224e-25,2.5919021433e-31,3.2742928199e-22,3.7536723557e-20,9.1945024464e-09,9.1945024464e-09,9.1945024464e-09,9.1945024464e-09,2.5909488122e-31,5.890325513e-29,2.2293935959e-20,0.00014377696849,0.00014377696849,0.00014377696849,0.00014377696849,1.9002559404e-19,4.0326891461e-32,7.9117568061e-23,5.6433807935e-14,1.9611708304e-30,2.1189016279e-31,9.0158186126e-16,6.1149398811e-20,3.1089757965e-06,3.1089757965e-06,3.1089757965e-06,3.1089757965e-06,0.43013912191,0.43013912191,0.43013912191,0.43013912191,9.1395006605e-12,9.8159887559e-09,9.8159887559e-09,9.8159887559e-09,9.8159887559e-09,5.5268011514e-16,1.6064621131e-05,1.6064621131e-05,1.6064621131e-05,1.6064621131e-05
1770,3.291170479e-06,3.291170479e-06,3.291170479e-06,3.291170479e-06,3.8398224204e-24,1.3549634795e-20,1.5409489413e-18,1.5409489413e-18,1.5409489413e-18,1.5409489413e-18,1.6528695501e-26,2.4596962838e-25,2.1211878887e-31,2.9707815315e-22,3.4727303698e-20,9.1342419693e-09,9.1342419693e-09,9.1342419693e-09,9.1342419693e-09,2.120403504e-31,4.9625768052e-29,2.0582973884e-20,0.00014386339037,0.00014386339037,0.00014386339037,0.00014386339037,1.7691056646e-19,3.2665803113e-32,7.1343934423e-23,5.4737791433e-14,1.622745337e-30,1.7321736209e-31,8.6419244138e-16,5.6680767707e-20,3.1058181053e-06,3.1058181053e-06,3.1058181053e-06,3.1058181053e-06,0.43063624743,0.43063624743,0.43063624743,0.43063624743,8.9732630281e-12,9.7525981735e-09,9.7525981735e-09,9.7525981735e-09,9.7525981735e-09,5.2896873023e-16,1.6062204084e-05,1.6062204084e-05,1.6062204084e-05,1.6062204084e-05
1775,3.2880211436e-06,3.2880211436e-06,3.2880211436e-06,3.2880211436e-06,3.4184827064e-24,1.2491957377e-20,1.4464525485e-18,1.4464525485e-18,1.4464525485e-18,1.4464525485e-18,1.4341300162e-26,2.1620613472e-25,1.736069024e-31,2.6960401984e-22,3.2135876972e-20,9.0750605281e-09,9.0750605281e-09,9.0750605281e-09,9.0750605281e-09,1.7354236153e-31,4.1814993171e-29,1.9007891777e-20,0.00014395123326,0.00014395123326,0.00014395123326,0.00014395123326,1.6474006366e-19,2.6461082693e-32,6.4349023814e-23,5.3102352749e-14,1.3428404565e-30,1.4161137324e-31,8.2852624961e-16,5.2551307217e-20,3.1027535119e-06,3.1027535119e-06,3.1027535119e-06,3.1027535119e-06,0.43113394909,0.43113394909,0.43113394909,0.43113394909,8.811272176e-12,9.6903412469e-09,9.6903412469e-09,9.6903412469e-09,9.6903412469e-09,5.0638156824e-16,1.6060097031e-05,1.6060097031e-05,1.6060097031e-05,1.6060097031e-05
1780,3.2849676557e-06,3.2849676557e-06,3.2849676557e-06,3.2849676557e-06,3.0440458902e-24,1.1519604009e-20,1.358068584e-18,1.358068584e-18,1.358068584e-18,1.358068584e-18,1.244569363e-26,1.9008309787e-25,1.4209609446e-31,2.4472831838e-22,2.9744955922e-20,9.0169356348e-09,9.0169356348e-09,9.0169356348e-09,9.0169356348e-09,1.4204298633e-31,3.5238192412e-29,1.7557550833e-20,0.00014404047625,0.00014404047625,0.00014404047625,0.00014404047625,1.5344337388e-19,2.1435694239e-32,5.8053370418e-23,5.1525046516e-14,1.1113159559e-30,1.1577930252e-31,7.9449682947e-16,4.8734361258e-20,3.0997805502e-06,3.0997805502e-06,3.0997805502e-06,3.0997805502e-06,0.43163222748,0.43163222748,0.43163222748,0.43163222748,8.6533984041e-12,9.6291944422e-09,9.6291944422e-09,9.6291944422e-09,9.6291944422e-09,4.8486081597e-16,1.6058295284e-05,1.6058295284e-05,1.6058295284e-05,1.6058295284e-05
1785,3.2820085147e-06,3.2820085147e-06,3.2820085147e-06,3.2820085147e-06,2.7112177279e-24,1.0625477812e-20,1.2753824235e-18,1.2753824235e-18,1.2753824235e-18,1.2753824235e-18,1.0802647939e-26,1.6715055378e-25,1.16312018e-31,2.2220000807e-22,2.7538500029e-20,8.9598453739e-09,8.9598453739e-09,8.9598453739e-09,8.9598453739e-09,1.1626831537e-31,2.9699694304e-29,1.6221752752e-20,0.00014413109878,0.00014413109878,0.00014413109878,0.00014413109878,1.4295527132e-19,1.7365335107e-32,5.2385762719e-23,5.0003536239e-14,9.1979226187e-31,9.4665078105e-32,7.6202238513e-16,4.5205437464e-20,3.0968977829e-06,3.0968977829e-06,3.0968977829e-06,3.0968977829e-06,0.4321310832,0.4321310832,0.4321310832,0.4321310832,8.4995165548e-12,9.5691348221e-09,9.5691348221e-09,9.5691348221e-09,9.5691348221e-09,4.6435184619e-16,1.6056794242e-05,1.6056794242e-05,1.6056794242e-05,1.6056794242e-05
1790,3.2791422492e-06,3.2791422492e-06,3.2791422492e-06,3.2791422492e-06,2.4153096659e-24,9.8030893101e-21,1.198008803e-18,1.198008803e-18,1.198008803e-18,1.198008803e-18,9.3782494088e-27,1.4701472548e-25,9.5212578906e-32,2.0179279873e-22,2.5501792479e-20,8.9037683854e-09,8.9037683854e-09,8.9037683854e-09,8.9037683854e-09,9.5176614342e-32,2.5034969144e-29,1.4991158095e-20,0.00014422308065,0.00014422308065,0.00014422308065,0.00014422308065,1.3321557618e-19,1.4068391721e-32,4.7282371388e-23,4.8535589031e-14,7.6134413317e-31,7.7406019164e-32,7.3102551396e-16,4.1942026182e-20,3.0941038007e-06,3.0941038007e-06,3.0941038007e-06,3.0941038007e-06,0.43263051684,0.43263051684,0.43263051684,0.43263051684,8.3495058352e-12,9.5101400292e-09,9.5101400292e-09,9.5101400292e-09,9.5101400292e-09,4.4480303108e-16,1.6055589386e-05,1.6055589386e-05,1.6055589386e-05,1.6055589386e-05
1795,3.2763674159e-06,3.2763674159e-06,3.2763674159e-06,3.2763674159e-06,2.152168638e-24,9.0465030224e-21,1.1255896564e-18,1.1255896564e-18,1.1255896564e-18,1.1255896564e-18,8.1431732777e-27,1.2933093672e-25,7.7945553793e-32,1.8330266284e-22,2.3621327709e-20,8.8486838486e-09,8.8486838486e-09,8.8486838486e-09,8.8486838486e-09,7.7915955786e-32,2.1105654625e-29,1.3857211918e-20,0.00014431640208,0.00014431640208,0.00014431640208,0.00014431640208,1.2416875119e-19,1.1397809728e-32,4.2685970824e-23,4.7119070621e-14,6.3024773672e-31,6.3297379215e-32,7.0143295527e-16,3.8923435041e-20,3.0913972216e-06,3.0913972216e-06,3.0913972216e-06,3.0913972216e-06,0.43313052902,0.43313052902,0.43313052902,0.43313052902,8.2032496478e-12,9.4521882686e-09,9.4521882686e-09,9.4521882686e-09,9.4521882686e-09,4.2616556726e-16,1.6054676284e-05,1.6054676284e-05,1.6054676284e-05,1.6054676284e-05
1800,3.2736825998e-06,3.2736825998e-06,3.2736825998e-06,3.2736825998e-06,1.918115102e-24,8.3502888835e-21,1.0577921186e-18,1.0577921186e-18,1.0577921186e-18,1.0577921186e-18,7.0720580864e-27,1.1379742804e-25,6.3813951589e-32,1.665456023e-22,2.1884708771e-20,8.794571466e-09,8.794571466e-09,8.794571466e-09,8.794571466e-09,6.3789591959e-32,1.7795378902e-29,1.2812076012e-20,0.00014441104362,0.00014441104362,0.00014441104362,0.00014441104362,1.1576353134e-19,9.2345134288e-33,3.8545244147e-23,4.5751940627e-14,5.2177179936e-31,5.1763397946e-32,6.7317535428e-16,3.6130637727e-20,3.0887766904e-06,3.0887766904e-06,3.0887766904e-06,3.0887766904e-06,0.43363112035,0.43363112035,0.43363112035,0.43363112035,8.0606354271e-12,9.3952582912e-09,9.3952582912e-09,9.3952582912e-09,9.3952582912e-09,4.0839331154e-16,1.6054050583e-05,1.6054050583e-05,1.6054050583e-05,1.6054050583e-05
1805,3.2710864128e-06,3.2710864128e-06,3.2710864128e-06,3.2710864128e-06,1.7098883382e-24,7.7094780274e-21,9.9430667992e-19,9.9430667992e-19,9.9430667992e-19,9.9430667992e-19,6.1429659798e-27,1.0014995936e-25,5.2247702206e-32,1.5135564352e-22,2.0280553637e-20,8.741411448e-09,8.741411448e-09,8.741411448e-09,8.741411448e-09,5.2227652893e-32,1.5006252803e-29,1.1848567149e-20,0.00014450698617,0.00014450698617,0.00014450698617,0.00014450698617,1.0795258412e-19,7.4820790687e-33,3.4814162556e-23,4.4432248065e-14,4.3200513852e-31,4.2333665317e-32,6.4618704025e-16,3.3546135701e-20,3.0862408778e-06,3.0862408778e-06,3.0862408778e-06,3.0862408778e-06,0.43413229142,0.43413229142,0.43413229142,0.43413229142,7.921554484e-12,9.3393293784e-09,9.3393293784e-09,9.3393293784e-09,9.3393293784e-09,3.9144262681e-16,1.6053708011e-05,1.6053708011e-05,1.6053708011e-05,1.6053708011e-05
1810,3.2685774935e-06,3.2685774935e-06,3.2685774935e-06,3.2685774935e-06,1.5245981479e-24,7.119522541e-21,9.3484548123e-19,9.3484548123e-19,9.3484548123e-19,9.3484548123e-19,5.3369170484e-27,8.815709798e-26,4.278051516e-32,1.3758303694e-22,1.879840964e-20,8.6891844984e-09,8.6891844984e-09,8.6891844984e-09,8.6891844984e-09,4.2764012692e-32,1.2655923608e-29,1.0960100799e-20,0.00014460421099,0.00014460421099,0.00014460421099,0.00014460421099,1.0069219755e-19,6.0624229074e-33,3.1451430952e-23,4.3158127093e-14,3.5771422241e-31,3.4623821952e-32,6.2040581801e-16,3.1153831724e-20,3.0837884802e-06,3.0837884802e-06,3.0837884802e-06,3.0837884802e-06,0.43463404286,0.43463404286,0.43463404286,0.43463404286,7.7859018572e-12,9.2843813262e-09,9.2843813262e-09,9.2843813262e-09,9.2843813262e-09,3.7527223732e-16,1.6053644372e-05,1.6053644372e-05,1.6053644372e-05,1.6053644372e-05
1815,3.2661545064e-06,3.2661545064e-06,3.2661545064e-06,3.2661545064e-06,1.3596821932e-24,6.5762588207e-21,8.79140738e-19,8.79140738e-19,8.79140738e-19,8.79140738e-19,4.637487476e-27,7.7616104183e-26,3.503096287e-32,1.2509263978e-22,1.7428675332e-20,8.6378717999e-09,8.6378717999e-09,8.6378717999e-09,8.6378717999e-09,3.5017379142e-32,1.0675100168e-29,1.0140639806e-20,0.0001447026997,0.0001447026997,0.0001447026997,0.0001447026997,9.3941993854e-20,4.9123106281e-33,2.8419992654e-23,4.1927792974e-14,2.9622552047e-31,2.8319799332e-32,5.9577277196e-16,2.8938914158e-20,3.0814182189e-06,3.0814182189e-06,3.0814182189e-06,3.0814182189e-06,0.43513637528,0.43513637528,0.43513637528,0.43513637528,7.6535761694e-12,9.2303944303e-09,9.2303944303e-09,9.2303944303e-09,9.2303944303e-09,3.5984309278e-16,1.6053855548e-05,1.6053855548e-05,1.6053855548e-05,1.6053855548e-05
1820,3.2638161413e-06,3.2638161413e-06,3.2638161413e-06,3.2638161413e-06,1.212868312e-24,6.0758742012e-21,8.2694328332e-19,8.2694328332e-19,8.2694328332e-19,8.2694328332e-19,4.0304626876e-27,6.8349337954e-26,2.868701639e-32,1.1376246305e-22,1.616252909e-20,8.5874550004e-09,8.5874550004e-09,8.5874550004e-09,8.5874550004e-09,2.8675834642e-32,9.0054736849e-30,9.3846475828e-21,0.00014480243422,0.00014480243422,0.00014480243422,0.00014480243422,8.766466642e-20,3.9805315313e-33,2.5686586805e-23,4.073953824e-14,2.4532832094e-31,2.3164949768e-32,5.7223208171e-16,2.6887751099e-20,3.0791288395e-06,3.0791288395e-06,3.0791288395e-06,3.0791288395e-06,0.43563928931,0.43563928931,0.43563928931,0.43563928931,7.5244794912e-12,9.1773494723e-09,9.1773494723e-09,9.1773494723e-09,9.1773494723e-09,3.4511824076e-16,1.6054337495e-05,1.6054337495e-05,1.6054337495e-05,1.6054337495e-05
1825,3.2615611131e-06,3.2615611131e-06,3.2615611131e-06,3.2615611131e-06,1.0821412199e-24,5.6148765572e-21,7.7802122067e-19,7.7802122067e-19,7.7802122067e-19,7.7802122067e-19,3.5035379154e-27,6.020112008e-26,2.3493402708e-32,1.0348236586e-22,1.4991863883e-20,8.5379161994e-09,8.5379161994e-09,8.5379161994e-09,8.5379161994e-09,2.3484197764e-32,7.5979706828e-30,8.687045418e-21,0.00014490339683,0.00014490339683,0.00014490339683,0.00014490339683,8.1825738187e-20,3.2256108233e-33,2.3221352763e-23,3.9591729052e-14,2.0319444776e-31,1.8949535644e-32,5.4973084873e-16,2.4987793478e-20,3.0769191113e-06,3.0769191113e-06,3.0769191113e-06,3.0769191113e-06,0.43614278556,0.43614278556,0.43614278556,0.43614278556,7.3985172096e-12,9.1252277048e-09,9.1252277048e-09,9.1252277048e-09,9.1252277048e-09,3.3106270678e-16,1.6055086244e-05,1.6055086244e-05,1.6055086244e-05,1.6055086244e-05
1830,3.2593881607e-06,3.2593881607e-06,3.2593881607e-06,3.2593881607e-06,9.6571308255e-25,5.1900666074e-21,7.3215867781e-19,7.3215867781e-19,7.3215867781e-19,7.3215867781e-19,3.0460596505e-27,5.3034989701e-26,1.9241268135e-32,9.4152881764e-23,1.3909227651e-20,8.4892379351e-09,8.4892379351e-09,8.4892379351e-09,8.4892379351e-09,1.9233690158e-32,6.41128489e-30,8.0431735197e-21,0.0001450055701,0.0001450055701,0.0001450055701,0.0001450055701,7.6393339662e-20,2.6139574666e-33,2.0997476418e-23,3.8482801751e-14,1.683119321e-31,1.5502144925e-32,5.2821893329e-16,2.3227486355e-20,3.0747878271e-06,3.0747878271e-06,3.0747878271e-06,3.0747878271e-06,0.43664686466,0.43664686466,0.43664686466,0.43664686466,7.2755979025e-12,9.0740108389e-09,9.0740108389e-09,9.0740108389e-09,9.0740108389e-09,3.1764338167e-16,1.6056097894e-05,1.6056097894e-05,1.6056097894e-05,1.6056097894e-05
1835,3.2572960466e-06,3.2572960466e-06,3.2572960466e-06,3.2572960466e-06,8.6199750282e-25,4.7985126735e-21,6.8915465401e-19,6.8915465401e-19,6.8915465401e-19,6.8915465401e-19,2.6488023601e-27,4.6731307724e-26,1.5759726619e-32,8.5684163605e-23,1.290776879e-20,8.4414031721e-09,8.4414031721e-09,8.4414031721e-09,8.4414031721e-09,1.5753487745e-32,5.4106433571e-30,7.4487554654e-21,0.00014510893693,0.00014510893693,0.00014510893693,0.00014510893693,7.13380049e-20,2.1183646127e-33,1.8990873918e-23,3.7411259575e-14,1.3943020813e-31,1.2682679495e-32,5.0764880101e-16,2.1596187694e-20,3.0727338021e-06,3.0727338021e-06,3.0727338021e-06,3.0727338021e-06,0.43715152723,0.43715152723,0.43715152723,0.43715152723,7.1556332183e-12,9.0236810305e-09,9.0236810305e-09,9.0236810305e-09,9.0236810305e-09,3.0482891568e-16,1.6057368617e-05,1.6057368617e-05,1.6057368617e-05,1.6057368617e-05
1840,3.2552835568e-06,3.2552835568e-06,3.2552835568e-06,3.2552835568e-06,7.6958652104e-25,4.4375276723e-21,6.4882195333e-19,6.4882195333e-19,6.4882195333e-19,6.4882195333e-19,2.3037756216e-27,4.1185162056e-26,1.2908948825e-32,7.7995034628e-23,1.1981186311e-20,8.3943952891e-09,8.3943952891e-09,8.3943952891e-09,8.3943952891e-09,1.2903812176e-32,4.5667692991e-30,6.8998657489e-21,0.00014521348055,0.00014521348055,0.00014521348055,0.00014521348055,6.6632483955e-20,1.7167954522e-33,1.717990878e-23,3.6375669541e-14,1.1551482668e-31,1.037662781e-32,4.8797537842e-16,2.0084093966e-20,3.070755874e-06,3.070755874e-06,3.070755874e-06,3.070755874e-06,0.43765677391,0.43765677391,0.43765677391,0.43765677391,7.0385377601e-12,8.974220868e-09,8.974220868e-09,8.974220868e-09,8.974220868e-09,2.9258961899e-16,1.6058894652e-05,1.6058894652e-05,1.6058894652e-05,1.6058894652e-05
1845,3.2533494996e-06,3.2533494996e-06,3.2533494996e-06,3.2533494996e-06,6.8723027567e-25,4.1046481376e-21,6.1098619726e-19,6.1098619726e-19,6.1098619726e-19,6.1098619726e-19,2.0040575018e-27,3.6304536292e-26,1.057451074e-32,7.1012135002e-23,1.112368425e-20,8.3481980672e-09,8.3481980672e-09,8.3481980672e-09,8.3481980672e-09,1.0570281383e-32,3.8550101834e-30,6.3929001504e-21,0.00014531918447,0.00014531918447,0.00014531918447,0.00014531918447,6.2251570443e-20,1.391400125e-33,1.5545138812e-23,3.5374659493e-14,9.5710030407e-32,8.4903863357e-33,4.6915591707e-16,1.8682171998e-20,3.0688529021e-06,3.0688529021e-06,3.0688529021e-06,3.0688529021e-06,0.43816260533,0.43816260533,0.43816260533,0.43816260533,6.9242289759e-12,8.9256133599e-09,8.9256133599e-09,8.9256133599e-09,8.9256133599e-09,2.808973681e-16,1.6060672306e-05,1.6060672306e-05,1.6060672306e-05,1.6060672306e-05
1850,3.2514927057e-06,3.2514927057e-06,3.2514927057e-06,3.2514927057e-06,6.138190124e-25,3.7976150888e-21,5.7548491075e-19,5.7548491075e-19,5.7548491075e-19,5.7548491075e-19,1.7436505825e-27,3.2008708395e-26,8.6627719668e-33,6.4669153956e-23,1.0329929959e-20,8.3027956785e-09,8.3027956785e-09,8.3027956785e-09,8.3027956785e-09,8.659289478e-33,3.2546046435e-30,5.9245486752e-21,0.00014542603249,0.00014542603249,0.00014542603249,0.00014542603249,5.8171942954e-20,1.1277196868e-33,1.406908964e-23,3.4406915283e-14,7.9307823086e-32,6.9474374965e-33,4.5114986551e-16,1.738209652e-20,3.0670237671e-06,3.0670237671e-06,3.0670237671e-06,3.0670237671e-06,0.43866902212,0.43866902212,0.43866902212,0.43866902212,6.8126270516e-12,8.8778419232e-09,8.8778419232e-09,8.8778419232e-09,8.8778419232e-09,2.6972551784e-16,1.6062697952e-05,1.6062697952e-05,1.6062697952e-05,1.6062697952e-05
1855,3.2497120272e-06,3.2497120272e-06,3.2497120272e-06,3.2497120272e-06,5.4836716715e-25,3.5143565796e-21,5.4216667581e-19,5.4216667581e-19,5.4216667581e-19,5.4216667581e-19,1.5173575315e-27,2.8226850195e-26,7.0970958548e-33,5.8906138799e-23,9.5950159426e-21,8.258172675e-09,8.258172675e-09,8.258172675e-09,8.258172675e-09,7.0942282062e-33,2.7480660318e-30,5.4917708354e-21,0.00014553400872,0.00014553400872,0.00014553400872,0.00014553400872,5.4372019172e-20,9.1404152e-34,1.2736052016e-23,3.3471178107e-14,6.5722403726e-32,5.6852271423e-33,4.3391874881e-16,1.6176192931e-20,3.0652673702e-06,3.0652673702e-06,3.0652673702e-06,3.0652673702e-06,0.43917602493,0.43917602493,0.43917602493,0.43917602493,6.7036548098e-12,8.8308903716e-09,8.8308903716e-09,8.8308903716e-09,8.8308903716e-09,2.5904881866e-16,1.6064968027e-05,1.6064968027e-05,1.6064968027e-05,1.6064968027e-05
1860,3.2480063378e-06,3.2480063378e-06,3.2480063378e-06,3.2480063378e-06,4.8999928086e-25,3.2529717757e-21,5.1089034769e-19,5.1089034769e-19,5.1089034769e-19,5.1089034769e-19,1.3206735468e-27,2.4896802294e-26,5.8147579401e-33,5.3668872974e-23,8.9144249247e-21,8.2143139784e-09,8.2143139784e-09,8.2143139784e-09,8.2143139784e-09,5.8123964668e-33,2.3206639891e-30,5.0917730642e-21,0.00014564309755,0.00014564309755,0.00014564309755,0.00014564309755,5.0831821645e-20,7.4087735554e-34,1.153190035e-23,3.2566241959e-14,5.4469033207e-32,4.652613353e-33,4.1742605499e-16,1.5057384819e-20,3.0635826331e-06,3.0635826331e-06,3.0635826331e-06,3.0635826331e-06,0.43968361438,0.43968361438,0.43968361438,0.43968361438,6.5972376119e-12,8.7847429047e-09,8.7847429047e-09,8.7847429047e-09,8.7847429047e-09,2.4884333869e-16,1.606747903e-05,1.606747903e-05,1.606747903e-05,1.606747903e-05
1865,3.2463745314e-06,3.2463745314e-06,3.2463745314e-06,3.2463745314e-06,4.3793753277e-25,3.0117164231e-21,4.8152432866e-19,4.8152432866e-19,4.8152432866e-19,4.8152432866e-19,1.1496933688e-27,2.1964002183e-26,4.7644171929e-33,4.8908316125e-23,8.2839978699e-21,8.1712048692e-09,8.1712048692e-09,8.1712048692e-09,8.1712048692e-09,4.7624724551e-33,1.9599883873e-30,4.721988075e-21,0.00014575328365,0.00014575328365,0.00014575328365,0.00014575328365,4.7532854257e-20,6.0054056916e-34,1.0443930225e-23,3.1690951223e-14,4.5146563333e-32,3.8077819195e-33,4.0163712815e-16,1.4019145855e-20,3.0619684973e-06,3.0619684973e-06,3.0619684973e-06,3.0619684973e-06,0.44019179113,0.44019179113,0.44019179113,0.44019179113,6.4933032648e-12,8.7393840972e-09,8.7393840972e-09,8.7393840972e-09,8.7393840972e-09,2.390863905e-16,1.6070227525e-05,1.6070227525e-05,1.6070227525e-05,1.6070227525e-05
1870,3.2448155226e-06,3.2448155226e-06,3.2448155226e-06,3.2448155226e-06,3.9149070355e-25,2.7889895845e-21,4.5394589514e-19,4.5394589514e-19,4.5394589514e-19,4.5394589514e-19,1.0010308721e-27,1.9380546218e-26,3.9040474873e-33,4.4580099879e-23,7.6999047004e-21,8.1288309772e-09,8.1288309772e-09,8.1288309772e-09,8.1288309772e-09,3.9024458654e-33,1.6555825114e-30,4.3800559939e-21,0.00014586455197,0.00014586455197,0.00014586455197,0.00014586455197,4.4457988518e-20,4.8680385868e-34,9.4607128595e-24,3.0844198374e-14,3.7422992337e-32,3.1165430303e-33,3.8651906763e-16,1.3055455657e-20,3.0604239239e-06,3.0604239239e-06,3.0604239239e-06,3.0604239239e-06,0.44070055581,0.44070055581,0.44070055581,0.44070055581,6.3917819309e-12,8.6947988885e-09,8.6947988885e-09,8.6947988885e-09,8.6947988885e-09,2.2975646216e-16,1.6073210132e-05,1.6073210132e-05,1.6073210132e-05,1.6073210132e-05
1875,3.2433282455e-06,3.2433282455e-06,3.2433282455e-06,3.2433282455e-06,3.5004440254e-25,2.5833215285e-21,4.2804057412e-19,4.2804057412e-19,4.2804057412e-19,4.2804057412e-19,8.7174952326e-28,1.710436859e-26,3.1992454286e-33,4.0644073701e-23,7.1586174752e-21,8.0871782715e-09,8.0871782715e-09,8.0871782715e-09,8.0871782715e-09,3.197926322e-33,1.3986344453e-30,4.0638071088e-21,0.00014597688772,0.00014597688772,0.00014597688772,0.00014597688772,4.1591358871e-20,3.9462200703e-34,8.5719647349e-24,3.00249218e-14,3.102352149e-32,2.5509393698e-33,3.7204063312e-16,1.216075931e-20,3.0589478927e-06,3.0589478927e-06,3.0589478927e-06,3.0589478927e-06,0.44120990907,0.44120990907,0.44120990907,0.44120990907,6.2926060417e-12,8.6509725725e-09,8.6509725725e-09,8.6509725725e-09,8.6509725725e-09,2.208331523e-16,1.6076423534e-05,1.6076423534e-05,1.6076423534e-05,1.6076423534e-05
1880,3.2419116538e-06,3.2419116538e-06,3.2419116538e-06,3.2419116538e-06,3.1305241224e-25,2.3933626696e-21,4.03701565e-19,4.03701565e-19,4.03701565e-19,4.03701565e-19,7.5930222455e-28,1.5098522543e-26,2.6218459759e-33,3.706389575e-23,6.656885819e-21,8.0462330514e-09,8.0462330514e-09,8.0462330514e-09,8.0462330514e-09,2.6207594982e-33,1.1817173941e-30,3.7712460922e-21,0.00014609027639,0.00014609027639,0.00014609027639,0.00014609027639,3.8918266266e-20,3.1990734823e-34,7.7684307751e-24,2.9232103722e-14,2.5720678876e-32,2.0881086246e-33,3.5817215507e-16,1.1329930218e-20,3.0575394023e-06,3.0575394023e-06,3.0575394023e-06,3.0575394023e-06,0.44171985156,0.44171985156,0.44171985156,0.44171985156,6.1957102157e-12,8.6078907882e-09,8.6078907882e-09,8.6078907882e-09,8.6078907882e-09,2.1229710896e-16,1.6079864472e-05,1.6079864472e-05,1.6079864472e-05,1.6079864472e-05
1885,3.24056472e-06,3.24056472e-06,3.24056472e-06,3.24056472e-06,2.8002902076e-25,2.2178734661e-21,3.8082920362e-19,3.8082920362e-19,3.8082920362e-19,3.8082920362e-19,6.614792682e-28,1.3330550978e-26,2.1487898027e-33,3.3806664199e-23,6.1917144077e-21,8.0059819371e-09,8.0059819371e-09,8.0059819371e-09,8.0059819371e-09,2.1478948858e-33,9.9857115371e-31,3.5005375705e-21,0.0001462047037,0.0001462047037,0.0001462047037,0.0001462047037,3.6425089354e-20,2.5934791098e-34,7.0417796453e-24,2.8464768223e-14,2.1326151799e-32,1.7093538426e-33,3.4488545033e-16,1.0558236011e-20,3.0561974695e-06,3.0561974695e-06,3.0561974695e-06,3.0561974695e-06,0.44223038393,0.44223038393,0.44223038393,0.44223038393,6.1010311783e-12,8.5655395097e-09,8.5655395097e-09,8.5655395097e-09,8.5655395097e-09,2.0412997211e-16,1.6083529741e-05,1.6083529741e-05,1.6083529741e-05,1.6083529741e-05
1890,3.2392864355e-06,3.2392864355e-06,3.2392864355e-06,3.2392864355e-06,2.5054222804e-25,2.0557151894e-21,3.5933046511e-19,3.5933046511e-19,3.5933046511e-19,3.5933046511e-19,5.7636329882e-28,1.1771935235e-26,1.7611965615e-33,3.0842584933e-23,5.7603423327e-21,7.9664118612e-09,7.9664118612e-09,7.9664118612e-09,7.9664118612e-09,1.7604593948e-33,8.4391818439e-31,3.2499929199e-21,0.00014632015566,0.00014632015566,0.00014632015566,0.00014632015566,3.4099202649e-20,2.1026012267e-34,6.3845098956e-24,2.7721979368e-14,1.7684031644e-32,1.3993836193e-33,3.3215374255e-16,9.8413072501e-21,3.0549211289e-06,3.0549211289e-06,3.0549211289e-06,3.0549211289e-06,0.44274150682,0.44274150682,0.44274150682,0.44274150682,6.0085076861e-12,8.5239050375e-09,8.5239050375e-09,8.5239050375e-09,8.5239050375e-09,1.9631431933e-16,1.6087416195e-05,1.6087416195e-05,1.6087416195e-05,1.6087416195e-05
1895,3.2380758093e-06,3.2380758093e-06,3.2380758093e-06,3.2380758093e-06,2.2420772503e-25,1.9058414893e-21,3.3911850275e-19,3.3911850275e-19,3.3911850275e-19,3.3911850275e-19,5.0229033369e-28,1.0397612223e-26,1.443606573e-33,2.8144671988e-23,5.3602241838e-21,7.9275100596e-09,7.9275100596e-09,7.9275100596e-09,7.9275100596e-09,1.4429993199e-33,7.1330878953e-31,3.018058183e-21,0.00014643661851,0.00014643661851,0.00014643661851,0.00014643661851,3.1928901125e-20,1.704695016e-34,5.7898658043e-24,2.7002839418e-14,1.4665226408e-32,1.1456910491e-33,3.1995158709e-16,9.1751086848e-21,3.0537094323e-06,3.0537094323e-06,3.0537094323e-06,3.0537094323e-06,0.44325322091,0.44325322091,0.44325322091,0.44325322091,5.9180804534e-12,8.4829739894e-09,8.4829739894e-09,8.4829739894e-09,8.4829739894e-09,1.888336148e-16,1.6091520741e-05,1.6091520741e-05,1.6091520741e-05,1.6091520741e-05
1900,3.2369318688e-06,3.2369318688e-06,3.2369318688e-06,3.2369318688e-06,2.0068355662e-25,1.7672906835e-21,3.2011222011e-19,3.2011222011e-19,3.2011222011e-19,3.2011222011e-19,4.3781601985e-28,9.1855513618e-27,1.1833602925e-33,2.5688477424e-23,4.9890127028e-21,7.8892640642e-09,7.8892640642e-09,7.8892640642e-09,7.8892640642e-09,1.1828600335e-33,6.0299077615e-31,2.8033030082e-21,0.00014655407874,0.00014655407874,0.00014655407874,0.00014655407874,2.9903330696e-20,1.3821401582e-34,5.2517619042e-24,2.6306487123e-14,1.2162838663e-32,9.3804607003e-34,3.0825480023e-16,8.5559128648e-21,3.0525614488e-06,3.0525614488e-06,3.0525614488e-06,3.0525614488e-06,0.44376552683,0.44376552683,0.44376552683,0.44376552683,5.829692082e-12,8.4427332921e-09,8.4427332921e-09,8.4427332921e-09,8.4427332921e-09,1.8167216116e-16,1.609584034e-05,1.609584034e-05,1.609584034e-05,1.609584034e-05
1905,3.2358536583e-06,3.2358536583e-06,3.2358536583e-06,3.2358536583e-06,1.7966538986e-25,1.6391787085e-21,3.0223587402e-19,3.0223587402e-19,3.0223587402e-19,3.0223587402e-19,3.8168641923e-28,8.1163838355e-27,9.7009048801e-34,2.3451847693e-23,4.6445428745e-21,7.8516616938e-09,7.8516616938e-09,7.8516616938e-09,7.8516616938e-09,9.6967835146e-34,5.0979971235e-31,2.6044105229e-21,0.00014667252307,0.00014667252307,0.00014667252307,0.00014667252307,2.8012424139e-20,1.1206579947e-34,4.7647152793e-24,2.563209611e-14,1.0088341803e-32,7.6808047193e-34,2.9704039231e-16,7.9802758927e-21,3.0514762641e-06,3.0514762641e-06,3.0514762641e-06,3.0514762641e-06,0.44427842525,0.44427842525,0.44427842525,0.44427842525,5.743286994e-12,8.4031701727e-09,8.4031701727e-09,8.4031701727e-09,8.4031701727e-09,1.7481505408e-16,1.6100372006e-05,1.6100372006e-05,1.6100372006e-05,1.6100372006e-05
1910,3.2348402395e-06,3.2348402395e-06,3.2348402395e-06,3.2348402395e-06,1.6088231778e-25,1.520692673e-21,2.8541870593e-19,2.8541870593e-19,2.8541870593e-19,2.8541870593e-19,3.3281270955e-28,7.1730776402e-27,7.9530663278e-34,2.1414703861e-23,4.3248173324e-21,7.8146910473e-09,7.8146910473e-09,7.8146910473e-09,7.8146910473e-09,7.9496707905e-34,4.3106651489e-31,2.4201680597e-21,0.00014679193848,0.00014679193848,0.00014679193848,0.00014679193848,2.6246841986e-20,9.086773718e-35,4.3237848198e-24,2.4978873336e-14,8.3684164019e-33,6.2894863491e-34,2.8628650467e-16,7.445015147e-21,3.0504529801e-06,3.0504529801e-06,3.0504529801e-06,3.0504529801e-06,0.44479191682,0.44479191682,0.44479191682,0.44479191682,5.6588113663e-12,8.3642721505e-09,8.3642721505e-09,8.3642721505e-09,8.3642721505e-09,1.6824813956e-16,1.6105112804e-05,1.6105112804e-05,1.6105112804e-05,1.6105112804e-05
1915,3.2338906904e-06,3.2338906904e-06,3.2338906904e-06,3.2338906904e-06,1.440931375e-25,1.4110849617e-21,2.6959459979e-19,2.6959459979e-19,2.6959459979e-19,2.6959459979e-19,2.9024927238e-28,6.3406527018e-27,6.5205474476e-34,1.9558843294e-23,4.0279929676e-21,7.7783404956e-09,7.7783404956e-09,7.7783404956e-09,7.7783404956e-09,6.517749774e-34,3.6453962007e-31,2.2494586622e-21,0.00014691231217,0.00014691231217,0.00014691231217,0.00014691231217,2.4597918018e-20,7.3682090967e-35,3.9245167074e-24,2.434605762e-14,6.9423325135e-33,5.150501611e-34,2.7597235013e-16,6.9471888089e-21,3.049490715e-06,3.049490715e-06,3.049490715e-06,3.049490715e-06,0.44530600222,0.44530600222,0.44530600222,0.44530600222,5.576213069e-12,8.3260270294e-09,8.3260270294e-09,8.3260270294e-09,8.3260270294e-09,1.619579736e-16,1.6110059849e-05,1.6110059849e-05,1.6110059849e-05,1.6110059849e-05
1920,3.2330041057e-06,3.2330041057e-06,3.2330041057e-06,3.2330041057e-06,1.2908304827e-25,1.3096678405e-21,2.5470176422e-19,2.5470176422e-19,2.5470176422e-19,2.5470176422e-19,2.5317471124e-28,5.6059310802e-27,5.3463896039e-34,1.7867760675e-23,3.7523686387e-21,7.7425986744e-09,7.7425986744e-09,7.7425986744e-09,7.7425986744e-09,5.3440844137e-34,3.0831942841e-31,2.0912533023e-21,0.00014703363155,0.00014703363155,0.00014703363155,0.00014703363155,2.305760897e-20,5.9748881156e-35,3.5628954817e-24,2.3732918244e-14,5.7597834892e-33,4.21803095e-34,2.6607815679e-16,6.4840770422e-21,3.0485886023e-06,3.0485886023e-06,3.0485886023e-06,3.0485886023e-06,0.44582068209,0.44582068209,0.44582068209,0.44582068209,5.4954416051e-12,8.2884228903e-09,8.2884228903e-09,8.2884228903e-09,8.2884228903e-09,1.5593178414e-16,1.6115210306e-05,1.6115210306e-05,1.6115210306e-05,1.6115210306e-05
1925,3.2321795959e-06,3.2321795959e-06,3.2321795959e-06,3.2321795959e-06,1.1566072149e-25,1.2158085202e-21,2.4068243738e-19,2.4068243738e-19,2.4068243738e-19,2.4068243738e-19,2.2087540521e-28,4.9573178933e-27,4.3839362419e-34,1.6326486444e-23,3.4963738898e-21,7.7074544775e-09,7.7074544775e-09,7.7074544775e-09,7.7074544775e-09,4.3820367488e-34,2.6080308011e-31,1.9446037486e-21,0.00014715588427,0.00014715588427,0.00014715588427,0.00014715588427,2.1618448121e-20,4.8452168272e-35,3.2353001064e-24,2.3138753623e-14,4.7790932877e-33,3.4545849454e-34,2.5658511491e-16,6.0531646894e-21,3.0477457909e-06,3.0477457909e-06,3.0477457909e-06,3.0477457909e-06,0.44633595711,0.44633595711,0.44633595711,0.44633595711,5.4164480532e-12,8.2514480835e-09,8.2514480835e-09,8.2514480835e-09,8.2514480835e-09,1.5015743519e-16,1.6120561389e-05,1.6120561389e-05,1.6120561389e-05,1.6120561389e-05
1930,3.231416287e-06,3.231416287e-06,3.231416287e-06,3.231416287e-06,1.0365570025e-25,1.128924638e-21,2.2748261275e-19,2.2748261275e-19,2.2748261275e-19,2.2748261275e-19,1.9273125665e-28,4.3846091456e-27,3.5949671719e-34,1.4921440905e-23,3.258558592e-21,7.6728970495e-09,7.6728970495e-09,7.6728970495e-09,7.6728970495e-09,3.5934018997e-34,2.2063792765e-31,1.8086360296e-21,0.0001472790582,0.0001472790582,0.0001472790582,0.0001472790582,2.0273502465e-20,3.9292734921e-35,2.9384645166e-24,2.256289003e-14,3.9657327405e-33,2.8294880396e-34,2.4747532683e-16,5.6521253585e-21,3.0469614449e-06,3.0469614449e-06,3.0469614449e-06,3.0469614449e-06,0.44685182793,0.44685182793,0.44685182793,0.44685182793,5.3391850121e-12,8.2150912219e-09,8.2150912219e-09,8.2150912219e-09,8.2150912219e-09,1.4462339303e-16,1.6126110359e-05,1.6126110359e-05,1.6126110359e-05,1.6126110359e-05
1935,3.2307133207e-06,3.2307133207e-06,3.2307133207e-06,3.2307133207e-06,9.2916090831e-26,1.0484801207e-21,2.1505178431e-19,2.1505178431e-19,2.1505178431e-19,2.1505178431e-19,1.6820333814e-28,3.8788231242e-27,2.9481711685e-34,1.3640302489e-23,3.03758343e-21,7.6389157793e-09,7.6389157793e-09,7.6389157793e-09,7.6389157793e-09,2.9468812469e-34,1.866823306e-31,1.6825444405e-21,0.00014740314143,0.00014740314143,0.00014740314143,0.00014740314143,1.901633316e-20,3.1865952135e-35,2.6694421807e-24,2.2004680392e-14,3.29109142e-33,2.3176385944e-34,2.387317596e-16,5.278806785e-21,3.0462347428e-06,3.0462347428e-06,3.0462347428e-06,3.0462347428e-06,0.44736829523,0.44736829523,0.44736829523,0.44736829523,5.2636065477e-12,8.1793411737e-09,8.1793411737e-09,8.1793411737e-09,8.1793411737e-09,1.3931869427e-16,1.6131854524e-05,1.6131854524e-05,1.6131854524e-05,1.6131854524e-05
1940,3.2300698533e-06,3.2300698533e-06,3.2300698533e-06,3.2300698533e-06,8.3306512959e-26,9.7398139724e-22,2.0334270975e-19,2.0334270975e-19,2.0334270975e-19,2.0334270975e-19,1.4682318375e-28,3.4320524431e-27,2.4178954563e-34,1.2471888733e-23,2.8322111632e-21,7.6055002936e-09,7.6055002936e-09,7.6055002936e-09,7.6055002936e-09,2.4168323958e-34,1.5797261618e-31,1.5655860483e-21,0.00014752812223,0.00014752812223,0.00014752812223,0.00014752812223,1.7840959015e-20,2.5843845596e-35,2.4255742638e-24,2.1463503134e-14,2.7314609871e-33,1.8984948557e-34,2.3033820022e-16,4.931217364e-21,3.0455648777e-06,3.0455648777e-06,3.0455648777e-06,3.0455648777e-06,0.44788535968,0.44788535968,0.44788535968,0.44788535968,5.1896681418e-12,8.1441870559e-09,8.1441870559e-09,8.1441870559e-09,8.1441870559e-09,1.3423291567e-16,1.6137791237e-05,1.6137791237e-05,1.6137791237e-05,1.6137791237e-05
1945,3.229485056e-06,3.229485056e-06,3.229485056e-06,3.229485056e-06,7.4706279474e-26,9.0497392904e-22,1.9231119023e-19,1.9231119023e-19,1.9231119023e-19,1.9231119023e-19,1.2818350395e-28,3.0373341817e-27,1.9831218268e-34,1.1406048763e-23,2.6412985973e-21,7.5726404511e-09,7.5726404511e-09,7.5726404511e-09,7.5726404511e-09,1.9822456858e-34,1.3369523232e-31,1.4570756511e-21,0.00014765398912,0.00014765398912,0.00014765398912,0.00014765398912,1.6741822768e-20,2.0960564306e-35,2.2044610181e-24,2.0938761079e-14,2.2671935281e-33,1.5552456189e-34,2.2227921335e-16,4.607513757e-21,3.0449510566e-06,3.0449510566e-06,3.0449510566e-06,3.0449510566e-06,0.44840302195,0.44840302195,0.44840302195,0.44840302195,5.1173266432e-12,8.1096182278e-09,8.1096182278e-09,8.1096182278e-09,8.1096182278e-09,1.2935614573e-16,1.6143917897e-05,1.6143917897e-05,1.6143917897e-05,1.6143917897e-05
1950,3.2289581144e-06,3.2289581144e-06,3.2289581144e-06,3.2289581144e-06,6.7007779347e-26,8.4103903182e-22,1.8191586577e-19,1.8191586577e-19,1.8191586577e-19,1.8191586577e-19,1.1193013357e-28,2.6885358822e-27,1.6266282603e-34,1.0433566115e-23,2.4637892051e-21,7.5403263357e-09,7.5403263357e-09,7.5403263357e-09,7.5403263357e-09,1.6259061371e-34,1.1316327419e-31,1.3563811541e-21,0.00014778073079,0.00014778073079,0.00014778073079,0.00014778073079,1.5713759924e-20,1.7000605748e-35,2.0039360701e-24,2.0429880402e-14,1.8820046988e-33,1.274131912e-34,2.1454010139e-16,4.305989484e-21,3.0443925004e-06,3.0443925004e-06,3.0443925004e-06,3.0443925004e-06,0.44892128271,0.44892128271,0.44892128271,0.44892128271,5.0465402201e-12,8.0756242847e-09,8.0756242847e-09,8.0756242847e-09,8.0756242847e-09,1.2467895785e-16,1.6150231945e-05,1.6150231945e-05,1.6150231945e-05,1.6150231945e-05
1955,3.2284882282e-06,3.2284882282e-06,3.2284882282e-06,3.2284882282e-06,6.0115041071e-26,7.8179096333e-22,1.7211802475e-19,1.7211802475e-19,1.7211802475e-19,1.7211802475e-19,9.7755047754e-29,2.3802554505e-27,1.3343024016e-34,9.5460709041e-24,2.2987063447e-21,7.5085482512e-09,7.5085482512e-09,7.5085482512e-09,7.5085482512e-09,1.333707192e-34,9.5796694688e-32,1.2629193264e-21,0.00014790833614,0.00014790833614,0.00014790833614,0.00014790833614,1.4751969974e-20,1.3789274316e-35,1.8220433032e-24,1.9936309628e-14,1.562396711e-33,1.043892164e-34,2.0710686663e-16,4.0250644207e-21,3.0438884435e-06,3.0438884435e-06,3.0438884435e-06,3.0438884435e-06,0.44944014262,0.44944014262,0.44944014262,0.44944014262,4.9772683151e-12,8.0421950513e-09,8.0421950513e-09,8.0421950513e-09,8.0421950513e-09,1.2019238492e-16,1.6156730869e-05,1.6156730869e-05,1.6156730869e-05,1.6156730869e-05
1960,3.2280746107e-06,3.2280746107e-06,3.2280746107e-06,3.2280746107e-06,5.3942456017e-26,7.268742542e-22,1.6288142691e-19,1.6288142691e-19,1.6288142691e-19,1.6288142691e-19,8.5390303214e-29,2.1077332463e-27,1.0945793491e-34,8.7359604105e-24,2.145147024e-21,7.4772967151e-09,7.4772967151e-09,7.4772967151e-09,7.4772967151e-09,1.0940887237e-34,8.1105618785e-32,1.1761519072e-21,0.00014803679427,0.00014803679427,0.00014803679427,0.00014803679427,1.3851989786e-20,1.1184949155e-35,1.6570160724e-24,1.945751868e-14,1.2971805092e-33,8.5530835168e-35,1.9996617558e-16,3.7632751274e-21,3.0434381335e-06,3.0434381335e-06,3.0434381335e-06,3.0434381335e-06,0.44995960238,0.44995960238,0.44995960238,0.44995960238,4.9094716012e-12,8.0093205766e-09,8.0093205766e-09,8.0093205766e-09,8.0093205766e-09,1.1588789539e-16,1.6163412195e-05,1.6163412195e-05,1.6163412195e-05,1.6163412195e-05
1965,3.2277164891e-06,3.2277164891e-06,3.2277164891e-06,3.2277164891e-06,4.8413643722e-26,6.7596126112e-22,1.5417213849e-19,1.5417213849e-19,1.5417213849e-19,1.5417213849e-19,7.4602781278e-29,1.8667748651e-27,8.9798121817e-35,7.9963272682e-24,2.0022761662e-21,7.4465624537e-09,7.4465624537e-09,7.4465624537e-09,7.4465624537e-09,8.9757678067e-35,6.8676272929e-32,1.0955820309e-21,0.00014816609447,0.00014816609447,0.00014816609447,0.00014816609447,1.3009669014e-20,9.0728180676e-36,1.5072585101e-24,1.8992997973e-14,1.0770800513e-33,7.0083472443e-35,1.9310532513e-16,3.5192659409e-21,3.043040831e-06,3.043040831e-06,3.043040831e-06,3.043040831e-06,0.45047966265,0.45047966265,0.45047966265,0.45047966265,4.8431119394e-12,7.9769911273e-09,7.9769911273e-09,7.9769911273e-09,7.9769911273e-09,1.1175737064e-16,1.6170273493e-05,1.6170273493e-05,1.6170273493e-05,1.6170273493e-05
1970,3.2274131035e-06,3.2274131035e-06,3.2274131035e-06,3.2274131035e-06,4.3460443117e-26,6.2874992335e-22,1.4595837891e-19,1.4595837891e-19,1.4595837891e-19,1.4595837891e-19,6.5189625747e-29,1.653683297e-27,7.3674003271e-35,7.3208945123e-24,1.8693213363e-21,7.4163363961e-09,7.4163363961e-09,7.4163363961e-09,7.4163363961e-09,7.3640662608e-35,5.8159118264e-32,1.0207509442e-21,0.00014829622621,0.00014829622621,0.00014829622621,0.00014829622621,1.2221147357e-20,7.3597993306e-36,1.3713287084e-24,1.854225754e-14,8.9440455628e-34,5.7429406461e-35,1.8651221064e-16,3.2917807683e-21,3.0426958093e-06,3.0426958093e-06,3.0426958093e-06,3.0426958093e-06,0.45100032411,0.45100032411,0.45100032411,0.45100032411,4.7781523391e-12,7.9451971827e-09,7.9451971827e-09,7.9451971827e-09,7.9451971827e-09,1.0779308359e-16,1.6177312373e-05,1.6177312373e-05,1.6177312373e-05,1.6177312373e-05
1975,3.2271637072e-06,3.2271637072e-06,3.2271637072e-06,3.2271637072e-06,3.9022015534e-26,5.8496170518e-22,1.3821037806e-19,1.3821037806e-19,1.3821037806e-19,1.3821037806e-19,5.6974283088e-29,1.4651993128e-27,6.044888437e-35,6.7039568154e-24,1.7455678886e-21,7.3866096693e-09,7.3866096693e-09,7.3866096693e-09,7.3866096693e-09,6.0421397931e-35,4.925884117e-32,9.5123499183e-22,0.00014842717915,0.00014842717915,0.00014842717915,0.00014842717915,1.1482833531e-20,5.9704260639e-36,1.2479235887e-24,1.810482621e-14,7.4277702107e-34,4.7062918333e-35,1.8017529566e-16,3.0796555249e-21,3.042402354e-06,3.042402354e-06,3.042402354e-06,3.042402354e-06,0.45152158744,0.45152158744,0.45152158744,0.45152158744,4.7145569184e-12,7.9139294289e-09,7.9139294289e-09,7.9139294289e-09,7.9139294289e-09,1.0398767851e-16,1.6184526485e-05,1.6184526485e-05,1.6184526485e-05,1.6184526485e-05
1980,3.2269675662e-06,3.2269675662e-06,3.2269675662e-06,3.2269675662e-06,3.5044046939e-26,5.4433970855e-22,1.3090024338e-19,1.3090024338e-19,1.3090024338e-19,1.3090024338e-19,4.9803064803e-29,1.2984490694e-27,4.960087166e-35,6.1403273147e-24,1.6303545018e-21,7.3573735929e-09,7.3573735929e-09,7.3573735929e-09,7.3573735929e-09,4.9578210394e-35,4.1725909371e-32,8.8664284755e-22,0.00014855894314,0.00014855894314,0.00014855894314,0.00014855894314,1.079138582e-20,4.8435105931e-36,1.1358652839e-24,1.7680250814e-14,6.1690932674e-34,3.8569959529e-35,1.7408358334e-16,2.8818111653e-21,3.0421597631e-06,3.0421597631e-06,3.0421597631e-06,3.0421597631e-06,0.45204345333,0.45204345333,0.45204345333,0.45204345333,4.6522908668e-12,7.8831787538e-09,7.8831787538e-09,7.8831787538e-09,7.8831787538e-09,1.0033415189e-16,1.6191913519e-05,1.6191913519e-05,1.6191913519e-05,1.6191913519e-05
1985,3.2268239589e-06,3.2268239589e-06,3.2268239589e-06,3.2268239589e-06,3.1478038275e-26,5.0664694136e-22,1.2400183613e-19,1.2400183613e-19,1.2400183613e-19,1.2400183613e-19,4.3542162592e-29,1.1508980516e-27,4.0702146879e-35,5.6252894853e-24,1.52306907e-21,7.3286196748e-09,7.3286196748e-09,7.3286196748e-09,7.3286196748e-09,4.0683462817e-35,3.5349447822e-32,8.2661296947e-22,0.00014869150821,0.00014869150821,0.00014869150821,0.00014869150821,1.0143694074e-20,3.9294408792e-36,1.0340888804e-24,1.7268095432e-14,5.1241592189e-34,3.161151489e-35,1.6822658932e-16,2.6972472582e-21,3.0419673465e-06,3.0419673465e-06,3.0419673465e-06,3.0419673465e-06,0.45256592244,0.45256592244,0.45256592244,0.45256592244,4.5913204093e-12,7.852936242e-09,7.852936242e-09,7.852936242e-09,7.852936242e-09,9.6825834419e-17,1.6199471202e-05,1.6199471202e-05,1.6199471202e-05,1.6199471202e-05
1990,3.2267321759e-06,3.2267321759e-06,3.2267321759e-06,3.2267321759e-06,2.828067405e-26,4.7166472833e-22,1.1749065612e-19,1.1749065612e-19,1.1749065612e-19,1.1749065612e-19,3.8075056218e-29,1.0203105752e-27,3.3401987414e-35,5.1545535729e-24,1.4231449193e-21,7.3003396054e-09,7.3003396054e-09,7.3003396054e-09,7.3003396054e-09,3.3386581767e-35,2.9951227345e-32,7.7081126207e-22,0.00014882486453,0.00014882486453,0.00014882486453,0.00014882486453,9.5368630643e-21,3.1879891689e-36,9.4163138265e-25,1.6867940677e-14,4.2565945239e-34,2.5909988691e-35,1.6259431616e-16,2.5250360627e-21,3.0418244256e-06,3.0418244256e-06,3.0418244256e-06,3.0418244256e-06,0.45308899548,0.45308899548,0.45308899548,0.45308899548,4.5316127714e-12,7.8231931693e-09,7.8231931693e-09,7.8231931693e-09,7.8231931693e-09,9.3456373875e-17,1.6207197299e-05,1.6207197299e-05,1.6207197299e-05,1.6207197299e-05
1995,3.2266915199e-06,3.2266915199e-06,3.2266915199e-06,3.2266915199e-06,2.5413260425e-26,4.3919125226e-22,1.1134373438e-19,1.1134373438e-19,1.1134373438e-19,1.1134373438e-19,3.3300261996e-29,9.0471417481e-28,2.7412855301e-35,4.7242171446e-24,1.3300573248e-21,7.2725252538e-09,7.2725252538e-09,7.2725252538e-09,7.2725252538e-09,2.7400152189e-35,2.5380591553e-32,7.1892892691e-22,0.0001489590025,0.0001489590025,0.0001489590025,0.0001489590025,8.9681970618e-21,2.5865357559e-36,8.576217742e-25,1.6479383e-14,3.5362284859e-34,2.1238063777e-35,1.5717722899e-16,2.3643170655e-21,3.0417303335e-06,3.0417303335e-06,3.0417303335e-06,3.0417303335e-06,0.45361267312,0.45361267312,0.45361267312,0.45361267312,4.473136146e-12,7.7939409986e-09,7.7939409986e-09,7.7939409986e-09,7.7939409986e-09,9.0219719006e-17,1.6215089614e-05,1.6215089614e-05,1.6215089614e-05,1.6215089614e-05
2000,3.2267013053e-06,3.2267013053e-06,3.2267013053e-06,3.2267013053e-06,2.2841225064e-26,4.0904021488e-22,1.0553953309e-19,1.0553953309e-19,1.0553953309e-19,1.0553953309e-19,2.9129376818e-29,8.0236827952e-28,2.2498999516e-35,4.3307293614e-24,1.2433203027e-21,7.2451686632e-09,7.2451686632e-09,7.2451686632e-09,7.2451686632e-09,2.2488524329e-35,2.1510175069e-32,6.7068048666e-22,0.00014909391263,0.00014909391263,0.00014909391263,0.00014909391263,8.4351855727e-21,2.0986291653e-36,7.8127206642e-25,1.6102034039e-14,2.9380332615e-34,1.740958398e-35,1.5196623257e-16,2.2142919409e-21,3.0416844146e-06,3.0416844146e-06,3.0416844146e-06,3.0416844146e-06,0.45413695604,0.45413695604,0.45413695604,0.45413695604,4.4158596605e-12,7.7651713746e-09,7.7651713746e-09,7.7651713746e-09,7.7651713746e-09,8.7110104244e-17,1.6223145985e-05,1.6223145985e-05,1.6223145985e-05,1.6223145985e-05
2005,3.226760858e-06,3.226760858e-06,3.226760858e-06,3.226760858e-06,2.0533671847e-26,3.8103960698e-22,1.0005785236e-19,1.0005785236e-19,1.0005785236e-19,1.0005785236e-19,2.548537861e-29,7.1173665548e-28,1.8467116909e-35,3.9708586146e-24,1.1624836548e-21,7.2182620459e-09,7.2182620459e-09,7.2182620459e-09,7.2182620459e-09,1.8458478476e-35,1.8232289163e-32,6.2580196803e-22,0.00014922958564,0.00014922958564,0.00014922958564,0.00014922958564,7.9354901239e-21,1.7028190019e-36,7.1186923369e-25,1.5735519993e-14,2.4412453837e-34,1.4272091935e-35,1.4695264953e-16,2.0742199012e-21,3.041686024e-06,3.041686024e-06,3.041686024e-06,3.041686024e-06,0.45466184494,0.45466184494,0.45466184494,0.45466184494,4.3597533466e-12,7.7368761195e-09,7.7368761195e-09,7.7368761195e-09,7.7368761195e-09,8.4122035253e-17,1.6231364287e-05,1.6231364287e-05,1.6231364287e-05,1.6231364287e-05
2010,3.2268695151e-06,3.2268695151e-06,3.2268695151e-06,3.2268695151e-06,1.8462984361e-26,3.5503057893e-22,9.4879743299e-20,9.4879743299e-20,9.4879743299e-20,9.4879743299e-20,2.2301149355e-29,6.3146315804e-28,1.5158699461e-35,3.6416632018e-24,1.0871302461e-21,7.1917977798e-09,7.1917977798e-09,7.1917977798e-09,7.1917977798e-09,1.5151575365e-35,1.5455870374e-32,5.840492305e-22,0.00014936601238,0.00014936601238,0.00014936601238,0.00014936601238,7.4669320255e-21,1.381709792e-36,6.4876794641e-25,1.5379481018e-14,2.0286376553e-34,1.1700721369e-35,1.4212819973e-16,1.9434134066e-21,3.041734528e-06,3.041734528e-06,3.041734528e-06,3.041734528e-06,0.4551873405,0.4551873405,0.4551873405,0.4551873405,4.30478811e-12,7.7090472286e-09,7.7090472286e-09,7.7090472286e-09,7.7090472286e-09,8.1250275264e-17,1.6239742429e-05,1.6239742429e-05,1.6239742429e-05,1.6239742429e-05
2015,3.2270266249e-06,3.2270266249e-06,3.2270266249e-06,3.2270266249e-06,1.6604472755e-26,3.3086640296e-22,8.998742703e-20,8.998742703e-20,8.998742703e-20,8.998742703e-20,1.9518191291e-29,5.6035039149e-28,1.2443762998e-35,3.3404647536e-24,1.0168734955e-21,7.165768404e-09,7.165768404e-09,7.165768404e-09,7.165768404e-09,1.243788748e-35,1.3103904112e-32,5.4519642872e-22,0.0001495031839,0.0001495031839,0.0001495031839,0.0001495031839,7.0274810353e-21,1.1211939464e-36,5.9138402121e-25,1.5033570658e-14,1.6859156186e-34,9.5931977141e-36,1.3748498073e-16,1.8212342037e-21,3.0418293031e-06,3.0418293031e-06,3.0418293031e-06,3.0418293031e-06,0.45571344342,0.45571344342,0.45571344342,0.45571344342,4.2509357014e-12,7.6816768659e-09,7.6816768659e-09,7.6816768659e-09,7.6816768659e-09,7.8489832124e-17,1.6248278356e-05,1.6248278356e-05,1.6248278356e-05,1.6248278356e-05
2020,3.2272315465e-06,3.2272315465e-06,3.2272315465e-06,3.2272315465e-06,1.4936059142e-26,3.0841151964e-22,8.5364219099e-20,8.5364219099e-20,8.5364219099e-20,8.5364219099e-20,1.708551085e-29,4.9734092431e-28,1.0215707652e-35,3.0648241456e-24,9.5135506333e-22,7.1401666145e-09,7.1401666145e-09,7.1401666145e-09,7.1401666145e-09,1.0210861644e-35,1.1111249022e-32,5.0903459779e-22,0.00014964109136,0.00014964109136,0.00014964109136,0.00014964109136,6.6152448551e-21,9.0982991464e-37,5.3918851651e-25,1.4697455296e-14,1.4012172435e-34,7.8657456884e-36,1.3301544928e-16,1.7070896701e-21,3.0419697366e-06,3.0419697366e-06,3.0419697366e-06,3.0419697366e-06,0.45624015437,0.45624015437,0.45624015437,0.45624015437,4.1981686891e-12,7.6547573597e-09,7.6547573597e-09,7.6547573597e-09,7.6547573597e-09,7.5835946055e-17,1.6256970045e-05,1.6256970045e-05,1.6256970045e-05,1.6256970045e-05
2025,3.2274836495e-06,3.2274836495e-06,3.2274836495e-06,3.2274836495e-06,1.3437997294e-26,2.8754066157e-22,8.0994459008e-20,8.0994459008e-20,8.0994459008e-20,8.0994459008e-20,1.4958648223e-29,4.4150075073e-28,8.3871055795e-36,2.8125196604e-24,8.9024271847e-22,7.1149852607e-09,7.1149852607e-09,7.1149852607e-09,7.1149852607e-09,8.3831084911e-36,9.4227995348e-33,4.7537035109e-22,0.0001497797261,0.0001497797261,0.0001497797261,0.0001497797261,6.2284593972e-21,7.3833802659e-37,4.9170240868e-25,1.4370813636e-14,1.1646981438e-34,6.4497391033e-36,1.2871240378e-16,1.6004294375e-21,3.0421552257e-06,3.0421552257e-06,3.0421552257e-06,3.0421552257e-06,0.45676747407,0.45676747407,0.45676747407,0.45676747407,4.1464604321e-12,7.6282811989e-09,7.6282811989e-09,7.6282811989e-09,7.6282811989e-09,7.328407805e-17,1.6265815507e-05,1.6265815507e-05,1.6265815507e-05,1.6265815507e-05
2030,3.2277823143e-06,3.2277823143e-06,3.2277823143e-06,3.2277823143e-06,1.2092622836e-26,2.6813804775e-22,7.6863444472e-20,7.6863444472e-20,7.6863444472e-20,7.6863444472e-20,1.3098833426e-29,3.9200472729e-28,6.8862484178e-36,2.5815271838e-24,8.3322837261e-22,7.0902173415e-09,7.0902173415e-09,7.0902173415e-09,7.0902173415e-09,6.8829513719e-36,7.9919338518e-33,4.4402468163e-22,0.00014991907961,0.00014991907961,0.00014991907961,0.00014991907961,5.865479762e-21,5.9919173607e-37,4.4849179065e-25,1.4053336198e-14,9.6818767116e-35,5.2889581196e-36,1.2456896762e-16,1.5007422733e-21,3.0423851776e-06,3.0423851776e-06,3.0423851776e-06,3.0423851776e-06,0.45729540319,0.45729540319,0.45729540319,0.45729540319,4.0957850545e-12,7.6022410291e-09,7.6022410291e-09,7.6022410291e-09,7.6022410291e-09,7.0829898896e-17,1.6274812786e-05,1.6274812786e-05,1.6274812786e-05,1.6274812786e-05
2035,3.2281269311e-06,3.2281269311e-06,3.2281269311e-06,3.2281269311e-06,1.0884130578e-26,2.500966429e-22,7.2957370072e-20,7.2957370072e-20,7.2957370072e-20,7.2957370072e-20,1.1472252229e-29,3.4812374592e-28,5.6543172878e-36,2.3700022435e-24,7.8002626651e-22,7.0658560016e-09,7.0658560016e-09,7.0658560016e-09,7.0658560016e-09,5.6515975446e-36,6.7792028472e-33,4.1483185839e-22,0.00015005914353,0.00015005914353,0.00015005914353,0.00015005914353,5.524771873e-21,4.8628620027e-37,4.0916354086e-25,1.3744724842e-14,8.0490375032e-35,4.3373436799e-36,1.2057857344e-16,1.4075532004e-21,3.0426590094e-06,3.0426590094e-06,3.0426590094e-06,3.0426590094e-06,0.45782394244,0.45782394244,0.45782394244,0.45782394244,4.0461174203e-12,7.5766296483e-09,7.5766296483e-09,7.5766296483e-09,7.5766296483e-09,6.8469278769e-17,1.6283959956e-05,1.6283959956e-05,1.6283959956e-05,1.6283959956e-05
2040,3.2285169003e-06,3.2285169003e-06,3.2285169003e-06,3.2285169003e-06,9.7983759991e-27,2.3331747626e-22,6.9263269997e-20,6.9263269997e-20,6.9263269997e-20,6.9263269997e-20,1.0049407549e-29,3.0921343459e-28,4.6430629364e-36,2.176263714e-24,7.30371297e-22,7.0418945277e-09,7.0418945277e-09,7.0418945277e-09,7.0418945277e-09,4.6408193e-36,5.7512223558e-33,3.8763840993e-22,0.00015019990964,0.00015019990964,0.00015019990964,0.00015019990964,5.2049047202e-21,3.946695543e-37,3.7336141566e-25,1.3444692313e-14,6.6921640009e-35,3.5571588851e-36,1.1673494816e-16,1.3204208348e-21,3.0429761478e-06,3.0429761478e-06,3.0429761478e-06,3.0429761478e-06,0.4583530925,0.4583530925,0.4583530925,0.4583530925,3.9974331098e-12,7.5514400033e-09,7.5514400033e-09,7.5514400033e-09,7.5514400033e-09,6.6198277381e-17,1.6293255125e-05,1.6293255125e-05,1.6293255125e-05,1.6293255125e-05
2045,3.2289516323e-06,3.2289516323e-06,3.2289516323e-06,3.2289516323e-06,8.8226982183e-27,2.1770901503e-22,6.5768964605e-20,6.5768964605e-20,6.5768964605e-20,6.5768964605e-20,8.8045637886e-30,2.7470420149e-28,3.8129039462e-36,1.9987790308e-24,6.8401747322e-22,7.0183263454e-09,7.0183263454e-09,7.0183263454e-09,7.0183263454e-09,3.8110529789e-36,4.8797371766e-33,3.6230218809e-22,0.00015034136986,0.00015034136986,0.00015034136986,0.00015034136986,4.9045431656e-21,3.2032501274e-37,3.4076252296e-25,1.3152961801e-14,5.5645161228e-35,2.9174834787e-36,1.1303209879e-16,1.2389349259e-21,3.0433360289e-06,3.0433360289e-06,3.0433360289e-06,3.0433360289e-06,0.45888285408,0.45888285408,0.45888285408,0.45888285408,3.9497083964e-12,7.5266651865e-09,7.5266651865e-09,7.5266651865e-09,7.5266651865e-09,6.4013134652e-17,1.630269643e-05,1.630269643e-05,1.630269643e-05,1.630269643e-05
2050,3.2294305469e-06,3.2294305469e-06,3.2294305469e-06,3.2294305469e-06,7.9457621107e-27,2.0318658785e-22,6.2463010524e-20,6.2463010524e-20,6.2463010524e-20,6.2463010524e-20,7.715263265e-30,2.4409246147e-28,3.1313675739e-36,1.8361507712e-24,6.4073649196e-22,6.9951450156e-09,6.9951450156e-09,6.9951450156e-09,6.9951450156e-09,3.1298404765e-36,4.1408300739e-33,3.3869150548e-22,0.00015048351627,0.00015048351627,0.00015048351627,0.00015048351627,4.6224412693e-21,2.5999417836e-37,3.110741394e-25,1.2869266528e-14,4.6272868585e-35,2.3929810159e-36,1.0946429899e-16,1.1627140828e-21,3.0437380979e-06,3.0437380979e-06,3.0437380979e-06,3.0437380979e-06,0.45941322787,0.45941322787,0.45941322787,0.45941322787,3.9029202243e-12,7.5022984319e-09,7.5022984319e-09,7.5022984319e-09,7.5022984319e-09,6.1910261854e-17,1.6312282039e-05,1.6312282039e-05,1.6312282039e-05,1.6312282039e-05
2055,3.2299530735e-06,3.2299530735e-06,3.2299530735e-06,3.2299530735e-06,7.1574174561e-27,1.8967185434e-22,5.9334654059e-20,5.9334654059e-20,5.9334654059e-20,5.9334654059e-20,6.7619052995e-30,2.1693290281e-28,2.5718114099e-36,1.6871044731e-24,6.0031642249e-22,6.9723442313e-09,6.9723442313e-09,6.9723442313e-09,6.9723442313e-09,2.5705514508e-36,3.51425323e-33,3.1668434056e-22,0.00015062634106,0.00015062634106,0.00015062634106,0.00015062634106,4.3574360964e-21,2.1103376026e-37,2.8403083681e-25,1.2593349341e-14,3.8482529778e-35,1.9628892689e-36,1.0602607631e-16,1.0914036716e-21,3.0441818093e-06,3.0441818093e-06,3.0441818093e-06,3.0441818093e-06,0.45994421458,0.45994421458,0.45994421458,0.45994421458,3.857046187e-12,7.4783331118e-09,7.4783331118e-09,7.4783331118e-09,7.4783331118e-09,5.9886233237e-17,1.6322010148e-05,1.6322010148e-05,1.6322010148e-05,1.6322010148e-05
2060,3.2305186508e-06,3.2305186508e-06,3.2305186508e-06,3.2305186508e-06,6.4485732657e-27,1.7709231682e-22,5.6373787668e-20,5.6373787668e-20,5.6373787668e-20,5.6373787668e-20,5.9273797909e-30,1.9283166978e-28,2.1123752157e-36,1.5504775743e-24,5.625604923e-22,6.9499178144e-09,6.9499178144e-09,6.9499178144e-09,6.9499178144e-09,2.1113356117e-36,2.9828631207e-33,2.9616760498e-22,0.00015076983657,0.00015076983657,0.00015076983657,0.00015076983657,4.1084419701e-21,1.7129938e-37,2.5939188754e-25,1.2324962338e-14,3.2006557125e-35,1.6101933953e-36,1.0271220003e-16,1.0246738718e-21,3.0446666264e-06,3.0446666264e-06,3.0446666264e-06,3.0446666264e-06,0.4604758149,0.4604758149,0.4604758149,0.4604758149,3.8120645067e-12,7.4547627335e-09,7.4547627335e-09,7.4547627335e-09,7.4547627335e-09,5.7937778077e-17,1.6331878985e-05,1.6331878985e-05,1.6331878985e-05,1.6331878985e-05
2065,3.2311267266e-06,3.2311267266e-06,3.2311267266e-06,3.2311267266e-06,5.8110856255e-27,1.653808708e-22,5.3570909306e-20,5.3570909306e-20,5.3570909306e-20,5.3570909306e-20,5.1967481593e-30,1.7144035124e-28,1.7351214398e-36,1.4252093685e-24,5.2728596574e-22,6.9278597123e-09,6.9278597123e-09,6.9278597123e-09,6.9278597123e-09,1.7342636099e-36,2.5321427569e-33,2.7703646824e-22,0.00015091399529,0.00015091399529,0.00015091399529,0.00015091399529,3.8744451369e-21,1.3905134124e-37,2.3693892098e-25,1.2063866496e-14,2.6622721336e-35,1.3209487458e-36,9.9517669724e-17,9.6221787738e-22,3.0451920211e-06,3.0451920211e-06,3.0451920211e-06,3.0451920211e-06,0.46100802953,0.46100802953,0.46100802953,0.46100802953,3.7679540143e-12,7.4315809359e-09,7.4315809359e-09,7.4315809359e-09,7.4315809359e-09,5.6061773144e-17,1.6341886805e-05,1.6341886805e-05,1.6341886805e-05,1.6341886805e-05
2070,3.2317767575e-06,3.2317767575e-06,3.2317767575e-06,3.2317767575e-06,5.2376575839e-27,1.5447539111e-22,5.091708444e-20,5.091708444e-20,5.091708444e-20,5.091708444e-20,4.5569654915e-30,1.5245067916e-28,1.4253304051e-36,1.3103318817e-24,4.9432310835e-22,6.9061639954e-09,6.9061639954e-09,6.9061639954e-09,6.9061639954e-09,1.4246225307e-36,2.1497977321e-33,2.5919373483e-22,0.00015105880981,0.00015105880981,0.00015105880981,0.00015105880981,3.654498813e-21,1.1287820864e-37,2.164738066e-25,1.1809831324e-14,2.2146446679e-35,1.083726197e-36,9.6437704298e-17,9.0375023391e-22,3.045757474e-06,3.045757474e-06,3.045757474e-06,3.045757474e-06,0.46154085917,0.46154085917,0.46154085917,0.46154085917,3.7246941299e-12,7.4087814868e-09,7.4087814868e-09,7.4087814868e-09,7.4087814868e-09,5.4255235553e-17,1.635203189e-05,1.635203189e-05,1.635203189e-05,1.635203189e-05
2075,3.2324682092e-06,3.2324682092e-06,3.2324682092e-06,3.2324682092e-06,4.7217497723e-27,1.4431835064e-22,4.8403910544e-20,4.8403910544e-20,4.8403910544e-20,4.8403910544e-20,3.9966385237e-30,1.3558985217e-28,1.1709222973e-36,1.2049615832e-24,4.6351422991e-22,6.8848248538e-09,6.8848248538e-09,6.8848248538e-09,6.8848248538e-09,1.1703381357e-36,1.8254146335e-33,2.4254926987e-22,0.00015120427287,0.00015120427287,0.00015120427287,0.00015120427287,3.4477185855e-21,9.1634827722e-38,1.9781674123e-25,1.1562634524e-14,1.8424417673e-35,8.8915781222e-37,9.3467731651e-17,8.4900529887e-22,3.0463624741e-06,3.0463624741e-06,3.0463624741e-06,3.0463624741e-06,0.46207430454,0.46207430454,0.46207430454,0.46207430454,3.6822648447e-12,7.3863582792e-09,7.3863582792e-09,7.3863582792e-09,7.3863582792e-09,5.2515315995e-17,1.6362312552e-05,1.6362312552e-05,1.6362312552e-05,1.6362312552e-05
2080,3.2332005556e-06,3.2332005556e-06,3.2332005556e-06,3.2332005556e-06,4.2575005918e-27,1.3485646928e-22,4.602348391e-20,4.602348391e-20,4.602348391e-20,4.602348391e-20,3.5058148042e-30,1.2061640987e-28,9.6198311258e-37,1.1082918536e-24,4.3471280031e-22,6.8638365946e-09,6.8638365946e-09,6.8638365946e-09,6.8638365946e-09,9.6150101868e-37,1.5501721512e-33,2.2701946928e-22,0.00015135037733,0.00015135037733,0.00015135037733,0.00015135037733,3.2532781397e-21,7.4392055232e-38,1.8080452039e-25,1.1322061676e-14,1.5329273599e-35,7.2956466322e-37,9.0603378828e-17,7.9773581715e-22,3.0470065185e-06,3.0470065185e-06,3.0470065185e-06,3.0470065185e-06,0.46260836633,0.46260836633,0.46260836633,0.46260836633,3.6406467025e-12,7.3643053287e-09,7.3643053287e-09,7.3643053287e-09,7.3643053287e-09,5.0839292304e-17,1.637272713e-05,1.637272713e-05,1.637272713e-05,1.637272713e-05
2085,3.2339732794e-06,3.2339732794e-06,3.2339732794e-06,3.2339732794e-06,3.8396549284e-27,1.260403903e-22,4.3768368628e-20,4.3768368628e-20,4.3768368628e-20,4.3768368628e-20,3.0757989867e-30,1.0731659219e-28,7.9037584307e-37,1.0195861385e-24,4.0778263234e-22,6.8431936389e-09,6.8431936389e-09,6.8431936389e-09,6.8431936389e-09,7.8997796307e-37,1.3165967255e-33,2.1252677094e-22,0.00015149711617,0.00015149711617,0.00015149711617,0.00015149711617,3.0704052908e-21,6.0395985835e-38,1.6528897583e-25,1.1087905926e-14,1.2755205342e-35,5.9865193532e-37,8.7840462673e-17,7.4971160225e-22,3.0476891126e-06,3.0476891126e-06,3.0476891126e-06,3.0476891126e-06,0.46314304525,0.46314304525,0.46314304525,0.46314304525,3.5998207827e-12,7.3426167706e-09,7.3426167706e-09,7.3426167706e-09,7.3426167706e-09,4.9224563361e-17,1.6383273986e-05,1.6383273986e-05,1.6383273986e-05,1.6383273986e-05
2090,3.2347858714e-06,3.2347858714e-06,3.2347858714e-06,3.2347858714e-06,3.4635004727e-27,1.1782438228e-22,4.1631567572e-20,4.1631567572e-20,4.1631567572e-20,4.1631567572e-20,2.6989927355e-30,9.5501126213e-29,6.4942155359e-37,9.381717255e-25,3.8259712628e-22,6.8228905193e-09,6.8228905193e-09,6.8228905193e-09,6.8228905193e-09,6.4909316019e-37,1.11835584e-33,1.989992035e-22,0.0001516444825,0.0001516444825,0.0001516444825,0.0001516444825,2.8983782959e-21,4.9034880093e-38,1.5113556289e-25,1.0859967691e-14,1.0614300794e-35,4.9125913865e-37,8.5174980956e-17,7.047183153e-22,3.0484097696e-06,3.0484097696e-06,3.0484097696e-06,3.0484097696e-06,0.463678342,0.463678342,0.463678342,0.463678342,3.5597686836e-12,7.3212868569e-09,7.3212868569e-09,7.3212868569e-09,7.3212868569e-09,4.7668643307e-17,1.6393951513e-05,1.6393951513e-05,1.6393951513e-05,1.6393951513e-05
2095,3.2356378306e-06,3.2356378306e-06,3.2356378306e-06,3.2356378306e-06,3.1248108217e-27,1.1016606422e-22,3.9606495262e-20,3.9606495262e-20,3.9606495262e-20,3.9606495262e-20,2.3687551835e-30,8.5002389829e-29,5.3363777073e-37,8.6343408479e-25,3.5903857142e-22,6.8029218774e-09,6.8029218774e-09,6.8029218774e-09,6.8029218774e-09,5.3336671499e-37,9.5008313803e-34,1.8636997004e-22,0.00015179246954,0.00015179246954,0.00015179246954,0.00015179246954,2.7365224269e-21,3.981233813e-38,1.3822208307e-25,1.0638054384e-14,8.8335112756e-36,4.0315545313e-37,8.2603103933e-17,6.6255633434e-22,3.0491680105e-06,3.0491680105e-06,3.0491680105e-06,3.0491680105e-06,0.46421425729,0.46421425729,0.46421425729,0.46421425729,3.520472506e-12,7.3003099537e-09,7.3003099537e-09,7.3003099537e-09,7.3003099537e-09,4.6169156051e-17,1.6404758127e-05,1.6404758127e-05,1.6404758127e-05,1.6404758127e-05
2100,3.236528664e-06,3.236528664e-06,3.236528664e-06,3.236528664e-06,2.8197946299e-27,1.0302615223e-22,3.7686952483e-20,3.7686952483e-20,3.7686952483e-20,3.7686952483e-20,2.0792812844e-30,7.5671907424e-29,4.385238712e-37,7.9481172311e-25,3.3699750011e-22,6.7832824609e-09,6.7832824609e-09,6.7832824609e-09,6.7832824609e-09,4.3830013067e-37,8.0723044628e-34,1.7457706359e-22,0.00015194107065,0.00015194107065,0.00015194107065,0.00015194107065,2.584206785e-21,3.2325538699e-38,1.2643752862e-25,1.0421980134e-14,7.3521332424e-36,3.3087204233e-37,8.0121166336e-17,6.2303970697e-22,3.049963364e-06,3.049963364e-06,3.049963364e-06,3.049963364e-06,0.46475079184,0.46475079184,0.46475079184,0.46475079184,3.481914838e-12,7.2796805383e-09,7.2796805383e-09,7.2796805383e-09,7.2796805383e-09,4.4723830059e-17,1.641569227e-05,1.641569227e-05,1.641569227e-05,1.641569227e-05
2105,3.2374578864e-06,3.2374578864e-06,3.2374578864e-06,3.2374578864e-06,2.5450501588e-27,9.6368225891e-23,3.5867102537e-20,3.5867102537e-20,3.5867102537e-20,3.5867102537e-20,1.8254957454e-30,6.7378138431e-29,3.603850154e-37,7.3179150223e-25,3.1637209035e-22,6.7639671211e-09,6.7639671211e-09,6.7639671211e-09,6.7639671211e-09,3.6020032146e-37,6.8594254789e-34,1.635629122e-22,0.00015209027927,0.00015209027927,0.00015209027927,0.00015209027927,2.4408413386e-21,2.6247586561e-38,1.1568103743e-25,1.0211565536e-14,6.1197175562e-36,2.7156465003e-37,7.7725659753e-17,5.859951801e-22,3.0507953661e-06,3.0507953661e-06,3.0507953661e-06,3.0507953661e-06,0.46528794635,0.46528794635,0.46528794635,0.46528794635,3.4440787396e-12,7.2593931969e-09,7.2593931969e-09,7.2593931969e-09,7.2593931969e-09,4.33304934e-17,1.6426752408e-05,1.6426752408e-05,1.6426752408e-05,1.6426752408e-05
2110,3.2384250203e-06,3.2384250203e-06,3.2384250203e-06,3.2384250203e-06,2.2975246426e-27,9.0158512787e-23,3.4141449014e-20,3.4141449014e-20,3.4141449014e-20,3.4141449014e-20,1.6029605288e-30,6.0004524075e-29,2.9618769406e-37,6.7390437971e-25,2.9706761299e-22,6.744970811e-09,6.744970811e-09,6.744970811e-09,6.744970811e-09,2.9603522472e-37,5.8295119607e-34,1.5327405102e-22,0.000152240089,0.000152240089,0.000152240089,0.000152240089,2.305874169e-21,2.1313192051e-38,1.0586094718e-25,1.00066374e-14,5.0943335825e-36,2.2290100405e-37,7.5413225392e-17,5.5126130089e-22,3.0516635605e-06,3.0516635605e-06,3.0516635605e-06,3.0516635605e-06,0.46582572153,0.46582572153,0.46582572153,0.46582572153,3.4069477283e-12,7.2394426219e-09,7.2394426219e-09,7.2394426219e-09,7.2394426219e-09,4.1987069055e-17,1.6437937033e-05,1.6437937033e-05,1.6437937033e-05,1.6437937033e-05
2115,3.2394295958e-06,3.2394295958e-06,3.2394295958e-06,3.2394295958e-06,2.0744779525e-27,8.4365689734e-23,3.2504814991e-20,3.2504814991e-20,3.2504814991e-20,3.2504814991e-20,1.4077941744e-30,5.3447761865e-29,2.4344120476e-37,6.2072153299e-25,2.7899592024e-22,6.7262885823e-09,6.7262885823e-09,6.7262885823e-09,6.7262885823e-09,2.4331533126e-37,4.9548540006e-34,1.4366081953e-22,0.0001523904935,0.0001523904935,0.0001523904935,0.0001523904935,2.1787889089e-21,1.7307053403e-38,9.6893939582e-26,9.8070285112e-15,4.2411277654e-36,1.8296854307e-37,7.3180647194e-17,5.1868758348e-22,3.0525674979e-06,3.0525674979e-06,3.0525674979e-06,3.0525674979e-06,0.46636411809,0.46636411809,0.46636411809,0.46636411809,3.3705057653e-12,7.2198236094e-09,7.2198236094e-09,7.2198236094e-09,7.2198236094e-09,4.0691570444e-17,1.6449244659e-05,1.6449244659e-05,1.6449244659e-05,1.6449244659e-05
2120,3.2404711504e-06,3.2404711504e-06,3.2404711504e-06,3.2404711504e-06,1.8734501001e-27,7.8960699384e-23,3.0952323558e-20,3.0952323558e-20,3.0952323558e-20,3.0952323558e-20,1.2366014179e-30,4.7616280994e-29,2.0010039755e-37,5.7185083153e-25,2.6207497232e-22,6.7079155835e-09,6.7079155835e-09,6.7079155835e-09,6.7079155835e-09,1.9999647542e-37,4.2119547569e-34,1.3467708165e-22,0.00015254148657,0.00015254148657,0.00015254148657,0.00015254148657,2.0591023591e-21,1.4054431414e-38,8.8704265528e-26,9.612577406e-15,3.5311266216e-36,1.5019879386e-37,7.1024845289e-17,4.8813373657e-22,3.0535067361e-06,3.0535067361e-06,3.0535067361e-06,3.0535067361e-06,0.46690313675,0.46690313675,0.46690313675,0.46690313675,3.3347372416e-12,7.2005310569e-09,7.2005310569e-09,7.2005310569e-09,7.2005310569e-09,3.9442097196e-17,1.6460673826e-05,1.6460673826e-05,1.6460673826e-05,1.6460673826e-05
2125,3.2415492288e-06,3.2415492288e-06,3.2415492288e-06,3.2415492288e-06,1.6922321664e-27,7.3916580987e-23,2.9479379582e-20,2.9479379582e-20,2.9479379582e-20,2.9479379582e-20,1.0864117825e-30,4.2428895e-29,1.6448586824e-37,5.2693362521e-25,2.4622839918e-22,6.6898470574e-09,6.6898470574e-09,6.6898470574e-09,6.6898470574e-09,1.6440006498e-37,3.5808874084e-34,1.2627996716e-22,0.00015269306212,0.00015269306212,0.00015269306212,0.00015269306212,1.9463622712e-21,1.1413502444e-38,8.1223043721e-26,9.423128152e-15,2.940242621e-36,1.233053907e-37,6.8942869773e-17,4.5946894731e-22,3.0544808399e-06,3.0544808399e-06,3.0544808399e-06,3.0544808399e-06,0.46744277821,0.46744277821,0.46744277821,0.46744277821,3.299626965e-12,7.1815599609e-09,7.1815599609e-09,7.1815599609e-09,7.1815599609e-09,3.8236831117e-17,1.6472223094e-05,1.6472223094e-05,1.6472223094e-05,1.6472223094e-05
2130,3.2426633831e-06,3.2426633831e-06,3.2426633831e-06,3.2426633831e-06,1.5288402923e-27,6.9208314162e-23,2.8081652626e-20,2.8081652626e-20,2.8081652626e-20,2.8081652626e-20,9.5462598956e-31,3.7813610868e-29,1.3521846496e-37,4.8564181988e-25,2.3138509481e-22,6.6720783393e-09,6.6720783393e-09,6.6720783393e-09,6.6720783393e-09,1.3514761796e-37,3.0447506337e-34,1.1842963269e-22,0.00015284521416,0.00015284521416,0.00015284521416,0.00015284521416,1.8401452838e-21,9.2691540157e-39,7.4387625473e-26,9.2385301389e-15,2.4484484934e-36,1.0123327301e-37,6.6931894789e-17,4.3257121716e-22,3.0554893812e-06,3.0554893812e-06,3.0554893812e-06,3.0554893812e-06,0.4679830432,0.4679830432,0.4679830432,0.4679830432,3.2651601475e-12,7.1629054146e-09,7.1629054146e-09,7.1629054146e-09,7.1629054146e-09,3.7074032364e-17,1.6483891049e-05,1.6483891049e-05,1.6483891049e-05,1.6483891049e-05
2135,3.2438131721e-06,3.2438131721e-06,3.2438131721e-06,3.2438131721e-06,1.3814924019e-27,6.4812674684e-23,2.6755060958e-20,2.6755060958e-20,2.6755060958e-20,2.6755060958e-20,8.3896918565e-31,3.3706576199e-29,1.1116553778e-37,4.4767521404e-25,2.1747884141e-22,6.6546048544e-09,6.6546048544e-09,6.6546048544e-09,6.6546048544e-09,1.1110703707e-37,2.5892074639e-34,1.1108904073e-22,0.00015299793681,0.00015299793681,0.00015299793681,0.00015299793681,1.7400550022e-21,7.5279506763e-39,6.8141019399e-26,9.0586378784e-15,2.039091367e-36,8.3117042701e-38,6.4989212894e-17,4.0732674588e-22,3.0565319381e-06,3.0565319381e-06,3.0565319381e-06,3.0565319381e-06,0.46852393244,0.46852393244,0.46852393244,0.46852393244,3.2313223932e-12,7.1445626057e-09,7.1445626057e-09,7.1445626057e-09,7.1445626057e-09,3.5952035808e-17,1.6495676297e-05,1.6495676297e-05,1.6495676297e-05,1.6495676297e-05
2140,3.2449981618e-06,3.2449981618e-06,3.2449981618e-06,3.2449981618e-06,1.2485873691e-27,6.0708101297e-23,2.5495756562e-20,2.5495756562e-20,2.5495756562e-20,2.5495756562e-20,7.3745011081e-31,3.0051148288e-29,9.139682301e-38,4.1275907268e-25,2.0444796144e-22,6.6374221162e-09,6.6374221162e-09,6.6374221162e-09,6.6374221162e-09,9.1348514593e-38,2.2020946933e-34,1.0422375533e-22,0.00015315122427,0.00015315122427,0.00015315122427,0.00015315122427,1.6457202095e-21,6.1140492563e-39,6.2431370236e-26,8.8833108115e-15,1.6983230064e-36,6.8246827781e-38,6.3112229699e-17,3.8362936012e-22,3.0576080958e-06,3.0576080958e-06,3.0576080958e-06,3.0576080958e-06,0.46906544662,0.46906544662,0.46906544662,0.46906544662,3.1980996863e-12,7.1265268144e-09,7.1265268144e-09,7.1265268144e-09,7.1265268144e-09,3.486924758e-17,1.6507577467e-05,1.6507577467e-05,1.6507577467e-05,1.6507577467e-05
2145,3.2462179248e-06,3.2462179248e-06,3.2462179248e-06,3.2462179248e-06,1.1286863656e-27,5.6874572723e-23,2.4300111091e-20,2.4300111091e-20,2.4300111091e-20,2.4300111091e-20,6.4832544853e-31,2.6797070822e-29,7.5148232987e-38,3.8064191684e-25,1.9223499507e-22,6.6205257241e-09,6.6205257241e-09,6.6205257241e-09,6.6205257241e-09,7.5108339086e-38,1.8730920122e-34,9.7801753051e-23,0.00015330507086,0.00015330507086,0.00015330507086,0.00015330507086,1.5567932017e-21,4.965884348e-39,5.7211486606e-26,8.7124131237e-15,1.4146264587e-36,5.6040297489e-38,6.1298458773e-17,3.6137998311e-22,3.0587174456e-06,3.0587174456e-06,3.0587174456e-06,3.0587174456e-06,0.46960758648,0.46960758648,0.46960758648,0.46960758648,3.1654783797e-12,7.1087934109e-09,7.1087934109e-09,7.1087934109e-09,7.1087934109e-09,3.3824141785e-17,1.651959321e-05,1.651959321e-05,1.651959321e-05,1.651959321e-05
2150,3.2474720403e-06,3.2474720403e-06,3.2474720403e-06,3.2474720403e-06,1.0204961604e-27,5.3293494033e-23,2.3164702711e-20,2.3164702711e-20,2.3164702711e-20,2.3164702711e-20,5.7006869374e-31,2.3899745638e-29,6.1792132878e-38,3.5109350926e-25,1.8078640151e-22,6.6039113618e-09,6.6039113618e-09,6.6039113618e-09,6.6039113618e-09,6.1759186154e-38,1.5934416945e-34,9.1793248229e-23,0.000153459471,0.000153459471,0.000153459471,0.000153459471,1.472948237e-21,4.0334786801e-39,5.2438413034e-26,8.5458135688e-15,1.1784227585e-36,4.6019719104e-38,5.9545516788e-17,3.4048614262e-22,3.0598595855e-06,3.0598595855e-06,3.0598595855e-06,3.0598595855e-06,0.47015035274,0.47015035274,0.47015035274,0.47015035274,3.133445184e-12,7.0913578539e-09,7.0913578539e-09,7.0913578539e-09,7.0913578539e-09,3.2815257376e-17,1.6531722197e-05,1.6531722197e-05,1.6531722197e-05,1.6531722197e-05
2155,3.2487600942e-06,3.2487600942e-06,3.2487600942e-06,3.2487600942e-06,9.2285416276e-28,4.9947591675e-23,2.2086303759e-20,2.2086303759e-20,2.2086303759e-20,2.2086303759e-20,5.0134296202e-31,2.1319588444e-29,5.0812940829e-38,3.2390301833e-25,1.70052282e-22,6.5875747949e-09,6.5875747949e-09,6.5875747949e-09,6.5875747949e-09,5.078573011e-38,1.3557110869e-34,8.6170531176e-23,0.00015361441921,0.00015361441921,0.00015361441921,0.00015361441921,1.3938800906e-21,3.2762604954e-39,4.8073042005e-26,8.3833852985e-15,9.8174412327e-37,3.7793147016e-38,5.7851118899e-17,3.208615141e-22,3.0610341195e-06,3.0610341195e-06,3.0610341195e-06,3.0610341195e-06,0.4706937461,0.4706937461,0.4706937461,0.4706937461,3.1019871568e-12,7.074215688e-09,7.074215688e-09,7.074215688e-09,7.074215688e-09,3.1841195183e-17,1.654396312e-05,1.654396312e-05,1.654396312e-05,1.654396312e-05
2160,3.2500816787e-06,3.2500816787e-06,3.2500816787e-06,3.2500816787e-06,8.3471502389e-28,4.682081645e-23,2.1061869178e-20,2.1061869178e-20,2.1061869178e-20,2.1061869178e-20,4.4097723692e-31,1.9021458709e-29,4.1787096848e-38,2.9887734428e-25,1.5998612318e-22,6.5715118696e-09,6.5715118696e-09,6.5715118696e-09,6.5715118696e-09,4.1764622357e-38,1.1535913381e-34,8.0907818523e-23,0.00015376991008,0.00015376991008,0.00015376991008,0.00015376991008,1.319302709e-21,2.6612922976e-39,4.4079762241e-26,8.2250056993e-15,8.179623749e-37,3.1038998895e-38,5.6213074348e-17,3.0242549661e-22,3.0622406579e-06,3.0622406579e-06,3.0622406579e-06,3.0622406579e-06,0.4712377673,0.4712377673,0.4712377673,0.4712377673,3.0710916927e-12,7.0573625424e-09,7.0573625424e-09,7.0573625424e-09,7.0573625424e-09,3.0900615092e-17,1.6556314694e-05,1.6556314694e-05,1.6556314694e-05,1.6556314694e-05
2165,3.2514363925e-06,3.2514363925e-06,3.2514363925e-06,3.2514363925e-06,7.5513863351e-28,4.3898253849e-23,2.008852567e-20,2.008852567e-20,2.008852567e-20,2.008852567e-20,3.8794561718e-31,1.6974155104e-29,3.4366617191e-38,2.7583959295e-25,1.5054455909e-22,6.5557185106e-09,6.5557185106e-09,6.5557185106e-09,6.5557185106e-09,3.434805361e-38,9.8172681917e-35,7.5981114678e-23,0.00015392593832,0.00015392593832,0.00015392593832,0.00015392593832,1.2489479559e-21,2.1618333822e-39,4.0426139752e-26,8.0705562369e-15,6.8156323535e-37,2.5493408336e-38,5.4629282273e-17,2.8510281897e-22,3.0634788169e-06,3.0634788169e-06,3.0634788169e-06,3.0634788169e-06,0.47178241705,0.47178241705,0.47178241705,0.47178241705,3.0407465128e-12,7.0407941285e-09,7.0407941285e-09,7.0407941285e-09,7.0407941285e-09,2.9992233353e-17,1.656877565e-05,1.656877565e-05,1.656877565e-05,1.656877565e-05
2170,3.2528238402e-06,3.2528238402e-06,3.2528238402e-06,3.2528238402e-06,6.8327936307e-28,4.1166041145e-23,1.9163561519e-20,1.9163561519e-20,1.9163561519e-20,1.9163561519e-20,3.413491819e-31,1.5149968868e-29,2.8265591632e-38,2.5462768384e-25,1.4168715043e-22,6.5401907193e-09,6.5401907193e-09,6.5401907193e-09,6.5401907193e-09,2.8250257621e-38,8.3557053461e-35,7.1368083567e-23,0.00015408249873,0.00015408249873,0.00015408249873,0.00015408249873,1.1825644423e-21,1.756173211e-39,3.7082628549e-26,7.9199223055e-15,5.6795873052e-37,2.0939853574e-38,5.3097727721e-17,2.68823174e-22,3.0647482187e-06,3.0647482187e-06,3.0647482187e-06,3.0647482187e-06,0.47232769608,0.47232769608,0.47232769608,0.47232769608,3.0109396552e-12,7.0245062382e-09,7.0245062382e-09,7.0245062382e-09,7.0245062382e-09,2.9114820025e-17,1.6581344743e-05,1.6581344743e-05,1.6581344743e-05,1.6581344743e-05
2175,3.2542436327e-06,3.2542436327e-06,3.2542436327e-06,3.2542436327e-06,6.1837642483e-28,3.8611290745e-23,1.8284417054e-20,1.8284417054e-20,1.8284417054e-20,1.8284417054e-20,3.0040014077e-31,1.3524288379e-29,2.3249096314e-38,2.3509308037e-25,1.3337617992e-22,6.5249245723e-09,6.5249245723e-09,6.5249245723e-09,6.5249245723e-09,2.3236429369e-38,7.1126155139e-35,6.7047929876e-23,0.0001542395862,0.0001542395862,0.0001542395862,0.0001542395862,1.1199164372e-21,1.4266845644e-39,3.4022308219e-26,7.7729930839e-15,4.7333125506e-37,1.7200652152e-38,5.1616477849e-17,2.5352087868e-22,3.0660484913e-06,3.0660484913e-06,3.0660484913e-06,3.0660484913e-06,0.47287360511,0.47287360511,0.47287360511,0.47287360511,2.9816594662e-12,7.0084947421e-09,7.0084947421e-09,7.0084947421e-09,7.0084947421e-09,2.8267196542e-17,1.6594020744e-05,1.6594020744e-05,1.6594020744e-05,1.6594020744e-05
2180,3.2556953868e-06,3.2556953868e-06,3.2556953868e-06,3.2556953868e-06,5.5974522922e-28,3.6222019292e-23,1.7448675686e-20,1.7448675686e-20,1.7448675686e-20,1.7448675686e-20,2.6440797903e-31,1.2075248993e-29,1.9124089484e-38,2.1709963146e-25,1.2557646233e-22,6.5099162194e-09,6.5099162194e-09,6.5099162194e-09,6.5099162194e-09,1.9113625186e-38,6.0552107836e-35,6.3001289067e-23,0.00015439719568,0.00015439719568,0.00015439719568,0.00015439719568,1.0607828512e-21,1.1590550402e-39,3.1220645805e-26,7.6296613971e-15,3.9450394323e-37,1.4129985418e-38,5.0183678305e-17,2.3913455849e-22,3.0673792684e-06,3.0673792684e-06,3.0673792684e-06,3.0673792684e-06,0.47342014486,0.47342014486,0.47342014486,0.47342014486,2.9528945906e-12,6.9927555881e-09,6.9927555881e-09,6.9927555881e-09,6.9927555881e-09,2.7448233398e-17,1.6606802446e-05,1.6606802446e-05,1.6606802446e-05,1.6606802446e-05
2185,3.2571787252e-06,3.2571787252e-06,3.2571787252e-06,3.2571787252e-06,5.067696357e-28,3.3987082085e-23,1.6654055514e-20,1.6654055514e-20,1.6654055514e-20,1.6654055514e-20,2.3276734415e-31,1.0783422922e-29,1.5731935029e-38,2.0052251433e-25,1.1825516834e-22,6.4951618823e-09,6.4951618823e-09,6.4951618823e-09,6.4951618823e-09,1.572328992e-38,5.1556434825e-35,5.9210125499e-23,0.00015455532225,0.00015455532225,0.00015455532225,0.00015455532225,1.0049562886e-21,9.4166328454e-40,2.8655279713e-26,7.489823584e-15,3.2883289855e-37,1.1608177358e-38,4.8797549778e-17,2.2560685394e-22,3.0687401894e-06,3.0687401894e-06,3.0687401894e-06,3.0687401894e-06,0.47396731606,0.47396731606,0.47396731606,0.47396731606,2.9246339631e-12,6.9772847991e-09,6.9772847991e-09,6.9772847991e-09,6.9772847991e-09,2.6656847944e-17,1.6619688659e-05,1.6619688659e-05,1.6619688659e-05,1.6619688659e-05
2190,3.2586932763e-06,3.2586932763e-06,3.2586932763e-06,3.2586932763e-06,4.5889500338e-28,3.1896112411e-23,1.5898401432e-20,1.5898401432e-20,1.5898401432e-20,1.5898401432e-20,2.0494745343e-31,9.6315445027e-30,1.2942262381e-38,1.8524726964e-25,1.1138166096e-22,6.4806578528e-09,6.4806578528e-09,6.4806578528e-09,6.4806578528e-09,1.2935119836e-38,4.3902588966e-35,5.5657638035e-23,0.00015471396106,0.00015471396106,0.00015471396106,0.00015471396106,9.5224216349e-22,7.6507267895e-40,2.6305823555e-26,7.3533793691e-15,2.7411758872e-37,9.5370019222e-39,4.7456384711e-17,2.1288414789e-22,3.0701308992e-06,3.0701308992e-06,3.0701308992e-06,3.0701308992e-06,0.47451511944,0.47451511944,0.47451511944,0.47451511944,2.8968668002e-12,6.9620784716e-09,6.9620784716e-09,6.9620784716e-09,6.9620784716e-09,2.589200229e-17,1.6632678212e-05,1.6632678212e-05,1.6632678212e-05,1.6632678212e-05
2195,3.2602386744e-06,3.2602386744e-06,3.2602386744e-06,3.2602386744e-06,4.1562195765e-28,2.9939465397e-23,1.5179677728e-20,1.5179677728e-20,1.5179677728e-20,1.5179677728e-20,1.8048283011e-31,8.6042668014e-30,1.0647923626e-38,1.7116892061e-25,1.0492734377e-22,6.4664004914e-09,6.4664004914e-09,6.4664004914e-09,6.4664004914e-09,1.0642022192e-38,3.7389614663e-35,5.2328172579e-23,0.00015487310733,0.00015487310733,0.00015487310733,0.00015487310733,9.0245787514e-22,6.2162035196e-40,2.4153688072e-26,7.2202317407e-15,2.2852633723e-37,7.8358337386e-39,4.6158544174e-17,2.00916312e-22,3.0715510481e-06,3.0715510481e-06,3.0715510481e-06,3.0715510481e-06,0.47506355572,0.47506355572,0.47506355572,0.47506355572,2.8695825919e-12,6.9471327742e-09,6.9471327742e-09,6.9471327742e-09,6.9471327742e-09,2.5152701302e-17,1.6645769953e-05,1.6645769953e-05,1.6645769953e-05,1.6645769953e-05
2200,3.2618145592e-06,3.2618145592e-06,3.2618145592e-06,3.2618145592e-06,3.7650079806e-28,2.8108166039e-23,1.449596113e-20,1.449596113e-20,1.449596113e-20,1.449596113e-20,1.589651998e-31,7.6879459148e-30,8.7608514941e-39,1.5819116876e-25,9.8865519971e-23,6.4523862256e-09,6.4523862256e-09,6.4523862256e-09,6.4523862256e-09,8.7559752613e-39,3.184677161e-35,4.9207141008e-23,0.00015503275638,0.00015503275638,0.00015503275638,0.00015503275638,8.554320381e-22,5.0508355633e-40,2.218191942e-26,7.0902868329e-15,1.9053436304e-37,6.4384904395e-39,4.4902454873e-17,1.8965647098e-22,3.0730002916e-06,3.0730002916e-06,3.0730002916e-06,3.0730002916e-06,0.47561262563,0.47561262563,0.47561262563,0.47561262563,2.8427710935e-12,6.9324439461e-09,6.9324439461e-09,6.9324439461e-09,6.9324439461e-09,2.443799071e-17,1.6658962747e-05,1.6658962747e-05,1.6658962747e-05,1.6658962747e-05
2205,3.2634205758e-06,3.2634205758e-06,3.2634205758e-06,3.2634205758e-06,3.411264805e-28,2.6393861104e-23,1.3845434283e-20,1.3845434283e-20,1.3845434283e-20,1.3845434283e-20,1.4003640099e-31,6.8704497976e-30,7.2086570758e-39,1.462256593e-25,9.3171261567e-23,6.4386115486e-09,6.4386115486e-09,6.4386115486e-09,6.4386115486e-09,7.2046277403e-39,2.7128973794e-35,4.6280946021e-23,0.00015519290361,0.00015519290361,0.00015519290361,0.00015519290361,8.1100376425e-22,4.1040883883e-40,2.0375052305e-26,6.9634538127e-15,1.5887225039e-37,5.2906421938e-39,4.3686606306e-17,1.7906078333e-22,3.0744782907e-06,3.0744782907e-06,3.0744782907e-06,3.0744782907e-06,0.4761623299,0.4761623299,0.4761623299,0.4761623299,2.8164223183e-12,6.918008295e-09,6.918008295e-09,6.918008295e-09,6.918008295e-09,2.3746955284e-17,1.6672255476e-05,1.6672255476e-05,1.6672255476e-05,1.6672255476e-05
2210,3.2650563748e-06,3.2650563748e-06,3.2650563748e-06,3.2650563748e-06,3.0913411379e-28,2.4788774579e-23,1.3226379611e-20,1.3226379611e-20,1.3226379611e-20,1.3226379611e-20,1.2338218148e-31,6.1409887912e-30,5.9318350024e-39,1.3519131026e-25,8.7821287795e-23,6.4250730177e-09,6.4250730177e-09,6.4250730177e-09,6.4250730177e-09,5.9285053061e-39,2.3112919667e-35,4.3536911459e-23,0.0001553535445,0.0001553535445,0.0001553535445,0.0001553535445,7.6902199223e-22,3.3349217623e-40,1.871897656e-26,6.8396447711e-15,1.3248308941e-37,4.3476864304e-39,4.2509548047e-17,1.6908823739e-22,3.0759847114e-06,3.0759847114e-06,3.0759847114e-06,3.0759847114e-06,0.47671266926,0.47671266926,0.47671266926,0.47671266926,2.7905265301e-12,6.9038221962e-09,6.9038221962e-09,6.9038221962e-09,6.9038221962e-09,2.3078717119e-17,1.6685647041e-05,1.6685647041e-05,1.6685647041e-05,1.6685647041e-05
2215,3.2667216121e-06,3.2667216121e-06,3.2667216121e-06,3.2667216121e-06,2.8019491731e-28,2.3285666426e-23,1.2637173561e-20,1.2637173561e-20,1.2637173561e-20,1.2637173561e-20,1.0872676918e-31,5.4899653635e-30,4.8814674732e-39,1.2501369939e-25,8.2793852243e-23,6.4117672533e-09,6.4117672533e-09,6.4117672533e-09,6.4117672533e-09,4.8787157925e-39,1.9693808344e-35,4.0963217693e-23,0.00015551467459,0.00015551467459,0.00015551467459,0.00015551467459,7.2934486157e-22,2.710004801e-40,1.7200815924e-26,6.7187746195e-15,1.1048682545e-37,3.5730041127e-39,4.1369887161e-17,1.5970046162e-22,3.0775192247e-06,3.0775192247e-06,3.0775192247e-06,3.0775192247e-06,0.47726364444,0.47726364444,0.47726364444,0.47726364444,2.7650742359e-12,6.8898820911e-09,6.8898820911e-09,6.8898820911e-09,6.8898820911e-09,2.2432433984e-17,1.6699136359e-05,1.6699136359e-05,1.6699136359e-05,1.6699136359e-05
2220,3.2684159488e-06,3.2684159488e-06,3.2684159488e-06,3.2684159488e-06,2.5401259161e-28,2.187779437e-23,1.2076281191e-20,1.2076281191e-20,1.2076281191e-20,1.2076281191e-20,9.5828119856e-32,4.9088408586e-30,4.0173379829e-39,1.1562450412e-25,7.8068637957e-23,6.3986909369e-09,6.3986909369e-09,6.3986909369e-09,6.3986909369e-09,4.0150638614e-39,1.6782552732e-35,3.8548841684e-23,0.00015567628954,0.00015567628954,0.00015567628954,0.00015567628954,6.9183912814e-22,2.2022668147e-40,1.5808817883e-26,6.6007609885e-15,9.21506019e-38,2.9365289808e-39,4.0266285733e-17,1.5086154796e-22,3.0790815068e-06,3.0790815068e-06,3.0790815068e-06,3.0790815068e-06,0.47781525617,0.47781525617,0.47781525617,0.47781525617,2.740056179e-12,6.8761844852e-09,6.8761844852e-09,6.8761844852e-09,6.8761844852e-09,2.1807297755e-17,1.6712722364e-05,1.6712722364e-05,1.6712722364e-05,1.6712722364e-05
2225,3.2701390512e-06,3.2701390512e-06,3.2701390512e-06,3.2701390512e-06,2.3032005939e-28,2.0558878504e-23,1.154225108e-20,1.154225108e-20,1.154225108e-20,1.154225108e-20,8.4473756717e-32,4.3900173099e-30,3.3063815447e-39,1.069609895e-25,7.3626659964e-23,6.3858408103e-09,6.3858408103e-09,6.3858408103e-09,6.3858408103e-09,3.3045020049e-39,1.4303414103e-35,3.6283501382e-23,0.00015583838504,0.00015583838504,0.00015583838504,0.00015583838504,6.5637961829e-22,1.7897207378e-40,1.4532253537e-26,6.4855241322e-15,7.6864087046e-38,2.4135735204e-39,3.919745851e-17,1.4253788757e-22,3.0806712385e-06,3.0806712385e-06,3.0806712385e-06,3.0806712385e-06,0.47836750518,0.47836750518,0.47836750518,0.47836750518,2.7154633326e-12,6.8627259473e-09,6.8627259473e-09,6.8627259473e-09,6.8627259473e-09,2.1202532926e-17,1.6726404007e-05,1.6726404007e-05,1.6726404007e-05,1.6726404007e-05
2230,3.2718905903e-06,3.2718905903e-06,3.2718905903e-06,3.2718905903e-06,2.0887653835e-28,1.9323068488e-23,1.1033710553e-20,1.1033710553e-20,1.1033710553e-20,1.1033710553e-20,7.4477127486e-32,3.9267325942e-30,2.7214113015e-39,9.896554022e-26,6.9450174673e-23,6.3732136741e-09,6.3732136741e-09,6.3732136741e-09,6.3732136741e-09,2.7198578002e-39,1.2191994132e-35,3.4157604135e-23,0.00015600095688,0.00015600095688,0.00015600095688,0.00015600095688,6.2284871888e-22,1.4545078357e-40,1.3361326572e-26,6.3729868351e-15,6.4118945312e-38,1.9838655361e-39,3.8162170661e-17,1.3469801783e-22,3.0822881056e-06,3.0822881056e-06,3.0822881056e-06,3.0822881056e-06,0.47892039222,0.47892039222,0.47892039222,0.47892039222,2.6912868927e-12,6.849503108e-09,6.849503108e-09,6.849503108e-09,6.849503108e-09,2.0617395184e-17,1.6740180255e-05,1.6740180255e-05,1.6740180255e-05,1.6740180255e-05
2235,3.2736702425e-06,3.2736702425e-06,3.2736702425e-06,3.2736702425e-06,1.894649117e-28,1.8164913149e-23,1.0549361183e-20,1.0549361183e-20,1.0549361183e-20,1.0549361183e-20,6.5674414099e-32,3.5129674041e-30,2.2400721718e-39,9.1585232717e-26,6.5522595658e-23,6.3608063865e-09,6.3608063865e-09,6.3608063865e-09,6.3608063865e-09,2.2387880861e-39,1.0393530174e-35,3.2162198808e-23,0.00015616400092,0.00015616400092,0.00015616400092,0.00015616400092,5.9113590082e-22,1.1821220459e-40,1.228709049e-26,6.2630743232e-15,5.349175546e-38,1.630757504e-39,3.7159235626e-17,1.2731247989e-22,3.0839317986e-06,3.0839317986e-06,3.0839317986e-06,3.0839317986e-06,0.47947391801,0.47947391801,0.47947391801,0.47947391801,2.6675182724e-12,6.8365126583e-09,6.8365126583e-09,6.8365126583e-09,6.8365126583e-09,2.0051170051e-17,1.675405009e-05,1.675405009e-05,1.675405009e-05,1.675405009e-05
2240,3.2754776886e-06,3.2754776886e-06,3.2754776886e-06,3.2754776886e-06,1.718893656e-28,1.7079332304e-23,1.0087974564e-20,1.0087974564e-20,1.0087974564e-20,1.0087974564e-20,5.7921738315e-32,3.1433626935e-30,1.8439809975e-39,8.4771443824e-26,6.1828415349e-23,6.3486158618e-09,6.3486158618e-09,6.3486158618e-09,6.3486158618e-09,1.8429195497e-39,8.8614477989e-36,3.0288931337e-23,0.00015632751309,0.00015632751309,0.00015632751309,0.00015632751309,5.6113727388e-22,9.6078015178e-41,1.1301373326e-26,6.1557141784e-15,4.4629795661e-38,1.3405776785e-39,3.6187513072e-17,1.2035368603e-22,3.0856020126e-06,3.0856020126e-06,3.0856020126e-06,3.0856020126e-06,0.48002808328,0.48002808328,0.48002808328,0.48002808328,2.6441490955e-12,6.8237513483e-09,6.8237513483e-09,6.8237513483e-09,6.8237513483e-09,1.950317159e-17,1.676801251e-05,1.676801251e-05,1.676801251e-05,1.676801251e-05
2245,3.2773126147e-06,3.2773126147e-06,3.2773126147e-06,3.2773126147e-06,1.5597326603e-28,1.6061590636e-23,9.6483883447e-21,9.6483883447e-21,9.6483883447e-21,9.6483883447e-21,5.1092713703e-32,2.8131464008e-30,1.5180199098e-39,7.8479492841e-26,5.8353132202e-23,6.3366390697e-09,6.3366390697e-09,6.3366390697e-09,6.3366390697e-09,1.5171424534e-39,7.5561316211e-36,2.8530003466e-23,0.0001564914894,0.0001564914894,0.0001564914894,0.0001564914894,5.3275517052e-22,7.8091035284e-41,1.0396709181e-26,6.0508362559e-15,3.7239213278e-38,1.1020975088e-39,3.524590694e-17,1.1379579615e-22,3.0872984474e-06,3.0872984474e-06,3.0872984474e-06,3.0872984474e-06,0.48058288879,0.48058288879,0.48058288879,0.48058288879,2.6211711905e-12,6.8112159858e-09,6.8112159858e-09,6.8112159858e-09,6.8112159858e-09,1.8972741175e-17,1.678206653e-05,1.678206653e-05,1.678206653e-05,1.678206653e-05
2250,3.279174711e-06,3.279174711e-06,3.279174711e-06,3.279174711e-06,1.4155725049e-28,1.5107273465e-23,9.2295024814e-21,9.2295024814e-21,9.2295024814e-21,9.2295024814e-21,4.507630071e-32,2.5180683995e-30,1.2497555742e-39,7.2668314083e-26,5.5083182968e-23,6.3248730337e-09,6.3248730337e-09,6.3248730337e-09,6.3248730337e-09,1.2490301789e-39,6.4438813671e-36,2.6878134432e-23,0.00015665592592,0.00015665592592,0.00015665592592,0.00015665592592,5.0589775686e-22,6.3473696057e-41,9.5662759178e-27,5.9483726052e-15,3.1075178456e-38,9.0609448991e-40,3.4333363582e-17,1.0761460268e-22,3.089020807e-06,3.089020807e-06,3.089020807e-06,3.089020807e-06,0.48113833525,0.48113833525,0.48113833525,0.48113833525,2.5985765851e-12,6.7989034356e-09,6.7989034356e-09,6.7989034356e-09,6.7989034356e-09,1.845924631e-17,1.6796211178e-05,1.6796211178e-05,1.6796211178e-05,1.6796211178e-05
2255,3.2810636729e-06,3.2810636729e-06,3.2810636729e-06,3.2810636729e-06,1.2849751245e-28,1.4212264283e-23,8.830275729e-21,8.830275729e-21,8.830275729e-21,8.830275729e-21,3.9774926979e-32,2.2543427388e-30,1.0289618622e-39,6.7300157246e-26,5.2005879677e-23,6.3133148301e-09,6.3133148301e-09,6.3133148301e-09,6.3133148301e-09,1.0283621453e-39,5.4960251604e-36,2.532652538e-23,0.00015682081878,0.00015682081878,0.00015682081878,0.00015682081878,4.8047866904e-22,5.1594314014e-41,8.8038384712e-27,5.8482573936e-15,2.5933688136e-38,7.4499332759e-40,3.3448869976e-17,1.0178742331e-22,3.0907688001e-06,3.0907688001e-06,3.0907688001e-06,3.0907688001e-06,0.48169442342,0.48169442342,0.48169442342,0.48169442342,2.5763575006e-12,6.7868106177e-09,6.7868106177e-09,6.7868106177e-09,6.7868106177e-09,1.796207951e-17,1.6810445499e-05,1.6810445499e-05,1.6810445499e-05,1.6810445499e-05
2260,3.2829791998e-06,3.2829791998e-06,3.2829791998e-06,3.2829791998e-06,1.1666425881e-28,1.3372723908e-23,8.4497223296e-21,8.4497223296e-21,8.4497223296e-21,8.4497223296e-21,3.5102839848e-32,2.0185963497e-30,8.4722750651e-40,6.2340313195e-26,4.9109350997e-23,6.301961587e-09,6.301961587e-09,6.301961587e-09,6.301961587e-09,8.467316682e-40,4.6881662544e-36,2.3868826306e-23,0.00015698616421,0.00015698616421,0.00015698616421,0.00015698616421,4.5641667301e-22,4.1939702169e-41,8.1036972534e-27,5.7504268331e-15,2.1644743272e-38,6.1257136966e-40,3.2591452028e-17,9.6293001122e-23,3.0925421396e-06,3.0925421396e-06,3.0925421396e-06,3.0925421396e-06,0.48225115402,0.48225115402,0.48225115402,0.48225115402,2.5545063462e-12,6.7749345064e-09,6.7749345064e-09,6.7749345064e-09,6.7749345064e-09,1.748065723e-17,1.6824768551e-05,1.6824768551e-05,1.6824768551e-05,1.6824768551e-05
2265,3.2849209961e-06,3.2849209961e-06,3.2849209961e-06,3.2849209961e-06,1.0594032263e-28,1.2585071146e-23,8.0869089001e-21,8.0869089001e-21,8.0869089001e-21,8.0869089001e-21,3.09846621e-32,1.8078234849e-30,6.9763358886e-40,5.7756862946e-26,4.6382487671e-23,6.2908104829e-09,6.2908104829e-09,6.2908104829e-09,6.2908104829e-09,6.9722361495e-40,3.9995430502e-36,2.2499105344e-23,0.00015715195847,0.00015715195847,0.00015715195847,0.00015715195847,4.3363534646e-22,3.4092926642e-41,7.4606411819e-27,5.6548191099e-15,1.8066668685e-38,5.0371677949e-40,3.1760172952e-17,9.1111411399e-23,3.0943405428e-06,3.0943405428e-06,3.0943405428e-06,3.0943405428e-06,0.4828085278,0.4828085278,0.4828085278,0.4828085278,2.5330157145e-12,6.7632721292e-09,6.7632721292e-09,6.7632721292e-09,6.7632721292e-09,1.7014418843e-17,1.6839179407e-05,1.6839179407e-05,1.6839179407e-05,1.6839179407e-05
2270,3.2868887702e-06,3.2868887702e-06,3.2868887702e-06,3.2868887702e-06,9.6219915337e-29,1.1845964845e-23,7.7409515015e-21,7.7409515015e-21,7.7409515015e-21,7.7409515015e-21,2.7354125692e-32,1.6193452438e-30,5.7448841558e-40,5.3520447861e-26,4.3814891722e-23,6.2798587461e-09,6.2798587461e-09,6.2798587461e-09,6.2798587461e-09,5.7414941948e-40,3.4124852971e-36,2.1211820228e-23,0.00015731819791,0.00015731819791,0.00015731819791,0.00015731819791,4.1206278118e-22,2.7715241427e-41,6.8699049145e-27,5.5613743162e-15,1.5081383778e-38,4.1422999696e-40,3.095413171e-17,8.622397482e-23,3.0961637311e-06,3.0961637311e-06,3.0961637311e-06,3.0961637311e-06,0.48336654551,0.48336654551,0.48336654551,0.48336654551,2.5118783757e-12,6.7518205656e-09,6.7518205656e-09,6.7518205656e-09,6.7518205656e-09,1.6562825665e-17,1.6853677154e-05,1.6853677154e-05,1.6853677154e-05,1.6853677154e-05
2275,3.2888822349e-06,3.2888822349e-06,3.2888822349e-06,3.2888822349e-06,8.7407504136e-29,1.1152287238e-23,7.411012881e-21,7.411012881e-21,7.411012881e-21,7.411012881e-21,2.4152961342e-32,1.4507736086e-30,4.7310955565e-40,4.9604059204e-26,4.1396829162e-23,6.2691036532e-09,6.2691036532e-09,6.2691036532e-09,6.2691036532e-09,4.7282923471e-40,2.9119519631e-36,2.0001791765e-23,0.00015748487893,0.00015748487893,0.00015748487893,0.00015748487893,3.9163130464e-22,2.253141599e-41,6.3271299037e-27,5.4700343852e-15,1.2590464615e-38,3.4066072857e-40,3.0172461539e-17,8.1613176486e-23,3.0980114299e-06,3.0980114299e-06,3.0980114299e-06,3.0980114299e-06,0.48392520788,0.48392520788,0.48392520788,0.48392520788,2.4910872732e-12,6.740576946e-09,6.740576946e-09,6.740576946e-09,6.740576946e-09,1.6125360024e-17,1.6868260895e-05,1.6868260895e-05,1.6868260895e-05,1.6868260895e-05
2280,3.2909011074e-06,3.2909011074e-06,3.2909011074e-06,3.2909011074e-06,7.9416801844e-29,1.0501128479e-23,7.0962998745e-21,7.0962998745e-21,7.0962998745e-21,7.0962998745e-21,2.132992463e-32,1.2999794836e-30,3.8964464076e-40,4.5982845403e-26,3.9119185962e-23,6.2585425283e-09,6.2585425283e-09,6.2585425283e-09,6.2585425283e-09,3.8941282725e-40,2.4851384629e-36,1.8864179177e-23,0.00015765199801,0.00015765199801,0.00015765199801,0.00015765199801,3.7227721938e-22,1.8317818057e-41,5.8283289233e-27,5.3807430278e-15,1.0511864632e-38,2.8017410094e-40,2.9414328531e-17,7.7262590418e-23,3.0998833689e-06,3.0998833689e-06,3.0998833689e-06,3.0998833689e-06,0.48448451565,0.48448451565,0.48448451565,0.48448451565,2.4706355186e-12,6.7295384508e-09,6.7295384508e-09,6.7295384508e-09,6.7295384508e-09,1.5701524375e-17,1.6882929744e-05,1.6882929744e-05,1.6882929744e-05,1.6882929744e-05
2285,3.292945109e-06,3.292945109e-06,3.292945109e-06,3.292945109e-06,7.2169857792e-29,9.8897722853e-24,6.7960609609e-21,6.7960609609e-21,6.7960609609e-21,6.7960609609e-21,1.8839941691e-32,1.1650642872e-30,3.2092402501e-40,4.263393549e-26,3.6973427043e-23,6.248172742e-09,6.248172742e-09,6.248172742e-09,6.248172742e-09,3.2073231521e-40,2.1211427924e-36,1.7794457172e-23,0.00015781955167,0.00015781955167,0.00015781955167,0.00015781955167,3.5394055911e-22,1.4892733883e-41,5.3698537526e-27,5.2934456726e-15,8.7771836154e-39,2.3044075372e-40,2.867893028e-17,7.315680913e-23,3.1017792817e-06,3.1017792817e-06,3.1017792817e-06,3.1017792817e-06,0.48504446957,0.48504446957,0.48504446957,0.48504446957,2.4505163874e-12,6.718702309e-09,6.718702309e-09,6.718702309e-09,6.718702309e-09,1.5290840449e-17,1.6897682829e-05,1.6897682829e-05,1.6897682829e-05,1.6897682829e-05
2290,3.2950139649e-06,3.2950139649e-06,3.2950139649e-06,3.2950139649e-06,6.5596239479e-29,9.315682606e-24,6.5095839584e-21,6.5095839584e-21,6.5095839584e-21,6.5095839584e-21,1.6643359691e-32,1.0443346958e-30,2.6433963252e-40,3.9536277329e-26,3.4951558074e-23,6.2379917106e-09,6.2379917106e-09,6.2379917106e-09,6.2379917106e-09,2.6418108033e-40,1.810681702e-36,1.6788394627e-23,0.00015798753651,0.00015798753651,0.00015798753651,0.00015798753651,3.3656486044e-22,1.2108505629e-41,4.9483657301e-27,5.2080894072e-15,7.3293930687e-39,1.8954658499e-40,2.7965494588e-17,6.9281377921e-23,3.1036989058e-06,3.1036989058e-06,3.1036989058e-06,3.1036989058e-06,0.48560507038,0.48560507038,0.48560507038,0.48560507038,2.430723314e-12,6.7080657977e-09,6.7080657977e-09,6.7080657977e-09,6.7080657977e-09,1.4892848445e-17,1.6912519294e-05,1.6912519294e-05,1.6912519294e-05,1.6912519294e-05
2295,3.2971074048e-06,3.2971074048e-06,3.2971074048e-06,3.2971074048e-06,5.9632295808e-29,8.7764912344e-24,6.2361938549e-21,6.2361938549e-21,6.2361938549e-21,6.2361938549e-21,1.4705289124e-32,9.3628018807e-31,2.1774533234e-40,3.6670489373e-26,3.3046089887e-23,6.2279968947e-09,6.2279968947e-09,6.2279968947e-09,6.2279968947e-09,2.1761419615e-40,1.5458493777e-36,1.5842034758e-23,0.00015815594918,0.00015815594918,0.00015815594918,0.00015815594918,3.2009694904e-22,9.8451445062e-42,4.5608089182e-27,5.1246229222e-15,6.1209415391e-39,1.5591863061e-40,2.7273278231e-17,6.5622733573e-23,3.1056419827e-06,3.1056419827e-06,3.1056419827e-06,3.1056419827e-06,0.48616631884,0.48616631884,0.48616631884,0.48616631884,2.4112498881e-12,6.6976262408e-09,6.6976262408e-09,6.6976262408e-09,6.6976262408e-09,1.4507106257e-17,1.6927438292e-05,1.6927438292e-05,1.6927438292e-05,1.6927438292e-05
2300,3.2992251619e-06,3.2992251619e-06,3.2992251619e-06,3.2992251619e-06,5.4220493642e-29,8.269986304e-24,5.9752507633e-21,5.9752507633e-21,5.9752507633e-21,5.9752507633e-21,1.2995026598e-32,8.3955307418e-31,1.793750105e-40,3.4018724782e-26,3.1250005311e-23,6.2181857989e-09,6.2181857989e-09,6.2181857989e-09,6.2181857989e-09,1.7926654408e-40,1.3199122403e-36,1.4951676668e-23,0.00015832478639,0.00015832478639,0.00015832478639,0.00015832478639,3.0448673947e-22,8.0051425143e-42,4.2043856416e-27,5.0429964571e-15,5.1121763034e-39,1.2826419001e-40,2.6601565777e-17,6.2168147134e-23,3.1076082574e-06,3.1076082574e-06,3.1076082574e-06,3.1076082574e-06,0.48672821568,0.48672821568,0.48672821568,0.48672821568,2.39208985e-12,6.6873810079e-09,6.6873810079e-09,6.6873810079e-09,6.6873810079e-09,1.4133188734e-17,1.6942438993e-05,1.6942438993e-05,1.6942438993e-05,1.6942438993e-05
2305,3.3013669737e-06,3.3013669737e-06,3.3013669737e-06,3.3013669737e-06,4.9308820269e-29,7.7941015978e-24,5.7261479949e-21,5.7261479949e-21,5.7261479949e-21,5.7261479949e-21,1.1485548154e-32,7.5295073188e-31,1.4777519143e-40,3.1564546866e-26,2.9556728265e-23,6.2085559704e-09,6.2085559704e-09,6.2085559704e-09,6.2085559704e-09,1.4768547119e-40,1.1271344355e-36,1.4113858185e-23,0.00015849404491,0.00015849404491,0.00015849404491,0.00015849404491,2.8968704766e-22,6.5092576845e-42,3.876534187e-27,4.9631617485e-15,4.2700284725e-39,1.0552082808e-40,2.5949668454e-17,5.8905670509e-23,3.1095974789e-06,3.1095974789e-06,3.1095974789e-06,3.1095974789e-06,0.48729076165,0.48729076165,0.48729076165,0.48729076165,2.3732370865e-12,6.6773275138e-09,6.6773275138e-09,6.6773275138e-09,6.6773275138e-09,1.3770686977e-17,1.6957520576e-05,1.6957520576e-05,1.6957520576e-05,1.6957520576e-05
2310,3.3035325812e-06,3.3035325812e-06,3.3035325812e-06,3.3035325812e-06,4.4850245142e-29,7.3469066127e-24,5.4883102439e-21,5.4883102439e-21,5.4883102439e-21,5.4883102439e-21,1.0153064453e-32,6.753998036e-31,1.2174962156e-40,2.9292814862e-26,2.7960094949e-23,6.1991049982e-09,6.1991049982e-09,6.1991049982e-09,6.1991049982e-09,1.2167540376e-40,9.6262940589e-37,1.3325339891e-23,0.00015866372157,0.00015866372157,0.00015866372157,0.00015866372157,2.7565341527e-22,5.2930900437e-42,3.574908467e-27,4.8850719797e-15,3.5669174579e-39,8.6815307595e-41,2.5316923072e-17,5.5824086607e-23,3.1116093999e-06,3.1116093999e-06,3.1116093999e-06,3.1116093999e-06,0.4878539575,0.4878539575,0.4878539575,0.4878539575,2.3546856274e-12,6.6674632171e-09,6.6674632171e-09,6.6674632171e-09,6.6674632171e-09,1.3419207664e-17,1.6972682236e-05,1.6972682236e-05,1.6972682236e-05,1.6972682236e-05
2315,3.3057217296e-06,3.3057217296e-06,3.3057217296e-06,3.3057217296e-06,4.0802234918e-29,6.9265973245e-24,5.2611918755e-21,5.2611918755e-21,5.2611918755e-21,5.2611918755e-21,8.9766301959e-33,6.0594213489e-31,1.0031368858e-40,2.7189579194e-26,2.6454326981e-23,6.1898305127e-09,6.1898305127e-09,6.1898305127e-09,6.1898305127e-09,1.0025229146e-40,8.2223363184e-37,1.2583090251e-23,0.00015883381326,0.00015883381326,0.00015883381326,0.00015883381326,2.6234394506e-22,4.3042998555e-42,3.2973594742e-27,4.8086817322e-15,2.9798381248e-39,7.1429855082e-41,2.4702690988e-17,5.2912862781e-23,3.1136437765e-06,3.1136437765e-06,3.1136437765e-06,3.1136437765e-06,0.48841780398,0.48841780398,0.48841780398,0.48841780398,2.3364296413e-12,6.6577856197e-09,6.6577856197e-09,6.6577856197e-09,6.6577856197e-09,1.3078372408e-17,1.6987923177e-05,1.6987923177e-05,1.6987923177e-05,1.6987923177e-05
2320,3.3079341673e-06,3.3079341673e-06,3.3079341673e-06,3.3079341673e-06,3.712631644e-29,6.5314876024e-24,5.0442753126e-21,5.0442753126e-21,5.0442753126e-21,5.0442753126e-21,7.9378011127e-33,5.4372226056e-31,8.2656928512e-41,2.5241985396e-26,2.5034006354e-23,6.180730184e-09,6.180730184e-09,6.180730184e-09,6.180730184e-09,8.2606134738e-41,7.0239921746e-37,1.1884271772e-23,0.00015900431691,0.00015900431691,0.00015900431691,0.00015900431691,2.4971914671e-22,3.5003475794e-42,3.0419183632e-27,4.7339469399e-15,2.4896001038e-39,5.8774448941e-41,2.4106357116e-17,5.0162107353e-23,3.1157003686e-06,3.1157003686e-06,3.1157003686e-06,3.1157003686e-06,0.48898230184,0.48898230184,0.48898230184,0.48898230184,2.3184634321e-12,6.6482922656e-09,6.6482922656e-09,6.6482922656e-09,6.6482922656e-09,1.2747817136e-17,1.7003242618e-05,1.7003242618e-05,1.7003242618e-05,1.7003242618e-05
2325,3.3101696469e-06,3.3101696469e-06,3.3101696469e-06,3.3101696469e-06,3.3787682849e-29,6.160001226e-24,4.837069514e-21,4.837069514e-21,4.837069514e-21,4.837069514e-21,7.0203326806e-33,4.87976266e-31,6.8112183353e-41,2.3438185969e-26,2.369405207e-23,6.1718017222e-09,6.1718017222e-09,6.1718017221e-09,6.1718017221e-09,6.8070159547e-41,6.0010249709e-37,1.1226228119e-23,0.00015917522951,0.00015917522951,0.00015917522951,0.00015917522951,2.377417922e-22,2.8466576357e-42,2.806781015e-27,4.6608248435e-15,2.0801938428e-39,4.836405343e-41,2.3527328986e-17,4.7562529e-23,3.1177789395e-06,3.1177789395e-06,3.1177789395e-06,3.1177789395e-06,0.48954745183,0.48954745183,0.48954745183,0.48954745183,2.3007814352e-12,6.6389807404e-09,6.6389807404e-09,6.6389807404e-09,6.6389807404e-09,1.242719151e-17,1.7018639789e-05,1.7018639789e-05,1.7018639789e-05,1.7018639789e-05
2330,3.3124279243e-06,3.3124279243e-06,3.3124279243e-06,3.3124279243e-06,3.0754838512e-29,5.8106644606e-24,4.6391085392e-21,4.6391085392e-21,4.6391085392e-21,4.6391085392e-21,6.2099154485e-33,4.3802187091e-31,5.6130228335e-41,2.1767259504e-26,2.2429698349e-23,6.1630428754e-09,6.1630428754e-09,6.1630428754e-09,6.1630428754e-09,5.6095458491e-41,5.1276626401e-37,1.0606472108e-23,0.00015934654812,0.00015934654812,0.00015934654812,0.00015934654812,2.2637678033e-22,2.3151264499e-42,2.5902939518e-27,4.5892739476e-15,1.7382622378e-39,3.9799914694e-41,2.2965035832e-17,4.5105398811e-23,3.1198792558e-06,3.1198792558e-06,3.1198792558e-06,3.1198792558e-06,0.49011325471,0.49011325471,0.49011325471,0.49011325471,2.2833782141e-12,6.6298486702e-09,6.6298486702e-09,6.6298486702e-09,6.6298486702e-09,1.2116158356e-17,1.703411393e-05,1.703411393e-05,1.703411393e-05,1.703411393e-05
2335,3.3147087589e-06,3.3147087589e-06,3.3147087589e-06,3.3147087589e-06,2.7999278874e-29,5.4820991512e-24,4.4499501952e-21,4.4499501952e-21,4.4499501952e-21,4.4499501952e-21,5.4939424839e-33,3.9324959984e-31,4.6258897357e-41,2.0219136454e-26,2.1236474305e-23,6.15445143e-09,6.15445143e-09,6.15445143e-09,6.15445143e-09,4.623012784e-41,4.3819358274e-37,1.0022674532e-23,0.00015951826983,0.00015951826983,0.00015951826983,0.00015951826983,2.1559100964e-22,1.8829101849e-42,2.3909414815e-27,4.5192539793e-15,1.4526602219e-39,3.2754193168e-41,2.2418927735e-17,4.2782514838e-23,3.1220010878e-06,3.1220010878e-06,3.1220010878e-06,3.1220010878e-06,0.49067971122,0.49067971122,0.49067971122,0.49067971122,2.2662484573e-12,6.6208937208e-09,6.6208937208e-09,6.6208937208e-09,6.6208937208e-09,1.1814393133e-17,1.7049664294e-05,1.7049664294e-05,1.7049664294e-05,1.7049664294e-05
2340,3.3170119139e-06,3.3170119139e-06,3.3170119139e-06,3.3170119139e-06,2.5495201752e-29,5.1730162975e-24,4.2691747593e-21,4.2691747593e-21,4.2691747593e-21,4.2691747593e-21,4.8613050107e-33,3.5311491885e-31,3.8125908159e-41,1.8784530999e-26,2.0110184966e-23,6.1460252093e-09,6.1460252093e-09,6.1460252093e-09,6.1460252093e-09,3.8102102243e-41,3.7451145292e-37,9.472653747e-24,0.0001596903918,0.0001596903918,0.0001596903918,0.0001596903918,2.0535325927e-22,1.5314396936e-42,2.2073339622e-27,4.4507258476e-15,1.2140876374e-39,2.6957336488e-41,2.1888474785e-17,4.0586168959e-23,3.124144209e-06,3.124144209e-06,3.124144209e-06,3.124144209e-06,0.49124682211,0.49124682211,0.49124682211,0.49124682211,2.2493869744e-12,6.6121135969e-09,6.6121135969e-09,6.6121135969e-09,6.6121135969e-09,1.1521583414e-17,1.7065290147e-05,1.7065290147e-05,1.7065290147e-05,1.7065290147e-05
2345,3.3193371557e-06,3.3193371557e-06,3.3193371557e-06,3.3193371557e-06,2.3219246935e-29,4.8822100755e-24,4.0963837742e-21,4.0963837742e-21,4.0963837742e-21,4.0963837742e-21,4.3022127905e-33,3.1713123162e-31,3.1424730644e-41,1.7454878493e-26,1.9046893573e-23,6.1377620728e-09,6.1377620728e-09,6.1377620728e-09,6.1377620728e-09,3.140503094e-41,3.201228525e-37,8.9543659627e-24,0.00015986291122,0.00015986291122,0.00015986291122,0.00015986291122,1.9563407717e-22,1.2456200748e-42,2.0381970871e-27,4.3836516049e-15,1.0147831722e-39,2.2187703594e-41,2.1373166294e-17,3.8509115913e-23,3.1263083959e-06,3.1263083959e-06,3.1263083959e-06,3.1263083959e-06,0.49181458815,0.49181458815,0.49181458815,0.49181458815,2.2327886936e-12,6.6035060416e-09,6.6035060416e-09,6.6035060416e-09,6.6035060416e-09,1.1237428401e-17,1.7080990763e-05,1.7080990763e-05,1.7080990763e-05,1.7080990763e-05
2350,3.3216842541e-06,3.3216842541e-06,3.3216842541e-06,3.3216842541e-06,2.1150261277e-29,4.6085522736e-24,3.9311989108e-21,3.9311989108e-21,3.9311989108e-21,3.9311989108e-21,3.8080362269e-33,2.8486363975e-31,2.5902958422e-41,1.6222278026e-26,1.8042905049e-23,6.1296599158e-09,6.1296599158e-09,6.1296599158e-09,6.1296599158e-09,2.5886655817e-41,2.7366590913e-37,8.4658962056e-24,0.00016003582535,0.00016003582535,0.00016003582535,0.00016003582535,1.8640567529e-22,1.013180215e-42,1.8823621e-27,4.3179944099e-15,8.4826918004e-40,1.8263038167e-41,2.0872510035e-17,3.6544544342e-23,3.1284934288e-06,3.1284934288e-06,3.1284934288e-06,3.1284934288e-06,0.49238301009,0.49238301009,0.49238301009,0.49238301009,2.216448658e-12,6.5950688353e-09,6.5950688353e-09,6.5950688353e-09,6.5950688353e-09,1.0961638448e-17,1.7096765429e-05,1.7096765429e-05,1.7096765429e-05,1.7096765429e-05
2355,3.3240529823e-06,3.3240529823e-06,3.3240529823e-06,3.3240529823e-06,1.9269086739e-29,4.3509871134e-24,3.7732608952e-21,3.7732608952e-21,3.7732608952e-21,3.7732608952e-21,3.3711675425e-33,2.5592338309e-31,2.1352739596e-41,1.5079439665e-26,1.7094750571e-23,6.1217166684e-09,6.1217166684e-09,6.1217166684e-09,6.1217166684e-09,2.1339247581e-41,2.3397913596e-37,8.0054498872e-24,0.00016020913148,0.00016020913148,0.00016020913148,0.00016020913148,1.7764183124e-22,8.2414419122e-43,1.7387568577e-27,4.2537184914e-15,7.0913890882e-40,1.5033461388e-41,2.0386031514e-17,3.468604972e-23,3.1306990907e-06,3.1306990907e-06,3.1306990907e-06,3.1306990907e-06,0.49295208869,0.49295208869,0.49295208869,0.49295208869,2.2003620231e-12,6.5867997951e-09,6.5867997951e-09,6.5867997951e-09,6.5867997951e-09,1.0693934617e-17,1.7112613442e-05,1.7112613442e-05,1.7112613442e-05,1.7112613442e-05
2360,3.3264431167e-06,3.3264431167e-06,3.3264431167e-06,3.3264431167e-06,1.7558369109e-29,4.108526428e-24,3.6222284953e-21,3.6222284953e-21,3.6222284953e-21,3.6222284953e-21,2.9848987057e-33,2.2996288507e-31,1.7602901636e-41,1.4019635997e-26,1.6199173156e-23,6.1139302949e-09,6.1139302949e-09,6.1139302949e-09,6.1139302949e-09,1.7591735082e-41,2.0007182748e-37,7.5713449466e-24,0.00016038282698,0.00016038282698,0.00016038282698,0.00016038282698,1.6931779593e-22,6.7040169077e-43,1.6063976659e-27,4.1907891135e-15,5.9287907204e-40,1.2375712963e-41,1.9913273274e-17,3.2927609036e-23,3.132925168e-06,3.132925168e-06,3.132925168e-06,3.132925168e-06,0.49352182469,0.49352182469,0.49352182469,0.49352182469,2.1845240536e-12,6.5786967739e-09,6.5786967739e-09,6.5786967739e-09,6.5786967739e-09,1.0434048242e-17,1.7128534111e-05,1.7128534111e-05,1.7128534111e-05,1.7128534111e-05
2365,3.328854437e-06,3.328854437e-06,3.328854437e-06,3.328854437e-06,1.600238536e-29,3.8802451721e-24,3.4777775642e-21,3.4777775642e-21,3.4777775642e-21,3.4777775642e-21,2.6433140686e-33,2.0667133639e-31,1.4512470043e-41,1.3036657607e-26,1.5353114205e-23,6.1062987931e-09,6.1062987931e-09,6.1062987931e-09,6.1062987931e-09,1.4503227659e-41,1.7109884659e-37,7.1620045238e-24,0.00016055690923,0.00016055690923,0.00016055690923,0.00016055690923,1.6141020699e-22,5.4535888746e-43,1.4843818193e-27,4.1291725424e-15,4.9572188141e-40,1.0188417764e-41,1.9453794229e-17,3.126355711e-23,3.13517145e-06,3.13517145e-06,3.13517145e-06,3.13517145e-06,0.49409221887,0.49409221887,0.49409221887,0.49409221887,2.1689301204e-12,6.5707576601e-09,6.5707576601e-09,6.5707576601e-09,6.5707576601e-09,1.0181720526e-17,1.7144526754e-05,1.7144526754e-05,1.7144526754e-05,1.7144526754e-05
2370,3.331286726e-06,3.331286726e-06,3.331286726e-06,3.331286726e-06,1.4586887787e-29,3.6652772407e-24,3.339600137e-21,3.339600137e-21,3.339600137e-21,3.339600137e-21,2.3411959279e-33,1.8577075795e-31,1.1965333795e-41,1.2124772161e-26,1.4553700935e-23,6.0988201937e-09,6.0988201937e-09,6.0988201937e-09,6.0988201937e-09,1.1957683619e-41,1.4633914876e-37,6.7759501269e-24,0.00016073137568,0.00016073137568,0.00016073137568,0.00016073137568,1.5389700741e-22,4.4365469506e-43,1.3718807841e-27,4.0688360142e-15,4.1452163744e-40,8.3881952128e-42,1.9007169023e-17,2.9688564437e-23,3.1374377292e-06,3.1374377292e-06,3.1374377292e-06,3.1374377292e-06,0.49466327197,0.49466327197,0.49466327197,0.49466327197,2.1535756984e-12,6.5629803765e-09,6.5629803765e-09,6.5629803765e-09,6.5629803765e-09,9.936702138e-18,1.7160590701e-05,1.7160590701e-05,1.7160590701e-05,1.7160590701e-05
2375,3.3337397698e-06,3.3337397698e-06,3.3337397698e-06,3.3337397698e-06,1.3298963278e-29,3.4628115744e-24,3.2074035775e-21,3.2074035775e-21,3.2074035775e-21,3.2074035775e-21,2.0739414408e-33,1.6701249042e-31,9.8658543926e-42,1.1278686806e-26,1.3798234626e-23,6.0914925596e-09,6.0914925596e-09,6.0914925596e-09,6.0914925596e-09,9.8595218028e-42,1.2517748737e-37,6.4117952585e-24,0.00016090622382,0.00016090622382,0.00016090622382,0.00016090622382,1.4675736923e-22,3.6093014761e-43,1.2681339673e-27,4.0097477032e-15,3.466517936e-40,6.9064611764e-42,1.8572987422e-17,2.8197616457e-23,3.139723801e-06,3.139723801e-06,3.139723801e-06,3.139723801e-06,0.49523498477,0.49523498477,0.49523498477,0.49523498477,2.1384563634e-12,6.5553628799e-09,6.5553628799e-09,6.5553628799e-09,6.5553628799e-09,9.6987528425e-18,1.717672529e-05,1.717672529e-05,1.717672529e-05,1.717672529e-05
2380,3.3362133574e-06,3.3362133574e-06,3.3362133574e-06,3.3362133574e-06,1.2126906223e-29,3.2720885303e-24,3.0809097723e-21,3.0809097723e-21,3.0809097723e-21,3.0809097723e-21,1.8374895174e-33,1.501740636e-31,8.1352513894e-42,1.0493513601e-26,1.3084179656e-23,6.0843139854e-09,6.0843139854e-09,6.0843139854e-09,6.0843139854e-09,8.1300091861e-42,1.0708882696e-37,6.0682394706e-24,0.00016108145118,0.00016108145118,0.00016108145118,0.00016108145118,1.3997162182e-22,2.9364095268e-43,1.17244302e-27,3.9518766927e-15,2.8991909008e-40,5.686798959e-42,1.8150853724e-17,2.6785994159e-23,3.1420294638e-06,3.1420294638e-06,3.1420294638e-06,3.1420294638e-06,0.49580735801,0.49580735801,0.49580735801,0.49580735801,2.1235677894e-12,6.5479031602e-09,6.5479031602e-09,6.5479031602e-09,6.5479031602e-09,9.4676411362e-18,1.719292987e-05,1.719292987e-05,1.719292987e-05,1.719292987e-05
2385,3.3387072808e-06,3.3387072808e-06,3.3387072808e-06,3.3387072808e-06,1.106010372e-29,3.092396501e-24,2.9598543693e-21,2.9598543693e-21,2.9598543693e-21,2.9598543693e-21,1.6282564827e-33,1.3505640414e-31,6.7086269051e-42,9.7647377408e-27,1.2409153234e-23,6.0772825965e-09,6.0772825965e-09,6.0772825965e-09,6.0772825965e-09,6.704287113e-42,9.16250621e-38,5.7440628169e-24,0.00016125705535,0.00016125705535,0.00016125705535,0.00016125705535,1.3352118456e-22,2.3890512996e-43,1.0841666283e-27,3.8951929454e-15,2.4249192043e-40,4.6827979912e-42,1.7740386199e-17,2.5449255912e-23,3.1443545187e-06,3.1443545187e-06,3.1443545187e-06,3.1443545187e-06,0.49638039246,0.49638039246,0.49638039246,0.49638039246,2.1089057467e-12,6.54059924e-09,6.54059924e-09,6.54059924e-09,6.54059924e-09,9.2431439025e-18,1.72092038e-05,1.72092038e-05,1.72092038e-05,1.72092038e-05
2390,3.3412213352e-06,3.3412213352e-06,3.3412213352e-06,3.3412213352e-06,1.0088931867e-29,2.9230687634e-24,2.8439860584e-21,2.8439860584e-21,2.8439860584e-21,2.8439860584e-21,1.4430794466e-33,1.214813445e-31,5.5325160145e-42,9.0881883239e-27,1.177091582e-23,6.0703965488e-09,6.0703965488e-09,6.0703965488e-09,6.0703965488e-09,5.5289231028e-42,7.8403699417e-38,5.4381206754e-24,0.00016143303395,0.00016143303395,0.00016143303395,0.00016143303395,1.273885036e-22,1.9437916385e-43,1.0027157507e-27,3.8396672755e-15,2.0284056686e-40,3.856276914e-42,1.7341216551e-17,2.4183220477e-23,3.1466987699e-06,3.1466987699e-06,3.1466987699e-06,3.1466987699e-06,0.49695408889,0.49695408889,0.49695408889,0.49695408889,2.0944660987e-12,6.5334491736e-09,6.5334491736e-09,6.5334491736e-09,6.5334491736e-09,9.0250460816e-18,1.7225546451e-05,1.7225546451e-05,1.7225546451e-05,1.7225546451e-05
2395,3.3437553185e-06,3.3437553185e-06,3.3437553185e-06,3.3437553185e-06,9.2046620603e-30,2.7634805417e-24,2.7330658916e-21,2.7330658916e-21,2.7330658916e-21,2.7330658916e-21,1.2791664503e-33,1.0928940029e-31,4.5628699479e-42,8.4600114774e-27,1.1167362157e-23,6.0636540279e-09,6.0636540279e-09,6.0636540279e-09,6.0636540279e-09,4.5598952233e-42,6.7098211406e-38,5.1493389165e-24,0.00016160938464,0.00016160938464,0.00016160938464,0.00016160938464,1.2155699242e-22,1.5815733006e-43,9.275492603e-28,3.785271322e-15,1.6968733333e-40,3.1758226051e-42,1.6952989402e-17,2.2983951082e-23,3.1490620243e-06,3.1490620243e-06,3.1490620243e-06,3.1490620243e-06,0.49752844805,0.49752844805,0.49752844805,0.49752844805,2.0802448e-12,6.5264510469e-09,6.5264510469e-09,6.5264510469e-09,6.5264510469e-09,8.8131403535e-18,1.7241957198e-05,1.7241957198e-05,1.7241957198e-05,1.7241957198e-05
2400,3.3463090317e-06,3.3463090317e-06,3.3463090317e-06,3.3463090317e-06,8.3993763064e-30,2.6130462684e-24,2.6268666401e-21,2.6268666401e-21,2.6268666401e-21,2.6268666401e-21,1.1340525716e-33,9.8337786803e-32,3.7633955296e-42,7.8766456278e-27,1.059651289e-23,6.0570532486e-09,6.0570532486e-09,6.0570532486e-09,6.0570532486e-09,3.7609325004e-42,5.7429814174e-38,4.876709392e-24,0.00016178610513,0.00016178610513,0.00016178610513,0.00016178610513,1.16010976e-22,1.2868985709e-43,8.5816995929e-28,3.7319775226e-15,1.4196493381e-40,2.6155889032e-42,1.6575361796e-17,2.1847740517e-23,3.1514440916e-06,3.1514440916e-06,3.1514440916e-06,3.1514440916e-06,0.49810347072,0.49810347072,0.49810347072,0.49810347072,2.066237894e-12,6.5196029764e-09,6.5196029764e-09,6.5196029764e-09,6.5196029764e-09,8.6072268347e-18,1.7258435432e-05,1.7258435432e-05,1.7258435432e-05,1.7258435432e-05
2405,3.3488822784e-06,3.3488822784e-06,3.3488822784e-06,3.3488822784e-06,7.6658906807e-30,2.4712170314e-24,2.5251721865e-21,2.5251721865e-21,2.5251721865e-21,2.5251721865e-21,1.0055612707e-33,8.8498648662e-32,3.104187849e-42,7.3347987504e-27,1.0056506728e-23,6.0505924545e-09,6.0505924545e-09,6.0505924545e-09,6.0505924545e-09,3.1021483902e-42,4.9160458026e-38,4.6192857229e-24,0.00016196319318,0.00016196319318,0.00016196319318,0.00016196319318,1.1073563836e-22,1.0471639643e-43,7.9412093137e-28,3.6797590882e-15,1.187817661e-40,2.1543088088e-42,1.6208002725e-17,2.0771097178e-23,3.1538447841e-06,3.1538447841e-06,3.1538447841e-06,3.1538447841e-06,0.49867915765,0.49867915765,0.49867915765,0.49867915765,2.0524415107e-12,6.5129031087e-09,6.5129031087e-09,6.5129031087e-09,6.5129031087e-09,8.4071127878e-18,1.7274980548e-05,1.7274980548e-05,1.7274980548e-05,1.7274980548e-05
2410,3.3514748652e-06,3.3514748652e-06,3.3514748652e-06,3.3514748652e-06,6.9976861262e-30,2.3374781928e-24,2.4277769512e-21,2.4277769512e-21,2.4277769512e-21,2.4277769512e-21,8.9177034466e-34,7.9657479383e-32,2.5606043137e-42,6.8314274334e-27,9.5455931111e-24,6.0442699171e-09,6.0442699171e-09,6.0442699171e-09,6.0442699171e-09,2.5589154953e-42,4.2086851288e-38,4.3761793663e-24,0.00016214064657,0.00016214064657,0.00016214064657,0.00016214064657,1.0571697326e-22,8.5211935979e-44,7.3498220394e-28,3.6285899789e-15,9.9392929365e-41,1.7744821788e-42,1.5850592677e-17,1.9750731982e-23,3.156263917e-06,3.156263917e-06,3.156263917e-06,3.156263917e-06,0.49925550962,0.49925550962,0.49925550962,0.49925550962,2.0388518642e-12,6.5063496201e-09,6.5063496201e-09,6.5063496201e-09,6.5063496201e-09,8.212612343e-18,1.7291591953e-05,1.7291591953e-05,1.7291591953e-05,1.7291591953e-05
2415,3.3540866015e-06,3.3540866015e-06,3.3540866015e-06,3.3540866015e-06,6.3888458833e-30,2.2113471671e-24,2.3344853483e-21,2.3344853483e-21,2.3344853483e-21,2.3344853483e-21,7.9098193745e-34,7.1711710287e-32,2.112337416e-42,6.3637176081e-27,9.0621253494e-24,6.0380839355e-09,6.0380839355e-09,6.0380839355e-09,6.0380839355e-09,2.1109388803e-42,3.6035364463e-38,4.1465559414e-24,0.00016231846314,0.00016231846314,0.00016231846314,0.00016231846314,1.0094173778e-22,6.9342827725e-44,6.8036769284e-28,3.5784448807e-15,8.3176033363e-41,1.461707697e-42,1.5502823196e-17,1.8783546116e-23,3.1587013078e-06,3.1587013078e-06,3.1587013078e-06,3.1587013078e-06,0.49983252738,0.49983252738,0.49983252738,0.49983252738,2.0254652511e-12,6.4999407156e-09,6.4999407156e-09,6.4999407156e-09,6.4999407156e-09,8.023546232e-18,1.7308269062e-05,1.7308269062e-05,1.7308269062e-05,1.7308269062e-05
2420,3.3567172993e-06,3.3567172993e-06,3.3567172993e-06,3.3567172993e-06,5.8339989032e-30,2.0923713497e-24,2.2451112721e-21,2.2451112721e-21,2.2451112721e-21,2.2451112721e-21,7.0169611751e-34,6.4569450382e-32,1.7426510977e-42,5.9290668101e-27,8.6045542072e-24,6.032032836e-09,6.032032836e-09,6.032032836e-09,6.032032836e-09,1.741492889e-42,3.0857684501e-38,3.9296317979e-24,0.00016249664076,0.00016249664076,0.00016249664076,0.00016249664076,9.6397408767e-23,5.643103714e-44,6.2992240515e-28,3.5292991826e-15,6.9611005341e-41,1.2041334634e-42,1.5164396468e-17,1.7866619551e-23,3.1611567769e-06,3.1611567769e-06,3.1611567769e-06,3.1611567769e-06,0.50041021172,0.50041021172,0.50041021172,0.50041021172,2.0122780479e-12,6.493674629e-09,6.493674629e-09,6.493674629e-09,6.493674629e-09,7.8397415321e-18,1.73250113e-05,1.73250113e-05,1.73250113e-05,1.73250113e-05
2425,3.3593667731e-06,3.3593667731e-06,3.3593667731e-06,3.3593667731e-06,5.3282686644e-30,1.9801261829e-24,2.1594776113e-21,2.1594776113e-21,2.1594776113e-21,2.1594776113e-21,6.2258759477e-34,5.8148360869e-32,1.4377518081e-42,5.5250678465e-27,8.1714218943e-24,6.0261149712e-09,6.0261149712e-09,6.0261149712e-09,6.0261149712e-09,1.4367925783e-42,2.6427108341e-38,3.7246708091e-24,0.00016267517733,0.00016267517733,0.00016267517733,0.00016267517733,9.2072141833e-23,4.5925075972e-44,5.83319878e-28,3.4811289547e-15,5.8263232636e-41,9.920051142e-43,1.4835024917e-17,1.6997200286e-23,3.1636301472e-06,3.1636301472e-06,3.1636301472e-06,3.1636301472e-06,0.50098856338,0.50098856338,0.50098856338,0.50098856338,1.9992867097e-12,6.4875496217e-09,6.4875496217e-09,6.4875496217e-09,6.4875496217e-09,7.6610314215e-18,1.7341818098e-05,1.7341818098e-05,1.7341818098e-05,1.7341818098e-05
2430,3.3620348405e-06,3.3620348405e-06,3.3620348405e-06,3.3620348405e-06,4.8672268676e-30,1.8742133519e-24,2.0774157888e-21,2.0774157888e-21,2.0774157888e-21,2.0774157888e-21,5.5248520111e-34,5.2374649732e-32,1.1862704686e-42,5.1494937555e-27,7.7613564441e-24,6.0203287198e-09,6.0203287198e-09,6.0203287198e-09,6.0203287198e-09,1.1854759919e-42,2.2635381294e-38,3.5309813758e-24,0.00016285407082,0.00016285407082,0.00016285407082,0.00016285407082,8.7954732782e-23,3.7376368168e-44,5.402598329e-28,3.4339109275e-15,4.8769488677e-41,8.1729413627e-43,1.451443082e-17,1.6172694251e-23,3.166121244e-06,3.166121244e-06,3.166121244e-06,3.166121244e-06,0.50156758316,0.50156758316,0.50156758316,0.50156758316,1.9864877673e-12,6.4815639826e-09,6.4815639826e-09,6.4815639826e-09,6.4815639826e-09,7.4872549446e-18,1.7358688899e-05,1.7358688899e-05,1.7358688899e-05,1.7358688899e-05
2435,3.3647213212e-06,3.3647213212e-06,3.3647213212e-06,3.3647213212e-06,4.4468515381e-30,1.7742591002e-24,1.9987653269e-21,1.9987653269e-21,1.9987653269e-21,1.9987653269e-21,4.9035380334e-34,4.7182173433e-32,9.7883575892e-43,4.8002839537e-27,7.3730664498e-24,6.014672486e-09,6.014672486e-09,6.014672486e-09,6.014672486e-09,9.7817770377e-43,1.9389999868e-38,3.3479136254e-24,0.00016303331919,0.00016303331919,0.00016303331919,0.00016303331919,8.4034581344e-23,3.0420032711e-44,5.0046602723e-28,3.3876224711e-15,4.0826181842e-41,6.7339212744e-43,1.4202345941e-17,1.5390655851e-23,3.1686298951e-06,3.1686298951e-06,3.1686298951e-06,3.1686298951e-06,0.50214727181,0.50214727181,0.50214727181,0.50214727181,1.9738778262e-12,6.4757160275e-09,6.4757160275e-09,6.4757160275e-09,6.4757160275e-09,7.3182567875e-18,1.7375623153e-05,1.7375623153e-05,1.7375623153e-05,1.7375623153e-05
2440,3.3674260379e-06,3.3674260379e-06,3.3674260379e-06,3.3674260379e-06,4.0634891076e-30,1.6799126576e-24,1.9233734356e-21,1.9233734356e-21,1.9233734356e-21,1.9233734356e-21,4.3527835764e-34,4.251163418e-32,8.0772260583e-43,4.4755314743e-27,7.0053361363e-24,6.0091446991e-09,6.0091446991e-09,6.0091446991e-09,6.0091446991e-09,8.071775185e-43,1.661191052e-38,3.174856794e-24,0.00016321292049,0.00016321292049,0.00016321292049,0.00016321292049,8.030165705e-23,2.4759257357e-44,4.6368428579e-28,3.3422415757e-15,3.4179542954e-41,5.548592871e-43,1.3898511174e-17,1.4648779099e-23,3.1711559309e-06,3.1711559309e-06,3.1711559309e-06,3.1711559309e-06,0.50272763012,0.50272763012,0.50272763012,0.50272763012,1.9614535643e-12,6.4700040985e-09,6.4700040985e-09,6.4700040985e-09,6.4700040985e-09,7.1538870618e-18,1.7392620318e-05,1.7392620318e-05,1.7392620318e-05,1.7392620318e-05
2445,3.3701488155e-06,3.3701488155e-06,3.3701488155e-06,3.3701488155e-06,3.7138200929e-30,1.5908447717e-24,1.8510946225e-21,1.8510946225e-21,1.8510946225e-21,1.8510946225e-21,3.8644984997e-34,3.8309862476e-32,6.6656260378e-43,4.1734712093e-27,6.6570207449e-24,6.003743813e-09,6.003743813e-09,6.003743813e-09,6.003743813e-09,6.6611106762e-43,1.4233545991e-38,3.0112367787e-24,0.00016339287276,0.00016339287276,0.00016339287276,0.00016339287276,7.674646711e-23,2.0152591828e-44,4.2968069716e-28,3.2977468323e-15,2.8617430887e-41,4.572175062e-43,1.3602676203e-17,1.3944889294e-23,3.173699184e-06,3.173699184e-06,3.173699184e-06,3.173699184e-06,0.50330865884,0.50330865884,0.50330865884,0.50330865884,1.9492117303e-12,6.4644265634e-09,6.4644265634e-09,6.4644265634e-09,6.4644265634e-09,6.9940010982e-18,1.7409679859e-05,1.7409679859e-05,1.7409679859e-05,1.7409679859e-05
2450,3.3728894814e-06,3.3728894814e-06,3.3728894814e-06,3.3728894814e-06,3.3948280253e-30,1.5067463375e-24,1.7817903242e-21,1.7817903242e-21,1.7817903242e-21,1.7817903242e-21,3.4315289715e-34,3.4529175773e-32,5.5010544077e-43,3.8924690741e-27,6.3270422107e-24,5.9984683054e-09,5.9984683054e-09,5.9984683054e-09,5.9984683054e-09,5.4973138044e-43,1.2197149506e-38,2.8565138489e-24,0.0001635731741,0.0001635731741,0.0001635731741,0.0001635731741,7.3360026197e-23,1.6403614651e-44,3.9823996073e-28,3.2541174148e-15,2.3962488877e-41,3.7678013815e-43,1.3314599176e-17,1.3276935217e-23,3.1762594895e-06,3.1762594895e-06,3.1762594895e-06,3.1762594895e-06,0.50389035875,0.50389035875,0.50389035875,0.50389035875,1.9371491418e-12,6.4589818157e-09,6.4589818157e-09,6.4589818157e-09,6.4589818157e-09,6.8384592479e-18,1.7426801253e-05,1.7426801253e-05,1.7426801253e-05,1.7426801253e-05
2455,3.3756478656e-06,3.3756478656e-06,3.3756478656e-06,3.3756478656e-06,3.1037713157e-30,1.4273271166e-24,1.7153285568e-21,1.7153285568e-21,1.7153285568e-21,1.7153285568e-21,3.0475481096e-34,3.1126805075e-32,4.5402233402e-43,3.631012021e-27,6.0143851128e-24,5.9933166782e-09,5.9933166782e-09,5.9933166782e-09,5.9933166782e-09,4.5371243983e-43,1.0453344452e-38,2.7101805056e-24,0.00016375382265,0.00016375382265,0.00016375382265,0.00016375382265,7.013382799e-23,1.3352529946e-44,3.691638715e-28,3.2113330617e-15,2.0066428411e-41,3.105119397e-43,1.3034046395e-17,1.2642981814e-23,3.1788366847e-06,3.1788366847e-06,3.1788366847e-06,3.1788366847e-06,0.50447273064,0.50447273064,0.50447273064,0.50447273064,1.9252626836e-12,6.4536682736e-09,6.4536682736e-09,6.4536682736e-09,6.4536682736e-09,6.6871266932e-18,1.7443983981e-05,1.7443983981e-05,1.7443983981e-05,1.7443983981e-05
2460,3.3784238005e-06,3.3784238005e-06,3.3784238005e-06,3.3784238005e-06,2.8381577766e-30,1.3523145408e-24,1.6515835854e-21,1.6515835854e-21,1.6515835854e-21,1.6515835854e-21,2.7069595101e-34,2.8064382191e-32,3.7474406825e-43,3.3876988325e-27,5.7180928807e-24,5.988287456e-09,5.988287456e-09,5.988287456e-09,5.988287456e-09,3.7448731975e-43,8.9599134501e-39,2.5717594789e-24,0.00016393481657,0.00016393481657,0.00016393481657,0.00016393481657,6.7059818391e-23,1.0869333472e-44,3.4226993101e-28,3.1693740595e-15,1.6805254501e-41,2.5591382807e-43,1.2760792011e-17,1.2041203323e-23,3.1814306095e-06,3.1814306095e-06,3.1814306095e-06,3.1814306095e-06,0.50505577527,0.50505577527,0.50505577527,0.50505577527,1.9135493063e-12,6.4484843797e-09,6.4484843797e-09,6.4484843797e-09,6.4484843797e-09,6.5398732642e-18,1.7461227534e-05,1.7461227534e-05,1.7461227534e-05,1.7461227534e-05
2465,3.3812171206e-06,3.3812171206e-06,3.3812171206e-06,3.3812171206e-06,2.5957215434e-30,1.2814525949e-24,1.5904356104e-21,1.5904356104e-21,1.5904356104e-21,1.5904356104e-21,2.4048121312e-34,2.5307481162e-32,3.0932753704e-43,3.1612316332e-27,5.4372642389e-24,5.9833791865e-09,5.9833791865e-09,5.9833791865e-09,5.9833791865e-09,3.0911480884e-43,7.6807560332e-39,2.4408018546e-24,0.00016411615406,0.00016411615406,0.00016411615406,0.00016411615406,6.4130370309e-23,8.8482546606e-45,3.173900736e-28,3.1282212255e-15,1.4075276977e-41,2.1092805181e-43,1.2494617736e-17,1.1469876831e-23,3.1840411056e-06,3.1840411056e-06,3.1840411056e-06,3.1840411056e-06,0.50563949342,0.50563949342,0.50563949342,0.50563949342,1.9020060245e-12,6.4434286007e-09,6.4434286007e-09,6.4434286007e-09,6.4434286007e-09,6.3965732646e-18,1.747853141e-05,1.747853141e-05,1.747853141e-05,1.747853141e-05
2470,3.3840276632e-06,3.3840276632e-06,3.3840276632e-06,3.3840276632e-06,2.3744021676e-30,1.214500772e-24,1.531770471e-21,1.531770471e-21,1.531770471e-21,1.531770471e-21,2.1367251846e-34,2.2825208053e-32,2.5534576463e-43,2.9504080625e-27,5.1710498742e-24,5.9785904397e-09,5.9785904397e-09,5.9785904397e-09,5.9785904397e-09,2.551695001e-43,6.5849986938e-39,2.3168853213e-24,0.00016429783335,0.00016429783335,0.00016429783335,0.00016429783335,6.1338259901e-23,7.2032362587e-45,2.9436949829e-28,3.0878558921e-15,1.1789778117e-41,1.7386015479e-43,1.2235312569e-17,1.092737622e-23,3.1866680174e-06,3.1866680174e-06,3.1866680174e-06,3.1866680174e-06,0.50622388587,0.50622388587,0.50622388587,0.50622388587,1.8906299155e-12,6.4384994268e-09,6.4384994268e-09,6.4384994268e-09,6.4384994268e-09,6.2571053033e-18,1.7495895114e-05,1.7495895114e-05,1.7495895114e-05,1.7495895114e-05
2475,3.3868552674e-06,3.3868552674e-06,3.3868552674e-06,3.3868552674e-06,2.1723256727e-30,1.1512330972e-24,1.4754793641e-21,1.4754793641e-21,1.4754793641e-21,1.4754793641e-21,1.8988218477e-34,2.0589833963e-32,2.1079727141e-43,2.7541140546e-27,4.9186493129e-24,5.9739198075e-09,5.9739198075e-09,5.9739198075e-09,5.9739198075e-09,2.1065121269e-43,5.6462349444e-39,2.1996125301e-24,0.00016447985271,0.00016447985271,0.00016447985271,0.00016447985271,5.8676644207e-23,5.8642577232e-45,2.7306559731e-28,3.0482598912e-15,9.8762283757e-42,1.4331475582e-43,1.1982672525e-17,1.0412166489e-23,3.1893111911e-06,3.1893111911e-06,3.1893111911e-06,3.1893111911e-06,0.50680895339,0.50680895339,0.50680895339,0.50680895339,1.8794181171e-12,6.4336953712e-09,6.4336953712e-09,6.4336953712e-09,6.4336953712e-09,6.1213521337e-18,1.7513318161e-05,1.7513318161e-05,1.7513318161e-05,1.7513318161e-05
2480,3.3896997749e-06,3.3896997749e-06,3.3896997749e-06,3.3896997749e-06,1.9877873865e-30,1.0914372156e-24,1.4214585779e-21,1.4214585779e-21,1.4214585779e-21,1.4214585779e-21,1.6876707502e-34,1.8576466634e-32,1.7403137643e-43,2.571317179e-27,4.6793079919e-24,5.9693659033e-09,5.9693659033e-09,5.9693659033e-09,5.9693659033e-09,1.7391034094e-43,4.8418763165e-39,2.0886095587e-24,0.00016466221044,0.00016466221044,0.00016466221044,0.00016466221044,5.6139040073e-23,4.7743447791e-45,2.5334697307e-28,3.0094155394e-15,8.2739598699e-42,1.1814269486e-43,1.1736500385e-17,9.9227984192e-24,3.1919704754e-06,3.1919704754e-06,3.1919704754e-06,3.1919704754e-06,0.50739469676,0.50739469676,0.50739469676,0.50739469676,1.8683678272e-12,6.4290149701e-09,6.4290149701e-09,6.4290149701e-09,6.4290149701e-09,5.989200499e-18,1.753080007e-05,1.753080007e-05,1.753080007e-05,1.753080007e-05
2485,3.3925610296e-06,3.3925610296e-06,3.3925610296e-06,3.3925610296e-06,1.8192363801e-30,1.0349135388e-24,1.3696092394e-21,1.3696092394e-21,1.3696092394e-21,1.3696092394e-21,1.5002343162e-34,1.6762756556e-32,1.4368663081e-43,2.4010604955e-27,4.452314513e-24,5.9649273619e-09,5.9649273619e-09,5.9649273619e-09,5.9649273619e-09,1.4358632624e-43,4.152598037e-39,1.9835244738e-24,0.00016484490487,0.00016484490487,0.00016484490487,0.00016484490487,5.3719304296e-23,3.8871369939e-45,2.3509253618e-28,2.9713056231e-15,6.9322221967e-42,9.7397531486e-44,1.1496605444e-17,9.4579035665e-24,3.1946457209e-06,3.1946457209e-06,3.1946457209e-06,3.1946457209e-06,0.50798111677,0.50798111677,0.50798111677,0.50798111677,1.8574763014e-12,6.4244567816e-09,6.4244567816e-09,6.4244567816e-09,6.4244567816e-09,5.8605409841e-18,1.7548340369e-05,1.7548340369e-05,1.7548340369e-05,1.7548340369e-05
2490,3.3954388773e-06,3.3954388773e-06,3.3954388773e-06,3.3954388773e-06,1.6652613609e-30,9.8147444713e-25,1.3198370753e-21,1.3198370753e-21,1.3198370753e-21,1.3198370753e-21,1.3338231519e-34,1.51286339e-32,1.1864007068e-43,2.2424568841e-27,4.2369980673e-24,5.9606028386e-09,5.9606028386e-09,5.9606028386e-09,5.9606028386e-09,1.185569419e-43,3.5618655161e-39,1.8840259855e-24,0.00016502793436,0.00016502793436,0.00016502793436,0.00016502793436,5.1411614912e-23,3.1649091731e-45,2.1819067768e-28,2.9339133848e-15,5.8085576115e-42,8.0299738719e-44,1.126280328e-17,9.0161895559e-24,3.1973367803e-06,3.1973367803e-06,3.1973367803e-06,3.1973367803e-06,0.50856821419,0.50856821419,0.50856821419,0.50856821419,1.8467408522e-12,6.4200193859e-09,6.4200193859e-09,6.4200193859e-09,6.4200193859e-09,5.7352678728e-18,1.7565938594e-05,1.7565938594e-05,1.7565938594e-05,1.7565938594e-05
2495,3.3983331665e-06,3.3983331665e-06,3.3983331665e-06,3.3983331665e-06,1.5245778823e-30,9.3094354398e-25,1.2720521851e-21,1.2720521851e-21,1.2720521851e-21,1.2720521851e-21,1.1860557635e-34,1.3656073006e-32,9.7965385873e-44,2.0946838116e-27,4.0327260201e-24,5.9563910093e-09,5.9563910093e-09,5.9563910093e-09,5.9563910093e-09,9.7896488154e-44,3.0555298159e-39,1.7898021861e-24,0.00016521129731,0.00016521129731,0.00016521129731,0.00016521129731,4.9210453562e-23,2.5769618504e-45,2.0253850923e-28,2.8972225095e-15,4.867442996e-42,6.6207229205e-44,1.1034915526e-17,8.5964356641e-24,3.2000435084e-06,3.2000435084e-06,3.2000435084e-06,3.2000435084e-06,0.50915598981,0.50915598981,0.50915598981,0.50915598981,1.8361588473e-12,6.4157013846e-09,6.4157013846e-09,6.4157013846e-09,6.4157013846e-09,5.6132790113e-18,1.7583594287e-05,1.7583594287e-05,1.7583594287e-05,1.7583594287e-05
2500,3.4012437472e-06,3.4012437472e-06,3.4012437472e-06,3.4012437472e-06,1.3960167436e-30,8.8315495747e-25,1.2261688261e-21,1.2261688261e-21,1.2261688261e-21,1.2261688261e-21,1.0548229785e-34,1.23288815e-32,8.0898435736e-44,1.9569785003e-27,3.8389016445e-24,5.9522905696e-09,5.9522905696e-09,5.9522905696e-09,5.9522905696e-09,8.0841329832e-44,2.6214820112e-39,1.7005593701e-24,0.00016539499214,0.00016539499214,0.00016539499214,0.00016539499214,4.7110588867e-23,2.0983119733e-45,1.8804116552e-28,2.8612171114e-15,4.079154711e-42,5.4591092458e-44,1.0812769649e-17,8.197488667e-24,3.2027657623e-06,3.2027657623e-06,3.2027657623e-06,3.2027657623e-06,0.5097444444,0.5097444444,0.5097444444,0.5097444444,1.8257277085e-12,6.4115014004e-09,6.4115014004e-09,6.4115014004e-09,6.4115014004e-09,5.4944756771e-18,1.7601306996e-05,1.7601306996e-05,1.7601306996e-05,1.7601306996e-05
2505,3.404170472e-06,3.404170472e-06,3.404170472e-06,3.404170472e-06,1.2785134693e-30,8.3795268779e-25,1.1821052097e-21,1.1821052097e-21,1.1821052097e-21,1.1821052097e-21,9.3825651567e-35,1.1132511448e-32,6.6808820019e-44,1.8286334678e-27,3.6549619949e-24,5.9483002352e-09,5.9483002352e-09,5.9483002352e-09,5.9483002352e-09,6.6761485288e-44,2.2493578333e-39,1.6160209277e-24,0.00016557901731,0.00016557901731,0.00016557901731,0.00016557901731,4.5107060761e-23,1.7086277572e-45,1.7461116381e-28,2.8258817213e-15,3.4188196755e-42,4.5015620696e-44,1.0596198746e-17,7.8182589391e-24,3.2055034007e-06,3.2055034007e-06,3.2055034007e-06,3.2055034007e-06,0.51033357876,0.51033357876,0.51033357876,0.51033357876,1.8154449104e-12,6.4074180766e-09,6.4074180766e-09,6.4074180766e-09,6.4074180766e-09,5.3787624528e-18,1.7619076279e-05,1.7619076279e-05,1.7619076279e-05,1.7619076279e-05
2510,3.4071131955e-06,3.4071131955e-06,3.4071131955e-06,3.4071131955e-06,1.1710987643e-30,7.9518999625e-25,1.1397833077e-21,1.1397833077e-21,1.1397833077e-21,1.1397833077e-21,8.3470121532e-35,1.0053890192e-32,5.5176440166e-44,1.7089924083e-27,3.4803759121e-24,5.9444187409e-09,5.9444187409e-09,5.9444187409e-09,5.9444187409e-09,5.5137202645e-44,1.9302852522e-39,1.5359263088e-24,0.00016576337129,0.00016576337129,0.00016576337129,0.00016576337129,4.3195165708e-23,1.3913621427e-45,1.6216781571e-28,2.7912012746e-15,2.8656220519e-42,3.7121864263e-44,1.0385041338e-17,7.4577167866e-24,3.2082562845e-06,3.2082562845e-06,3.2082562845e-06,3.2082562845e-06,0.51092339366,0.51092339366,0.51092339366,0.51092339366,1.805307979e-12,6.4034500771e-09,6.4034500771e-09,6.4034500771e-09,6.4034500771e-09,5.2660471053e-18,1.7636901696e-05,1.7636901696e-05,1.7636901696e-05,1.7636901696e-05
2515,3.410071774e-06,3.410071774e-06,3.410071774e-06,3.410071774e-06,1.0728898546e-30,7.5472883353e-25,1.0991286694e-21,1.0991286694e-21,1.0991286694e-21,1.0991286694e-21,7.4269050039e-35,9.0812688193e-33,4.5572173847e-44,1.5974463887e-27,3.3146421504e-24,5.9406448402e-09,5.9406448402e-09,5.9406448402e-09,5.9406448402e-09,4.55396467e-44,1.6566687294e-39,1.4600300519e-24,0.0001659480526,0.0001659480526,0.0001659480526,0.0001659480526,4.1370442773e-23,1.1330478005e-45,1.506366869e-28,2.7571610989e-15,2.4021399656e-42,3.0614092175e-44,1.017914118e-17,7.1148890015e-24,3.2110242765e-06,3.2110242765e-06,3.2110242765e-06,3.2110242765e-06,0.51151388989,0.51151388989,0.51151388989,0.51151388989,1.7953144907e-12,6.3995960855e-09,6.3995960855e-09,6.3995960855e-09,6.3995960855e-09,5.1562404693e-18,1.7654782819e-05,1.7654782819e-05,1.7654782819e-05,1.7654782819e-05
2520,3.4130460662e-06,3.4130460662e-06,3.4130460662e-06,3.4130460662e-06,9.8308262803e-31,7.1643930458e-25,1.0600702473e-21,1.0600702473e-21,1.0600702473e-21,1.0600702473e-21,6.6092468863e-35,8.2040863822e-33,3.7641939949e-44,1.4934303342e-27,3.157287619e-24,5.9369773057e-09,5.9369773057e-09,5.9369773057e-09,5.9369773057e-09,3.7614974159e-44,1.4220047915e-39,1.388100874e-24,0.00016613305979,0.00016613305979,0.00016613305979,0.00016613305979,3.9628660473e-23,9.2272354703e-46,1.3994910075e-28,2.7237469029e-15,2.0137908984e-42,2.52486439e-44,9.978347072e-18,6.7888556217e-24,3.2138072415e-06,3.2138072415e-06,3.2138072415e-06,3.2138072415e-06,0.51210506823,0.51210506823,0.51210506823,0.51210506823,1.7854620709e-12,6.3958548051e-09,6.3958548051e-09,6.3958548051e-09,6.3958548051e-09,5.0492563357e-18,1.7672719222e-05,1.7672719222e-05,1.7672719222e-05,1.7672719222e-05
2525,3.4160359326e-06,3.4160359326e-06,3.4160359326e-06,3.4160359326e-06,9.0094450168e-31,6.8019916768e-25,1.0225402324e-21,1.0225402324e-21,1.0225402324e-21,1.0225402324e-21,5.8825182196e-35,7.4128482236e-33,3.1093558405e-44,1.3964197823e-27,3.0078657321e-24,5.9334149279e-09,5.9334149279e-09,5.9334149279e-09,5.9334149279e-09,3.1071201943e-44,1.2207243607e-39,1.3199208172e-24,0.00016631839141,0.00016631839141,0.00016631839141,0.00016631839141,3.796580438e-23,7.5146765909e-46,1.3004168232e-28,2.6909447653e-15,1.6883679098e-42,2.0824749542e-44,9.7825126824e-18,6.4787468847e-24,3.2166050461e-06,3.2166050461e-06,3.2166050461e-06,3.2166050461e-06,0.51269692948,0.51269692948,0.51269692948,0.51269692948,1.775748393e-12,6.3922249584e-09,6.3922249584e-09,6.3922249584e-09,6.3922249584e-09,4.9450113446e-18,1.7690710488e-05,1.7690710488e-05,1.7690710488e-05,1.7690710488e-05
2530,3.4190412357e-06,3.4190412357e-06,3.4190412357e-06,3.4190412357e-06,8.2580794679e-31,6.4589336536e-25,9.8647389706e-22,9.8647389706e-22,9.8647389706e-22,9.8647389706e-22,5.2365071806e-35,6.699016921e-33,2.5685914021e-44,1.3059278828e-27,2.8659548583e-24,5.9299565154e-09,5.9299565154e-09,5.9299565154e-09,5.9299565154e-09,2.5667378031e-44,1.0480579424e-39,1.2552844495e-24,0.00016650404607,0.00016650404607,0.00016650404607,0.00016650404607,3.6378065422e-23,6.120181516e-46,1.2085593919e-28,2.6587411236e-15,1.4156517794e-42,1.7176970418e-44,9.5914963746e-18,6.1837403627e-24,3.2194175587e-06,3.2194175587e-06,3.2194175587e-06,3.2194175587e-06,0.51328947443,0.51328947443,0.51328947443,0.51328947443,1.7661711772e-12,6.3887052869e-09,6.3887052869e-09,6.3887052869e-09,6.3887052869e-09,4.8434248819e-18,1.7708756207e-05,1.7708756207e-05,1.7708756207e-05,1.7708756207e-05
2535,3.4220618399e-06,3.4220618399e-06,3.4220618399e-06,3.4220618399e-06,7.5706460972e-31,6.1341358518e-25,9.5180944706e-22,9.5180944706e-22,9.5180944706e-22,9.5180944706e-22,4.6621598432e-35,6.0549145248e-33,2.1220019787e-44,1.2215026252e-27,2.7311568653e-24,5.9266008946e-09,5.9266008946e-09,5.9266008946e-09,5.9266008946e-09,2.1204650586e-44,8.99920344e-40,1.1939981143e-24,0.00016669002239,0.00016669002239,0.00016669002239,0.00016669002239,3.4861828845e-23,4.9846380243e-46,1.1233787628e-28,2.6271227643e-15,1.1870866146e-42,1.416897366e-44,9.4051610425e-18,5.9030582686e-24,3.2222446496e-06,3.2222446496e-06,3.2222446496e-06,3.2222446496e-06,0.51388270385,0.51388270385,0.51388270385,0.51388270385,1.7567281895e-12,6.3852945507e-09,6.3852945507e-09,6.3852945507e-09,6.3852945507e-09,4.7444189804e-18,1.7726855972e-05,1.7726855972e-05,1.7726855972e-05,1.7726855972e-05
2540,3.4250976114e-06,3.4250976114e-06,3.4250976114e-06,3.4250976114e-06,6.9415997327e-31,5.8265784838e-25,9.1848788003e-22,9.1848788003e-22,9.1848788003e-22,9.1848788003e-22,4.1514476494e-35,5.4736349071e-33,1.7531646251e-44,1.1427242761e-27,2.6030957526e-24,5.9233469088e-09,5.9233469088e-09,5.9233469088e-09,5.9233469088e-09,1.751890214e-44,7.7281208379e-40,1.1358792273e-24,0.00016687631903,0.00016687631903,0.00016687631903,0.00016687631903,3.3413663792e-23,4.0599273462e-46,1.0443764169e-28,2.5960768122e-15,9.9550851626e-43,1.168840512e-44,9.2233739508e-18,5.6359649211e-24,3.2250861911e-06,3.2250861911e-06,3.2250861911e-06,3.2250861911e-06,0.51447661854,0.51447661854,0.51447661854,0.51447661854,1.7474172404e-12,6.381991528e-09,6.381991528e-09,6.381991528e-09,6.381991528e-09,4.6479182249e-18,1.7745009385e-05,1.7745009385e-05,1.7745009385e-05,1.7745009385e-05
2545,3.4281484186e-06,3.4281484186e-06,3.4281484186e-06,3.4281484186e-06,6.3658850785e-31,5.5353012447e-25,8.8645285181e-22,8.8645285181e-22,8.8645285181e-22,8.8645285181e-22,3.6972501888e-35,4.9489651621e-33,1.4485242175e-44,1.0692030097e-27,2.4814163665e-24,5.9201934188e-09,5.9201934188e-09,5.9201934188e-09,5.9201934188e-09,1.4474674228e-44,6.6373506269e-40,1.0807556168e-24,0.00016706293465,0.00016706293465,0.00016706293465,0.00016706293465,3.2030313474e-23,3.3068782651e-46,9.7109201095e-29,2.5655907212e-15,8.3491860386e-43,9.6426665678e-45,9.0460065823e-18,5.38176436e-24,3.227942057e-06,3.227942057e-06,3.227942057e-06,3.227942057e-06,0.51507121929,0.51507121929,0.51507121929,0.51507121929,1.7382361844e-12,6.3787950151e-09,6.3787950151e-09,6.3787950151e-09,6.3787950151e-09,4.5538496602e-18,1.7763216053e-05,1.7763216053e-05,1.7763216053e-05,1.7763216053e-05
2550,3.4312141313e-06,3.4312141313e-06,3.4312141313e-06,3.4312141313e-06,5.8388926682e-31,5.2593997026e-25,8.5565054923e-22,8.5565054923e-22,8.5565054923e-22,8.5565054923e-22,3.2932515024e-35,4.4753151127e-33,1.1968919926e-44,1.0005767174e-27,2.3657831934e-24,5.9171393018e-09,5.9171393018e-09,5.9171393018e-09,5.9171393018e-09,1.1960156085e-44,5.7012042802e-40,1.0284649049e-24,0.00016724986796,0.00016724986796,0.00016724986796,0.00016724986796,3.0708685882e-23,2.6936022204e-46,9.0310038324e-29,2.5356522643e-15,7.0029313318e-43,7.955437489e-45,8.8729344905e-18,5.1397981025e-24,3.2308121231e-06,3.2308121231e-06,3.2308121231e-06,3.2308121231e-06,0.5156665069,0.5156665069,0.5156665069,0.5156665069,1.7291829183e-12,6.3757038258e-09,6.3757038258e-09,6.3757038258e-09,6.3757038258e-09,4.4621427036e-18,1.778147559e-05,1.778147559e-05,1.778147559e-05,1.778147559e-05
2555,3.4342946214e-06,3.4342946214e-06,3.4342946214e-06,3.4342946214e-06,5.3564188465e-31,4.9980219149e-25,8.2602956944e-22,8.2602956944e-22,8.2602956944e-22,8.2602956944e-22,2.9338483368e-35,4.0476540759e-33,9.890318891e-45,9.365089813e-28,2.2558792254e-24,5.9141834515e-09,5.9141834515e-09,5.9141834515e-09,5.9141834515e-09,9.8830507871e-45,4.8976685884e-40,9.7885392645e-25,0.00016743711769,0.00016743711769,0.00016743711769,0.00016743711769,2.9445845023e-23,2.1941384121e-46,8.4000879934e-29,2.5062495251e-15,5.8742463079e-43,6.5638100252e-45,8.7040371581e-18,4.9094430315e-24,3.2336962666e-06,3.2336962666e-06,3.2336962666e-06,3.2336962666e-06,0.51626248214,0.51626248214,0.51626248214,0.51626248214,1.7202553807e-12,6.3727167913e-09,6.3727167913e-09,6.3727167913e-09,6.3727167913e-09,4.3727290603e-18,1.7799787615e-05,1.7799787615e-05,1.7799787615e-05,1.7799787615e-05
2560,3.4373897626e-06,3.4373897626e-06,3.4373897626e-06,3.4373897626e-06,4.9146294041e-31,4.7503652583e-25,7.9754080523e-22,7.9754080523e-22,7.9754080523e-22,7.9754080523e-22,2.6140689582e-35,3.6614541313e-33,8.1731929659e-45,8.7668720043e-28,2.1514048943e-24,5.9113247778e-09,5.9113247778e-09,5.9113247778e-09,5.9113247778e-09,8.1671650027e-45,4.2078776119e-40,9.3177818474e-25,0.00016762468259,0.00016762468259,0.00016762468259,0.00016762468259,2.8239002641e-23,1.7873511449e-46,7.8145441873e-29,2.4773708883e-15,4.9278896779e-43,5.4159288318e-45,8.5391978604e-18,4.6901094076e-24,3.2365943668e-06,3.2365943668e-06,3.2365943668e-06,3.2365943668e-06,0.51685914583,0.51685914583,0.51685914583,0.51685914583,1.7114515508e-12,6.3698327597e-09,6.3698327597e-09,6.3698327597e-09,6.3698327597e-09,4.285542642e-18,1.7818151752e-05,1.7818151752e-05,1.7818151752e-05,1.7818151752e-05
2565,3.4404994302e-06,3.4404994302e-06,3.4404994302e-06,3.4404994302e-06,4.5100265275e-31,4.5156734566e-25,7.7013733619e-22,7.7013733619e-22,7.7013733619e-22,7.7013733619e-22,2.3295013005e-35,3.3126392153e-33,6.7545952107e-45,8.2082085696e-28,2.0520770693e-24,5.9085622065e-09,5.9085622065e-09,5.9085622065e-09,5.9085622065e-09,6.7495955231e-45,3.6156608153e-40,8.8710133964e-25,0.00016781256144,0.00016781256144,0.00016781256144,0.00016781256144,2.7085510401e-23,1.4560324226e-46,7.2710196378e-29,2.4490050313e-15,4.134341282e-43,4.4690467598e-45,8.3783035343e-18,4.4812389978e-24,3.2395063044e-06,3.2395063044e-06,3.2395063044e-06,3.2395063044e-06,0.51745649875,0.51745649875,0.51745649875,0.51745649875,1.7027694477e-12,6.3670505959e-09,6.3670505959e-09,6.3670505959e-09,6.3670505959e-09,4.2005194888e-18,1.7836567632e-05,1.7836567632e-05,1.7836567632e-05,1.7836567632e-05
2570,3.4436235014e-06,3.4436235014e-06,3.4436235014e-06,3.4436235014e-06,4.1394187562e-31,4.2932337952e-25,7.4377432523e-22,7.4377432523e-22,7.4377432523e-22,7.4377432523e-22,2.0762293643e-35,2.997539435e-33,5.5825550296e-45,7.6863991205e-28,1.9576281147e-24,5.9058946788e-09,5.9058946788e-09,5.9058946788e-09,5.9058946788e-09,5.578407992e-45,3.1071563489e-40,8.4469472769e-25,0.00016800075304,0.00016800075304,0.00016800075304,0.00016800075304,2.5982852505e-23,1.1861715607e-46,6.7664157476e-29,2.4211409163e-15,3.468871233e-43,3.6879230075e-45,8.2212446521e-18,4.2823033141e-24,3.242431962e-06,3.242431962e-06,3.242431962e-06,3.242431962e-06,0.51805454169,0.51805454169,0.51805454169,0.51805454169,1.6942071292e-12,6.3643691811e-09,6.3643691811e-09,6.3643691811e-09,6.3643691811e-09,4.1175976941e-18,1.7855034893e-05,1.7855034893e-05,1.7855034893e-05,1.7855034893e-05
2575,3.4467618549e-06,3.4467618549e-06,3.4467618549e-06,3.4467618549e-06,3.7998936693e-31,4.0823745082e-25,7.1840892034e-22,7.1840892034e-22,7.1840892034e-22,7.1840892034e-22,1.8507769111e-35,2.7128500608e-33,4.6141615967e-45,7.198933213e-28,1.8678050039e-24,5.9033211514e-09,5.9033211514e-09,5.9033211514e-09,5.9033211514e-09,4.6107216169e-45,2.6704800444e-40,8.0443691143e-25,0.00016818925621,0.00016818925621,0.00016818925621,0.00016818925621,2.4928638712e-23,9.6636071126e-47,6.297868356e-29,2.3937677818e-15,2.9107608519e-43,3.0435033433e-45,8.0679150996e-18,4.0928019535e-24,3.2453712236e-06,3.2453712236e-06,3.2453712236e-06,3.2453712236e-06,0.51865327546,0.51865327546,0.51865327546,0.51865327546,1.6857626913e-12,6.3617874129e-09,6.3617874129e-09,6.3617874129e-09,6.3617874129e-09,4.0367173324e-18,1.7873553175e-05,1.7873553175e-05,1.7873553175e-05,1.7873553175e-05
2580,3.4499143713e-06,3.4499143713e-06,3.4499143713e-06,3.4499143713e-06,3.4887930491e-31,3.8824623295e-25,6.940001612e-22,6.940001612e-22,6.940001612e-22,6.940001612e-22,1.6500576072e-35,2.4555947118e-33,3.8139823838e-45,6.7434766079e-28,1.7823684863e-24,5.9008405958e-09,5.9008405958e-09,5.9008405958e-09,5.9008405958e-09,3.8111287604e-45,2.2954420671e-40,7.6621325611e-25,0.00016837806982,0.00016837806982,0.00016837806982,0.00016837806982,2.3920597746e-23,7.8731099401e-47,5.8627295661e-29,2.3668751346e-15,2.4426505895e-43,2.511832667e-45,7.9182120595e-18,3.9122610361e-24,3.2483239748e-06,3.2483239748e-06,3.2483239748e-06,3.2483239748e-06,0.51925270085,0.51925270085,0.51925270085,0.51925270085,1.6774342669e-12,6.3593042044e-09,6.3593042044e-09,6.3593042044e-09,6.3593042044e-09,3.9578203895e-18,1.7892122126e-05,1.7892122126e-05,1.7892122126e-05,1.7892122126e-05
2585,3.4530809328e-06,3.4530809328e-06,3.4530809328e-06,3.4530809328e-06,3.2036902935e-31,3.6929001948e-25,6.7050889044e-22,6.7050889044e-22,6.7050889044e-22,6.7050889044e-22,1.4713308736e-35,2.2230923001e-33,3.1527581197e-45,6.3178585501e-28,1.7010923031e-24,5.8984519986e-09,5.8984519986e-09,5.8984519986e-09,5.8984519986e-09,3.150390782e-45,1.9733043323e-40,7.2991553233e-25,0.00016856719272,0.00016856719272,0.00016856719272,0.00016856719272,2.2956571069e-23,6.4145863904e-47,5.4585510131e-29,2.340452743e-15,2.0499941872e-43,2.0731589564e-45,7.7720358984e-18,3.7402317327e-24,3.2512901031e-06,3.2512901031e-06,3.2512901031e-06,3.2512901031e-06,0.51985281866,0.51985281866,0.51985281866,0.51985281866,1.6692200253e-12,6.3569184845e-09,6.3569184845e-09,6.3569184845e-09,6.3569184845e-09,3.8808506958e-18,1.7910741399e-05,1.7910741399e-05,1.7910741399e-05,1.7910741399e-05
2590,3.4562614232e-06,3.4562614232e-06,3.4562614232e-06,3.4562614232e-06,2.9423698704e-31,3.5131250864e-25,6.4789766926e-22,6.4789766926e-22,6.4789766926e-22,6.4789766926e-22,1.3121627812e-35,2.0129273464e-33,2.6063258001e-45,5.9200599926e-28,1.6237624505e-24,5.8961543607e-09,5.8961543607e-09,5.8961543607e-09,5.8961543607e-09,2.6043617767e-45,1.6965727996e-40,6.9544154268e-25,0.00016875662381,0.00016875662381,0.00016875662381,0.00016875662381,2.203450699e-23,5.226443863e-47,5.0830684579e-29,2.3144906289e-15,1.720601732e-43,1.7111948733e-45,7.6292900585e-18,3.5762888779e-24,3.2542694973e-06,3.2542694973e-06,3.2542694973e-06,3.2542694973e-06,0.52045362968,0.52045362968,0.52045362968,0.52045362968,1.6611181712e-12,6.3546291974e-09,6.3546291974e-09,6.3546291974e-09,6.3546291974e-09,3.8057538621e-18,1.7929410652e-05,1.7929410652e-05,1.7929410652e-05,1.7929410652e-05
2595,3.459455728e-06,3.459455728e-06,3.459455728e-06,3.459455728e-06,2.7028086264e-31,3.3426060114e-25,6.261306973e-22,6.261306973e-22,6.261306973e-22,6.261306973e-22,1.1703914099e-35,1.8229233169e-33,2.1547298404e-45,5.5482026899e-28,1.5501764852e-24,5.8939466975e-09,5.8939466975e-09,5.8939466975e-09,5.8939466975e-09,2.1531003346e-45,1.458819608e-40,6.6269477105e-25,0.00016894636202,0.00016894636202,0.00016894636202,0.00016894636202,2.1152455098e-23,4.258525069e-47,4.7341875971e-29,2.2889790607e-15,1.4442570961e-43,1.412509255e-45,7.489880953e-18,3.4200296637e-24,3.2572620478e-06,3.2572620478e-06,3.2572620478e-06,3.2572620478e-06,0.52105513473,0.52105513473,0.52105513473,0.52105513473,1.6531269439e-12,6.3524353024e-09,6.3524353024e-09,6.3524353024e-09,6.3524353024e-09,3.7324772174e-18,1.7948129548e-05,1.7948129548e-05,1.7948129548e-05,1.7948129548e-05
2600,3.4626637342e-06,3.4626637342e-06,3.4626637342e-06,3.4626637342e-06,2.4831587787e-31,3.1808421041e-25,6.051737364e-22,6.051737364e-22,6.051737364e-22,6.051737364e-22,1.0440961585e-35,1.6511186722e-33,1.7814884644e-45,5.2005390979e-28,1.4801428721e-24,5.8918280381e-09,5.8918280381e-09,5.8918280381e-09,5.8918280381e-09,1.7801364291e-45,1.2545307473e-40,6.3158405317e-25,0.00016913640628,0.00016913640628,0.00016913640628,0.00016913640628,2.0308561004e-23,3.4699835074e-47,4.4099709936e-29,2.2639085467e-15,1.2123976243e-43,1.1660256133e-45,7.3537178656e-18,3.271072408e-24,3.2602676465e-06,3.2602676465e-06,3.2602676465e-06,3.2602676465e-06,0.52165733459,0.52165733459,0.52165733459,0.52165733459,1.6452446168e-12,6.3503357733e-09,6.3503357733e-09,6.3503357733e-09,6.3503357733e-09,3.6609697493e-18,1.7966897757e-05,1.7966897757e-05,1.7966897757e-05,1.7966897757e-05
2605,3.4658853304e-06,3.4658853304e-06,3.4658853304e-06,3.4658853304e-06,2.2817324382e-31,3.0273608458e-25,5.8499403807e-22,5.8499403807e-22,5.8499403807e-22,5.8499403807e-22,9.3157054859e-36,1.4957453475e-33,1.4729881766e-45,4.8754430173e-28,1.4134803695e-24,5.8897974257e-09,5.8897974257e-09,5.8897974257e-09,5.8897974257e-09,1.4718663053e-45,1.078975585e-40,6.0202326693e-25,0.00016932675554,0.00016932675554,0.00016932675554,0.00016932675554,1.950106136e-23,2.8275539172e-47,4.1086260346e-29,2.2392698283e-15,1.0178459194e-43,9.6260880237e-46,7.2207128533e-18,3.1290553935e-24,3.2632861869e-06,3.2632861869e-06,3.2632861869e-06,3.2632861869e-06,0.52226023007,0.52226023007,0.52226023007,0.52226023007,1.6374694961e-12,6.348329599e-09,6.348329599e-09,6.348329599e-09,6.348329599e-09,3.591182047e-18,1.7985714951e-05,1.7985714951e-05,1.7985714951e-05,1.7985714951e-05
2610,3.4691204067e-06,3.4691204067e-06,3.4691204067e-06,3.4691204067e-06,2.0969875208e-31,2.8817163928e-25,5.6556027462e-22,5.6556027462e-22,5.6556027462e-22,5.6556027462e-22,8.3129812345e-36,1.3552094148e-33,1.2179839283e-45,4.5714009248e-28,1.350017451e-24,5.887853917e-09,5.887853917e-09,5.887853917e-09,5.887853917e-09,1.2170529901e-45,9.2809509893e-41,5.7393104145e-25,0.0001695174088,0.0001695174088,0.0001695174088,0.0001695174088,1.8728279155e-23,2.3041442211e-47,3.8284938368e-29,2.2150538736e-15,8.5458523226e-44,7.947243324e-46,7.0907806536e-18,2.9936357743e-24,3.2663175639e-06,3.2663175639e-06,3.2663175639e-06,3.2663175639e-06,0.52286382197,0.52286382197,0.52286382197,0.52286382197,1.6297999207e-12,6.3464157821e-09,6.3464157821e-09,6.3464157821e-09,6.3464157821e-09,3.5230662457e-18,1.8004580809e-05,1.8004580809e-05,1.8004580809e-05,1.8004580809e-05
2615,3.472368855e-06,3.472368855e-06,3.472368855e-06,3.472368855e-06,1.9275149231e-31,2.7434880079e-25,5.4684247356e-22,5.4684247356e-22,5.4684247356e-22,5.4684247356e-22,7.4193108416e-36,1.2280737028e-33,1.0071865037e-45,4.2870039407e-28,1.2895917603e-24,5.8859965819e-09,5.8859965819e-09,5.8859965819e-09,5.8859965819e-09,1.0064139627e-45,7.9840612323e-41,5.4723048344e-25,0.00016970836506,0.00016970836506,0.00016970836506,0.00016970836506,1.7988619265e-23,1.8776891648e-47,3.5680390212e-29,2.1912518709e-15,7.1757135288e-44,6.5615754676e-46,6.9638385937e-18,2.8644885435e-24,3.2693616739e-06,3.2693616739e-06,3.2693616739e-06,3.2693616739e-06,0.52346811109,0.52346811109,0.52346811109,0.52346811109,1.6222342611e-12,6.3445933397e-09,6.3445933397e-09,6.3445933397e-09,6.3445933397e-09,3.4565759738e-18,1.8023495016e-05,1.8023495016e-05,1.8023495016e-05,1.8023495016e-05
2620,3.4756305683e-06,3.4756305683e-06,3.4756305683e-06,3.4756305683e-06,1.7720268451e-31,2.6122785869e-25,5.2881195523e-22,5.2881195523e-22,5.2881195523e-22,5.2881195523e-22,6.6227135087e-36,1.1130421741e-33,8.3292188484e-46,4.0209403847e-28,1.2320495992e-24,5.8842245036e-09,5.8842245036e-09,5.8842245036e-09,5.8842245036e-09,8.3228075629e-46,6.8691930381e-41,5.2184892016e-25,0.00016989962334,0.00016989962334,0.00016989962334,0.00016989962334,1.7280564238e-23,1.5302169782e-47,3.325840288e-29,2.1678552229e-15,6.0257505629e-44,5.4178212964e-46,6.8398065044e-18,2.741305561e-24,3.2724184146e-06,3.2724184146e-06,3.2724184146e-06,3.2724184146e-06,0.52407309825,0.52407309825,0.52407309825,0.52407309825,1.6147709185e-12,6.3428613025e-09,6.3428613025e-09,6.3428613025e-09,6.3428613025e-09,3.3916663013e-18,1.8042457259e-05,1.8042457259e-05,1.8042457259e-05,1.8042457259e-05
2625,3.4789054413e-06,3.4789054413e-06,3.4789054413e-06,3.4789054413e-06,1.6293461564e-31,2.4877132755e-25,5.114412735e-22,5.114412735e-22,5.114412735e-22,5.114412735e-22,5.9125377057e-36,1.0089458795e-33,6.8885002284e-46,3.7719888754e-28,1.177245444e-24,5.8825367781e-09,5.8825367781e-09,5.8825367781e-09,5.8825367781e-09,6.8831792494e-46,5.9106879215e-41,4.9771765752e-25,0.00017009118268,0.00017009118268,0.00017009118268,0.00017009118268,1.6602670317e-23,1.247089449e-47,3.1005817286e-29,2.1448555409e-15,5.0605013014e-44,4.4736926784e-46,6.7186066367e-18,2.6237946358e-24,3.2754876853e-06,3.2754876853e-06,3.2754876853e-06,3.2754876853e-06,0.52467878425,0.52467878425,0.52467878425,0.52467878425,1.6074083248e-12,6.3412187149e-09,6.3412187149e-09,6.3412187149e-09,6.3412187149e-09,3.328293691e-18,1.8061467232e-05,1.8061467232e-05,1.8061467232e-05,1.8061467232e-05
2630,3.4821933702e-06,3.4821933702e-06,3.4821933702e-06,3.4821933702e-06,1.4983967111e-31,2.3694381698e-25,4.9470415928e-22,4.9470415928e-22,4.9470415928e-22,4.9470415928e-22,5.279312261e-36,9.1473032839e-34,5.6973264136e-46,3.5390119332e-28,1.1250414913e-24,5.8809325141e-09,5.8809325141e-09,5.8809325141e-09,5.8809325141e-09,5.6929100903e-46,5.086519911e-41,4.7477175274e-25,0.00017028304215,0.00017028304215,0.00017028304215,0.00017028304215,1.5953563666e-23,1.0163831668e-47,2.891044814e-29,2.1222446386e-15,4.2502282064e-44,3.6943031813e-46,6.6001635807e-18,2.5116786611e-24,3.2785693867e-06,3.2785693867e-06,3.2785693867e-06,3.2785693867e-06,0.52528516988,0.52528516988,0.52528516988,0.52528516988,1.6001449412e-12,6.3396646345e-09,6.3396646345e-09,6.3396646345e-09,6.3396646345e-09,3.2664159508e-18,1.8080524633e-05,1.8080524633e-05,1.8080524633e-05,1.8080524633e-05
2635,3.4854942527e-06,3.4854942527e-06,3.4854942527e-06,3.4854942527e-06,1.3781945256e-31,2.2571190958e-25,4.7857546683e-22,4.7857546683e-22,4.7857546683e-22,4.7857546683e-22,4.7146142907e-36,8.2944413073e-34,4.7124151142e-46,3.3209500487e-28,1.075307229e-24,5.8794108326e-09,5.8794108326e-09,5.8794108326e-09,5.8794108326e-09,4.7087494468e-46,4.3777790947e-41,4.5294980048e-25,0.00017047520083,0.00017047520083,0.00017047520083,0.00017047520083,1.5331936802e-23,8.2838569437e-48,2.6961010071e-29,2.1000145272e-15,3.5699921322e-44,3.0508709006e-46,6.4844041885e-18,2.4046947975e-24,3.2816634207e-06,3.2816634207e-06,3.2816634207e-06,3.2816634207e-06,0.52589225596,0.52589225596,0.52589225596,0.52589225596,1.5929792579e-12,6.3381981323e-09,6.3381981323e-09,6.3381981323e-09,6.3381981323e-09,3.2059921881e-18,1.8099629165e-05,1.8099629165e-05,1.8099629165e-05,1.8099629165e-05
2640,3.4888079876e-06,3.4888079876e-06,3.4888079876e-06,3.4888079876e-06,1.2678397396e-31,2.150440463e-25,4.6303112258e-22,4.6303112258e-22,4.6303112258e-22,4.6303112258e-22,4.2109520457e-36,7.5222878054e-34,3.8980013448e-46,3.1168161825e-28,1.027919033e-24,5.8779708671e-09,5.8779708671e-09,5.8779708671e-09,5.8779708671e-09,3.8949585816e-46,3.7682289032e-41,4.3219373163e-25,0.00017066765782,0.00017066765782,0.00017066765782,0.00017066765782,1.473654522e-23,6.7518530638e-48,2.5147049496e-29,2.0781574095e-15,2.998876318e-44,2.5196489107e-46,6.371257499e-18,2.3025937032e-24,3.2847696908e-06,3.2847696908e-06,3.2847696908e-06,3.2847696908e-06,0.5265000433,0.5265000433,0.5265000433,0.5265000433,1.5859097937e-12,6.336818292e-09,6.336818292e-09,6.336818292e-09,6.336818292e-09,3.1469827658e-18,1.8118780535e-05,1.8118780535e-05,1.8118780535e-05,1.8118780535e-05
2645,3.4921344754e-06,3.4921344754e-06,3.4921344754e-06,3.4921344754e-06,1.1665092921e-31,2.0491041869e-25,4.480480765e-22,4.480480765e-22,4.480480765e-22,4.480480765e-22,3.7616609751e-36,6.8230946523e-34,3.2245300433e-46,2.9256906626e-28,9.8275978661e-25,5.8766117631e-09,5.8766117631e-09,5.8766117631e-09,5.8766117631e-09,3.2220042016e-46,3.2439265574e-41,4.1244862405e-25,0.00017086041226,0.00017086041226,0.00017086041226,0.00017086041226,1.4166204198e-23,5.5033690576e-48,2.3458881756e-29,2.056665675e-15,2.5193361605e-44,2.0810433441e-46,6.2606546663e-18,2.2051388071e-24,3.2878881015e-06,3.2878881015e-06,3.2878881015e-06,3.2878881015e-06,0.52710853271,0.52710853271,0.52710853271,0.52710853271,1.5789350948e-12,6.3355242101e-09,6.3355242101e-09,6.3355242101e-09,6.3355242101e-09,3.0893492598e-18,1.8137978455e-05,1.8137978455e-05,1.8137978455e-05,1.8137978455e-05
2650,3.4954736179e-06,3.4954736179e-06,3.4954736179e-06,3.4954736179e-06,1.0734502452e-31,1.9528286765e-25,4.3360425577e-22,4.3360425577e-22,4.3360425577e-22,4.3360425577e-22,3.3608115025e-36,6.1898679613e-34,2.6675763719e-46,2.7467164519e-28,9.3971852211e-25,5.8753326777e-09,5.8753326777e-09,5.8753326777e-09,5.8753326777e-09,2.6654795236e-46,2.7928976319e-41,3.9366252445e-25,0.00017105346327,0.00017105346327,0.00017105346327,0.00017105346327,1.3619785766e-23,4.4858996459e-48,2.1887533126e-29,2.0355318949e-15,2.1166543334e-44,1.7188861446e-46,6.1525288898e-18,2.1121056227e-24,3.291018559e-06,3.291018559e-06,3.291018559e-06,3.291018559e-06,0.527717725,0.527717725,0.527717725,0.527717725,1.5720537347e-12,6.3343149955e-09,6.3343149955e-09,6.3343149955e-09,6.3343149955e-09,3.0330544183e-18,1.8157222641e-05,1.8157222641e-05,1.8157222641e-05,1.8157222641e-05
2655,3.4988253183e-06,3.4988253183e-06,3.4988253183e-06,3.4988253183e-06,9.8797369954e-32,1.8613478828e-25,4.1967852061e-22,4.1967852061e-22,4.1967852061e-22,4.1967852061e-22,3.003127181e-36,5.6162936691e-34,2.2069539951e-46,2.5790947569e-28,8.9869008287e-25,5.87413278e-09,5.87413278e-09,5.87413278e-09,5.87413278e-09,2.2052131875e-46,2.4048569859e-41,3.7578628079e-25,0.00017124681002,0.00017124681002,0.00017124681002,0.00017124681002,1.3096215844e-23,3.6566696588e-48,2.0424687306e-29,2.0147488167e-15,1.7784841468e-44,1.4198353301e-46,6.0468153472e-18,2.023281101e-24,3.2941609705e-06,3.2941609705e-06,3.2941609705e-06,3.2941609705e-06,0.52832762097,0.52832762097,0.52832762097,0.52832762097,1.5652643132e-12,6.3331897696e-09,6.3331897696e-09,6.3331897696e-09,6.3331897696e-09,2.9780621224e-18,1.8176512814e-05,1.8176512814e-05,1.8176512814e-05,1.8176512814e-05
2660,3.5021894811e-06,3.5021894811e-06,3.5021894811e-06,3.5021894811e-06,9.0944924606e-32,1.774410404e-25,4.0625062231e-22,4.0625062231e-22,4.0625062231e-22,4.0625062231e-22,2.6839120503e-36,5.0966705576e-34,1.8259785643e-46,2.4220809529e-28,8.595748048e-25,5.8730112504e-09,5.8730112504e-09,5.8730112504e-09,5.8730112504e-09,1.8245332661e-46,2.070969427e-41,3.5877338447e-25,0.00017144045168,0.00017144045168,0.00017144045168,0.00017144045168,1.2594471528e-23,2.9808296591e-48,1.9062636026e-29,1.9943093603e-15,1.4944668263e-44,1.1728803824e-46,5.9434511298e-18,1.9384630191e-24,3.2973152448e-06,3.2973152448e-06,3.2973152448e-06,3.2973152448e-06,0.52893822144,0.52893822144,0.52893822144,0.52893822144,1.5585654564e-12,6.3321476658e-09,6.3321476658e-09,6.3321476658e-09,6.3321476658e-09,2.9243373483e-18,1.81958487e-05,1.81958487e-05,1.81958487e-05,1.81958487e-05
2665,3.505566012e-06,3.505566012e-06,3.505566012e-06,3.505566012e-06,8.3729990799e-32,1.6917786449e-25,3.9330116324e-22,3.9330116324e-22,3.9330116324e-22,3.9330116324e-22,2.3989861498e-36,4.6258499621e-34,1.5108593575e-46,2.2749808021e-28,8.2227821601e-25,5.8719672805e-09,5.8719672805e-09,5.8719672805e-09,5.8719672805e-09,1.5096593414e-46,1.7836444282e-41,3.4257982187e-25,0.00017163438745,0.00017163438745,0.00017163438745,0.00017163438745,1.2113578515e-23,2.4299864007e-48,1.7794233461e-29,1.9742066126e-15,1.2559107184e-44,9.6893431159e-47,5.8423751804e-18,1.8574594031e-24,3.3004812916e-06,3.3004812916e-06,3.3004812916e-06,3.3004812916e-06,0.52954952722,0.52954952722,0.52954952722,0.52954952722,1.5519558155e-12,6.3311878292e-09,6.3311878292e-09,6.3311878292e-09,6.3311878292e-09,2.8718461304e-18,1.8215230027e-05,1.8215230027e-05,1.8215230027e-05,1.8215230027e-05
2670,3.5089548184e-06,3.5089548184e-06,3.5089548184e-06,3.5089548184e-06,7.7099752745e-32,1.6132280255e-25,3.8081155868e-22,3.8081155868e-22,3.8081155868e-22,3.8081155868e-22,2.1446282641e-36,4.1991814892e-34,1.2501967461e-46,2.137146943e-28,7.8671075358e-25,5.8710000731e-09,5.8710000731e-09,5.8710000731e-09,5.8710000731e-09,1.2492003327e-46,1.5363600321e-41,3.2716393446e-25,0.00017182861654,0.00017182861654,0.00017182861654,0.00017182861654,1.1652608675e-23,1.9810059447e-48,1.6612854144e-29,1.9544338233e-15,1.0555223794e-44,8.0049718814e-47,5.743528233e-18,1.7800879829e-24,3.3036590221e-06,3.3036590221e-06,3.3036590221e-06,3.3036590221e-06,0.53016153913,0.53016153913,0.53016153913,0.53016153913,1.5454340667e-12,6.3303094168e-09,6.3303094168e-09,6.3303094168e-09,6.3303094168e-09,2.8205555267e-18,1.8234656529e-05,1.8234656529e-05,1.8234656529e-05,1.8234656529e-05
2675,3.5123558086e-06,3.5123558086e-06,3.5123558086e-06,3.5123558086e-06,7.1005855768e-32,1.5385462377e-25,3.6876400056e-22,3.6876400056e-22,3.6876400056e-22,3.6876400056e-22,1.9175250826e-36,3.8124641375e-34,1.0345670538e-46,2.0079756315e-28,7.5278749651e-25,5.8701088419e-09,5.8701088419e-09,5.8701088419e-09,5.8701088419e-09,1.0337396549e-46,1.3235117744e-41,3.1248628716e-25,0.00017202313819,0.00017202313819,0.00017202313819,0.00017202313819,1.1210677738e-23,1.6150388118e-48,1.5512354098e-29,1.9349844009e-15,8.8718113807e-45,6.6137860535e-47,5.6468527546e-18,1.7061756782e-24,3.3068483487e-06,3.3068483487e-06,3.3068483487e-06,3.3068483487e-06,0.53077425798,0.53077425798,0.53077425798,0.53077425798,1.5389989104e-12,6.3295115971e-09,6.3295115971e-09,6.3295115971e-09,6.3295115971e-09,2.7704335842e-18,1.8254127944e-05,1.8254127944e-05,1.8254127944e-05,1.8254127944e-05
2680,3.5157688922e-06,3.5157688922e-06,3.5157688922e-06,3.5157688922e-06,6.5404022446e-32,1.4675325453e-25,3.5714142286e-22,3.5714142286e-22,3.5714142286e-22,3.5714142286e-22,1.7147260472e-36,3.4619022769e-34,8.561795901e-47,1.8869037146e-28,7.2042791371e-25,5.8692928113e-09,5.8692928113e-09,5.8692928113e-09,5.8692928113e-09,8.5549250061e-47,1.1402830586e-41,2.985095443e-25,0.00017221795163,0.00017221795163,0.00017221795163,0.00017221795163,1.0786943108e-23,1.3167259508e-48,1.4487034953e-29,1.915851908e-15,7.4575008868e-45,5.4646873822e-47,5.5522928896e-18,1.6355581115e-24,3.310049185e-06,3.310049185e-06,3.310049185e-06,3.310049185e-06,0.53138768459,0.53138768459,0.53138768459,0.53138768459,1.5326490708e-12,6.3287935499e-09,6.3287935499e-09,6.3287935499e-09,6.3287935499e-09,2.7214493066e-18,1.8273644014e-05,1.8273644014e-05,1.8273644014e-05,1.8273644014e-05
2685,3.5191939804e-06,3.5191939804e-06,3.5191939804e-06,3.5191939804e-06,6.0253702371e-32,1.3999971264e-25,3.4592746865e-22,3.4592746865e-22,3.4592746865e-22,3.4592746865e-22,1.5336032462e-36,3.1440659969e-34,7.0859329254e-47,1.7734058202e-28,6.8955562638e-25,5.8685512162e-09,5.8685512162e-09,5.8685512162e-09,5.8685512162e-09,7.0802268886e-47,9.8253392156e-42,2.8519835284e-25,0.00017241305613,0.00017241305613,0.00017241305613,0.00017241305613,1.0380601795e-23,1.0735519639e-48,1.3531610792e-29,1.8970300573e-15,6.2691761291e-45,4.5154947855e-47,5.4597944054e-18,1.5680791493e-24,3.3132614456e-06,3.3132614456e-06,3.3132614456e-06,3.3132614456e-06,0.53200181976,0.53200181976,0.53200181976,0.53200181976,1.5263832954e-12,6.3281544661e-09,6.3281544661e-09,6.3281544661e-09,6.3281544661e-09,2.6735726227e-18,1.8293204485e-05,1.8293204485e-05,1.8293204485e-05,1.8293204485e-05
2690,3.5226309852e-06,3.5226309852e-06,3.5226309852e-06,3.5226309852e-06,5.5517752538e-32,1.3357604537e-25,3.3510645867e-22,3.3510645867e-22,3.3510645867e-22,3.3510645867e-22,1.3718157848e-36,2.8558553854e-34,5.8648260491e-47,1.6669917462e-28,6.6009818368e-25,5.867883302e-09,5.867883302e-09,5.867883302e-09,5.867883302e-09,5.8600871359e-47,8.467055709e-42,2.7251923231e-25,0.00017260845098,0.00017260845098,0.00017260845098,0.00017260845098,9.9908884478e-24,8.7531826035e-49,1.2641177529e-29,1.8785127078e-15,5.2706448946e-45,3.7313862211e-47,5.3693046406e-18,1.503590468e-24,3.3164850467e-06,3.3164850467e-06,3.3164850467e-06,3.3164850467e-06,0.53261666433,0.53261666433,0.53261666433,0.53261666433,1.5202003547e-12,6.3275935474e-09,6.3275935474e-09,6.3275935474e-09,6.3275935474e-09,2.6267743558e-18,1.8312809107e-05,1.8312809107e-05,1.8312809107e-05,1.8312809107e-05
2695,3.5260798201e-06,3.5260798201e-06,3.5260798201e-06,3.5260798201e-06,5.1162145637e-32,1.2746527123e-25,3.2466336142e-22,3.2466336142e-22,3.2466336142e-22,3.2466336142e-22,1.2272781282e-36,2.5944683423e-34,4.8544402346e-47,1.5672040362e-28,6.3198685122e-25,5.8672883242e-09,5.8672883242e-09,5.8672883242e-09,5.8672883242e-09,4.8505043181e-47,7.2973844807e-42,2.604404711e-25,0.00017280413546,0.00017280413546,0.00017280413546,0.00017280413546,9.6170734935e-24,7.1371388523e-49,1.1811184615e-29,1.8602938611e-15,4.4315245034e-45,3.0836131627e-47,5.2807724545e-18,1.4419511438e-24,3.3197199053e-06,3.3197199053e-06,3.3197199053e-06,3.3197199053e-06,0.53323221911,0.53323221911,0.53323221911,0.53323221911,1.5140990411e-12,6.3271100067e-09,6.3271100067e-09,6.3271100067e-09,6.3271100067e-09,2.5810261947e-18,1.8332457633e-05,1.8332457633e-05,1.8332457633e-05,1.8332457633e-05
2700,3.5295403998e-06,3.5295403998e-06,3.5295403998e-06,3.5295403998e-06,4.715570377e-32,1.216513251e-25,3.1458376461e-22,3.1458376461e-22,3.1458376461e-22,3.1458376461e-22,1.0981319701e-36,2.3573715749e-34,4.0183623793e-47,1.4736157264e-28,6.051564112e-25,5.8667655485e-09,5.8667655485e-09,5.8667655485e-09,5.8667655485e-09,4.0150932211e-47,6.2900189257e-42,2.4893202882e-25,0.00017300010889,0.00017300010889,0.00017300010889,0.00017300010889,9.2584613726e-24,5.8196590352e-49,1.1037408891e-29,1.8423676572e-15,3.7263071486e-45,2.5484399256e-47,5.1941481787e-18,1.383027265e-24,3.3229659397e-06,3.3229659397e-06,3.3229659397e-06,3.3229659397e-06,0.53384848492,0.53384848492,0.53384848492,0.53384848492,1.5080781692e-12,6.3267030671e-09,6.3267030671e-09,6.3267030671e-09,6.3267030671e-09,2.5363006651e-18,1.8352149822e-05,1.8352149822e-05,1.8352149822e-05,1.8352149822e-05
2705,3.53301264e-06,3.53301264e-06,3.53301264e-06,3.53301264e-06,4.3469855331e-32,1.161190066e-25,3.0485384793e-22,3.0485384793e-22,3.0485384793e-22,3.0485384793e-22,9.8272122994e-37,2.1422744552e-34,3.3264802538e-47,1.3858282515e-28,5.7954497399e-25,5.8663142504e-09,5.8663142504e-09,5.8663142504e-09,5.8663142504e-09,3.3237647593e-47,5.42233758e-42,2.3796544418e-25,0.00017319637061,0.00017319637061,0.00017319637061,0.00017319637061,8.9143888653e-24,4.745545814e-49,1.0315930424e-29,1.8247283712e-15,3.1335759489e-45,2.1062684649e-47,5.1093835702e-18,1.326691566e-24,3.3262230692e-06,3.3262230692e-06,3.3262230692e-06,3.3262230692e-06,0.53446546258,0.53446546258,0.53446546258,0.53446546258,1.5021365748e-12,6.3263719624e-09,6.3263719624e-09,6.3263719624e-09,6.3263719624e-09,2.4925711023e-18,1.8371885434e-05,1.8371885434e-05,1.8371885434e-05,1.8371885434e-05
2710,3.5364964577e-06,3.5364964577e-06,3.5364964577e-06,3.5364964577e-06,4.0078413018e-32,1.1085393156e-25,2.9546035716e-22,2.9546035716e-22,2.9546035716e-22,2.9546035716e-22,8.795698279e-37,1.9471054539e-34,2.7538907227e-47,1.3034694993e-28,5.5509380011e-25,5.865933715e-09,5.865933715e-09,5.865933715e-09,5.865933715e-09,2.7516350043e-47,4.6748856579e-42,2.2751374816e-25,0.00017339291994,0.00017339291994,0.00017339291994,0.00017339291994,8.5842235041e-24,3.8698134776e-49,9.6431101684e-30,1.8073704096e-15,2.6353473545e-45,1.7409161715e-47,5.0264317661e-18,1.2728230804e-24,3.3294912145e-06,3.3294912145e-06,3.3294912145e-06,3.3294912145e-06,0.5350831529,0.5350831529,0.5350831529,0.5350831529,1.4962731145e-12,6.3261159364e-09,6.3261159364e-09,6.3261159364e-09,6.3261159364e-09,2.4498116252e-18,1.8391664236e-05,1.8391664236e-05,1.8391664236e-05,1.8391664236e-05
2715,3.5399917711e-06,3.5399917711e-06,3.5399917711e-06,3.5399917711e-06,3.6957371081e-32,1.0584248621e-25,2.8639057938e-22,2.8639057938e-22,2.8639057938e-22,2.8639057938e-22,7.873619265e-37,1.769990894e-34,2.2799973984e-47,1.2261920018e-28,5.3174713218e-25,5.8656232372e-09,5.8656232372e-09,5.8656232372e-09,5.8656232372e-09,2.2781235098e-47,4.0309298436e-42,2.1755138225e-25,0.00017358975625,0.00017358975625,0.00017358975625,0.00017358975625,8.2673620691e-24,3.1557974829e-49,9.0155693136e-30,1.7902883071e-15,2.2165194985e-45,1.4390198861e-47,4.9452472399e-18,1.2213068139e-24,3.3327702972e-06,3.3327702972e-06,3.3327702972e-06,3.3327702972e-06,0.53570155672,0.53570155672,0.53570155672,0.53570155672,1.4904866657e-12,6.3259342434e-09,6.3259342434e-09,6.3259342434e-09,6.3259342434e-09,2.4079971109e-18,1.8411485995e-05,1.8411485995e-05,1.8411485995e-05,1.8411485995e-05
2720,3.5434984994e-06,3.5434984994e-06,3.5434984994e-06,3.5434984994e-06,3.4084720137e-32,1.0107178411e-25,2.7763231943e-22,2.7763231943e-22,2.7763231943e-22,2.7763231943e-22,7.0492436173e-37,1.6092357914e-34,1.8877648172e-47,1.1536712536e-28,5.0945203624e-25,5.8653821212e-09,5.8653821212e-09,5.8653821212e-09,5.8653821212e-09,1.8862080431e-47,3.4760759445e-42,2.0805412125e-25,0.00017378687891,0.00017378687891,0.00017378687891,0.00017378687891,7.9632291594e-24,2.5736142109e-49,8.4301701891e-30,1.7734767231e-15,1.8644093833e-45,1.1895440446e-47,4.8657857597e-18,1.1720334347e-24,3.3360602399e-06,3.3360602399e-06,3.3360602399e-06,3.3360602399e-06,0.53632067485,0.53632067485,0.53632067485,0.53632067485,1.4847761257e-12,6.3258261472e-09,6.3258261472e-09,6.3258261472e-09,6.3258261472e-09,2.3671031697e-18,1.8431350485e-05,1.8431350485e-05,1.8431350485e-05,1.8431350485e-05
2725,3.5470165631e-06,3.5470165631e-06,3.5470165631e-06,3.5470165631e-06,3.1440277988e-32,9.6529625576e-26,2.6917387736e-22,2.6917387736e-22,2.6917387736e-22,2.6917387736e-22,6.3121101924e-37,1.4633065771e-34,1.5631019489e-47,1.0856041484e-28,4.8815825186e-25,5.8652096806e-09,5.8652096806e-09,5.8652096806e-09,5.8652096806e-09,1.5618085563e-47,2.9979404903e-42,1.9899900054e-25,0.00017398428732,0.00017398428732,0.00017398428732,0.00017398428732,7.6712758387e-24,2.0989060148e-49,7.8839986042e-30,1.7569304384e-15,1.5683645668e-45,9.8337473756e-48,4.7880043468e-18,1.1248989801e-24,3.3393609665e-06,3.3393609665e-06,3.3393609665e-06,3.3393609665e-06,0.53694050813,0.53694050813,0.53694050813,0.53694050813,1.4791404113e-12,6.3257909217e-09,6.3257909217e-09,6.3257909217e-09,6.3257909217e-09,2.3271061219e-18,1.8451257482e-05,1.8451257482e-05,1.8451257482e-05,1.8451257482e-05
2730,3.5505458836e-06,3.5505458836e-06,3.5505458836e-06,3.5505458836e-06,2.9005535031e-32,9.2204459479e-26,2.6100402701e-22,2.6100402701e-22,2.6100402701e-22,2.6100402701e-22,5.6528893814e-37,1.3308155109e-34,1.2943525824e-47,1.0217075251e-28,4.6781805059e-25,5.865105238e-09,5.865105238e-09,5.865105238e-09,5.865105238e-09,1.2932779545e-47,2.5858686366e-42,1.9036424742e-25,0.00017418198087,0.00017418198087,0.00017418198087,0.00017418198087,7.3909783498e-24,1.7118186809e-49,7.3743475129e-30,1.7406443524e-15,1.3194373272e-45,8.1298465705e-48,4.7118612371e-18,1.07980458e-24,3.3426724018e-06,3.3426724018e-06,3.3426724018e-06,3.3426724018e-06,0.53756105737,0.53756105737,0.53756105737,0.53756105737,1.4735784587e-12,6.3258278503e-09,6.3258278503e-09,6.3258278503e-09,6.3258278503e-09,2.2879829753e-18,1.8471206766e-05,1.8471206766e-05,1.8471206766e-05,1.8471206766e-05
2735,3.5540863836e-06,3.5540863836e-06,3.5540863836e-06,3.5540863836e-06,2.6763513001e-32,8.8085347199e-26,2.5311199547e-22,2.5311199547e-22,2.5311199547e-22,2.5311199547e-22,5.0632594942e-37,1.2105066217e-34,1.0718740338e-47,9.6171681506e-29,4.4838610223e-25,5.8650681249e-09,5.8650681249e-09,5.8650681249e-09,5.8650681249e-09,1.0709811214e-47,2.2306918153e-42,1.8212921645e-25,0.00017437995898,0.00017437995898,0.00017437995898,0.00017437995898,7.1218368946e-24,1.3961682312e-49,6.8987019034e-30,1.7246134796e-15,1.1101112328e-45,6.7215653757e-48,4.6373158429e-18,1.0366561945e-24,3.3459944718e-06,3.3459944718e-06,3.3459944718e-06,3.3459944718e-06,0.5381823234,0.5381823234,0.5381823234,0.5381823234,1.4680892229e-12,6.325936226e-09,6.325936226e-09,6.325936226e-09,6.325936226e-09,2.2497114022e-18,1.849119812e-05,1.849119812e-05,1.849119812e-05,1.849119812e-05
2740,3.5576379868e-06,3.5576379868e-06,3.5576379868e-06,3.5576379868e-06,2.4698635844e-32,8.4161928724e-26,2.4548744362e-22,2.4548744362e-22,2.4548744362e-22,2.4548744362e-22,4.5357967814e-37,1.101243021e-34,8.8768884887e-48,9.0538478427e-29,4.2981934841e-25,5.8650976819e-09,5.8650976819e-09,5.8650976819e-09,5.8650976819e-09,8.8694688542e-48,1.9245195078e-42,1.7427432831e-25,0.00017457822108,0.00017457822108,0.00017457822108,0.00017457822108,6.8633744765e-24,1.1387619844e-49,6.4547248161e-30,1.7088329471e-15,9.3407166722e-46,5.557548651e-48,4.5643287157e-18,9.95364366e-25,3.3493271033e-06,3.3493271033e-06,3.3493271033e-06,3.3493271033e-06,0.53880430705,0.53880430705,0.53880430705,0.53880430705,1.4626716773e-12,6.3261153509e-09,6.3261153509e-09,6.3261153509e-09,6.3261153509e-09,2.2122697194e-18,1.8511231331e-05,1.8511231331e-05,1.8511231331e-05,1.8511231331e-05
2745,3.5612006179e-06,3.5612006179e-06,3.5612006179e-06,3.5612006179e-06,2.2796611698e-32,8.0424390667e-26,2.3812044741e-22,2.3812044741e-22,2.3812044741e-22,2.3812044741e-22,4.0638775724e-37,1.0019954545e-34,7.3519683613e-48,8.5248036263e-29,4.1207688324e-25,5.8651932581e-09,5.8651932581e-09,5.8651932581e-09,5.8651932581e-09,7.3458027072e-48,1.6605603161e-42,1.6678101226e-25,0.00017477676661,0.00017477676661,0.00017477676661,0.00017477676661,6.6151358013e-24,9.2884529504e-50,6.0402444058e-30,1.6932979914e-15,7.8601323019e-46,4.5953741965e-48,4.4928615117e-18,9.5584398447e-25,3.3526702242e-06,3.3526702242e-06,3.3526702242e-06,3.3526702242e-06,0.53942700914,0.53942700914,0.53942700914,0.53942700914,1.4573248135e-12,6.3263645367e-09,6.3263645367e-09,6.3263645367e-09,6.3263645367e-09,2.1756368665e-18,1.8531306189e-05,1.8531306189e-05,1.8531306189e-05,1.8531306189e-05
2750,3.5647742026e-06,3.5647742026e-06,3.5647742026e-06,3.5647742026e-06,2.1044324971e-32,7.6863436138e-26,2.3100148009e-22,2.3100148009e-22,2.3100148009e-22,2.3100148009e-22,3.6415911837e-37,9.1183196907e-35,6.0893696479e-48,8.027875548e-29,3.9511984039e-25,5.8653542113e-09,5.8653542113e-09,5.8653542113e-09,5.8653542113e-09,6.0842457702e-48,1.4329681926e-42,1.596316517e-25,0.00017497559504,0.00017497559504,0.00017497559504,0.00017497559504,6.3766862337e-24,7.5765069239e-50,5.6532419673e-30,1.6780039556e-15,6.614780735e-46,3.7999969201e-48,4.4228769567e-18,9.1801406547e-25,3.3560237636e-06,3.3560237636e-06,3.3560237636e-06,3.3560237636e-06,0.54005043051,0.54005043051,0.54005043051,0.54005043051,1.4520476407e-12,6.3266831037e-09,6.3266831037e-09,6.3266831037e-09,6.3266831037e-09,2.1397923872e-18,1.8551422487e-05,1.8551422487e-05,1.8551422487e-05,1.8551422487e-05
2755,3.5683586679e-06,3.5683586679e-06,3.5683586679e-06,3.5683586679e-06,1.9429737673e-32,7.3470256341e-26,2.2412139521e-22,2.2412139521e-22,2.2412139521e-22,2.2412139521e-22,3.2636624008e-37,8.2990858547e-35,5.0439048261e-48,7.5610442651e-29,3.7891128649e-25,5.8655799076e-09,5.8655799076e-09,5.8655799076e-09,5.8655799076e-09,5.0396464762e-48,1.2367102749e-42,1.5280953292e-25,0.00017517470583,0.00017517470583,0.00017517470583,0.00017517470583,6.1476108071e-24,6.1803045257e-50,5.2918408509e-30,1.6629462869e-15,5.5672019234e-46,3.1424643282e-48,4.3543388136e-18,8.8179753982e-25,3.3593876513e-06,3.3593876513e-06,3.3593876513e-06,3.3593876513e-06,0.54067457199,0.54067457199,0.54067457199,0.54067457199,1.4468391852e-12,6.3270703813e-09,6.3270703813e-09,6.3270703813e-09,6.3270703813e-09,2.1047164092e-18,1.8571580023e-05,1.8571580023e-05,1.8571580023e-05,1.8571580023e-05
2760,3.5719539416e-06,3.5719539416e-06,3.5719539416e-06,3.5719539416e-06,1.7941799162e-32,7.0236503791e-26,2.1747141042e-22,2.1747141042e-22,2.1747141042e-22,2.1747141042e-22,2.92538247e-37,7.5546087711e-35,4.1781810711e-48,7.1224216095e-29,3.6341612018e-25,5.8658697215e-09,5.8658697215e-09,5.8658697215e-09,5.8658697215e-09,4.1746418566e-48,1.0674532781e-42,1.462987966e-25,0.00017537409848,0.00017537409848,0.00017537409848,0.00017537409848,5.9275132824e-24,5.0415715426e-50,4.9542962004e-30,1.6481205339e-15,4.6859149564e-46,2.5988559631e-48,4.2872118503e-18,8.4712105463e-25,3.3627618183e-06,3.3627618183e-06,3.3627618183e-06,3.3627618183e-06,0.5412994344,0.5412994344,0.5412994344,0.5412994344,1.4416984907e-12,6.3275257077e-09,6.3275257077e-09,6.3275257077e-09,6.3275257077e-09,2.0703896266e-18,1.8591778596e-05,1.8591778596e-05,1.8591778596e-05,1.8591778596e-05
2765,3.5755599525e-06,3.5755599525e-06,3.5755599525e-06,3.5755599525e-06,1.6570363602e-32,6.715426707e-26,2.1104309196e-22,2.1104309196e-22,2.1104309196e-22,2.1104309196e-22,2.6225476586e-37,6.8779636593e-35,3.4612538574e-48,6.7102418036e-29,3.4860097686e-25,5.8662230356e-09,5.8662230356e-09,5.8662230356e-09,5.8662230356e-09,3.4583121774e-48,9.2146582727e-43,1.4008439215e-25,0.00017557377247,0.00017557377247,0.00017557377247,0.00017557377247,5.716015255e-24,4.1127963067e-50,4.6389854512e-30,1.6335223439e-15,3.9444615221e-46,2.1494076934e-48,4.2214618084e-18,8.1391478487e-25,3.3661461964e-06,3.3661461964e-06,3.3661461964e-06,3.3661461964e-06,0.54192501857,0.54192501857,0.54192501857,0.54192501857,1.4366246173e-12,6.3280484297e-09,6.3280484297e-09,6.3280484297e-09,6.3280484297e-09,2.0367932816e-18,1.861201801e-05,1.861201801e-05,1.861201801e-05,1.861201801e-05
2770,3.5791766305e-06,3.5791766305e-06,3.5791766305e-06,3.5791766305e-06,1.5306114442e-32,6.421604702e-26,2.0482833988e-22,2.0482833988e-22,2.0482833988e-22,2.0482833988e-22,2.3514045437e-37,6.262876551e-35,2.8675134426e-48,6.3228532812e-29,3.3443413843e-25,5.8666392407e-09,5.8666392407e-09,5.8666392407e-09,5.8666392407e-09,2.8650682845e-48,7.9553448445e-43,1.3415203447e-25,0.00017577372732,0.00017577372732,0.00017577372732,0.00017577372732,5.5127553057e-24,3.3552406266e-50,4.3443995306e-30,1.6191474607e-15,3.3206027431e-46,1.7777885973e-48,4.1570553742e-18,7.8211225495e-25,3.3695407184e-06,3.3695407184e-06,3.3695407184e-06,3.3695407184e-06,0.54255132535,0.54255132535,0.54255132535,0.54255132535,1.4316166413e-12,6.3286379026e-09,6.3286379026e-09,6.3286379026e-09,6.3286379026e-09,2.0039091473e-18,1.8632298071e-05,1.8632298071e-05,1.8632298071e-05,1.8632298071e-05
2775,3.5828039064e-06,3.5828039064e-06,3.5828039064e-06,3.5828039064e-06,1.4140495314e-32,6.1414734281e-26,1.9881937393e-22,1.9881937393e-22,1.9881937393e-22,1.9881937393e-22,2.1086012875e-37,5.7036622608e-35,2.3757639012e-48,5.9587110713e-29,3.2088544808e-25,5.8671177353e-09,5.8671177353e-09,5.8671177353e-09,5.8671177353e-09,2.3737313502e-48,6.8689154103e-43,1.2848816322e-25,0.00017597396254,0.00017597396254,0.00017597396254,0.00017597396254,5.3173881951e-24,2.7373185772e-50,4.069134707e-30,1.6049917217e-15,2.7956447398e-46,1.4705038145e-48,4.0939601491e-18,7.516501697e-25,3.3729453182e-06,3.3729453182e-06,3.3729453182e-06,3.3729453182e-06,0.54317835557,0.54317835557,0.54317835557,0.54317835557,1.4266736551e-12,6.32929349e-09,6.32929349e-09,6.32929349e-09,6.32929349e-09,1.9717195113e-18,1.8652618589e-05,1.8652618589e-05,1.8652618589e-05,1.8652618589e-05
2780,3.5864417121e-06,3.5864417121e-06,3.5864417121e-06,3.5864417121e-06,1.3065646805e-32,5.8743588116e-26,1.9300872006e-22,1.9300872006e-22,1.9300872006e-22,1.9300872006e-22,1.8911442358e-37,5.1951683502e-35,1.9684613645e-48,5.6163697039e-29,3.079262296e-25,5.8676579258e-09,5.8676579258e-09,5.8676579258e-09,5.8676579258e-09,1.966771706e-48,5.9315292076e-43,1.230799043e-25,0.00017617447769,0.00017617447769,0.00017617447769,0.00017617447769,5.1295840972e-24,2.2332750688e-50,3.81188504e-30,1.591051056e-15,2.3538722412e-46,1.2164013951e-48,4.0321446218e-18,7.2246825434e-25,3.3763599303e-06,3.3763599303e-06,3.3763599303e-06,3.3763599303e-06,0.54380611005,0.54380611005,0.54380611005,0.54380611005,1.4217947668e-12,6.3300145638e-09,6.3300145638e-09,6.3300145638e-09,6.3300145638e-09,1.9402071594e-18,1.8672979377e-05,1.8672979377e-05,1.8672979377e-05,1.8672979377e-05
2785,3.5900899803e-06,3.5900899803e-06,3.5900899803e-06,3.5900899803e-06,1.2074348577e-32,5.6196216423e-26,1.8738919753e-22,1.8738919753e-22,1.8738919753e-22,1.8738919753e-22,1.6963592542e-37,4.7327244972e-35,1.6310839094e-48,5.2944766023e-29,2.9552921107e-25,5.8682592265e-09,5.8682592265e-09,5.8682592265e-09,5.8682592265e-09,1.6296792229e-48,5.1226477129e-43,1.1791503347e-25,0.0001763752723,0.0001763752723,0.0001763752723,0.0001763752723,4.9490278719e-24,1.8221087264e-50,3.5714353842e-30,1.577321482e-15,1.9820728958e-46,1.0062650113e-48,3.9715781418e-18,6.9450910287e-25,3.3797844904e-06,3.3797844904e-06,3.3797844904e-06,3.3797844904e-06,0.54443458963,0.54443458963,0.54443458963,0.54443458963,1.4169790997e-12,6.3308005041e-09,6.3308005041e-09,6.3308005041e-09,6.3308005041e-09,1.9093553605e-18,1.8693380249e-05,1.8693380249e-05,1.8693380249e-05,1.8693380249e-05
2790,3.5937486447e-06,3.5937486447e-06,3.5937486447e-06,3.5937486447e-06,1.1159966386e-32,5.3766556883e-26,1.819539066e-22,1.819539066e-22,1.819539066e-22,1.819539066e-22,1.5218572788e-37,4.3120967443e-35,1.3516103118e-48,4.9917659265e-29,2.8366845267e-25,5.8689210588e-09,5.8689210588e-09,5.8689210588e-09,5.8689210588e-09,1.350442473e-48,4.4245752328e-43,1.1298194201e-25,0.00017657634593,0.00017657634593,0.00017657634593,0.00017657634593,4.7754183732e-24,1.4866938795e-50,3.3466549074e-30,1.563799105e-15,1.669137723e-46,8.3247756156e-49,3.9122308929e-18,6.6771803438e-25,3.3832189349e-06,3.3832189349e-06,3.3832189349e-06,3.3832189349e-06,0.54506379516,0.54506379516,0.54506379516,0.54506379516,1.4122257922e-12,6.3316506988e-09,6.3316506988e-09,6.3316506988e-09,6.3316506988e-09,1.8791478511e-18,1.8713821026e-05,1.8713821026e-05,1.8713821026e-05,1.8713821026e-05
2795,3.59741764e-06,3.59741764e-06,3.59741764e-06,3.59741764e-06,1.0316403579e-32,5.1448859168e-26,1.7669621679e-22,1.7669621679e-22,1.7669621679e-22,1.7669621679e-22,1.3655036182e-37,3.9294461475e-35,1.1200888317e-48,4.7070528372e-29,2.7231927837e-25,5.869642852e-09,5.869642852e-09,5.869642852e-09,5.869642852e-09,1.1191178537e-48,3.8220636864e-43,1.0826960423e-25,0.00017677769816,0.00017677769816,0.00017677769816,0.00017677769816,4.6084677919e-24,1.2130648305e-50,3.1364910824e-30,1.5504801151e-15,1.405725493e-46,6.8874331372e-49,3.8540738681e-18,6.4204295695e-25,3.3866632013e-06,3.3866632013e-06,3.3866632013e-06,3.3866632013e-06,0.54569372747,0.54569372747,0.54569372747,0.54569372747,1.4075339972e-12,6.3325645439e-09,6.3325645439e-09,6.3325645439e-09,6.3325645439e-09,1.8495688211e-18,1.8734301529e-05,1.8734301529e-05,1.8734301529e-05,1.8734301529e-05
2800,3.6010969016e-06,3.6010969016e-06,3.6010969016e-06,3.6010969016e-06,9.5380566772e-33,4.9237668148e-26,1.7160975563e-22,1.7160975563e-22,1.7160975563e-22,1.7160975563e-22,1.2253905935e-37,3.5812913982e-35,9.2828045719e-49,4.4392281499e-29,2.6145821127e-25,5.8704240425e-09,5.8704240425e-09,5.8704240425e-09,5.8704240425e-09,9.2747311283e-49,3.301972571e-43,1.037675468e-25,0.00017697932856,0.00017697932856,0.00017697932856,0.00017697932856,4.4479010303e-24,9.8983238871e-51,2.9399641183e-30,1.5373607854e-15,1.1839807802e-46,5.6985838567e-49,3.7970788455e-18,6.1743423863e-25,3.3901172278e-06,3.3901172278e-06,3.3901172278e-06,3.3901172278e-06,0.54632438739,0.54632438739,0.54632438739,0.54632438739,1.4029028823e-12,6.3335414428e-09,6.3335414428e-09,6.3335414428e-09,6.3335414428e-09,1.8206029e-18,1.8754821581e-05,1.8754821581e-05,1.8754821581e-05,1.8754821581e-05
2805,3.604786366e-06,3.604786366e-06,3.604786366e-06,3.604786366e-06,8.8197746973e-33,4.712780804e-26,1.666883979e-22,1.666883979e-22,1.666883979e-22,1.666883979e-22,1.0998131511e-37,3.2644750304e-35,7.6936373389e-49,4.1872533519e-29,2.5106291238e-25,5.8712640739e-09,5.8712640739e-09,5.8712640739e-09,5.8712640739e-09,7.6869241127e-49,2.8529763715e-43,9.9465819754e-26,0.00017718123673,0.00017718123673,0.00017718123673,0.00017718123673,4.2934551088e-24,8.0770820984e-51,2.7561617978e-30,1.5244374696e-15,9.9729708929e-47,4.7152114468e-49,3.7412183641e-18,5.938445852e-25,3.3935809534e-06,3.3935809534e-06,3.3935809534e-06,3.3935809534e-06,0.54695577577,0.54695577577,0.54695577577,0.54695577577,1.3983316292e-12,6.3345808069e-09,6.3345808069e-09,6.3345808069e-09,6.3345808069e-09,1.7922351429e-18,1.8775381012e-05,1.8775381012e-05,1.8775381012e-05,1.8775381012e-05
2810,3.6084859706e-06,3.6084859706e-06,3.6084859706e-06,3.6084859706e-06,8.1568218927e-33,4.5114367444e-26,1.6192625538e-22,1.6192625538e-22,1.6192625538e-22,1.6192625538e-22,9.8724712067e-38,2.9761328651e-35,6.3769053279e-49,3.9501559577e-29,2.4111212273e-25,5.8721623971e-09,5.8721623971e-09,5.8721623971e-09,5.8721623971e-09,6.3713228533e-49,2.4653127673e-43,9.5354969088e-26,0.00017738342228,0.00017738342228,0.00017738342228,0.00017738342228,4.1448786004e-24,6.5911701009e-51,2.5842346906e-30,1.5117065999e-15,8.4011783102e-47,3.9017557331e-49,3.6864657017e-18,5.7122892424e-25,3.3970543183e-06,3.3970543183e-06,3.3970543183e-06,3.3970543183e-06,0.54758789345,0.54758789345,0.54758789345,0.54758789345,1.3938194332e-12,6.3356820549e-09,6.3356820549e-09,6.3356820549e-09,6.3356820549e-09,1.7644510179e-18,1.879597965e-05,1.879597965e-05,1.879597965e-05,1.879597965e-05
2815,3.6121956536e-06,3.6121956536e-06,3.6121956536e-06,3.6121956536e-06,7.5448436199e-33,4.3192685217e-26,1.5731766704e-22,1.5731766704e-22,1.5731766704e-22,1.5731766704e-22,8.8632982991e-38,2.7136663783e-35,5.285839551e-49,3.7270251788e-29,2.315856085e-25,5.8731184698e-09,5.8731184698e-09,5.8731184698e-09,5.8731184698e-09,5.2811971224e-49,2.1305659223e-43,9.1426010846e-26,0.00017758588482,0.00017758588482,0.00017758588482,0.00017758588482,4.0019310936e-24,5.3788040819e-51,2.4233917136e-30,1.4991646857e-15,7.0776908621e-47,3.228818626e-49,3.6327948524e-18,5.4954429526e-25,3.4005372631e-06,3.4005372631e-06,3.4005372631e-06,3.4005372631e-06,0.54822074126,0.54822074126,0.54822074126,0.54822074126,1.3893655034e-12,6.336844613e-09,6.336844613e-09,6.336844613e-09,6.336844613e-09,1.7372363933e-18,1.881661733e-05,1.881661733e-05,1.881661733e-05,1.881661733e-05
2820,3.6159153541e-06,3.6159153541e-06,3.6159153541e-06,3.6159153541e-06,6.9798350641e-33,4.1358337126e-26,1.5285718966e-22,1.5285718966e-22,1.5285718966e-22,1.5285718966e-22,7.9584281727e-38,2.4747177072e-35,4.3817109374e-49,3.5170078847e-29,2.2246410909e-25,5.8741317568e-09,5.8741317568e-09,5.8741317568e-09,5.8741317568e-09,4.3778500538e-49,1.841479949e-43,8.7670406627e-26,0.00017778862398,0.00017778862398,0.00017778862398,0.00017778862398,3.8643826819e-24,4.389591567e-51,2.2728960147e-30,1.4868083109e-15,5.9631906932e-47,2.6720949373e-49,3.5801805055e-18,5.2874974549e-25,3.4040297295e-06,3.4040297295e-06,3.4040297295e-06,3.4040297295e-06,0.54885432006,0.54885432006,0.54885432006,0.54885432006,1.3849690622e-12,6.3380679146e-09,6.3380679146e-09,6.3380679146e-09,6.3380679146e-09,1.7105775253e-18,1.8837293886e-05,1.8837293886e-05,1.8837293886e-05,1.8837293886e-05
2825,3.6196450121e-06,3.6196450121e-06,3.6196450121e-06,3.6196450121e-06,6.4581125797e-33,3.9607123254e-26,1.4853958884e-22,1.4853958884e-22,1.4853958884e-22,1.4853958884e-22,7.1469641376e-38,2.2571470418e-35,3.6324463152e-49,3.319304838e-29,2.1372928792e-25,5.8752017295e-09,5.8752017295e-09,5.8752017295e-09,5.8752017295e-09,3.6292352346e-49,1.5917983273e-43,8.4080040418e-26,0.0001779916394,0.0001779916394,0.0001779916394,0.0001779916394,3.7320134773e-24,3.5824297158e-51,2.1320611529e-30,1.4746341328e-15,5.024600192e-47,2.2114889489e-49,3.5285980246e-18,5.088062311e-25,3.40753166e-06,3.40753166e-06,3.40753166e-06,3.40753166e-06,0.54948863068,0.54948863068,0.54948863068,0.54948863068,1.380629345e-12,6.3393514004e-09,6.3393514004e-09,6.3393514004e-09,6.3393514004e-09,1.6844610463e-18,1.8858009158e-05,1.8858009158e-05,1.8858009158e-05,1.8858009158e-05
2830,3.6233845682e-06,3.6233845682e-06,3.6233845682e-06,3.6233845682e-06,5.9762874227e-33,3.7935056094e-26,1.4435983044e-22,1.4435983044e-22,1.4435983044e-22,1.4435983044e-22,6.4191598964e-38,2.0590121692e-35,3.0114829683e-49,3.1331671808e-29,2.053636859e-25,5.8763278662e-09,5.8763278662e-09,5.8763278662e-09,5.8763278662e-09,3.0088121846e-49,1.3761256511e-43,8.0647196688e-26,0.00017819493073,0.00017819493073,0.00017819493073,0.00017819493073,3.6046131483e-24,2.9237916461e-51,2.0002475551e-30,1.4626388798e-15,4.2340892974e-47,1.8303844226e-49,3.4780234279e-18,4.8967652348e-25,3.4110429978e-06,3.4110429978e-06,3.4110429978e-06,3.4110429978e-06,0.55012367397,0.55012367397,0.55012367397,0.55012367397,1.3763455999e-12,6.3406945181e-09,6.3406945181e-09,6.3406945181e-09,6.3406945181e-09,1.6588739534e-18,1.8878762987e-05,1.8878762987e-05,1.8878762987e-05,1.8878762987e-05
2835,3.6271339643e-06,3.6271339643e-06,3.6271339643e-06,3.6271339643e-06,5.5312416731e-33,3.6338349308e-26,1.4031307237e-22,1.4031307237e-22,1.4031307237e-22,1.4031307237e-22,5.7662968455e-38,1.8785499638e-35,2.4968205887e-49,2.9578931584e-29,1.9735067722e-25,5.8775096517e-09,5.8775096517e-09,5.8775096517e-09,5.8775096517e-09,2.4945990739e-49,1.1898085847e-43,7.7364539671e-26,0.00017839849762,0.00017839849762,0.00017839849762,0.00017839849762,3.4819804801e-24,2.3863290995e-51,1.8768592287e-30,1.45081935e-15,3.5682410858e-47,1.5150413644e-49,3.4284333689e-18,4.7132512036e-25,3.414563687e-06,3.414563687e-06,3.414563687e-06,3.414563687e-06,0.55075945078,0.55075945078,0.55075945078,0.55075945078,1.3721170878e-12,6.3420967225e-09,6.3420967225e-09,6.3420967225e-09,6.3420967225e-09,1.6338035977e-18,1.8899555216e-05,1.8899555216e-05,1.8899555216e-05,1.8899555216e-05
2840,3.6308931426e-06,3.6308931426e-06,3.6308931426e-06,3.6308931426e-06,5.1201061597e-33,3.4813407102e-26,1.3639465674e-22,1.3639465674e-22,1.3639465674e-22,1.3639465674e-22,5.1805745942e-38,1.7141596358e-35,2.0702365594e-49,2.7928250615e-29,1.8967442762e-25,5.8787465772e-09,5.8787465772e-09,5.8787465772e-09,5.8787465772e-09,2.0683886411e-49,1.0288333482e-43,7.4225093763e-26,0.00017860233974,0.00017860233974,0.00017860233974,0.00017860233974,3.3639229559e-24,1.9477330122e-51,1.7613407102e-30,1.4391724093e-15,3.0073503417e-47,1.254097507e-49,3.3798051173e-18,4.5371816146e-25,3.4180936725e-06,3.4180936725e-06,3.4180936725e-06,3.4180936725e-06,0.55139596194,0.55139596194,0.55139596194,0.55139596194,1.3679430816e-12,6.3435574749e-09,6.3435574749e-09,6.3435574749e-09,6.3435574749e-09,1.6092376732e-18,1.8920385693e-05,1.8920385693e-05,1.8920385693e-05,1.8920385693e-05
2845,3.6346620465e-06,3.6346620465e-06,3.6346620465e-06,3.6346620465e-06,4.7402402197e-33,3.3356814189e-26,1.3260010236e-22,1.3260010236e-22,1.3260010236e-22,1.3260010236e-22,4.6550132645e-38,1.5643875679e-35,1.7166363901e-49,2.6373463734e-29,1.8231985474e-25,5.8800381405e-09,5.8800381405e-09,5.8800381405e-09,5.8800381405e-09,1.7150991584e-49,8.8973742664e-44,7.1222224975e-26,0.00017880645678,0.00017880645678,0.00017880645678,0.00017880645678,3.2502563587e-24,1.5898043561e-51,1.653174233e-30,1.4276949898e-15,2.5348338717e-47,1.0381563077e-49,3.3321165413e-18,4.368233485e-25,3.4216328998e-06,3.4216328998e-06,3.4216328998e-06,3.4216328998e-06,0.55203320831,0.55203320831,0.55203320831,0.55203320831,1.3638228665e-12,6.3450762439e-09,6.3450762439e-09,6.3450762439e-09,6.3450762439e-09,1.5851642066e-18,1.8941254265e-05,1.8941254265e-05,1.8941254265e-05,1.8941254265e-05
2850,3.6384406201e-06,3.6384406201e-06,3.6384406201e-06,3.6384406201e-06,4.389213135e-33,3.19653263e-26,1.2892509754e-22,1.2892509754e-22,1.2892509754e-22,1.2892509754e-22,4.1833662911e-38,1.4279135889e-35,1.423515998e-49,2.4908791073e-29,1.7527259059e-25,5.8813838455e-09,5.8813838455e-09,5.8813838455e-09,5.8813838455e-09,1.4222371501e-49,7.6953352213e-44,6.8349623391e-26,0.00017901084843,0.00017901084843,0.00017901084843,0.00017901084843,3.1408043922e-24,1.2976964216e-51,1.5518770987e-30,1.4163840884e-15,2.1367347175e-47,8.594464284e-50,3.2853460902e-18,4.2060986929e-25,3.4251813155e-06,3.4251813155e-06,3.4251813155e-06,3.4251813155e-06,0.55267119074,0.55267119074,0.55267119074,0.55267119074,1.3597557392e-12,6.3466525043e-09,6.3466525043e-09,6.3466525043e-09,6.3466525043e-09,1.5615715475e-18,1.8962160785e-05,1.8962160785e-05,1.8962160785e-05,1.8962160785e-05
2855,3.6422288082e-06,3.6422288082e-06,3.6422288082e-06,3.6422288082e-06,4.0647871076e-33,3.0635861222e-26,1.2536549325e-22,1.2536549325e-22,1.2536549325e-22,1.2536549325e-22,3.7600425816e-38,1.3035385452e-35,1.1805165481e-49,2.3528813208e-29,1.68518946e-25,5.8827832025e-09,5.8827832025e-09,5.8827832025e-09,5.8827832025e-09,1.1794525974e-49,6.6564404192e-44,6.5601286556e-26,0.00017921551437,0.00017921551437,0.00017921551437,0.00017921551437,3.03539832e-24,1.0592968876e-51,1.4569992361e-30,1.405236765e-15,1.8013052831e-47,7.1154027977e-50,3.2394727767e-18,4.0504832563e-25,3.4287388665e-06,3.4287388665e-06,3.4287388665e-06,3.4287388665e-06,0.55330991007,0.55330991007,0.55330991007,0.55330991007,1.3557410084e-12,6.3482857377e-09,6.3482857377e-09,6.3482857377e-09,6.3482857377e-09,1.5384483587e-18,1.8983105107e-05,1.8983105107e-05,1.8983105107e-05,1.8983105107e-05
2860,3.6460265565e-06,3.6460265565e-06,3.6460265565e-06,3.6460265565e-06,3.7649016397e-33,2.9365490318e-26,1.2191729653e-22,1.2191729653e-22,1.2191729653e-22,1.2191729653e-22,3.3800370235e-38,1.1901730458e-35,9.790558985e-50,2.2228447955e-29,1.6204587683e-25,5.8842357278e-09,5.8842357278e-09,5.8842357278e-09,5.8842357278e-09,9.7817068685e-50,5.7584465805e-44,6.2971503765e-26,0.00017942045432,0.00017942045432,0.00017942045432,0.00017942045432,2.9338766218e-24,8.6472387066e-52,1.3681209346e-30,1.394250141e-15,1.5186567863e-47,5.8912137109e-50,3.1944761615e-18,3.9011066498e-25,3.4323055008e-06,3.4323055008e-06,3.4323055008e-06,3.4323055008e-06,0.55394936716,0.55394936716,0.55394936716,0.55394936716,1.3517779939e-12,6.3499754322e-09,6.3499754322e-09,6.3499754322e-09,6.3499754322e-09,1.5157836067e-18,1.9004087087e-05,1.9004087087e-05,1.9004087087e-05,1.9004087087e-05
2865,3.6498338113e-06,3.6498338113e-06,3.6498338113e-06,3.6498338113e-06,3.4876592048e-33,2.8151430512e-26,1.1857666418e-22,1.1857666418e-22,1.1857666418e-22,1.1857666418e-22,3.0388684326e-38,1.0868272695e-35,8.1202345142e-50,2.1002928711e-29,1.5584095211e-25,5.8857409439e-09,5.8857409439e-09,5.8857409439e-09,5.8857409439e-09,8.1128691237e-50,4.9821567612e-44,6.0454841179e-26,0.000179625668,0.000179625668,0.000179625668,0.000179625668,2.8360846666e-24,7.0591491726e-52,1.2848507395e-30,1.3834213981e-15,1.2804644577e-47,4.8779199233e-50,3.1503363365e-18,3.7577011551e-25,3.435881167e-06,3.435881167e-06,3.435881167e-06,3.435881167e-06,0.55458956286,0.55458956286,0.55458956286,0.55458956286,1.3478660266e-12,6.3517210822e-09,6.3517210822e-09,6.3517210822e-09,6.3517210822e-09,1.4935665527e-18,1.9025106584e-05,1.9025106584e-05,1.9025106584e-05,1.9025106584e-05
2870,3.6536505198e-06,3.6536505198e-06,3.6536505198e-06,3.6536505198e-06,3.2313120976e-33,2.6991036715e-26,1.1533989676e-22,1.1533989676e-22,1.1533989676e-22,1.1533989676e-22,2.732524139e-38,9.9260173096e-36,6.7352748518e-50,1.984778422e-29,1.498923236e-25,5.887298379e-09,5.887298379e-09,5.887298379e-09,5.887298379e-09,6.7291461645e-50,4.3110012823e-44,5.8046127745e-26,0.00017983115514,0.00017983115514,0.00017983115514,0.00017983115514,2.7418744013e-24,5.7629178492e-52,1.2068234964e-30,1.3727477765e-15,1.0797196022e-47,4.0391422705e-50,3.1070339102e-18,3.6200112445e-25,3.4394658146e-06,3.4394658146e-06,3.4394658146e-06,3.4394658146e-06,0.55523049801,0.55523049801,0.55523049801,0.55523049801,1.3440044486e-12,6.3535221884e-09,6.3535221884e-09,6.3535221884e-09,6.3535221884e-09,1.4717867442e-18,1.904616346e-05,1.904616346e-05,1.904616346e-05,1.904616346e-05
2875,3.65747663e-06,3.65747663e-06,3.65747663e-06,3.65747663e-06,2.9942503665e-33,2.5881794656e-26,1.1220343283e-22,1.1220343283e-22,1.1220343283e-22,1.1220343283e-22,2.4574104939e-38,9.0667891609e-36,5.5868592996e-50,1.8758819679e-29,1.4418869718e-25,5.8889075674e-09,5.8889075674e-09,5.8889075674e-09,5.8889075674e-09,5.5817593936e-50,3.7306765634e-44,5.5740441854e-26,0.00018003691547,0.00018003691547,0.00018003691547,0.00018003691547,2.6511040536e-24,4.7048702756e-52,1.1336985352e-30,1.3622265738e-15,9.1052105597e-48,3.3447851229e-50,3.064549992e-18,3.4877929959e-25,3.4430593935e-06,3.4430593935e-06,3.4430593935e-06,3.4430593935e-06,0.55587217348,0.55587217348,0.55587217348,0.55587217348,1.3401926124e-12,6.3553782576e-09,6.3553782576e-09,6.3553782576e-09,6.3553782576e-09,1.450434006e-18,1.9067257578e-05,1.9067257578e-05,1.9067257578e-05,1.9067257578e-05
2880,3.6613120906e-06,3.6613120906e-06,3.6613120906e-06,3.6613120906e-06,2.774990736e-33,2.4821314103e-26,1.0916384339e-22,1.0916384339e-22,1.0916384339e-22,1.0916384339e-22,2.2103086574e-38,8.2831570251e-36,4.6345310699e-50,1.7732099091e-29,1.3871930548e-25,5.8905680491e-09,5.8905680491e-09,5.8905680491e-09,5.8905680491e-09,4.6302870254e-50,3.2288338236e-44,5.3533098718e-26,0.00018024294873,0.00018024294873,0.00018024294873,0.00018024294873,2.56363785e-24,3.8412098257e-52,1.0651579824e-30,1.3518551436e-15,7.6789976494e-48,2.7699496625e-50,3.0228661785e-18,3.3608135367e-25,3.4466618545e-06,3.4466618545e-06,3.4466618545e-06,3.4466618545e-06,0.55651459011,0.55651459011,0.55651459011,0.55651459011,1.3364298814e-12,6.3572888029e-09,6.3572888029e-09,6.3572888029e-09,6.3572888029e-09,1.4294984324e-18,1.9088388805e-05,1.9088388805e-05,1.9088388805e-05,1.9088388805e-05
2885,3.6651568508e-06,3.6651568508e-06,3.6651568508e-06,3.6651568508e-06,2.5721664377e-33,2.3807322456e-26,1.0621782666e-22,1.0621782666e-22,1.0621782666e-22,1.0621782666e-22,1.988335099e-38,7.5683649077e-36,3.8447624088e-50,1.6763928776e-29,1.334738821e-25,5.8922793696e-09,5.8922793696e-09,5.8922793696e-09,5.8922793696e-09,3.8412304088e-50,2.7948107356e-44,5.1419638403e-26,0.00018044925469,0.00018044925469,0.00018044925469,0.00018044925469,2.4793457461e-24,3.1361986209e-52,1.0009051928e-30,1.341630894e-15,6.476712128e-48,2.2940353495e-50,2.9819645392e-18,3.2388505163e-25,3.4502731491e-06,3.4502731491e-06,3.4502731491e-06,3.4502731491e-06,0.55715774877,0.55715774877,0.55715774877,0.55715774877,1.3327156289e-12,6.3592533433e-09,6.3592533433e-09,6.3592533433e-09,6.3592533433e-09,1.4089703792e-18,1.9109557008e-05,1.9109557008e-05,1.9109557008e-05,1.9109557008e-05
2890,3.6690108609e-06,3.6690108609e-06,3.6690108609e-06,3.6690108609e-06,2.3845178733e-33,2.2837658675e-26,1.0336220296e-22,1.0336220296e-22,1.0336220296e-22,1.0336220296e-22,1.7889063031e-38,6.9162697887e-36,3.189766221e-50,1.5850841964e-29,1.2844263706e-25,5.8940410803e-09,5.8940410803e-09,5.8940410803e-09,5.8940410803e-09,3.1868266462e-50,2.4194000795e-44,4.9395814503e-26,0.0001806558331,0.0001806558331,0.0001806558331,0.0001806558331,2.3981031707e-24,2.5606736723e-52,9.4066329197e-31,1.3315512863e-15,5.4631126622e-48,1.8999969469e-50,2.9418276027e-18,3.1216916047e-25,3.4538932296e-06,3.4538932296e-06,3.4538932296e-06,3.4538932296e-06,0.5578016503,0.5578016503,0.5578016503,0.5578016503,1.3290492386e-12,6.3612714037e-09,6.3612714037e-09,6.3612714037e-09,6.3612714037e-09,1.388840456e-18,1.9130762058e-05,1.9130762058e-05,1.9130762058e-05,1.9130762058e-05
2895,3.6728740717e-06,3.6728740717e-06,3.6728740717e-06,3.6728740717e-06,2.2108840405e-33,2.1910267547e-26,1.0059390988e-22,1.0059390988e-22,1.0059390988e-22,1.0059390988e-22,1.6097072272e-38,6.3212851893e-36,2.6465117881e-50,1.4989584406e-29,1.2361623353e-25,5.895852738e-09,5.895852738e-09,5.895852738e-09,5.895852738e-09,2.6440651408e-50,2.0946502726e-44,4.7457583406e-26,0.00018086268373,0.00018086268373,0.00018086268373,0.00018086268373,2.3197907812e-24,2.0908364328e-52,8.8417382164e-31,1.3216138342e-15,4.6085171352e-48,1.5737301386e-50,2.9024383441e-18,3.0091340157e-25,3.4575220486e-06,3.4575220486e-06,3.4575220486e-06,3.4575220486e-06,0.55844629556,0.55844629556,0.55844629556,0.55844629556,1.325430104e-12,6.3633425149e-09,6.3633425149e-09,6.3633425149e-09,6.3633425149e-09,1.3690995189e-18,1.9152003828e-05,1.9152003828e-05,1.9152003828e-05,1.9152003828e-05
2900,3.6767464346e-06,3.6767464346e-06,3.6767464346e-06,3.6767464346e-06,2.0501946577e-33,2.102319425e-26,9.7909997672e-23,9.7909997672e-23,9.7909997672e-23,9.7909997672e-23,1.4486631108e-38,5.7783300071e-36,2.1959094837e-50,1.4177100908e-29,1.1898576576e-25,5.8977139048e-09,5.8977139048e-09,5.8977139048e-09,5.8977139048e-09,2.1938729985e-50,1.813693365e-44,4.5601094122e-26,0.00018106980637,0.00018106980637,0.00018106980637,0.00018106980637,2.2442942309e-24,1.7072653476e-52,8.3119548011e-31,1.3118161019e-15,3.8879236543e-48,1.3035634534e-50,2.8637801721e-18,2.9009840548e-25,3.4611595598e-06,3.4611595598e-06,3.4611595598e-06,3.4611595598e-06,0.55909168542,0.55909168542,0.55909168542,0.55909168542,1.3218576285e-12,6.3654662135e-09,6.3654662135e-09,6.3654662135e-09,6.3654662135e-09,1.3497386629e-18,1.9173282193e-05,1.9173282193e-05,1.9173282193e-05,1.9173282193e-05
2905,3.680627902e-06,3.680627902e-06,3.680627902e-06,3.680627902e-06,1.9014629309e-33,2.0174579215e-26,9.5307624751e-23,9.5307624751e-23,9.5307624751e-23,9.5307624751e-23,1.3039142742e-38,5.2827821231e-36,1.8221354273e-50,1.3410522766e-29,1.1454273812e-25,5.8996241485e-09,5.8996241485e-09,5.8996241485e-09,5.8996241485e-09,1.8204402536e-50,1.5705967009e-44,4.3822678653e-26,0.00018127720081,0.00018127720081,0.00018127720081,0.00018127720081,2.1715039469e-24,1.394110292e-52,7.815029512e-31,1.3021557036e-15,3.2802708621e-48,1.0798380799e-50,2.8258369166e-18,2.7970566889e-25,3.4648057174e-06,3.4648057174e-06,3.4648057174e-06,3.4648057174e-06,0.55973782073,0.55973782073,0.55973782073,0.55973782073,1.3183312249e-12,6.3676420416e-09,6.3676420416e-09,6.3676420416e-09,6.3676420416e-09,1.3307492156e-18,1.919459703e-05,1.919459703e-05,1.919459703e-05,1.919459703e-05
2910,3.6845184267e-06,3.6845184267e-06,3.6845184267e-06,3.6845184267e-06,1.7637789077e-33,1.936265326e-26,9.2784053476e-23,9.2784053476e-23,9.2784053476e-23,9.2784053476e-23,1.1737935874e-38,4.8304363277e-36,1.5120720254e-50,1.2687155999e-29,1.1027904523e-25,5.901583042e-09,5.901583042e-09,5.901583042e-09,5.901583042e-09,1.5106608851e-50,1.3602349763e-44,4.2118842854e-26,0.00018148486683,0.00018148486683,0.00018148486683,0.00018148486683,2.1013149188e-24,1.1384353697e-52,7.3488581531e-31,1.2926303017e-15,2.7678154231e-48,8.9456034564e-51,2.7885928168e-18,2.6971751378e-25,3.4684604761e-06,3.4684604761e-06,3.4684604761e-06,3.4684604761e-06,0.56038470235,0.56038470235,0.56038470235,0.56038470235,1.3148503155e-12,6.3698695472e-09,6.3698695472e-09,6.3698695472e-09,6.3698695472e-09,1.31212273e-18,1.9215948219e-05,1.9215948219e-05,1.9215948219e-05,1.9215948219e-05
2915,3.6884179623e-06,3.6884179623e-06,3.6884179623e-06,3.6884179623e-06,1.6363033712e-33,1.8585732984e-26,9.0336646051e-23,9.0336646051e-23,9.0336646051e-23,9.0336646051e-23,1.0568063245e-38,4.4174661592e-36,1.2548444862e-50,1.2004470359e-29,1.0618695309e-25,5.9035901633e-09,5.9035901633e-09,5.9035901633e-09,5.9035901633e-09,1.253669726e-50,1.1781798766e-44,4.0486257783e-26,0.00018169280425,0.00018169280425,0.00018169280425,0.00018169280425,2.0336264971e-24,9.2968273063e-53,6.9114753655e-31,1.2832376063e-15,2.3356080806e-48,7.4111428088e-51,2.7520325098e-18,2.6011704857e-25,3.4721237914e-06,3.4721237914e-06,3.4721237914e-06,3.4721237914e-06,0.56103233114,0.56103233114,0.56103233114,0.56103233114,1.3114143315e-12,6.3721482835e-09,6.3721482835e-09,6.3721482835e-09,6.3721482835e-09,1.293850978e-18,1.923733564e-05,1.923733564e-05,1.923733564e-05,1.923733564e-05
2920,3.692326463e-06,3.692326463e-06,3.692326463e-06,3.692326463e-06,1.5182622285e-33,1.7842216406e-26,8.7962860621e-23,8.7962860621e-23,8.7962860621e-23,8.7962860621e-23,9.5161214587e-39,4.040389285e-36,1.0414368222e-50,1.1360089053e-29,1.0225908112e-25,5.9056450958e-09,5.9056450958e-09,5.9056450958e-09,5.9056450958e-09,1.0404587942e-50,1.0206048662e-44,3.8921751493e-26,0.00018190101288,0.00018190101288,0.00018190101288,0.00018190101288,1.9683422008e-24,7.5923510704e-53,6.5010452066e-31,1.2739753735e-15,1.9710526406e-48,6.1402386312e-51,2.716141019e-18,2.5088813115e-25,3.4757956195e-06,3.4757956195e-06,3.4757956195e-06,3.4757956195e-06,0.56168070797,0.56168070797,0.56168070797,0.56168070797,1.3080227136e-12,6.3744778094e-09,6.3744778094e-09,6.3744778094e-09,6.3744778094e-09,1.2759259444e-18,1.9258759179e-05,1.9258759179e-05,1.9258759179e-05,1.9258759179e-05
2925,3.6962438839e-06,3.6962438839e-06,3.6962438839e-06,3.6962438839e-06,1.4089413529e-33,1.7130578837e-26,8.5660247521e-23,8.5660247521e-23,8.5660247521e-23,8.5660247521e-23,8.5700898446e-39,3.6960360929e-36,8.6437368789e-51,1.0751779122e-29,9.848838521e-26,5.9077474277e-09,5.9077474277e-09,5.9077474277e-09,5.9077474277e-09,8.6355940296e-51,8.8420304344e-45,3.7422301254e-26,0.00018210949253,0.00018210949253,0.00018210949253,0.00018210949253,1.9053695342e-24,6.2005888011e-53,6.1158523849e-31,1.2648414047e-15,1.6635347269e-48,5.0875634566e-51,2.680903744e-18,2.4201533386e-25,3.4794759171e-06,3.4794759171e-06,3.4794759171e-06,3.4794759171e-06,0.5623298337,0.5623298337,0.5623298337,0.5623298337,1.304674911e-12,6.3768576889e-09,6.3768576889e-09,6.3768576889e-09,6.3768576889e-09,1.2583398203e-18,1.9280218719e-05,1.9280218719e-05,1.9280218719e-05,1.9280218719e-05
2930,3.7001701804e-06,3.7001701804e-06,3.7001701804e-06,3.7001701804e-06,1.3076818429e-33,1.6449368965e-26,8.3426445685e-23,8.3426445685e-23,8.3426445685e-23,8.3426445685e-23,7.7191862999e-39,3.3815211899e-36,7.1745675181e-51,1.0177442454e-29,9.4868141529e-26,5.9098967526e-09,5.9098967526e-09,5.9098967526e-09,5.9098967526e-09,7.1677875982e-51,7.6611625721e-45,3.5985026177e-26,0.00018231824304,0.00018231824304,0.00018231824304,0.00018231824304,1.8446198122e-24,5.0641284301e-53,5.7542941051e-31,1.2558335456e-15,1.4041092439e-48,4.2155956124e-51,2.6463064493e-18,2.3348391003e-25,3.4831646416e-06,3.4831646416e-06,3.4831646416e-06,3.4831646416e-06,0.56297970919,0.56297970919,0.56297970919,0.56297970919,1.3013703818e-12,6.3792874916e-09,6.3792874916e-09,6.3792874916e-09,6.3792874916e-09,1.2410849977e-18,1.9301714149e-05,1.9301714149e-05,1.9301714149e-05,1.9301714149e-05
2935,3.7041053087e-06,3.7041053087e-06,3.7041053087e-06,3.7041053087e-06,1.2138756635e-33,1.5797205155e-26,8.1259179206e-23,8.1259179206e-23,8.1259179206e-23,8.1259179206e-23,6.9537383219e-39,3.0942175361e-36,5.9554624138e-51,9.6351073618e-30,9.1391931187e-26,5.9120926685e-09,5.9120926685e-09,5.9120926685e-09,5.9120926685e-09,5.949817e-51,6.6387393668e-45,3.4607180221e-26,0.00018252726424,0.00018252726424,0.00018252726424,0.00018252726424,1.7860079935e-24,4.1361055983e-53,5.4148724788e-31,1.246949685e-15,1.1852372415e-48,3.49327324e-51,2.6123352546e-18,2.2527976228e-25,3.4868617509e-06,3.4868617509e-06,3.4868617509e-06,3.4868617509e-06,0.5636303353,0.5636303353,0.5636303353,0.5636303353,1.2981085924e-12,6.381766792e-09,6.381766792e-09,6.381766792e-09,6.381766792e-09,1.2241540635e-18,1.9323245358e-05,1.9323245358e-05,1.9323245358e-05,1.9323245358e-05
2940,3.7080492256e-06,3.7080492256e-06,3.7080492256e-06,3.7080492256e-06,1.1269616377e-33,1.517277194e-26,7.9156254036e-23,7.9156254036e-23,7.9156254036e-23,7.9156254036e-23,6.2650676067e-39,2.831732967e-36,4.9437991002e-51,9.1229207179e-30,8.8053625675e-26,5.9143347787e-09,5.9143347787e-09,5.9143347787e-09,5.9143347787e-09,4.9390981024e-51,5.753402961e-45,3.3286145558e-26,0.00018273655598,0.00018273655598,0.00018273655598,0.00018273655598,1.7294525217e-24,3.3782645047e-53,5.0961874611e-31,1.2381877537e-15,1.0005643559e-48,2.8948807079e-51,2.5789766246e-18,2.1738941232e-25,3.4905672036e-06,3.4905672036e-06,3.4905672036e-06,3.4905672036e-06,0.56428171291,0.56428171291,0.56428171291,0.56428171291,1.2948890179e-12,6.38429517e-09,6.38429517e-09,6.38429517e-09,6.38429517e-09,1.2075397939e-18,1.9344812238e-05,1.9344812238e-05,1.9344812238e-05,1.9344812238e-05
2945,3.7120018888e-06,3.7120018888e-06,3.7120018888e-06,3.7120018888e-06,1.0464217611e-33,1.4574816693e-26,7.7115554818e-23,7.7115554818e-23,7.7115554818e-23,7.7115554818e-23,5.6453867739e-39,2.5918888794e-36,4.1042300695e-51,8.6391405824e-30,8.4847373017e-26,5.9166226912e-09,5.9166226912e-09,5.9166226912e-09,5.9166226912e-09,4.1003152894e-51,4.9866876346e-45,3.2019426281e-26,0.0001829461181,0.0001829461181,0.0001829461181,0.0001829461181,1.6748751733e-24,2.7593755051e-53,4.7969302759e-31,1.229545724e-15,8.4473424093e-49,2.3991272429e-51,2.5462173597e-18,2.0979997225e-25,3.494280959e-06,3.494280959e-06,3.494280959e-06,3.494280959e-06,0.56493384287,0.56493384287,0.56493384287,0.56493384287,1.2917111413e-12,6.3868722103e-09,6.3868722103e-09,6.3868722103e-09,6.3868722103e-09,1.191235149e-18,1.9366414682e-05,1.9366414682e-05,1.9366414682e-05,1.9366414682e-05
2950,3.7159632561e-06,3.7159632561e-06,3.7159632561e-06,3.7159632561e-06,9.717778111e-34,1.4002146481e-26,7.5135041858e-23,7.5135041858e-23,7.5135041858e-23,7.5135041858e-23,5.0877069311e-39,2.3727008801e-36,3.4074393311e-51,8.1821293097e-30,8.1767584624e-26,5.9189560184e-09,5.9189560184e-09,5.9189560184e-09,5.9189560184e-09,3.4041791048e-51,4.3226264005e-45,3.0804642436e-26,0.00018315595046,0.00018315595046,0.00018315595046,0.00018315595046,1.6222009135e-24,2.2539437827e-53,4.5158772942e-31,1.2210216083e-15,7.1323145204e-49,1.9883845556e-51,2.5140445865e-18,2.0249911723e-25,3.4980029768e-06,3.4980029768e-06,3.4980029768e-06,3.4980029768e-06,0.56558672607,0.56558672607,0.56558672607,0.56558672607,1.2885744539e-12,6.3894975029e-09,6.3894975029e-09,6.3894975029e-09,6.3894975029e-09,1.1752332679e-18,1.9388052586e-05,1.9388052586e-05,1.9388052586e-05,1.9388052586e-05
2955,3.7199332863e-06,3.7199332863e-06,3.7199332863e-06,3.7199332863e-06,9.0258822842e-34,1.345362508e-26,7.3212748211e-23,7.3212748211e-23,7.3212748211e-23,7.3212748211e-23,4.5857549277e-39,2.1723612131e-36,2.8291117945e-51,7.7503470939e-30,7.8808922801e-26,5.9213343779e-09,5.9213343779e-09,5.9213343779e-09,5.9213343779e-09,2.826396536e-51,3.7474113525e-45,2.9639524356e-26,0.00018336605294,0.00018336605294,0.00018336605294,0.00018336605294,1.5713577577e-24,1.8411555135e-53,4.2518843351e-31,1.2126134582e-15,6.0224912254e-49,1.6480559899e-51,2.4824457491e-18,1.9547505949e-25,3.5017332173e-06,3.5017332173e-06,3.5017332173e-06,3.5017332173e-06,0.56624036336,0.56624036336,0.56624036336,0.56624036336,1.2854784548e-12,6.3921706426e-09,6.3921706426e-09,6.3921706426e-09,6.3921706426e-09,1.1595274631e-18,1.9409725847e-05,1.9409725847e-05,1.9409725847e-05,1.9409725847e-05
2960,3.7239119386e-06,3.7239119386e-06,3.7239119386e-06,3.7239119386e-06,8.3844524762e-34,1.2928170142e-26,7.1346776895e-23,7.1346776895e-23,7.1346776895e-23,7.1346776895e-23,4.1338992731e-39,1.9892228002e-36,2.3490789993e-51,7.3423459267e-30,7.5966288872e-26,5.9237573914e-09,5.9237573914e-09,5.9237573914e-09,5.9237573914e-09,2.3468174937e-51,3.2491003884e-45,2.8521907293e-26,0.00018357642539,0.00018357642539,0.00018357642539,0.00018357642539,1.5222766401e-24,1.5040178187e-53,4.003881358e-31,1.2043193642e-15,5.0857751042e-49,1.3660544745e-51,2.4514085998e-18,1.8871652364e-25,3.5054716414e-06,3.5054716414e-06,3.5054716414e-06,3.5054716414e-06,0.56689475562,0.56689475562,0.56689475562,0.56689475562,1.282422651e-12,6.3948912289e-09,6.3948912289e-09,6.3948912289e-09,6.3948912289e-09,1.1441112162e-18,1.9431434365e-05,1.9431434365e-05,1.9431434365e-05,1.9431434365e-05
2965,3.727899173e-06,3.727899173e-06,3.727899173e-06,3.727899173e-06,7.7897225675e-34,1.2424750519e-26,6.9535298214e-23,6.9535298214e-23,6.9535298214e-23,6.9535298214e-23,3.7270838023e-39,1.8217847441e-36,1.9506109768e-51,6.9567639401e-30,7.3234811902e-26,5.9262246854e-09,5.9262246854e-09,5.9262246854e-09,5.9262246854e-09,1.9487272966e-51,2.8173639492e-45,2.7449726312e-26,0.0001837870677,0.0001837870677,0.0001837870677,0.0001837870677,1.4748912874e-24,1.2286568425e-53,3.7708675191e-31,1.196137454e-15,4.2951011682e-49,1.1323704901e-51,2.4209211914e-18,1.8221272306e-25,3.5092182107e-06,3.5092182107e-06,3.5092182107e-06,3.5092182107e-06,0.56754990371,0.56754990371,0.56754990371,0.56754990371,1.2794065569e-12,6.3976588663e-09,6.3976588663e-09,6.3976588663e-09,6.3976588663e-09,1.1289781727e-18,1.9453178039e-05,1.9453178039e-05,1.9453178039e-05,1.9453178039e-05
2970,3.7318949499e-06,3.7318949499e-06,3.7318949499e-06,3.7318949499e-06,7.2382136736e-34,1.1942383718e-26,6.7776547191e-23,6.7776547191e-23,6.7776547191e-23,6.7776547191e-23,3.3607682706e-39,1.6686791593e-36,1.6198292113e-51,6.5923201084e-30,7.0609837968e-26,5.9287358909e-09,5.9287358909e-09,5.9287358909e-09,5.9287358909e-09,1.6182601504e-51,2.4432662889e-45,2.6421011452e-26,0.00018399797976,0.00018399797976,0.00018399797976,0.00018399797976,1.4291380993e-24,1.0037448655e-53,3.5519065669e-31,1.1880658922e-15,3.6276459918e-49,9.387145078e-52,2.3909718681e-18,1.7595333761e-25,3.5129728872e-06,3.5129728872e-06,3.5129728872e-06,3.5129728872e-06,0.56820580852,0.56820580852,0.56820580852,0.56820580852,1.2764296946e-12,6.4004731639e-09,6.4004731639e-09,6.4004731639e-09,6.4004731639e-09,1.1141221376e-18,1.9474956774e-05,1.9474956774e-05,1.9474956774e-05,1.9474956774e-05
2975,3.7358992304e-06,3.7358992304e-06,3.7358992304e-06,3.7358992304e-06,6.7267117797e-34,1.1480133489e-26,6.6068821107e-23,6.6068821107e-23,6.6068821107e-23,6.6068821107e-23,3.0308751461e-39,1.5286592059e-36,1.3452199618e-51,6.2478092868e-30,6.8086919966e-26,5.9312906431e-09,5.9312906431e-09,5.9312906431e-09,5.9312906431e-09,1.3439129021e-51,2.1190765469e-45,2.5433883135e-26,0.00018420916145,0.00018420916145,0.00018420916145,0.00018420916145,1.3849560337e-24,8.2003271452e-54,3.3461225518e-31,1.1801028794e-15,3.064161423e-49,7.7822104722e-52,2.3615492584e-18,1.6992849223e-25,3.5167356335e-06,3.5167356335e-06,3.5167356335e-06,3.5167356335e-06,0.5688624709,0.5688624709,0.5688624709,0.5688624709,1.2734915935e-12,6.4033337357e-09,6.4033337357e-09,6.4033337357e-09,6.4033337357e-09,1.099537071e-18,1.9496770473e-05,1.9496770473e-05,1.9496770473e-05,1.9496770473e-05
2980,3.739911976e-06,3.739911976e-06,3.739911976e-06,3.739911976e-06,6.2522471499e-34,1.1037107545e-26,6.4410477135e-23,6.4410477135e-23,6.4410477135e-23,6.4410477135e-23,2.7337419473e-39,1.4005882159e-36,1.1172307656e-51,5.922097564e-30,6.5661807922e-26,5.9338885816e-09,5.9338885816e-09,5.9338885816e-09,5.9338885816e-09,1.1161419002e-51,1.8381055445e-45,2.4486547801e-26,0.00018442061268,0.00018442061268,0.00018442061268,0.00018442061268,1.3422864973e-24,6.6996810327e-54,3.1526958293e-31,1.172246651e-15,2.5884132024e-49,6.45203721e-52,2.3326422668e-18,1.6412873669e-25,3.5205064127e-06,3.5205064127e-06,3.5205064127e-06,3.5205064127e-06,0.56951989175,0.56951989175,0.56951989175,0.56951989175,1.2705917902e-12,6.4062401999e-09,6.4062401999e-09,6.4062401999e-09,6.4062401999e-09,1.0852170836e-18,1.9518619043e-05,1.9518619043e-05,1.9518619043e-05,1.9518619043e-05
2985,3.743933149e-06,3.743933149e-06,3.743933149e-06,3.743933149e-06,5.812075371e-34,1.0612455389e-26,6.2799930078e-23,6.2799930078e-23,6.2799930078e-23,6.2799930078e-23,2.4660785411e-39,1.2834298107e-36,9.2793588311e-52,5.6141179082e-30,6.3330439771e-26,5.9365293506e-09,5.9365293506e-09,5.9365293506e-09,5.9365293506e-09,9.270287397e-52,1.5945647858e-45,2.3577293766e-26,0.00018463233335,0.00018463233335,0.00018463233335,0.00018463233335,1.3010732411e-24,5.4738410093e-54,2.9708593345e-31,1.1644954772e-15,2.1867079353e-49,5.3495246947e-52,2.3042400664e-18,1.5854502624e-25,3.5242851886e-06,3.5242851886e-06,3.5242851886e-06,3.5242851886e-06,0.57017807193,0.57017807193,0.57017807193,0.57017807193,1.2677298285e-12,6.4091921795e-09,6.4091921795e-09,6.4091921795e-09,6.4091921795e-09,1.0711564326e-18,1.9540502393e-05,1.9540502393e-05,1.9540502393e-05,1.9540502393e-05
2990,3.747962712e-06,3.747962712e-06,3.747962712e-06,3.747962712e-06,5.4036598957e-34,1.0205366264e-26,6.123565019e-23,6.123565019e-23,6.123565019e-23,6.123565019e-23,2.2249288806e-39,1.1762389181e-36,7.7075889212e-52,5.322866088e-30,6.1088932597e-26,5.939212598e-09,5.939212598e-09,5.939212598e-09,5.939212598e-09,7.7000310274e-52,1.3834446312e-45,2.2704487292e-26,0.00018484432337,0.00018484432337,0.00018484432337,0.00018484432337,1.2612622605e-24,4.4724483401e-54,2.7998951109e-31,1.1568476614e-15,1.8474944786e-49,4.4356571002e-52,2.2763320919e-18,1.5316870324e-25,3.5280719254e-06,3.5280719254e-06,3.5280719254e-06,3.5280719254e-06,0.57083701231,0.57083701231,0.57083701231,0.57083701231,1.2649052591e-12,6.412189302e-09,6.412189302e-09,6.412189302e-09,6.412189302e-09,1.0573495177e-18,1.9562420432e-05,1.9562420432e-05,1.9562420432e-05,1.9562420432e-05
2995,3.7520006284e-06,3.7520006284e-06,3.7520006284e-06,3.7520006284e-06,5.0246559663e-34,9.8150671979e-27,5.9716161091e-23,5.9716161091e-23,5.9716161091e-23,5.9716161091e-23,2.0076367156e-39,1.0781536057e-36,6.4024265266e-52,5.0473968497e-30,5.8933574297e-26,5.9419379763e-09,5.9419379763e-09,5.9419379763e-09,5.9419379763e-09,6.3961293091e-52,1.2004090223e-45,2.1866568849e-26,0.00018505658267,0.00018505658267,0.00018505658267,0.00018505658267,1.2228017006e-24,3.6543789967e-54,2.6391310737e-31,1.14930154e-15,1.5610280088e-49,3.67811381e-52,2.2489080321e-18,1.4799147964e-25,3.5318665877e-06,3.5318665877e-06,3.5318665877e-06,3.5318665877e-06,0.57149671378,0.57149671378,0.57149671378,0.57149671378,1.2621176394e-12,6.4152311992e-09,6.4152311992e-09,6.4152311992e-09,6.4152311992e-09,1.043790877e-18,1.9584373071e-05,1.9584373071e-05,1.9584373071e-05,1.9584373071e-05
3000,3.756046862e-06,3.756046862e-06,3.756046862e-06,3.756046862e-06,4.6728958058e-34,9.4408211568e-27,5.8240037759e-23,5.8240037759e-23,5.8240037759e-23,5.8240037759e-23,1.81181486e-39,9.8838765528e-37,5.3185854385e-52,4.786820335e-30,5.6860815656e-26,5.9447051418e-09,5.9447051418e-09,5.9447051418e-09,5.9447051418e-09,5.3133383346e-52,1.0417045006e-45,2.1062049571e-26,0.00018526911116,0.00018526911116,0.00018526911116,0.00018526911116,1.1856417645e-24,2.9860490443e-54,2.4879379927e-31,1.1418554814e-15,1.3190868916e-49,3.0501189978e-52,2.2219578234e-18,1.4300542028e-25,3.5356691409e-06,3.5356691409e-06,3.5356691409e-06,3.5356691409e-06,0.57215717721,0.57215717721,0.57215717721,0.57215717721,1.2593665336e-12,6.4183175073e-09,6.4183175073e-09,6.4183175073e-09,6.4183175073e-09,1.0304751833e-18,1.9606360223e-05,1.9606360223e-05,1.9606360223e-05,1.9606360223e-05
3005,3.760101377e-06,3.760101377e-06,3.760101377e-06,3.760101377e-06,4.3463749771e-34,9.0819252892e-27,5.6805904611e-23,5.6805904611e-23,5.6805904611e-23,5.6805904611e-23,1.6353176421e-39,9.0622381024e-37,4.4184825823e-52,4.5402987231e-30,5.48672628e-26,5.9475137552e-09,5.9475137552e-09,5.9475137552e-09,5.9475137552e-09,4.4141102446e-52,9.0408157155e-46,2.0289507882e-26,0.00018548190878,0.00018548190878,0.00018548190878,0.00018548190878,1.1497346269e-24,2.4400312112e-54,2.3457266796e-31,1.1345078854e-15,1.1147340345e-49,2.5294891392e-52,2.1954716433e-18,1.3820292699e-25,3.5394795507e-06,3.5394795507e-06,3.5394795507e-06,3.5394795507e-06,0.57281840349,0.57281840349,0.57281840349,0.57281840349,1.2566515128e-12,6.4214478668e-09,6.4214478668e-09,6.4214478668e-09,6.4214478668e-09,1.0173972405e-18,1.9628381805e-05,1.9628381805e-05,1.9628381805e-05,1.9628381805e-05
3010,3.7641641385e-06,3.7641641385e-06,3.7641641385e-06,3.7641641385e-06,4.0432398134e-34,8.7377092602e-27,5.5412433653e-23,5.5412433653e-23,5.5412433653e-23,5.5412433653e-23,1.4762162063e-39,8.310076345e-37,3.6709258943e-52,4.3070430829e-30,5.2949670026e-26,5.9503634809e-09,5.9503634809e-09,5.9503634809e-09,5.9503634809e-09,3.6672822935e-52,7.8472672931e-46,1.9547586298e-26,0.00018569497546,0.00018569497546,0.00018569497546,0.00018569497546,1.1150343507e-24,1.993925461e-54,2.2119453643e-31,1.1272571826e-15,9.4211571765e-50,2.0978443564e-52,2.1694399032e-18,1.3357672349e-25,3.5432977834e-06,3.5432977834e-06,3.5432977834e-06,3.5432977834e-06,0.57348039348,0.57348039348,0.57348039348,0.57348039348,1.253972154e-12,6.4246219223e-09,6.4246219223e-09,6.4246219223e-09,6.4246219223e-09,1.0045519796e-18,1.9650437731e-05,1.9650437731e-05,1.9650437731e-05,1.9650437731e-05
3015,3.7682351118e-06,3.7682351118e-06,3.7682351118e-06,3.7682351118e-06,3.7617758363e-34,8.4075336712e-27,5.4058342708e-23,5.4058342708e-23,5.4058342708e-23,5.4058342708e-23,1.3327763663e-39,7.6214192594e-37,3.0500260113e-52,4.0863104217e-30,5.1104932971e-26,5.9532539874e-09,5.9532539874e-09,5.9532539874e-09,5.9532539874e-09,3.0469895276e-52,6.8120369201e-46,1.8834988383e-26,0.00018590831114,0.00018590831114,0.00018590831114,0.00018590831114,1.0814968079e-24,1.629436898e-54,2.0860772481e-31,1.1201018334e-15,7.9629200311e-50,1.7399553791e-52,2.1438532431e-18,1.2911984093e-25,3.5471238058e-06,3.5471238058e-06,3.5471238058e-06,3.5471238058e-06,0.57414314808,0.57414314808,0.57414314808,0.57414314808,1.2513280411e-12,6.4278393228e-09,6.4278393228e-09,6.4278393228e-09,6.4278393228e-09,9.9193445582e-19,1.9672527921e-05,1.9672527921e-05,1.9672527921e-05,1.9672527921e-05
3020,3.7723142628e-06,3.7723142628e-06,3.7723142628e-06,3.7723142628e-06,3.5003970813e-34,8.0907885592e-27,5.2742393715e-23,5.2742393715e-23,5.2742393715e-23,5.2742393715e-23,1.2034387453e-39,6.9908163413e-37,2.5342935438e-52,3.8774009177e-30,4.9330082119e-26,5.9561849471e-09,5.9561849471e-09,5.9561849471e-09,5.9561849471e-09,2.5317628816e-52,5.9140259345e-46,1.815047586e-26,0.00018612191579,0.00018612191579,0.00018612191579,0.00018612191579,1.0490796036e-24,1.3316229204e-54,1.9676382216e-31,1.1130403279e-15,6.7309375379e-50,1.4432027708e-52,2.1187025247e-18,1.2482560413e-25,3.5509575851e-06,3.5509575851e-06,3.5509575851e-06,3.5509575851e-06,0.57480666817,0.57480666817,0.57480666817,0.57480666817,1.248718764e-12,6.4310997213e-09,6.4310997213e-09,6.4310997213e-09,6.4310997213e-09,9.7953984469e-19,1.9694652293e-05,1.9694652293e-05,1.9694652293e-05,1.9694652293e-05
3025,3.776401558e-06,3.776401558e-06,3.776401558e-06,3.776401558e-06,3.2576362594e-34,7.7868919732e-27,5.1463391089e-23,5.1463391089e-23,5.1463391089e-23,5.1463391089e-23,1.086800963e-39,6.4132923617e-37,2.1058902428e-52,3.6796553246e-30,4.7622276615e-26,5.9591560361e-09,5.9591560361e-09,5.9591560361e-09,5.9591560361e-09,2.1037810297e-52,5.1349604906e-46,1.7492865862e-26,0.00018633578933,0.00018633578933,0.00018633578933,0.00018633578933,1.0177420037e-24,1.0882785328e-54,1.8561747355e-31,1.1060711845e-15,5.6900207783e-50,1.1971290956e-52,2.0939788262e-18,1.2068761854e-25,3.5547990891e-06,3.5547990891e-06,3.5547990891e-06,3.5547990891e-06,0.57547095462,0.57547095462,0.57547095462,0.57547095462,1.2461439187e-12,6.4344027748e-09,6.4344027748e-09,6.4344027748e-09,6.4344027748e-09,9.6736343903e-19,1.9716810769e-05,1.9716810769e-05,1.9716810769e-05,1.9716810769e-05
3030,3.7804969642e-06,3.7804969642e-06,3.7804969642e-06,3.7804969642e-06,3.032135686e-34,7.4952886218e-27,5.0220180156e-23,5.0220180156e-23,5.0220180156e-23,5.0220180156e-23,9.8160165748e-40,5.8843052845e-37,1.7500077879e-52,3.4924525379e-30,4.5978798378e-26,5.9621669344e-09,5.9621669344e-09,5.9621669344e-09,5.9621669344e-09,1.7482497435e-52,4.4590116201e-46,1.6861028322e-26,0.00018654993175,0.00018654993175,0.00018654993175,0.00018654993175,9.8744486547e-25,8.8943444879e-55,1.7512618141e-31,1.09919295e-15,4.8104667226e-50,9.9306803047e-53,2.069673436e-18,1.166997577e-25,3.558648286e-06,3.558648286e-06,3.558648286e-06,3.558648286e-06,0.57613600833,0.57613600833,0.57613600833,0.57613600833,1.2436031074e-12,6.4377481445e-09,6.4377481445e-09,6.4377481445e-09,6.4377481445e-09,9.5540064574e-19,1.9739003272e-05,1.9739003272e-05,1.9739003272e-05,1.9739003272e-05
3035,3.784600449e-06,3.784600449e-06,3.784600449e-06,3.784600449e-06,2.8226389182e-34,7.2154485894e-27,4.9011645642e-23,4.9011645642e-23,4.9011645642e-23,4.9011645642e-23,8.8670615011e-40,5.3997079671e-37,1.4543524168e-52,3.3152073105e-30,4.4397046503e-26,5.9652173258e-09,5.9652173258e-09,5.9652173258e-09,5.9652173258e-09,1.4528869963e-52,3.8724666276e-46,1.6253883489e-26,0.000186764343,0.000186764343,0.000186764343,0.000186764343,9.5815057148e-25,7.2694727116e-55,1.6525012011e-31,1.0924041985e-15,4.0672009669e-50,8.2383718735e-53,2.0457778474e-18,1.1285615137e-25,3.5625051446e-06,3.5625051446e-06,3.5625051446e-06,3.5625051446e-06,0.57680183017,0.57680183017,0.57680183017,0.57680183017,1.2410959381e-12,6.4411354954e-09,6.4411354954e-09,6.4411354954e-09,6.4411354954e-09,9.4364698265e-19,1.9761229726e-05,1.9761229726e-05,1.9761229726e-05,1.9761229726e-05
3040,3.7887119802e-06,3.7887119802e-06,3.7887119802e-06,3.7887119802e-06,2.6279830433e-34,6.9468661173e-27,4.7836710221e-23,4.7836710221e-23,4.7836710221e-23,4.7836710221e-23,8.0109358354e-40,4.9557132969e-37,1.2087173382e-52,3.1473681112e-30,4.2874531922e-26,5.9683068977e-09,5.9683068977e-09,5.9683068977e-09,5.9683068977e-09,1.2074957699e-52,3.3634448519e-46,1.5670399572e-26,0.00018697902306,0.00018697902306,0.00018697902306,0.00018697902306,9.2982296623e-25,5.9416484667e-55,1.5595196297e-31,1.0857035312e-15,3.4390547453e-50,6.8348368439e-53,2.0222837533e-18,1.0915117418e-25,3.5663696339e-06,3.5663696339e-06,3.5663696339e-06,3.5663696339e-06,0.57746842104,0.57746842104,0.57746842104,0.57746842104,1.2386220246e-12,6.4445644964e-09,6.4445644964e-09,6.4445644964e-09,6.4445644964e-09,9.3209807559e-19,1.9783490056e-05,1.9783490056e-05,1.9783490056e-05,1.9783490056e-05
3045,3.7928315263e-06,3.7928315263e-06,3.7928315263e-06,3.7928315263e-06,2.4470915659e-34,6.6890584457e-27,4.669433313e-23,4.669433313e-23,4.669433313e-23,4.669433313e-23,7.2384537922e-40,4.5488624518e-37,1.0046279548e-52,2.9884151139e-30,4.1408872327e-26,5.9714353411e-09,5.9714353411e-09,5.9714353411e-09,5.9714353411e-09,1.0036096065e-52,2.9216517779e-46,1.5109590489e-26,0.00018719397189,0.00018719397189,0.00018719397189,0.00018719397189,9.0242729564e-25,4.8565299628e-55,1.4719672074e-31,1.0790895754e-15,2.9081551393e-50,5.6707339822e-53,1.9991830408e-18,1.0557943482e-25,3.5702417236e-06,3.5702417236e-06,3.5702417236e-06,3.5702417236e-06,0.57813578181,0.57813578181,0.57813578181,0.57813578181,1.2361809865e-12,6.4480348204e-09,6.4480348204e-09,6.4480348204e-09,6.4480348204e-09,9.2074965545e-19,1.9805784191e-05,1.9805784191e-05,1.9805784191e-05,1.9805784191e-05
3050,3.796959056e-06,3.796959056e-06,3.796959056e-06,3.796959056e-06,2.2789678484e-34,6.441564714e-27,4.5583508826e-23,4.5583508826e-23,4.5583508826e-23,4.5583508826e-23,6.5413487792e-40,4.1759960008e-37,8.3504748102e-53,2.8378583115e-30,3.9997787333e-26,5.9746023508e-09,5.9746023508e-09,5.9746023508e-09,5.9746023508e-09,8.3419850001e-53,2.5381663003e-46,1.4570513741e-26,0.00018740918949,0.00018740918949,0.00018740918949,0.00018740918949,8.7593014924e-25,3.969723564e-55,1.3895159084e-31,1.0725609841e-15,2.459410718e-50,4.7051638723e-53,1.9764677861e-18,1.0213576571e-25,3.5741213838e-06,3.5741213838e-06,3.5741213838e-06,3.5741213838e-06,0.57880391339,0.57880391339,0.57880391339,0.57880391339,1.233772449e-12,6.451546144e-09,6.451546144e-09,6.451546144e-09,6.451546144e-09,9.0959755537e-19,1.9828112058e-05,1.9828112058e-05,1.9828112058e-05,1.9828112058e-05
3055,3.8010945388e-06,3.8010945388e-06,3.8010945388e-06,3.8010945388e-06,2.1226890581e-34,6.2039449162e-27,4.4503265701e-23,4.4503265701e-23,4.4503265701e-23,4.4503265701e-23,5.9121804084e-40,3.8342275865e-37,6.9413266045e-53,2.6952357452e-30,3.863909387e-26,5.9778076248e-09,5.9778076248e-09,5.9778076248e-09,5.9778076248e-09,6.9342484069e-53,2.2052566504e-46,1.4052268376e-26,0.00018762467584,0.00018762467584,0.00018762467584,0.00018762467584,8.5029940474e-25,3.2449613579e-55,1.311858166e-31,1.0661164357e-15,2.0800776402e-50,3.9042227002e-53,1.9541302496e-18,9.8815213201e-26,3.5780085851e-06,3.5780085851e-06,3.5780085851e-06,3.5780085851e-06,0.57947281666,0.57947281666,0.57947281666,0.57947281666,1.2313960428e-12,6.4550981476e-09,6.4550981476e-09,6.4550981476e-09,6.4550981476e-09,8.98637708e-19,1.9850473588e-05,1.9850473588e-05,1.9850473588e-05,1.9850473588e-05
3060,3.8052379444e-06,3.8052379444e-06,3.8052379444e-06,3.8052379444e-06,1.9774005836e-34,5.9757789082e-27,4.3452664847e-23,4.3452664847e-23,4.3452664847e-23,4.3452664847e-23,5.3442510144e-40,3.5209199558e-37,5.770310441e-53,2.5601118424e-30,3.7330701798e-26,5.9810508649e-09,5.9810508649e-09,5.9810508649e-09,5.9810508649e-09,5.7644088317e-53,1.9162211048e-46,1.3553993065e-26,0.00018784043092,0.00018784043092,0.00018784043092,0.00018784043092,8.255041752e-25,2.652612811e-55,1.2387055578e-31,1.059754633e-15,1.7593936012e-50,3.2398041222e-53,1.9321628712e-18,9.5613028151e-26,3.5819032984e-06,3.5819032984e-06,3.5819032984e-06,3.5819032984e-06,0.5801424925,0.5801424925,0.5801424925,0.5801424925,1.229051404e-12,6.4586905152e-09,6.4586905152e-09,6.4586905152e-09,6.4586905152e-09,8.8786614285e-19,1.9872868712e-05,1.9872868712e-05,1.9872868712e-05,1.9872868712e-05
3065,3.8093892431e-06,3.8093892431e-06,3.8093892431e-06,3.8093892431e-06,1.8423108822e-34,5.756665465e-27,4.2430798873e-23,4.2430798873e-23,4.2430798873e-23,4.2430798873e-23,4.8315306977e-40,3.2336631265e-37,4.7971274945e-53,2.4320758568e-30,3.6070609723e-26,5.9843317763e-09,5.9843317763e-09,5.9843317763e-09,5.9843317763e-09,4.7922066312e-53,1.6652501272e-46,1.3074864258e-26,0.00018805645475,0.00018805645475,0.00018805645475,0.00018805645475,8.0151475833e-25,2.1684692243e-55,1.1697875782e-31,1.0534743032e-15,1.4882689932e-50,2.6886066062e-53,1.9105582655e-18,9.2524657016e-26,3.5858054951e-06,3.5858054951e-06,3.5858054951e-06,3.5858054951e-06,0.58081294182,0.58081294182,0.58081294182,0.58081294182,1.2267381742e-12,6.4623229346e-09,6.4623229346e-09,6.4623229346e-09,6.4623229346e-09,8.7727898372e-19,1.9895297364e-05,1.9895297364e-05,1.9895297364e-05,1.9895297364e-05
3070,3.8135484057e-06,3.8135484057e-06,3.8135484057e-06,3.8135484057e-06,1.7166867242e-34,5.5462213841e-27,4.1436790756e-23,4.1436790756e-23,4.1436790756e-23,4.1436790756e-23,4.3685900146e-40,2.9702544956e-37,3.9883082693e-53,2.3107404032e-30,3.4856901018e-26,5.9876500675e-09,5.9876500675e-09,5.9876500675e-09,5.9876500675e-09,3.9842049508e-53,1.4473070439e-46,1.2614094444e-26,0.00018827274732,0.00018827274732,0.00018827274732,0.00018827274732,7.7830258809e-25,1.7727509526e-55,1.1048504916e-31,1.0472741967e-15,1.2590263137e-50,2.231310961e-53,1.8893092172e-18,8.9545733303e-26,3.5897151471e-06,3.5897151471e-06,3.5897151471e-06,3.5897151471e-06,0.58148416549,0.58148416549,0.58148416549,0.58148416549,1.2244559999e-12,6.465995097e-09,6.465995097e-09,6.465995097e-09,6.465995097e-09,8.6687244615e-19,1.9917759477e-05,1.9917759477e-05,1.9917759477e-05,1.9917759477e-05
3075,3.8177154032e-06,3.8177154032e-06,3.8177154032e-06,3.8177154032e-06,1.5998488035e-34,5.3440806342e-27,4.0469792751e-23,4.0469792751e-23,4.0469792751e-23,4.0469792751e-23,3.9505395246e-40,2.7286807153e-37,3.3160536275e-53,2.1957400814e-30,3.3687740026e-26,5.9910054505e-09,5.9910054505e-09,5.9910054505e-09,5.9910054505e-09,3.3126318465e-53,1.2580247519e-46,1.2170930484e-26,0.00018848930863,0.00018848930863,0.00018848930863,0.00018848930863,7.5584018836e-25,1.4492965358e-55,1.0436562614e-31,1.0411530874e-15,1.0651802676e-50,1.851898839e-53,1.868408677e-18,8.6672069424e-26,3.5936322267e-06,3.5936322267e-06,3.5936322267e-06,3.5936322267e-06,0.58215616443,0.58215616443,0.58215616443,0.58215616443,1.2222045332e-12,6.4697066974e-09,6.4697066974e-09,6.4697066974e-09,6.4697066974e-09,8.5664283506e-19,1.9940254987e-05,1.9940254987e-05,1.9940254987e-05,1.9940254987e-05
3080,3.8218902074e-06,3.8218902074e-06,3.8218902074e-06,3.8218902074e-06,1.4911676854e-34,5.1498935451e-27,3.9528985335e-23,3.9528985335e-23,3.9528985335e-23,3.9528985335e-23,3.5729754892e-40,2.5071011773e-37,2.7572727771e-53,2.0867301851e-30,3.2561368447e-26,5.9943976404e-09,5.9943976404e-09,5.9943976404e-09,5.9943976404e-09,2.7544191825e-53,1.0936162942e-46,1.1744652033e-26,0.00018870613871,0.00018870613871,0.00018870613871,0.00018870613871,7.3410112858e-25,1.1849003851e-55,9.859815488e-32,1.0351097715e-15,9.0125219459e-51,1.5370880157e-53,1.847849757e-18,8.3899648938e-26,3.5975567065e-06,3.5975567065e-06,3.5975567065e-06,3.5975567065e-06,0.58282893951,0.58282893951,0.58282893951,0.58282893951,1.2199834308e-12,6.4734574343e-09,6.4734574343e-09,6.4734574343e-09,6.4734574343e-09,8.4658654234e-19,1.9962783831e-05,1.9962783831e-05,1.9962783831e-05,1.9962783831e-05
3085,3.8260727902e-06,3.8260727902e-06,3.8260727902e-06,3.8260727902e-06,1.3900600651e-34,4.9633260387e-27,3.8613576187e-23,3.8613576187e-23,3.8613576187e-23,3.8613576187e-23,3.2319310898e-40,2.3038329592e-37,2.2927846978e-53,1.9833854874e-30,3.1476101888e-26,5.9978263558e-09,5.9978263558e-09,5.9978263558e-09,5.9978263558e-09,2.2904048158e-53,9.5079743347e-47,1.1334570029e-26,0.00018892323756,0.00018892323756,0.00018892323756,0.00018892323756,7.1305998135e-25,9.6877179151e-56,9.3161677802e-32,1.0291430676e-15,7.6261344848e-51,1.2758644113e-53,1.8276257269e-18,8.122461913e-26,3.6014885598e-06,3.6014885598e-06,3.6014885598e-06,3.6014885598e-06,0.58350249164,0.58350249164,0.58350249164,0.58350249164,1.2177923547e-12,6.4772470094e-09,6.4772470094e-09,6.4772470094e-09,6.4772470094e-09,8.3670004456e-19,1.9985345948e-05,1.9985345948e-05,1.9985345948e-05,1.9985345948e-05
3090,3.8302631242e-06,3.8302631242e-06,3.8302631242e-06,3.8302631242e-06,1.2959853131e-34,4.7840588967e-27,3.7722799222e-23,3.7722799222e-23,3.7722799222e-23,3.7722799222e-23,2.9238325988e-40,2.1173371035e-37,1.9066552024e-53,1.8853991013e-30,3.0430326581e-26,6.0012913185e-09,6.0012913185e-09,6.0012913185e-09,6.0012913185e-09,1.9046702888e-53,8.2671960647e-47,1.0940025266e-26,0.00018914060521,0.00018914060521,0.00018914060521,0.00018914060521,6.9269228182e-25,7.9209301549e-56,8.8036526184e-32,1.0232518156e-15,6.4535320396e-51,1.0590942587e-53,1.8077300094e-18,7.8643283938e-26,3.6054277599e-06,3.6054277599e-06,3.6054277599e-06,3.6054277599e-06,0.58417682171,0.58417682171,0.58417682171,0.58417682171,1.2156309716e-12,6.4810751281e-09,6.4810751281e-09,6.4810751281e-09,6.4810751281e-09,8.2697990079e-19,2.0007941278e-05,2.0007941278e-05,2.0007941278e-05,2.0007941278e-05
3095,3.8344611822e-06,3.8344611822e-06,3.8344611822e-06,3.8344611822e-06,1.2084422845e-34,4.6117870651e-27,3.6855913647e-23,3.6855913647e-23,3.6855913647e-23,3.6855913647e-23,2.6454599936e-40,1.9462061081e-37,1.5856465626e-53,1.7924814084e-30,2.942249625e-26,6.0047922533e-09,6.0047922533e-09,6.0047922533e-09,6.0047922533e-09,1.5839909799e-53,7.1891186058e-47,1.0560387026e-26,0.00018935824169,0.00018935824169,0.00018935824169,0.00018935824169,6.7297448883e-25,6.4765830035e-56,8.3204238498e-32,1.0174348769e-15,5.4616686979e-51,8.7920267495e-54,1.7881561769e-18,7.6152097203e-26,3.6093742808e-06,3.6093742808e-06,3.6093742808e-06,3.6093742808e-06,0.58485193061,0.58485193061,0.58485193061,0.58485193061,1.2134989531e-12,6.484941499e-09,6.484941499e-09,6.484941499e-09,6.484941499e-09,8.1742275037e-19,2.003056976e-05,2.003056976e-05,2.003056976e-05,2.003056976e-05
3100,3.8386669375e-06,3.8386669375e-06,3.8386669375e-06,3.8386669375e-06,1.1269663715e-34,4.4462189928e-27,3.6012203062e-23,3.6012203062e-23,3.6012203062e-23,3.6012203062e-23,2.3939115605e-40,1.7891525208e-37,1.3187605599e-53,1.7043590525e-30,2.8451129127e-26,6.0083288885e-09,6.0083288885e-09,6.0083288885e-09,6.0083288885e-09,1.3173795931e-53,6.2523056452e-47,1.019505178e-26,0.00018957614702,0.00018957614702,0.00018957614702,0.00018957614702,6.5388394766e-25,5.2957897941e-56,7.8647484033e-32,1.0116911336e-15,4.6226188972e-51,7.2990725074e-54,1.7688979474e-18,7.3747656221e-26,3.613328097e-06,3.613328097e-06,3.613328097e-06,3.613328097e-06,0.58552781926,0.58552781926,0.58552781926,0.58552781926,1.2113959756e-12,6.4888458342e-09,6.4888458342e-09,6.4888458342e-09,6.4888458342e-09,8.0802531088e-19,2.0053231338e-05,2.0053231338e-05,2.0053231338e-05,2.0053231338e-05
3105,3.8428803639e-06,3.8428803639e-06,3.8428803639e-06,3.8428803639e-06,1.0511267815e-34,4.287076002e-27,3.5190974589e-23,3.5190974589e-23,3.5190974589e-23,3.5190974589e-23,2.1665720788e-40,1.6449985378e-37,1.0968590806e-53,1.6207739934e-30,2.7514805105e-26,6.0119009551e-09,6.0119009551e-09,6.0119009551e-09,6.0119009551e-09,1.0957071173e-53,5.4381584714e-47,9.8434419558e-27,0.00018979432124,0.00018979432124,0.00018979432124,0.00018979432124,6.3539885452e-25,4.3304256751e-56,7.4349991503e-32,1.006019488e-15,3.9127821516e-51,6.0599722926e-54,1.7499491806e-18,7.142669559e-26,3.6172891831e-06,3.6172891831e-06,3.6172891831e-06,3.6172891831e-06,0.58620448855,0.58620448855,0.58620448855,0.58620448855,1.2093217198e-12,6.492787849e-09,6.492787849e-09,6.492787849e-09,6.492787849e-09,7.9878437607e-19,2.0075925955e-05,2.0075925955e-05,2.0075925955e-05,2.0075925955e-05
3110,3.8471014355e-06,3.8471014355e-06,3.8471014355e-06,3.8471014355e-06,9.8052402113e-35,4.1340916899e-27,3.4391558045e-23,3.4391558045e-23,3.4391558045e-23,3.4391558045e-23,1.9610842193e-40,1.5126665179e-37,9.123490779e-54,1.5414826184e-30,2.6612163021e-26,6.0155081874e-09,6.0155081874e-09,6.0155081874e-09,6.0155081874e-09,9.1138809172e-54,4.7305386016e-47,9.5050047543e-27,0.00019001276439,0.00019001276439,0.00019001276439,0.00019001276439,6.1749822232e-25,3.5411594757e-56,7.0296482292e-32,1.0004188624e-15,3.3122115895e-51,5.0315046229e-54,1.7313038748e-18,6.9186081333e-26,3.6212575141e-06,3.6212575141e-06,3.6212575141e-06,3.6212575141e-06,0.58688193937,0.58688193937,0.58688193937,0.58688193937,1.2072758715e-12,6.4967672619e-09,6.4967672619e-09,6.4967672619e-09,6.4967672619e-09,7.8969681387e-19,2.0098653555e-05,2.0098653555e-05,2.0098653555e-05,2.0098653555e-05
3115,3.8513301269e-06,3.8513301269e-06,3.8513301269e-06,3.8513301269e-06,9.1478757226e-35,3.9870113593e-27,3.3613305128e-23,3.3613305128e-23,3.3613305128e-23,3.3613305128e-23,1.7753228297e-40,1.3911703292e-37,7.5892096512e-54,1.4662549063e-30,2.5741898074e-26,6.0191503228e-09,6.0191503228e-09,6.0191503228e-09,6.0191503228e-09,7.5811925252e-54,4.115440827e-47,9.1792110325e-27,0.00019023147652,0.00019023147652,0.00019023147652,0.00019023147652,6.0016184814e-25,2.8958457546e-56,6.6472608021e-32,9.9488819861e-16,2.8040469829e-51,4.177816723e-54,1.7129561629e-18,6.702280529e-26,3.6252330658e-06,3.6252330658e-06,3.6252330658e-06,3.6252330658e-06,0.58756017263,0.58756017263,0.58756017263,0.58756017263,1.2052581204e-12,6.5007837947e-09,6.5007837947e-09,6.5007837947e-09,6.5007837947e-09,7.8075956447e-19,2.0121414085e-05,2.0121414085e-05,2.0121414085e-05,2.0121414085e-05
3120,3.855566413e-06,3.855566413e-06,3.855566413e-06,3.855566413e-06,8.5357374366e-35,3.8455914767e-27,3.2855588656e-23,3.2855588656e-23,3.2855588656e-23,3.2855588656e-23,1.6073718113e-40,1.2796074553e-37,6.313313657e-54,1.3948736417e-30,2.4902759349e-26,6.0228271016e-09,6.0228271016e-09,6.0228271016e-09,6.0228271016e-09,6.306624932e-54,3.5807099094e-47,8.8655542334e-27,0.00019045045767,0.00019045045767,0.00019045045767,0.00019045045767,5.8337028188e-25,2.3682110711e-56,6.2864892159e-32,9.8942645739e-16,2.3740359684e-51,3.4691665929e-54,1.6949003093e-18,6.4933979758e-26,3.6292158138e-06,3.6292158138e-06,3.6292158138e-06,3.6292158138e-06,0.58823918923,0.58823918923,0.58823918923,0.58823918923,1.2032681611e-12,6.5048371724e-09,6.5048371724e-09,6.5048371724e-09,6.5048371724e-09,7.719696385e-19,2.0144207491e-05,2.0144207491e-05,2.0144207491e-05,2.0144207491e-05
3125,3.8598102692e-06,3.8598102692e-06,3.8598102692e-06,3.8598102692e-06,7.9656368562e-35,3.7095991573e-27,3.2117801817e-23,3.2117801817e-23,3.2117801817e-23,3.2117801817e-23,1.4555033243e-40,1.1771517926e-37,5.2522268853e-54,1.3271336764e-30,2.4093547465e-26,6.0265382669e-09,6.0265382669e-09,6.0265382669e-09,6.0265382669e-09,5.2466461548e-54,3.1157950745e-47,8.5635493688e-27,0.00019066970789,0.00019066970789,0.00019066970789,0.00019066970789,5.6710479633e-25,1.9367806045e-56,5.9460675407e-32,9.8403261828e-16,2.0101297094e-51,2.8808801051e-54,1.6771307065e-18,6.2916832374e-26,3.6332057346e-06,3.6332057346e-06,3.6332057346e-06,3.6332057346e-06,0.58891899008,0.58891899008,0.58891899008,0.58891899008,1.2013056922e-12,6.5089271229e-09,6.5089271229e-09,6.5089271229e-09,6.5089271229e-09,7.6332411514e-19,2.0167033722e-05,2.0167033722e-05,2.0167033722e-05,2.0167033722e-05
3130,3.8640616712e-06,3.8640616712e-06,3.8640616712e-06,3.8640616712e-06,7.4346155452e-35,3.5788116743e-27,3.1399357453e-23,3.1399357453e-23,3.1399357453e-23,3.1399357453e-23,1.3181590836e-40,1.0830470778e-37,4.3697327759e-54,1.2628412345e-30,2.3313112328e-26,6.030283565e-09,6.030283565e-09,6.030283565e-09,6.030283565e-09,4.3650762521e-54,2.7115372369e-47,8.27273205e-27,0.00019088922725,0.00019088922725,0.00019088922725,0.00019088922725,5.5134735852e-25,1.5840011193e-56,5.6248064598e-32,9.7870567907e-16,1.7021413986e-51,2.3924863233e-54,1.6596418718e-18,6.0968701225e-26,3.6372028047e-06,3.6372028047e-06,3.6372028047e-06,3.6372028047e-06,0.58959957608,0.58959957608,0.58959957608,0.58959957608,1.1993704168e-12,6.5130533775e-09,6.5130533775e-09,6.5130533775e-09,6.5130533775e-09,7.5482014041e-19,2.0189892727e-05,2.0189892727e-05,2.0189892727e-05,2.0189892727e-05
3135,3.868320595e-06,3.868320595e-06,3.868320595e-06,3.868320595e-06,6.9399281584e-35,3.4530159921e-27,3.0699687378e-23,3.0699687378e-23,3.0699687378e-23,3.0699687378e-23,1.1939335337e-40,9.9660088896e-38,3.635729478e-54,1.2018132596e-30,2.2560350985e-26,6.0340627449e-09,6.0340627449e-09,6.0340627449e-09,6.0340627449e-09,3.6318438996e-54,2.3599845714e-47,7.9926575638e-27,0.00019110901581,0.00019110901581,0.00019110901581,0.00019110901581,5.360806022e-25,1.2955243352e-56,5.3215884893e-32,9.7344465549e-16,1.4414578101e-51,1.9870005494e-54,1.6424284444e-18,5.9087030183e-26,3.6412070012e-06,3.6412070012e-06,3.6412070012e-06,3.6412070012e-06,0.59028094814,0.59028094814,0.59028094814,0.59028094814,1.1974620419e-12,6.5172156704e-09,6.5172156704e-09,6.5172156704e-09,6.5172156704e-09,7.4645492544e-19,2.0212784458e-05,2.0212784458e-05,2.0212784458e-05,2.0212784458e-05
3140,3.8725870173e-06,3.8725870173e-06,3.8725870173e-06,3.8725870173e-06,6.4790267507e-35,3.3320083218e-27,3.0018241708e-23,3.0018241708e-23,3.0018241708e-23,3.0018241708e-23,1.081558711e-40,9.1717917049e-38,3.0251960027e-54,1.1438767996e-30,2.1834205582e-26,6.0378755584e-09,6.0378755584e-09,6.0378755584e-09,6.0378755584e-09,3.0219535579e-54,2.0542326394e-47,7.7228999924e-27,0.00019132907362,0.00019132907362,0.00019132907362,0.00019132907362,5.2128780152e-25,1.0596213452e-56,5.0353635035e-32,9.6824858079e-16,1.2207956422e-51,1.6503298234e-54,1.6254851822e-18,5.7269364438e-26,3.6452183013e-06,3.6452183013e-06,3.6452183013e-06,3.6452183013e-06,0.59096310716,0.59096310716,0.59096310716,0.59096310716,1.195580279e-12,6.5214137387e-09,6.5214137387e-09,6.5214137387e-09,6.5214137387e-09,7.3822574478e-19,2.0235708865e-05,2.0235708865e-05,2.0235708865e-05,2.0235708865e-05
3145,3.8768609148e-06,3.8768609148e-06,3.8768609148e-06,3.8768609148e-06,6.0495462661e-35,3.2155936988e-27,2.9354488228e-23,2.9354488228e-23,2.9354488228e-23,2.9354488228e-23,9.798906235e-41,8.4420123417e-38,2.5173334189e-54,1.0888684288e-30,2.1133661409e-26,6.0417217603e-09,6.0417217603e-09,6.0417217603e-09,6.0417217603e-09,2.5146275137e-54,1.7882857842e-47,7.4630513748e-27,0.00019154940076,0.00019154940076,0.00019154940076,0.00019154940076,5.0695284582e-25,8.6670409964e-57,4.7651445487e-32,9.6311650543e-16,1.0339956783e-51,1.3707799376e-54,1.6088069586e-18,5.551334624e-26,3.6492366829e-06,3.6492366829e-06,3.6492366829e-06,3.6492366829e-06,0.59164605405,0.59164605405,0.59164605405,0.59164605405,1.1937248434e-12,6.5256473227e-09,6.5256473227e-09,6.5256473227e-09,6.5256473227e-09,7.3012993484e-19,2.0258665902e-05,2.0258665902e-05,2.0258665902e-05,2.0258665902e-05
3150,3.8811422648e-06,3.8811422648e-06,3.8811422648e-06,3.8811422648e-06,5.6492911157e-35,3.1035855795e-27,2.8707911777e-23,2.8707911777e-23,2.8707911777e-23,2.8707911777e-23,8.878969927e-41,7.7713519548e-38,2.0948514155e-54,1.0366337044e-30,2.0457745037e-26,6.0456011079e-09,6.0456011079e-09,6.0456011079e-09,6.0456011079e-09,2.0925931466e-54,1.5569369531e-47,7.2127209072e-27,0.00019176999731,0.00019176999731,0.00019176999731,0.00019176999731,4.9306021547e-25,7.08934368e-57,4.510003923e-32,9.580474967e-16,8.7584888213e-52,1.1386466045e-54,1.5923887602e-18,5.3816710818e-26,3.653262124e-06,3.653262124e-06,3.653262124e-06,3.653262124e-06,0.59232978972,0.59232978972,0.59232978972,0.59232978972,1.1918954544e-12,6.5299161654e-09,6.5299161654e-09,6.5299161654e-09,6.5299161654e-09,7.2216489227e-19,2.0281655523e-05,2.0281655523e-05,2.0281655523e-05,2.0281655523e-05
3155,3.8854310449e-06,3.8854310449e-06,3.8854310449e-06,3.8854310449e-06,5.276222762e-35,2.9958054585e-27,2.8078013656e-23,2.8078013656e-23,2.8078013656e-23,2.8078013656e-23,8.0464622169e-41,7.1549380594e-38,1.7433755879e-54,9.8702665406e-31,1.980552254e-26,6.0495133616e-09,6.0495133616e-09,6.0495133616e-09,6.0495133616e-09,1.741490803e-54,1.3556634861e-47,6.9715341805e-27,0.00019199086333,0.00019199086333,0.00019199086333,0.00019199086333,4.7959495867e-25,5.7990417526e-57,4.2690695085e-32,9.5304063836e-16,7.4194946233e-52,9.4587639811e-55,1.5762256837e-18,5.2177282496e-26,3.6572946031e-06,3.6572946031e-06,3.6572946031e-06,3.6572946031e-06,0.59301431507,0.59301431507,0.59301431507,0.59301431507,1.1900918352e-12,6.5342200129e-09,6.5342200129e-09,6.5342200129e-09,6.5342200129e-09,7.1432807242e-19,2.0304677682e-05,2.0304677682e-05,2.0304677682e-05,2.0304677682e-05
3160,3.889727233e-06,3.889727233e-06,3.889727233e-06,3.889727233e-06,4.9284482326e-35,2.8920825029e-27,2.7464311057e-23,2.7464311057e-23,2.7464311057e-23,2.7464311057e-23,7.2929746425e-41,6.58830647e-38,1.4509549934e-54,9.3990929455e-31,1.9176097796e-26,6.0534582842e-09,6.0534582842e-09,6.0534582842e-09,6.0534582842e-09,1.4493818403e-54,1.1805367397e-47,6.7391324542e-27,0.00019221199891,0.00019221199891,0.00019221199891,0.00019221199891,4.6654266926e-25,4.7437463948e-57,4.0415213354e-32,9.4809503035e-16,6.2857071239e-52,7.8578554149e-55,1.5603129328e-18,5.0592970962e-26,3.6613340989e-06,3.6613340989e-06,3.6613340989e-06,3.6613340989e-06,0.59369963103,0.59369963103,0.59369963103,0.59369963103,1.1883137131e-12,6.5385586141e-09,6.5385586141e-09,6.5385586141e-09,6.5385586141e-09,7.0661698793e-19,2.0327732337e-05,2.0327732337e-05,2.0327732337e-05,2.0327732337e-05
3165,3.8940308076e-06,3.8940308076e-06,3.8940308076e-06,3.8940308076e-06,4.6042094916e-35,2.7922532052e-27,2.6866336522e-23,2.6866336522e-23,2.6866336522e-23,2.6866336522e-23,6.6109168433e-41,6.067366535e-38,1.207652989e-54,8.9515117849e-31,1.8568610869e-26,6.0574356412e-09,6.0574356412e-09,6.0574356412e-09,6.0574356412e-09,1.2063398725e-54,1.0281437003e-47,6.5151719636e-27,0.00019243340414,0.00019243340414,0.00019243340414,0.00019243340414,4.5388946547e-25,3.8806253025e-57,3.8265883661e-32,9.4320978842e-16,5.3256008885e-52,6.5282666128e-55,1.5446458164e-18,4.9061767718e-26,3.6653805905e-06,3.6653805905e-06,3.6653805905e-06,3.6653805905e-06,0.59438573851,0.59438573851,0.59438573851,0.59438573851,1.1865608188e-12,6.5429317205e-09,6.5429317205e-09,6.5429317205e-09,6.5429317205e-09,6.9902920717e-19,2.0350819444e-05,2.0350819444e-05,2.0350819444e-05,2.0350819444e-05
3170,3.8983417472e-06,3.8983417472e-06,3.8983417472e-06,3.8983417472e-06,4.3018736036e-35,2.6961610516e-27,2.6283637405e-23,2.6283637405e-23,2.6283637405e-23,2.6283637405e-23,5.9934360611e-41,5.5883693765e-38,1.0052072463e-54,8.5262896748e-31,1.7982236457e-26,6.0614452009e-09,6.0614452009e-09,6.0614452009e-09,6.0614452009e-09,1.004111125e-54,8.9551898948e-48,6.299323259e-27,0.00019265507911,0.00019265507911,0.00019265507911,0.00019265507911,4.4162196949e-25,3.174658223e-57,3.6235454825e-32,9.3838404384e-16,4.5125053881e-52,5.4239531501e-55,1.5292197453e-18,4.7581742675e-26,3.6694340574e-06,3.6694340574e-06,3.6694340574e-06,3.6694340574e-06,0.5950726384,0.5950726384,0.5950726384,0.5950726384,1.184832887e-12,6.5473390869e-09,6.5473390869e-09,6.5473390869e-09,6.5473390869e-09,6.9156235294e-19,2.0373938961e-05,2.0373938961e-05,2.0373938961e-05,2.0373938961e-05
3175,3.9026600309e-06,3.9026600309e-06,3.9026600309e-06,3.9026600309e-06,4.0199236306e-35,2.603656207e-27,2.5715775373e-23,2.5715775373e-23,2.5715775373e-23,2.5715775373e-23,5.4343446489e-41,5.1478788743e-38,8.3674723186e-55,8.1222603039e-31,1.7416182416e-26,6.065486734e-09,6.065486734e-09,6.065486734e-09,6.065486734e-09,8.3583219833e-55,7.8008587809e-48,6.091270576e-27,0.00019287702389,0.00019287702389,0.00019287702389,0.00019287702389,4.2972728791e-25,2.5972111489e-57,3.431710665e-32,9.3361694305e-16,3.8238555471e-52,4.5066950074e-55,1.5140302298e-18,4.6151040902e-26,3.6734944794e-06,3.6734944794e-06,3.6734944794e-06,3.6734944794e-06,0.59576033164,0.59576033164,0.59576033164,0.59576033164,1.1831296561e-12,6.5517804703e-09,6.5517804703e-09,6.5517804703e-09,6.5517804703e-09,6.8421410106e-19,2.0397090848e-05,2.0397090848e-05,2.0397090848e-05,2.0397090848e-05
3180,3.906985638e-06,3.906985638e-06,3.906985638e-06,3.906985638e-06,3.756950205e-35,2.5145952141e-27,2.5162325908e-23,2.5162325908e-23,2.5162325908e-23,2.5162325908e-23,4.9280547827e-41,4.7427451499e-38,6.9655942725e-55,7.7383206512e-31,1.6869688347e-26,6.0695600139e-09,6.0695600139e-09,6.0695600139e-09,6.0695600139e-09,6.9579552378e-55,6.7960510831e-48,5.8907112345e-27,0.0001930992386,0.0001930992386,0.0001930992386,0.0001930992386,4.1819299298e-25,2.124870922e-57,3.2504423495e-32,9.2890764741e-16,3.2405582601e-52,3.7447651905e-55,1.4990728777e-18,4.4767879517e-26,3.6775618366e-06,3.6775618366e-06,3.6775618366e-06,3.6775618366e-06,0.59644881914,0.59644881914,0.59644881914,0.59644881914,1.1814508678e-12,6.5562556308e-09,6.5562556308e-09,6.5562556308e-09,6.5562556308e-09,6.7698217903e-19,2.0420275066e-05,2.0420275066e-05,2.0420275066e-05,2.0420275066e-05
3185,3.9113185482e-06,3.9113185482e-06,3.9113185482e-06,3.9113185482e-06,3.5116437287e-35,2.4288407072e-27,2.4622877844e-23,2.4622877844e-23,2.4622877844e-23,2.4622877844e-23,4.469519653e-41,4.3700803356e-38,5.7989220856e-55,7.3734274242e-31,1.6342024252e-26,6.0736648166e-09,6.0736648166e-09,6.0736648166e-09,6.0736648166e-09,5.792544401e-55,5.921304869e-48,5.697355066e-27,0.00019332172334,0.00019332172334,0.00019332172334,0.00019332172334,4.0700710463e-25,1.7384926519e-57,3.0791369516e-32,9.2425533282e-16,2.7464568909e-52,3.1118251934e-55,1.4843433915e-18,4.3430544712e-26,3.6816361094e-06,3.6816361094e-06,3.6816361094e-06,3.6816361094e-06,0.5971381018,0.5971381018,0.5971381018,0.5971381018,1.1797962677e-12,6.560764331e-09,6.560764331e-09,6.560764331e-09,6.560764331e-09,6.6986436476e-19,2.0443491575e-05,2.0443491575e-05,2.0443491575e-05,2.0443491575e-05
3190,3.9156587416e-06,3.9156587416e-06,3.9156587416e-06,3.9156587416e-06,3.2827871494e-35,2.3462611393e-27,2.4097032903e-23,2.4097032903e-23,2.4097032903e-23,2.4097032903e-23,4.0541804869e-41,4.0272364252e-38,4.827936783e-55,7.0265937039e-31,1.5832489239e-26,6.0778009203e-09,6.0778009203e-09,6.0778009203e-09,6.0778009203e-09,4.8226118929e-55,5.159703489e-48,5.5109238665e-27,0.00019354447819,0.00019354447819,0.00019354447819,0.00019354447819,3.9615807319e-25,1.4224210613e-57,2.9172265465e-32,9.1965918952e-16,2.3278785628e-52,2.5860086043e-55,1.4698375663e-18,4.2137388912e-26,3.6857172785e-06,3.6857172785e-06,3.6857172785e-06,3.6857172785e-06,0.59782818055,0.59782818055,0.59782818055,0.59782818055,1.1781656047e-12,6.5653063363e-09,6.5653063363e-09,6.5653063363e-09,6.5653063363e-09,6.628584853e-19,2.0466740339e-05,2.0466740339e-05,2.0466740339e-05,2.0466740339e-05
3195,3.9200061986e-06,3.9200061986e-06,3.9200061986e-06,3.9200061986e-06,3.0692492716e-35,2.2667305224e-27,2.3584405265e-23,2.3584405265e-23,2.3584405265e-23,2.3584405265e-23,3.6779188147e-41,3.7117850272e-38,4.0197687605e-55,6.6968857854e-31,1.5340410298e-26,6.0819681061e-09,6.0819681061e-09,6.0819681061e-09,6.0819681061e-09,4.015322639e-55,4.4965411228e-48,5.331150875e-27,0.00019376750327,0.00019376750327,0.00019376750327,0.00019376750327,3.8563476291e-25,1.1638539778e-57,2.7641766951e-32,9.1511842173e-16,1.9732514092e-52,2.1491607657e-55,1.4555512873e-18,4.088682805e-26,3.6898053252e-06,3.6898053252e-06,3.6898053252e-06,3.6898053252e-06,0.59851905631,0.59851905631,0.59851905631,0.59851905631,1.1765586312e-12,6.5698814145e-09,6.5698814145e-09,6.5698814145e-09,6.5698814145e-09,6.5596241564e-19,2.0490021319e-05,2.0490021319e-05,2.0490021319e-05,2.0490021319e-05
3200,3.9243608997e-06,3.9243608997e-06,3.9243608997e-06,3.9243608997e-06,2.869978562e-35,2.190128179e-27,2.3084621142e-23,2.3084621142e-23,2.3084621142e-23,2.3084621142e-23,3.3370134574e-41,3.4214988546e-38,3.3470773913e-55,6.3834202016e-31,1.4865141119e-26,6.0861661572e-09,6.0861661572e-09,6.0861661572e-09,6.0861661572e-09,3.3433648176e-55,3.9190324794e-48,5.157780276e-27,0.0001939907987,0.0001939907987,0.0001939907987,0.0001939907987,3.7542643603e-25,9.5232200699e-58,2.6194844064e-32,9.1063224741e-16,1.672780948e-52,1.786207877e-55,1.4414805281e-18,3.967733897e-26,3.6939002306e-06,3.6939002306e-06,3.6939002306e-06,3.6939002306e-06,0.59921073,0.59921073,0.59921073,0.59921073,1.1749751029e-12,6.5744893363e-09,6.5744893363e-09,6.5744893363e-09,6.5744893363e-09,6.4917407751e-19,2.0513334482e-05,2.0513334482e-05,2.0513334482e-05,2.0513334482e-05
3205,3.9287228262e-06,3.9287228262e-06,3.9287228262e-06,3.9287228262e-06,2.6839974106e-35,2.1163385064e-27,2.2597318372e-23,2.2597318372e-23,2.2597318372e-23,2.2597318372e-23,3.0281017628e-41,3.1543347976e-38,2.7871196811e-55,6.0853609186e-31,1.4406060975e-26,6.0903948594e-09,6.0903948594e-09,6.0903948594e-09,6.0903948594e-09,2.7840194655e-55,3.416060794e-48,4.9905667246e-27,0.00019421436458,0.00019421436458,0.00019421436458,0.00019421436458,3.655227376e-25,7.7926316393e-58,2.4826762279e-32,9.0619989795e-16,1.4181764238e-52,1.4846334755e-55,1.427621348e-18,3.8507456932e-26,3.6980019766e-06,3.6980019766e-06,3.6980019766e-06,3.6980019766e-06,0.59990320253,0.59990320253,0.59990320253,0.59990320253,1.1734147788e-12,6.5791298746e-09,6.5791298746e-09,6.5791298746e-09,6.5791298746e-09,6.424914382e-19,2.0536679792e-05,2.0536679792e-05,2.0536679792e-05,2.0536679792e-05
3210,3.9330919592e-06,3.9330919592e-06,3.9330919592e-06,3.9330919592e-06,2.5103968152e-35,2.0452507515e-27,2.2122146028e-23,2.2122146028e-23,2.2122146028e-23,2.2122146028e-23,2.7481446664e-41,2.9084184455e-38,2.3209760283e-55,5.801916694e-31,1.3962573644e-26,6.0946540009e-09,6.0946540009e-09,6.0946540009e-09,6.0946540009e-09,2.3183870299e-55,2.9779590468e-48,4.829274893e-27,0.00019443820102,0.00019443820102,0.00019443820102,0.00019443820102,3.5591368087e-25,6.3767512198e-58,2.3533064552e-32,9.0182061797e-16,1.2024193869e-52,1.234043994e-55,1.4139698903e-18,3.7375773234e-26,3.7021105451e-06,3.7021105451e-06,3.7021105451e-06,3.7021105451e-06,0.60059647483,0.60059647483,0.60059647483,0.60059647483,1.1718774214e-12,6.5838028052e-09,6.5838028052e-09,6.5838028052e-09,6.5838028052e-09,6.3591250949e-19,2.0560057214e-05,2.0560057214e-05,2.0560057214e-05,2.0560057214e-05
3215,3.9374682804e-06,3.9374682804e-06,3.9374682804e-06,3.9374682804e-06,2.3483314557e-35,1.9767587955e-27,2.1658764039e-23,2.1658764039e-23,2.1658764039e-23,2.1658764039e-23,2.4943951947e-41,2.6820299282e-38,1.93290655e-55,5.5323385865e-31,1.3534106384e-26,6.098943372e-09,6.098943372e-09,6.098943372e-09,6.098943372e-09,1.9307443557e-55,2.5963200031e-48,4.6736790381e-27,0.00019466230816,0.00019466230816,0.00019466230816,0.00019466230816,3.4658963327e-25,5.2183090651e-58,2.2309554533e-32,8.9749366498e-16,1.0195679713e-52,1.0258082214e-55,1.4005223803e-18,3.6280932927e-26,3.7062259185e-06,3.7062259185e-06,3.7062259185e-06,3.7062259185e-06,0.60129054782,0.60129054782,0.60129054782,0.60129054782,1.1703627961e-12,6.588507906e-09,6.588507906e-09,6.588507906e-09,6.588507906e-09,6.294353465e-19,2.0583466718e-05,2.0583466718e-05,2.0583466718e-05,2.0583466718e-05
3220,3.9418517718e-06,3.9418517718e-06,3.9418517718e-06,3.9418517718e-06,2.1970151303e-35,1.91076095e-27,2.1206842827e-23,2.1206842827e-23,2.1206842827e-23,2.1206842827e-23,2.2643700687e-41,2.4735909664e-38,1.6098159247e-55,5.2759176093e-31,1.3120108952e-26,6.1032627656e-09,6.1032627656e-09,6.1032627656e-09,6.1032627656e-09,1.6080100786e-55,2.2638312608e-48,4.5235625884e-27,0.00019488668611,0.00019488668611,0.00019488668611,0.00019488668611,3.3754130295e-25,4.2704644997e-58,2.1152280826e-32,8.9321830918e-16,8.6459135513e-53,8.5275807475e-56,1.3872751231e-18,3.522163264e-26,3.7103480792e-06,3.7103480792e-06,3.7103480792e-06,3.7103480792e-06,0.60198542243,0.60198542243,0.60198542243,0.60198542243,1.1688706717e-12,6.5932449577e-09,6.5932449577e-09,6.5932449577e-09,6.5932449577e-09,6.2305804668e-19,2.060690827e-05,2.060690827e-05,2.060690827e-05,2.060690827e-05
3225,3.9462424157e-06,3.9462424157e-06,3.9462424157e-06,3.9462424157e-06,2.0557165256e-35,1.8471597612e-27,2.0766062954e-23,2.0766062954e-23,2.0766062954e-23,2.0766062954e-23,2.0558240993e-41,2.2816530223e-38,1.3408084311e-55,5.0319825184e-31,1.2720052667e-26,6.1076119768e-09,6.1076119768e-09,6.1076119768e-09,6.1076119768e-09,1.3393001239e-55,1.9741319976e-48,4.3787177499e-27,0.000195111335,0.000195111335,0.000195111335,0.000195111335,3.2875972593e-25,3.4949054169e-58,2.0057522232e-32,8.8899383318e-16,7.3322973505e-53,7.0894024517e-56,1.3742245019e-18,3.4196618486e-26,3.7144770103e-06,3.7144770103e-06,3.7144770103e-06,3.7144770103e-06,0.60268109957,0.60268109957,0.60268109957,0.60268109957,1.16740082e-12,6.5980137434e-09,6.5980137434e-09,6.5980137434e-09,6.5980137434e-09,6.1677874872e-19,2.063038184e-05,2.063038184e-05,2.063038184e-05,2.063038184e-05
3230,3.9506401946e-06,3.9506401946e-06,3.9506401946e-06,3.9506401946e-06,1.9237552962e-35,1.7858618237e-27,2.0336114788e-23,2.0336114788e-23,2.0336114788e-23,2.0336114788e-23,1.8667270963e-41,2.1048864595e-38,1.1168179599e-55,4.7998977271e-31,1.2333429513e-26,6.111990803e-09,6.111990803e-09,6.111990803e-09,6.111990803e-09,1.115558101e-55,1.7216885505e-48,4.2389451296e-27,0.00019533625495,0.00019533625495,0.00019533625495,0.00019533625495,3.2023625365e-25,2.8602943484e-58,1.90217739e-32,8.8481953178e-16,6.2187587478e-53,5.8941005572e-56,1.361366976e-18,3.3204684068e-26,3.7186126948e-06,3.7186126948e-06,3.7186126948e-06,3.7186126948e-06,0.60337758018,0.60337758018,0.60337758018,0.60337758018,1.165953016e-12,6.6028140483e-09,6.6028140483e-09,6.6028140483e-09,6.6028140483e-09,6.1059563159e-19,2.0653887397e-05,2.0653887397e-05,2.0653887397e-05,2.0653887397e-05
3235,3.9550450914e-06,3.9550450914e-06,3.9550450914e-06,3.9550450914e-06,1.8004984304e-35,1.7267776034e-27,1.9916698171e-23,1.9916698171e-23,1.9916698171e-23,1.9916698171e-23,1.6952430425e-41,1.9420706214e-38,9.3030034846e-56,4.5790613401e-31,1.1959751282e-26,6.1163990439e-09,6.1163990439e-09,6.1163990439e-09,6.1163990439e-09,9.2924795746e-56,1.5016863392e-48,4.1040533762e-27,0.00019556144611,0.00019556144611,0.00019556144611,0.00019556144611,3.1196254114e-25,2.3409978616e-58,1.8041734343e-32,8.806947117e-16,5.2747489482e-53,4.9006034714e-56,1.348699079e-18,3.2244668559e-26,3.7227551163e-06,3.7227551163e-06,3.7227551163e-06,3.7227551163e-06,0.60407486519,0.60407486519,0.60407486519,0.60407486519,1.1645270374e-12,6.6076456604e-09,6.6076456604e-09,6.6076456604e-09,6.6076456604e-09,6.0450691354e-19,2.0677424912e-05,2.0677424912e-05,2.0677424912e-05,2.0677424912e-05
3240,3.9594570892e-06,3.9594570892e-06,3.9594570892e-06,3.9594570892e-06,1.6853568806e-35,1.6698212674e-27,1.9507522108e-23,1.9507522108e-23,1.9507522108e-23,1.9507522108e-23,1.5397113075e-41,1.7920847519e-38,7.7497752494e-56,4.3689032999e-31,1.1598548753e-26,6.1208365012e-09,6.1208365012e-09,6.1208365012e-09,6.1208365012e-09,7.7409839032e-56,1.3099359787e-48,3.9738588365e-27,0.0001957869086,0.0001957869086,0.0001957869086,0.0001957869086,3.0393053556e-25,1.9160475893e-58,1.7114293253e-32,8.7661869138e-16,4.4743948793e-53,4.0747943166e-56,1.3362174174e-18,3.1315454879e-26,3.7269042584e-06,3.7269042584e-06,3.7269042584e-06,3.7269042584e-06,0.60477295551,0.60477295551,0.60477295551,0.60477295551,1.1631226653e-12,6.6125083697e-09,6.6125083697e-09,6.6125083697e-09,6.6125083697e-09,5.9851085114e-19,2.0700994357e-05,2.0700994357e-05,2.0700994357e-05,2.0700994357e-05
3245,3.9638761716e-06,3.9638761716e-06,3.9638761716e-06,3.9638761716e-06,1.5777824391e-35,1.6149105229e-27,1.9108304463e-23,1.9108304463e-23,1.9108304463e-23,1.9108304463e-23,1.3986296997e-41,1.6538996837e-38,6.4562472595e-56,4.1688836382e-31,1.1249370911e-26,6.125302979e-09,6.125302979e-09,6.125302979e-09,6.125302979e-09,6.4489028532e-56,1.1427917064e-48,3.8481852279e-27,0.00019601264257,0.00019601264257,0.00019601264257,0.00019601264257,2.9613246528e-25,1.5682906359e-58,1.6236520073e-32,8.7259080073e-16,3.7957818001e-53,3.3883317057e-56,1.3239186681e-18,3.0415967931e-26,3.7310601053e-06,3.7310601053e-06,3.7310601053e-06,3.7310601053e-06,0.60547185208,0.60547185208,0.60547185208,0.60547185208,1.1617396834e-12,6.6174019688e-09,6.6174019688e-09,6.6174019688e-09,6.6174019688e-09,5.9260573837e-19,2.0724595705e-05,2.0724595705e-05,2.0724595705e-05,2.0724595705e-05
3250,3.9683023222e-06,3.9683023222e-06,3.9683023222e-06,3.9683023222e-06,1.4772648408e-35,1.5619664627e-27,1.8718771667e-23,1.8718771667e-23,1.8718771667e-23,1.8718771667e-23,1.2706391744e-41,1.5265702298e-38,5.3789352542e-56,3.9784908275e-31,1.0911784194e-26,6.1297982835e-09,6.1297982835e-09,6.1297982835e-09,6.1297982835e-09,5.3727993146e-56,9.9708050432e-49,3.7268633251e-27,0.00019623864815,0.00019623864815,0.00019623864815,0.00019623864815,2.8856082934e-25,1.283694818e-58,1.5405653266e-32,8.6861038092e-16,3.2203462444e-53,2.8176707293e-56,1.3117995776e-18,2.9545172929e-26,3.7352226412e-06,3.7352226412e-06,3.7352226412e-06,3.7352226412e-06,0.60617155583,0.60617155583,0.60617155583,0.60617155583,1.1603778783e-12,6.6223262523e-09,6.6223262523e-09,6.6223262523e-09,6.6223262523e-09,5.8678990569e-19,2.0748228929e-05,2.0748228929e-05,2.0748228929e-05,2.0748228929e-05
3255,3.9727355251e-06,3.9727355251e-06,3.9727355251e-06,3.9727355251e-06,1.3833290756e-35,1.5109134181e-27,1.8338658431e-23,1.8338658431e-23,1.8338658431e-23,1.8338658431e-23,1.1545100345e-41,1.4092282165e-38,4.481646393e-56,3.7972402258e-31,1.058537178e-26,6.134322223e-09,6.134322223e-09,6.134322223e-09,6.134322223e-09,4.476519804e-56,8.7004050485e-49,3.6097306612e-27,0.00019646492549,0.00019646492549,0.00019646492549,0.00019646492549,2.8120838736e-25,1.0507805016e-58,1.4619090252e-32,8.6467678415e-16,2.7323622876e-53,2.3432501182e-56,1.2998569598e-18,2.8702073786e-26,3.7393918507e-06,3.7393918507e-06,3.7393918507e-06,3.7393918507e-06,0.60687206769,0.60687206769,0.60687206769,0.60687206769,1.1590370396e-12,6.6272810174e-09,6.6272810174e-09,6.6272810174e-09,6.6272810174e-09,5.8106171919e-19,2.0771894002e-05,2.0771894002e-05,2.0771894002e-05,2.0771894002e-05
3260,3.9771757645e-06,3.9771757645e-06,3.9771757645e-06,3.9771757645e-06,1.2955328962e-35,1.4616788185e-27,1.7967707483e-23,1.7967707483e-23,1.7967707483e-23,1.7967707483e-23,1.0491294765e-41,1.3010761044e-38,3.7342548933e-56,3.6246726091e-31,1.0269732896e-26,6.138874608e-09,6.138874608e-09,6.138874608e-09,6.138874608e-09,3.7299713911e-56,7.5926746036e-49,3.4966312416e-27,0.00019669147474,0.00019669147474,0.00019669147474,0.00019669147474,2.7406814985e-25,8.6015595228e-59,1.3874377952e-32,8.6078937342e-16,2.3185067566e-53,1.9488173373e-56,1.2880876946e-18,2.7885711571e-26,3.7435677186e-06,3.7435677186e-06,3.7435677186e-06,3.7435677186e-06,0.60757338859,0.60757338859,0.60757338859,0.60757338859,1.1577169595e-12,6.6322660632e-09,6.6322660632e-09,6.6322660632e-09,6.6322660632e-09,5.7541957973e-19,2.0795590901e-05,2.0795590901e-05,2.0795590901e-05,2.0795590901e-05
3265,3.9816230252e-06,3.9816230252e-06,3.9816230252e-06,3.9816230252e-06,1.213464505e-35,1.4141930576e-27,1.7605669296e-23,1.7605669296e-23,1.7605669296e-23,1.7605669296e-23,9.534903495e-42,1.2013811457e-38,3.1116835514e-56,3.4603527873e-31,9.9644821637e-27,6.1434552509e-09,6.1434552509e-09,6.1434552509e-09,6.1434552509e-09,3.1081042972e-56,6.6266821489e-49,3.387415271e-27,0.00019691829605,0.00019691829605,0.00019691829605,0.00019691829605,2.6713336886e-25,7.0413732588e-59,1.3169203928e-32,8.5694752239e-16,1.9674912221e-53,1.6208681737e-56,1.2764887265e-18,2.7095163038e-26,3.7477502301e-06,3.7477502301e-06,3.7477502301e-06,3.7477502301e-06,0.60827551946,0.60827551946,0.60827551946,0.60827551946,1.1564174331e-12,6.6372811913e-09,6.6372811913e-09,6.6372811913e-09,6.6372811913e-09,5.6986192209e-19,2.0819319601e-05,2.0819319601e-05,2.0819319601e-05,2.0819319601e-05
3270,3.9860772919e-06,3.9860772919e-06,3.9860772919e-06,3.9860772919e-06,1.1367404086e-35,1.3683893648e-27,1.7252301838e-23,1.7252301838e-23,1.7252301838e-23,1.7252301838e-23,8.6668100688e-42,1.1094700324e-38,2.5930564793e-56,3.3038682979e-31,9.6692489728e-27,6.1480639664e-09,6.1480639664e-09,6.1480639664e-09,6.1480639664e-09,2.5900655293e-56,5.7842025818e-49,3.2819388926e-27,0.00019714538957,0.00019714538957,0.00019714538957,0.00019714538957,2.6039752907e-25,5.7643787151e-59,1.2501388044e-32,8.5315061507e-16,1.6697504923e-53,1.3481813709e-56,1.2650570626e-18,2.6329539207e-26,3.7519393705e-06,3.7519393705e-06,3.7519393705e-06,3.7519393705e-06,0.60897846125,0.60897846125,0.60897846125,0.60897846125,1.1551382581e-12,6.6423262052e-09,6.6423262052e-09,6.6423262052e-09,6.6423262052e-09,5.6438721416e-19,2.0843080078e-05,2.0843080078e-05,2.0843080078e-05,2.0843080078e-05
3275,3.9905385497e-06,3.9905385497e-06,3.9905385497e-06,3.9905385497e-06,1.065003427e-35,1.3242036839e-27,1.6907370332e-23,1.6907370332e-23,1.6907370332e-23,1.6907370332e-23,7.8787614429e-42,1.0247239947e-38,2.1609942324e-56,3.1548281735e-31,9.3836768785e-27,6.1527005712e-09,6.1527005712e-09,6.1527005712e-09,6.1527005712e-09,2.1584947573e-56,5.0493656312e-49,3.1800639386e-27,0.00019737275546,0.00019737275546,0.00019737275546,0.00019737275546,2.5385433915e-25,4.7191373162e-59,1.1868874653e-32,8.4939804573e-16,1.417178911e-53,1.1214321664e-56,1.2537897719e-18,2.5587984013e-26,3.7561351254e-06,3.7561351254e-06,3.7561351254e-06,3.7561351254e-06,0.60968221488,0.60968221488,0.60968221488,0.60968221488,1.1538792348e-12,6.6474009109e-09,6.6474009109e-09,6.6474009109e-09,6.6474009109e-09,5.5899395618e-19,2.0866872311e-05,2.0866872311e-05,2.0866872311e-05,2.0866872311e-05
3280,3.9950067842e-06,3.9950067842e-06,3.9950067842e-06,3.9950067842e-06,9.979208452e-36,1.2815745557e-27,1.6570647011e-23,1.6570647011e-23,1.6570647011e-23,1.6570647011e-23,7.1632852646e-42,9.4657430859e-39,1.801027365e-56,3.0128617782e-31,9.1074230261e-27,6.1573648837e-09,6.1573648837e-09,6.1573648837e-09,6.1573648837e-09,1.7989384945e-56,4.4083501327e-49,3.0816576919e-27,0.00019760039387,0.00019760039387,0.00019760039387,0.00019760039387,2.4749772355e-25,3.8635602586e-59,1.1269725255e-32,8.4568921861e-16,1.202907107e-53,9.328713378e-57,1.2426839832e-18,2.4869673006e-26,3.7603374808e-06,3.7603374808e-06,3.7603374808e-06,3.7603374808e-06,0.61038678129,0.61038678129,0.61038678129,0.61038678129,1.1526401663e-12,6.6525051163e-09,6.6525051163e-09,6.6525051163e-09,6.6525051163e-09,5.5368067993e-19,2.0890696276e-05,2.0890696276e-05,2.0890696276e-05,2.0890696276e-05
3285,3.9994819808e-06,3.9994819808e-06,3.9994819808e-06,3.9994819808e-06,9.3518269807e-36,1.2404430072e-27,1.6241910898e-23,1.6241910898e-23,1.6241910898e-23,1.6241910898e-23,6.513615157e-42,8.744981809e-39,1.5011084875e-56,2.877617709e-31,8.8401576013e-27,6.1620567248e-09,6.1620567248e-09,6.1620567248e-09,6.1620567248e-09,1.4993626762e-56,3.8491181837e-49,2.9865926583e-27,0.00019782830496,0.00019782830496,0.00019782830496,0.00019782830496,2.4132181454e-25,3.163207856e-59,1.0702111594e-32,8.420235478e-16,1.0211129744e-53,7.7605863859e-57,1.231736884e-18,2.4173812107e-26,3.7645464227e-06,3.7645464227e-06,3.7645464227e-06,3.7645464227e-06,0.61109216142,0.61109216142,0.61109216142,0.61109216142,1.1514208581e-12,6.6576386314e-09,6.6576386314e-09,6.6576386314e-09,6.6576386314e-09,5.4844594801e-19,2.0914551954e-05,2.0914551954e-05,2.0914551954e-05,2.0914551954e-05
3290,4.0039641257e-06,4.0039641257e-06,4.0039641257e-06,4.0039641257e-06,8.7650017825e-36,1.2007524452e-27,1.5920947583e-23,1.5920947583e-23,1.5920947583e-23,1.5920947583e-23,5.9236232371e-42,8.0801497718e-39,1.2512062565e-56,2.7487627599e-31,8.5815633023e-27,6.1667759169e-09,6.1667759169e-09,6.1667759169e-09,6.1667759169e-09,1.2497470858e-56,3.3611839523e-49,2.8947463486e-27,0.00019805648891,0.00019805648891,0.00019805648891,0.00019805648891,2.3532094457e-25,2.589898436e-59,1.0164309186e-32,8.38400457e-16,8.668616234e-54,6.4564139317e-57,1.220945719e-18,2.3499636418e-26,3.7687619376e-06,3.7687619376e-06,3.7687619376e-06,3.7687619376e-06,0.61179835621,0.61179835621,0.61179835621,0.61179835621,1.1502211183e-12,6.6628012685e-09,6.6628012685e-09,6.6628012685e-09,6.6628012685e-09,5.432883531e-19,2.0938439325e-05,2.0938439325e-05,2.0938439325e-05,2.0938439325e-05
3295,4.0084532049e-06,4.0084532049e-06,4.0084532049e-06,4.0084532049e-06,8.2160415764e-36,1.1624485545e-27,1.5607549011e-23,1.5607549011e-23,1.5607549011e-23,1.5607549011e-23,5.3877591573e-42,7.4668276488e-39,1.0429675225e-56,2.625980942e-31,8.3313348361e-27,6.1715222847e-09,6.1715222847e-09,6.1715222847e-09,6.1715222847e-09,1.0417478648e-56,2.9354126017e-49,2.8060010705e-27,0.00019828494587,0.00019828494587,0.00019828494587,0.00019828494587,2.2948963898e-25,2.1205704061e-59,9.6546912292e-33,8.3481937938e-16,7.3596984955e-54,5.3717059157e-57,1.2103077892e-18,2.2846409076e-26,3.7729840121e-06,3.7729840121e-06,3.7729840121e-06,3.7729840121e-06,0.61250536659,0.61250536659,0.61250536659,0.61250536659,1.1490407574e-12,6.6679928416e-09,6.6679928416e-09,6.6679928416e-09,6.6679928416e-09,5.3820651726e-19,2.0962358368e-05,2.0962358368e-05,2.0962358368e-05,2.0962358368e-05
3300,4.0129492049e-06,4.0129492049e-06,4.0129492049e-06,4.0129492049e-06,7.7024381471e-36,1.1254792011e-27,1.5301513279e-23,1.5301513279e-23,1.5301513279e-23,1.5301513279e-23,4.9009950336e-42,6.9009514441e-39,8.6943617481e-57,2.5089725599e-31,8.0891784346e-27,6.1762956545e-09,6.1762956545e-09,6.1762956545e-09,6.1762956545e-09,8.6841666153e-57,2.5638453888e-49,2.7202437294e-27,0.00019851367602,0.00019851367602,0.00019851367602,0.00019851367602,2.2382260894e-25,1.7363513816e-59,9.1717228903e-33,8.3127975735e-16,6.2489135679e-54,4.4694812349e-57,1.19982045e-18,2.2213420159e-26,3.7772126331e-06,3.7772126331e-06,3.7772126331e-06,3.7772126331e-06,0.61321319352,0.61321319352,0.61321319352,0.61321319352,1.1478795886e-12,6.673213167e-09,6.673213167e-09,6.673213167e-09,6.673213167e-09,5.3319909123e-19,2.0986309064e-05,2.0986309064e-05,2.0986309064e-05,2.0986309064e-05
3305,4.0174521124e-06,4.0174521124e-06,4.0174521124e-06,4.0174521124e-06,7.2218535972e-36,1.0897943395e-27,1.5002644435e-23,1.5002644435e-23,1.5002644435e-23,1.5002644435e-23,4.4587756854e-42,6.3787834392e-39,7.2481915738e-57,2.3974533384e-31,7.8548113929e-27,6.1810958547e-09,6.1810958547e-09,6.1810958547e-09,6.1810958547e-09,7.2396689983e-57,2.2395475135e-49,2.637365638e-27,0.00019874267953,0.00019874267953,0.00019874267953,0.00019874267953,2.1831474467e-25,1.4217966712e-59,8.7139559283e-33,8.2778104246e-16,5.3061954891e-54,3.7189987213e-57,1.1894811104e-18,2.1599985639e-26,3.7814477877e-06,3.7814477877e-06,3.7814477877e-06,3.7814477877e-06,0.61392183792,0.61392183792,0.61392183792,0.61392183792,1.1467374273e-12,6.678462063e-09,6.678462063e-09,6.678462063e-09,6.678462063e-09,5.2826475374e-19,2.1010291397e-05,2.1010291397e-05,2.1010291397e-05,2.1010291397e-05
3310,4.0219619143e-06,4.0219619143e-06,4.0219619143e-06,4.0219619143e-06,6.7721085062e-36,1.0553459244e-27,1.471075229e-23,1.471075229e-23,1.471075229e-23,1.471075229e-23,4.0569736694e-42,5.8968855548e-39,6.0429172906e-57,2.2911535982e-31,7.6279616258e-27,6.1859227156e-09,6.1859227156e-09,6.1859227156e-09,6.1859227156e-09,6.0357925039e-57,1.9564757451e-49,2.5572623343e-27,0.00019897195656,0.00019897195656,0.00019897195656,0.00019897195656,2.1296110894e-25,1.1642662881e-59,8.2800236475e-33,8.2432269514e-16,4.5060519349e-54,3.0947028454e-57,1.1792872315e-18,2.100544637e-26,3.7856894632e-06,3.7856894632e-06,3.7856894632e-06,3.7856894632e-06,0.61463130075,0.61463130075,0.61463130075,0.61463130075,1.1456140912e-12,6.6837393499e-09,6.6837393499e-09,6.6837393499e-09,6.6837393499e-09,5.2340221091e-19,2.1034305349e-05,2.1034305349e-05,2.1034305349e-05,2.1034305349e-05
3315,4.0264785978e-06,4.0264785978e-06,4.0264785978e-06,4.0264785978e-06,6.3511709323e-36,1.0220878258e-27,1.4425652233e-23,1.4425652233e-23,1.4425652233e-23,1.4425652233e-23,3.6918486391e-42,5.4520949224e-39,5.038353774e-57,2.189817477e-31,7.4083672436e-27,6.1907760692e-09,6.1907760692e-09,6.1907760692e-09,6.1907760692e-09,5.0323972085e-57,1.7093632445e-49,2.4798334072e-27,0.0001992015073,0.0001992015073,0.0001992015073,0.0001992015073,2.0775693085e-25,9.534152683e-60,7.8686361517e-33,8.209041846e-16,3.8268667735e-54,2.5753477917e-57,1.1692363256e-18,2.0429167127e-26,3.7899376473e-06,3.7899376473e-06,3.7899376473e-06,3.7899376473e-06,0.61534158294,0.61534158294,0.61534158294,0.61534158294,1.1445094007e-12,6.6890448498e-09,6.6890448498e-09,6.6890448498e-09,6.6890448498e-09,5.1861019554e-19,2.1058350903e-05,2.1058350903e-05,2.1058350903e-05,2.1058350903e-05
3320,4.0310021504e-06,4.0310021504e-06,4.0310021504e-06,4.0310021504e-06,5.9571461947e-36,9.8997574838e-28,1.4147165053e-23,1.4147165053e-23,1.4147165053e-23,1.4147165053e-23,3.3600106109e-42,5.0415014811e-39,4.2010290259e-57,2.0932021939e-31,7.1957761463e-27,6.1956557494e-09,6.1956557494e-09,6.1956557494e-09,6.1956557494e-09,4.196048869e-57,1.4936193355e-49,2.4049823304e-27,0.00019943133193,0.00019943133193,0.00019943133193,0.00019943133193,2.0269759976e-25,7.8077667605e-60,7.4785758836e-33,8.1752498863e-16,3.2503092355e-54,2.1432696871e-57,1.1593259547e-18,1.9870535678e-26,3.7941923277e-06,3.7941923277e-06,3.7941923277e-06,3.7941923277e-06,0.61605268544,0.61605268544,0.61605268544,0.61605268544,1.1434231781e-12,6.6943783868e-09,6.6943783868e-09,6.6943783868e-09,6.6943783868e-09,5.1388746652e-19,2.1082428043e-05,2.1082428043e-05,2.1082428043e-05,2.1082428043e-05
3325,4.0355325596e-06,4.0355325596e-06,4.0355325596e-06,4.0355325596e-06,5.5882673788e-36,9.5896715434e-28,1.3875116766e-23,1.3875116766e-23,1.3875116766e-23,1.3875116766e-23,3.0583867563e-42,4.6624274265e-39,3.503061108e-57,2.0010773542e-31,6.9899456337e-27,6.200561592e-09,6.200561592e-09,6.200561592e-09,6.200561592e-09,3.4988970845e-57,1.3052422783e-49,2.3326163025e-27,0.00019966143063,0.00019966143063,0.00019966143063,0.00019966143063,1.9777865955e-25,6.3942042704e-60,7.1086934318e-33,8.1418459344e-16,2.760833359e-54,1.7837818918e-57,1.1495537297e-18,1.9328961898e-26,3.7984534926e-06,3.7984534926e-06,3.7984534926e-06,3.7984534926e-06,0.61676460921,0.61676460921,0.61676460921,0.61676460921,1.1423552483e-12,6.6997397872e-09,6.6997397872e-09,6.6997397872e-09,6.6997397872e-09,5.0923280826e-19,2.1106536754e-05,2.1106536754e-05,2.1106536754e-05,2.1106536754e-05
3330,4.0400698135e-06,4.0400698135e-06,4.0400698135e-06,4.0400698135e-06,5.2428865147e-36,9.2902118947e-28,1.3609338452e-23,1.3609338452e-23,1.3609338452e-23,1.3609338452e-23,2.7841913772e-42,4.3124083586e-39,2.9212232254e-57,1.9132242923e-31,6.7906420332e-27,6.2054934345e-09,6.2054934345e-09,6.2054934345e-09,6.2054934345e-09,2.917741405e-57,1.1407433483e-49,2.2626460945e-27,0.00019989180358,0.00019989180358,0.00019989180358,0.00019989180358,1.9299580304e-25,5.2367413624e-60,6.7579035874e-33,8.1088249354e-16,2.3452538857e-54,1.4846725134e-57,1.139917309e-18,1.8803876916e-26,3.8027211302e-06,3.8027211302e-06,3.8027211302e-06,3.8027211302e-06,0.61747735517,0.61747735517,0.61747735517,0.61747735517,1.1413054382e-12,6.7051288787e-09,6.7051288787e-09,6.7051288787e-09,6.7051288787e-09,5.0464503002e-19,2.1130677023e-05,2.1130677023e-05,2.1130677023e-05,2.1130677023e-05
3335,4.0446139002e-06,4.0446139002e-06,4.0446139002e-06,4.0446139002e-06,4.9194663773e-36,9.0009861273e-28,1.3349666092e-23,1.3349666092e-23,1.3349666092e-23,1.3349666092e-23,2.5348987574e-42,3.989175985e-39,2.4361653942e-57,1.8294354514e-31,6.5976403422e-27,6.2104511162e-09,6.2104511162e-09,6.2104511162e-09,6.2104511162e-09,2.4332538554e-57,9.9708074959e-50,2.1949859045e-27,0.00020012245096,0.00020012245096,0.00020012245096,0.00020012245096,1.8834486666e-25,4.2889470587e-60,6.4251816375e-33,8.0761819152e-16,1.992386901e-54,1.2357868439e-57,1.1304143977e-18,1.82947323e-26,3.8069952291e-06,3.8069952291e-06,3.8069952291e-06,3.8069952291e-06,0.6181909243,0.6181909243,0.6181909243,0.6181909243,1.140273577e-12,6.7105454912e-09,6.7105454912e-09,6.7105454912e-09,6.7105454912e-09,5.0012296542e-19,2.1154848834e-05,2.1154848834e-05,2.1154848834e-05,2.1154848834e-05
3340,4.0491648079e-06,4.0491648079e-06,4.0491648079e-06,4.0491648079e-06,4.6165728656e-36,8.7216172873e-28,1.3095940414e-23,1.3095940414e-23,1.3095940414e-23,1.3095940414e-23,2.3082186097e-42,3.6906422482e-39,2.0317664317e-57,1.7495137967e-31,6.410723886e-27,6.2154344781e-09,6.2154344781e-09,6.2154344781e-09,6.2154344781e-09,2.0293316397e-57,8.7160208232e-50,2.1295532176e-27,0.00020035337298,0.00020035337298,0.00020035337298,0.00020035337298,1.838218253e-25,3.512814245e-60,6.109559878e-33,8.0439119797e-16,1.6927453116e-54,1.0286803449e-57,1.1210427462e-18,1.7800999272e-26,3.8112757778e-06,3.8112757778e-06,3.8112757778e-06,3.8112757778e-06,0.61890531752,0.61890531752,0.61890531752,0.61890531752,1.1392594962e-12,6.7159894565e-09,6.7159894565e-09,6.7159894565e-09,6.7159894565e-09,4.956654718e-19,2.1179052175e-05,2.1179052175e-05,2.1179052175e-05,2.1179052175e-05
3345,4.0537225254e-06,4.0537225254e-06,4.0537225254e-06,4.0537225254e-06,4.3328679175e-36,8.4517432337e-28,1.2848006744e-23,1.2848006744e-23,1.2848006744e-23,1.2848006744e-23,2.1020738696e-42,3.4148847597e-39,1.6945944149e-57,1.6732722604e-31,6.2296839895e-27,6.2204433629e-09,6.2204433629e-09,6.2204433629e-09,6.2204433629e-09,1.6925581974e-57,7.6199425164e-50,2.0662686721e-27,0.0002005845698,0.0002005845698,0.0002005845698,0.0002005845698,1.7942278736e-25,2.8772302785e-60,5.8101243347e-33,8.0120103128e-16,1.4382807724e-54,8.5633024814e-58,1.1118001496e-18,1.7322167957e-26,3.8155627655e-06,3.8155627655e-06,3.8155627655e-06,3.8155627655e-06,0.6196205358,0.6196205358,0.6196205358,0.6196205358,1.1382630291e-12,6.7214606081e-09,6.7214606081e-09,6.7214606081e-09,6.7214606081e-09,4.9127142974e-19,2.1203287034e-05,2.1203287034e-05,2.1203287034e-05,2.1203287034e-05
3350,4.0582870415e-06,4.0582870415e-06,4.0582870415e-06,4.0582870415e-06,4.0671029232e-36,8.1910160213e-28,1.260571486e-23,1.260571486e-23,1.260571486e-23,1.260571486e-23,1.9145806074e-42,3.1601334303e-39,1.4134574279e-57,1.600533218e-31,6.0543196633e-27,6.2254776152e-09,6.2254776152e-09,6.2254776152e-09,6.2254776152e-09,1.4117544481e-57,6.662398514e-50,2.0050559322e-27,0.00020081604164,0.00020081604164,0.00020081604164,0.00020081604164,1.7514398998e-25,2.3567254587e-60,5.5260116788e-33,7.9804721751e-16,1.2221649592e-54,7.1289585581e-58,1.1026844464e-18,1.6857746662e-26,3.8198561812e-06,3.8198561812e-06,3.8198561812e-06,3.8198561812e-06,0.62033658009,0.62033658009,0.62033658009,0.62033658009,1.1372840115e-12,6.7269587813e-09,6.7269587813e-09,6.7269587813e-09,6.7269587813e-09,4.8693974247e-19,2.1227553399e-05,2.1227553399e-05,2.1227553399e-05,2.1227553399e-05
3355,4.0628583451e-06,4.0628583451e-06,4.0628583451e-06,4.0628583451e-06,3.8181126004e-36,7.9391013118e-28,1.2368918855e-23,1.2368918855e-23,1.2368918855e-23,1.2368918855e-23,1.744029855e-42,2.9247581968e-39,1.1790294656e-57,1.5311279923e-31,5.884437302e-27,6.230537081e-09,6.230537081e-09,6.230537081e-09,6.230537081e-09,1.1776051117e-57,5.8257918134e-50,1.9458415651e-27,0.00020104778868,0.00020104778868,0.00020104778868,0.00020104778868,1.7098179449e-25,1.9304488422e-60,5.2564063243e-33,7.9492929026e-16,1.0386041755e-54,5.9351930694e-58,1.0936935176e-18,1.6407261183e-26,3.8241560144e-06,3.8241560144e-06,3.8241560144e-06,3.8241560144e-06,0.62105345133,0.62105345133,0.62105345133,0.62105345133,1.136322281e-12,6.7324838132e-09,6.7324838132e-09,6.7324838132e-09,6.7324838132e-09,4.8266933542e-19,2.1251851259e-05,2.1251851259e-05,2.1251851259e-05,2.1251851259e-05
3360,4.0674364256e-06,4.0674364256e-06,4.0674364256e-06,4.0674364256e-06,3.5848092987e-36,7.6956778101e-28,1.2137477e-23,1.2137477e-23,1.2137477e-23,1.2137477e-23,1.5888711621e-42,2.7072577551e-39,9.8353890293e-58,1.4648963848e-31,5.7198503957e-27,6.2356216082e-09,6.2356216082e-09,6.2356216082e-09,6.2356216082e-09,9.8234752567e-58,5.0947716698e-50,1.888554924e-27,0.00020127981113,0.00020127981113,0.00020127981113,0.00020127981113,1.6693268201e-25,1.5813300755e-60,5.0005376985e-33,7.9184679051e-16,8.8268220012e-55,4.941599688e-58,1.084825286e-18,1.5970254144e-26,3.8284622546e-06,3.8284622546e-06,3.8284622546e-06,3.8284622546e-06,0.62177115049,0.62177115049,0.62177115049,0.62177115049,1.1353776773e-12,6.7380355427e-09,6.7380355427e-09,6.7380355427e-09,6.7380355427e-09,4.7845915564e-19,2.1276180602e-05,2.1276180602e-05,2.1276180602e-05,2.1276180602e-05
3365,4.0720212725e-06,4.0720212725e-06,4.0720212725e-06,4.0720212725e-06,3.3661777019e-36,7.4604367256e-28,1.1911251613e-23,1.1911251613e-23,1.1911251613e-23,1.1911251613e-23,1.4476977169e-42,2.5062492139e-39,8.205090524e-58,1.4016862322e-31,5.5603792531e-27,6.2407310463e-09,6.2407310463e-09,6.2407310463e-09,6.2407310463e-09,8.1951249171e-58,4.4559454622e-50,1.8331280357e-27,0.00020151210918,0.00020151210918,0.00020151210918,0.00020151210918,1.6299324916e-25,1.2953934371e-60,4.757677672e-33,7.8879926653e-16,7.5022706324e-55,4.1145677093e-58,1.0760777146e-18,1.5546284354e-26,3.8327748915e-06,3.8327748915e-06,3.8327748915e-06,3.8327748915e-06,0.62248967851,0.62248967851,0.62248967851,0.62248967851,1.1344500421e-12,6.7436138105e-09,6.7436138105e-09,6.7436138105e-09,6.7436138105e-09,4.7430817134e-19,2.130054142e-05,2.130054142e-05,2.130054142e-05,2.130054142e-05
3370,4.0766128754e-06,4.0766128754e-06,4.0766128754e-06,4.0766128754e-06,3.1612699005e-36,7.2330812562e-28,1.1690108937e-23,1.1690108937e-23,1.1690108937e-23,1.1690108937e-23,1.3192328785e-42,2.3204585936e-39,6.8454208629e-58,1.3413529876e-31,5.4058507357e-27,6.2458652463e-09,6.2458652463e-09,6.2458652463e-09,6.2458652463e-09,6.8370844114e-58,3.8976276971e-50,1.7794954936e-27,0.00020174468303,0.00020174468303,0.00020174468303,0.00020174468303,1.5916020404e-25,1.0611964279e-60,4.5271381413e-33,7.8578627367e-16,6.376980992e-55,3.4261376083e-58,1.0674488066e-18,1.5134926202e-26,3.8370939153e-06,3.8370939153e-06,3.8370939153e-06,3.8370939153e-06,0.62320903636,0.62320903636,0.62320903636,0.62320903636,1.1335392193e-12,6.7492184589e-09,6.7492184589e-09,6.7492184589e-09,6.7492184589e-09,4.7021537143e-19,2.1324933703e-05,2.1324933703e-05,2.1324933703e-05,2.1324933703e-05
3375,4.0812112243e-06,4.0812112243e-06,4.0812112243e-06,4.0812112243e-06,2.9692008077e-36,7.0133260957e-28,1.1473919014e-23,1.1473919014e-23,1.1473919014e-23,1.1473919014e-23,1.2023179881e-42,2.1487121013e-39,5.7113906653e-58,1.2837593239e-31,5.2560980039e-27,6.2510240611e-09,6.2510240611e-09,6.2510240611e-09,6.2510240611e-09,5.7044166686e-58,3.4096213413e-50,1.7275943542e-27,0.00020197753288,0.00020197753288,0.00020197753288,0.00020197753288,1.5543036229e-25,8.6937028018e-61,4.3082687526e-33,7.828073743e-16,5.4209018184e-55,2.8530495895e-58,1.0589366038e-18,1.4735769063e-26,3.8414193161e-06,3.8414193161e-06,3.8414193161e-06,3.8414193161e-06,0.62392922499,0.62392922499,0.62392922499,0.62392922499,1.1326450544e-12,6.7548493321e-09,6.7548493321e-09,6.7548493321e-09,6.7548493321e-09,4.6617976502e-19,2.1349357443e-05,2.1349357443e-05,2.1349357443e-05,2.1349357443e-05
3380,4.0858163093e-06,4.0858163093e-06,4.0858163093e-06,4.0858163093e-06,2.7891438938e-36,6.8008969617e-28,1.1262555567e-23,1.1262555567e-23,1.1262555567e-23,1.1262555567e-23,1.0959013336e-42,1.9899281151e-39,4.7655003906e-58,1.2287747581e-31,5.1109602724e-27,6.2562073448e-09,6.2562073448e-09,6.2562073448e-09,6.2562073448e-09,4.7596658687e-58,2.9830272985e-50,1.6773640392e-27,0.00020221065895,0.00020221065895,0.00020221065895,0.00020221065895,1.5180064328e-25,7.1224387058e-61,4.1004547599e-33,7.7986213764e-16,4.6085252235e-55,2.3759525412e-58,1.0505391861e-18,1.4348416739e-26,3.8457510843e-06,3.8457510843e-06,3.8457510843e-06,3.8457510843e-06,0.62465024535,0.62465024535,0.62465024535,0.62465024535,1.1317673951e-12,6.7605062757e-09,6.7605062757e-09,6.7605062757e-09,6.7605062757e-09,4.6220038097e-19,2.1373812631e-05,2.1373812631e-05,2.1373812631e-05,2.1373812631e-05
3385,4.0904281207e-06,4.0904281207e-06,4.0904281207e-06,4.0904281207e-06,2.6203272178e-36,6.5955301443e-28,1.1055895892e-23,1.1055895892e-23,1.1055895892e-23,1.1055895892e-23,9.9902815956e-43,1.843109821e-39,3.9764916353e-58,1.1762752972e-31,4.9702825764e-27,6.2614149535e-09,6.2614149535e-09,6.2614149535e-09,6.2614149535e-09,3.9716101517e-58,2.6100783917e-50,1.6287462404e-27,0.00020244406144,0.00020244406144,0.00020244406144,0.00020244406144,1.4826806653e-25,5.8353588693e-61,3.9031150081e-33,7.7695013967e-16,3.9181980964e-55,1.9787463158e-58,1.0422546705e-18,1.3972486915e-26,3.8500892106e-06,3.8500892106e-06,3.8500892106e-06,3.8500892106e-06,0.62537209842,0.62537209842,0.62537209842,0.62537209842,1.1309060909e-12,6.7661891374e-09,6.7661891374e-09,6.7661891374e-09,6.7661891374e-09,4.5827626746e-19,2.139829926e-05,2.139829926e-05,2.139829926e-05,2.139829926e-05
3390,4.095046649e-06,4.095046649e-06,4.095046649e-06,4.095046649e-06,2.462029733e-36,6.3969720741e-28,1.0853820742e-23,1.0853820742e-23,1.0853820742e-23,1.0853820742e-23,9.1083162075e-43,1.7073384478e-39,3.3183069107e-58,1.1261431019e-31,4.8339155473e-27,6.2666467444e-09,6.2666467444e-09,6.2666467444e-09,6.2666467444e-09,3.3142225751e-58,2.2839946832e-50,1.5816848301e-27,0.00020267774057,0.00020267774057,0.00020267774057,0.00020267774057,1.4482974816e-25,4.7810285331e-61,3.715700034e-33,7.7407096298e-16,3.3315381284e-55,1.6480348341e-58,1.0340812105e-18,1.3607610643e-26,3.8544336856e-06,3.8544336856e-06,3.8544336856e-06,3.8544336856e-06,0.62609478514,0.62609478514,0.62609478514,0.62609478514,1.130060993e-12,6.7718977661e-09,6.7718977661e-09,6.7718977661e-09,6.7718977661e-09,4.5440649153e-19,2.1422817324e-05,2.1422817324e-05,2.1422817324e-05,2.1422817324e-05
3395,4.0996718851e-06,4.0996718851e-06,4.0996718851e-06,4.0996718851e-06,2.3135778499e-36,6.204978909e-28,1.0656214222e-23,1.0656214222e-23,1.0656214222e-23,1.0656214222e-23,8.3052458963e-43,1.5817670508e-39,2.7692230454e-58,1.0782661688e-31,4.7017151969e-27,6.2719025767e-09,6.2719025767e-09,6.2719025767e-09,6.2719025767e-09,2.765805502e-58,1.9988573763e-50,1.536125774e-27,0.00020291169653,0.00020291169653,0.00020291169653,0.00020291169653,1.4148289755e-25,3.9173287064e-61,3.5376902784e-33,7.7122419664e-16,2.8329385221e-55,1.3726713153e-58,1.0260169951e-18,1.3253431836e-26,3.8587845004e-06,3.8587845004e-06,3.8587845004e-06,3.8587845004e-06,0.62681830648,0.62681830648,0.62681830648,0.62681830648,1.1292319547e-12,6.7776320126e-09,6.7776320126e-09,6.7776320126e-09,6.7776320126e-09,4.5059013868e-19,2.1447366815e-05,2.1447366815e-05,2.1447366815e-05,2.1447366815e-05
3400,4.1043038197e-06,4.1043038197e-06,4.1043038197e-06,4.1043038197e-06,2.1743422353e-36,6.0193161388e-28,1.0462963689e-23,1.0462963689e-23,1.0462963689e-23,1.0462963689e-23,7.5739223659e-43,1.4656147987e-39,2.3111291908e-58,1.0325380298e-31,4.5735427112e-27,6.2771823109e-09,6.2771823109e-09,6.2771823109e-09,6.2771823109e-09,2.3082694303e-58,1.7494989025e-50,1.4920170482e-27,0.00020314592955,0.00020314592955,0.00020314592955,0.00020314592955,1.3822481408e-25,3.2097677281e-61,3.368594402e-33,7.6840943613e-16,2.4091478868e-55,1.143380093e-58,1.0180602479e-18,1.2909606795e-26,3.8631416463e-06,3.8631416463e-06,3.8631416463e-06,3.8631416463e-06,0.62754266341,0.62754266341,0.62754266341,0.62754266341,1.1284188311e-12,6.7833917292e-09,6.7833917292e-09,6.7833917292e-09,6.7833917292e-09,4.4682631245e-19,2.1471947729e-05,2.1471947729e-05,2.1471947729e-05,2.1471947729e-05
3405,4.1089424441e-06,4.1089424441e-06,4.1089424441e-06,4.1089424441e-06,2.0437348334e-36,5.8397582061e-28,1.027395965e-23,1.027395965e-23,1.027395965e-23,1.027395965e-23,6.9078530879e-43,1.3581617223e-39,1.9289252666e-58,9.8885746747e-32,4.4492642524e-27,6.2824858088e-09,6.2824858088e-09,6.2824858088e-09,6.2824858088e-09,1.9265321255e-58,1.5314071047e-50,1.4493085599e-27,0.00020338043985,0.00020338043985,0.00020338043985,0.00020338043985,1.3505288401e-25,2.6300990634e-61,3.2079476995e-33,7.6562628317e-16,2.0489138767e-55,9.5244210309e-59,1.0102092269e-18,1.2575803747e-26,3.8675051144e-06,3.8675051144e-06,3.8675051144e-06,3.8675051144e-06,0.62826785688,0.62826785688,0.62826785688,0.62826785688,1.1276214788e-12,6.78917677e-09,6.78917677e-09,6.78917677e-09,6.78917677e-09,4.4311413401e-19,2.149656006e-05,2.149656006e-05,2.149656006e-05,2.149656006e-05
3410,4.1135877497e-06,4.1135877497e-06,4.1135877497e-06,4.1135877497e-06,1.9212060911e-36,5.6660881443e-28,1.0089095665e-23,1.0089095665e-23,1.0089095665e-23,1.0089095665e-23,6.3011404115e-43,1.2587438881e-39,1.6100207256e-58,9.4712824527e-32,4.3287507681e-27,6.2878129342e-09,6.2878129342e-09,6.2878129342e-09,6.2878129342e-09,1.6080179606e-58,1.3406417015e-50,1.4079520714e-27,0.00020361522763,0.00020361522763,0.00020361522763,0.00020361522763,1.319645775e-25,2.1551897555e-61,3.0553106055e-33,7.6287434565e-16,1.7426808778e-55,7.9343330803e-59,1.002462223e-18,1.2251702399e-26,3.8718748965e-06,3.8718748965e-06,3.8718748965e-06,3.8718748965e-06,0.62899388787,0.62899388787,0.62899388787,0.62899388787,1.1268397565e-12,6.7949869904e-09,6.7949869904e-09,6.7949869904e-09,6.7949869904e-09,4.3945274178e-19,2.1521203804e-05,2.1521203804e-05,2.1521203804e-05,2.1521203804e-05
3415,4.1182397278e-06,4.1182397278e-06,4.1182397278e-06,4.1182397278e-06,1.806242375e-36,5.4980972303e-28,9.9082682577e-24,9.9082682577e-24,9.9082682577e-24,9.9082682577e-24,5.7484263955e-43,1.1667489604e-39,1.3439168844e-58,9.0725885264e-32,4.2118778097e-27,6.2931635518e-09,6.2931635518e-09,6.2931635518e-09,6.2931635518e-09,1.3422407275e-58,1.1737614502e-50,1.3679011265e-27,0.00020385029313,0.00020385029313,0.00020385029313,0.00020385029313,1.2895744566e-25,1.7660940445e-61,2.9102672871e-33,7.6015323749e-16,1.482333526e-55,6.6100713634e-59,9.9481755993e-19,1.1936993518e-26,3.8762509843e-06,3.8762509843e-06,3.8762509843e-06,3.8762509843e-06,0.62972075733,0.62972075733,0.62972075733,0.62972075733,1.1260735244e-12,6.8008222475e-09,6.8008222475e-09,6.8008222475e-09,6.8008222475e-09,4.3584129103e-19,2.1545878956e-05,2.1545878956e-05,2.1545878956e-05,2.1545878956e-05
3420,4.1228983702e-06,4.1228983702e-06,4.1228983702e-06,4.1228983702e-06,1.6983635656e-36,5.3355846528e-28,9.7313768224e-24,9.7313768224e-24,9.7313768224e-24,9.7313768224e-24,5.2448428154e-43,1.081612121e-39,1.1218588685e-58,8.6916226336e-32,4.0985253567e-27,6.2985375283e-09,6.2985375283e-09,6.2985375283e-09,6.2985375283e-09,1.1204559825e-58,1.0277606314e-50,1.3291109811e-27,0.00020408563655,0.00020408563655,0.00020408563655,0.00020408563655,1.2602911778e-25,1.447294929e-61,2.7724243177e-33,7.5746257856e-16,1.2609790901e-55,5.5071352108e-59,9.8727359312e-19,1.1631378521e-26,3.8806333696e-06,3.8806333696e-06,3.8806333696e-06,3.8806333696e-06,0.63044846623,0.63044846623,0.63044846623,0.63044846623,1.1253226445e-12,6.8066823999e-09,6.8066823999e-09,6.8066823999e-09,6.8066823999e-09,4.3227895352e-19,2.1570585514e-05,2.1570585514e-05,2.1570585514e-05,2.1570585514e-05
3425,4.1275636689e-06,4.1275636689e-06,4.1275636689e-06,4.1275636689e-06,1.5971208157e-36,5.1783571936e-28,9.5583235383e-24,9.5583235383e-24,9.5583235383e-24,9.5583235383e-24,4.7859658577e-43,1.0028123171e-39,9.3654555105e-59,8.3275570674e-32,3.9885776489e-27,6.3039347314e-09,6.3039347314e-09,6.3039347314e-09,6.3039347314e-09,9.3537132125e-59,9.0001365756e-51,1.2915385359e-27,0.00020432125813,0.00020432125813,0.00020432125813,0.00020432125813,1.2317729869e-25,1.1860832011e-61,2.6414094272e-33,7.5480199455e-16,1.0727628181e-55,4.5884837182e-59,9.7982870926e-19,1.1334569082e-26,3.8850220446e-06,3.8850220446e-06,3.8850220446e-06,3.8850220446e-06,0.63117701555,0.63117701555,0.63117701555,0.63117701555,1.1245869806e-12,6.812567308e-09,6.812567308e-09,6.812567308e-09,6.812567308e-09,4.2876491713e-19,2.1595323474e-05,2.1595323474e-05,2.1595323474e-05,2.1595323474e-05
3430,4.1322356159e-06,4.1322356159e-06,4.1322356159e-06,4.1322356159e-06,1.5020944635e-36,5.0262289233e-28,9.3890132852e-24,9.3890132852e-24,9.3890132852e-24,9.3890132852e-24,4.3677750542e-43,9.2986881017e-40,7.8188780969e-59,7.9796045103e-32,3.8819230251e-27,6.3093550304e-09,6.3093550304e-09,6.3093550304e-09,6.3093550304e-09,7.8090491536e-59,7.8822676048e-51,1.2551422721e-27,0.00020455715809,0.00020455715809,0.00020455715809,0.00020455715809,1.2039976609e-25,9.7204902079e-62,2.5168703248e-33,7.5217111685e-16,9.1271123925e-56,3.8232835529e-59,9.724813255e-19,1.1046286756e-26,3.8894170016e-06,3.8894170016e-06,3.8894170016e-06,3.8894170016e-06,0.63190640625,0.63190640625,0.63190640625,0.63190640625,1.1238663978e-12,6.8184768332e-09,6.8184768332e-09,6.8184768332e-09,6.8184768332e-09,4.2529838551e-19,2.1620092834e-05,2.1620092834e-05,2.1620092834e-05,2.1620092834e-05
3435,4.1369142034e-06,4.1369142034e-06,4.1369142034e-06,4.1369142034e-06,1.4128920872e-36,4.8790209097e-28,9.2233535618e-24,9.2233535618e-24,9.2233535618e-24,9.2233535618e-24,3.9866160571e-43,8.6233800222e-40,6.5280704012e-59,7.6470159815e-32,3.7784537684e-27,6.314798296e-09,6.314798296e-09,6.314798296e-09,6.314798296e-09,6.5198426042e-59,6.9039584892e-51,1.2198821898e-27,0.00020479333666,0.00020479333666,0.00020479333666,0.00020479333666,1.1769436811e-25,7.9666561837e-62,2.3984735886e-33,7.4956958252e-16,7.7659918109e-56,3.1858672361e-59,9.6522988884e-19,1.0766262616e-26,3.893818233e-06,3.893818233e-06,3.893818233e-06,3.893818233e-06,0.63263663931,0.63263663931,0.63263663931,0.63263663931,1.1231607632e-12,6.8244108388e-09,6.8244108388e-09,6.8244108388e-09,6.8244108388e-09,4.2187857773e-19,2.1644893592e-05,2.1644893592e-05,2.1644893592e-05,2.1644893592e-05
3440,4.141599424e-06,4.141599424e-06,4.141599424e-06,4.141599424e-06,1.3291466928e-36,4.7365609382e-28,9.0612544076e-24,9.0612544076e-24,9.0612544076e-24,9.0612544076e-24,3.6391668896e-43,7.998105154e-40,5.4506721376e-59,7.3290788938e-32,3.6780659573e-27,6.3202644005e-09,6.3202644005e-09,6.3202644005e-09,6.3202644005e-09,5.4437842934e-59,6.0476974477e-51,1.1857197488e-27,0.00020502979407,0.00020502979407,0.00020502979407,0.00020502979407,1.150590209e-25,6.5294842036e-62,2.2859036194e-33,7.4699703411e-16,6.6083690229e-56,2.6548664763e-59,9.5807287551e-19,1.0494236906e-26,3.8982257315e-06,3.8982257315e-06,3.8982257315e-06,3.8982257315e-06,0.63336771569,0.63336771569,0.63336771569,0.63336771569,1.1224699454e-12,6.8303691894e-09,6.8303691894e-09,6.8303691894e-09,6.8303691894e-09,4.1850472794e-19,2.1669725747e-05,2.1669725747e-05,2.1669725747e-05,2.1669725747e-05
3445,4.1462912703e-06,4.1462912703e-06,4.1462912703e-06,4.1462912703e-06,1.2505150254e-36,4.5986832442e-28,8.9026283261e-24,8.9026283261e-24,8.9026283261e-24,8.9026283261e-24,3.322407345e-43,7.4190850564e-40,4.551348865e-59,7.0251152114e-32,3.5806593232e-27,6.3257532171e-09,6.3257532171e-09,6.3257532171e-09,6.3257532171e-09,4.5455824477e-59,5.2981810771e-51,1.1526178121e-27,0.00020526653054,0.00020526653054,0.00020526653054,0.00020526653054,1.1249170629e-25,5.3517592353e-62,2.1788616548e-33,7.444531196e-16,5.6237429159e-56,2.2124910983e-59,9.5100879029e-19,1.0229958705e-26,3.9026394898e-06,3.9026394898e-06,3.9026394898e-06,3.9026394898e-06,0.63409963636,0.63409963636,0.63409963636,0.63409963636,1.1217938145e-12,6.8363517511e-09,6.8363517511e-09,6.8363517511e-09,6.8363517511e-09,4.1517608503e-19,2.1694589299e-05,2.1694589299e-05,2.1694589299e-05,2.1694589299e-05
3450,4.150989735e-06,4.150989735e-06,4.150989735e-06,4.150989735e-06,1.1766759948e-36,4.4652282566e-28,8.7473902114e-24,8.7473902114e-24,8.7473902114e-24,8.7473902114e-24,3.0335912373e-43,6.8828319054e-40,3.8006250007e-59,6.7344797052e-32,3.4861371136e-27,6.3312646208e-09,6.3312646208e-09,6.3312646208e-09,6.3312646208e-09,3.7957971722e-59,4.642034478e-51,1.1205405916e-27,0.00020550354631,0.00020550354631,0.00020550354631,0.00020550354631,1.0999046958e-25,4.3866112423e-62,2.0770648387e-33,7.419374923e-16,4.7861954589e-56,1.8439290756e-59,9.4403616593e-19,9.9731856064e-27,3.9070595009e-06,3.9070595009e-06,3.9070595009e-06,3.9070595009e-06,0.63483240231,0.63483240231,0.63483240231,0.63483240231,1.1211322423e-12,6.8423583915e-09,6.8423583915e-09,6.8423583915e-09,6.8423583915e-09,4.1189191234e-19,2.1719484246e-05,2.1719484246e-05,2.1719484246e-05,2.1719484246e-05
3455,4.1556948112e-06,4.1556948112e-06,4.1556948112e-06,4.1556948112e-06,1.1073292088e-36,4.3360423525e-28,8.5954572765e-24,8.5954572765e-24,8.5954572765e-24,8.5954572765e-24,2.7702212328e-43,6.3861257449e-40,3.1739109488e-59,6.4565583001e-32,3.39440596e-27,6.3367984878e-09,6.3367984878e-09,6.3367984878e-09,6.3367984878e-09,3.1698687228e-59,4.0675670228e-51,1.0894535955e-27,0.00020574084161,0.00020574084161,0.00020574084161,0.00020574084161,1.075534174e-25,3.5956433993e-62,1.9802453444e-33,7.3944981076e-16,4.0737013382e-56,1.5368472995e-59,9.3715356258e-19,9.7236834099e-27,3.911485758e-06,3.911485758e-06,3.911485758e-06,3.911485758e-06,0.6355660145,0.6355660145,0.6355660145,0.6355660145,1.120485102e-12,6.8483889796e-09,6.8483889796e-09,6.8483889796e-09,6.8483889796e-09,4.0865148731e-19,2.1744410588e-05,2.1744410588e-05,2.1744410588e-05,2.1744410588e-05
3460,4.160406492e-06,4.160406492e-06,4.160406492e-06,4.160406492e-06,1.0421936051e-36,4.2109776213e-28,8.4467489851e-24,8.4467489851e-24,8.4467489851e-24,8.4467489851e-24,2.5300260226e-43,5.9259935483e-40,2.650692008e-59,6.1907665073e-32,3.305375752e-27,6.3423546955e-09,6.3423546955e-09,6.3423546955e-09,6.3423546955e-09,2.647307369e-59,3.5645592058e-51,1.0593235791e-27,0.00020597841668,0.00020597841668,0.00020597841668,0.00020597841668,1.0517871559e-25,2.9473992183e-62,1.888149548e-33,7.3698973867e-16,3.4675418407e-56,1.2809761481e-59,9.3035956717e-19,9.4812258215e-27,3.9159182544e-06,3.9159182544e-06,3.9159182544e-06,3.9159182544e-06,0.63630047391,0.63630047391,0.63630047391,0.63630047391,1.1198522684e-12,6.8544433858e-09,6.8544433858e-09,6.8544433858e-09,6.8544433858e-09,4.0545410118e-19,2.1769368328e-05,2.1769368328e-05,2.1769368328e-05,2.1769368328e-05
3465,4.1651247707e-06,4.1651247707e-06,4.1651247707e-06,4.1651247707e-06,9.8100617603e-37,4.0898916397e-28,8.3011869835e-24,8.3011869835e-24,8.3011869835e-24,8.3011869835e-24,2.310939613e-43,5.4996899447e-40,2.2138521177e-59,5.9365479399e-32,3.2189595158e-27,6.3479331229e-09,6.3479331229e-09,6.3479331229e-09,6.3479331229e-09,2.2110179397e-59,3.1240766007e-51,1.030118496e-27,0.00020621627176,0.00020621627176,0.00020621627176,0.00020621627176,1.0286458726e-25,2.4161071799e-62,1.8005372483e-33,7.3455694477e-16,2.9518072074e-56,1.0677637693e-59,9.2365279286e-19,9.2455941694e-27,3.9203569836e-06,3.9203569836e-06,3.9203569836e-06,3.9203569836e-06,0.63703578152,0.63703578152,0.63703578152,0.63703578152,1.1192336179e-12,6.8605214818e-09,6.8605214818e-09,6.8605214818e-09,6.8605214818e-09,4.0229905873e-19,2.1794357465e-05,2.1794357465e-05,2.1794357465e-05,2.1794357465e-05
3470,4.1698496409e-06,4.1698496409e-06,4.1698496409e-06,4.1698496409e-06,9.2352077997e-37,3.9726472552e-28,8.1586950372e-24,8.1586950372e-24,8.1586950372e-24,8.1586950372e-24,2.1110825365e-43,5.1046794759e-40,1.8491099949e-59,5.6933729051e-32,3.1350732976e-27,6.3535336499e-09,6.3535336499e-09,6.3535336499e-09,6.3535336499e-09,1.846736628e-59,2.7383074612e-51,1.0018074526e-27,0.00020645440709,0.00020645440709,0.00020645440709,0.00020645440709,1.0060931082e-25,1.9806525944e-62,1.7171809309e-33,7.3215110278e-16,2.512974067e-56,8.9008836461e-60,9.1703187848e-19,9.0165771291e-27,3.9248019391e-06,3.9248019391e-06,3.9248019391e-06,3.9248019391e-06,0.63777193831,0.63777193831,0.63777193831,0.63777193831,1.1186290281e-12,6.8666231408e-09,6.8666231408e-09,6.8666231408e-09,6.8666231408e-09,3.9918567792e-19,2.1819378002e-05,2.1819378002e-05,2.1819378002e-05,2.1819378002e-05
3475,4.1745810961e-06,4.1745810961e-06,4.1745810961e-06,4.1745810961e-06,8.6950703192e-37,3.859112379e-28,8.0191989674e-24,8.0191989674e-24,8.0191989674e-24,8.0191989674e-24,1.9287448033e-43,4.7386202593e-40,1.5445489553e-59,5.46073707e-32,3.0536360518e-27,6.3591561582e-09,6.3591561582e-09,6.3591561582e-09,6.3591561582e-09,1.5425613707e-59,2.4004209445e-51,9.7436066419e-28,0.0002066928229,0.0002066928229,0.0002066928229,0.0002066928229,9.8411218161e-26,1.6237355357e-62,1.6378650742e-33,7.2977189128e-16,2.1395465968e-56,7.4201872811e-60,9.1049548802e-19,8.7939704585e-27,3.9292531148e-06,3.9292531148e-06,3.9292531148e-06,3.9292531148e-06,0.63850894526,0.63850894526,0.63850894526,0.63850894526,1.1180383783e-12,6.8727482375e-09,6.8727482375e-09,6.8727482375e-09,6.8727482375e-09,3.9611328967e-19,2.1844429941e-05,2.1844429941e-05,2.1844429941e-05,2.1844429941e-05
3480,4.1793191303e-06,4.1793191303e-06,4.1793191303e-06,4.1793191303e-06,8.1874926954e-37,3.7491597875e-28,7.8826265906e-24,7.8826265906e-24,7.8826265906e-24,7.8826265906e-24,1.7623704292e-43,4.3993489447e-40,1.2902248316e-59,5.2381601962e-32,2.974569533e-27,6.3648005303e-09,6.3648005303e-09,6.3648005303e-09,6.3648005303e-09,1.2885602336e-59,2.1044433284e-51,9.4774941181e-28,0.00020693151943,0.00020693151943,0.00020693151943,0.00020693151943,9.6268692816e-26,1.3311811473e-62,1.5623854949e-33,7.2741899364e-16,1.8217517753e-56,6.1861493758e-60,9.0404231003e-19,8.5775767442e-27,3.9337105046e-06,3.9337105046e-06,3.9337105046e-06,3.9337105046e-06,0.63924680334,0.63924680334,0.63924680334,0.63924680334,1.1174615491e-12,6.8788966476e-09,6.8788966476e-09,6.8788966476e-09,6.8788966476e-09,3.9308123753e-19,2.1869513283e-05,2.1869513283e-05,2.1869513283e-05,2.1869513283e-05
3485,4.1840637374e-06,4.1840637374e-06,4.1840637374e-06,4.1840637374e-06,7.7104558836e-37,3.642666932e-28,7.7489076601e-24,7.7489076601e-24,7.7489076601e-24,7.7489076601e-24,1.6105433936e-43,4.0848668598e-40,1.0778389978e-59,5.0251849404e-32,2.8977981934e-27,6.3704666503e-09,6.3704666503e-09,6.3704666503e-09,6.3704666503e-09,1.0764448265e-59,1.8451499244e-51,9.2194600232e-28,0.00020717049694,0.00020717049694,0.00020717049694,0.00020717049694,9.4180168278e-26,1.0913747298e-62,1.4905487297e-33,7.2509209797e-16,1.5512805531e-56,5.1576245572e-60,8.976710572e-19,8.3672051566e-27,3.9381741026e-06,3.9381741026e-06,3.9381741026e-06,3.9381741026e-06,0.63998551354,0.63998551354,0.63998551354,0.63998551354,1.1168984227e-12,6.8850682484e-09,6.8850682484e-09,6.8850682484e-09,6.8850682484e-09,3.9008887745e-19,2.1894628033e-05,2.1894628033e-05,2.1894628033e-05,2.1894628033e-05
3490,4.1888149116e-06,4.1888149116e-06,4.1888149116e-06,4.1888149116e-06,7.2620694182e-37,3.5395157558e-28,7.6179738092e-24,7.6179738092e-24,7.6179738092e-24,7.6179738092e-24,1.4719748929e-43,3.7933272494e-40,9.0046567309e-60,4.8213757169e-32,2.8232490826e-27,6.3761544034e-09,6.3761544034e-09,6.3761544034e-09,6.3761544034e-09,8.9929793392e-60,1.6179706894e-51,8.969237291e-28,0.00020740975567,0.00020740975567,0.00020740975567,0.00020740975567,9.2144126316e-26,8.9479901874e-63,1.4221714524e-33,7.2279089697e-16,1.321068006e-56,4.3003403336e-60,8.9138046576e-19,8.1626712149e-27,3.9426439031e-06,3.9426439031e-06,3.9426439031e-06,3.9426439031e-06,0.64072507684,0.64072507684,0.64072507684,0.64072507684,1.1163488824e-12,6.8912629184e-09,6.8912629184e-09,6.8912629184e-09,6.8912629184e-09,3.871355775e-19,2.1919774194e-05,2.1919774194e-05,2.1919774194e-05,2.1919774194e-05
3495,4.1935726471e-06,4.1935726471e-06,4.1935726471e-06,4.1935726471e-06,6.8405630158e-37,3.4395925199e-28,7.4897584957e-24,7.4897584957e-24,7.4897584957e-24,7.4897584957e-24,1.3454917689e-43,3.5230235212e-40,7.5232448226e-60,4.626317619e-32,2.7508517529e-27,6.3818636759e-09,6.3818636759e-09,6.3818636759e-09,6.3818636759e-09,7.5134634779e-60,1.4189077894e-51,8.7265683466e-28,0.00020764929586,0.00020764929586,0.00020764929586,0.00020764929586,9.0159095371e-26,7.3365515329e-63,1.3570799237e-33,7.2051508792e-16,1.1251065848e-56,3.5857474934e-60,8.8516929507e-19,7.9637965606e-27,3.9471199005e-06,3.9471199005e-06,3.9471199005e-06,3.9471199005e-06,0.64146549423,0.64146549423,0.64146549423,0.64146549423,1.1158128132e-12,6.8974805376e-09,6.8974805376e-09,6.8974805376e-09,6.8974805376e-09,3.8422071758e-19,2.194495177e-05,2.194495177e-05,2.194495177e-05,2.194495177e-05
3500,4.1983369385e-06,4.1983369385e-06,4.1983369385e-06,4.1983369385e-06,6.4442787396e-37,3.3427876347e-28,7.3641969493e-24,7.3641969493e-24,7.3641969493e-24,7.3641969493e-24,1.2300260023e-43,3.2723784157e-40,6.2859074985e-60,4.4396153952e-32,2.6805381671e-27,6.3875943556e-09,6.3875943556e-09,6.3875943556e-09,6.3875943556e-09,6.2777139078e-60,1.2444635956e-51,8.4912047471e-28,0.00020788911777,0.00020788911777,0.00020788911777,0.00020788911777,8.822364901e-26,6.0155218858e-63,1.2951094716e-33,7.1826437255e-16,9.5828746682e-57,2.9900630529e-60,8.7903632709e-19,7.7704087399e-27,3.9516020894e-06,3.9516020894e-06,3.9516020894e-06,3.9516020894e-06,0.64220676669,0.64220676669,0.64220676669,0.64220676669,1.1152901013e-12,6.9037209871e-09,6.9037209871e-09,6.9037209871e-09,6.9037209871e-09,3.8134368923e-19,2.1970160765e-05,2.1970160765e-05,2.1970160765e-05,2.1970160765e-05
3505,4.2031077804e-06,4.2031077804e-06,4.2031077804e-06,4.2031077804e-06,6.0716636877e-37,3.2489954993e-28,7.2412261194e-24,7.2412261194e-24,7.2412261194e-24,7.2412261194e-24,1.1246051727e-43,3.0399340282e-40,5.2523725996e-60,4.2608924791e-32,2.6122426107e-27,6.3933463313e-09,6.3933463313e-09,6.3933463313e-09,6.3933463313e-09,5.2455086679e-60,1.091577786e-51,8.2629068365e-28,0.00020812922164,0.00020812922164,0.00020812922164,0.00020812922164,8.6336404432e-26,4.9325274764e-63,1.2361040013e-33,7.16038457e-16,8.1626577069e-57,2.4934734614e-60,8.7298036591e-19,7.5823409943e-27,3.9560904644e-06,3.9560904644e-06,3.9560904644e-06,3.9560904644e-06,0.64294889521,0.64294889521,0.64294889521,0.64294889521,1.114780634e-12,6.9099841494e-09,6.9099841494e-09,6.9099841494e-09,6.9099841494e-09,3.7850389533e-19,2.1995401184e-05,2.1995401184e-05,2.1995401184e-05,2.1995401184e-05
3510,4.2078851675e-06,4.2078851675e-06,4.2078851675e-06,4.2078851675e-06,5.721263168e-37,3.1581143471e-28,7.1207846254e-24,7.1207846254e-24,7.1207846254e-24,7.1207846254e-24,1.0283437945e-43,2.8243426139e-40,4.3890225445e-60,4.0897900682e-32,2.5459016069e-27,6.3991194932e-09,6.3991194932e-09,6.3991194932e-09,6.3991194932e-09,4.38327219e-60,9.5757239542e-52,8.0414434153e-28,0.00020836960772,0.00020836960772,0.00020836960772,0.00020836960772,8.4496021025e-26,4.0446465513e-63,1.1799155318e-33,7.138370517e-16,6.9534603504e-57,2.0794711914e-60,8.6700023734e-19,7.3994320588e-27,3.9605850204e-06,3.9605850204e-06,3.9605850204e-06,3.9605850204e-06,0.64369188077,0.64369188077,0.64369188077,0.64369188077,1.1142843005e-12,6.9162699081e-09,6.9162699081e-09,6.9162699081e-09,6.9162699081e-09,3.7570074987e-19,2.2020673032e-05,2.2020673032e-05,2.2020673032e-05,2.2020673032e-05
3515,4.2126690948e-06,4.2126690948e-06,4.2126690948e-06,4.2126690948e-06,5.3917143279e-37,3.070046098e-28,7.0028127085e-24,7.0028127085e-24,7.0028127085e-24,7.0028127085e-24,9.4043544737e-44,2.624358113e-40,3.6677931273e-60,3.9259662506e-32,2.4814538353e-27,6.4049137324e-09,6.4049137324e-09,6.4049137324e-09,6.4049137324e-09,3.6629754328e-60,8.4010380358e-52,7.8265914214e-28,0.00020861027628,0.00020861027628,0.00020861027628,0.00020861027628,8.2701198981e-26,3.3167023422e-63,1.1264037593e-33,7.1165987136e-16,5.9238490799e-57,1.734302354e-60,8.6109478839e-19,7.2215259679e-27,3.9650857525e-06,3.9650857525e-06,3.9650857525e-06,3.9650857525e-06,0.64443572436,0.64443572436,0.64443572436,0.64443572436,1.1138009906e-12,6.9225781482e-09,6.9225781482e-09,6.9225781482e-09,6.9225781482e-09,3.7293367774e-19,2.2045976316e-05,2.2045976316e-05,2.2045976316e-05,2.2045976316e-05
3520,4.2174595573e-06,4.2174595573e-06,4.2174595573e-06,4.2174595573e-06,5.0817402075e-37,2.9846962162e-28,6.8872521841e-24,6.8872521841e-24,6.8872521841e-24,6.8872521841e-24,8.6014562814e-44,2.4388283401e-40,3.0652548075e-60,3.7690951755e-32,2.4188400535e-27,6.4107289413e-09,6.4107289413e-09,6.4107289413e-09,6.4107289413e-09,3.0612182896e-60,7.3712078304e-52,7.6181356259e-28,0.00020885122755,0.00020885122755,0.00020885122755,0.00020885122755,8.0950677951e-26,2.7198645414e-63,1.0754356443e-33,7.0950663483e-16,5.0470845401e-57,1.4465067354e-60,8.552628869e-19,7.0484718693e-27,3.9695926558e-06,3.9695926558e-06,3.9695926558e-06,3.9695926558e-06,0.64518042698,0.64518042698,0.64518042698,0.64518042698,1.113330596e-12,6.9289087559e-09,6.9289087559e-09,6.9289087559e-09,6.9289087559e-09,3.7020211448e-19,2.207131104e-05,2.207131104e-05,2.207131104e-05,2.207131104e-05
3525,4.2222565503e-06,4.2222565503e-06,4.2222565503e-06,4.2222565503e-06,4.7901441861e-37,2.9019735741e-28,6.7740463973e-24,6.7740463973e-24,6.7740463973e-24,6.7740463973e-24,7.8680525663e-44,2.2666877832e-40,2.5618462039e-60,3.6188662668e-32,2.3580030219e-27,6.4165650136e-09,6.4165650136e-09,6.4165650136e-09,6.4165650136e-09,2.558464018e-60,6.4682783637e-52,7.4158683393e-28,0.0002090924618,0.0002090924618,0.0002090924618,0.0002090924618,7.9243235755e-26,2.2305034892e-63,1.0268850215e-33,7.0737706508e-16,4.3004187727e-57,1.2065347688e-60,8.4950342106e-19,6.8801238433e-27,3.9741057255e-06,3.9741057255e-06,3.9741057255e-06,3.9741057255e-06,0.64592598961,0.64592598961,0.64592598961,0.64592598961,1.1128730093e-12,6.9352616186e-09,6.9352616186e-09,6.9352616186e-09,6.9352616186e-09,3.6750550605e-19,2.2096677213e-05,2.2096677213e-05,2.2096677213e-05,2.2096677213e-05
3530,4.2270600692e-06,4.2270600692e-06,4.2270600692e-06,4.2270600692e-06,4.5158047978e-37,2.8217903215e-28,6.6631401782e-24,6.6631401782e-24,6.6631401782e-24,6.6631401782e-24,7.1980477503e-44,2.1069509654e-40,2.141234542e-60,3.4749834763e-32,2.2988874313e-27,6.422421844e-09,6.422421844e-09,6.422421844e-09,6.422421844e-09,2.1384004689e-60,5.6765315357e-52,7.2195891302e-28,0.00020933397929,0.00020933397929,0.00020933397929,0.00020933397929,7.757768713e-26,1.829251376e-63,9.8063223195e-34,7.0527088911e-16,3.6644979223e-57,1.0064285567e-60,8.4381529904e-19,6.716340731e-27,3.9786249571e-06,3.9786249571e-06,3.9786249571e-06,3.9786249571e-06,0.64667241324,0.64667241324,0.64667241324,0.64667241324,1.1124281244e-12,6.9416366251e-09,6.9416366251e-09,6.9416366251e-09,6.9416366251e-09,3.6484330863e-19,2.2122074841e-05,2.2122074841e-05,2.2122074841e-05,2.2122074841e-05
3535,4.2318701095e-06,4.2318701095e-06,4.2318701095e-06,4.2318701095e-06,4.2576708892e-37,2.7440617606e-28,6.5544797994e-24,6.5544797994e-24,6.5544797994e-24,6.5544797994e-24,6.5858878605e-44,1.9587063233e-40,1.7897819964e-60,3.3371645751e-32,2.2414398331e-27,6.4282993282e-09,6.4282993282e-09,6.4282993282e-09,6.4282993282e-09,1.7874070841e-60,4.9822060427e-52,7.0291045546e-28,0.00020957578028,0.00020957578028,0.00020957578028,0.00020957578028,7.5952882527e-26,1.5002330311e-63,9.3656377514e-34,7.0318783786e-16,3.1228545487e-57,8.3955621777e-61,8.3819744853e-19,6.5569859664e-27,3.9831503461e-06,3.9831503461e-06,3.9831503461e-06,3.9831503461e-06,0.64741969887,0.64741969887,0.64741969887,0.64741969887,1.1119958366e-12,6.9480336651e-09,6.9480336651e-09,6.9480336651e-09,6.9480336651e-09,3.6221498839e-19,2.2147503931e-05,2.2147503931e-05,2.2147503931e-05,2.2147503931e-05
3540,4.2366866668e-06,4.2366866668e-06,4.2366866668e-06,4.2366866668e-06,4.0147570969e-37,2.6687062254e-28,6.448012935e-24,6.448012935e-24,6.448012935e-24,6.448012935e-24,6.0265117993e-44,1.821110562e-40,1.4961003696e-60,3.2051404803e-32,2.1856085727e-27,6.4341973634e-09,6.4341973634e-09,6.4341973634e-09,6.4341973634e-09,1.4941101221e-60,4.3732525418e-52,6.8442278967e-28,0.00020981786502,0.00020981786502,0.00020981786502,0.00020981786502,7.4367706949e-26,1.2304356429e-63,8.9457198034e-34,7.0112764619e-16,2.6614760679e-57,7.0039063256e-61,8.3264881639e-19,6.4019274173e-27,3.9876818884e-06,3.9876818884e-06,3.9876818884e-06,3.9876818884e-06,0.64816784749,0.64816784749,0.64816784749,0.64816784749,1.1115760422e-12,6.9544526296e-09,6.9544526296e-09,6.9544526296e-09,6.9544526296e-09,3.5962002129e-19,2.217296449e-05,2.217296449e-05,2.217296449e-05,2.217296449e-05
3545,4.2415097369e-06,4.2415097369e-06,4.2415097369e-06,4.2415097369e-06,3.7861396227e-37,2.5956449661e-28,6.3436886202e-24,6.3436886202e-24,6.3436886202e-24,6.3436886202e-24,5.5153070532e-44,1.6933834492e-40,1.2506794641e-60,3.078654617e-32,2.1313437247e-27,6.4401158475e-09,6.4401158475e-09,6.4401158475e-09,6.4401158475e-09,1.2490114889e-60,3.8391196025e-52,6.6647789187e-28,0.00021006023377,0.00021006023377,0.00021006023377,0.00021006023377,7.2821078829e-26,1.0091922992e-63,8.5455469623e-34,6.9909005278e-16,2.2684378781e-57,5.8432515684e-61,8.2716836821e-19,6.2510372299e-27,3.9922195796e-06,3.9922195796e-06,3.9922195796e-06,3.9922195796e-06,0.6489168601,0.6489168601,0.6489168601,0.6489168601,1.1111686387e-12,6.960893411e-09,6.960893411e-09,6.960893411e-09,6.960893411e-09,3.5705789286e-19,2.2198456529e-05,2.2198456529e-05,2.2198456529e-05,2.2198456529e-05
3550,4.2463393159e-06,4.2463393159e-06,4.2463393159e-06,4.2463393159e-06,3.5709522874e-37,2.5248020387e-28,6.2414572125e-24,6.2414572125e-24,6.2414572125e-24,6.2414572125e-24,5.0480694301e-44,1.5748030129e-40,1.0455769341e-60,2.957462311e-32,2.0785970312e-27,6.4460546797e-09,6.4460546797e-09,6.4460546797e-09,6.4460546797e-09,1.0441789732e-60,3.370566554e-52,6.4905836216e-28,0.00021030288681,0.00021030288681,0.00021030288681,0.00021030288681,7.1311948946e-26,8.2775877832e-64,8.1641499753e-34,6.9707480007e-16,1.933591452e-57,4.8752011803e-61,8.2175508799e-19,6.1041916808e-27,3.9967634158e-06,3.9967634158e-06,3.9967634158e-06,3.9967634158e-06,0.6496667377,0.6496667377,0.6496667377,0.6496667377,1.110773525e-12,6.9673559024e-09,6.9673559024e-09,6.9673559024e-09,6.9673559024e-09,3.5452809803e-19,2.2223980054e-05,2.2223980054e-05,2.2223980054e-05,2.2223980054e-05
3555,4.2511753997e-06,4.2511753997e-06,4.2511753997e-06,4.2511753997e-06,3.3683828431e-37,2.4561041983e-28,6.1412703546e-24,6.1412703546e-24,6.1412703546e-24,6.1412703546e-24,4.6209664549e-44,1.464701111e-40,8.7415943294e-61,2.8413302136e-32,2.0273218422e-27,6.4520137603e-09,6.4520137603e-09,6.4520137603e-09,6.4520137603e-09,8.729877141e-61,2.9594998319e-52,6.3214740145e-28,0.00021054582439,0.00021054582439,0.00021054582439,0.00021054582439,6.9839299378e-26,6.7896674339e-64,7.8006090776e-34,6.9508163421e-16,1.6482991381e-57,4.0677494555e-61,8.1640797771e-19,5.9612710335e-27,4.0013133931e-06,4.0013133931e-06,4.0013133931e-06,4.0013133931e-06,0.65041748128,0.65041748128,0.65041748128,0.65041748128,1.110390601e-12,6.9738399986e-09,6.9738399986e-09,6.9738399986e-09,6.9738399986e-09,3.5203014093e-19,2.2249535075e-05,2.2249535075e-05,2.2249535075e-05,2.2249535075e-05
3560,4.2560179846e-06,4.2560179846e-06,4.2560179846e-06,4.2560179846e-06,3.1776695279e-37,2.3894807972e-28,6.0430809371e-24,6.0430809371e-24,6.0430809371e-24,6.0430809371e-24,4.2305040872e-44,1.3624593442e-40,7.3088655853e-61,2.7300357542e-32,1.9774730581e-27,6.4579929906e-09,6.4579929906e-09,6.4579929906e-09,6.4579929906e-09,7.2990441542e-61,2.5988298608e-52,6.1572878936e-28,0.00021078904678,0.00021078904678,0.00021078904678,0.00021078904678,6.8402142498e-26,5.5693953497e-64,7.4540513725e-34,6.9311030499e-16,1.4052086608e-57,3.3942164866e-61,8.11126057e-19,5.8221594006e-27,4.0058695077e-06,4.0058695077e-06,4.0058695077e-06,4.0058695077e-06,0.65116909183,0.65116909183,0.65116909183,0.65116909183,1.1100197677e-12,6.9803455951e-09,6.9803455951e-09,6.9803455951e-09,6.9803455951e-09,3.4956353465e-19,2.2275121601e-05,2.2275121601e-05,2.2275121601e-05,2.2275121601e-05
3565,4.2608670669e-06,4.2608670669e-06,4.2608670669e-06,4.2608670669e-06,2.9980978457e-37,2.3248636867e-28,5.9468430639e-24,5.9468430639e-24,5.9468430639e-24,5.9468430639e-24,3.8734964555e-44,1.2675052847e-40,6.1113051125e-61,2.6233666208e-32,1.9290070748e-27,6.4639922729e-09,6.4639922729e-09,6.4639922729e-09,6.4639922729e-09,6.1030722836e-61,2.2823458808e-52,5.997868629e-28,0.00021103255424,0.00021103255424,0.00021103255424,0.00021103255424,6.6999519992e-26,4.5685925664e-64,7.1236483542e-34,6.9116056577e-16,1.1980613603e-57,2.8323607311e-61,8.0590836278e-19,5.6867446108e-27,4.010431756e-06,4.010431756e-06,4.010431756e-06,4.010431756e-06,0.65192157037,0.65192157037,0.65192157037,0.65192157037,1.1096609273e-12,6.9868725887e-09,6.9868725887e-09,6.9868725887e-09,6.9868725887e-09,3.4712780113e-19,2.2300739642e-05,2.2300739642e-05,2.2300739642e-05,2.2300739642e-05
3570,4.2657226431e-06,4.2657226431e-06,4.2657226431e-06,4.2657226431e-06,2.8289975568e-37,2.2621871233e-28,5.8525120178e-24,5.8525120178e-24,5.8525120178e-24,5.8525120178e-24,3.5470383313e-44,1.1793089953e-40,5.1102555277e-61,2.5211202671e-32,1.8818817305e-27,6.4700115108e-09,6.4700115108e-09,6.4700115108e-09,6.4700115108e-09,5.1033539821e-61,2.0046064587e-52,5.8430649609e-28,0.00021127634705,0.00021127634705,0.00021127634705,0.00021127634705,6.5630501925e-26,3.74775889e-64,6.8086135671e-34,6.8923217343e-16,1.0215291125e-57,2.3636396517e-61,8.0075394888e-19,5.5549180813e-27,4.0150001344e-06,4.0150001344e-06,4.0150001344e-06,4.0150001344e-06,0.65267491789,0.65267491789,0.65267491789,0.65267491789,1.1093139832e-12,6.9934208773e-09,6.9934208773e-09,6.9934208773e-09,6.9934208773e-09,3.4472247092e-19,2.2326389208e-05,2.2326389208e-05,2.2326389208e-05,2.2326389208e-05
3575,4.2705847099e-06,4.2705847099e-06,4.2705847099e-06,4.2705847099e-06,2.6697398646e-37,2.2013876779e-28,5.7600442269e-24,5.7600442269e-24,5.7600442269e-24,5.7600442269e-24,3.2484800928e-44,1.0973798177e-40,4.2734233384e-61,2.423103443e-32,1.8360562545e-27,6.4760506088e-09,6.4760506088e-09,6.4760506088e-09,6.4760506088e-09,4.2676374962e-61,1.7608437087e-52,5.6927308028e-28,0.00021152042548,0.00021152042548,0.00021152042548,0.00021152042548,6.4294185827e-26,3.0745084306e-64,6.5082003918e-34,6.8732488831e-16,8.7107562749e-58,1.9725936893e-61,7.9566188576e-19,5.4265746942e-27,4.0195746397e-06,4.0195746397e-06,4.0195746397e-06,4.0195746397e-06,0.65342913539,0.65342913539,0.65342913539,0.65342913539,1.1089788398e-12,6.9999903599e-09,6.9999903599e-09,6.9999903599e-09,6.9999903599e-09,3.4234708304e-19,2.235207031e-05,2.235207031e-05,2.235207031e-05,2.235207031e-05
3580,4.275453264e-06,4.275453264e-06,4.275453264e-06,4.275453264e-06,2.5197347856e-37,2.1424041496e-28,5.669397233e-24,5.669397233e-24,5.669397233e-24,5.669397233e-24,2.9754049488e-44,1.0212634065e-40,3.5738297699e-61,2.3291317497e-32,1.7914912183e-27,6.4821094722e-09,6.4821094722e-09,6.4821094722e-09,6.4821094722e-09,3.5689790102e-61,1.5468794961e-52,5.5467250524e-28,0.00021176478979,0.00021176478979,0.00021176478979,0.00021176478979,6.2989695819e-26,2.5222873525e-64,6.2216999521e-34,6.8543847417e-16,7.4283847537e-58,1.6463329693e-61,7.9063126013e-19,5.301612678e-27,4.0241552685e-06,4.0241552685e-06,4.0241552685e-06,4.0241552685e-06,0.65418422388,0.65418422388,0.65418422388,0.65418422388,1.1086554025e-12,7.0065809367e-09,7.0065809367e-09,7.0065809367e-09,7.0065809367e-09,3.4000118478e-19,2.2377782959e-05,2.2377782959e-05,2.2377782959e-05,2.2377782959e-05
3585,4.2803283022e-06,4.2803283022e-06,4.2803283022e-06,4.2803283022e-06,2.3784286908e-37,2.0851774817e-28,5.58052966e-24,5.58052966e-24,5.58052966e-24,5.58052966e-24,2.7256082184e-44,9.5053899296e-41,2.9889348145e-61,2.2390292167e-32,1.7481484881e-27,6.4881880077e-09,6.4881880077e-09,6.4881880077e-09,6.4881880077e-09,2.9848677985e-61,1.3590521197e-52,5.4049114108e-28,0.00021200944026,0.00021200944026,0.00021200944026,0.00021200944026,6.1716181763e-26,2.0693228938e-64,5.948439136e-34,6.8357269809e-16,6.3352873189e-58,1.3741095834e-61,7.8566117464e-19,5.179933493e-27,4.0287420177e-06,4.0287420177e-06,4.0287420177e-06,4.0287420177e-06,0.65494018436,0.65494018436,0.65494018436,0.65494018436,1.108343578e-12,7.0131925087e-09,7.0131925087e-09,7.0131925087e-09,7.0131925087e-09,3.3768433154e-19,2.2403527165e-05,2.2403527165e-05,2.2403527165e-05,2.2403527165e-05
3590,4.2852098216e-06,4.2852098216e-06,4.2852098216e-06,4.2852098216e-06,2.2453020063e-37,2.0296506822e-28,5.4934011836e-24,5.4934011836e-24,5.4934011836e-24,5.4934011836e-24,2.4970784765e-44,8.8481685668e-41,2.4999058613e-61,2.152627899e-32,1.7059911793e-27,6.4942861227e-09,6.4942861227e-09,6.4942861227e-09,6.4942861227e-09,2.4964957783e-61,1.1941521534e-52,5.267158207e-28,0.00021225437716,0.00021225437716,0.00021225437716,0.00021225437716,6.0472818446e-26,1.697761915e-64,5.6877787234e-34,6.8172733046e-16,5.4034560744e-58,1.1469611621e-61,7.8075074755e-19,5.0614417213e-27,4.0333348843e-06,4.0333348843e-06,4.0333348843e-06,4.0333348843e-06,0.65569701783,0.65569701783,0.65569701783,0.65569701783,1.1080432739e-12,7.0198249782e-09,7.0198249782e-09,7.0198249782e-09,7.0198249782e-09,3.3539608667e-19,2.2429302941e-05,2.2429302941e-05,2.2429302941e-05,2.2429302941e-05
3595,4.2900978193e-06,4.2900978193e-06,4.2900978193e-06,4.2900978193e-06,2.1198670632e-37,1.9757687468e-28,5.4079725022e-24,5.4079725022e-24,5.4079725022e-24,5.4079725022e-24,2.2879803968e-44,8.2373599257e-41,2.0910070089e-61,2.0697674958e-32,1.6649836127e-27,6.5004037259e-09,6.5004037259e-09,6.5004037259e-09,6.5004037259e-09,2.0881475954e-61,1.0493662996e-52,5.1333382307e-28,0.00021249960076,0.00021249960076,0.00021249960076,0.00021249960076,5.9258804788e-26,1.3929647722e-64,5.4391116163e-34,6.7990214489e-16,4.6090381591e-58,9.5741383784e-62,7.7589911246e-19,4.9460449601e-27,4.0379338654e-06,4.0379338654e-06,4.0379338654e-06,4.0379338654e-06,0.65645472531,0.65645472531,0.65645472531,0.65645472531,1.1077543988e-12,7.0264782486e-09,7.0264782486e-09,7.0264782486e-09,7.0264782486e-09,3.3313602131e-19,2.2455110297e-05,2.2455110297e-05,2.2455110297e-05,2.2455110297e-05
3600,4.2949922926e-06,4.2949922926e-06,4.2949922926e-06,4.2949922926e-06,2.0016660865e-37,1.9234785849e-28,5.3242053084e-24,5.3242053084e-24,5.3242053084e-24,5.3242053084e-24,2.0966391366e-44,7.669619554e-41,1.749089118e-61,1.9902949865e-32,1.6250912723e-27,6.5065407266e-09,6.5065407266e-09,6.5065407266e-09,6.5065407266e-09,1.7466913237e-61,9.2222824716e-53,5.003328571e-28,0.00021274511135,0.00021274511135,0.00021274511135,0.00021274511135,5.8073363076e-26,1.1429264914e-64,5.2018611632e-34,6.7809691819e-16,3.9317177777e-58,7.9923469024e-62,7.7110541795e-19,4.8336537199e-27,4.0425389583e-06,4.0425389583e-06,4.0425389583e-06,4.0425389583e-06,0.6572133078,0.6572133078,0.6572133078,0.6572133078,1.1074768625e-12,7.0331522242e-09,7.0331522242e-09,7.0331522242e-09,7.0331522242e-09,3.3090371421e-19,2.2480949248e-05,2.2480949248e-05,2.2480949248e-05,2.2480949248e-05
3605,4.2998932388e-06,4.2998932388e-06,4.2998932388e-06,4.2998932388e-06,1.890269314e-37,1.8727289487e-28,5.2420622612e-24,5.2420622612e-24,5.2420622612e-24,5.2420622612e-24,1.9215261237e-44,7.141848694e-41,1.4631639609e-61,1.9140642859e-32,1.5862807648e-27,6.5126970354e-09,6.5126970354e-09,6.5126970354e-09,6.5126970354e-09,1.4611531566e-61,8.105756567e-53,4.8770104608e-28,0.00021299090919,0.00021299090919,0.00021299090919,0.00021299090919,5.6915738231e-26,9.3780227555e-65,4.9754795753e-34,6.7631143029e-16,3.3541903727e-58,6.6722541865e-62,7.6636882732e-19,4.7241813255e-27,4.0471501602e-06,4.0471501602e-06,4.0471501602e-06,4.0471501602e-06,0.65797276632,0.65797276632,0.65797276632,0.65797276632,1.1072105757e-12,7.0398468103e-09,7.0398468103e-09,7.0398468103e-09,7.0398468103e-09,3.2869875161e-19,2.2506819804e-05,2.2506819804e-05,2.2506819804e-05,2.2506819804e-05
3610,4.3048006554e-06,4.3048006554e-06,4.3048006554e-06,4.3048006554e-06,1.7852732368e-37,1.8234703653e-28,5.1615069594e-24,5.1615069594e-24,5.1615069594e-24,5.1615069594e-24,1.7612461175e-44,6.6511758957e-41,1.2240485805e-61,1.840935916e-32,1.5485197801e-27,6.5188725638e-09,6.5188725638e-09,6.5188725638e-09,6.5188725638e-09,1.2223622192e-61,7.1251250491e-53,4.7542691278e-28,0.00021323699458,0.00021323699458,0.00021323699458,0.00021323699458,5.5785197092e-26,7.6951852661e-65,4.759446427e-34,6.745454642e-16,2.8617151624e-58,5.5705036694e-62,7.616885183e-19,4.6175438206e-27,4.0517674687e-06,4.0517674687e-06,4.0517674687e-06,4.0517674687e-06,0.65873310186,0.65873310186,0.65873310186,0.65873310186,1.10695545e-12,7.0465619134e-09,7.0465619134e-09,7.0465619134e-09,7.0465619134e-09,3.2652072706e-19,2.253272198e-05,2.253272198e-05,2.253272198e-05,2.253272198e-05
3615,4.30971454e-06,4.30971454e-06,4.30971454e-06,4.30971454e-06,1.6862989524e-37,1.7756550709e-28,5.0825039156e-24,5.0825039156e-24,5.0825039156e-24,5.0825039156e-24,1.6145254294e-44,6.1949400307e-41,1.0240682649e-61,1.7707766934e-32,1.511777054e-27,6.5250672242e-09,6.5250672242e-09,6.5250672242e-09,6.5250672242e-09,1.0226539231e-61,6.2637611728e-53,4.6349936508e-28,0.00021348336777,0.00021348336777,0.00021348336777,0.00021348336777,5.4681027725e-26,6.3145395949e-65,4.5532672377e-34,6.7279880597e-16,2.4417343394e-58,4.650931732e-62,7.5706368274e-19,4.5136598768e-27,4.0563908813e-06,4.0563908813e-06,4.0563908813e-06,4.0563908813e-06,0.65949431545,0.65949431545,0.65949431545,0.65949431545,1.1067113982e-12,7.0532974409e-09,7.0532974409e-09,7.0532974409e-09,7.0532974409e-09,3.2436924128e-19,2.2558655788e-05,2.2558655788e-05,2.2558655788e-05,2.2558655788e-05
3620,4.3146348905e-06,4.3146348905e-06,4.3146348905e-06,4.3146348905e-06,1.5929906247e-37,1.7292369479e-28,5.005018531e-24,5.005018531e-24,5.005018531e-24,5.005018531e-24,1.4802011965e-44,5.7706745984e-41,8.5680846478e-62,1.7034594332e-32,1.4760223318e-27,6.5312809298e-09,6.5312809298e-09,6.5312809298e-09,6.5312809298e-09,8.5562220152e-62,5.5070830242e-53,4.5190768218e-28,0.00021373002907,0.00021373002907,0.00021373002907,0.00021373002907,5.3602538763e-26,5.1817816862e-65,4.3564721292e-34,6.7107124462e-16,2.0835489714e-58,3.8833727334e-62,7.5249352635e-19,4.4124507045e-27,4.0610203958e-06,4.0610203958e-06,4.0610203958e-06,4.0610203958e-06,0.66025640809,0.66025640809,0.66025640809,0.66025640809,1.106478334e-12,7.0600533012e-09,7.0600533012e-09,7.0600533012e-09,7.0600533012e-09,3.2224390203e-19,2.2584621242e-05,2.2584621242e-05,2.2584621242e-05,2.2584621242e-05
3625,4.3195617046e-06,4.3195617046e-06,4.3195617046e-06,4.3195617046e-06,1.5050140417e-37,1.6841714644e-28,4.9290170709e-24,4.9290170709e-24,4.9290170709e-24,4.9290170709e-24,1.3572116141e-44,5.3760932245e-41,7.1690757467e-62,1.6388626666e-32,1.4412263333e-27,6.5375135951e-09,6.5375135951e-09,6.5375135951e-09,6.5375135951e-09,7.1591255722e-62,4.842300751e-53,4.4064150133e-28,0.00021397697874,0.00021397697874,0.00021397697874,0.00021397697874,5.2549058757e-26,4.2523728902e-65,4.1686145552e-34,6.693625721e-16,1.7780431425e-58,3.2426628389e-62,7.4797726844e-19,4.313839968e-27,4.0656560098e-06,4.0656560098e-06,4.0656560098e-06,4.0656560098e-06,0.6610193808,0.6610193808,0.6610193808,0.6610193808,1.106256172e-12,7.0668294036e-09,7.0668294036e-09,7.0668294036e-09,7.0668294036e-09,3.2014432396e-19,2.2610618357e-05,2.2610618357e-05,2.2610618357e-05,2.2610618357e-05
3630,4.3244949803e-06,4.3244949803e-06,4.3244949803e-06,4.3244949803e-06,1.4220552667e-37,1.6404156165e-28,4.8544666412e-24,4.8544666412e-24,4.8544666412e-24,4.8544666412e-24,1.2445870394e-44,5.0090762592e-41,5.9988383986e-62,1.5768703724e-32,1.4073607191e-27,6.5437651352e-09,6.5437651352e-09,6.5437651352e-09,6.5437651352e-09,5.9904919208e-62,4.2581951972e-53,4.2969080501e-28,0.00021422421708,0.00021422421708,0.00021422421708,0.00021422421708,5.1519935558e-26,3.4897826208e-65,3.9892700988e-34,6.6767258325e-16,1.5174491344e-58,2.7078095227e-62,7.4351414163e-19,4.2177537034e-27,4.0702977214e-06,4.0702977214e-06,4.0702977214e-06,4.0702977214e-06,0.6617832346,0.6617832346,0.6617832346,0.6617832346,1.1060448277e-12,7.0736256588e-09,7.0736256588e-09,7.0736256588e-09,7.0736256588e-09,3.1807012845e-19,2.2636647146e-05,2.2636647146e-05,2.2636647146e-05,2.2636647146e-05
3635,4.3294347157e-06,4.3294347157e-06,4.3294347157e-06,4.3294347157e-06,1.3438193752e-37,1.5979278717e-28,4.781335165e-24,4.781335165e-24,4.781335165e-24,4.781335165e-24,1.1414418885e-44,4.6676583902e-41,5.0199075894e-62,1.5173717218e-32,1.3743980586e-27,6.5500354662e-09,6.5500354662e-09,6.5500354662e-09,6.5500354662e-09,5.0129059666e-62,3.7449240198e-53,4.1904590865e-28,0.00021447174436,0.00021447174436,0.00021447174436,0.00021447174436,5.0514535716e-26,2.8640474822e-65,3.818035334e-34,6.6600107574e-16,1.295147528e-58,2.2612991551e-62,7.391033916e-19,4.124120239e-27,4.0749455285e-06,4.0749455285e-06,4.0749455285e-06,4.0749455285e-06,0.66254797049,0.66254797049,0.66254797049,0.66254797049,1.1058442178e-12,7.0804419779e-09,7.0804419779e-09,7.0804419779e-09,7.0804419779e-09,3.160209435e-19,2.2662707623e-05,2.2662707623e-05,2.2662707623e-05,2.2662707623e-05
3640,4.3343809089e-06,4.3343809089e-06,4.3343809089e-06,4.3343809089e-06,1.2700292723e-37,1.5566681159e-28,4.7095913607e-24,4.7095913607e-24,4.7095913607e-24,4.7095913607e-24,1.0469672548e-44,4.3500171934e-41,4.200962849e-62,1.4602608357e-32,1.342311798e-27,6.5563245052e-09,6.5563245052e-09,6.5563245052e-09,6.5563245052e-09,4.1950890768e-62,3.29385186e-53,4.0869744883e-28,0.00021471956087,0.00021471956087,0.00021471956087,0.00021471956087,4.9532243895e-26,2.3505898316e-65,3.654526748e-34,6.6434785004e-16,1.1054970195e-58,1.8885196842e-62,7.3474427685e-19,4.0328701194e-27,4.0795994294e-06,4.0795994294e-06,4.0795994294e-06,4.0795994294e-06,0.66331358951,0.66331358951,0.66331358951,0.66331358951,1.1056542597e-12,7.0872782733e-09,7.0872782733e-09,7.0872782733e-09,7.0872782733e-09,3.1399640362e-19,2.2688799805e-05,2.2688799805e-05,2.2688799805e-05,2.2688799805e-05
3645,4.3393335584e-06,4.3393335584e-06,4.3393335584e-06,4.3393335584e-06,1.2004245862e-37,1.5165976011e-28,4.6392047202e-24,4.6392047202e-24,4.6392047202e-24,4.6392047202e-24,9.6042418375e-45,4.054462548e-41,3.5158190198e-62,1.405436554e-32,1.311076231e-27,6.5626321701e-09,6.5626321701e-09,6.5626321701e-09,6.5626321701e-09,3.5108911593e-62,2.8974015677e-53,3.9863637186e-28,0.0002149676669,0.0002149676669,0.0002149676669,0.0002149676669,4.8572462318e-26,1.9292490336e-65,3.4983797207e-34,6.6271270935e-16,9.4368952134e-59,1.5772792538e-62,7.3043606842e-19,3.9439360312e-27,4.0842594221e-06,4.0842594221e-06,4.0842594221e-06,4.0842594221e-06,0.66408009266,0.66408009266,0.66408009266,0.66408009266,1.1054748717e-12,7.0941344583e-09,7.0941344583e-09,7.0941344583e-09,7.0941344583e-09,3.1199614963e-19,2.2714923706e-05,2.2714923706e-05,2.2714923706e-05,2.2714923706e-05
3650,4.3442926625e-06,4.3442926625e-06,4.3442926625e-06,4.3442926625e-06,1.1347606314e-37,1.4776788963e-28,4.5701454875e-24,4.5701454875e-24,4.5701454875e-24,4.5701454875e-24,8.8113754478e-45,3.7794268493e-41,2.942583032e-62,1.352802215e-32,1.2806664692e-27,6.5689583797e-09,6.5689583797e-09,6.5689583797e-09,6.5689583797e-09,2.9384485355e-62,2.5489238591e-53,3.8885392283e-28,0.00021521606274,0.00021521606274,0.00021521606274,0.00021521606274,4.7634610217e-26,1.5834870872e-65,3.3492475582e-34,6.610954596e-16,8.0562678377e-59,1.3174047937e-62,7.2617804968e-19,3.8572527324e-27,4.0889255052e-06,4.0889255052e-06,4.0889255052e-06,4.0889255052e-06,0.66484748096,0.66484748096,0.66484748096,0.66484748096,1.1053059731e-12,7.1010104472e-09,7.1010104472e-09,7.1010104472e-09,7.1010104472e-09,3.1001982862e-19,2.2741079342e-05,2.2741079342e-05,2.2741079342e-05,2.2741079342e-05
3655,4.3492582198e-06,4.3492582198e-06,4.3492582198e-06,4.3492582198e-06,1.0728074385e-37,1.4398758394e-28,4.5023846391e-24,4.5023846391e-24,4.5023846391e-24,4.5023846391e-24,8.0849044697e-45,3.5234559599e-41,2.4629493408e-62,1.3022654472e-32,1.2510584146e-27,6.5753030538e-09,6.5753030538e-09,6.5753030538e-09,6.5753030538e-09,2.4594802971e-62,2.2425831082e-53,3.7934163508e-28,0.00021546474866,0.00021546474866,0.00021546474866,0.00021546474866,4.6718123315e-26,1.2997372185e-65,3.2068005778e-34,6.5949590935e-16,6.8781533153e-59,1.1004072794e-62,7.2196951606e-19,3.7727569833e-27,4.0935976769e-06,4.0935976769e-06,4.0935976769e-06,4.0935976769e-06,0.66561575544,0.66561575544,0.66561575544,0.66561575544,1.105147484e-12,7.1079061551e-09,7.1079061551e-09,7.1079061551e-09,7.1079061551e-09,3.0806709376e-19,2.2767266728e-05,2.2767266728e-05,2.2767266728e-05,2.2767266728e-05
3660,4.3542302289e-06,4.3542302289e-06,4.3542302289e-06,4.3542302289e-06,1.0143488447e-37,1.4031534918e-28,4.4358938633e-24,4.4358938633e-24,4.4358938633e-24,4.4358938633e-24,7.4191914951e-45,3.2852008403e-41,2.0616111888e-62,1.25373797e-32,1.2222287325e-27,6.581666113e-09,6.581666113e-09,6.581666113e-09,6.581666113e-09,2.0587003389e-62,1.9732572699e-53,3.7009132003e-28,0.00021571372497,0.00021571372497,0.00021571372497,0.00021571372497,4.5822453313e-26,1.0668696888e-65,3.0707252412e-34,6.5791386979e-16,5.8727699039e-59,9.1920257077e-63,7.1780977485e-19,3.690387481e-27,4.098275936e-06,4.098275936e-06,4.098275936e-06,4.098275936e-06,0.66638491712,0.66638491712,0.66638491712,0.66638491712,1.1049993255e-12,7.1148214981e-09,7.1148214981e-09,7.1148214981e-09,7.1148214981e-09,3.0613760422e-19,2.2793485882e-05,2.2793485882e-05,2.2793485882e-05,2.2793485882e-05
3665,4.3592086885e-06,4.3592086885e-06,4.3592086885e-06,4.3592086885e-06,9.5918164294e-38,1.3674780933e-28,4.3706455418e-24,4.3706455418e-24,4.3706455418e-24,4.3706455418e-24,6.8090842256e-45,3.0634098088e-41,1.7257686266e-62,1.2071354041e-32,1.1941548253e-27,6.5880474785e-09,6.5880474785e-09,6.5880474785e-09,6.5880474785e-09,1.7233260243e-62,1.7364501722e-53,3.6109505744e-28,0.00021596299196,0.00021596299196,0.00021596299196,0.00021596299196,4.4947067403e-26,8.7575371278e-66,2.9407233333e-34,6.5634915468e-16,5.0147268442e-59,7.6787859203e-63,7.1369814495e-19,3.6100847951e-27,4.102960281e-06,4.102960281e-06,4.102960281e-06,4.102960281e-06,0.66715496702,0.66715496702,0.66715496702,0.66715496702,1.1048614194e-12,7.1217563931e-09,7.1217563931e-09,7.1217563931e-09,7.1217563931e-09,3.0423102501e-19,2.2819736818e-05,2.2819736818e-05,2.2819736818e-05,2.2819736818e-05
3670,4.3641935974e-06,4.3641935974e-06,4.3641935974e-06,4.3641935974e-06,9.0711478388e-38,1.3328170209e-28,4.3066127303e-24,4.3066127303e-24,4.3066127303e-24,4.3066127303e-24,6.2498731812e-45,2.8569213811e-41,1.4447173653e-62,1.1623770915e-32,1.1668148082e-27,6.5944470729e-09,6.5944470729e-09,6.5944470729e-09,6.5944470729e-09,1.4426675788e-62,1.528214646e-53,3.5234518596e-28,0.0002162125499,0.0002162125499,0.0002162125499,0.0002162125499,4.4091447792e-26,7.1889818211e-66,2.8165111846e-34,6.5480158031e-16,4.2823753061e-59,6.4150114673e-63,7.0963395664e-19,3.531791306e-27,4.1076507107e-06,4.1076507107e-06,4.1076507107e-06,4.1076507107e-06,0.66792590617,0.66792590617,0.66792590617,0.66792590617,1.1047336885e-12,7.1287107582e-09,7.1287107582e-09,7.1287107582e-09,7.1287107582e-09,3.0234702692e-19,2.2846019555e-05,2.2846019555e-05,2.2846019555e-05,2.2846019555e-05
3675,4.3691849548e-06,4.3691849548e-06,4.3691849548e-06,4.3691849548e-06,8.5796862902e-38,1.2991387468e-28,4.243769141e-24,4.243769141e-24,4.243769141e-24,4.243769141e-24,5.7372531434e-45,2.6646576471e-41,1.209505161e-62,1.119385924e-32,1.1401874841e-27,6.6008648191e-09,6.6008648191e-09,6.6008648191e-09,6.6008648191e-09,1.2077849276e-62,1.3450851426e-53,3.438342941e-28,0.00021646239911,0.00021646239911,0.00021646239911,0.00021646239911,4.3255091242e-26,5.9015700809e-66,2.6978189343e-34,6.5327096547e-16,3.6572555192e-59,5.3595194987e-63,7.056165514e-19,3.4554511461e-27,4.112347224e-06,4.112347224e-06,4.112347224e-06,4.112347224e-06,0.66869773559,0.66869773559,0.66869773559,0.66869773559,1.1046160564e-12,7.1356845121e-09,7.1356845121e-09,7.1356845121e-09,7.1356845121e-09,3.0048528637e-19,2.2872334108e-05,2.2872334108e-05,2.2872334108e-05,2.2872334108e-05
3680,4.3741827595e-06,4.3741827595e-06,4.3741827595e-06,4.3741827595e-06,8.1157425045e-38,1.2664127999e-28,4.1820891245e-24,4.1820891245e-24,4.1820891245e-24,4.1820891245e-24,5.2672879982e-45,2.485618142e-41,1.0126446233e-62,1.0780881796e-32,1.1142523214e-27,6.6073006411e-09,6.6073006411e-09,6.6073006411e-09,6.6073006411e-09,1.0112008831e-62,1.1840186644e-53,3.3555521154e-28,0.00021671253987,0.00021671253987,0.00021671253987,0.00021671253987,4.2437508628e-26,4.8448745351e-66,2.5843898318e-34,6.517571314e-16,3.1236257962e-59,4.4779352367e-63,7.0164528166e-19,3.3810101418e-27,4.1170498198e-06,4.1170498198e-06,4.1170498198e-06,4.1170498198e-06,0.66947045631,0.66947045631,0.66947045631,0.66947045631,1.1045084475e-12,7.1426775744e-09,7.1426775744e-09,7.1426775744e-09,7.1426775744e-09,2.986454853e-19,2.2898680497e-05,2.2898680497e-05,2.2898680497e-05,2.2898680497e-05
3685,4.3791870108e-06,4.3791870108e-06,4.3791870108e-06,4.3791870108e-06,7.6777277485e-38,1.2346097276e-28,4.1215476532e-24,4.1215476532e-24,4.1215476532e-24,4.1215476532e-24,4.8363786749e-45,2.3188741757e-41,8.4787316802e-63,1.0384133674e-32,1.0889894307e-27,6.6137544638e-09,6.6137544638e-09,6.6137544638e-09,6.6137544638e-09,8.4666141642e-63,1.0423429769e-53,3.2750100065e-28,0.00021696297247,0.00021696297247,0.00021696297247,0.00021696297247,4.1638224507e-26,3.9775191708e-66,2.4759795754e-34,6.5025990176e-16,2.6680612892e-59,3.7415649567e-63,6.9771951059e-19,3.3084157586e-27,4.1217584971e-06,4.1217584971e-06,4.1217584971e-06,4.1217584971e-06,0.67024406935,0.67024406935,0.67024406935,0.67024406935,1.104410787e-12,7.1496898658e-09,7.1496898658e-09,7.1496898658e-09,7.1496898658e-09,2.9682731107e-19,2.2925058737e-05,2.2925058737e-05,2.2925058737e-05,2.2925058737e-05
3690,4.384197708e-06,4.384197708e-06,4.384197708e-06,4.384197708e-06,7.2641476866e-38,1.2037010598e-28,4.0621203044e-24,4.0621203044e-24,4.0621203044e-24,4.0621203044e-24,4.441233906e-45,2.1635635851e-41,7.0995236548e-63,1.0002940789e-32,1.064379544e-27,6.6202262127e-09,6.6202262127e-09,6.6202262127e-09,6.6202262127e-09,7.0893527156e-63,9.1771120102e-54,3.1966494848e-28,0.00021721369722,0.00021721369722,0.00021721369722,0.00021721369722,4.0856776706e-26,3.2655535239e-66,2.372355685e-34,6.4877910257e-16,2.2791121284e-59,3.1264557931e-63,6.9383861192e-19,3.2376170473e-27,4.1264732552e-06,4.1264732552e-06,4.1264732552e-06,4.1264732552e-06,0.67101857575,0.67101857575,0.67101857575,0.67101857575,1.1043230011e-12,7.1567213077e-09,7.1567213077e-09,7.1567213077e-09,7.1567213077e-09,2.9503045638e-19,2.2951468847e-05,2.2951468847e-05,2.2951468847e-05,2.2951468847e-05
3695,4.3892148503e-06,4.3892148503e-06,4.3892148503e-06,4.3892148503e-06,6.8735966184e-38,1.1736592735e-28,4.0037832443e-24,4.0037832443e-24,4.0037832443e-24,4.0037832443e-24,4.0788435563e-45,2.0188858765e-41,5.9450020757e-63,9.6366584779e-33,1.0404039931e-27,6.6267158143e-09,6.6267158143e-09,6.6267158143e-09,6.6267158143e-09,5.9364645623e-63,8.0806199383e-54,3.1204055897e-28,0.0002174647144,0.0002174647144,0.0002174647144,0.0002174647144,4.0092715914e-26,2.6811191048e-66,2.2732969078e-34,6.4731456219e-16,1.947012132e-59,2.6126113585e-63,6.9000196973e-19,3.1685645929e-27,4.1311940933e-06,4.1311940933e-06,4.1311940933e-06,4.1311940933e-06,0.67179397653,0.67179397653,0.67179397653,0.67179397653,1.1042450164e-12,7.1637718224e-09,7.1637718224e-09,7.1637718224e-09,7.1637718224e-09,2.932546191e-19,2.2977910845e-05,2.2977910845e-05,2.2977910845e-05,2.2977910845e-05
3700,4.3942384373e-06,4.3942384373e-06,4.3942384373e-06,4.3942384373e-06,6.5047520769e-38,1.1444577593e-28,3.9465132124e-24,3.9465132124e-24,3.9465132124e-24,3.9465132124e-24,3.7464542916e-45,1.8840977298e-41,4.9785088649e-63,9.2846701513e-33,1.0170446901e-27,6.6332231958e-09,6.6332231958e-09,6.6332231958e-09,6.6332231958e-09,4.9713420757e-63,7.1158462857e-54,3.0462154537e-28,0.00021771602432,0.00021771602432,0.00021771602432,0.00021771602432,3.9345605299e-26,2.2013554938e-66,2.1785926547e-34,6.4586611131e-16,1.6634305883e-59,2.1833373183e-63,6.8620897824e-19,3.1012104645e-27,4.1359210107e-06,4.1359210107e-06,4.1359210107e-06,4.1359210107e-06,0.67257027273,0.67257027273,0.67257027273,0.67257027273,1.1041767607e-12,7.170841333e-09,7.170841333e-09,7.170841333e-09,7.170841333e-09,2.9149950225e-19,2.3004384751e-05,2.3004384751e-05,2.3004384751e-05,2.3004384751e-05
3705,4.3992684686e-06,4.3992684686e-06,4.3992684686e-06,4.3992684686e-06,6.1563697648e-38,1.1160707891e-28,3.8902875061e-24,3.8902875061e-24,3.8902875061e-24,3.8902875061e-24,3.4415473817e-45,1.7585088365e-41,4.1693756537e-63,8.9463860162e-33,9.9428410792e-28,6.6397482852e-09,6.6397482852e-09,6.6397482852e-09,6.6397482852e-09,4.1633591976e-63,6.2668836664e-54,2.9740182311e-28,0.00021796762728,0.00021796762728,0.00021796762728,0.00021796762728,3.8615020131e-26,1.8075030038e-66,2.0880424668e-34,6.4443358285e-16,1.4212607239e-59,1.8246953603e-63,6.8245904165e-19,3.0355081674e-27,4.1406540068e-06,4.1406540068e-06,4.1406540068e-06,4.1406540068e-06,0.67334746538,0.67334746538,0.67334746538,0.67334746538,1.1041181625e-12,7.1779297635e-09,7.1779297635e-09,7.1779297635e-09,7.1779297635e-09,2.8976481384e-19,2.3030890581e-05,2.3030890581e-05,2.3030890581e-05,2.3030890581e-05
3710,4.4043049436e-06,4.4043049436e-06,4.4043049436e-06,4.4043049436e-06,5.8272788065e-38,1.0884734851e-28,3.8350839664e-24,3.8350839664e-24,3.8350839664e-24,3.8350839664e-24,3.1618184453e-45,1.6414780456e-41,3.491943655e-63,8.6212418579e-33,9.7210526133e-28,6.6462910113e-09,6.6462910113e-09,6.6462910113e-09,6.6462910113e-09,3.4868926272e-63,5.5197559198e-54,2.903755028e-28,0.00021821952357,0.00021821952357,0.00021821952357,0.00021821952357,3.7900547413e-26,1.4841665616e-66,2.0014555084e-34,6.4301681197e-16,1.2144394233e-59,1.5250475808e-63,6.787515739e-19,2.9714125967e-27,4.1453930812e-06,4.1453930812e-06,4.1453930812e-06,4.1453930812e-06,0.67412555551,0.67412555551,0.67412555551,0.67412555551,1.1040691508e-12,7.1850370387e-09,7.1850370387e-09,7.1850370387e-09,7.1850370387e-09,2.880502668e-19,2.3057428356e-05,2.3057428356e-05,2.3057428356e-05,2.3057428356e-05
3715,4.4093478624e-06,4.4093478624e-06,4.4093478624e-06,4.4093478624e-06,5.5163772962e-38,1.0616417893e-28,3.7808809631e-24,3.7808809631e-24,3.7808809631e-24,3.7808809631e-24,2.9051589668e-45,1.5324097962e-41,2.9247441555e-63,8.3086978796e-33,9.5049168927e-28,6.6528513038e-09,6.6528513038e-09,6.6528513038e-09,6.6528513038e-09,2.9205034156e-63,4.8621824324e-54,2.8353688349e-28,0.0002184717135,0.0002184717135,0.0002184717135,0.0002184717135,3.7201785537e-26,1.2187118232e-66,1.9186500871e-34,6.4161563604e-16,1.03779357e-59,1.2746762949e-63,6.7508599855e-19,2.9088799926e-27,4.1501382335e-06,4.1501382335e-06,4.1501382335e-06,4.1501382335e-06,0.67490454416,0.67490454416,0.67490454416,0.67490454416,1.1040296556e-12,7.1921630844e-09,7.1921630844e-09,7.1921630844e-09,7.1921630844e-09,2.8635557888e-19,2.3083998095e-05,2.3083998095e-05,2.3083998095e-05,2.3083998095e-05
3720,4.4143972245e-06,4.4143972245e-06,4.4143972245e-06,4.4143972245e-06,5.2226281231e-38,1.0355524348e-28,3.7276573813e-24,3.7276573813e-24,3.7276573813e-24,3.7276573813e-24,2.6696394276e-45,1.430750812e-41,2.4498132662e-63,8.0082375964e-33,9.2942743731e-28,6.6594290928e-09,6.6594290928e-09,6.6594290928e-09,6.6594290928e-09,2.4462526399e-63,4.2833713676e-54,2.7688044628e-28,0.00021872419737,0.00021872419737,0.00021872419737,0.00021872419737,3.6518343936e-26,1.0007697525e-66,1.8394531987e-34,6.4022989459e-16,8.8690906936e-60,1.0654667671e-63,6.7146174855e-19,2.8478678967e-27,4.1548894635e-06,4.1548894635e-06,4.1548894635e-06,4.1548894635e-06,0.67568443237,0.67568443237,0.67568443237,0.67568443237,1.1039996076e-12,7.1993078269e-09,7.1993078269e-09,7.1993078269e-09,7.1993078269e-09,2.8468047256e-19,2.3110599816e-05,2.3110599816e-05,2.3110599816e-05,2.3110599816e-05
3725,4.4194530301e-06,4.4194530301e-06,4.4194530301e-06,4.4194530301e-06,4.9450550554e-38,1.0101829184e-28,3.6753926074e-24,3.6753926074e-24,3.6753926074e-24,3.6753926074e-24,2.4534939082e-45,1.3359870418e-41,2.0521189052e-63,7.7193667824e-33,9.0889704095e-28,6.6660243097e-09,6.6660243097e-09,6.6660243097e-09,6.6660243097e-09,2.049129161e-63,3.7738382411e-54,2.7040084803e-28,0.00021897697548,0.00021897697548,0.00021897697548,0.00021897697548,3.5849842757e-26,8.2183016741e-67,1.7637000948e-34,6.3885942924e-16,7.5801919538e-60,8.9064243613e-64,6.6787826609e-19,2.7883351112e-27,4.1596467708e-06,4.1596467708e-06,4.1596467708e-06,4.1596467708e-06,0.67646522116,0.67646522116,0.67646522116,0.67646522116,1.1039789383e-12,7.2064711935e-09,7.2064711935e-09,7.2064711935e-09,7.2064711935e-09,2.8302467495e-19,2.3137233541e-05,2.3137233541e-05,2.3137233541e-05,2.3137233541e-05
3730,4.4245152791e-06,4.4245152791e-06,4.4245152791e-06,4.4245152791e-06,4.6827390676e-38,9.8551147334e-29,3.6240665165e-24,3.6240665165e-24,3.6240665165e-24,3.6240665165e-24,2.2551060327e-45,1.2476408238e-41,1.719081602e-63,7.4416124665e-33,8.8888550939e-28,6.6726368862e-09,6.6726368862e-09,6.6726368862e-09,6.6726368862e-09,1.7165710771e-63,3.3252467186e-54,2.640929154e-28,0.00021923004813,0.00021923004813,0.00021923004813,0.00021923004813,3.5195912544e-26,6.7490826641e-67,1.6912338739e-34,6.3750408375e-16,6.4790940396e-60,7.4454393482e-64,6.6433500243e-19,2.7302416574e-27,4.1644101555e-06,4.1644101555e-06,4.1644101555e-06,4.1644101555e-06,0.67724691159,0.67724691159,0.67724691159,0.67724691159,1.1039675798e-12,7.2136531124e-09,7.2136531124e-09,7.2136531124e-09,7.2136531124e-09,2.8138791772e-19,2.3163899289e-05,2.3163899289e-05,2.3163899289e-05,2.3163899289e-05
3735,4.4295839717e-06,4.4295839717e-06,4.4295839717e-06,4.4295839717e-06,4.4348148954e-38,9.6151704359e-29,3.5736594592e-24,3.5736594592e-24,3.5736594592e-24,3.5736594592e-24,2.0729961361e-45,1.1652682603e-41,1.440173742e-63,7.1745219759e-33,8.6937830999e-28,6.6792667549e-09,6.6792667549e-09,6.6792667549e-09,6.6792667549e-09,1.4380655123e-63,2.9302689001e-54,2.5795163904e-28,0.00021948341563,0.00021948341563,0.00021948341563,0.00021948341563,3.4556193924e-26,5.5427102174e-67,1.6219050925e-34,6.3616370392e-16,5.5383617782e-60,6.2244465268e-64,6.6083141769e-19,2.6735487379e-27,4.1691796174e-06,4.1691796174e-06,4.1691796174e-06,4.1691796174e-06,0.67802950469,0.67802950469,0.67802950469,0.67802950469,1.1039654651e-12,7.2208535123e-09,7.2208535123e-09,7.2208535123e-09,7.2208535123e-09,2.79769937e-19,2.3190597081e-05,2.3190597081e-05,2.3190597081e-05,2.3190597081e-05
3740,4.4346591081e-06,4.4346591081e-06,4.4346591081e-06,4.4346591081e-06,4.2004678026e-38,9.3817925927e-29,3.5241522496e-24,3.5241522496e-24,3.5241522496e-24,3.5241522496e-24,1.9058095471e-45,1.0884567837e-41,1.2065843891e-63,6.9176620244e-33,8.5036135317e-28,6.6859138493e-09,6.6859138493e-09,6.6859138493e-09,6.6859138493e-09,1.2048138964e-63,2.582462694e-54,2.5197216804e-28,0.00021973707829,0.00021973707829,0.00021973707829,0.00021973707829,3.3930337311e-26,4.5521268417e-67,1.5555713964e-34,6.3483813759e-16,4.7345782936e-60,5.2039678896e-64,6.5736698075e-19,2.618218698e-27,4.1739551567e-06,4.1739551567e-06,4.1739551567e-06,4.1739551567e-06,0.67881300149,0.67881300149,0.67881300149,0.67881300149,1.1039725276e-12,7.228072323e-09,7.228072323e-09,7.228072323e-09,7.228072323e-09,2.7817047329e-19,2.3217326936e-05,2.3217326936e-05,2.3217326936e-05,2.3217326936e-05
3745,4.4397406885e-06,4.4397406885e-06,4.4397406885e-06,4.4397406885e-06,3.9789305486e-38,9.1547841262e-29,3.4755261529e-24,3.4755261529e-24,3.4755261529e-24,3.4755261529e-24,1.7523058881e-45,1.0168229027e-41,1.0109389429e-63,6.6706178433e-33,8.3182097789e-28,6.6925781033e-09,6.6925781033e-09,6.6925781033e-09,6.6925781033e-09,1.0094520035e-63,2.2761641785e-54,2.4614980456e-28,0.00021999103641,0.00021999103641,0.00021999103641,0.00021999103641,3.3318002616e-26,3.7387057789e-67,1.4920971716e-34,6.3352723457e-16,4.047754951e-60,4.3510284911e-64,6.5394116904e-19,2.56421499e-27,4.1787367735e-06,4.1787367735e-06,4.1787367735e-06,4.1787367735e-06,0.67959740306,0.67959740306,0.67959740306,0.67959740306,1.1039887019e-12,7.2353094748e-09,7.2353094748e-09,7.2353094748e-09,7.2353094748e-09,2.7658927139e-19,2.3244088876e-05,2.3244088876e-05,2.3244088876e-05,2.3244088876e-05
3750,4.4448287134e-06,4.4448287134e-06,4.4448287134e-06,4.4448287134e-06,3.769480542e-38,8.9339543494e-29,3.4277628738e-24,3.4277628738e-24,3.4277628738e-24,3.4277628738e-24,1.6113493035e-45,9.5001011279e-42,8.4706464367e-64,6.432992353e-33,8.1374393764e-28,6.6992594519e-09,6.6992594519e-09,6.6992594519e-09,6.6992594519e-09,8.4581577943e-64,2.0063931113e-54,2.4047999863e-28,0.00022024529029,0.00022024529029,0.00022024529029,0.00022024529029,3.2718858966e-26,3.0707394924e-67,1.4313532117e-34,6.3223084668e-16,3.4608281672e-60,3.6380837368e-64,6.5055346839e-19,2.511502138e-27,4.183524468e-06,4.183524468e-06,4.183524468e-06,4.183524468e-06,0.68038271041,0.68038271041,0.68038271041,0.68038271041,1.1040139227e-12,7.242564899e-09,7.242564899e-09,7.242564899e-09,7.242564899e-09,2.750260803e-19,2.3270882923e-05,2.3270882923e-05,2.3270882923e-05,2.3270882923e-05
3755,4.4499231833e-06,4.4499231833e-06,4.4499231833e-06,4.4499231833e-06,3.5714371696e-38,8.7191187452e-29,3.3808445454e-24,3.3808445454e-24,3.3808445454e-24,3.3808445454e-24,1.4818995333e-45,8.8768696002e-42,7.0979441798e-64,6.2044053733e-33,7.9611738693e-28,6.7059578306e-09,6.7059578306e-09,6.7059578306e-09,6.7059578306e-09,7.0874545525e-64,1.7687699715e-54,2.3495834318e-28,0.00022049984025,0.00022049984025,0.00022049984025,0.00022049984025,3.2132584434e-26,2.5221993422e-67,1.3732164037e-34,6.3094882764e-16,2.959230268e-60,3.0421238646e-64,6.4720337289e-19,2.4600457035e-27,4.1883182405e-06,4.1883182405e-06,4.1883182405e-06,4.1883182405e-06,0.68116892461,0.68116892461,0.68116892461,0.68116892461,1.1040481258e-12,7.2498385275e-09,7.2498385275e-09,7.2498385275e-09,7.2498385275e-09,2.7348065318e-19,2.3297709096e-05,2.3297709096e-05,2.3297709096e-05,2.3297709096e-05
3760,4.4550240987e-06,4.4550240987e-06,4.4550240987e-06,4.4550240987e-06,3.3841592892e-38,8.5100987521e-29,3.3347537176e-24,3.3347537176e-24,3.3347537176e-24,3.3347537176e-24,1.3630037604e-45,8.2954524621e-42,5.9480278612e-64,5.9844928703e-33,7.7892886816e-28,6.7126731755e-09,6.7126731755e-09,6.7126731755e-09,6.7126731755e-09,5.9392168097e-64,1.5594431202e-54,2.2958056921e-28,0.0002207546866,0.0002207546866,0.0002207546866,0.0002207546866,3.1558865773e-26,2.0717177545e-67,1.3175694288e-34,6.2968103311e-16,2.5305234667e-60,2.543926311e-64,6.4389038472e-19,2.4098122535e-27,4.1931180915e-06,4.1931180915e-06,4.1931180915e-06,4.1931180915e-06,0.6819560467,0.6819560467,0.6819560467,0.6819560467,1.1040912477e-12,7.2571302931e-09,7.2571302931e-09,7.2571302931e-09,7.2571302931e-09,2.7195274722e-19,2.3324567418e-05,2.3324567418e-05,2.3324567418e-05,2.3324567418e-05
3765,4.4601314602e-06,4.4601314602e-06,4.4601314602e-06,4.4601314602e-06,3.2070428763e-38,8.306721559e-29,3.289473347e-24,3.289473347e-24,3.289473347e-24,3.289473347e-24,1.2537891607e-45,7.752983652e-42,4.9846858306e-64,5.7729062383e-33,7.6216629911e-28,6.7194054237e-09,6.7194054237e-09,6.7194054237e-09,6.7194054237e-09,4.9772843558e-64,1.3750248383e-54,2.2434254117e-28,0.00022100982965,0.00022100982965,0.00022100982965,0.00022100982965,3.0997398163e-26,1.7017529482e-67,1.2643004789e-34,6.2842732059e-16,2.1640876575e-60,2.1274315068e-64,6.4061401402e-19,2.360769328e-27,4.1979240213e-06,4.1979240213e-06,4.1979240213e-06,4.1979240213e-06,0.68274407771,0.68274407771,0.68274407771,0.68274407771,1.1041432253e-12,7.2644401292e-09,7.2644401292e-09,7.2644401292e-09,7.2644401292e-09,2.704421236e-19,2.335145791e-05,2.335145791e-05,2.335145791e-05,2.335145791e-05
3770,4.4652452686e-06,4.4652452686e-06,4.4652452686e-06,4.4652452686e-06,3.0395188145e-38,8.1088199073e-29,3.244986786e-24,3.244986786e-24,3.244986786e-24,3.244986786e-24,1.1534560974e-45,7.2467976042e-42,4.1776010534e-64,5.5693116154e-33,7.4581796069e-28,6.7261545127e-09,6.7261545127e-09,6.7261545127e-09,6.7261545127e-09,4.1713833264e-64,1.2125351555e-54,2.1924025246e-28,0.0002212652697,0.0002212652697,0.0002212652697,0.0002212652697,3.0447884967e-26,1.3979034511e-67,1.2133029873e-34,6.2718754947e-16,1.85085409e-60,1.7792216951e-64,6.3737377874e-19,2.31288541e-27,4.2027360307e-06,4.2027360307e-06,4.2027360307e-06,4.2027360307e-06,0.68353301871,0.68353301871,0.68353301871,0.68353301871,1.1042039963e-12,7.2717679701e-09,7.2717679701e-09,7.2717679701e-09,7.2717679701e-09,2.689485474e-19,2.3378380595e-05,2.3378380595e-05,2.3378380595e-05,2.3378380595e-05
3775,4.4703655247e-06,4.4703655247e-06,4.4703655247e-06,4.4703655247e-06,2.8810508216e-38,7.9162318992e-29,3.2012777726e-24,3.2012777726e-24,3.2012777726e-24,3.2012777726e-24,1.0612719014e-45,6.7744149464e-42,3.5013901468e-64,5.3733892302e-33,7.2987248522e-28,6.732920381e-09,6.732920381e-09,6.732920381e-09,6.732920381e-09,3.4961665713e-64,1.069352515e-54,2.1426982116e-28,0.00022152100707,0.00022152100707,0.00022152100707,0.00022152100707,2.9910037487e-26,1.1483455235e-67,1.1644753731e-34,6.2596158094e-16,1.5830781661e-60,1.4880857472e-64,6.3416920446e-19,2.2661298955e-27,4.2075541202e-06,4.2075541202e-06,4.2075541202e-06,4.2075541202e-06,0.68432287075,0.68432287075,0.68432287075,0.68432287075,1.1042734991e-12,7.2791137506e-09,7.2791137506e-09,7.2791137506e-09,7.2791137506e-09,2.6747178754e-19,2.3405335495e-05,2.3405335495e-05,2.3405335495e-05,2.3405335495e-05
3780,4.4754922294e-06,4.4754922294e-06,4.4754922294e-06,4.4754922294e-06,2.7311335015e-38,7.7288008149e-29,3.158330421e-24,3.158330421e-24,3.158330421e-24,3.158330421e-24,9.7656518691e-46,6.333529237e-42,2.9347993086e-64,5.184832779e-33,7.143188451e-28,6.7397029675e-09,6.7397029675e-09,6.7397029675e-09,6.7397029675e-09,2.930410699e-64,9.431704384e-55,2.0942748581e-28,0.00022177704207,0.00022177704207,0.00022177704207,0.00022177704207,2.9383574737e-26,9.4337143867e-68,1.1177207988e-34,6.2474927799e-16,1.3541455971e-60,1.2446557647e-64,6.3099982431e-19,2.2204730652e-27,4.2123782905e-06,4.2123782905e-06,4.2123782905e-06,4.2123782905e-06,0.68511363486,0.68511363486,0.68511363486,0.68511363486,1.1043516726e-12,7.2864774065e-09,7.2864774065e-09,7.2864774065e-09,7.2864774065e-09,2.6601161669e-19,2.3432322631e-05,2.3432322631e-05,2.3432322631e-05,2.3432322631e-05
3785,4.4806253837e-06,4.4806253837e-06,4.4806253837e-06,4.4806253837e-06,2.589290515e-38,7.5463749344e-29,3.1161292116e-24,3.1161292116e-24,3.1161292116e-24,3.1161292116e-24,8.9872065645e-46,5.9219946654e-42,2.4600314844e-64,5.0033488318e-33,6.9914634183e-28,6.746502212e-09,6.746502212e-09,6.746502212e-09,6.746502212e-09,2.4563441812e-64,8.319594582e-55,2.0470960144e-28,0.00022203337501,0.00022203337501,0.00022203337501,0.00022203337501,2.8868223218e-26,7.7501052416e-68,1.0729469393e-34,6.2355050536e-16,1.1584070102e-60,1.0411036108e-64,6.278651788e-19,2.175886057e-27,4.2172085425e-06,4.2172085425e-06,4.2172085425e-06,4.2172085425e-06,0.68590531211,0.68590531211,0.68590531211,0.68590531211,1.1044384565e-12,7.2938588741e-09,7.2938588741e-09,7.2938588741e-09,7.2938588741e-09,2.6456781121e-19,2.3459342028e-05,2.3459342028e-05,2.3459342028e-05,2.3459342028e-05
3790,4.4857649887e-06,4.4857649887e-06,4.4857649887e-06,4.4857649887e-06,2.4550728618e-38,7.3688073673e-29,3.0746589818e-24,3.0746589818e-24,3.0746589818e-24,3.0746589818e-24,8.2717435162e-46,5.5378146429e-42,2.0621833222e-64,4.8286562653e-33,6.8434459546e-28,6.7533180547e-09,6.7533180547e-09,6.7533180547e-09,6.7533180547e-09,2.0590850926e-64,7.3393367273e-55,2.0011263569e-28,0.00022229000621,0.00022229000621,0.00022229000621,0.00022229000621,2.8363716697e-26,6.367181194e-68,1.0300657638e-34,6.2236512955e-16,9.9103681896e-61,8.7088747389e-65,6.2476481568e-19,2.1323408389e-27,4.2220448769e-06,4.2220448769e-06,4.2220448769e-06,4.2220448769e-06,0.68669790354,0.68669790354,0.68669790354,0.68669790354,1.1045337911e-12,7.3012580904e-09,7.3012580904e-09,7.3012580904e-09,7.3012580904e-09,2.6314015109e-19,2.3486393708e-05,2.3486393708e-05,2.3486393708e-05,2.3486393708e-05
3795,4.4909110454e-06,4.4909110454e-06,4.4909110454e-06,4.4909110454e-06,2.3280572671e-38,7.1959558883e-29,3.0339049168e-24,3.0339049168e-24,3.0339049168e-24,3.0339049168e-24,7.6140931138e-46,5.1791312203e-42,1.7287739727e-64,4.6604857224e-33,6.6990353438e-28,6.7601504368e-09,6.7601504368e-09,6.7601504368e-09,6.7601504368e-09,1.7261705711e-64,6.4752136042e-55,1.9563316507e-28,0.00022254693599,0.00022254693599,0.00022254693599,0.00022254693599,2.7869796003e-26,5.2312026955e-68,9.8899332736e-35,6.2119301877e-16,8.4791278834e-61,7.2854020321e-65,6.2169828983e-19,2.0898101835e-27,4.2268872949e-06,4.2268872949e-06,4.2268872949e-06,4.2268872949e-06,0.68749141022,0.68749141022,0.68749141022,0.68749141022,1.1046376173e-12,7.3086749934e-09,7.3086749934e-09,7.3086749934e-09,7.3086749934e-09,2.6172841987e-19,2.3513477694e-05,2.3513477694e-05,2.3513477694e-05,2.3513477694e-05
3800,4.4960635552e-06,4.4960635552e-06,4.4960635552e-06,4.4960635552e-06,2.2078446655e-38,7.027682778e-29,2.9938525412e-24,2.9938525412e-24,2.9938525412e-24,2.9938525412e-24,7.0095160241e-46,4.8442152693e-42,1.449350732e-64,4.4985790961e-33,6.558133854e-28,6.7669992999e-09,6.7669992999e-09,6.7669992999e-09,6.7669992999e-09,1.4471630127e-64,5.7133915794e-55,1.9126787136e-28,0.00022280416466,0.00022280416466,0.00022280416466,0.00022280416466,2.738620882e-26,4.2980416057e-68,9.4964957403e-35,6.2003404292e-16,7.2551325224e-61,6.0949252232e-65,6.1866516312e-19,2.0482676429e-27,4.2317357973e-06,4.2317357973e-06,4.2317357973e-06,4.2317357973e-06,0.68828583319,0.68828583319,0.68828583319,0.68828583319,1.1047498765e-12,7.3161095215e-09,7.3161095215e-09,7.3161095215e-09,7.3161095215e-09,2.6033240456e-19,2.3540594009e-05,2.3540594009e-05,2.3540594009e-05,2.3540594009e-05
3805,4.5012225193e-06,4.5012225193e-06,4.5012225193e-06,4.5012225193e-06,2.0940587769e-38,6.8638546708e-29,2.9544877099e-24,2.9544877099e-24,2.9544877099e-24,2.9544877099e-24,6.453666891e-46,4.5314573734e-42,1.2151589762e-64,4.3426890371e-33,6.420646643e-28,6.7738645863e-09,6.7738645863e-09,6.7738645863e-09,6.7738645863e-09,1.2133204712e-64,5.0416936753e-55,1.8701353812e-28,0.00022306169254,0.00022306169254,0.00022306169254,0.00022306169254,2.6912709488e-26,3.5314609467e-68,9.1195814906e-35,6.1888807354e-16,6.2082938968e-61,5.0992536487e-65,6.1566500427e-19,2.0076875247e-27,4.2365903853e-06,4.2365903853e-06,4.2365903853e-06,4.2365903853e-06,0.68908117351,0.68908117351,0.68908117351,0.68908117351,1.1048705108e-12,7.3235616139e-09,7.3235616139e-09,7.3235616139e-09,7.3235616139e-09,2.5895189562e-19,2.3567742677e-05,2.3567742677e-05,2.3567742677e-05,2.3567742677e-05
3810,4.506387939e-06,4.506387939e-06,4.506387939e-06,4.506387939e-06,1.9863447682e-38,6.7043424069e-29,2.9157965999e-24,2.9157965999e-24,2.9157965999e-24,2.9157965999e-24,5.9425611386e-46,4.2393593743e-42,1.018865892e-64,4.1925784842e-33,6.2864816658e-28,6.7807462391e-09,6.7807462391e-09,6.7807462391e-09,6.7807462391e-09,1.0173207767e-64,4.4494001268e-55,1.8286704738e-28,0.00022331951994,0.00022331951994,0.00022331951994,0.00022331951994,2.6449058815e-26,2.9017027674e-68,8.7584622093e-35,6.1775498384e-16,5.3129034755e-61,4.2664652906e-65,6.1269738875e-19,1.9680448686e-27,4.2414510601e-06,4.2414510601e-06,4.2414510601e-06,4.2414510601e-06,0.68987743224,0.68987743224,0.68987743224,0.68987743224,1.104999463e-12,7.3310312105e-09,7.3310312105e-09,7.3310312105e-09,7.3310312105e-09,2.5758668686e-19,2.3594923722e-05,2.3594923722e-05,2.3594923722e-05,2.3594923722e-05
3815,4.5115598159e-06,4.5115598159e-06,4.5115598159e-06,4.5115598159e-06,1.8843679964e-38,6.5490208904e-29,2.8777657027e-24,2.8777657027e-24,2.8777657027e-24,2.8777657027e-24,5.4725446085e-46,3.9665265272e-42,8.5432922062e-65,4.0480202155e-33,6.1555495857e-28,6.7876442018e-09,6.7876442018e-09,6.7876442018e-09,6.7876442018e-09,8.5303060755e-65,3.9270730732e-55,1.7882537636e-28,0.00022357764718,0.00022357764718,0.00022357764718,0.00022357764718,2.5995023889e-26,2.38432889e-68,8.4124431211e-35,6.1663464863e-16,4.5469932396e-61,3.5698764009e-65,6.0976189865e-19,1.9293154239e-27,4.2463178229e-06,4.2463178229e-06,4.2463178229e-06,4.2463178229e-06,0.69067461045,0.69067461045,0.69067461045,0.69067461045,1.1051366762e-12,7.3385182517e-09,7.3385182517e-09,7.3385182517e-09,7.3385182517e-09,2.5623657539e-19,2.3622137167e-05,2.3622137167e-05,2.3622137167e-05,2.3622137167e-05
3820,4.5167381515e-06,4.5167381515e-06,4.5167381515e-06,4.5167381515e-06,1.7878128261e-38,6.3977689527e-29,2.8403818155e-24,2.8403818155e-24,2.8403818155e-24,2.8403818155e-24,5.0402657859e-46,3.71166022e-42,7.1640367183e-65,3.9087964208e-33,6.0277636886e-28,6.7945584186e-09,6.7945584186e-09,6.7945584186e-09,6.7945584186e-09,7.1531217753e-65,3.4664024515e-55,1.7488559436e-28,0.00022383607459,0.00022383607459,0.00022383607459,0.00022383607459,2.5550377901e-26,1.9592692247e-68,8.0808613829e-35,6.1552694429e-16,3.8917900351e-61,2.9871807237e-65,6.0685812256e-19,1.8914756276e-27,4.2511906751e-06,4.2511906751e-06,4.2511906751e-06,4.2511906751e-06,0.69147270918,0.69147270918,0.69147270918,0.69147270918,1.1052820945e-12,7.3460226789e-09,7.3460226789e-09,7.3460226789e-09,7.3460226789e-09,2.5490136154e-19,2.3649383038e-05,2.3649383038e-05,2.3649383038e-05,2.3649383038e-05
3825,4.5219229473e-06,4.5219229473e-06,4.5219229473e-06,4.5219229473e-06,1.6963815198e-38,6.2504692198e-29,2.8036320344e-24,2.8036320344e-24,2.8036320344e-24,2.8036320344e-24,4.6426503917e-46,3.4735512143e-42,6.0077886183e-65,3.7746982923e-33,5.9030398001e-28,6.8014888346e-09,6.8014888346e-09,6.8014888346e-09,6.8014888346e-09,5.9986140425e-65,3.0600705124e-55,1.7104485977e-28,0.00022409480248,0.00022409480248,0.00022409480248,0.00022409480248,2.5114899968e-26,1.6100404572e-68,7.7630845558e-35,6.144317488e-16,3.3312497279e-61,2.4997303613e-65,6.0398565545e-19,1.8545025836e-27,4.256069618e-06,4.256069618e-06,4.256069618e-06,4.256069618e-06,0.69227172951,0.69227172951,0.69227172951,0.69227172951,1.1054356623e-12,7.3535444339e-09,7.3535444339e-09,7.3535444339e-09,7.3535444339e-09,2.5358084886e-19,2.3676661358e-05,2.3676661358e-05,2.3676661358e-05,2.3676661358e-05
3830,4.5271142051e-06,4.5271142051e-06,4.5271142051e-06,4.5271142051e-06,1.6097931928e-38,6.1070079853e-29,2.7675037463e-24,2.7675037463e-24,2.7675037463e-24,2.7675037463e-24,4.2768781351e-46,3.2510733712e-42,5.0384363416e-65,3.6455256355e-33,5.781296205e-28,6.8084353951e-09,6.8084353951e-09,6.8084353951e-09,6.8084353951e-09,5.0307242297e-65,2.7016326977e-55,1.6730041711e-28,0.00022435383118,0.00022435383118,0.00022435383118,0.00022435383118,2.4688374965e-26,1.3231045888e-68,7.4585091537e-35,6.1334894165e-16,2.8516594593e-61,2.0919349439e-65,6.0114409857e-19,1.8183740417e-27,4.260954653e-06,4.260954653e-06,4.260954653e-06,4.260954653e-06,0.69307167249,0.69307167249,0.69307167249,0.69307167249,1.1055973245e-12,7.3610834592e-09,7.3610834592e-09,7.3610834592e-09,7.3610834592e-09,2.5227484398e-19,2.3703972153e-05,2.3703972153e-05,2.3703972153e-05,2.3703972153e-05
3835,4.5323119266e-06,4.5323119266e-06,4.5323119266e-06,4.5323119266e-06,1.5277828326e-38,5.9672750878e-29,2.7319846221e-24,2.7319846221e-24,2.7319846221e-24,2.7319846221e-24,3.9403614429e-46,3.043177826e-42,4.2257246244e-65,3.5210864958e-33,5.6624535701e-28,6.8153980462e-09,6.8153980462e-09,6.8153980462e-09,6.8153980462e-09,4.2192415134e-65,2.3854128925e-55,1.6364959428e-28,0.000224613161,0.000224613161,0.000224613161,0.000224613161,2.4270593362e-26,1.0873422768e-68,7.1665592627e-35,6.1227840386e-16,2.4412980211e-61,1.7507596139e-65,5.9833305932e-19,1.7830683786e-27,4.2658457819e-06,4.2658457819e-06,4.2658457819e-06,4.2658457819e-06,0.69387253918,0.69387253918,0.69387253918,0.69387253918,1.1057670268e-12,7.368639698e-09,7.368639698e-09,7.368639698e-09,7.368639698e-09,2.5098315661e-19,2.3731315446e-05,2.3731315446e-05,2.3731315446e-05,2.3731315446e-05
3840,4.5375161136e-06,4.5375161136e-06,4.5375161136e-06,4.5375161136e-06,1.4501003756e-38,5.831163792e-29,2.6970626094e-24,2.6970626094e-24,2.6970626094e-24,2.6970626094e-24,3.6307259923e-46,2.8488875788e-42,3.5443033557e-65,3.4011968035e-33,5.5464348691e-28,6.8223767347e-09,6.8223767347e-09,6.8223767347e-09,6.8223767347e-09,3.5388531059e-65,2.1064113096e-55,1.6008979982e-28,0.00022487279227,0.00022487279227,0.00022487279227,0.00022487279227,2.3861351068e-26,8.9362041575e-69,6.8866852298e-35,6.1122001796e-16,2.0901458354e-61,1.465305551e-65,5.9555215114e-19,1.7485645782e-27,4.270743006e-06,4.270743006e-06,4.270743006e-06,4.270743006e-06,0.69467433066,0.69467433066,0.69467433066,0.69467433066,1.1059447153e-12,7.3762130942e-09,7.3762130942e-09,7.3762130942e-09,7.3762130942e-09,2.4970559948e-19,2.3758691263e-05,2.3758691263e-05,2.3758691263e-05,2.3758691263e-05
3845,4.542726768e-06,4.542726768e-06,4.542726768e-06,4.542726768e-06,1.37650984e-38,5.6985706747e-29,2.6627259255e-24,2.6627259255e-24,2.6627259255e-24,2.6627259255e-24,3.3457928947e-46,2.6672924714e-42,2.9729311395e-65,3.2856800339e-33,5.4331653106e-28,6.8293714079e-09,6.8293714079e-09,6.8293714079e-09,6.8293714079e-09,2.9683489594e-65,1.8602234732e-55,1.566185203e-28,0.00022513272531,0.00022513272531,0.00022513272531,0.00022513272531,2.3460449271e-26,7.3443708393e-69,6.6183624161e-35,6.1017366795e-16,1.7896372764e-61,1.2264594478e-65,5.9280099344e-19,1.7148422137e-27,4.2756463272e-06,4.2756463272e-06,4.2756463272e-06,4.2756463272e-06,0.69547704799,0.69547704799,0.69547704799,0.69547704799,1.1061303367e-12,7.3838035923e-09,7.3838035923e-09,7.3838035923e-09,7.3838035923e-09,2.4844198825e-19,2.378609963e-05,2.378609963e-05,2.378609963e-05,2.378609963e-05
3850,4.5479438918e-06,4.5479438918e-06,4.5479438918e-06,4.5479438918e-06,1.306788509e-38,5.5693955148e-29,2.6289630511e-24,2.6289630511e-24,2.6289630511e-24,2.6289630511e-24,3.0835623879e-46,2.497544522e-42,2.4938083651e-65,3.1743668832e-33,5.3225722679e-28,6.8363820137e-09,6.8363820137e-09,6.8363820137e-09,6.8363820137e-09,2.4899557936e-65,1.6429689592e-55,1.532333178e-28,0.00022539296044,0.00022539296044,0.00022539296044,0.00022539296044,2.3067694294e-26,6.0363000317e-69,6.3610900109e-35,6.0913923925e-16,1.532449136e-61,1.0266005867e-65,5.9007921144e-19,1.6818814291e-27,4.2805557472e-06,4.2805557472e-06,4.2805557472e-06,4.2805557472e-06,0.69628069224,0.69628069224,0.69628069224,0.69628069224,1.1063238382e-12,7.3914111372e-09,7.3914111372e-09,7.3914111372e-09,7.3914111372e-09,2.4719214149e-19,2.3813540572e-05,2.3813540572e-05,2.3813540572e-05,2.3813540572e-05
3855,4.553167487e-06,4.553167487e-06,4.553167487e-06,4.553167487e-06,1.2407261644e-38,5.4435411867e-29,2.5957627235e-24,2.5957627235e-24,2.5957627235e-24,2.5957627235e-24,2.8421989071e-46,2.3388535915e-42,2.0920186944e-65,3.0670949585e-33,5.2145852115e-28,6.8434085006e-09,6.8434085006e-09,6.8434085006e-09,6.8434085006e-09,2.0887793879e-65,1.4512287095e-55,1.4993182745e-28,0.000225653498,0.000225653498,0.000225653498,0.000225653498,2.2682897448e-26,4.9613714287e-69,6.1143899048e-35,6.0811661876e-16,1.3123199442e-61,8.5935603972e-66,5.8738643611e-19,1.6496629226e-27,4.2854712677e-06,4.2854712677e-06,4.2854712677e-06,4.2854712677e-06,0.69708526448,0.69708526448,0.69708526448,0.69708526448,1.1065251676e-12,7.3990356748e-09,7.3990356748e-09,7.3990356748e-09,7.3990356748e-09,2.4595588063e-19,2.3841014113e-05,2.3841014113e-05,2.3841014113e-05,2.3841014113e-05
3860,4.5583975557e-06,4.5583975557e-06,4.5583975557e-06,4.5583975557e-06,1.1781243643e-38,5.3209135579e-29,2.5631139304e-24,2.5631139304e-24,2.5631139304e-24,2.5631139304e-24,2.6200174162e-46,2.1904833586e-42,1.7550613171e-65,2.9637084819e-33,5.1091356438e-28,6.8504508176e-09,6.8504508176e-09,6.8504508176e-09,6.8504508176e-09,1.7523375111e-65,1.2819898854e-55,1.4671175511e-28,0.00022591433831,0.00022591433831,0.00022591433831,0.00022591433831,2.2305874896e-26,4.0780013489e-69,5.8778056179e-35,6.0710569475e-16,1.1238956342e-61,7.193960737e-66,5.8472230403e-19,1.6181679292e-27,4.2903928906e-06,4.2903928906e-06,4.2903928906e-06,4.2903928906e-06,0.69789076577,0.69789076577,0.69789076577,0.69789076577,1.1067342732e-12,7.4066771515e-09,7.4066771515e-09,7.4066771515e-09,7.4066771515e-09,2.4473302988e-19,2.3868520282e-05,2.3868520282e-05,2.3868520282e-05,2.3868520282e-05
3865,4.5636341001e-06,4.5636341001e-06,4.5636341001e-06,4.5636341001e-06,1.1187957641e-38,5.2014213902e-29,2.5310059036e-24,2.5310059036e-24,2.5310059036e-24,2.5310059036e-24,2.4154708933e-46,2.0517475789e-42,1.4724591988e-65,2.8640580083e-33,5.0061570358e-28,6.8575089145e-09,6.8575089145e-09,6.8575089145e-09,6.8575089145e-09,1.4701687367e-65,1.1325973455e-55,1.4357087505e-28,0.00022617548168,0.00022617548168,0.00022617548168,0.00022617548168,2.1936447509e-26,3.3520283812e-69,5.6509012808e-35,6.0610635691e-16,9.625976993e-62,6.022631489e-66,5.8208645735e-19,1.5873782051e-27,4.2953206179e-06,4.2953206179e-06,4.2953206179e-06,4.2953206179e-06,0.69869719718,0.69869719718,0.69869719718,0.69869719718,1.1069511039e-12,7.4143355141e-09,7.4143355141e-09,7.4143355141e-09,7.4143355141e-09,2.4352341621e-19,2.3896059102e-05,2.3896059102e-05,2.3896059102e-05,2.3896059102e-05
3870,4.5688771224e-06,4.5688771224e-06,4.5688771224e-06,4.5688771224e-06,1.0625634783e-38,5.084976244e-29,2.499428113e-24,2.499428113e-24,2.499428113e-24,2.499428113e-24,2.2271388697e-46,1.922006611e-42,1.235430959e-65,2.7680001547e-33,4.9055847662e-28,6.8645827415e-09,6.8645827415e-09,6.8645827415e-09,6.8645827415e-09,1.233504797e-65,1.000710952e-55,1.4050702782e-28,0.00022643692846,0.00022643692846,0.00022643692846,0.00022643692846,2.1574440742e-26,2.7553876343e-69,5.4332606647e-35,6.0511849627e-16,8.2451055585e-62,5.042289875e-66,5.7947854363e-19,1.5572760118e-27,4.3002544515e-06,4.3002544515e-06,4.3002544515e-06,4.3002544515e-06,0.6995045598,0.6995045598,0.6995045598,0.6995045598,1.1071756089e-12,7.4220107103e-09,7.4220107103e-09,7.4220107103e-09,7.4220107103e-09,2.4232686927e-19,2.3923630601e-05,2.3923630601e-05,2.3923630601e-05,2.3923630601e-05
3875,4.5741266249e-06,4.5741266249e-06,4.5741266249e-06,4.5741266249e-06,1.0092604789e-38,4.9714923864e-29,2.4683702612e-24,2.4683702612e-24,2.4683702612e-24,2.4683702612e-24,2.0537169338e-46,1.8006641862e-42,1.0366160274e-65,2.6753973426e-33,4.8073560624e-28,6.8716722494e-09,6.8716722494e-09,6.8716722494e-09,6.8716722494e-09,1.0349961382e-65,8.8426799829e-56,1.3751811807e-28,0.00022669867896,0.00022669867896,0.00022669867896,0.00022669867896,2.1219684503e-26,2.2650219582e-69,5.2244862597e-35,6.0414200524e-16,7.0628530766e-62,4.221750978e-66,5.7689821577e-19,1.5278441008e-27,4.3051943937e-06,4.3051943937e-06,4.3051943937e-06,4.3051943937e-06,0.70031285469,0.70031285469,0.70031285469,0.70031285469,1.1074077381e-12,7.4297026881e-09,7.4297026881e-09,7.4297026881e-09,7.4297026881e-09,2.4114322137e-19,2.3951234804e-05,2.3951234804e-05,2.3951234804e-05,2.3951234804e-05
3880,4.57938261e-06,4.57938261e-06,4.57938261e-06,4.57938261e-06,9.5872903046e-39,4.8608867024e-29,2.4378222773e-24,2.4378222773e-24,2.4378222773e-24,2.4378222773e-24,1.894007117e-46,1.6871644085e-42,8.6984441569e-66,2.5861175515e-33,4.7114099432e-28,6.8787773894e-09,6.8787773894e-09,6.8787773894e-09,6.8787773894e-09,8.6848202836e-66,7.8145014259e-56,1.3460211252e-28,0.00022696073352,0.00022696073352,0.00022696073352,0.00022696073352,2.087201303e-26,1.8619877507e-69,5.0241983979e-35,6.0317677754e-16,6.0505751681e-62,3.5349289958e-66,5.7434513194e-19,1.4990656991e-27,4.3101404463e-06,4.3101404463e-06,4.3101404463e-06,4.3101404463e-06,0.70112208293,0.70112208293,0.70112208293,0.70112208293,1.1076474419e-12,7.4374113965e-09,7.4374113965e-09,7.4374113965e-09,7.4374113965e-09,2.3997230742e-19,2.397887174e-05,2.397887174e-05,2.397887174e-05,2.397887174e-05
3885,4.5846450802e-06,4.5846450802e-06,4.5846450802e-06,4.5846450802e-06,9.1082015767e-39,4.7530786088e-29,2.4077743114e-24,2.4077743114e-24,2.4077743114e-24,2.4077743114e-24,1.7469090872e-46,1.5809889643e-42,7.2994385097e-66,2.500034083e-33,4.6176871637e-28,6.8858981137e-09,6.8858981137e-09,6.8858981137e-09,6.8858981137e-09,7.2879797227e-66,6.9065430295e-56,1.3175703798e-28,0.00022722309247,0.00022722309247,0.00022722309247,0.00022722309247,2.0531264767e-26,1.5307205465e-69,4.8320344185e-35,6.022227082e-16,5.1837693749e-62,2.960002304e-66,5.7181895545e-19,1.4709244952e-27,4.3150926118e-06,4.3150926118e-06,4.3150926118e-06,4.3150926118e-06,0.7019322456,0.7019322456,0.7019322456,0.7019322456,1.1078946712e-12,7.4451367847e-09,7.4451367847e-09,7.4451367847e-09,7.4451367847e-09,2.3881396488e-19,2.4006541433e-05,2.4006541433e-05,2.4006541433e-05,2.4006541433e-05
3890,4.589914038e-06,4.589914038e-06,4.589914038e-06,4.589914038e-06,8.6539314466e-39,4.647989972e-29,2.3782167296e-24,2.3782167296e-24,2.3782167296e-24,2.3782167296e-24,1.6114120803e-46,1.4816545303e-42,6.1257819882e-66,2.4170253359e-33,4.5261301621e-28,6.8930343746e-09,6.8930343746e-09,6.8930343746e-09,6.8930343746e-09,6.1161437096e-66,6.1046703754e-56,1.2898097947e-28,0.00022748575613,0.00022748575613,0.00022748575613,0.00022748575613,2.0197282254e-26,1.2584318185e-69,4.6476478745e-35,6.0127969355e-16,4.4414746772e-62,2.4787154242e-66,5.6931935467e-19,1.443404625e-27,4.3200508923e-06,4.3200508923e-06,4.3200508923e-06,4.3200508923e-06,0.70274334376,0.70274334376,0.70274334376,0.70274334376,1.1081493773e-12,7.4528788028e-09,7.4528788028e-09,7.4528788028e-09,7.4528788028e-09,2.3766803373e-19,2.4034243912e-05,2.4034243912e-05,2.4034243912e-05,2.4034243912e-05
3895,4.5951894858e-06,4.5951894858e-06,4.5951894858e-06,4.5951894858e-06,8.2231506357e-39,4.5455450273e-29,2.3491401086e-24,2.3491401086e-24,2.3491401086e-24,2.3491401086e-24,1.4865875073e-46,1.3887103626e-42,5.1411209242e-66,2.3369745908e-33,4.4366830079e-28,6.9001861251e-09,6.9001861251e-09,6.9001861251e-09,6.9001861251e-09,5.1330134968e-66,5.3964199017e-56,1.2627207833e-28,0.00022774872484,0.00022774872484,0.00022774872484,0.00022774872484,1.9869912007e-26,1.0346135311e-69,4.4707077768e-35,6.0034763118e-16,3.8057582938e-62,2.0757954174e-66,5.6684600297e-19,1.4164906585e-27,4.3250152901e-06,4.3250152901e-06,4.3250152901e-06,4.3250152901e-06,0.70355537851,0.70355537851,0.70355537851,0.70355537851,1.108411512e-12,7.4606374012e-09,7.4606374012e-09,7.4606374012e-09,7.4606374012e-09,2.3653435641e-19,2.4061979203e-05,2.4061979203e-05,2.4061979203e-05,2.4061979203e-05
3900,4.6004714264e-06,4.6004714264e-06,4.6004714264e-06,4.6004714264e-06,7.8146033077e-39,4.4456703026e-29,2.3205352302e-24,2.3205352302e-24,2.3205352302e-24,2.3205352302e-24,1.3715821806e-46,1.3017360556e-42,4.3149751096e-66,2.2597698046e-33,4.3492913518e-28,6.9073533189e-09,6.9073533189e-09,6.9073533189e-09,6.9073533189e-09,4.3081550301e-66,4.7708003251e-56,1.2362853046e-28,0.00022801199893,0.00022801199893,0.00022801199893,0.00022801199893,1.9549004414e-26,8.5063118372e-70,4.3008978757e-35,5.9942641994e-16,3.2612770451e-62,1.738463919e-66,5.6439857861e-19,1.3901675874e-27,4.3299858077e-06,4.3299858077e-06,4.3299858077e-06,4.3299858077e-06,0.70436835092,0.70436835092,0.70436835092,0.70436835092,1.1086810276e-12,7.4684125309e-09,7.4684125309e-09,7.4684125309e-09,7.4684125309e-09,2.3541277778e-19,2.4089747334e-05,2.4089747334e-05,2.4089747334e-05,2.4089747334e-05
3905,4.6057598624e-06,4.6057598624e-06,4.6057598624e-06,4.6057598624e-06,7.4271028915e-39,4.3482945434e-29,2.2923930771e-24,2.2923930771e-24,2.2923930771e-24,2.2923930771e-24,1.2656121057e-46,1.220339458e-42,3.6217874303e-66,2.1853034136e-33,4.2639023779e-28,6.9145359099e-09,6.9145359099e-09,6.9145359099e-09,6.9145359099e-09,3.6160499849e-66,4.2181177894e-56,1.2104858457e-28,0.00022827557873,0.00022827557873,0.00022827557873,0.00022827557873,1.9234413625e-26,6.9938952809e-70,4.1379159767e-35,5.9851595994e-16,2.7949024174e-62,1.4560291205e-66,5.6197676464e-19,1.3644208119e-27,4.3349624474e-06,4.3349624474e-06,4.3349624474e-06,4.3349624474e-06,0.70518226207,0.70518226207,0.70518226207,0.70518226207,1.108957877e-12,7.4762041438e-09,7.4762041438e-09,7.4762041438e-09,7.4762041438e-09,2.3430314507e-19,2.4117548332e-05,2.4117548332e-05,2.4117548332e-05,2.4117548332e-05
3910,4.6110547966e-06,4.6110547966e-06,4.6110547966e-06,4.6110547966e-06,7.0595281476e-39,4.2533486411e-29,2.2647048274e-24,2.2647048274e-24,2.2647048274e-24,2.2647048274e-24,1.1679567908e-46,1.1441547351e-42,3.0401275066e-66,2.1134721458e-33,4.1804647564e-28,6.9217338529e-09,6.9217338529e-09,6.9217338529e-09,6.9217338529e-09,3.0353005827e-66,3.7298218896e-56,1.1853054056e-28,0.00022853946457,0.00022853946457,0.00022853946457,0.00022853946457,1.8925997448e-26,5.750579724e-70,3.9814732894e-35,5.9761615246e-16,2.3954000546e-62,1.2195445807e-66,5.5958024886e-19,1.3392361293e-27,4.3399452117e-06,4.3399452117e-06,4.3399452117e-06,4.3399452117e-06,0.70599711305,0.70599711305,0.70599711305,0.70599711305,1.1092420134e-12,7.4840121921e-09,7.4840121921e-09,7.4840121921e-09,7.4840121921e-09,2.3320530787e-19,2.4145382225e-05,2.4145382225e-05,2.4145382225e-05,2.4145382225e-05
3915,4.6163562319e-06,4.6163562319e-06,4.6163562319e-06,4.6163562319e-06,6.7108194645e-39,4.1607655636e-29,2.2374618502e-24,2.2374618502e-24,2.2374618502e-24,2.2374618502e-24,1.0779540313e-46,1.0728405658e-42,2.5520243445e-66,2.0441768406e-33,4.098928599e-28,6.928947103e-09,6.928947103e-09,6.928947103e-09,6.928947103e-09,2.5479632313e-66,3.2983700672e-56,1.1607274787e-28,0.00022880365679,0.00022880365679,0.00022880365679,0.00022880365679,1.8623617252e-26,4.7284500707e-70,3.8312938077e-35,5.9672690002e-16,2.0531557545e-62,1.0215239056e-66,5.572087237e-19,1.3145997219e-27,4.3449341033e-06,4.3449341033e-06,4.3449341033e-06,4.3449341033e-06,0.70681290494,0.70681290494,0.70681290494,0.70681290494,1.1095333906e-12,7.4918366284e-09,7.4918366284e-09,7.4918366284e-09,7.4918366284e-09,2.3211911803e-19,2.417324904e-05,2.417324904e-05,2.417324904e-05,2.417324904e-05
3920,4.621664171e-06,4.621664171e-06,4.621664171e-06,4.621664171e-06,6.3799753702e-39,4.0704802884e-29,2.210655701e-24,2.210655701e-24,2.210655701e-24,2.210655701e-24,9.9499512805e-47,1.0060784667e-42,2.1424070682e-66,1.9773222777e-33,4.0192454144e-28,6.9361756158e-09,6.9361756158e-09,6.9361756158e-09,6.9361756158e-09,2.1389900877e-66,2.9171081729e-56,1.1367360395e-28,0.00022906815573,0.00022906815573,0.00022906815573,0.00022906815573,1.8327137866e-26,3.8881289462e-70,3.6871137199e-35,5.9584810631e-16,1.7599412053e-62,8.5570213537e-67,5.5486188615e-19,1.290498146e-27,4.3499291248e-06,4.3499291248e-06,4.3499291248e-06,4.3499291248e-06,0.70762963881,0.70762963881,0.70762963881,0.70762963881,1.1098319627e-12,7.4996774063e-09,7.4996774063e-09,7.4996774063e-09,7.4996774063e-09,2.310444297e-19,2.4201148806e-05,2.4201148806e-05,2.4201148806e-05,2.4201148806e-05
3925,4.626978617e-06,4.626978617e-06,4.626978617e-06,4.626978617e-06,6.066049248e-39,3.9824297377e-29,2.1842781171e-24,2.1842781171e-24,2.1842781171e-24,2.1842781171e-24,9.185205033e-47,9.4357123179e-43,1.7986362025e-66,1.912817012e-33,3.941368067e-28,6.9434193476e-09,6.9434193476e-09,6.9434193476e-09,6.9434193476e-09,1.7957610383e-66,2.5801652585e-56,1.1133155273e-28,0.00022933296171,0.00022933296171,0.00022933296171,0.00022933296171,1.803642749e-26,3.1972543158e-70,3.5486808468e-35,5.9497967618e-16,1.5087136835e-62,7.1683618254e-67,5.525394377e-19,1.2669183205e-27,4.3549302787e-06,4.3549302787e-06,4.3549302787e-06,4.3549302787e-06,0.70844731577,0.70844731577,0.70844731577,0.70844731577,1.1101376845e-12,7.5075344795e-09,7.5075344795e-09,7.5075344795e-09,7.5075344795e-09,2.299810992e-19,2.4229081552e-05,2.4229081552e-05,2.4229081552e-05,2.4229081552e-05
3930,4.6322995728e-06,4.6322995728e-06,4.6322995728e-06,4.6322995728e-06,5.7681462417e-39,3.8965527161e-29,2.1583210135e-24,2.1583210135e-24,2.1583210135e-24,2.1583210135e-24,8.4801568102e-47,8.8504148205e-43,1.5101108226e-66,1.8505732166e-33,3.865250735e-28,6.9506782551e-09,6.9506782551e-09,6.9506782551e-09,6.9506782551e-09,1.5076914344e-66,2.282360895e-56,1.0904508321e-28,0.00022959807507,0.00022959807507,0.00022959807507,0.00022959807507,1.7751357595e-26,2.6292287568e-70,3.415754107e-35,5.9412151564e-16,1.2934447773e-62,6.005379206e-67,5.5024108426e-19,1.2438475166e-27,4.3599375679e-06,4.3599375679e-06,4.3599375679e-06,4.3599375679e-06,0.7092659369,0.7092659369,0.7092659369,0.7092659369,1.1104505109e-12,7.5154078024e-09,7.5154078024e-09,7.5154078024e-09,7.5154078024e-09,2.2892898507e-19,2.4257047304e-05,2.4257047304e-05,2.4257047304e-05,2.4257047304e-05
3935,4.6376270414e-06,4.6376270414e-06,4.6376270414e-06,4.6376270414e-06,5.485420341e-39,3.8127898501e-29,2.1327764783e-24,2.1327764783e-24,2.1327764783e-24,2.1327764783e-24,7.8300760029e-47,8.3023031491e-43,1.2679392738e-66,1.7905065328e-33,3.7908488714e-28,6.9579522954e-09,6.9579522954e-09,6.9579522954e-09,6.9579522954e-09,1.2659033046e-66,2.019123516e-56,1.06812728e-28,0.00022986349615,0.00022986349615,0.00022986349615,0.00022986349615,1.7471802843e-26,2.1621918766e-70,3.2881030078e-35,5.9327353184e-16,1.1089739176e-62,5.0313457406e-67,5.4796653604e-19,1.2212733475e-27,4.3649509951e-06,4.3649509951e-06,4.3649509951e-06,4.3649509951e-06,0.71008550328,0.71008550328,0.71008550328,0.71008550328,1.1107703976e-12,7.5232973302e-09,7.5232973302e-09,7.5232973302e-09,7.5232973302e-09,2.2788794795e-19,2.4285046092e-05,2.4285046092e-05,2.4285046092e-05,2.4285046092e-05
3940,4.6429610261e-06,4.6429610261e-06,4.6429610261e-06,4.6429610261e-06,5.2170716354e-39,3.7310835298e-29,2.1076367691e-24,2.1076367691e-24,2.1076367691e-24,2.1076367691e-24,7.2306123433e-47,7.7889604811e-43,1.0646631576e-66,1.7325359257e-33,3.7181191655e-28,6.9652414262e-09,6.9652414262e-09,6.9652414262e-09,6.9652414262e-09,1.0629497544e-66,1.7864184701e-56,1.0463306199e-28,0.00023012922529,0.00023012922529,0.00023012922529,0.00023012922529,1.7197640992e-26,1.7781760361e-70,3.1655071598e-35,5.9243563302e-16,9.5088311602e-63,4.2155193791e-67,5.4571550754e-19,1.1991837583e-27,4.3699705632e-06,4.3699705632e-06,4.3699705632e-06,4.3699705632e-06,0.710906016,0.710906016,0.710906016,0.710906016,1.1110973004e-12,7.5312030182e-09,7.5312030182e-09,7.5312030182e-09,7.5312030182e-09,2.2685785061e-19,2.4313077945e-05,2.4313077945e-05,2.4313077945e-05,2.4313077945e-05
3945,4.64830153e-06,4.64830153e-06,4.64830153e-06,4.64830153e-06,4.9623437271e-39,3.6513778529e-29,2.0828943085e-24,2.0828943085e-24,2.0828943085e-24,2.0828943085e-24,6.6777648935e-47,7.3081305047e-43,8.9402595623e-67,1.6765835469e-33,3.6470195056e-28,6.9725456058e-09,6.9725456058e-09,6.9725456058e-09,6.9725456058e-09,8.9258393822e-67,1.5806846199e-56,1.0250470108e-28,0.00023039526283,0.00023039526283,0.00023039526283,0.00023039526283,1.6928752821e-26,1.4624126551e-70,3.0477558154e-35,5.9160772855e-16,8.1538982851e-63,3.5321668816e-67,5.4348771745e-19,1.1775670165e-27,4.374996275e-06,4.374996275e-06,4.374996275e-06,4.374996275e-06,0.71172747617,0.71172747617,0.71172747617,0.71172747617,1.111431176e-12,7.5391248225e-09,7.5391248225e-09,7.5391248225e-09,7.5391248225e-09,2.2583855787e-19,2.4341142891e-05,2.4341142891e-05,2.4341142891e-05,2.4341142891e-05
3950,4.6536485562e-06,4.6536485562e-06,4.6536485562e-06,4.6536485562e-06,4.7205212926e-39,3.5736185698e-29,2.0585416804e-24,2.0585416804e-24,2.0585416804e-24,2.0585416804e-24,6.1678535963e-47,6.8577065359e-43,7.5077906414e-67,1.6225746031e-33,3.5775089434e-28,6.9798647929e-09,6.9798647929e-09,6.9798647929e-09,6.9798647929e-09,7.4956538319e-67,1.3987784676e-56,1.0042630081e-28,0.0002306616091,0.0002306616091,0.0002306616091,0.0002306616091,1.666502204e-26,1.2027622243e-70,2.9346474288e-35,5.9078972888e-16,6.9925531819e-63,2.9597465818e-67,5.4128288855e-19,1.1564117025e-27,4.3800281336e-06,4.3800281336e-06,4.3800281336e-06,4.3800281336e-06,0.71254988486,0.71254988486,0.71254988486,0.71254988486,1.111771981e-12,7.5470626996e-09,7.5470626996e-09,7.5470626996e-09,7.5470626996e-09,2.2482993658e-19,2.4369240959e-05,2.4369240959e-05,2.4369240959e-05,2.4369240959e-05
3955,4.6590021082e-06,4.6590021082e-06,4.6590021082e-06,4.6590021082e-06,4.4909277855e-39,3.4977530316e-29,2.0345716261e-24,2.0345716261e-24,2.0345716261e-24,2.0345716261e-24,5.6974931751e-47,6.4357213892e-43,6.3051917115e-67,1.5704372297e-33,3.5095476592e-28,6.9871989466e-09,6.9871989466e-09,6.9871989466e-09,6.9871989466e-09,6.2949761765e-67,1.2379249095e-56,9.8396555227e-29,0.00023092826444,0.00023092826444,0.00023092826444,0.00023092826444,1.6406335219e-26,9.892459473e-71,2.8259892367e-35,5.8998154551e-16,5.9970626687e-63,2.4802246775e-67,5.3910074771e-19,1.1357067006e-27,4.3850661419e-06,4.3850661419e-06,4.3850661419e-06,4.3850661419e-06,0.71337324317,0.71337324317,0.71337324317,0.71337324317,1.1121196727e-12,7.5550166067e-09,7.5550166067e-09,7.5550166067e-09,7.5550166067e-09,2.2383185561e-19,2.4397372179e-05,2.4397372179e-05,2.4397372179e-05,2.4397372179e-05
3960,4.6643621892e-06,4.6643621892e-06,4.6643621892e-06,4.6643621892e-06,4.272923271e-39,3.423730139e-29,2.0109770408e-24,2.0109770408e-24,2.0109770408e-24,2.0109770408e-24,5.2635691863e-47,6.0403379466e-43,5.2955192125e-67,1.5201023703e-33,3.443096928e-28,6.9945480266e-09,6.9945480266e-09,6.9945480266e-09,6.9945480266e-09,5.2869203616e-67,1.0956738284e-56,9.6414195657e-29,0.00023119522919,0.00023119522919,0.00023119522919,0.00023119522919,1.6152581705e-26,8.1366087773e-71,2.7215968593e-35,5.8918309103e-16,5.1436771604e-63,2.078503201e-67,5.3694102574e-19,1.1154411903e-27,4.390110303e-06,4.390110303e-06,4.390110303e-06,4.390110303e-06,0.71419755221,0.71419755221,0.71419755221,0.71419755221,1.1124742089e-12,7.5629865012e-09,7.5629865012e-09,7.5629865012e-09,7.5629865012e-09,2.2284418575e-19,2.4425536579e-05,2.4425536579e-05,2.4425536579e-05,2.4425536579e-05
3965,4.6697288027e-06,4.6697288027e-06,4.6697288027e-06,4.6697288027e-06,4.0659023848e-39,3.3515002933e-29,1.9877509697e-24,1.9877509697e-24,1.9877509697e-24,1.9877509697e-24,4.8632160431e-47,5.669840378e-43,4.4477759559e-67,1.471503662e-33,3.3781190872e-28,7.001911993e-09,7.001911993e-09,7.001911993e-09,7.001911993e-09,4.4405375581e-67,9.6986182756e-57,9.4477989559e-29,0.0002314625037,0.0002314625037,0.0002314625037,0.0002314625037,1.5903653549e-26,6.6926365766e-71,2.6212939197e-35,5.8839427905e-16,4.4120569522e-63,1.7419414019e-67,5.3480345739e-19,1.0956046378e-27,4.3951606201e-06,4.3951606201e-06,4.3951606201e-06,4.3951606201e-06,0.71502281305,0.71502281305,0.71502281305,0.71502281305,1.1128355476e-12,7.5709723414e-09,7.5709723414e-09,7.5709723414e-09,7.5709723414e-09,2.2186679974e-19,2.445373419e-05,2.445373419e-05,2.445373419e-05,2.445373419e-05
3970,4.675101952e-06,4.675101952e-06,4.675101952e-06,4.675101952e-06,3.869292409e-39,3.2810153491e-29,1.9648866048e-24,1.9648866048e-24,1.9648866048e-24,1.9648866048e-24,4.493796848e-47,5.3226259653e-43,3.7359525637e-67,1.4245773241e-33,3.3145775049e-28,7.0092908065e-09,7.0092908065e-09,7.0092908065e-09,7.0092908065e-09,3.7298590583e-67,8.5857849539e-57,9.2586739418e-29,0.0002317300883,0.0002317300883,0.0002317300883,0.0002317300883,1.5659445437e-26,5.5051061908e-71,2.524911682e-35,5.876150242e-16,3.7847813465e-63,1.4599552673e-67,5.3268778126e-19,1.0761867874e-27,4.4002170961e-06,4.4002170961e-06,4.4002170961e-06,4.4002170961e-06,0.71584902681,0.71584902681,0.71584902681,0.71584902681,1.1132036474e-12,7.5789740857e-09,7.5789740857e-09,7.5789740857e-09,7.5789740857e-09,2.2089957222e-19,2.4481965041e-05,2.4481965041e-05,2.4481965041e-05,2.4481965041e-05
3975,4.6804816408e-06,4.6804816408e-06,4.6804816408e-06,4.6804816408e-06,3.6825514584e-39,3.2122285685e-29,1.9423772811e-24,1.9423772811e-24,1.9423772811e-24,1.9423772811e-24,4.1528848813e-47,4.9971974888e-43,3.138223661e-67,1.3792620533e-33,3.2524365494e-28,7.0166844281e-09,7.0166844281e-09,7.0166844281e-09,7.0166844281e-09,3.1330936929e-67,7.6013666002e-57,9.0739281675e-29,0.00023199798334,0.00023199798334,0.00023199798334,0.00023199798334,1.5419854615e-26,4.5284419713e-71,2.432288705e-35,5.8684524213e-16,3.2469286299e-63,1.2236824033e-67,5.305937397e-19,1.057177654e-27,4.4052797345e-06,4.4052797345e-06,4.4052797345e-06,4.4052797345e-06,0.71667619458,0.71667619458,0.71667619458,0.71667619458,1.1135784671e-12,7.5869916933e-09,7.5869916933e-09,7.5869916933e-09,7.5869916933e-09,2.1994237967e-19,2.4510229161e-05,2.4510229161e-05,2.4510229161e-05,2.4510229161e-05
3980,4.6858678725e-06,4.6858678725e-06,4.6858678725e-06,4.6858678725e-06,3.5051667699e-39,3.1450945769e-29,1.9202164735e-24,1.9202164735e-24,1.9202164735e-24,1.9202164735e-24,3.83824661e-47,4.6921561371e-43,2.6362738001e-67,1.335498922e-33,3.1916615599e-28,7.0240928195e-09,7.0240928195e-09,7.0240928195e-09,7.0240928195e-09,2.6319547838e-67,6.7304616051e-57,8.8934485683e-29,0.00023226618916,0.00023226618916,0.00023226618916,0.00023226618916,1.5184780825e-26,3.7251739646e-71,2.3432705142e-35,5.860848495e-16,2.7857166467e-63,1.0257015972e-67,5.2852107882e-19,1.0385675153e-27,4.4103485385e-06,4.4103485385e-06,4.4103485385e-06,4.4103485385e-06,0.71750431746,0.71750431746,0.71750431746,0.71750431746,1.1139599662e-12,7.5950251237e-09,7.5950251237e-09,7.5950251237e-09,7.5950251237e-09,2.1899510041e-19,2.4538526581e-05,2.4538526581e-05,2.4538526581e-05,2.4538526581e-05
3985,4.6912606508e-06,4.6912606508e-06,4.6912606508e-06,4.6912606508e-06,3.3366530901e-39,3.0795693198e-29,1.8983977934e-24,1.8983977934e-24,1.8983977934e-24,1.8983977934e-24,3.547826088e-47,4.4061949022e-43,2.2147321466e-67,1.2932312818e-33,3.1322188173e-28,7.0315159425e-09,7.0315159425e-09,7.0315159425e-09,7.0315159425e-09,2.2110956957e-67,5.9599071625e-57,8.7171252707e-29,0.0002325347061,0.0002325347061,0.0002325347061,0.0002325347061,1.4954126236e-26,3.0644952645e-71,2.2577092873e-35,5.8533376394e-16,2.3901952047e-63,8.5979812504e-68,5.2646954836e-19,1.0203469038e-27,4.4154235113e-06,4.4154235113e-06,4.4154235113e-06,4.4154235113e-06,0.71833339655,0.71833339655,0.71833339655,0.71833339655,1.1143481042e-12,7.603074337e-09,7.603074337e-09,7.603074337e-09,7.603074337e-09,2.1805761455e-19,2.4566857331e-05,2.4566857331e-05,2.4566857331e-05,2.4566857331e-05
3990,4.6966599793e-06,4.6966599793e-06,4.6966599793e-06,4.6966599793e-06,3.1765511546e-39,3.0156100221e-29,1.8769149858e-24,1.8769149858e-24,1.8769149858e-24,1.8769149858e-24,3.2797306342e-47,4.1380924272e-43,1.860698353e-67,1.2524046706e-33,3.0740755172e-28,7.0389537597e-09,7.0389537597e-09,7.0389537597e-09,7.0389537597e-09,1.8576364367e-67,5.2780752663e-57,8.5448514953e-29,0.00023280353451,0.00023280353451,0.00023280353451,0.00023280353451,1.4727795379e-26,2.52107631e-71,2.1754635554e-35,5.8459190404e-16,2.0509828189e-63,7.2076733173e-68,5.2443890167e-19,1.0025066001e-27,4.4205046564e-06,4.4205046564e-06,4.4205046564e-06,4.4205046564e-06,0.71916343295,0.71916343295,0.71916343295,0.71916343295,1.1147428413e-12,7.6111392938e-09,7.6111392938e-09,7.6111392938e-09,7.6111392938e-09,2.1712980399e-19,2.4595221441e-05,2.4595221441e-05,2.4595221441e-05,2.4595221441e-05
3995,4.7020658618e-06,4.7020658618e-06,4.7020658618e-06,4.7020658618e-06,3.0244262531e-39,2.9531751478e-29,1.8557619258e-24,1.8557619258e-24,1.8557619258e-24,1.8557619258e-24,3.0322176814e-47,3.8867072747e-43,1.5633448882e-67,1.2129667243e-33,3.0171997424e-28,7.046406234e-09,7.046406234e-09,7.046406234e-09,7.046406234e-09,1.5607665992e-67,4.6746927718e-57,8.3765234622e-29,0.00023307267473,0.00023307267473,0.00023307267473,0.00023307267473,1.4505695088e-26,2.074090333e-71,2.0963979183e-35,5.8385918937e-16,1.7600413846e-63,6.04250234e-68,5.2242889564e-19,9.8503762553e-28,4.4255919772e-06,4.4255919772e-06,4.4255919772e-06,4.4255919772e-06,0.71999442777,0.71999442777,0.71999442777,0.71999442777,1.115144138e-12,7.6192199551e-09,7.6192199551e-09,7.6192199551e-09,7.6192199551e-09,2.1621155235e-19,2.4623618941e-05,2.4623618941e-05,2.4623618941e-05,2.4623618941e-05
4000,4.7074783021e-06,4.7074783021e-06,4.7074783021e-06,4.7074783021e-06,2.879866877e-39,2.8922243613e-29,1.8349326159e-24,1.8349326159e-24,1.8349326159e-24,1.8349326159e-24,2.8036826995e-47,3.6509725865e-43,1.3135834759e-67,1.1748670912e-33,2.9615604373e-28,7.0538733288e-09,7.0538733288e-09,7.0538733288e-09,7.0538733288e-09,1.311412312e-67,4.1406826659e-57,8.2120403006e-29,0.00023334212711,0.00023334212711,0.00023334212711,0.00023334212711,1.4287734437e-26,1.7064123276e-71,2.0203827723e-35,5.8313554042e-16,1.5104833019e-63,5.0659591817e-68,5.2043929064e-19,9.6793123557e-28,4.4306854772e-06,4.4306854772e-06,4.4306854772e-06,4.4306854772e-06,0.72082638212,0.72082638212,0.72082638212,0.72082638212,1.1155519551e-12,7.6273162825e-09,7.6273162825e-09,7.6273162825e-09,7.6273162825e-09,2.1530274495e-19,2.4652049862e-05,2.4652049862e-05,2.4652049862e-05,2.4652049862e-05
4005,4.7128973039e-06,4.7128973039e-06,4.7128973039e-06,4.7128973039e-06,2.742483443e-39,2.8327184902e-29,1.8144211829e-24,1.8144211829e-24,1.8144211829e-24,1.8144211829e-24,2.5926481033e-47,3.4298911072e-43,1.1037852909e-67,1.1380573512e-33,2.9071273827e-28,7.0613550078e-09,7.0613550078e-09,7.0613550078e-09,7.0613550078e-09,1.1019568696e-67,3.668024035e-57,8.0513039607e-29,0.00023361189199,0.00023361189199,0.00023361189199,0.00023361189199,1.4073824678e-26,1.4039606221e-71,1.9472940514e-35,5.8242087864e-16,1.2964063652e-63,4.2474635906e-68,5.1846985044e-19,9.5117891291e-28,4.4357851598e-06,4.4357851598e-06,4.4357851598e-06,4.4357851598e-06,0.72165929709,0.72165929709,0.72165929709,0.72165929709,1.115966254e-12,7.6354282378e-09,7.6354282378e-09,7.6354282378e-09,7.6354282378e-09,2.144032688e-19,2.4680514235e-05,2.4680514235e-05,2.4680514235e-05,2.4680514235e-05
4010,4.7183228711e-06,4.7183228711e-06,4.7183228711e-06,4.7183228711e-06,2.6119070889e-39,2.7746194891e-29,1.7942218752e-24,1.7942218752e-24,1.7942218752e-24,1.7942218752e-24,2.3977530648e-47,3.2225305466e-43,9.2754623762e-68,1.1024909376e-33,2.853871171e-28,7.0688512354e-09,7.0688512354e-09,7.0688512354e-09,7.0688512354e-09,9.2600637257e-68,3.2496285144e-57,7.8942191283e-29,0.00023388196971,0.00023388196971,0.00023388196971,0.00023388196971,1.3863879192e-26,1.1551556489e-71,1.8770129805e-35,5.8171512637e-16,1.1127524105e-63,3.5614000188e-68,5.1652034219e-19,9.3477236121e-28,4.4408910287e-06,4.4408910287e-06,4.4408910287e-06,4.4408910287e-06,0.7224931738,0.7224931738,0.7224931738,0.7224931738,1.1163869962e-12,7.6435557835e-09,7.6435557835e-09,7.6435557835e-09,7.6435557835e-09,2.1351301256e-19,2.470901209e-05,2.470901209e-05,2.470901209e-05,2.470901209e-05
4015,4.7237550078e-06,4.7237550078e-06,4.7237550078e-06,4.7237550078e-06,2.4877885381e-39,2.7178904048e-29,1.7743290597e-24,1.7743290597e-24,1.7743290597e-24,1.7743290597e-24,2.2177441538e-47,3.0280192579e-43,7.7949003414e-68,1.0681230625e-33,2.8017631832e-28,7.0763619761e-09,7.0763619761e-09,7.0763619761e-09,7.0763619761e-09,7.781931185e-68,2.8792312706e-57,7.7406931426e-29,0.00023415236064,0.00023415236064,0.00023415236064,0.00023415236064,1.3657813424e-26,9.5047503738e-72,1.8094258394e-35,5.8101820687e-16,9.5518629231e-64,2.9863104605e-68,5.1459053636e-19,9.1870349887e-28,4.4460030874e-06,4.4460030874e-06,4.4460030874e-06,4.4460030874e-06,0.72332801335,0.72332801335,0.72332801335,0.72332801335,1.1168141437e-12,7.6516988826e-09,7.6516988826e-09,7.6516988826e-09,7.6516988826e-09,2.1263186651e-19,2.4737543459e-05,2.4737543459e-05,2.4737543459e-05,2.4737543459e-05
4020,4.7291937177e-06,4.7291937177e-06,4.7291937177e-06,4.7291937177e-06,2.3697970269e-39,2.6624953426e-29,1.7547372194e-24,1.7547372194e-24,1.7547372194e-24,1.7547372194e-24,2.0514667394e-47,2.8455422082e-43,6.5510300586e-68,1.0349106455e-33,2.7507755654e-28,7.0838871951e-09,7.0838871951e-09,7.0838871951e-09,7.0838871951e-09,6.5401065168e-68,2.5512947966e-57,7.5906359166e-29,0.00023442306511,0.00023442306511,0.00023442306511,0.00023442306511,1.3455544834e-26,7.8208787356e-72,1.7444237383e-35,5.8033004428e-16,8.1999226043e-64,2.5042187043e-68,5.1268020666e-19,9.0296445292e-28,4.4511213396e-06,4.4511213396e-06,4.4511213396e-06,4.4511213396e-06,0.72416381687,0.72416381687,0.72416381687,0.72416381687,1.1172476589e-12,7.6598574985e-09,7.6598574985e-09,7.6598574985e-09,7.6598574985e-09,2.1175972254e-19,2.4766108372e-05,2.4766108372e-05,2.4766108372e-05,2.4766108372e-05
4025,4.734639005e-06,4.734639005e-06,4.734639005e-06,4.734639005e-06,2.2576192939e-39,2.6083994332e-29,1.7354409505e-24,1.7354409505e-24,1.7354409505e-24,1.7354409505e-24,1.8978570901e-47,2.6743372235e-43,5.505954732e-68,1.002812245e-33,2.7008812072e-28,7.0914268581e-09,7.0914268581e-09,7.0914268581e-09,7.0914268581e-09,5.4967536711e-68,2.2609240068e-57,7.4439598594e-29,0.00023469408347,0.00023469408347,0.00023469408347,0.00023469408347,1.3256992846e-26,6.4355402999e-72,1.6819024037e-35,5.7965056363e-16,7.0398522627e-64,2.1000645737e-68,5.1078913e-19,8.8754755324e-28,4.4562457891e-06,4.4562457891e-06,4.4562457891e-06,4.4562457891e-06,0.72500058544,0.72500058544,0.72500058544,0.72500058544,1.1176875046e-12,7.6680315949e-09,7.6680315949e-09,7.6680315949e-09,7.6680315949e-09,2.1089647408e-19,2.4794706861e-05,2.4794706861e-05,2.4794706861e-05,2.4794706861e-05
4030,4.7400908737e-06,4.7400908737e-06,4.7400908737e-06,4.7400908737e-06,2.1509586245e-39,2.5555688019e-29,1.7164349601e-24,1.7164349601e-24,1.7164349601e-24,1.7164349601e-24,1.7559351137e-47,2.5136914867e-43,4.627854466e-68,9.7178799258e-34,2.6520537196e-28,7.0989809308e-09,7.0989809308e-09,7.0989809308e-09,7.0989809308e-09,4.6201038715e-68,2.0037912981e-57,7.300579802e-29,0.00023496541607,0.00023496541607,0.00023496541607,0.00023496541607,1.306207879e-26,5.2957698099e-72,1.6217619741e-35,5.7897969082e-16,6.044347752e-64,1.7612302278e-68,5.0891708645e-19,8.724453268e-28,4.4613764396e-06,4.4613764396e-06,4.4613764396e-06,4.4613764396e-06,0.7258383202,0.7258383202,0.7258383202,0.7258383202,1.1181336437e-12,7.676221136e-09,7.676221136e-09,7.676221136e-09,7.676221136e-09,2.1004201612e-19,2.4823338957e-05,2.4823338957e-05,2.4823338957e-05,2.4823338957e-05
4035,4.745549328e-06,4.745549328e-06,4.745549328e-06,4.745549328e-06,2.0495339502e-39,2.5039705373e-29,1.6977140633e-24,1.6977140633e-24,1.6977140633e-24,1.6977140633e-24,1.6247976853e-47,2.3629382731e-43,3.8900103335e-68,9.4179953046e-34,2.6042674147e-28,7.1065493797e-09,7.1065493797e-09,7.1065493797e-09,7.1065493797e-09,3.8834812114e-68,1.776070399e-57,7.1604129246e-29,0.00023523706326,0.00023523706326,0.00023523706326,0.00023523706326,1.2870725861e-26,4.3580058159e-72,1.5639068046e-35,5.783173526e-16,5.1900008848e-64,1.4771435213e-68,5.0706385917e-19,8.5765049223e-28,4.4665132949e-06,4.4665132949e-06,4.4665132949e-06,4.4665132949e-06,0.72667702225,0.72667702225,0.72667702225,0.72667702225,1.1185860398e-12,7.6844260868e-09,7.6844260868e-09,7.6844260868e-09,7.6844260868e-09,2.0919624517e-19,2.4852004692e-05,2.4852004692e-05,2.4852004692e-05,2.4852004692e-05
4040,4.751014372e-06,4.751014372e-06,4.751014372e-06,4.751014372e-06,1.9530789979e-39,2.4535726622e-29,1.6792731811e-24,1.6792731811e-24,1.6792731811e-24,1.6792731811e-24,1.5036125159e-47,2.2214539058e-43,3.2699854129e-68,9.1280995098e-34,2.5574972851e-28,7.1141321717e-09,7.1141321717e-09,7.1141321717e-09,7.1141321717e-09,3.2644849754e-68,1.5743779725e-57,7.0233786871e-29,0.0002355090254,0.0002355090254,0.0002355090254,0.0002355090254,1.2682859063e-26,3.586419854e-72,1.5082452814e-35,5.7766347656e-16,4.4567420463e-64,1.2389458712e-68,5.0522923438e-19,8.4315595439e-28,4.4716563588e-06,4.4716563588e-06,4.4716563588e-06,4.4716563588e-06,0.72751669271,0.72751669271,0.72751669271,0.72751669271,1.1190446566e-12,7.6926464122e-09,7.6926464122e-09,7.6926464122e-09,7.6926464122e-09,2.0835905923e-19,2.4880704097e-05,2.4880704097e-05,2.4880704097e-05,2.4880704097e-05
4045,4.7564860099e-06,4.7564860099e-06,4.7564860099e-06,4.7564860099e-06,1.8613414872e-39,2.4043441051e-29,1.6611073377e-24,1.6611073377e-24,1.6611073377e-24,1.6611073377e-24,1.3916125147e-47,2.0886549167e-43,2.7489375082e-68,8.8478373901e-34,2.5117189846e-28,7.1217292739e-09,7.1217292739e-09,7.1217292739e-09,7.1217292739e-09,2.7443034407e-68,1.3957220583e-57,6.8893987605e-29,0.00023578130282,0.00023578130282,0.00023578130282,0.00023578130282,1.2498405169e-26,2.9515427025e-72,1.454689644e-35,5.7701799113e-16,3.8273627625e-64,1.0392141235e-68,5.0341300127e-19,8.2895479925e-28,4.4768056353e-06,4.4768056353e-06,4.4768056353e-06,4.4768056353e-06,0.7283573327,0.7283573327,0.7283573327,0.7283573327,1.1195094582e-12,7.7008820778e-09,7.7008820778e-09,7.7008820778e-09,7.7008820778e-09,2.0753035775e-19,2.4909437204e-05,2.4909437204e-05,2.4909437204e-05,2.4909437204e-05
4050,4.761964246e-06,4.761964246e-06,4.761964246e-06,4.761964246e-06,1.7740823714e-39,2.3562546721e-29,1.6432116583e-24,1.6432116583e-24,1.6432116583e-24,1.6432116583e-24,1.2880906082e-47,1.9639953982e-43,2.3110423467e-68,8.5768671664e-34,2.4669088093e-28,7.129340654e-09,7.129340654e-09,7.129340654e-09,7.129340654e-09,2.3071379843e-68,1.2374565487e-57,6.7583969621e-29,0.0002360538959,0.0002360538959,0.0002360538959,0.0002360538959,1.2317292669e-26,2.4291348558e-72,1.4031558161e-35,5.7638082557e-16,3.2871067249e-64,8.7172762861e-69,5.0161495202e-19,8.1504028886e-28,4.4819611282e-06,4.4819611282e-06,4.4819611282e-06,4.4819611282e-06,0.72919894333,0.72919894333,0.72919894333,0.72919894333,1.1199804092e-12,7.7091330498e-09,7.7091330498e-09,7.7091330498e-09,7.7091330498e-09,2.0671004165e-19,2.4938204045e-05,2.4938204045e-05,2.4938204045e-05,2.4938204045e-05
4055,4.7674490846e-06,4.7674490846e-06,4.7674490846e-06,4.7674490846e-06,1.6910751227e-39,2.3092750209e-29,1.6255813669e-24,1.6255813669e-24,1.6255813669e-24,1.6255813669e-24,1.1923949751e-47,1.8469645333e-43,1.94300947e-68,8.314859902e-34,2.423043679e-28,7.1369662799e-09,7.1369662799e-09,7.1369662799e-09,7.1369662799e-09,1.9397197376e-68,1.0972409893e-57,6.6302991914e-29,0.00023632680496,0.00023632680496,0.00023632680496,0.00023632680496,1.213945173e-26,1.999257769e-72,1.3535632442e-35,5.7575190994e-16,2.8233194297e-64,7.3127316621e-69,4.9983488166e-19,8.0140585641e-28,4.4871228417e-06,4.4871228417e-06,4.4871228417e-06,4.4871228417e-06,0.73004152572,0.73004152572,0.73004152572,0.73004152572,1.1204574743e-12,7.7173992946e-09,7.7173992946e-09,7.7173992946e-09,7.7173992946e-09,2.0589801324e-19,2.4967004653e-05,2.4967004653e-05,2.4967004653e-05,2.4967004653e-05
4060,4.77294053e-06,4.77294053e-06,4.77294053e-06,4.77294053e-06,1.6121050552e-39,2.263376634e-29,1.608211784e-24,1.608211784e-24,1.608211784e-24,1.608211784e-24,1.1039246666e-47,1.7370842911e-43,1.6336758979e-68,8.0614989943e-34,2.3801011195e-28,7.1446061201e-09,7.1446061201e-09,7.1446061201e-09,7.1446061201e-09,1.6309038952e-68,9.730050771e-58,6.5050333691e-29,0.00023660003038,0.00023660003038,0.00023660003038,0.00023660003038,1.1964814152e-26,1.6455101609e-72,1.3058347426e-35,5.7513117509e-16,2.4251480083e-64,6.1348156122e-69,4.9807258813e-19,7.8804510156e-28,4.4922907796e-06,4.4922907796e-06,4.4922907796e-06,4.4922907796e-06,0.730885081,0.730885081,0.730885081,0.730885081,1.1209406187e-12,7.7256807789e-09,7.7256807789e-09,7.7256807789e-09,7.7256807789e-09,2.0509417625e-19,2.4995839059e-05,2.4995839059e-05,2.4995839059e-05,2.4995839059e-05
4065,4.7784385867e-06,4.7784385867e-06,4.7784385867e-06,4.7784385867e-06,1.5369686874e-39,2.2185317947e-29,1.5910983243e-24,1.5910983243e-24,1.5910983243e-24,1.5910983243e-24,1.0221255772e-47,1.6339072769e-43,1.3736650544e-68,7.8164796879e-34,2.3380592453e-28,7.1522601435e-09,7.1522601435e-09,7.1522601435e-09,7.1522601435e-09,1.3713291805e-68,8.6291730489e-58,6.3825293769e-29,0.0002368735725,0.0002368735725,0.0002368735725,0.0002368735725,1.1793313324e-26,1.3544000203e-72,1.2598963474e-35,5.7451855269e-16,2.083284041e-64,5.1469083447e-69,4.9632787213e-19,7.7495178584e-28,4.497464946e-06,4.497464946e-06,4.497464946e-06,4.497464946e-06,0.73172961028,0.73172961028,0.73172961028,0.73172961028,1.1214298079e-12,7.7339774703e-09,7.7339774703e-09,7.7339774703e-09,7.7339774703e-09,2.0429843577e-19,2.5024707296e-05,2.5024707296e-05,2.5024707296e-05,2.5024707296e-05
4070,4.783943259e-06,4.783943259e-06,4.783943259e-06,4.783943259e-06,1.4654731381e-39,2.174713562e-29,1.5742364948e-24,1.5742364948e-24,1.5742364948e-24,1.5742364948e-24,9.4648673987e-48,1.5370147265e-43,1.1551004554e-68,7.5795086082e-34,2.2968967431e-28,7.1599283192e-09,7.1599283192e-09,7.1599283192e-09,7.1599283192e-09,1.15313199e-68,7.6535726505e-58,6.2627190001e-29,0.00023714743168,0.00023714743168,0.00023714743168,0.00023714743168,1.1624884187e-26,1.1148281844e-72,1.2156771751e-35,5.7391397515e-16,1.7897431813e-64,4.3183157295e-69,4.9460053716e-19,7.6211982815e-28,4.5026453452e-06,4.5026453452e-06,4.5026453452e-06,4.5026453452e-06,0.73257511469,0.73257511469,0.73257511469,0.73257511469,1.1219250076e-12,7.7422893363e-09,7.7422893363e-09,7.7422893363e-09,7.7422893363e-09,2.0351069823e-19,2.5053609395e-05,2.5053609395e-05,2.5053609395e-05,2.5053609395e-05
4075,4.7894545516e-06,4.7894545516e-06,4.7894545516e-06,4.7894545516e-06,1.3974355579e-39,2.1318957477e-29,1.5576218926e-24,1.5576218926e-24,1.5576218926e-24,1.5576218926e-24,8.7653691886e-48,1.446014634e-43,9.7136535549e-69,7.3503033133e-34,2.2565928551e-28,7.1676106169e-09,7.1676106169e-09,7.1676106169e-09,7.1676106169e-09,9.6970642261e-69,6.78891183e-58,6.145535872e-29,0.00023742160826,0.00023742160826,0.00023742160826,0.00023742160826,1.1459463192e-26,9.1766365327e-73,1.1731092887e-35,5.7331737567e-16,1.5376763095e-64,3.6233090682e-69,4.9289038942e-19,7.4954330049e-28,4.5078319812e-06,4.5078319812e-06,4.5078319812e-06,4.5078319812e-06,0.73342159535,0.73342159535,0.73342159535,0.73342159535,1.122426184e-12,7.7506163451e-09,7.7506163451e-09,7.7506163451e-09,7.7506163451e-09,2.0273087141e-19,2.5082545391e-05,2.5082545391e-05,2.5082545391e-05,2.5082545391e-05
4080,4.7949724688e-06,4.7949724688e-06,4.7949724688e-06,4.7949724688e-06,1.3326825902e-39,2.0900528936e-29,1.5412502029e-24,1.5412502029e-24,1.5412502029e-24,1.5412502029e-24,8.1184147439e-48,1.3605400047e-43,8.1690096247e-69,7.1285918655e-34,2.2171273637e-28,7.1753070065e-09,7.1753070065e-09,7.1753070065e-09,7.1753070065e-09,8.1550281659e-69,6.0225030203e-58,6.0309154192e-29,0.00023769610262,0.00023769610262,0.00023769610262,0.00023769610262,1.129698826e-26,7.5539433181e-73,1.1321275702e-35,5.7272868822e-16,1.3212076916e-64,3.0403206859e-69,4.9119723778e-19,7.3721642371e-28,4.5130248582e-06,4.5130248582e-06,4.5130248582e-06,4.5130248582e-06,0.73426905339,0.73426905339,0.73426905339,0.73426905339,1.1229333035e-12,7.7589584652e-09,7.7589584652e-09,7.7589584652e-09,7.7589584652e-09,2.0195886437e-19,2.5111515315e-05,2.5111515315e-05,2.5111515315e-05,2.5111515315e-05
4085,4.8004970153e-06,4.8004970153e-06,4.8004970153e-06,4.8004970153e-06,1.2710498633e-39,2.0491602495e-29,1.5251171971e-24,1.5251171971e-24,1.5251171971e-24,1.5251171971e-24,7.519994791e-48,1.280247225e-43,6.8703702396e-69,6.9141124194e-34,2.1784805762e-28,7.1830174585e-09,7.1830174585e-09,7.1830174585e-09,7.1830174585e-09,6.8585860751e-69,5.3431178518e-58,5.9187948096e-29,0.00023797091509,0.00023797091509,0.00023797091509,0.00023797091509,1.113739875e-26,6.2183979427e-73,1.0926695975e-35,5.7214784748e-16,1.1352962731e-64,2.5512700234e-69,4.8952089376e-19,7.2513356351e-28,4.5182239805e-06,4.5182239805e-06,4.5182239805e-06,4.5182239805e-06,0.73511748993,0.73511748993,0.73511748993,0.73511748993,1.123446333e-12,7.7673156656e-09,7.7673156656e-09,7.7673156656e-09,7.7673156656e-09,2.0119458748e-19,2.51405192e-05,2.51405192e-05,2.51405192e-05,2.51405192e-05
4090,4.8060281957e-06,4.8060281957e-06,4.8060281957e-06,4.8060281957e-06,1.2123815099e-39,2.0091937518e-29,1.5092187307e-24,1.5092187307e-24,1.5092187307e-24,1.5092187307e-24,6.9664106453e-48,1.2048145399e-43,5.7784958322e-69,6.7066128276e-34,2.1406333097e-28,7.1907419435e-09,7.1907419435e-09,7.1907419435e-09,7.1907419435e-09,5.7685631226e-69,4.7408183953e-58,5.8091129015e-29,0.00023824604604,0.00023824604604,0.00023824604604,0.00023824604604,1.0980635416e-26,5.1191504811e-73,1.0546755285e-35,5.7157478889e-16,9.7561678985e-65,2.1409990283e-69,4.8786117147e-19,7.1328922639e-28,4.5234293523e-06,4.5234293523e-06,4.5234293523e-06,4.5234293523e-06,0.7359669061,0.7359669061,0.7359669061,0.7359669061,1.1239652394e-12,7.7756879157e-09,7.7756879157e-09,7.7756879157e-09,7.7756879157e-09,2.0043795235e-19,2.516955708e-05,2.516955708e-05,2.516955708e-05,2.516955708e-05
4095,4.8115660146e-06,4.8115660146e-06,4.8115660146e-06,4.8115660146e-06,1.1565297133e-39,1.9701300035e-29,1.4935507418e-24,1.4935507418e-24,1.4935507418e-24,1.4935507418e-24,6.4542497964e-48,1.1339406322e-43,4.8604154126e-69,6.5058502623e-34,2.1035668771e-28,7.1984804327e-09,7.1984804327e-09,7.1984804327e-09,7.1984804327e-09,4.8520428325e-69,4.2068080299e-58,5.7018101942e-29,0.00023852149583,0.00023852149583,0.00023852149583,0.00023852149583,1.0826640376e-26,4.2143623637e-73,1.0180879892e-35,5.7100944863e-16,8.3845785863e-65,1.7967990939e-69,4.8621788755e-19,7.0167805592e-28,4.528640978e-06,4.528640978e-06,4.528640978e-06,4.528640978e-06,0.73681730304,0.73681730304,0.73681730304,0.73681730304,1.1244899903e-12,7.7840751852e-09,7.7840751852e-09,7.7840751852e-09,7.7840751852e-09,1.9968887185e-19,2.5198628987e-05,2.5198628987e-05,2.5198628987e-05,2.5198628987e-05
4100,4.8171104768e-06,4.8171104768e-06,4.8171104768e-06,4.8171104768e-06,1.1033542783e-39,1.9319462535e-29,1.4781092489e-24,1.4781092489e-24,1.4781092489e-24,1.4781092489e-24,5.9803634388e-48,1.067343296e-43,4.0884236285e-69,6.3115908525e-34,2.0672630731e-28,7.2062328977e-09,7.2062328977e-09,7.2062328977e-09,7.2062328977e-09,4.081365761e-69,3.7332996393e-58,5.5968287808e-29,0.00023879726482,0.00023879726482,0.00023879726482,0.00023879726482,1.0675357077e-26,3.4696082742e-73,9.828519674e-36,5.7045176358e-16,7.2063461587e-65,1.5080146794e-69,4.8459086117e-19,6.9029482893e-28,4.533858862e-06,4.533858862e-06,4.533858862e-06,4.533858862e-06,0.73766868186,0.73766868186,0.73766868186,0.73766868186,1.1250205532e-12,7.7924774442e-09,7.7924774442e-09,7.7924774442e-09,7.7924774442e-09,1.9894726006e-19,2.5227734954e-05,2.5227734954e-05,2.5227734954e-05,2.5227734954e-05
4105,4.822661587e-06,4.822661587e-06,4.822661587e-06,4.822661587e-06,1.0527222258e-39,1.8946203781e-29,1.4628903491e-24,1.4628903491e-24,1.4628903491e-24,1.4628903491e-24,5.5418457924e-48,1.004758198e-43,3.439238534e-69,6.1236093358e-34,2.0317041605e-28,7.2139993103e-09,7.2139993103e-09,7.2139993103e-09,7.2139993103e-09,3.4332886251e-69,3.3133991144e-58,5.4941123015e-29,0.00023907335335,0.00023907335335,0.00023907335335,0.00023907335335,1.0526730259e-26,2.8565616663e-73,9.4891471101e-36,5.6990167133e-16,6.1941382144e-65,1.2657111659e-69,4.8297991395e-19,6.7913445194e-28,4.5390830085e-06,4.5390830085e-06,4.5390830085e-06,4.5390830085e-06,0.73852104372,0.73852104372,0.73852104372,0.73852104372,1.1255568961e-12,7.8008946633e-09,7.8008946633e-09,7.8008946633e-09,7.8008946633e-09,1.9821303227e-19,2.5256875016e-05,2.5256875016e-05,2.5256875016e-05,2.5256875016e-05
4110,4.82821935e-06,4.82821935e-06,4.82821935e-06,4.82821935e-06,1.0045074094e-39,1.8581308619e-29,1.4478902169e-24,1.4478902169e-24,1.4478902169e-24,1.4478902169e-24,5.1360150681e-48,9.4593772056e-44,2.8932942768e-69,5.9416887243e-34,1.9968728575e-28,7.2217796426e-09,7.2217796426e-09,7.2217796426e-09,7.2217796426e-09,2.8882781356e-69,2.9410023724e-58,5.393605899e-29,0.00023934976179,0.00023934976179,0.00023934976179,0.00023934976179,1.0380705925e-26,2.3519135255e-73,9.1622563101e-36,5.6935911017e-16,5.3244964497e-65,1.0623965226e-69,4.8138486995e-19,6.6819195765e-28,4.5443134222e-06,4.5443134222e-06,4.5443134222e-06,4.5443134222e-06,0.73937438973,0.73937438973,0.73937438973,0.73937438973,1.1260989875e-12,7.8093268134e-09,7.8093268134e-09,7.8093268134e-09,7.8093268134e-09,1.9748610495e-19,2.5286049204e-05,2.5286049204e-05,2.5286049204e-05,2.5286049204e-05
4115,4.8337837706e-06,4.8337837706e-06,4.8337837706e-06,4.8337837706e-06,9.5859015363e-40,1.8224567797e-29,1.4331051019e-24,1.4331051019e-24,1.4331051019e-24,1.4331051019e-24,4.7603959451e-48,8.9064988147e-44,2.4341470575e-69,5.7656199846e-34,1.9627523246e-28,7.2295738674e-09,7.2295738674e-09,7.2295738674e-09,7.2295738674e-09,2.42991792e-69,2.6107043185e-58,5.2952561755e-29,0.00023962649051,0.00023962649051,0.00023962649051,0.00023962649051,1.0237231309e-26,1.9364829609e-73,8.8473620864e-36,5.6882401908e-16,4.5772860659e-65,8.9178805349e-70,4.7980555564e-19,6.574625015e-28,4.5495501074e-06,4.5495501074e-06,4.5495501074e-06,4.5495501074e-06,0.74022872103,0.74022872103,0.74022872103,0.74022872103,1.1266467958e-12,7.8177738658e-09,7.8177738658e-09,7.8177738658e-09,7.8177738658e-09,1.9676639574e-19,2.5315257554e-05,2.5315257554e-05,2.5315257554e-05,2.5315257554e-05
4120,4.8393548536e-06,4.8393548536e-06,4.8393548536e-06,4.8393548536e-06,9.1485691091e-40,1.7875777793e-29,1.4185313273e-24,1.4185313273e-24,1.4185313273e-24,1.4185313273e-24,4.4127034392e-48,8.3867732506e-44,2.0479761949e-69,5.5952017307e-34,1.9293261525e-28,7.2373819576e-09,7.2373819576e-09,7.2373819576e-09,7.2373819576e-09,2.0444103992e-69,2.3177183554e-58,5.1990111502e-29,0.00023990353985,0.00023990353985,0.00023990353985,0.00023990353985,1.0096254845e-26,1.5944855673e-73,8.5439990685e-36,5.6829633772e-16,3.9352236376e-65,7.4861691205e-70,4.782417998e-19,6.4694135841e-28,4.5547930688e-06,4.5547930688e-06,4.5547930688e-06,4.5547930688e-06,0.74108403877,0.74108403877,0.74108403877,0.74108403877,1.12720029e-12,7.8262357922e-09,7.8262357922e-09,7.8262357922e-09,7.8262357922e-09,1.9605382342e-19,2.5344500099e-05,2.5344500099e-05,2.5344500099e-05,2.5344500099e-05
4125,4.8449326041e-06,4.8449326041e-06,4.8449326041e-06,4.8449326041e-06,8.7319993806e-40,1.7534740644e-29,1.4041652885e-24,1.4041652885e-24,1.4041652885e-24,1.4041652885e-24,4.0908280494e-48,7.8981637955e-44,1.723165047e-69,5.4302399282e-34,1.8965783504e-28,7.2452038865e-09,7.2452038865e-09,7.2452038865e-09,7.2452038865e-09,1.7201583912e-69,2.0578052129e-58,5.1048202187e-29,0.00024018091018,0.00024018091018,0.00024018091018,0.00024018091018,9.9577261352e-27,1.3129315512e-73,8.251720856e-36,5.6777600643e-16,3.3834722301e-65,6.2846426134e-70,4.7669343358e-19,6.3662391953e-28,4.5600423107e-06,4.5600423107e-06,4.5600423107e-06,4.5600423107e-06,0.74194034406,0.74194034406,0.74194034406,0.74194034406,1.1277594393e-12,7.8347125647e-09,7.8347125647e-09,7.8347125647e-09,7.8347125647e-09,1.9534830789e-19,2.5373776871e-05,2.5373776871e-05,2.5373776871e-05,2.5373776871e-05
4130,4.8505170269e-06,4.8505170269e-06,4.8505170269e-06,4.8505170269e-06,8.3351698999e-40,1.7201263782e-29,1.3900034513e-24,1.3900034513e-24,1.3900034513e-24,1.3900034513e-24,3.7928220799e-48,7.4387617656e-44,1.4499489873e-69,5.2705476126e-34,1.8644933339e-28,7.2530396278e-09,7.2530396278e-09,7.2530396278e-09,7.2530396278e-09,1.4474136626e-69,1.8272100122e-58,5.0126341137e-29,0.00024045860186,0.00024045860186,0.00024045860186,0.00024045860186,9.8215959242e-27,1.0811305889e-73,7.9700992102e-36,5.672629662e-16,2.9092941623e-65,5.2762394799e-70,4.7516029036e-19,6.2650568914e-28,4.565297838e-06,4.565297838e-06,4.565297838e-06,4.565297838e-06,0.74279763807,0.74279763807,0.74279763807,0.74279763807,1.128324213e-12,7.8432041558e-09,7.8432041558e-09,7.8432041558e-09,7.8432041558e-09,1.9464977018e-19,2.5403087907e-05,2.5403087907e-05,2.5403087907e-05,2.5403087907e-05
4135,4.856108127e-06,4.856108127e-06,4.856108127e-06,4.856108127e-06,7.9571103016e-40,1.6875159876e-29,1.3760423506e-24,1.3760423506e-24,1.3760423506e-24,1.3760423506e-24,3.5168870446e-48,7.006778284e-44,1.2201196909e-69,5.1159446168e-34,1.833055914e-28,7.2608891555e-09,7.2608891555e-09,7.2608891555e-09,7.2608891555e-09,1.217981699e-69,1.6226066078e-58,4.9224048666e-29,0.00024073661526,0.00024073661526,0.00024073661526,0.00024073661526,9.6878160677e-27,8.9028447653e-74,7.6987232806e-36,5.6675715869e-16,2.5017531859e-65,4.4298739416e-70,4.736422058e-19,6.1658228161e-28,4.570559655e-06,4.570559655e-06,4.570559655e-06,4.570559655e-06,0.74365592191,0.74365592191,0.74365592191,0.74365592191,1.1288945811e-12,7.8517105381e-09,7.8517105381e-09,7.8517105381e-09,7.8517105381e-09,1.9395813238e-19,2.5432433238e-05,2.5432433238e-05,2.5432433238e-05,2.5432433238e-05
4140,4.8617059094e-06,4.8617059094e-06,4.8617059094e-06,4.8617059094e-06,7.5968995673e-40,1.6556246678e-29,1.3622785885e-24,1.3622785885e-24,1.3622785885e-24,1.3622785885e-24,3.2613620653e-48,6.6005365943e-44,1.0267767096e-69,4.9662573108e-34,1.8022512865e-28,7.2687524439e-09,7.2687524439e-09,7.2687524439e-09,7.2687524439e-09,1.0249736872e-69,1.4410483588e-58,4.8340857703e-29,0.00024101495073,0.00024101495073,0.00024101495073,0.00024101495073,9.5563395061e-27,7.3315199326e-74,7.4371988669e-36,5.6625852618e-16,2.1514590296e-65,3.7194710742e-70,4.7213901776e-19,6.0684941848e-28,4.5758277667e-06,4.5758277667e-06,4.5758277667e-06,4.5758277667e-06,0.74451519675,0.74451519675,0.74451519675,0.74451519675,1.1294705134e-12,7.860231685e-09,7.860231685e-09,7.860231685e-09,7.860231685e-09,1.9327331768e-19,2.54618129e-05,2.54618129e-05,2.54618129e-05,2.54618129e-05
4145,4.8673103793e-06,4.8673103793e-06,4.8673103793e-06,4.8673103793e-06,7.2536634354e-40,1.6244346871e-29,1.3487088332e-24,1.3487088332e-24,1.3487088332e-24,1.3487088332e-24,3.0247131852e-48,6.2184648771e-44,8.6411876234e-70,4.821318352e-34,1.7720650207e-28,7.2766294678e-09,7.2766294678e-09,7.2766294678e-09,7.2766294678e-09,8.6259814913e-70,1.2799245856e-58,4.7476313437e-29,0.00024129360864,0.00024129360864,0.00024129360864,0.00024129360864,9.4271202378e-27,6.0377316871e-74,7.1851477125e-36,5.6576701161e-16,1.8503482656e-65,3.1231579304e-70,4.7065056627e-19,5.9730292557e-28,4.5811021776e-06,4.5811021776e-06,4.5811021776e-06,4.5811021776e-06,0.74537546371,0.74537546371,0.74537546371,0.74537546371,1.1300519804e-12,7.86876757e-09,7.86876757e-09,7.86876757e-09,7.86876757e-09,1.9259525032e-19,2.5491226928e-05,2.5491226928e-05,2.5491226928e-05,2.5491226928e-05
4150,4.8729215417e-06,4.8729215417e-06,4.8729215417e-06,4.8729215417e-06,6.926571951e-40,1.5939287932e-29,1.3353298176e-24,1.3353298176e-24,1.3353298176e-24,1.3353298176e-24,2.8055235248e-48,5.8590895367e-44,7.2726838191e-70,4.6809664445e-34,1.74248305e-28,7.2845202022e-09,7.2845202022e-09,7.2845202022e-09,7.2845202022e-09,7.2598587711e-70,1.1369220492e-58,4.6629972964e-29,0.00024157258935,0.00024157258935,0.00024157258935,0.00024157258935,9.3001132926e-27,4.972424157e-74,6.9422068301e-36,5.6528255854e-16,1.5914963205e-65,2.6225854219e-70,4.6917669351e-19,5.8793873025e-28,4.5863828925e-06,4.5863828925e-06,4.5863828925e-06,4.5863828925e-06,0.74623672394,0.74623672394,0.74623672394,0.74623672394,1.1306389526e-12,7.8773181669e-09,7.8773181669e-09,7.8773181669e-09,7.8773181669e-09,1.9192385557e-19,2.5520675354e-05,2.5520675354e-05,2.5520675354e-05,2.5520675354e-05
4155,4.8785394018e-06,4.8785394018e-06,4.8785394018e-06,4.8785394018e-06,6.6148371481e-40,1.5640901983e-29,1.3221383374e-24,1.3221383374e-24,1.3221383374e-24,1.3221383374e-24,2.6024842122e-48,5.5210289262e-44,6.1212457878e-70,4.5450461091e-34,1.7134916612e-28,7.2924246225e-09,7.2924246225e-09,7.2924246225e-09,7.2924246225e-09,6.1104284145e-70,1.0099908725e-58,4.5801404948e-29,0.00024185189323,0.00024185189323,0.00024185189323,0.00024185189323,9.1752747063e-27,4.0952186313e-74,6.7080278568e-36,5.6480511115e-16,1.3689561924e-65,2.202359792e-70,4.6771724376e-19,5.7875285868e-28,4.5916699162e-06,4.5916699162e-06,4.5916699162e-06,4.5916699162e-06,0.74709897859,0.74709897859,0.74709897859,0.74709897859,1.1312314008e-12,7.88588345e-09,7.88588345e-09,7.88588345e-09,7.88588345e-09,1.9125905974e-19,2.5550158214e-05,2.5550158214e-05,2.5550158214e-05,2.5550158214e-05
4160,4.8841639646e-06,4.8841639646e-06,4.8841639646e-06,4.8841639646e-06,6.3177108562e-40,1.5349025662e-29,1.3091312504e-24,1.3091312504e-24,1.3091312504e-24,1.3091312504e-24,2.4143860254e-48,5.2029874825e-44,5.1523903916e-70,4.4134074619e-34,1.6850774851e-28,7.3003427044e-09,7.3003427044e-09,7.3003427044e-09,7.3003427044e-09,5.1432659306e-70,8.9731438712e-59,4.4990189299e-29,0.00024213152063,0.00024213152063,0.00024213152063,0.00024213152063,9.0525614963e-27,3.3728776002e-74,6.4822764369e-36,5.6433461425e-16,1.1776200691e-65,1.8495659447e-70,4.6627206339e-19,5.6974143328e-28,4.5969632536e-06,4.5969632536e-06,4.5969632536e-06,4.5969632536e-06,0.7479622288,0.7479622288,0.7479622288,0.7479622288,1.1318292963e-12,7.894463394e-09,7.894463394e-09,7.894463394e-09,7.894463394e-09,1.9060079013e-19,2.5579675543e-05,2.5579675543e-05,2.5579675543e-05,2.5579675543e-05
4165,4.8897952356e-06,4.8897952356e-06,4.8897952356e-06,4.8897952356e-06,6.034482626e-40,1.5063499992e-29,1.2963054747e-24,1.2963054747e-24,1.2963054747e-24,1.2963054747e-24,2.2401116923e-48,4.9037502426e-44,4.3371209197e-70,4.2859060019e-34,1.6572274874e-28,7.308274424e-09,7.308274424e-09,7.308274424e-09,7.308274424e-09,4.3294240313e-70,7.9728245278e-59,4.4195916853e-29,0.00024241147193,0.00024241147193,0.00024241147193,0.00024241147193,8.9319316371e-27,2.7780408771e-74,6.2646316334e-36,5.6387101322e-16,1.0131005893e-65,1.5533677648e-70,4.6484100078e-19,5.6090067011e-28,4.6022629094e-06,4.6022629094e-06,4.6022629094e-06,4.6022629094e-06,0.74882647572,0.74882647572,0.74882647572,0.74882647572,1.1324326104e-12,7.9030579738e-09,7.9030579738e-09,7.9030579738e-09,7.9030579738e-09,1.8994897504e-19,2.5609227374e-05,2.5609227374e-05,2.5609227374e-05,2.5609227374e-05
4170,4.8954332199e-06,4.8954332199e-06,4.8954332199e-06,4.8954332199e-06,5.7644777653e-40,1.478417025e-29,1.2836579877e-24,1.2836579877e-24,1.2836579877e-24,1.2836579877e-24,2.0786287927e-48,4.6221777175e-44,3.651052836e-70,4.1624024072e-34,1.6299289589e-28,7.3162197577e-09,7.3162197577e-09,7.3162197577e-09,7.3162197577e-09,3.644559831e-70,7.0846784498e-59,4.3418189059e-29,0.00024269174749,0.00024269174749,0.00024269174749,0.00024269174749,8.8133440369e-27,2.2881855676e-74,6.0547853634e-36,5.6341425406e-16,8.7162894801e-66,1.3046729792e-70,4.6342390637e-19,5.5222687643e-28,4.6075688885e-06,4.6075688885e-06,4.6075688885e-06,4.6075688885e-06,0.74969172051,0.74969172051,0.74969172051,0.74969172051,1.1330413148e-12,7.9116671648e-09,7.9116671648e-09,7.9116671648e-09,7.9116671648e-09,1.8930354375e-19,2.5638813744e-05,2.5638813744e-05,2.5638813744e-05,2.5638813744e-05
4175,4.9010779227e-06,4.9010779227e-06,4.9010779227e-06,4.9010779227e-06,5.5070554815e-40,1.4510885845e-29,1.2711858245e-24,1.2711858245e-24,1.2711858245e-24,1.2711858245e-24,1.9289832173e-48,4.3572010982e-44,3.0736790484e-70,4.0427623388e-34,1.6031695075e-28,7.324178682e-09,7.324178682e-09,7.324178682e-09,7.324178682e-09,3.0682013408e-70,6.2960535808e-59,4.265661769e-29,0.00024297234768,0.00024297234768,0.00024297234768,0.00024297234768,8.696758515e-27,1.884770213e-74,5.8524418597e-36,5.6296428336e-16,7.4996745296e-66,1.0958521202e-70,4.6202063254e-19,5.4371644832e-28,4.612881196e-06,4.612881196e-06,4.612881196e-06,4.612881196e-06,0.7505579643,0.7505579643,0.7505579643,0.7505579643,1.1336553813e-12,7.9202909426e-09,7.9202909426e-09,7.9202909426e-09,7.9202909426e-09,1.8866442648e-19,2.5668434687e-05,2.5668434687e-05,2.5668434687e-05,2.5668434687e-05
4180,4.9067293495e-06,4.9067293495e-06,4.9067293495e-06,4.9067293495e-06,5.2616071222e-40,1.42435002e-29,1.2588860769e-24,1.2588860769e-24,1.2588860769e-24,1.2588860769e-24,1.7902931382e-48,4.1078177736e-44,2.587752402e-70,3.9268562531e-34,1.5769370489e-28,7.3321511742e-09,7.3321511742e-09,7.3321511742e-09,7.3321511742e-09,2.5831309917e-70,5.5957330873e-59,4.1910824543e-29,0.00024325327286,0.00024325327286,0.00024325327286,0.00024325327286,8.5821357793e-27,1.552530469e-74,5.6573171556e-36,5.6252104829e-16,6.453344753e-66,9.2050284514e-71,4.6063103364e-19,5.3536586829e-28,4.6181998367e-06,4.6181998367e-06,4.6181998367e-06,4.6181998367e-06,0.75142520826,0.75142520826,0.75142520826,0.75142520826,1.1342747823e-12,7.9289292832e-09,7.9289292832e-09,7.9289292832e-09,7.9289292832e-09,1.8803155443e-19,2.5698090237e-05,2.5698090237e-05,2.5698090237e-05,2.5698090237e-05
4185,4.9123875056e-06,4.9123875056e-06,4.9123875056e-06,4.9123875056e-06,5.0275545109e-40,1.3981870636e-29,1.2467558923e-24,1.2467558923e-24,1.2467558923e-24,1.2467558923e-24,1.6617434494e-48,3.8730871378e-44,2.1787666639e-70,3.8145592208e-34,1.5512197987e-28,7.3401372115e-09,7.3401372115e-09,7.3401372115e-09,7.3401372115e-09,2.1748674886e-70,4.973771628e-59,4.1180441165e-29,0.0002435345234,0.0002435345234,0.0002435345234,0.0002435345234,8.4694374048e-27,1.2788994703e-74,5.4691385915e-36,5.6208449658e-16,5.5534003405e-66,7.7325228221e-71,4.5925496594e-19,5.2717170309e-28,4.6235248157e-06,4.6235248157e-06,4.6235248157e-06,4.6235248157e-06,0.75229345353,0.75229345353,0.75229345353,0.75229345353,1.1348994901e-12,7.9375821629e-09,7.9375821629e-09,7.9375821629e-09,7.9375821629e-09,1.8740485969e-19,2.5727780431e-05,2.5727780431e-05,2.5727780431e-05,2.5727780431e-05
4190,4.9180523964e-06,4.9180523964e-06,4.9180523964e-06,4.9180523964e-06,4.8043483713e-40,1.3725858261e-29,1.2347924722e-24,1.2347924722e-24,1.2347924722e-24,1.2347924722e-24,1.5425806428e-48,3.6521266697e-44,1.8345202671e-70,3.7057507536e-34,1.526006264e-28,7.3481367715e-09,7.3481367715e-09,7.3481367715e-09,7.3481367715e-09,1.8312302848e-70,4.4213504057e-59,4.0465108579e-29,0.00024381609968,0.00024381609968,0.00024381609968,0.00024381609968,8.3586258124e-27,1.0535307918e-74,5.2876443437e-36,5.6165457654e-16,4.779305032e-66,6.4959125821e-71,4.5789228761e-19,5.1913060145e-28,4.6288561379e-06,4.6288561379e-06,4.6288561379e-06,4.6288561379e-06,0.75316270127,0.75316270127,0.75316270127,0.75316270127,1.1355294774e-12,7.9462495585e-09,7.9462495585e-09,7.9462495585e-09,7.9462495585e-09,1.8678427529e-19,2.5757505303e-05,2.5757505303e-05,2.5757505303e-05,2.5757505303e-05
4195,4.9237240274e-06,4.9237240274e-06,4.9237240274e-06,4.9237240274e-06,4.5914668353e-40,1.3475327856e-29,1.2229930711e-24,1.2229930711e-24,1.2229930711e-24,1.2229930711e-24,1.4321080821e-48,3.4441082648e-44,1.544749596e-70,3.6003146376e-34,1.5012852358e-28,7.3561498323e-09,7.3561498323e-09,7.3561498323e-09,7.3561498323e-09,1.5419734846e-70,3.9306488357e-59,3.9764477018e-29,0.00024409800205,0.00024409800205,0.00024409800205,0.00024409800205,8.2496642487e-27,8.6790583358e-75,5.1125829736e-36,5.6123123703e-16,4.1134114606e-66,5.4573525802e-71,4.5654285865e-19,5.1123929196e-28,4.6341938085e-06,4.6341938085e-06,4.6341938085e-06,4.6341938085e-06,0.75403295264,0.75403295264,0.75403295264,0.75403295264,1.1361647172e-12,7.9549314469e-09,7.9549314469e-09,7.9549314469e-09,7.9549314469e-09,1.8616973516e-19,2.5787264888e-05,2.5787264888e-05,2.5787264888e-05,2.5787264888e-05
4200,4.9294024039e-06,4.9294024039e-06,4.9294024039e-06,4.9294024039e-06,4.3884140306e-40,1.3230147779e-29,1.2113549958e-24,1.2113549958e-24,1.2113549958e-24,1.2113549958e-24,1.3296816451e-48,3.2482548039e-44,1.3008207133e-70,3.4981387733e-34,1.4770457812e-28,7.3641763722e-09,7.3641763722e-09,7.3641763722e-09,7.3641763722e-09,1.2984780882e-70,3.4947309148e-59,3.907820567e-29,0.00024438023088,0.00024438023088,0.00024438023088,0.00024438023088,8.1425167656e-27,7.1501067792e-75,4.9437129965e-36,5.6081442749e-16,3.5405536602e-66,4.585077993e-71,4.5520654093e-19,5.0349458099e-28,4.6395378325e-06,4.6395378325e-06,4.6395378325e-06,4.6395378325e-06,0.75490420879,0.75490420879,0.75490420879,0.75490420879,1.1368051827e-12,7.9636278056e-09,7.9636278056e-09,7.9636278056e-09,7.9636278056e-09,1.8556117411e-19,2.5817059223e-05,2.5817059223e-05,2.5817059223e-05,2.5817059223e-05
4205,4.9350875315e-06,4.9350875315e-06,4.9350875315e-06,4.9350875315e-06,4.1947187429e-40,1.2990189852e-29,1.1998756038e-24,1.1998756038e-24,1.1998756038e-24,1.1998756038e-24,1.2347057053e-48,3.0638369436e-44,1.0954701983e-70,3.3991150219e-34,1.4532772361e-28,7.3722163697e-09,7.3722163697e-09,7.3722163697e-09,7.3722163697e-09,1.0934932686e-70,3.107444598e-59,3.8405962428e-29,0.00024466278655,0.00024466278655,0.00024466278655,0.00024466278655,8.0371482012e-27,5.8907011631e-75,4.7808024682e-36,5.6040409786e-16,3.0476972062e-66,3.8524260357e-71,4.538831981e-19,4.9589335068e-28,4.6448882151e-06,4.6448882151e-06,4.6448882151e-06,4.6448882151e-06,0.75577647088,0.75577647088,0.75577647088,0.75577647088,1.1374508473e-12,7.9723386121e-09,7.9723386121e-09,7.9723386121e-09,7.9723386121e-09,1.8495852783e-19,2.5846888343e-05,2.5846888343e-05,2.5846888343e-05,2.5846888343e-05
4210,4.9407794158e-06,4.9407794158e-06,4.9407794158e-06,4.9407794158e-06,4.0099331502e-40,1.2755329272e-29,1.1885523022e-24,1.1885523022e-24,1.1885523022e-24,1.1885523022e-24,1.1466294245e-48,2.8901701121e-44,9.2258726236e-71,3.303139057e-34,1.4299691979e-28,7.3802698037e-09,7.3802698037e-09,7.3802698037e-09,7.3802698037e-09,9.2091885459e-71,2.7633326859e-59,3.774742365e-29,0.00024494566943,0.00024494566943,0.00024494566943,0.00024494566943,7.9335241606e-27,4.8532872522e-75,4.6236285913e-36,5.6000019866e-16,2.6236388174e-66,3.2370152987e-71,4.5257269561e-19,4.8843255695e-28,4.6502449614e-06,4.6502449614e-06,4.6502449614e-06,4.6502449614e-06,0.75664974007,0.75664974007,0.75664974007,0.75664974007,1.1381016846e-12,7.9810638444e-09,7.9810638444e-09,7.9810638444e-09,7.9810638444e-09,1.8436173286e-19,2.5876752283e-05,2.5876752283e-05,2.5876752283e-05,2.5876752283e-05
4215,4.9464780623e-06,4.9464780623e-06,4.9464780623e-06,4.9464780623e-06,3.8336316224e-40,1.2525444508e-29,1.1773825472e-24,1.1773825472e-24,1.1773825472e-24,1.1773825472e-24,1.0649433339e-48,2.7266116983e-44,7.7703055653e-71,3.2101102237e-34,1.4071115187e-28,7.3883366535e-09,7.3883366535e-09,7.3883366535e-09,7.3883366535e-09,7.7562244933e-71,2.4575538976e-59,3.7102273926e-29,0.00024522887989,0.00024522887989,0.00024522887989,0.00024522887989,7.8316109975e-27,3.998706616e-75,4.4719773363e-36,5.5960268091e-16,2.2587484072e-66,2.7200572776e-71,4.5127490065e-19,4.8110922761e-28,4.6556080766e-06,4.6556080766e-06,4.6556080766e-06,4.6556080766e-06,0.75752401752,0.75752401752,0.75752401752,0.75752401752,1.1387576687e-12,7.989803481e-09,7.989803481e-09,7.989803481e-09,7.989803481e-09,1.837707266e-19,2.590665108e-05,2.590665108e-05,2.590665108e-05,2.590665108e-05
4220,4.9521834766e-06,4.9521834766e-06,4.9521834766e-06,4.9521834766e-06,3.6654095859e-40,1.2300417213e-29,1.1663638426e-24,1.1663638426e-24,1.1663638426e-24,1.1663638426e-24,9.8917617954e-49,2.5725584221e-44,6.5447413927e-71,3.119931401e-34,1.3846942981e-28,7.3964168985e-09,7.3964168985e-09,7.3964168985e-09,7.3964168985e-09,6.5328565959e-71,2.1858129604e-59,3.6470205846e-29,0.00024551241829,0.00024551241829,0.00024551241829,0.00024551241829,7.7313757966e-27,3.2947132517e-75,4.325643081e-36,5.5921149618e-16,1.9447475699e-66,2.2857787712e-71,4.4998968213e-19,4.7392046052e-28,4.660977566e-06,4.660977566e-06,4.660977566e-06,4.660977566e-06,0.7583993044,0.7583993044,0.7583993044,0.7583993044,1.1394187737e-12,7.9985575003e-09,7.9985575003e-09,7.9985575003e-09,7.9985575003e-09,1.8318544727e-19,2.5936584769e-05,2.5936584769e-05,2.5936584769e-05,2.5936584769e-05
4225,4.9578956644e-06,4.9578956644e-06,4.9578956644e-06,4.9578956644e-06,3.5048824471e-40,1.208013213e-29,1.1554937389e-24,1.1554937389e-24,1.1554937389e-24,1.1554937389e-24,9.1889201217e-49,2.4274438714e-44,5.5127795551e-71,3.0325088718e-34,1.3627078773e-28,7.4045105186e-09,7.4045105186e-09,7.4045105186e-09,7.4045105186e-09,5.5027479522e-71,1.9442986782e-59,3.5850919785e-29,0.00024579628502,0.00024579628502,0.00024579628502,0.00024579628502,7.6327863555e-27,2.7147524818e-75,4.184428264e-36,5.5882659653e-16,1.6745193413e-66,1.9209372696e-71,4.4871691068e-19,4.6686342173e-28,4.6663534349e-06,4.6663534349e-06,4.6663534349e-06,4.6663534349e-06,0.75927560186,0.75927560186,0.75927560186,0.75927560186,1.1400849739e-12,8.0073258815e-09,8.0073258815e-09,8.0073258815e-09,8.0073258815e-09,1.8260583393e-19,2.5966553386e-05,2.5966553386e-05,2.5966553386e-05,2.5966553386e-05
4230,4.9636146314e-06,4.9636146314e-06,4.9636146314e-06,4.9636146314e-06,3.3516845731e-40,1.1864477005e-29,1.1447698322e-24,1.1447698322e-24,1.1447698322e-24,1.1447698322e-24,8.536875016e-49,2.2907361984e-44,4.643789206e-71,2.9477521962e-34,1.3411428319e-28,7.4126174938e-09,7.4126174938e-09,7.4126174938e-09,7.4126174938e-09,4.6353213896e-71,1.7296290647e-59,3.5244123685e-29,0.00024608048043,0.00024608048043,0.00024608048043,0.00024608048043,7.5358111682e-27,2.2369557198e-75,4.0481430539e-36,5.5844793456e-16,1.441944807e-66,1.614414339e-71,4.4745645858e-19,4.5993534379e-28,4.6717356884e-06,4.6717356884e-06,4.6717356884e-06,4.6717356884e-06,0.76015291107,0.76015291107,0.76015291107,0.76015291107,1.1407562441e-12,8.0161086036e-09,8.0161086036e-09,8.0161086036e-09,8.0161086036e-09,1.8203182642e-19,2.5996556967e-05,2.5996556967e-05,2.5996556967e-05,2.5996556967e-05
4235,4.9693403831e-06,4.9693403831e-06,4.9693403831e-06,4.9693403831e-06,3.2054683262e-40,1.1653342506e-29,1.1341897636e-24,1.1341897636e-24,1.1341897636e-24,1.1341897636e-24,7.9318945873e-49,2.1619359618e-44,3.9119932621e-71,2.8655740908e-34,1.3199899662e-28,7.4207378045e-09,7.4207378045e-09,7.4207378045e-09,7.4207378045e-09,3.9048450893e-71,1.5388027305e-59,3.464953285e-29,0.00024636500491,0.00024636500491,0.00024636500491,0.00024636500491,7.4404194083e-27,1.8433129156e-75,3.9166050323e-36,5.5807546336e-16,1.2417627585e-66,1.3568744329e-71,4.4620819976e-19,4.53133524e-28,4.677124332e-06,4.677124332e-06,4.677124332e-06,4.677124332e-06,0.76103123321,0.76103123321,0.76103123321,0.76103123321,1.141432559e-12,8.0249056463e-09,8.0249056463e-09,8.0249056463e-09,8.0249056463e-09,1.814633654e-19,2.6026595549e-05,2.6026595549e-05,2.6026595549e-05,2.6026595549e-05
4240,4.9750729255e-06,4.9750729255e-06,4.9750729255e-06,4.9750729255e-06,3.0659031483e-40,1.1446622136e-29,1.1237512181e-24,1.1237512181e-24,1.1237512181e-24,1.1237512181e-24,7.3705254848e-49,2.040574107e-44,3.2956980917e-71,2.7858903123e-34,1.2992403071e-28,7.4288714315e-09,7.4288714315e-09,7.4288714315e-09,7.4288714315e-09,3.2896635933e-71,1.3691558069e-59,3.4066869744e-29,0.00024664985883,0.00024664985883,0.00024664985883,0.00024664985883,7.3465809125e-27,1.5189912519e-75,3.7896388904e-36,5.5770913652e-16,1.0694491378e-66,1.140478587e-71,4.449720098e-19,4.4645532277e-28,4.682519371e-06,4.682519371e-06,4.682519371e-06,4.682519371e-06,0.76191056943,0.76191056943,0.76191056943,0.76191056943,1.1421138938e-12,8.0337169896e-09,8.0337169896e-09,8.0337169896e-09,8.0337169896e-09,1.809003923e-19,2.6056669167e-05,2.6056669167e-05,2.6056669167e-05,2.6056669167e-05
4245,4.9808122643e-06,4.9808122643e-06,4.9808122643e-06,4.9808122643e-06,2.932674694e-40,1.1244212157e-29,1.1134519235e-24,1.1134519235e-24,1.1134519235e-24,1.1134519235e-24,6.8495717881e-49,1.9262100751e-44,2.7766456414e-71,2.7086195454e-34,1.278885098e-28,7.4370183556e-09,7.4370183556e-09,7.4370183556e-09,7.4370183556e-09,2.7715510445e-71,1.2183237729e-59,3.3495863794e-29,0.00024693504257,0.00024693504257,0.00024693504257,0.00024693504257,7.2542661655e-27,1.2517742253e-75,3.6670761389e-36,5.5734890812e-16,9.2111347306e-67,9.586441555e-72,4.4374776584e-19,4.3989816202e-28,4.6879208108e-06,4.6879208108e-06,4.6879208108e-06,4.6879208108e-06,0.76279092091,0.76279092091,0.76279092091,0.76279092091,1.1428002238e-12,8.0425426135e-09,8.0425426135e-09,8.0425426135e-09,8.0425426135e-09,1.8034284933e-19,2.6086777859e-05,2.6086777859e-05,2.6086777859e-05,2.6086777859e-05
4250,4.9865584052e-06,4.9865584052e-06,4.9865584052e-06,4.9865584052e-06,2.8054840093e-40,1.1046011509e-29,1.1032896495e-24,1.1032896495e-24,1.1032896495e-24,1.1032896495e-24,6.3660755218e-49,1.8184300322e-44,2.3394685112e-71,2.6336832955e-34,1.2589157933e-28,7.4451785582e-09,7.4451785582e-09,7.4451785582e-09,7.4451785582e-09,2.3351671989e-71,1.0842076233e-59,3.2936251202e-29,0.00024722055649,0.00024722055649,0.00024722055649,0.00024722055649,7.1634462841e-27,1.0315998269e-75,3.5487548296e-36,5.5699473273e-16,7.9340990329e-67,8.0584317648e-72,4.4253534664e-19,4.3345952359e-28,4.6933286568e-06,4.6933286568e-06,4.6933286568e-06,4.6933286568e-06,0.76367228881,0.76367228881,0.76367228881,0.76367228881,1.1434915244e-12,8.0513824985e-09,8.0513824985e-09,8.0513824985e-09,8.0513824985e-09,1.7979067945e-19,2.611692166e-05,2.611692166e-05,2.611692166e-05,2.611692166e-05
4255,4.9923113541e-06,4.9923113541e-06,4.9923113541e-06,4.9923113541e-06,2.6840467521e-40,1.0851921739e-29,1.0932622074e-24,1.0932622074e-24,1.0932622074e-24,1.0932622074e-24,5.9172986665e-49,1.7168452105e-44,1.9712315947e-71,2.5610057854e-34,1.239324053e-28,7.4533520207e-09,7.4533520207e-09,7.4533520207e-09,7.4533520207e-09,1.9675998557e-71,9.6494388316e-60,3.2387774758e-29,0.00024750640097,0.00024750640097,0.00024750640097,0.00024750640097,7.0740930028e-27,8.501802997e-76,3.4345192894e-36,5.5664656541e-16,6.8346073205e-67,6.7743314431e-72,4.4133463247e-19,4.2713694771e-28,4.6987429144e-06,4.6987429144e-06,4.6987429144e-06,4.6987429144e-06,0.76455467431,0.76455467431,0.76455467431,0.76455467431,1.1441877716e-12,8.0602366255e-09,8.0602366255e-09,8.0602366255e-09,8.0602366255e-09,1.7924382638e-19,2.6147100608e-05,2.6147100608e-05,2.6147100608e-05,2.6147100608e-05
4260,4.9980711169e-06,4.9980711169e-06,4.9980711169e-06,4.9980711169e-06,2.5680924548e-40,1.0661846926e-29,1.0833674484e-24,1.0833674484e-24,1.0833674484e-24,1.0833674484e-24,5.5007065498e-49,1.6210903554e-44,1.6610465108e-71,2.4905138556e-34,1.2201017368e-28,7.461538725e-09,7.461538725e-09,7.461538725e-09,7.461538725e-09,1.6579799556e-71,8.5887802649e-60,3.1850183665e-29,0.0002477925764,0.0002477925764,0.0002477925764,0.0002477925764,6.9861786586e-27,7.006890537e-76,3.3242198656e-36,5.5630436168e-16,5.88790741e-67,5.6951497473e-72,4.4014550516e-19,4.2092803154e-28,4.7041635892e-06,4.7041635892e-06,4.7041635892e-06,4.7041635892e-06,0.76543807858,0.76543807858,0.76543807858,0.76543807858,1.1448889413e-12,8.0691049755e-09,8.0691049755e-09,8.0691049755e-09,8.0691049755e-09,1.7870223456e-19,2.6177314738e-05,2.6177314738e-05,2.6177314738e-05,2.6177314738e-05
4265,5.0038376995e-06,5.0038376995e-06,5.0038376995e-06,5.0038376995e-06,2.457363824e-40,1.0475693608e-29,1.0736032636e-24,1.0736032636e-24,1.0736032636e-24,1.0736032636e-24,5.1139525111e-49,1.5308222706e-44,1.3997472497e-71,2.4221368689e-34,1.2012408993e-28,7.4697386532e-09,7.4697386532e-09,7.4697386532e-09,7.4697386532e-09,1.3971577883e-71,7.6454091279e-60,3.1323233363e-29,0.00024807908313,0.00024807908313,0.00024807908313,0.00024807908313,6.8996761772e-27,5.7750286766e-76,3.2177126813e-36,5.5596807752e-16,5.0727074473e-67,4.7881378619e-72,4.3896784803e-19,4.1483042774e-28,4.7095906866e-06,4.7095906866e-06,4.7095906866e-06,4.7095906866e-06,0.7663225028,0.7663225028,0.7663225028,0.7663225028,1.1455950096e-12,8.07798753e-09,8.07798753e-09,8.07798753e-09,8.07798753e-09,1.7816584917e-19,2.6207564089e-05,2.6207564089e-05,2.6207564089e-05,2.6207564089e-05
4270,5.0096111077e-06,5.0096111077e-06,5.0096111077e-06,5.0096111077e-06,2.3516160779e-40,1.0293370721e-29,1.0639675823e-24,1.0639675823e-24,1.0639675823e-24,1.0639675823e-24,4.7548637391e-49,1.4457184551e-44,1.1796173001e-71,2.3558066184e-34,1.182733785e-28,7.4779517876e-09,7.4779517876e-09,7.4779517876e-09,7.4779517876e-09,1.1774305932e-71,6.8062789552e-60,3.0806685359e-29,0.00024836592156,0.00024836592156,0.00024836592156,0.00024836592156,6.8145590592e-27,4.7598960856e-76,3.1148594026e-36,5.5563766939e-16,4.3706908316e-67,4.0257882724e-72,4.3780154588e-19,4.0884184301e-28,4.7150242121e-06,4.7150242121e-06,4.7150242121e-06,4.7150242121e-06,0.76720794814,0.76720794814,0.76720794814,0.76720794814,1.146305953e-12,8.0868842705e-09,8.0868842705e-09,8.0868842705e-09,8.0868842705e-09,1.7763461611e-19,2.6237848696e-05,2.6237848696e-05,2.6237848696e-05,2.6237848696e-05
4275,5.0153913477e-06,5.0153913477e-06,5.0153913477e-06,5.0153913477e-06,2.2506163167e-40,1.0114789522e-29,1.0544583721e-24,1.0544583721e-24,1.0544583721e-24,1.0544583721e-24,4.4214281931e-49,1.3654758262e-44,9.9416007381e-72,2.2914572392e-34,1.1645728227e-28,7.4861781109e-09,7.4861781109e-09,7.4861781109e-09,7.4861781109e-09,9.9231338289e-72,6.0598029831e-60,3.0300307067e-29,0.00024865309206,0.00024865309206,0.00024865309206,0.00024865309206,6.7308013664e-27,3.923334256e-76,3.0155270137e-36,5.5531309421e-16,3.7660993238e-67,3.3849947062e-72,4.36646485e-19,4.0296003679e-28,4.7204641715e-06,4.7204641715e-06,4.7204641715e-06,4.7204641715e-06,0.76809441577,0.76809441577,0.76809441577,0.76809441577,1.1470217482e-12,8.095795179e-09,8.095795179e-09,8.095795179e-09,8.095795179e-09,1.7710848195e-19,2.6268168596e-05,2.6268168596e-05,2.6268168596e-05,2.6268168596e-05
4280,5.0211784253e-06,5.0211784253e-06,5.0211784253e-06,5.0211784253e-06,2.154142927e-40,9.9398635361e-30,1.0450736375e-24,1.0450736375e-24,1.0450736375e-24,1.0450736375e-24,4.1117825222e-49,1.2898095238e-44,8.3790574672e-72,2.2290251235e-34,1.1467506217e-28,7.4944176059e-09,7.4944176059e-09,7.4944176059e-09,7.4944176059e-09,8.3634612122e-72,5.3956898899e-60,2.9803871646e-29,0.000248940595,0.000248940595,0.000248940595,0.000248940595,6.648377709e-27,3.2339079851e-76,2.9195876033e-36,5.5499430933e-16,3.2453747285e-67,2.8463469101e-72,4.3550255307e-19,3.971828199e-28,4.7259105701e-06,4.7259105701e-06,4.7259105701e-06,4.7259105701e-06,0.76898190689,0.76898190689,0.76898190689,0.76898190689,1.1477423719e-12,8.1047202378e-09,8.1047202378e-09,8.1047202378e-09,8.1047202378e-09,1.76587394e-19,2.6298523828e-05,2.6298523828e-05,2.6298523828e-05,2.6298523828e-05
4285,5.0269723465e-06,5.0269723465e-06,5.0269723465e-06,5.0269723465e-06,2.0619850159e-40,9.7685084839e-30,1.0358114195e-24,1.0358114195e-24,1.0358114195e-24,1.0358114195e-24,3.824200906e-49,1.2184517885e-44,7.0624873132e-72,2.1684488384e-34,1.1292599663e-28,7.5026702559e-09,7.5026702559e-09,7.5026702559e-09,7.5026702559e-09,7.0493147915e-72,4.8047981258e-60,2.9317157846e-29,0.00024922843076,0.00024922843076,0.00024922843076,0.00024922843076,6.5672632323e-27,2.6657199038e-76,2.8269181585e-36,5.5468127257e-16,2.7968508978e-67,2.3935385898e-72,4.3436963925e-19,3.9150805324e-28,4.7313634138e-06,4.7313634138e-06,4.7313634138e-06,4.7313634138e-06,0.76987042265,0.76987042265,0.76987042265,0.76987042265,1.1484678012e-12,8.1136594295e-09,8.1136594295e-09,8.1136594295e-09,8.1136594295e-09,1.7607130021e-19,2.6328914427e-05,2.6328914427e-05,2.6328914427e-05,2.6328914427e-05
4290,5.0327731175e-06,5.0327731175e-06,5.0327731175e-06,5.0327731175e-06,1.9739418754e-40,9.6006422272e-30,1.0266697945e-24,1.0266697945e-24,1.0266697945e-24,1.0266697945e-24,3.5570847463e-49,1.1511509119e-44,5.9531091543e-72,2.1096690478e-34,1.1120938114e-28,7.5109360443e-09,7.5109360443e-09,7.5109360443e-09,7.5109360443e-09,5.9419831303e-72,4.2790067162e-60,2.883994986e-29,0.00024951659973,0.00024951659973,0.00024951659973,0.00024951659973,6.4874336049e-27,2.1974341827e-76,2.7374003688e-36,5.5437394217e-16,2.4104889711e-67,2.0128703272e-72,4.3324763405e-19,3.8593364657e-28,4.736822708e-06,4.736822708e-06,4.736822708e-06,4.736822708e-06,0.77075996426,0.77075996426,0.77075996426,0.77075996426,1.1491980134e-12,8.1226127367e-09,8.1226127367e-09,8.1226127367e-09,8.1226127367e-09,1.7556014924e-19,2.6359340431e-05,2.6359340431e-05,2.6359340431e-05,2.6359340431e-05
4295,5.0385807444e-06,5.0385807444e-06,5.0385807444e-06,5.0385807444e-06,1.8898224733e-40,9.4361847074e-30,1.0176468739e-24,1.0176468739e-24,1.0176468739e-24,1.0176468739e-24,3.3089531416e-49,1.0876702516e-44,5.0182657608e-72,2.0526284362e-34,1.0952452785e-28,7.5192149548e-09,7.5192149548e-09,7.5192149548e-09,7.5192149548e-09,5.008867802e-72,3.8111006643e-60,2.8372037175e-29,0.00024980510228,0.00024980510228,0.00024980510228,0.00024980510228,6.408865006e-27,1.811472479e-76,2.650920437e-36,5.5407227681e-16,2.0776497641e-67,1.6928322184e-72,4.3213642937e-19,3.8045755725e-28,4.7422884586e-06,4.7422884586e-06,4.7422884586e-06,4.7422884586e-06,0.77165053289,0.77165053289,0.77165053289,0.77165053289,1.1499329859e-12,8.1315801427e-09,8.1315801427e-09,8.1315801427e-09,8.1315801427e-09,1.7505389038e-19,2.6389801877e-05,2.6389801877e-05,2.6389801877e-05,2.6389801877e-05
4300,5.0443952331e-06,5.0443952331e-06,5.0443952331e-06,5.0443952331e-06,1.8094449713e-40,9.2750578891e-30,1.0087408034e-24,1.0087408034e-24,1.0087408034e-24,1.0087408034e-24,3.078434087e-49,1.0277873087e-44,4.2304552795e-72,1.9972716365e-34,1.078707651e-28,7.5275069713e-09,7.5275069713e-09,7.5275069713e-09,7.5275069713e-09,4.2225165767e-72,3.3946692963e-60,2.7913214436e-29,0.0002500939388,0.0002500939388,0.0002500939388,0.0002500939388,6.3315341136e-27,1.4933517165e-76,2.5673688989e-36,5.5377623561e-16,1.7908980812e-67,1.4237534268e-72,4.3103591849e-19,3.7507778909e-28,4.7477606712e-06,4.7477606712e-06,4.7477606712e-06,4.7477606712e-06,0.77254212972,0.77254212972,0.77254212972,0.77254212972,1.1506726964e-12,8.1405616307e-09,8.1405616307e-09,8.1405616307e-09,8.1405616307e-09,1.7455247359e-19,2.6420298804e-05,2.6420298804e-05,2.6420298804e-05,2.6420298804e-05
4305,5.0502165899e-06,5.0502165899e-06,5.0502165899e-06,5.0502165899e-06,1.7326362674e-40,9.1171857047e-30,9.9994976184e-25,9.9994976184e-25,9.9994976184e-25,9.9994976184e-25,2.8642563409e-49,9.7129286216e-45,3.5665161293e-72,1.9435451593e-34,1.0624743704e-28,7.5358120781e-09,7.5358120781e-09,7.5358120781e-09,7.5358120781e-09,3.5598097516e-72,3.0240160766e-60,2.7463281302e-29,0.00025038310966,0.00025038310966,0.00025038310966,0.00025038310966,6.2554180934e-27,1.23113866e-76,2.48664045e-36,5.5348577809e-16,1.5438344621e-67,1.1975079094e-72,4.29945996e-19,3.6979239115e-28,4.7532393515e-06,4.7532393515e-06,4.7532393515e-06,4.7532393515e-06,0.77343475594,0.77343475594,0.77343475594,0.77343475594,1.1514171228e-12,8.1495571845e-09,8.1495571845e-09,8.1495571845e-09,8.1495571845e-09,1.7405584947e-19,2.6450831248e-05,2.6450831248e-05,2.6450831248e-05,2.6450831248e-05
4310,5.056044821e-06,5.056044821e-06,5.056044821e-06,5.056044821e-06,1.6592315619e-40,8.9624940001e-30,9.9127196122e-25,9.9127196122e-25,9.9127196122e-25,9.9127196122e-25,2.6652419089e-49,9.1799015871e-45,3.0069409694e-72,1.8913973261e-34,1.0465390317e-28,7.5441302597e-09,7.5441302597e-09,7.5441302597e-09,7.5441302597e-09,3.0012753298e-72,2.6940785933e-60,2.7022042318e-29,0.00025067261524,0.00025067261524,0.00025067261524,0.00025067261524,6.180494587e-27,1.0150006704e-76,2.4086337798e-36,5.5320086421e-16,1.3309505043e-67,1.0072672978e-72,4.2886655783e-19,3.6459945665e-28,4.7587245054e-06,4.7587245054e-06,4.7587245054e-06,4.7587245054e-06,0.77432841274,0.77432841274,0.77432841274,0.77432841274,1.1521662431e-12,8.1585667879e-09,8.1585667879e-09,8.1585667879e-09,8.1585667879e-09,1.7356396925e-19,2.6481399246e-05,2.6481399246e-05,2.6481399246e-05,2.6481399246e-05
4315,5.0618799325e-06,5.0618799325e-06,5.0618799325e-06,5.0618799325e-06,1.5890739453e-40,8.8109104829e-30,9.8270564547e-25,9.8270564547e-25,9.8270564547e-25,9.8270564547e-25,2.4802990971e-49,8.6769415184e-45,2.5352992699e-72,1.8407782041e-34,1.0308953799e-28,7.5524615007e-09,7.5524615007e-09,7.5524615007e-09,7.5524615007e-09,2.5305126127e-72,2.4003575596e-60,2.6589306783e-29,0.00025096245593,0.00025096245593,0.00025096245593,0.00025096245593,6.1067417012e-27,8.3683566889e-77,2.3332514131e-36,5.5292145435e-16,1.1475044516e-67,8.4729336834e-73,4.2779750118e-19,3.5949712185e-28,4.7642161386e-06,4.7642161386e-06,4.7642161386e-06,4.7642161386e-06,0.7752231013,0.7752231013,0.7752231013,0.7752231013,1.1529200356e-12,8.1675904251e-09,8.1675904251e-09,8.1675904251e-09,8.1675904251e-09,1.7307678478e-19,2.6512002838e-05,2.6512002838e-05,2.6512002838e-05,2.6512002838e-05
4320,5.0677219307e-06,5.0677219307e-06,5.0677219307e-06,5.0677219307e-06,1.5220140081e-40,8.6623646715e-30,9.7424909006e-25,9.7424909006e-25,9.7424909006e-25,9.7424909006e-25,2.3084160896e-49,8.2023078918e-45,2.1377512675e-72,1.791639544e-34,1.0155373063e-28,7.5608057863e-09,7.5608057863e-09,7.5608057863e-09,7.5608057863e-09,2.1337070159e-72,2.1388538106e-60,2.6164888624e-29,0.0002512526321,0.0002512526321,0.0002512526321,0.0002512526321,6.0341379974e-27,6.8996733232e-77,2.2603995572e-36,5.5264750927e-16,9.8941419949e-68,7.1276374871e-73,4.2673872456e-19,3.54483565e-28,4.769714257e-06,4.769714257e-06,4.769714257e-06,4.769714257e-06,0.77611882281,0.77611882281,0.77611882281,0.77611882281,1.1536784788e-12,8.1766280806e-09,8.1766280806e-09,8.1766280806e-09,8.1766280806e-09,1.7259424854e-19,2.654264206e-05,2.654264206e-05,2.654264206e-05,2.654264206e-05
4325,5.0735708218e-06,5.0735708218e-06,5.0735708218e-06,5.0735708218e-06,1.45790947e-40,8.516787846e-30,9.6590060131e-25,9.6590060131e-25,9.6590060131e-25,9.6590060131e-25,2.1486550128e-49,7.7543634388e-45,1.8026388193e-72,1.7439347198e-34,1.0004588441e-28,7.5691631015e-09,7.5691631015e-09,7.5691631015e-09,7.5691631015e-09,1.7992216504e-72,1.9060123886e-60,2.5748606274e-29,0.00025154314415,0.00025154314415,0.00025154314415,0.00025154314415,5.9626624808e-27,5.6889401397e-77,2.1899879561e-36,5.5237899015e-16,8.5316527463e-68,5.9962553111e-73,4.2569012773e-19,3.4955700532e-28,4.7752188663e-06,4.7752188663e-06,4.7752188663e-06,4.7752188663e-06,0.77701557847,0.77701557847,0.77701557847,0.77701557847,1.1544415512e-12,8.1856797391e-09,8.1856797391e-09,8.1856797391e-09,8.1856797391e-09,1.721163136e-19,2.6573316951e-05,2.6573316951e-05,2.6573316951e-05,2.6573316951e-05
4330,5.0794266121e-06,5.0794266121e-06,5.0794266121e-06,5.0794266121e-06,1.3966248274e-40,8.3741130002e-30,9.576585158e-25,9.576585158e-25,9.576585158e-25,9.576585158e-25,2.0001464462e-49,7.3315678769e-45,1.5201409713e-72,1.6976186711e-34,9.8565416555e-29,7.577533432e-09,7.577533432e-09,7.577533432e-09,7.577533432e-09,1.5172535034e-72,1.6986729161e-60,2.5340282555e-29,0.00025183399244,0.00025183399244,0.00025183399244,0.00025183399244,5.8922945908e-27,4.6908191184e-77,2.1219297507e-36,5.5211585857e-16,7.3573168591e-68,5.0447231733e-73,4.2465161169e-19,3.4471570194e-28,4.7807299725e-06,4.7807299725e-06,4.7807299725e-06,4.7807299725e-06,0.77791336946,0.77791336946,0.77791336946,0.77791336946,1.1552092318e-12,8.1947453855e-09,8.1947453855e-09,8.1947453855e-09,8.1947453855e-09,1.7164293363e-19,2.6604027548e-05,2.6604027548e-05,2.6604027548e-05,2.6604027548e-05
4335,5.0852893079e-06,5.0852893079e-06,5.0852893079e-06,5.0852893079e-06,1.3380310206e-40,8.2342747954e-30,9.495211997e-25,9.495211997e-25,9.495211997e-25,9.495211997e-25,1.8620843476e-49,6.9324720284e-45,1.2819839891e-72,1.6526478474e-34,9.7111757789e-29,7.5859167634e-09,7.5859167634e-09,7.5859167634e-09,7.5859167634e-09,1.2795439863e-72,1.5140255445e-60,2.4939744559e-29,0.00025212517738,0.00025212517738,0.00025212517738,0.00025212517738,5.8230141903e-27,3.8679468168e-77,2.0561413443e-36,5.5185807651e-16,6.3450784208e-68,4.2444093954e-73,4.2362307867e-19,3.3995795295e-28,4.7862475815e-06,4.7862475815e-06,4.7862475815e-06,4.7862475815e-06,0.77881219699,0.77881219699,0.77881219699,0.77881219699,1.1559814995e-12,8.2038250051e-09,8.2038250051e-09,8.2038250051e-09,8.2038250051e-09,1.7117406289e-19,2.663477389e-05,2.663477389e-05,2.663477389e-05,2.663477389e-05
4340,5.0911589156e-06,5.0911589156e-06,5.0911589156e-06,5.0911589156e-06,1.2820051159e-40,8.0972095151e-30,9.4148704824e-25,9.4148704824e-25,9.4148704824e-25,9.4148704824e-25,1.7337213597e-49,6.5557123052e-45,1.0811972265e-72,1.6089801547e-34,9.5684352017e-29,7.5943130817e-09,7.5943130817e-09,7.5943130817e-09,7.5943130817e-09,1.0791352395e-72,1.3495718497e-60,2.454682354e-29,0.00025241669934,0.00025241669934,0.00025241669934,0.00025241669934,5.754801557e-27,3.189530682e-77,1.9925422745e-36,5.5160560632e-16,5.4724998437e-68,3.571247036e-73,4.226044321e-19,3.3528209447e-28,4.7917716992e-06,4.7917716992e-06,4.7917716992e-06,4.7917716992e-06,0.77971206224,0.77971206224,0.77971206224,0.77971206224,1.1567583336e-12,8.2129185835e-09,8.2129185835e-09,8.2129185835e-09,8.2129185835e-09,1.7070965621e-19,2.6665556014e-05,2.6665556014e-05,2.6665556014e-05,2.6665556014e-05
4345,5.0970354415e-06,5.0970354415e-06,5.0970354415e-06,5.0970354415e-06,1.2284300053e-40,7.9628550216e-30,9.3355448512e-25,9.3355448512e-25,9.3355448512e-25,9.3355448512e-25,1.6143644705e-49,6.2000055335e-45,9.1190757366e-73,1.5665749035e-34,9.4282655987e-29,7.6027223731e-09,7.6027223731e-09,7.6027223731e-09,7.6027223731e-09,9.1016494861e-73,1.2030901142e-60,2.4161354799e-29,0.0002527085587,0.0002527085587,0.0002527085587,0.0002527085587,5.6876373731e-27,2.6301926206e-77,1.9310550892e-36,5.5135841076e-16,4.7202580082e-68,3.0050050798e-73,4.2159557662e-19,3.3068649965e-28,4.7973023316e-06,4.7973023316e-06,4.7973023316e-06,4.7973023316e-06,0.78061296641,0.78061296641,0.78061296641,0.78061296641,1.1575397135e-12,8.2220261062e-09,8.2220261062e-09,8.2220261062e-09,8.2220261062e-09,1.7024966901e-19,2.6696373959e-05,2.6696373959e-05,2.6696373959e-05,2.6696373959e-05
4350,5.102918892e-06,5.102918892e-06,5.102918892e-06,5.102918892e-06,1.1771941207e-40,7.8311507133e-30,9.2572196191e-25,9.2572196191e-25,9.2572196191e-25,9.2572196191e-25,1.5033709982e-49,5.8641441e-45,7.6916638073e-73,1.5253927599e-34,9.2906138961e-29,7.6111446241e-09,7.6111446241e-09,7.6111446241e-09,7.6111446241e-09,7.6769357861e-73,1.0726045026e-60,2.3783177587e-29,0.00025300075585,0.00025300075585,0.00025300075585,0.00025300075585,5.6215027164e-27,2.1690162409e-77,1.8716052288e-36,5.5111645293e-16,4.0717107606e-68,2.528676157e-73,4.2059641802e-19,3.2616957784e-28,4.8028394846e-06,4.8028394846e-06,4.8028394846e-06,4.8028394846e-06,0.78151491069,0.78151491069,0.78151491069,0.78151491069,1.1583256187e-12,8.2311475595e-09,8.2311475595e-09,8.2311475595e-09,8.2311475595e-09,1.6979405726e-19,2.6727227763e-05,2.6727227763e-05,2.6727227763e-05,2.6727227763e-05
4355,5.1088092736e-06,5.1088092736e-06,5.1088092736e-06,5.1088092736e-06,1.1281911629e-40,7.7020374832e-30,9.1798795752e-25,9.1798795752e-25,9.1798795752e-25,9.1798795752e-25,1.4001448786e-49,5.5469913965e-45,6.4880371616e-73,1.4853956972e-34,9.1554282406e-29,7.6195798213e-09,7.6195798213e-09,7.6195798213e-09,7.6195798213e-09,6.475588941e-73,9.5635769031e-61,2.3412134992e-29,0.00025329329118,0.00025329329118,0.00025329329118,0.00025329329118,5.5563790518e-27,1.7887618704e-77,1.8141209127e-36,5.5087969635e-16,3.5125239161e-68,2.1279621358e-73,4.1960686326e-19,3.2172977364e-28,4.8083831643e-06,4.8083831643e-06,4.8083831643e-06,4.8083831643e-06,0.7824178963,0.7824178963,0.7824178963,0.7824178963,1.1591160291e-12,8.2402829294e-09,8.2402829294e-09,8.2402829294e-09,8.2402829294e-09,1.6934277747e-19,2.6758117465e-05,2.6758117465e-05,2.6758117465e-05,2.6758117465e-05
4360,5.1147065927e-06,5.1147065927e-06,5.1147065927e-06,5.1147065927e-06,1.081319844e-40,7.5754576796e-30,9.1035097766e-25,9.1035097766e-25,9.1035097766e-25,9.1035097766e-25,1.3041332295e-49,5.2474775455e-45,5.4730563724e-73,1.4465469501e-34,9.022657968e-29,7.6280279518e-09,7.6280279518e-09,7.6280279518e-09,7.6280279518e-09,5.4625345113e-73,8.5278655688e-61,2.3048073847e-29,0.00025358616507,0.00025358616507,0.00025358616507,0.00025358616507,5.4922482217e-27,1.475219782e-77,1.7585330305e-36,5.5064810489e-16,3.0303502984e-68,1.7908419188e-73,4.1862682043e-19,3.1736556608e-28,4.8139333766e-06,4.8139333766e-06,4.8139333766e-06,4.8139333766e-06,0.78332192442,0.78332192442,0.78332192442,0.78332192442,1.1599109245e-12,8.2494322026e-09,8.2494322026e-09,8.2494322026e-09,8.2494322026e-09,1.6889578672e-19,2.6789043104e-05,2.6789043104e-05,2.6789043104e-05,2.6789043104e-05
4365,5.1206108557e-06,5.1206108557e-06,5.1206108557e-06,5.1206108557e-06,1.0364836431e-40,7.4513550664e-30,9.0280955429e-25,9.0280955429e-25,9.0280955429e-25,9.0280955429e-25,1.2148231729e-49,4.9645953899e-45,4.6171083332e-73,1.4088109703e-34,8.8922535743e-29,7.6364890025e-09,7.6364890025e-09,7.6364890025e-09,7.6364890025e-09,4.6082142688e-73,7.6050059867e-61,2.2690844629e-29,0.00025387937792,0.00025387937792,0.00025387937792,0.00025387937792,5.4290924381e-27,1.2166772782e-77,1.7047750377e-36,5.5042164277e-16,2.6145535374e-68,1.5072082888e-73,4.1765619876e-19,3.130754678e-28,4.8194901277e-06,4.8194901277e-06,4.8194901277e-06,4.8194901277e-06,0.78422699626,0.78422699626,0.78422699626,0.78422699626,1.1607102852e-12,8.2585953658e-09,8.2585953658e-09,8.2585953658e-09,8.2585953658e-09,1.6845304261e-19,2.6820004717e-05,2.6820004717e-05,2.6820004717e-05,2.6820004717e-05
4370,5.1265220692e-06,5.1265220692e-06,5.1265220692e-06,5.1265220692e-06,9.9359057391e-41,7.3296747856e-30,8.9536224515e-25,8.9536224515e-25,8.9536224515e-25,8.9536224515e-25,1.1317388943e-49,4.6973967278e-45,3.8952357893e-73,1.3721533842e-34,8.7641666857e-29,7.644962961e-09,7.644962961e-09,7.644962961e-09,7.644962961e-09,3.8877173035e-73,6.7826275498e-61,2.2340301363e-29,0.0002541729301,0.0002541729301,0.0002541729301,0.0002541729301,5.3668942743e-27,1.0034795742e-77,1.6527828557e-36,5.5020027461e-16,2.2559703649e-68,1.2685627562e-73,4.1669490857e-19,3.0885802418e-28,4.8250534236e-06,4.8250534236e-06,4.8250534236e-06,4.8250534236e-06,0.78513311303,0.78513311303,0.78513311303,0.78513311303,1.1615140914e-12,8.2677724059e-09,8.2677724059e-09,8.2677724059e-09,8.2677724059e-09,1.6801450327e-19,2.6851002343e-05,2.6851002343e-05,2.6851002343e-05,2.6851002343e-05
4375,5.1324402397e-06,5.1324402397e-06,5.1324402397e-06,5.1324402397e-06,9.525529647e-41,7.2103633207e-30,8.8800763317e-25,8.8800763317e-25,8.8800763317e-25,8.8800763317e-25,1.0544389213e-49,4.4449887794e-45,3.2864041924e-73,1.3365409511e-34,8.6383500309e-29,7.6534498149e-09,7.6534498149e-09,7.6534498149e-09,7.6534498149e-09,3.280048207e-73,6.0497237627e-61,2.1996301536e-29,0.000254466822,0.000254466822,0.000254466822,0.000254466822,5.3056366561e-27,8.2766795937e-78,1.6024947756e-36,5.4998396535e-16,1.9467060291e-68,1.0677591312e-73,4.1574286128e-19,3.047118126e-28,4.8306232705e-06,4.8306232705e-06,4.8306232705e-06,4.8306232705e-06,0.78604027592,0.78604027592,0.78604027592,0.78604027592,1.1623223236e-12,8.2769633103e-09,8.2769633103e-09,8.2769633103e-09,8.2769633103e-09,1.6758012738e-19,2.6882036022e-05,2.6882036022e-05,2.6882036022e-05,2.6882036022e-05
4380,5.1383653738e-06,5.1383653738e-06,5.1383653738e-06,5.1383653738e-06,9.1328724847e-41,7.093368461e-30,8.8074432607e-25,8.8074432607e-25,8.8074432607e-25,8.8074432607e-25,9.8251360591e-50,4.20653087e-45,2.7728841812e-73,1.3019415245e-34,8.5147574135e-29,7.661949552e-09,7.661949552e-09,7.661949552e-09,7.661949552e-09,2.7675106743e-73,5.396500938e-61,2.1658706e-29,0.00025476105402,0.00025476105402,0.00025476105402,0.00025476105402,5.2453028549e-27,6.8268162587e-78,1.5538513667e-36,5.4977268031e-16,1.6799582004e-68,8.9878802923e-74,4.1479996939e-19,3.0063544163e-28,4.8361996744e-06,4.8361996744e-06,4.8361996744e-06,4.8361996744e-06,0.78694848614,0.78694848614,0.78694848614,0.78694848614,1.1631349624e-12,8.2861680663e-09,8.2861680663e-09,8.2861680663e-09,8.2861680663e-09,1.671498741e-19,2.6913105791e-05,2.6913105791e-05,2.6913105791e-05,2.6913105791e-05
4385,5.144297478e-06,5.144297478e-06,5.144297478e-06,5.144297478e-06,8.7571376426e-41,6.978639267e-30,8.7357095578e-25,8.7357095578e-25,8.7357095578e-25,8.7357095578e-25,9.155827932e-50,3.9812313164e-45,2.3397314231e-73,1.2683240131e-34,8.3933436852e-29,7.6704621603e-09,7.6704621603e-09,7.6704621603e-09,7.6704621603e-09,2.3351882935e-73,4.8142437724e-61,2.1327378891e-29,0.00025505562654,0.00025505562654,0.00025505562654,0.00025505562654,5.185876479e-27,5.6311195495e-78,1.5067953875e-36,5.4956638514e-16,1.4498653898e-68,7.5659576641e-74,4.1386614646e-19,2.9662755032e-28,4.8417826416e-06,4.8417826416e-06,4.8417826416e-06,4.8417826416e-06,0.78785774491,0.78785774491,0.78785774491,0.78785774491,1.1639519887e-12,8.2953866618e-09,8.2953866618e-09,8.2953866618e-09,8.2953866618e-09,1.6672370311e-19,2.6944211691e-05,2.6944211691e-05,2.6944211691e-05,2.6944211691e-05
4390,5.1502365589e-06,5.1502365589e-06,5.1502365589e-06,5.1502365589e-06,8.3975656812e-41,6.8661260365e-30,8.6648617804e-25,8.6648617804e-25,8.6648617804e-25,8.6648617804e-25,8.5329366423e-50,3.7683445032e-45,1.9743484441e-73,1.2356583447e-34,8.2740647199e-29,7.6789876282e-09,7.6789876282e-09,7.6789876282e-09,7.6789876282e-09,1.9705071741e-73,4.2951959074e-61,2.1002187543e-29,0.00025535053995,0.00025535053995,0.00025535053995,0.00025535053995,5.1273414669e-27,4.6450002448e-78,1.4612717014e-36,5.4936504584e-16,1.2513764575e-68,6.3693214822e-74,4.1294130708e-19,2.926868074e-28,4.8473721782e-06,4.8473721782e-06,4.8473721782e-06,4.8473721782e-06,0.78876805342,0.78876805342,0.78876805342,0.78876805342,1.1647733835e-12,8.3046190847e-09,8.3046190847e-09,8.3046190847e-09,8.3046190847e-09,1.6630157459e-19,2.697535376e-05,2.697535376e-05,2.697535376e-05,2.697535376e-05
4395,5.1561826232e-06,5.1561826232e-06,5.1561826232e-06,5.1561826232e-06,8.0534325363e-41,6.7557802722e-30,8.5948867189e-25,8.5948867189e-25,8.5948867189e-25,8.5948867189e-25,7.9531873874e-50,3.5671681375e-45,1.6661155033e-73,1.2039154306e-34,8.156877388e-29,7.6875259442e-09,7.6875259442e-09,7.6875259442e-09,7.6875259442e-09,1.6628674965e-73,3.832453796e-61,2.0683002405e-29,0.00025564579464,0.00025564579464,0.00025564579464,0.00025564579464,5.0696820791e-27,3.8316972987e-78,1.4172271953e-36,5.4916862877e-16,1.080138272e-68,5.3622253597e-74,4.120253669e-19,2.8881191066e-28,4.8529682904e-06,4.8529682904e-06,4.8529682904e-06,4.8529682904e-06,0.78967941289,0.78967941289,0.78967941289,0.78967941289,1.1655991279e-12,8.3138653232e-09,8.3138653232e-09,8.3138653232e-09,8.3138653232e-09,1.6588344921e-19,2.7006532036e-05,2.7006532036e-05,2.7006532036e-05,2.7006532036e-05
4400,5.1621356775e-06,5.1621356775e-06,5.1621356775e-06,5.1621356775e-06,7.7240478131e-41,6.6475546499e-30,8.5257713925e-25,8.5257713925e-25,8.5257713925e-25,8.5257713925e-25,7.4135402622e-50,3.3770406717e-45,1.4060796153e-73,1.1730671315e-34,8.0417395323e-29,7.696077097e-09,7.696077097e-09,7.696077097e-09,7.696077097e-09,1.4033331039e-73,3.4198723843e-61,2.0369696961e-29,0.00025594139101,0.00025594139101,0.00025594139101,0.00025594139101,5.0128828918e-27,3.160902501e-78,1.3746107014e-36,5.4897710059e-16,9.3239898399e-69,4.514603125e-74,4.1111824256e-19,2.8500158616e-28,4.8585709845e-06,4.8585709845e-06,4.8585709845e-06,4.8585709845e-06,0.79059182453,0.79059182453,0.79059182453,0.79059182453,1.1664292033e-12,8.3231253657e-09,8.3231253657e-09,8.3231253657e-09,8.3231253657e-09,1.6546928814e-19,2.703774656e-05,2.703774656e-05,2.703774656e-05,2.703774656e-05
4405,5.1680957286e-06,5.1680957286e-06,5.1680957286e-06,5.1680957286e-06,7.4087531656e-41,6.5414029873e-30,8.4575030444e-25,8.4575030444e-25,8.4575030444e-25,8.4575030444e-25,6.9111731387e-50,3.1973388822e-45,1.1866925466e-73,1.1430862246e-34,7.9286099436e-29,7.7046410756e-09,7.7046410756e-09,7.7046410756e-09,7.7046410756e-09,1.1843699796e-73,3.0519812842e-61,2.0062147653e-29,0.00025623732943,0.00025623732943,0.00025623732943,0.00025623732943,4.9569287893e-27,2.60762695e-78,1.3333729227e-36,5.4879042834e-16,8.0492474327e-69,3.801164901e-74,4.1021985171e-19,2.8125458764e-28,4.8641802667e-06,4.8641802667e-06,4.8641802667e-06,4.8641802667e-06,0.79150528956,0.79150528956,0.79150528956,0.79150528956,1.1672635911e-12,8.3323992009e-09,8.3323992009e-09,8.3323992009e-09,8.3323992009e-09,1.65059053e-19,2.7068997371e-05,2.7068997371e-05,2.7068997371e-05,2.7068997371e-05
4410,5.174062783e-06,5.174062783e-06,5.174062783e-06,5.174062783e-06,7.1069207562e-41,6.4372802147e-30,8.3900691376e-25,8.3900691376e-25,8.3900691376e-25,8.3900691376e-25,6.4434658138e-50,3.0274755959e-45,1.0015900612e-73,1.1139463722e-34,7.8174483373e-29,7.7132178691e-09,7.7132178691e-09,7.7132178691e-09,7.7132178691e-09,9.9962589842e-74,2.7239102655e-61,1.9760233808e-29,0.00025653361031,0.00025653361031,0.00025653361031,0.00025653361031,4.9018049573e-27,2.1512667895e-78,1.2934663607e-36,5.4860857933e-16,6.9492798143e-69,3.2006372382e-74,4.0933011301e-19,2.7756969578e-28,4.8697961433e-06,4.8697961433e-06,4.8697961433e-06,4.8697961433e-06,0.79241980918,0.79241980918,0.79241980918,0.79241980918,1.1681022731e-12,8.3416868176e-09,8.3416868176e-09,8.3416868176e-09,8.3416868176e-09,1.6465270591e-19,2.7100284507e-05,2.7100284507e-05,2.7100284507e-05,2.7100284507e-05
4415,5.1800368476e-06,5.1800368476e-06,5.1800368476e-06,5.1800368476e-06,6.8179517923e-41,6.3351423451e-30,8.3234573507e-25,8.3234573507e-25,8.3234573507e-25,8.3234573507e-25,6.0079853282e-50,2.8668975541e-45,8.4540591186e-74,1.0856220909e-34,7.7082153311e-29,7.721807467e-09,7.721807467e-09,7.721807467e-09,7.721807467e-09,8.4374476099e-74,2.4313230233e-61,1.946383756e-29,0.00025683023404,0.00025683023404,0.00025683023404,0.00025683023404,4.8474968765e-27,1.7748331577e-78,1.2548452466e-36,5.4843152125e-16,6.0000565208e-69,2.6951243115e-74,4.0844894607e-19,2.7394571763e-28,4.8754186205e-06,4.8754186205e-06,4.8754186205e-06,4.8754186205e-06,0.79333538461,0.79333538461,0.79333538461,0.79333538461,1.1689452309e-12,8.3509882051e-09,8.3509882051e-09,8.3509882051e-09,8.3509882051e-09,1.6425020944e-19,2.7131608009e-05,2.7131608009e-05,2.7131608009e-05,2.7131608009e-05
4420,5.1860179291e-06,5.1860179291e-06,5.1860179291e-06,5.1860179291e-06,6.541275135e-41,6.2349464463e-30,8.2576555736e-25,8.2576555736e-25,8.2576555736e-25,8.2576555736e-25,5.6024723699e-50,2.7150834066e-45,7.1361509848e-74,1.0580887224e-34,7.6008724225e-29,7.7304098588e-09,7.7304098588e-09,7.7304098588e-09,7.7304098588e-09,7.1221014145e-74,2.1703582976e-61,1.9172843782e-29,0.00025712720101,0.00025712720101,0.00025712720101,0.00025712720101,4.7939903156e-27,1.4643174615e-78,1.2174654753e-36,5.4825922209e-16,5.1808604126e-69,2.2695708655e-74,4.0757627146e-19,2.7038148592e-28,4.8810477048e-06,4.8810477048e-06,4.8810477048e-06,4.8810477048e-06,0.79425201708,0.79425201708,0.79425201708,0.79425201708,1.1697924467e-12,8.3603033525e-09,8.3603033525e-09,8.3603033525e-09,8.3603033525e-09,1.6385152663e-19,2.7162967915e-05,2.7162967915e-05,2.7162967915e-05,2.7162967915e-05
4425,5.1920060343e-06,5.1920060343e-06,5.1920060343e-06,5.1920060343e-06,6.2763459765e-41,6.1366506135e-30,8.1926519037e-25,8.1926519037e-25,8.1926519037e-25,8.1926519037e-25,5.2248286797e-50,2.5715418267e-45,6.0240178289e-74,1.0313224051e-34,7.4953819671e-29,7.7390250344e-09,7.7390250344e-09,7.7390250344e-09,7.7390250344e-09,6.0121344657e-74,1.9375775245e-61,1.8887140013e-29,0.00025742451161,0.00025742451161,0.00025742451161,0.00025742451161,4.7412713254e-27,1.2081681797e-78,1.1812845416e-36,5.4809165014e-16,4.4738295588e-69,1.9113106776e-74,4.0671201071e-19,2.6687585851e-28,4.8866834025e-06,4.8866834025e-06,4.8866834025e-06,4.8866834025e-06,0.79516970779,0.79516970779,0.79516970779,0.79516970779,1.1706439026e-12,8.3696322496e-09,8.3696322496e-09,8.3696322496e-09,8.3696322496e-09,1.6345662094e-19,2.7194364266e-05,2.7194364266e-05,2.7194364266e-05,2.7194364266e-05
4430,5.19800117e-06,5.19800117e-06,5.19800117e-06,5.19800117e-06,6.0226445837e-41,6.0402139422e-30,8.1284346413e-25,8.1284346413e-25,8.1284346413e-25,8.1284346413e-25,4.8731053853e-50,2.4358097399e-45,5.0854797445e-74,1.005300047e-34,7.3917071583e-29,7.7476529837e-09,7.7476529837e-09,7.7476529837e-09,7.7476529837e-09,5.0754280784e-74,1.7299182887e-61,1.8606616397e-29,0.00025772216623,0.00025772216623,0.00025772216623,0.00025772216623,4.6893262326e-27,9.9685958135e-79,1.1462614791e-36,5.4792877403e-16,3.8635626367e-69,1.6096869015e-74,4.0585608629e-19,2.6342771776e-28,4.89232572e-06,4.89232572e-06,4.89232572e-06,4.89232572e-06,0.79608845797,0.79608845797,0.79608845797,0.79608845797,1.1714995808e-12,8.378974886e-09,8.378974886e-09,8.378974886e-09,8.378974886e-09,1.6306545632e-19,2.7225797101e-05,2.7225797101e-05,2.7225797101e-05,2.7225797101e-05
4435,5.2040033429e-06,5.2040033429e-06,5.2040033429e-06,5.2040033429e-06,5.7796751024e-41,5.9455965022e-30,8.0649922865e-25,8.0649922865e-25,8.0649922865e-25,8.0649922865e-25,4.5454921927e-50,2.3074506603e-45,4.2933971559e-74,9.7999929898e-35,7.2898120063e-29,7.756293697e-09,7.756293697e-09,7.756293697e-09,7.756293697e-09,4.2848944121e-74,1.544652933e-61,1.833116561e-29,0.00025802016527,0.00025802016527,0.00025802016527,0.00025802016527,4.6381416332e-27,8.2253620222e-79,1.1123568019e-36,5.4777056268e-16,3.3367790193e-69,1.3557328327e-74,4.0500842157e-19,2.6003596994e-28,4.8979746635e-06,4.8979746635e-06,4.8979746635e-06,4.8979746635e-06,0.79700826884,0.79700826884,0.79700826884,0.79700826884,1.1723594639e-12,8.3883312518e-09,8.3883312518e-09,8.3883312518e-09,8.3883312518e-09,1.6267799713e-19,2.7257266459e-05,2.7257266459e-05,2.7257266459e-05,2.7257266459e-05
4440,5.2100125601e-06,5.2100125601e-06,5.2100125601e-06,5.2100125601e-06,5.5469644217e-41,5.8527593128e-30,8.0023135347e-25,8.0023135347e-25,8.0023135347e-25,8.0023135347e-25,4.2403073726e-50,2.1860531264e-45,3.6248801163e-74,9.5539852989e-35,7.1896613183e-29,7.7649471647e-09,7.7649471647e-09,7.7649471647e-09,7.7649471647e-09,3.6176872419e-74,1.3793517476e-61,1.8060682801e-29,0.00025831850913,0.00025831850913,0.00025831850913,0.00025831850913,4.5877043875e-27,6.787197603e-79,1.0795324482e-36,5.4761698534e-16,2.8820259482e-69,1.1419034653e-74,4.0416894085e-19,2.5669954472e-28,4.9036302397e-06,4.9036302397e-06,4.9036302397e-06,4.9036302397e-06,0.79792914162,0.79792914162,0.79792914162,0.79792914162,1.1732235344e-12,8.3977013372e-09,8.3977013372e-09,8.3977013372e-09,8.3977013372e-09,1.6229420817e-19,2.7288772382e-05,2.7288772382e-05,2.7288772382e-05,2.7288772382e-05
4445,5.2160288282e-06,5.2160288282e-06,5.2160288282e-06,5.2160288282e-06,5.3240610934e-41,5.7616643177e-30,7.9403872731e-25,7.9403872731e-25,7.9403872731e-25,7.9403872731e-25,3.9559884815e-50,2.0712292316e-45,3.0606218412e-74,9.3147680179e-35,7.0912206793e-29,7.7736133774e-09,7.7736133774e-09,7.7736133774e-09,7.7736133774e-09,3.0545367343e-74,1.2318502322e-61,1.7795065528e-29,0.00025861719819,0.00025861719819,0.00025861719819,0.00025861719819,4.5380016134e-27,5.6006753726e-79,1.0477517264e-36,5.4746801154e-16,2.4894262528e-69,9.6184974731e-75,4.033375693e-19,2.5341739456e-28,4.9092924548e-06,4.9092924548e-06,4.9092924548e-06,4.9092924548e-06,0.79885107753,0.79885107753,0.79885107753,0.79885107753,1.1740917751e-12,8.4070851326e-09,8.4070851326e-09,8.4070851326e-09,8.4070851326e-09,1.6191405467e-19,2.7320314907e-05,2.7320314907e-05,2.7320314907e-05,2.7320314907e-05
4450,5.2220521544e-06,5.2220521544e-06,5.2220521544e-06,5.2220521544e-06,5.1105343045e-41,5.6722743615e-30,7.8792025774e-25,7.8792025774e-25,7.8792025774e-25,7.8792025774e-25,3.6910837628e-50,1.9626132427e-45,2.5843369259e-74,9.0821384651e-35,6.9944564333e-29,7.782292326e-09,7.782292326e-09,7.782292326e-09,7.782292326e-09,2.5791887156e-74,1.1002199753e-61,1.7534213696e-29,0.00025891623286,0.00025891623286,0.00025891623286,0.00025891623286,4.4890206815e-27,4.6217318164e-79,1.016979263e-36,5.4732361112e-16,2.1504609859e-69,8.1022873317e-75,4.0251423301e-19,2.5018849422e-28,4.9149613155e-06,4.9149613155e-06,4.9149613155e-06,4.9149613155e-06,0.79977407781,0.79977407781,0.79977407781,0.79977407781,1.1749641689e-12,8.4164826287e-09,8.4164826287e-09,8.4164826287e-09,8.4164826287e-09,1.6153750228e-19,2.7351894077e-05,2.7351894077e-05,2.7351894077e-05,2.7351894077e-05
4455,5.2280825453e-06,5.2280825453e-06,5.2280825453e-06,5.2280825453e-06,4.9059729008e-41,5.584553166e-30,7.8187487073e-25,7.8187487073e-25,7.8187487073e-25,7.8187487073e-25,3.4442441776e-50,1.8598603014e-45,2.1822877795e-74,8.855900429e-35,6.8993356647e-29,7.7909840015e-09,7.7909840015e-09,7.7909840015e-09,7.7909840015e-09,2.1779319919e-74,9.8274275007e-62,1.7278029503e-29,0.00025921561353,0.00025921561353,0.00025921561353,0.00025921561353,4.4407492092e-27,3.8140248001e-79,9.8718095304e-37,5.4718375422e-16,1.8577821295e-69,6.8254391717e-75,4.0169885892e-19,2.4701184022e-28,4.920636828e-06,4.920636828e-06,4.920636828e-06,4.920636828e-06,0.80069814368,0.80069814368,0.80069814368,0.80069814368,1.1758406988e-12,8.4258938164e-09,8.4258938164e-09,8.4258938164e-09,8.4258938164e-09,1.6116451705e-19,2.7383509929e-05,2.7383509929e-05,2.7383509929e-05,2.7383509929e-05
4460,5.2341200081e-06,5.2341200081e-06,5.2341200081e-06,5.2341200081e-06,4.709984457e-41,5.4984653082e-30,7.7590151041e-25,7.7590151041e-25,7.7590151041e-25,7.7590151041e-25,3.2142160185e-50,1.7626452036e-45,1.8428854001e-74,8.6358639491e-35,6.8058261807e-29,7.7996883952e-09,7.7996883952e-09,7.7996883952e-09,7.7996883952e-09,1.8391998745e-74,8.7788746955e-62,1.7026417376e-29,0.0002595153406,0.0002595153406,0.0002595153406,0.0002595153406,4.3931750555e-27,3.1475795338e-79,9.5832391204e-37,5.4704841125e-16,1.6050511995e-69,5.7501094219e-75,4.0089137481e-19,2.4388645031e-28,4.9263189991e-06,4.9263189991e-06,4.9263189991e-06,4.9263189991e-06,0.80162327636,0.80162327636,0.80162327636,0.80162327636,1.1767213482e-12,8.4353186868e-09,8.4353186868e-09,8.4353186868e-09,8.4353186868e-09,1.6079506546e-19,2.7415162506e-05,2.7415162506e-05,2.7415162506e-05,2.7415162506e-05
4465,5.2401645497e-06,5.2401645497e-06,5.2401645497e-06,5.2401645497e-06,4.5221943934e-41,5.4139761981e-30,7.6999913862e-25,7.6999913862e-25,7.6999913862e-25,7.6999913862e-25,2.9998340629e-50,1.670661252e-45,1.5563528039e-74,8.4218451046e-35,6.7138964936e-29,7.8084054985e-09,7.8084054985e-09,7.8084054985e-09,7.8084054985e-09,1.5532342411e-74,7.8428968265e-62,1.6779283923e-29,0.00025981541446,0.00025981541446,0.00025981541446,0.00025981541446,4.3462863157e-27,2.5976721565e-79,9.3037643028e-37,5.4691755294e-16,1.3868001588e-69,4.8444464558e-75,4.0009170936e-19,2.4081136301e-28,4.9320078351e-06,4.9320078351e-06,4.9320078351e-06,4.9320078351e-06,0.80254947708,0.80254947708,0.80254947708,0.80254947708,1.1776061003e-12,8.444757231e-09,8.444757231e-09,8.444757231e-09,8.444757231e-09,1.6042911438e-19,2.7446851846e-05,2.7446851846e-05,2.7446851846e-05,2.7446851846e-05
4470,5.246216177e-06,5.246216177e-06,5.246216177e-06,5.246216177e-06,4.3422451351e-41,5.3310520573e-30,7.6416673467e-25,7.6416673467e-25,7.6416673467e-25,7.6416673467e-25,2.8000152251e-50,1.5836191766e-45,1.3144412596e-74,8.2136658107e-35,6.6235158041e-29,7.8171353029e-09,7.8171353029e-09,7.8171353029e-09,7.8171353029e-09,1.3118023052e-74,7.0073333039e-62,1.6536537872e-29,0.00026011583552,0.00026011583552,0.00026011583552,0.00026011583552,4.3000713165e-27,2.1439092108e-79,9.033079285e-37,5.4679115029e-16,1.1983115458e-69,4.0816404685e-75,3.9929979203e-19,2.3778563713e-28,4.9377033427e-06,4.9377033427e-06,4.9377033427e-06,4.9377033427e-06,0.80347674709,0.80347674709,0.80347674709,0.80347674709,1.1784949387e-12,8.4542094407e-09,8.4542094407e-09,8.4542094407e-09,8.4542094407e-09,1.6006663109e-19,2.747857799e-05,2.747857799e-05,2.747857799e-05,2.747857799e-05
4475,5.2522748972e-06,5.2522748972e-06,5.2522748972e-06,5.2522748972e-06,4.1697953119e-41,5.2496598981e-30,7.5840329494e-25,7.5840329494e-25,7.5840329494e-25,7.5840329494e-25,2.6137526722e-50,1.5012461204e-45,1.1101910299e-74,8.0111536218e-35,6.5346539848e-29,7.8258778004e-09,7.8258778004e-09,7.8258778004e-09,7.8258778004e-09,1.1079578095e-74,6.2613451099e-62,1.6298090022e-29,0.00026041660416,0.00026041660416,0.00026041660416,0.00026041660416,4.2545186107e-27,1.7694686104e-79,8.7708891556e-37,5.4666917458e-16,1.0355151564e-69,3.4391242322e-75,3.9851555315e-19,2.3480835126e-28,4.9434055284e-06,4.9434055284e-06,4.9434055284e-06,4.9434055284e-06,0.8044050876,0.8044050876,0.8044050876,0.8044050876,1.1793878471e-12,8.4636753075e-09,8.4636753075e-09,8.4636753075e-09,8.4636753075e-09,1.5970758325e-19,2.751034098e-05,2.751034098e-05,2.751034098e-05,2.751034098e-05
4480,5.2583407171e-06,5.2583407171e-06,5.2583407171e-06,5.2583407171e-06,4.004518998e-41,5.1697675039e-30,7.5270783257e-25,7.5270783257e-25,7.5270783257e-25,7.5270783257e-25,2.4401103668e-50,1.4232846849e-45,9.3772963012e-75,7.8141415424e-35,6.447281564e-29,7.8346329829e-09,7.8346329829e-09,7.8346329829e-09,7.8346329829e-09,9.3583966578e-75,5.5952703171e-62,1.6063853189e-29,0.0002607177208,0.0002607177208,0.0002607177208,0.0002607177208,4.2096169724e-27,1.4604737491e-79,8.5169094767e-37,5.4655159737e-16,8.9489898831e-70,2.8979007344e-75,3.9773892383e-19,2.3187860335e-28,4.9491143989e-06,4.9491143989e-06,4.9491143989e-06,4.9491143989e-06,0.80533449986,0.80533449986,0.80533449986,0.80533449986,1.1802848091e-12,8.4731548233e-09,8.4731548233e-09,8.4731548233e-09,8.4731548233e-09,1.593519389e-19,2.7542140854e-05,2.7542140854e-05,2.7542140854e-05,2.7542140854e-05
4485,5.2644136439e-06,5.2644136439e-06,5.2644136439e-06,5.2644136439e-06,3.8461049874e-41,5.0913434087e-30,7.4707937719e-25,7.4707937719e-25,7.4707937719e-25,7.4707937719e-25,2.278218008e-50,1.349492033e-45,7.9210171015e-75,7.6224678438e-35,6.3613697099e-29,7.8434008427e-09,7.8434008427e-09,7.8434008427e-09,7.8434008427e-09,7.9050215971e-75,5.0004954953e-62,1.5833742162e-29,0.00026101918582,0.00026101918582,0.00026101918582,0.00026101918582,4.1653553925e-27,1.2054773789e-79,8.2708658927e-37,5.4643839051e-16,7.7343247218e-70,2.4419775284e-75,3.96969836e-19,2.2899551023e-28,4.9548299606e-06,4.9548299606e-06,4.9548299606e-06,4.9548299606e-06,0.80626498509,0.80626498509,0.80626498509,0.80626498509,1.1811858088e-12,8.4826479803e-09,8.4826479803e-09,8.4826479803e-09,8.4826479803e-09,1.5899966649e-19,2.7573977653e-05,2.7573977653e-05,2.7573977653e-05,2.7573977653e-05
4490,5.2704936847e-06,5.2704936847e-06,5.2704936847e-06,5.2704936847e-06,3.6942561055e-41,5.014356879e-30,7.4151697455e-25,7.4151697455e-25,7.4151697455e-25,7.4151697455e-25,2.127266338e-50,1.2796390443e-45,6.6912559593e-75,7.4359758881e-35,6.2768902157e-29,7.852181372e-09,7.852181372e-09,7.852181372e-09,7.852181372e-09,6.6777176455e-75,4.4693412494e-62,1.5607673645e-29,0.00026132099963,0.00026132099963,0.00026132099963,0.00026132099963,4.1217230738e-27,9.9503599225e-80,8.0324937542e-37,5.4632952609e-16,6.6850028998e-70,2.0578908334e-75,3.9620822238e-19,2.261582072e-28,4.9605522204e-06,4.9605522204e-06,4.9605522204e-06,4.9605522204e-06,0.80719654454,0.80719654454,0.80719654454,0.80719654454,1.1820908303e-12,8.4921547706e-09,8.4921547706e-09,8.4921547706e-09,8.4921547706e-09,1.5865073481e-19,2.7605851419e-05,2.7605851419e-05,2.7605851419e-05,2.7605851419e-05
4495,5.2765808465e-06,5.2765808465e-06,5.2765808465e-06,5.2765808465e-06,3.5486885534e-41,4.9387778944e-30,7.3601968625e-25,7.3601968625e-25,7.3601968625e-25,7.3601968625e-25,1.9865027905e-50,1.2135095218e-45,5.6527230599e-75,7.254513958e-35,6.1938154844e-29,7.8609745636e-09,7.8609745636e-09,7.8609745636e-09,7.8609745636e-09,5.6412638806e-75,3.9949603261e-62,1.5385566218e-29,0.00026162316263,0.00026162316263,0.00026162316263,0.00026162316263,4.0787094266e-27,8.2135882609e-80,7.8015377566e-37,5.4622497652e-16,5.7784531699e-70,1.7343051243e-75,3.9545401647e-19,2.233658476e-28,4.9662811848e-06,4.9662811848e-06,4.9662811848e-06,4.9662811848e-06,0.80812917945,0.80812917945,0.80812917945,0.80812917945,1.1829998578e-12,8.5016751869e-09,8.5016751869e-09,8.5016751869e-09,8.5016751869e-09,1.5830511305e-19,2.7637762191e-05,2.7637762191e-05,2.7637762191e-05,2.7637762191e-05
4500,5.2826751366e-06,5.2826751366e-06,5.2826751366e-06,5.2826751366e-06,3.4091312837e-41,4.8645771299e-30,7.3058658944e-25,7.3058658944e-25,7.3058658944e-25,7.3058658944e-25,1.8552274536e-50,1.1508994443e-45,4.7756351629e-75,7.0779350924e-35,6.1121185145e-29,7.8697804102e-09,7.8697804102e-09,7.8697804102e-09,7.8697804102e-09,4.765935319e-75,3.5712469029e-62,1.5167340288e-29,0.00026192567521,0.00026192567521,0.00026192567521,0.00026192567521,4.0363040641e-27,6.7801839565e-80,7.5777515926e-37,5.4612471443e-16,4.9951942559e-70,1.4616762177e-75,3.9470715253e-19,2.2061760238e-28,4.9720168604e-06,4.9720168604e-06,4.9720168604e-06,4.9720168604e-06,0.80906289104,0.80906289104,0.80906289104,0.80906289104,1.1839128756e-12,8.5112092218e-09,8.5112092218e-09,8.5112092218e-09,8.5112092218e-09,1.5796277075e-19,2.7669710011e-05,2.7669710011e-05,2.7669710011e-05,2.7669710011e-05
4505,5.2887765619e-06,5.2887765619e-06,5.2887765619e-06,5.2887765619e-06,3.2753254071e-41,4.7917259384e-30,7.2521677652e-25,7.2521677652e-25,7.2521677652e-25,7.2521677652e-25,1.7327893247e-50,1.091616264e-45,4.0348550122e-75,6.9060969285e-35,6.031772886e-29,7.8785989047e-09,7.8785989047e-09,7.8785989047e-09,7.8785989047e-09,4.0266439703e-75,3.1927558229e-62,1.4952918042e-29,0.00026222853779,0.00026222853779,0.00026222853779,0.00026222853779,3.9944967983e-27,5.5971176316e-80,7.360897619e-37,5.4602871274e-16,4.3184106488e-70,1.2319677722e-75,3.9396756559e-19,2.1791265972e-28,4.9777592542e-06,4.9777592542e-06,4.9777592542e-06,4.9777592542e-06,0.80999768057,0.80999768057,0.80999768057,0.80999768057,1.1848298682e-12,8.5207568682e-09,8.5207568682e-09,8.5207568682e-09,8.5207568682e-09,1.5762367781e-19,2.7701694919e-05,2.7701694919e-05,2.7701694919e-05,2.7701694919e-05
4510,5.2948851298e-06,5.2948851298e-06,5.2948851298e-06,5.2948851298e-06,3.147023627e-41,4.7201963334e-30,7.1990935487e-25,7.1990935487e-25,7.1990935487e-25,7.1990935487e-25,1.6185828363e-50,1.0354782449e-45,3.4091654526e-75,6.7388615486e-35,5.9527527463e-29,7.8874300402e-09,7.8874300402e-09,7.8874300402e-09,7.8874300402e-09,3.4022143438e-75,2.8546306795e-62,1.4742223406e-29,0.00026253175076,0.00026253175076,0.00026253175076,0.00026253175076,3.9532776356e-27,4.6206364295e-80,7.150746535e-37,5.4593694461e-16,3.7335868024e-70,1.0384127209e-75,3.9323519144e-19,2.1525022462e-28,4.9835083726e-06,4.9835083726e-06,4.9835083726e-06,4.9835083726e-06,0.81093354928,0.81093354928,0.81093354928,0.81093354928,1.1857508203e-12,8.5303181193e-09,8.5303181193e-09,8.5303181193e-09,8.5303181193e-09,1.5728780449e-19,2.7733716957e-05,2.7733716957e-05,2.7733716957e-05,2.7733716957e-05
4515,5.3010008474e-06,5.3010008474e-06,5.3010008474e-06,5.3010008474e-06,3.0239897013e-41,4.6499609728e-30,7.1466344655e-25,7.1466344655e-25,7.1466344655e-25,7.1466344655e-25,1.5120446323e-50,9.8231384089e-46,2.8806571361e-75,6.5760953329e-35,5.875032797e-29,7.8962738101e-09,7.8962738101e-09,7.8962738101e-09,7.8962738101e-09,2.8747723297e-75,2.5525397765e-62,1.4535182003e-29,0.00026283531452,0.00026283531452,0.00026283531452,0.00026283531452,3.9126367728e-27,3.8146400599e-80,6.9470770747e-37,5.4584938349e-16,3.2281916655e-70,8.7531250448e-76,3.9250996659e-19,2.126295185e-28,4.9892642225e-06,4.9892642225e-06,4.9892642225e-06,4.9892642225e-06,0.8118704984,0.8118704984,0.8118704984,0.8118704984,1.1866757166e-12,8.5398929682e-09,8.5398929682e-09,8.5398929682e-09,8.5398929682e-09,1.5695512139e-19,2.7765776165e-05,2.7765776165e-05,2.7765776165e-05,2.7765776165e-05
4520,5.3071237219e-06,5.3071237219e-06,5.3071237219e-06,5.3071237219e-06,2.9059979304e-41,4.5809931419e-30,7.0947818805e-25,7.0947818805e-25,7.0947818805e-25,7.0947818805e-25,1.4126505769e-50,9.3196110987e-46,2.4342120139e-75,6.4176688171e-35,5.798588281e-29,7.9051302078e-09,7.9051302078e-09,7.9051302078e-09,7.9051302078e-09,2.4292296831e-75,2.2826190942e-62,1.4331721108e-29,0.00026313922948,0.00026313922948,0.00026313922948,0.00026313922948,3.8725645928e-27,3.1493413432e-80,6.7496757103e-37,5.4576600305e-16,2.7914066062e-70,7.3786810814e-76,3.9179182827e-19,2.1004977886e-28,4.9950268107e-06,4.9950268107e-06,4.9950268107e-06,4.9950268107e-06,0.8128085292,0.8128085292,0.8128085292,0.8128085292,1.1876045421e-12,8.5494814085e-09,8.5494814085e-09,8.5494814085e-09,8.5494814085e-09,1.5662559949e-19,2.7797872584e-05,2.7797872584e-05,2.7797872584e-05,2.7797872584e-05
4525,5.3132537605e-06,5.3132537605e-06,5.3132537605e-06,5.3132537605e-06,2.7928326695e-41,4.5132667388e-30,7.0435273001e-25,7.0435273001e-25,7.0435273001e-25,7.0435273001e-25,1.3199129788e-50,8.8426716272e-46,2.0570676071e-75,6.2634565553e-35,5.7233949697e-29,7.9139992271e-09,7.9139992271e-09,7.9139992271e-09,7.9139992271e-09,2.0528491348e-75,2.0414214925e-62,1.4131769614e-29,0.00026344349604,0.00026344349604,0.00026344349604,0.00026344349604,3.8330516613e-27,2.600161378e-80,6.5583363669e-37,5.4568677723e-16,2.413890742e-70,6.2203785464e-76,3.9108071447e-19,2.0751025891e-28,5.0007961439e-06,5.0007961439e-06,5.0007961439e-06,5.0007961439e-06,0.8137476429,0.8137476429,0.8137476429,0.8137476429,1.1885372817e-12,8.5590834338e-09,8.5590834338e-09,8.5590834338e-09,8.5590834338e-09,1.5629921006e-19,2.7830006255e-05,2.7830006255e-05,2.7830006255e-05,2.7830006255e-05
4530,5.3193909705e-06,5.3193909705e-06,5.3193909705e-06,5.3193909705e-06,2.6842878639e-41,4.4467562579e-30,6.9928623696e-25,6.9928623696e-25,6.9928623696e-25,6.9928623696e-25,1.2333780148e-50,8.3908764456e-46,1.7384494027e-75,6.1133369872e-35,5.6494291502e-29,7.9228808618e-09,7.9228808618e-09,7.9228808618e-09,7.9228808618e-09,1.7348774958e-75,1.8258714635e-62,1.3935257984e-29,0.00026374811461,0.00026374811461,0.00026374811461,0.00026374811461,3.7940887222e-27,2.146818203e-80,6.3728601492e-37,5.4561168022e-16,2.0875785198e-70,5.2441771223e-76,3.9037656386e-19,2.0501022717e-28,5.0065722289e-06,5.0065722289e-06,5.0065722289e-06,5.0065722289e-06,0.81468784076,0.81468784076,0.81468784076,0.81468784076,1.1894739208e-12,8.5686990379e-09,8.5686990379e-09,8.5686990379e-09,8.5686990379e-09,1.5597592475e-19,2.786217722e-05,2.786217722e-05,2.786217722e-05,2.786217722e-05
4535,5.3255353592e-06,5.3255353592e-06,5.3255353592e-06,5.3255353592e-06,2.5801666072e-41,4.3814367759e-30,6.9427788707e-25,6.9427788707e-25,6.9427788707e-25,6.9427788707e-25,1.1526233386e-50,7.9628624637e-46,1.4692607064e-75,5.9671923106e-35,5.576667614e-29,7.9317751058e-09,7.9317751058e-09,7.9317751058e-09,7.9317751058e-09,1.4662361108e-75,1.6332248247e-62,1.3742118222e-29,0.00026405308558,0.00026405308558,0.00026405308558,0.00026405308558,3.7556666941e-27,1.7725750414e-80,6.1930550774e-37,5.4554068645e-16,1.8055051e-70,4.4214054662e-76,3.8967931581e-19,2.0254896719e-28,5.0123550726e-06,5.0123550726e-06,5.0123550726e-06,5.0123550726e-06,0.81562912404,0.81562912404,0.81562912404,0.81562912404,1.1904144444e-12,8.578328215e-09,8.578328215e-09,8.578328215e-09,8.578328215e-09,1.5565571552e-19,2.789438552e-05,2.789438552e-05,2.789438552e-05,2.789438552e-05
4540,5.3316869339e-06,5.3316869339e-06,5.3316869339e-06,5.3316869339e-06,2.48028072e-41,4.317283937e-30,6.8932687189e-25,6.8932687189e-25,6.8932687189e-25,6.8932687189e-25,1.0772558614e-50,7.5573424527e-46,1.2418209588e-75,5.8249083575e-35,5.5050876444e-29,7.9406819534e-09,7.9406819534e-09,7.9406819534e-09,7.9406819534e-09,1.2392596806e-75,1.4610328097e-62,1.3552283829e-29,0.00026435840936,0.00026435840936,0.00026435840936,0.00026435840936,3.717776667e-27,1.4636201626e-80,6.0187358344e-37,5.4547377059e-16,1.5616557165e-70,3.7279131454e-76,3.8898891039e-19,2.0012577715e-28,5.0181446818e-06,5.0181446818e-06,5.0181446818e-06,5.0181446818e-06,0.81657149397,0.81657149397,0.81657149397,0.81657149397,1.1913588381e-12,8.5879709592e-09,8.5879709592e-09,8.5879709592e-09,8.5879709592e-09,1.5533855465e-19,2.7926631196e-05,2.7926631196e-05,2.7926631196e-05,2.7926631196e-05
4545,5.3378457019e-06,5.3378457019e-06,5.3378457019e-06,5.3378457019e-06,2.384450349e-41,4.2542739387e-30,6.8443239609e-25,6.8443239609e-25,6.8443239609e-25,6.8443239609e-25,1.0069096907e-50,7.1731007171e-46,1.0496449297e-75,5.6863744751e-35,5.4346670058e-29,7.949601399e-09,7.949601399e-09,7.949601399e-09,7.949601399e-09,1.0474758852e-75,1.3071100738e-62,1.3365689771e-29,0.00026466408637,0.00026466408637,0.00026466408637,0.00026466408637,3.6804098982e-27,1.2085553016e-80,5.849723522e-37,5.4541090757e-16,1.3508357107e-70,3.1433567268e-76,3.8830528835e-19,1.9773996955e-28,5.0239410633e-06,5.0239410633e-06,5.0239410633e-06,5.0239410633e-06,0.81751495182,0.81751495182,0.81751495182,0.81751495182,1.1923070875e-12,8.5976272649e-09,8.5976272649e-09,8.5976272649e-09,8.5976272649e-09,1.5502441477e-19,2.7958914289e-05,2.7958914289e-05,2.7958914289e-05,2.7958914289e-05
4550,5.3440116705e-06,5.3440116705e-06,5.3440116705e-06,5.3440116705e-06,2.2925035845e-41,4.1923835181e-30,6.7959367727e-25,6.7959367727e-25,6.7959367727e-25,6.7959367727e-25,9.4124421794e-51,6.8089890193e-46,8.8725639445e-76,5.551483411e-35,5.3653839317e-29,7.9585334371e-09,7.9585334371e-09,7.9585334371e-09,7.9585334371e-09,8.8541942297e-76,1.1695061857e-62,1.3182272441e-29,0.00026497011699,0.00026497011699,0.00026497011699,0.00026497011699,3.6435578091e-27,9.9797361724e-81,5.6858454267e-37,5.4535207253e-16,1.1685583936e-70,2.6505987682e-76,3.8762839111e-19,1.9539087092e-28,5.0297442241e-06,5.0297442241e-06,5.0297442241e-06,5.0297442241e-06,0.81845949883,0.81845949883,0.81845949883,0.81845949883,1.1932591781e-12,8.6072971267e-09,8.6072971267e-09,8.6072971267e-09,8.6072971267e-09,1.5471326881e-19,2.7991234842e-05,2.7991234842e-05,2.7991234842e-05,2.7991234842e-05
4555,5.350184847e-06,5.350184847e-06,5.350184847e-06,5.350184847e-06,2.2042760975e-41,4.1315899387e-30,6.7480994565e-25,6.7480994565e-25,6.7480994565e-25,6.7480994565e-25,8.7994234142e-51,6.4639227417e-46,7.5003089964e-76,5.4201312018e-35,5.2972171146e-29,7.9674780624e-09,7.9674780624e-09,7.9674780624e-09,7.9674780624e-09,7.4847508227e-76,1.0464802225e-62,1.3001969625e-29,0.00026527650165,0.00026527650165,0.00026527650165,0.00026527650165,3.6072119816e-27,8.2411150807e-81,5.5269347945e-37,5.4529724087e-16,1.0109482852e-70,2.2352018295e-76,3.8695816076e-19,1.9307782146e-28,5.035554171e-06,5.035554171e-06,5.035554171e-06,5.035554171e-06,0.81940513627,0.81940513627,0.81940513627,0.81940513627,1.1942150959e-12,8.6169805394e-09,8.6169805394e-09,8.6169805394e-09,8.6169805394e-09,1.5440509001e-19,2.8023592895e-05,2.8023592895e-05,2.8023592895e-05,2.8023592895e-05
4560,5.3563652389e-06,5.3563652389e-06,5.3563652389e-06,5.3563652389e-06,2.119610792e-41,4.0718709772e-30,6.7008044392e-25,6.7008044392e-25,6.7008044392e-25,6.7008044392e-25,8.2270881709e-51,6.1368772725e-46,6.3406306949e-76,5.292217066e-35,5.2301456949e-29,7.9764352698e-09,7.9764352698e-09,7.9764352698e-09,7.9764352698e-09,6.3274530725e-76,9.3647812875e-63,1.2824720471e-29,0.00026558324075,0.00026558324075,0.00026558324075,0.00026558324075,3.5713641548e-27,6.8056134959e-81,5.3728306144e-37,5.4524638821e-16,8.746576148e-71,1.8850024597e-76,3.8629454005e-19,1.9080017474e-28,5.041370911e-06,5.041370911e-06,5.041370911e-06,5.041370911e-06,0.82035186538,0.82035186538,0.82035186538,0.82035186538,1.1951748267e-12,8.6266774979e-09,8.6266774979e-09,8.6266774979e-09,8.6266774979e-09,1.5409985193e-19,2.8055988491e-05,2.8055988491e-05,2.8055988491e-05,2.8055988491e-05
4565,5.3625528536e-06,5.3625528536e-06,5.3625528536e-06,5.3625528536e-06,2.0383574755e-41,4.0132049109e-30,6.6540442693e-25,6.6540442693e-25,6.6540442693e-25,6.6540442693e-25,7.692687265e-51,5.8268846022e-46,5.3605461626e-76,5.1676433004e-35,5.1641492505e-29,7.9854050544e-09,7.9854050544e-09,7.9854050544e-09,7.9854050544e-09,5.3493842724e-76,8.3811253674e-63,1.2650465455e-29,0.00026589033469,0.00026589033469,0.00026589033469,0.00026589033469,3.5360062221e-27,5.6203448661e-81,5.2233774095e-37,5.4519949041e-16,7.5679426114e-71,1.5897525002e-76,3.8563747235e-19,1.8855729742e-28,5.047194451e-06,5.047194451e-06,5.047194451e-06,5.047194451e-06,0.82129968744,0.82129968744,0.82129968744,0.82129968744,1.1961383567e-12,8.6363879973e-09,8.6363879973e-09,8.6363879973e-09,8.6363879973e-09,1.5379752843e-19,2.808842167e-05,2.808842167e-05,2.808842167e-05,2.808842167e-05
4570,5.3687476985e-06,5.3687476985e-06,5.3687476985e-06,5.3687476985e-06,1.960372544e-41,3.9555705056e-30,6.6078116154e-25,6.6078116154e-25,6.6078116154e-25,6.6078116154e-25,7.1936605398e-51,5.5330301171e-46,4.5321981958e-76,5.0463151803e-35,5.099207787e-29,7.9943874113e-09,7.9943874113e-09,7.9943874112e-09,7.9943874113e-09,4.5227432147e-76,7.5014477913e-63,1.2479146346e-29,0.00026619778388,0.00026619778388,0.00026619778388,0.00026619778388,3.5011302272e-27,4.6416568211e-81,5.078425037e-37,5.4515652354e-16,6.5485956021e-71,1.3408170513e-76,3.849869017e-19,1.8634856896e-28,5.0530247979e-06,5.0530247979e-06,5.0530247979e-06,5.0530247979e-06,0.82224860369,0.82224860369,0.82224860369,0.82224860369,1.1971056718e-12,8.6461120329e-09,8.6461120329e-09,8.6461120329e-09,8.6461120329e-09,1.5349809367e-19,2.8120892476e-05,2.8120892476e-05,2.8120892476e-05,2.8120892476e-05
4575,5.374949781e-06,5.374949781e-06,5.374949781e-06,5.374949781e-06,1.8855186826e-41,3.8989470033e-30,6.5620992635e-25,6.5620992635e-25,6.5620992635e-25,6.5620992635e-25,6.7276236504e-51,5.254449579e-46,3.8320574536e-76,4.9281408628e-35,5.0353017275e-29,8.0033823359e-09,8.0033823359e-09,8.0033823359e-09,8.0033823359e-09,3.8240479461e-76,6.7146885412e-63,1.2310706181e-29,0.00026650558874,0.00026650558874,0.00026650558874,0.00026650558874,3.4667283619e-27,3.8335176583e-81,4.9378284954e-37,5.4511746391e-16,5.6669462541e-71,1.1309201392e-76,3.8434277274e-19,1.8417338132e-28,5.0588619588e-06,5.0588619588e-06,5.0588619588e-06,5.0588619588e-06,0.8231986154,0.8231986154,0.8231986154,0.8231986154,1.1980767586e-12,8.6558496002e-09,8.6558496002e-09,8.6558496002e-09,8.6558496002e-09,1.5320152212e-19,2.8153400949e-05,2.8153400949e-05,2.8153400949e-05,2.8153400949e-05
4580,5.3811591085e-06,5.3811591085e-06,5.3811591085e-06,5.3811591085e-06,1.8136645792e-41,3.8433141105e-30,6.5169001153e-25,6.5169001153e-25,6.5169001153e-25,6.5169001153e-25,6.2923557862e-51,4.9903262805e-46,3.2402490218e-76,4.8130312934e-35,4.9724119036e-29,8.0123898237e-09,8.0123898237e-09,8.0123898237e-09,8.0123898237e-09,3.2334636573e-76,6.0109713014e-63,1.214508923e-29,0.00026681374966,0.00026681374966,0.00026681374966,0.00026681374966,3.4327929621e-27,3.1661849706e-81,4.8014477383e-37,5.4508228805e-16,4.9043401216e-71,9.5393053683e-77,3.8370503077e-19,1.8203113865e-28,5.0647059407e-06,5.0647059407e-06,5.0647059407e-06,5.0647059407e-06,0.82414972382,0.82414972382,0.82414972382,0.82414972382,1.1990516034e-12,8.6656006949e-09,8.6656006949e-09,8.6656006949e-09,8.6656006949e-09,1.5290778852e-19,2.8185947131e-05,2.8185947131e-05,2.8185947131e-05,2.8185947131e-05
4585,5.3873756887e-06,5.3873756887e-06,5.3873756887e-06,5.3873756887e-06,1.7446846527e-41,3.7886519871e-30,6.4722071857e-25,6.4722071857e-25,6.4722071857e-25,6.4722071857e-25,5.8857882656e-51,4.7398883637e-46,2.739983932e-76,4.7009001162e-35,4.9105195451e-29,8.0214098705e-09,8.0214098705e-09,8.0214098705e-09,8.0214098705e-09,2.7342353229e-76,5.381476001e-63,1.198224097e-29,0.00026712226707,0.00026712226707,0.00026712226707,0.00026712226707,3.3993165059e-27,2.6151070444e-81,4.6691474967e-37,5.4505097271e-16,4.2446571902e-71,8.0468139224e-77,3.8307362166e-19,1.799212571e-28,5.0705567505e-06,5.0705567505e-06,5.0705567505e-06,5.0705567505e-06,0.82510193024,0.82510193024,0.82510193024,0.82510193024,1.2000301926e-12,8.6753653126e-09,8.6753653126e-09,8.6753653126e-09,8.6753653126e-09,1.5261686793e-19,2.8218531065e-05,2.8218531065e-05,2.8218531065e-05,2.8218531065e-05
4590,5.3935995288e-06,5.3935995288e-06,5.3935995288e-06,5.3935995288e-06,1.6784587937e-41,3.7349412353e-30,6.4280136011e-25,6.4280136011e-25,6.4280136011e-25,6.4280136011e-25,5.5059939382e-51,4.5024062947e-46,2.3170792526e-76,4.5916635868e-35,4.8496062718e-29,8.0304424722e-09,8.0304424722e-09,8.0304424722e-09,8.0304424722e-09,2.3122087409e-76,4.8183251636e-63,1.1822108054e-29,0.00026743114136,0.00026743114136,0.00026743114136,0.00026743114136,3.3662916096e-27,2.1600162999e-81,4.5407971067e-37,5.4502349485e-16,3.6739665643e-71,6.7881831805e-77,3.8244849191e-19,1.778431645e-28,5.0764143953e-06,5.0764143953e-06,5.0764143953e-06,5.0764143953e-06,0.8260552359,0.8260552359,0.8260552359,0.8260552359,1.2010125131e-12,8.6851434495e-09,8.6851434495e-09,8.6851434495e-09,8.6851434495e-09,1.5232873567e-19,2.8251152792e-05,2.8251152792e-05,2.8251152792e-05,2.8251152792e-05
4595,5.3998306366e-06,5.3998306366e-06,5.3998306366e-06,5.3998306366e-06,1.6148721163e-41,3.6821628887e-30,6.3843125972e-25,6.3843125972e-25,6.3843125972e-25,6.3843125972e-25,5.1511773379e-51,4.2771904837e-46,1.9595529303e-76,4.4852404884e-35,4.7896540839e-29,8.0394876247e-09,8.0394876247e-09,8.0394876247e-09,8.0394876247e-09,1.955426176e-76,4.3144825583e-63,1.1664638285e-29,0.00026774037295,0.00026774037295,0.00026774037295,0.00026774037295,3.3337110257e-27,1.7841811815e-81,4.4162703443e-37,5.4499983167e-16,3.1802283358e-71,5.7267144608e-77,3.8182958861e-19,1.7579630007e-28,5.0822788822e-06,5.0822788822e-06,5.0822788822e-06,5.0822788822e-06,0.82700964208,0.82700964208,0.82700964208,0.82700964208,1.2019985515e-12,8.6949351017e-09,8.6949351017e-09,8.6949351017e-09,8.6949351017e-09,1.5204336736e-19,2.8283812355e-05,2.8283812355e-05,2.8283812355e-05,2.8283812355e-05
4600,5.4060690194e-06,5.4060690194e-06,5.4060690194e-06,5.4060690194e-06,1.5538147235e-41,3.6302984016e-30,6.3410975168e-25,6.3410975168e-25,6.3410975168e-25,6.3410975168e-25,4.8196655321e-51,4.0635890415e-46,1.6572817213e-76,4.3815520504e-35,4.730645354e-29,8.0485453242e-09,8.0485453242e-09,8.0485453242e-09,8.0485453242e-09,1.6537849692e-76,3.8636628142e-63,1.1509780586e-29,0.00026804996226,0.00026804996226,0.00026804996226,0.00026804996226,3.3015676395e-27,1.4737887809e-81,4.2954452665e-37,5.4497996054e-16,2.7530361693e-71,4.8314766e-77,3.8121685945e-19,1.7378011426e-28,5.0881502182e-06,5.0881502182e-06,5.0881502182e-06,5.0881502182e-06,0.82796515005,0.82796515005,0.82796515005,0.82796515005,1.2029882948e-12,8.7047402654e-09,8.7047402654e-09,8.7047402654e-09,8.7047402654e-09,1.5176073888e-19,2.8316509796e-05,2.8316509796e-05,2.8316509796e-05,2.8316509796e-05
4605,5.412314685e-06,5.412314685e-06,5.412314685e-06,5.412314685e-06,1.4951814815e-41,3.5793296394e-30,6.2983618086e-25,6.2983618086e-25,6.2983618086e-25,6.2983618086e-25,4.5098996171e-51,3.8609856655e-46,1.401712371e-76,4.2805218701e-35,4.6725628178e-29,8.057615567e-09,8.057615567e-09,8.057615567e-09,8.057615567e-09,1.3987492917e-76,3.4602508036e-63,1.1357484977e-29,0.00026835990968,0.00026835990968,0.00026835990968,0.00026835990968,3.2698544669e-27,1.2174353321e-81,4.1782040578e-37,5.4496385908e-16,2.3833950278e-71,4.0763981949e-77,3.8061025269e-19,1.7179406843e-28,5.0940284104e-06,5.0940284104e-06,5.0940284104e-06,5.0940284104e-06,0.82892176107,0.82892176107,0.82892176107,0.82892176107,1.2039817299e-12,8.7145589372e-09,8.7145589372e-09,8.7145589372e-09,8.7145589372e-09,1.5148082639e-19,2.8349245157e-05,2.8349245157e-05,2.8349245157e-05,2.8349245157e-05
4610,5.4185676407e-06,5.4185676407e-06,5.4185676407e-06,5.4185676407e-06,1.4388718059e-41,3.529238868e-30,6.2560990246e-25,6.2560990246e-25,6.2560990246e-25,6.2560990246e-25,4.2204268135e-51,3.6687976478e-46,1.1856177425e-76,4.1820758372e-35,4.6153895667e-29,8.0666983497e-09,8.0666983497e-09,8.0666983497e-09,8.0666983497e-09,1.1831067588e-76,3.099229734e-63,1.1207702548e-29,0.00026867021564,0.00026867021564,0.00026867021564,0.00026867021564,3.2385646512e-27,1.0057057157e-81,4.0644328835e-37,5.4495150511e-16,2.0635292277e-71,3.4395029283e-77,3.8000971717e-19,1.6983763462e-28,5.0999134659e-06,5.0999134659e-06,5.0999134659e-06,5.0999134659e-06,0.82987947641,0.82987947641,0.82987947641,0.82987947641,1.2049788439e-12,8.7243911137e-09,8.7243911137e-09,8.7243911137e-09,8.7243911137e-09,1.5120360634e-19,2.838201848e-05,2.838201848e-05,2.838201848e-05,2.838201848e-05
4615,5.4248278943e-06,5.4248278943e-06,5.4248278943e-06,5.4248278943e-06,1.3847894576e-41,3.4800087445e-30,6.2143028184e-25,6.2143028184e-25,6.2143028184e-25,6.2143028184e-25,3.9498931188e-51,3.4864739959e-46,1.0028908851e-76,4.08614206e-35,4.5591090391e-29,8.0757936689e-09,8.0757936689e-09,8.0757936689e-09,8.0757936689e-09,1.0007629091e-76,2.7761170003e-63,1.1060385433e-29,0.00026898088055,0.00026898088055,0.00026898088055,0.00026898088055,3.2076914611e-27,8.3082641185e-82,3.9540217473e-37,5.4494287664e-16,1.7867166737e-71,2.9022653918e-77,3.7941520228e-19,1.6791029534e-28,5.1058053919e-06,5.1058053919e-06,5.1058053919e-06,5.1058053919e-06,0.83083829736,0.83083829736,0.83083829736,0.83083829736,1.2059796241e-12,8.7342367918e-09,8.7342367918e-09,8.7342367918e-09,8.7342367918e-09,1.5092905541e-19,2.8414829809e-05,2.8414829809e-05,2.8414829809e-05,2.8414829809e-05
4620,5.4310954534e-06,5.4310954534e-06,5.4310954534e-06,5.4310954534e-06,1.3328423472e-41,3.4316223076e-30,6.1729669437e-25,6.1729669437e-25,6.1729669437e-25,6.1729669437e-25,3.6970364766e-51,3.3134936627e-46,8.4837113308e-77,3.9926507955e-35,4.5037050127e-29,8.0849015213e-09,8.0849015213e-09,8.0849015213e-09,8.0849015213e-09,8.4656765137e-77,2.4869069563e-63,1.0915486786e-29,0.00026929190482,0.00026929190482,0.00026929190482,0.00026929190482,3.1772282876e-27,6.8637906221e-82,3.8468643548e-37,5.449379519e-16,1.547145692e-71,2.4490683911e-77,3.78826658e-19,1.6601154332e-28,5.1117041955e-06,5.1117041955e-06,5.1117041955e-06,5.1117041955e-06,0.83179822518,0.83179822518,0.83179822518,0.83179822518,1.2069840579e-12,8.7440959683e-09,8.7440959683e-09,8.7440959683e-09,8.7440959683e-09,1.5065715059e-19,2.8447679184e-05,2.8447679184e-05,2.8447679184e-05,2.8447679184e-05
4625,5.4373703255e-06,5.4373703255e-06,5.4373703255e-06,5.4373703255e-06,1.2829423502e-41,3.3840629686e-30,6.1320852522e-25,6.1320852522e-25,6.1320852522e-25,6.1320852522e-25,3.4606804262e-51,3.1493638768e-46,7.1769724397e-77,3.9015343802e-35,4.4491615972e-29,8.094021904e-09,8.094021904e-09,8.094021904e-09,8.094021904e-09,7.1616869647e-77,2.2280198541e-63,1.0772960757e-29,0.00026960328886,0.00026960328886,0.00026960328886,0.00026960328886,3.1471686419e-27,5.6706404886e-82,3.7428579826e-37,5.4493670931e-16,1.3397913738e-71,2.0667457224e-77,3.7824403483e-19,1.6414088131e-28,5.1176098839e-06,5.1176098839e-06,5.1176098839e-06,5.1176098839e-06,0.83275926115,0.83275926115,0.83275926115,0.83275926115,1.2079921326e-12,8.7539686405e-09,8.7539686405e-09,8.7539686405e-09,8.7539686405e-09,1.5038786908e-19,2.848056665e-05,2.848056665e-05,2.848056665e-05,2.848056665e-05
4630,5.4436525184e-06,5.4436525184e-06,5.4436525184e-06,5.4436525184e-06,1.2350051294e-41,3.3373145021e-30,6.091651692e-25,6.091651692e-25,6.091651692e-25,6.091651692e-25,3.239728198e-51,2.9936185682e-46,6.0718336536e-77,3.8127271648e-35,4.3954632264e-29,8.1031548139e-09,8.1031548139e-09,8.1031548139e-09,8.1031548139e-09,6.0588777318e-77,1.996256283e-63,1.0632762471e-29,0.00026991503309,0.00026991503309,0.00026991503309,0.00026991503309,3.1175061526e-27,4.6850534965e-82,3.6419033512e-37,5.4493912751e-16,1.1603087605e-71,1.7441969386e-77,3.7766728385e-19,1.6229782183e-28,5.1235224642e-06,5.1235224642e-06,5.1235224642e-06,5.1235224642e-06,0.83372140654,0.83372140654,0.83372140654,0.83372140654,1.2090038359e-12,8.7638548056e-09,8.7638548056e-09,8.7638548056e-09,8.7638548056e-09,1.5012118838e-19,2.8513492248e-05,2.8513492248e-05,2.8513492248e-05,2.8513492248e-05
4635,5.4499420397e-06,5.4499420397e-06,5.4499420397e-06,5.4499420397e-06,1.1889499656e-41,3.2913610378e-30,6.0516603058e-25,6.0516603058e-25,6.0516603058e-25,6.0516603058e-25,3.0331572229e-51,2.8458168846e-46,5.1371427647e-77,3.7261654498e-35,4.342594651e-29,8.1123002485e-09,8.1123002485e-09,8.1123002485e-09,8.1123002485e-09,5.1261608044e-77,1.7887565116e-63,1.0494848e-29,0.00027022713792,0.00027022713792,0.00027022713792,0.00027022713792,3.0882345639e-27,3.8708945833e-82,3.5439045032e-37,5.449451853e-16,1.0049405731e-71,1.4720627538e-77,3.7709635664e-19,1.6048188697e-28,5.1294419436e-06,5.1294419436e-06,5.1294419436e-06,5.1294419436e-06,0.83468466264,0.83468466264,0.83468466264,0.83468466264,1.2100191554e-12,8.7737544611e-09,8.7737544611e-09,8.7737544611e-09,8.7737544611e-09,1.4985708622e-19,2.8546456021e-05,2.8546456021e-05,2.8546456021e-05,2.8546456021e-05
4640,5.4562388971e-06,5.4562388971e-06,5.4562388971e-06,5.4562388971e-06,1.1446995973e-41,3.2461870514e-30,6.0121052293e-25,6.0121052293e-25,6.0121052293e-25,6.0121052293e-25,2.8400140262e-51,2.7055417907e-46,4.3465690437e-77,3.6417874243e-35,4.2905409317e-29,8.121458205e-09,8.121458205e-09,8.121458205e-09,8.121458205e-09,4.3372598173e-77,1.6029642024e-63,1.0359174346e-29,0.00027053960376,0.00027053960376,0.00027053960376,0.00027053960376,3.0593477325e-27,3.1983241855e-82,3.4487686865e-37,5.4495486172e-16,8.7043749781e-72,1.242451528e-77,3.7653120534e-19,1.586926082e-28,5.1353683294e-06,5.1353683294e-06,5.1353683294e-06,5.1353683294e-06,0.83564903072,0.83564903072,0.83564903072,0.83564903072,1.2110380789e-12,8.7836676045e-09,8.7836676045e-09,8.7836676045e-09,8.7836676045e-09,1.4959554058e-19,2.8579458013e-05,2.8579458013e-05,2.8579458013e-05,2.8579458013e-05
4645,5.4625430982e-06,5.4625430982e-06,5.4625430982e-06,5.4625430982e-06,1.1021800661e-41,3.2017773569e-30,5.9729806896e-25,5.9729806896e-25,5.9729806896e-25,5.9729806896e-25,2.6594094791e-51,2.5723987488e-46,3.6778558237e-77,3.5595331059e-35,4.2392874319e-29,8.130628681e-09,8.130628681e-09,8.130628681e-09,8.130628681e-09,3.6699641434e-77,1.4365940264e-63,1.0225699419e-29,0.00027085243104,0.00027085243104,0.00027085243104,0.00027085243104,3.0308396261e-27,2.6427006152e-82,3.3564062408e-37,5.4496813596e-16,7.5398931463e-72,1.0487087808e-77,3.7597178259e-19,1.5692952615e-28,5.1413016289e-06,5.1413016289e-06,5.1413016289e-06,5.1413016289e-06,0.83661451207,0.83661451207,0.83661451207,0.83661451207,1.2120605943e-12,8.7935942338e-09,8.7935942338e-09,8.7935942338e-09,8.7935942338e-09,1.4933652969e-19,2.8612498264e-05,2.8612498264e-05,2.8612498264e-05,2.8612498264e-05
4650,5.4688546509e-06,5.4688546509e-06,5.4688546509e-06,5.4688546509e-06,1.0613205706e-41,3.1581170981e-30,5.9342810034e-25,5.9342810034e-25,5.9342810034e-25,5.9342810034e-25,2.4905143809e-51,2.4460144733e-46,3.1121891317e-77,3.4793442836e-35,4.1888198113e-29,8.1398116742e-09,8.1398116742e-09,8.1398116742e-09,8.1398116742e-09,3.1054988018e-77,1.2876027555e-63,1.0094382012e-29,0.00027116562017,0.00027116562017,0.00027116562017,0.00027116562017,3.0027043206e-27,2.1836739482e-82,3.266730489e-37,5.4498498745e-16,6.5316539122e-72,8.8522295595e-78,3.7541804158e-19,1.551921904e-28,5.1472418491e-06,5.1472418491e-06,5.1472418491e-06,5.1472418491e-06,0.83758110797,0.83758110797,0.83758110797,0.83758110797,1.2130866895e-12,8.8035343466e-09,8.8035343466e-09,8.8035343466e-09,8.8035343466e-09,1.4908003204e-19,2.864557682e-05,2.864557682e-05,2.864557682e-05,2.864557682e-05
4655,5.4751735629e-06,5.4751735629e-06,5.4751735629e-06,5.4751735629e-06,1.0220533265e-41,3.1151917409e-30,5.8960005757e-25,5.8960005757e-25,5.8960005757e-25,5.8960005757e-25,2.3325553508e-51,2.3260357561e-46,2.6336643192e-77,3.4011644616e-35,4.1391240191e-29,8.1490071825e-09,8.1490071825e-09,8.1490071825e-09,8.1490071825e-09,2.6279921688e-77,1.1541634566e-63,9.9651817863e-30,0.00027147917156,0.00027147917156,0.00027147917156,0.00027147917156,2.9749359982e-27,1.8044379865e-82,3.1796576326e-37,5.4500539575e-16,5.6586326325e-72,7.472617254e-78,3.7486993598e-19,1.5348015931e-28,5.1531889975e-06,5.1531889975e-06,5.1531889975e-06,5.1531889975e-06,0.8385488197,0.8385488197,0.8385488197,0.8385488197,1.2141163527e-12,8.8134879413e-09,8.8134879413e-09,8.8134879413e-09,8.8134879413e-09,1.4882602633e-19,2.8678693722e-05,2.8678693722e-05,2.8678693722e-05,2.8678693722e-05
4660,5.4814998419e-06,5.4814998419e-06,5.4814998419e-06,5.4814998419e-06,9.8431343261e-42,3.0729870659e-30,5.8581338979e-25,5.8581338979e-25,5.8581338979e-25,5.8581338979e-25,2.1848110051e-51,2.2121283584e-46,2.2288354586e-77,3.3249388058e-35,4.0901862875e-29,8.1582152037e-09,8.1582152037e-09,8.1582152037e-09,8.1582152037e-09,2.2240262889e-77,1.0346424539e-63,9.8380592454e-30,0.00027179308564,0.00027179308564,0.00027179308564,0.00027179308564,2.9475289453e-27,1.4911126974e-82,3.0951066506e-37,5.4502934066e-16,4.9026420033e-72,6.3083402579e-78,3.7432741998e-19,1.5179299982e-28,5.1591430813e-06,5.1591430813e-06,5.1591430813e-06,5.1591430813e-06,0.83951764856,0.83951764856,0.83951764856,0.83951764856,1.215149572e-12,8.8234550158e-09,8.8234550158e-09,8.8234550158e-09,8.8234550158e-09,1.4857449152e-19,2.8711849014e-05,2.8711849014e-05,2.8711849014e-05,2.8711849014e-05
4665,5.4878334958e-06,5.4878334958e-06,5.4878334958e-06,5.4878334958e-06,9.4803874415e-42,3.0314891605e-30,5.8206755467e-25,5.8206755467e-25,5.8206755467e-25,5.8206755467e-25,2.0466084011e-51,2.1039759658e-46,1.8863346402e-77,3.2506140914e-35,4.0419931255e-29,8.167435736e-09,8.167435736e-09,8.167435736e-09,8.167435736e-09,1.8822569463e-77,9.2757875921e-64,9.7129757203e-30,0.00027210736281,0.00027210736281,0.00027210736281,0.00027210736281,2.9204775503e-27,1.2322343537e-82,3.0129992023e-37,5.4505680214e-16,4.2479480534e-72,5.3257377487e-78,3.7379044826e-19,1.5013028726e-28,5.1651041079e-06,5.1651041079e-06,5.1651041079e-06,5.1651041079e-06,0.84048759581,0.84048759581,0.84048759581,0.84048759581,1.2161863359e-12,8.8334355688e-09,8.8334355688e-09,8.8334355688e-09,8.8334355688e-09,1.4832540679e-19,2.8745042739e-05,2.8745042739e-05,2.8745042739e-05,2.8745042739e-05
4670,5.4941745322e-06,5.4941745322e-06,5.4941745322e-06,5.4941745322e-06,9.131697507e-42,2.9906844121e-30,5.7836201821e-25,5.7836201821e-25,5.7836201821e-25,5.7836201821e-25,1.9173197279e-51,2.0012792014e-46,1.5965503102e-77,3.1781386531e-35,3.9945313129e-29,8.1766687777e-09,8.1766687777e-09,8.1766687777e-09,8.1766687777e-09,1.5930926583e-77,8.3166570518e-64,9.5898933487e-30,0.0002724220035,0.0002724220035,0.0002724220035,0.0002724220035,2.8937763014e-27,1.0183345786e-82,2.933259534e-37,5.4508776033e-16,3.6809382575e-72,4.496418569e-78,3.73258976e-19,1.484916052e-28,5.1710720844e-06,5.1710720844e-06,5.1710720844e-06,5.1710720844e-06,0.84145866277,0.84145866277,0.84145866277,0.84145866277,1.2172266326e-12,8.8434295985e-09,8.8434295985e-09,8.8434295985e-09,8.8434295985e-09,1.4807875156e-19,2.8778274939e-05,2.8778274939e-05,2.8778274939e-05,2.8778274939e-05
4675,5.5005229591e-06,5.5005229591e-06,5.5005229591e-06,5.5005229591e-06,8.7964946048e-42,2.9505595005e-30,5.7469625465e-25,5.7469625465e-25,5.7469625465e-25,5.7469625465e-25,1.796359227e-51,1.9037546952e-46,1.351355479e-77,3.1074623358e-35,3.947787894e-29,8.1859143272e-09,8.1859143272e-09,8.1859143272e-09,8.1859143272e-09,1.3484234379e-77,7.4573454413e-64,9.4687750563e-30,0.00027273700813,0.00027273700813,0.00027273700813,0.00027273700813,2.8674197852e-27,8.4159278127e-83,2.8558143883e-37,5.4512219556e-16,3.1898346753e-72,3.7964350215e-78,3.7273295886e-19,1.4687654522e-28,5.1770470184e-06,5.1770470184e-06,5.1770470184e-06,5.1770470184e-06,0.84243085071,0.84243085071,0.84243085071,0.84243085071,1.2182704507e-12,8.8534371038e-09,8.8534371038e-09,8.8534371038e-09,8.8534371038e-09,1.4783450548e-19,2.8811545658e-05,2.8811545658e-05,2.8811545658e-05,2.8811545658e-05
4680,5.5068787843e-06,5.5068787843e-06,5.5068787843e-06,5.5068787843e-06,8.4742328951e-42,2.9111013916e-30,5.7106974628e-25,5.7106974628e-25,5.7106974628e-25,5.7106974628e-25,1.683180327e-51,1.811134206e-46,1.1438780551e-77,3.0385364479e-35,3.901750172e-29,8.1951723829e-09,8.1951723829e-09,8.1951723829e-09,8.1951723829e-09,1.1413915979e-77,6.6873980025e-64,9.3495845395e-30,0.00027305237712,0.00027305237712,0.00027305237712,0.00027305237712,2.841402684e-27,6.9554917924e-83,2.7805929177e-37,5.4516008833e-16,2.7644459905e-72,3.2055863931e-78,3.7221235298e-19,1.4528470678e-28,5.1830289171e-06,5.1830289171e-06,5.1830289171e-06,5.1830289171e-06,0.84340416093,0.84340416093,0.84340416093,0.84340416093,1.2193177789e-12,8.8634580835e-09,8.8634580835e-09,8.8634580835e-09,8.8634580835e-09,1.4759264843e-19,2.884485494e-05,2.884485494e-05,2.884485494e-05,2.884485494e-05
4685,5.5132420155e-06,5.5132420155e-06,5.5132420155e-06,5.5132420155e-06,8.1643895605e-42,2.8722973301e-30,5.6748198334e-25,5.6748198334e-25,5.6748198334e-25,5.6748198334e-25,1.5772729761e-51,1.7231637923e-46,9.683067654e-78,2.9713137157e-35,3.8564057031e-29,8.2044429437e-09,8.2044429437e-09,8.2044429437e-09,8.2044429437e-09,9.661980691e-78,5.9974618716e-64,9.2322862471e-30,0.00027336811088,0.00027336811088,0.00027336811088,0.00027336811088,2.8157197744e-27,5.7486783683e-83,2.7075266006e-37,5.4520141933e-16,2.395953159e-72,2.7068318082e-78,3.7169711498e-19,1.4371569705e-28,5.1890177878e-06,5.1890177878e-06,5.1890177878e-06,5.1890177878e-06,0.84437859472,0.84437859472,0.84437859472,0.84437859472,1.2203686057e-12,8.8734925365e-09,8.8734925365e-09,8.8734925365e-09,8.8734925365e-09,1.4735316048e-19,2.8878202828e-05,2.8878202828e-05,2.8878202828e-05,2.8878202828e-05
4690,5.5196126608e-06,5.5196126608e-06,5.5196126608e-06,5.5196126608e-06,7.8664637965e-42,2.8341348334e-30,5.6393246384e-25,5.6393246384e-25,5.6393246384e-25,5.6393246384e-25,1.4781611601e-51,1.63960303e-46,8.1972713933e-78,2.9057482395e-35,3.8117422911e-29,8.2137260082e-09,8.2137260082e-09,8.2137260082e-09,8.2137260082e-09,8.1793872058e-78,5.3791692231e-64,9.1168453636e-30,0.00027368420983,0.00027368420983,0.00027368420983,0.00027368420983,2.7903659255e-27,4.7514099762e-83,2.636549161e-37,5.4524616942e-16,2.0767240996e-72,2.2857952234e-78,3.7118720192e-19,1.4216913072e-28,5.1950136381e-06,5.1950136381e-06,5.1950136381e-06,5.1950136381e-06,0.84535415338,0.84535415338,0.84535415338,0.84535415338,1.2214229201e-12,8.8835404619e-09,8.8835404619e-09,8.8835404619e-09,8.8835404619e-09,1.4711602195e-19,2.8911589365e-05,2.8911589365e-05,2.8911589365e-05,2.8911589365e-05
4695,5.5259907279e-06,5.5259907279e-06,5.5259907279e-06,5.5259907279e-06,7.5799758494e-42,2.7966016851e-30,5.6042069345e-25,5.6042069345e-25,5.6042069345e-25,5.6042069345e-25,1.3854005906e-51,1.5602242736e-46,6.9398289209e-78,2.8417954507e-35,3.7677479821e-29,8.2230215755e-09,8.2230215755e-09,8.2230215755e-09,8.2230215755e-09,6.9246602854e-78,4.8250328823e-64,9.0032277921e-30,0.0002740006744,0.0002740006744,0.0002740006744,0.0002740006744,2.7653360965e-27,3.9272750876e-83,2.5675964901e-37,5.4529431963e-16,1.8001534791e-72,1.9303480824e-78,3.7068257137e-19,1.4064462987e-28,5.2010164753e-06,5.2010164753e-06,5.2010164753e-06,5.2010164753e-06,0.8463308382,0.8463308382,0.8463308382,0.8463308382,1.2224807109e-12,8.8936018589e-09,8.8936018589e-09,8.8936018589e-09,8.8936018589e-09,1.4688121338e-19,2.8945014594e-05,2.8945014594e-05,2.8945014594e-05,2.8945014594e-05
4700,5.5323762249e-06,5.5323762249e-06,5.5323762249e-06,5.5323762249e-06,7.3044660966e-42,2.7596859285e-30,5.5694618539e-25,5.5694618539e-25,5.5694618539e-25,5.5694618539e-25,1.2985765546e-51,1.4848119595e-46,5.8755876772e-78,2.7794120711e-35,3.7244110586e-29,8.2323296446e-09,8.2323296446e-09,8.2323296446e-09,8.2323296446e-09,5.8627216066e-78,4.3283530673e-64,8.8914001385e-30,0.00027431750501,0.00027431750501,0.00027431750501,0.00027431750501,2.7406253356e-27,3.2461939292e-83,2.5006065723e-37,5.4534585116e-16,1.5605241856e-72,1.6302574296e-78,3.701831813e-19,1.391418238e-28,5.2070263068e-06,5.2070263068e-06,5.2070263068e-06,5.2070263068e-06,0.84730865048,0.84730865048,0.84730865048,0.84730865048,1.2235419671e-12,8.9036767271e-09,8.9036767271e-09,8.9036767271e-09,8.9036767271e-09,1.466487155e-19,2.897847856e-05,2.897847856e-05,2.897847856e-05,2.897847856e-05
4705,5.5387691595e-06,5.5387691595e-06,5.5387691595e-06,5.5387691595e-06,7.0394941693e-42,2.7233758609e-30,5.5350846023e-25,5.5350846023e-25,5.5350846023e-25,5.5350846023e-25,1.2173019104e-51,1.4131619476e-46,4.974815144e-78,2.7185560727e-35,3.6817200351e-29,8.2416502147e-09,8.2416502147e-09,8.2416502147e-09,8.2416502147e-09,4.9639015585e-78,3.8831340675e-64,8.781329695e-30,0.00027463470207,0.00027463470207,0.00027463470207,0.00027463470207,2.7162287778e-27,2.6833166078e-83,2.4355194123e-37,5.4540074538e-16,1.3528875447e-72,1.3768892003e-78,3.6968899018e-19,1.3766034887e-28,5.2130431401e-06,5.2130431401e-06,5.2130431401e-06,5.2130431401e-06,0.84828759151,0.84828759151,0.84828759151,0.84828759151,1.2246066779e-12,8.9137650658e-09,8.9137650658e-09,8.9137650658e-09,8.9137650658e-09,1.4641850926e-19,2.9011981305e-05,2.9011981305e-05,2.9011981305e-05,2.9011981305e-05
4710,5.5451695397e-06,5.5451695398e-06,5.5451695397e-06,5.5451695397e-06,6.7846381143e-42,2.6876600276e-30,5.5010704584e-25,5.5010704584e-25,5.5010704584e-25,5.5010704584e-25,1.1412152233e-51,1.3450808999e-46,4.2123618116e-78,2.6591866393e-35,3.6396636525e-29,8.2509832852e-09,8.2509832852e-09,8.2509832852e-09,8.2509832852e-09,4.2031039414e-78,3.4840097935e-64,8.6729844252e-30,0.00027495226602,0.00027495226602,0.00027495226602,0.00027495226602,2.6921416434e-27,2.2181131301e-83,2.3722769661e-37,5.4545898385e-16,1.1729597356e-72,1.1629580215e-78,3.6919995689e-19,1.3619984835e-28,5.2190669826e-06,5.2190669826e-06,5.2190669826e-06,5.2190669826e-06,0.84926766261,0.84926766261,0.84926766261,0.84926766261,1.2256748325e-12,8.9238668748e-09,8.9238668748e-09,8.9238668748e-09,8.9238668748e-09,1.4619057584e-19,2.9045522874e-05,2.9045522874e-05,2.9045522874e-05,2.9045522874e-05
4715,5.5515773736e-06,5.5515773736e-06,5.5515773736e-06,5.5515773736e-06,6.539493594e-42,2.6525272161e-30,5.4674147722e-25,5.4674147722e-25,5.4674147722e-25,5.4674147722e-25,1.0699790282e-51,1.2803856937e-46,3.5669536181e-78,2.6012641292e-35,3.5982308732e-29,8.2603288556e-09,8.2603288556e-09,8.2603288556e-09,8.2603288556e-09,3.5590998726e-78,3.126177247e-64,8.5663329481e-30,0.00027527019727,0.00027527019727,0.00027527019727,0.00027527019727,2.6683592363e-27,1.8336218734e-83,2.3108230734e-37,5.4552054825e-16,1.0170322105e-72,9.8231622457e-79,3.6871604076e-19,1.347599723e-28,5.2250978418e-06,5.2250978418e-06,5.2250978418e-06,5.2250978418e-06,0.85024886508,0.85024886508,0.85024886508,0.85024886508,1.22674642e-12,8.933982154e-09,8.933982154e-09,8.933982154e-09,8.933982154e-09,1.4596489659e-19,2.9079103311e-05,2.9079103311e-05,2.9079103311e-05,2.9079103311e-05
4720,5.5579926691e-06,5.5579926691e-06,5.5579926691e-06,5.5579926691e-06,6.3036731221e-42,2.6179664502e-30,5.434112964e-25,5.434112964e-25,5.434112964e-25,5.434112964e-25,1.0032782124e-51,1.2189028676e-46,3.0205938008e-78,2.5447500394e-35,3.5574108767e-29,8.2696869254e-09,8.2696869254e-09,8.2696869254e-09,8.2696869254e-09,3.01393088e-78,2.8053370646e-64,8.4613445244e-30,0.00027558849625,0.00027558849625,0.00027558849625,0.00027558849625,2.6448769422e-27,1.5158288956e-83,2.2511033935e-37,5.4558542048e-16,8.8189421793e-73,8.2977591172e-79,3.6823720156e-19,1.333403774e-28,5.2311357252e-06,5.2311357252e-06,5.2311357252e-06,5.2311357252e-06,0.85123120021,0.85123120021,0.85123120021,0.85123120021,1.2278214301e-12,8.9441109032e-09,8.9441109032e-09,8.9441109032e-09,8.9441109032e-09,1.4574145308e-19,2.9112722658e-05,2.9112722658e-05,2.9112722658e-05,2.9112722658e-05
4725,5.5644154341e-06,5.5644154341e-06,5.5644154341e-06,5.5644154341e-06,6.0768053338e-42,2.5839669853e-30,5.4011605229e-25,5.4011605229e-25,5.4011605229e-25,5.4011605229e-25,9.4081850894e-52,1.1604680982e-46,2.5580572153e-78,2.4896069703e-35,3.5171930543e-29,8.2790574945e-09,8.2790574945e-09,8.2790574945e-09,8.2790574945e-09,2.5524042727e-78,2.5176403779e-64,8.357989041e-30,0.00027590716338,0.00027590716338,0.00027590716338,0.00027590716338,2.6216902274e-27,1.2531552908e-83,2.1930653429e-37,5.4565358256e-16,7.6476579114e-73,7.0095889367e-79,3.6776339947e-19,1.3194072682e-28,5.2371806403e-06,5.2371806403e-06,5.2371806403e-06,5.2371806403e-06,0.85221466931,0.85221466931,0.85221466931,0.85221466931,1.228899852e-12,8.9542531225e-09,8.9542531225e-09,8.9542531225e-09,8.9542531225e-09,1.455202271e-19,2.9146380961e-05,2.9146380961e-05,2.9146380961e-05,2.9146380961e-05
4730,5.5708456767e-06,5.5708456767e-06,5.5708456767e-06,5.5708456767e-06,5.8585342887e-42,2.550518302e-30,5.3685530059e-25,5.3685530059e-25,5.3685530059e-25,5.3685530059e-25,8.8232509342e-52,1.1049257057e-46,2.1664628045e-78,2.4357985923e-35,3.4775670051e-29,8.2884405626e-09,8.2884405626e-09,8.2884405626e-09,8.2884405626e-09,2.1616665017e-78,2.2596413146e-64,8.2562369978e-30,0.00027622619908,0.00027622619908,0.00027622619908,0.00027622619908,2.5987946368e-27,1.0360337664e-83,2.1366580348e-37,5.4572501668e-16,6.6323978244e-73,5.9217012399e-79,3.6729459511e-19,1.3056069008e-28,5.2432325946e-06,5.2432325946e-06,5.2432325946e-06,5.2432325946e-06,0.85319927369,0.85319927369,0.85319927369,0.85319927369,1.2299816754e-12,8.9644088123e-09,8.9644088123e-09,8.9644088123e-09,8.9644088123e-09,1.4530120059e-19,2.9180078263e-05,2.9180078263e-05,2.9180078263e-05,2.9180078263e-05
4735,5.5772834049e-06,5.5772834049e-06,5.5772834049e-06,5.5772834049e-06,5.6485188053e-42,2.5176101019e-30,5.3362860366e-25,5.3362860366e-25,5.3362860366e-25,5.3362860366e-25,8.2754127669e-52,1.0521281874e-46,1.8349121207e-78,2.3832896128e-35,3.4385225311e-29,8.2978361298e-09,8.2978361298e-09,8.2978361298e-09,8.2978361298e-09,1.8308424368e-78,2.0282545394e-64,8.1560594935e-30,0.00027654560379,0.00027654560379,0.00027654560379,0.00027654560379,2.5761857925e-27,8.5655890359e-84,2.0818322218e-37,5.4579970521e-16,5.7523172026e-73,5.0029094674e-79,3.668307495e-19,1.2919994294e-28,5.2492915956e-06,5.2492915956e-06,5.2492915956e-06,5.2492915956e-06,0.85418501466,0.85418501466,0.85418501466,0.85418501466,1.23106689e-12,8.9745779728e-09,8.9745779728e-09,8.9745779728e-09,8.9745779728e-09,1.4508435573e-19,2.9213814607e-05,2.9213814607e-05,2.9213814607e-05,2.9213814607e-05
4740,5.5837286267e-06,5.5837286267e-06,5.5837286267e-06,5.5837286267e-06,5.4464318243e-42,2.4852323019e-30,5.3043553044e-25,5.3043553044e-25,5.3043553044e-25,5.3043553044e-25,7.762272871e-52,1.0019357766e-46,1.5541836801e-78,2.3320457451e-35,3.4000496328e-29,8.3072441962e-09,8.3072441962e-09,8.3072441962e-09,8.3072441962e-09,1.5507303598e-78,1.8207172954e-64,8.0574282124e-30,0.00027686537792,0.00027686537792,0.00027686537792,0.00027686537792,2.5538593924e-27,7.0819826843e-84,2.02854024e-37,5.4587763066e-16,4.9893642942e-73,4.2268905072e-79,3.663718241e-19,1.2785816722e-28,5.2553576509e-06,5.2553576509e-06,5.2553576509e-06,5.2553576509e-06,0.85517189352,0.85517189352,0.85517189352,0.85517189352,1.2321554855e-12,8.9847606045e-09,8.9847606045e-09,8.9847606045e-09,8.9847606045e-09,1.4486967488e-19,2.9247590039e-05,2.9247590039e-05,2.9247590039e-05,2.9247590039e-05
4745,5.5901813502e-06,5.5901813502e-06,5.5901813502e-06,5.5901813502e-06,5.2519598017e-42,2.4533750293e-30,5.2727565627e-25,5.2727565627e-25,5.2727565627e-25,5.2727565627e-25,7.2815913585e-52,9.5421602582e-47,1.3164745108e-78,2.2820336772e-35,3.3621385053e-29,8.316664762e-09,8.316664762e-09,8.316664762e-09,8.316664762e-09,1.3135440555e-78,1.6345554662e-64,7.9603154112e-30,0.0002771855219,0.0002771855219,0.0002771855219,0.0002771855219,2.5318112089e-27,5.8555377926e-84,1.9767359547e-37,5.4595877569e-16,4.3279050007e-73,3.5714251193e-79,3.6591778074e-19,1.2653505074e-28,5.2614307682e-06,5.2614307682e-06,5.2614307682e-06,5.2614307682e-06,0.85615991159,0.85615991159,0.85615991159,0.85615991159,1.2332474517e-12,8.9949567081e-09,8.9949567081e-09,8.9949567081e-09,8.9949567081e-09,1.4465714058e-19,2.9281404602e-05,2.9281404602e-05,2.9281404602e-05,2.9281404602e-05
4750,5.5966415835e-06,5.5966415835e-06,5.5966415835e-06,5.5966415835e-06,5.0648021278e-42,2.4220286174e-30,5.2414856284e-25,5.2414856284e-25,5.2414856284e-25,5.2414856284e-25,6.8312755971e-52,9.0884341342e-47,1.1151815982e-78,2.2332210428e-35,3.3247795337e-29,8.3260978276e-09,8.3260978276e-09,8.3260978276e-09,8.3260978276e-09,1.1126947149e-78,1.4675532314e-64,7.8646939065e-30,0.00027750603615,0.00027750603615,0.00027750603615,0.00027750603615,2.5100370868e-27,4.8416458026e-84,1.926374709e-37,5.4604312313e-16,3.7543981444e-73,3.0177571684e-79,3.6546858168e-19,1.2523028713e-28,5.2675109549e-06,5.2675109549e-06,5.2675109549e-06,5.2675109549e-06,0.85714907018,0.85714907018,0.85714907018,0.85714907018,1.2343427787e-12,9.0051662843e-09,9.0051662843e-09,9.0051662843e-09,9.0051662843e-09,1.4444673556e-19,2.931525834e-05,2.931525834e-05,2.931525834e-05,2.931525834e-05
4755,5.6031093347e-06,5.6031093347e-06,5.6031093347e-06,5.6031093347e-06,4.8846705726e-42,2.3911836004e-30,5.2105383807e-25,5.2105383807e-25,5.2105383807e-25,5.2105383807e-25,6.4093703577e-52,8.6569897174e-47,9.4471705644e-79,2.1855763923e-35,3.2879632895e-29,8.3355433935e-09,8.3355433935e-09,8.3355433935e-09,8.3355433935e-09,9.4260649597e-79,1.3177259312e-64,7.7705370619e-30,0.00027782692112,0.00027782692112,0.00027782692112,0.00027782692112,2.4885329428e-27,4.0034419709e-84,1.8774132736e-37,5.4613065596e-16,3.2571144785e-73,2.5500530538e-79,3.6502418957e-19,1.2394357575e-28,5.2735982186e-06,5.2735982186e-06,5.2735982186e-06,5.2735982186e-06,0.85813937061,0.85813937061,0.85813937061,0.85813937061,1.2354414564e-12,9.0153893341e-09,9.0153893341e-09,9.0153893341e-09,9.0153893341e-09,1.4423844275e-19,2.9349151298e-05,2.9349151298e-05,2.9349151298e-05,2.9349151298e-05
4760,5.6095846119e-06,5.6095846119e-06,5.6095846119e-06,5.6095846119e-06,4.7112887559e-42,2.3608307087e-30,5.1799107599e-25,5.1799107599e-25,5.1799107599e-25,5.1799107599e-25,6.0140486327e-52,8.2466993555e-47,8.0035181472e-79,2.1390691651e-35,3.2516805259e-29,8.3450014603e-09,8.3450014603e-09,8.3450014603e-09,8.3450014603e-09,7.9856053982e-79,1.1832958e-64,7.6778187765e-30,0.00027814817721,0.00027814817721,0.00027814817721,0.00027814817721,2.4672947635e-27,3.3104600799e-84,1.8298097987e-37,5.4622135731e-16,2.8258935315e-73,2.1549456442e-79,3.6458456744e-19,1.2267462157e-28,5.279692567e-06,5.279692567e-06,5.279692567e-06,5.279692567e-06,0.85913081419,0.85913081419,0.85913081419,0.85913081419,1.2365434749e-12,9.0256258584e-09,9.0256258584e-09,9.0256258584e-09,9.0256258584e-09,1.4403224524e-19,2.9383083521e-05,2.9383083521e-05,2.9383083521e-05,2.9383083521e-05
4765,5.6160674232e-06,5.6160674232e-06,5.6160674232e-06,5.6160674232e-06,4.5443916407e-42,2.330960865e-30,5.1495987665e-25,5.1495987665e-25,5.1495987665e-25,5.1495987665e-25,5.6436030784e-52,7.8564941006e-47,6.7808341225e-79,2.093669663e-35,3.2159221748e-29,8.3544720288e-09,8.3544720288e-09,8.3544720288e-09,8.3544720288e-09,6.7656304421e-79,1.0626702624e-64,7.5865134726e-30,0.00027846980486,0.00027846980486,0.00027846980486,0.00027846980486,2.446318604e-27,2.7375210325e-84,1.783523767e-37,5.4631521044e-16,2.451933175e-73,1.8211494892e-79,3.6414967872e-19,1.2142313503e-28,5.2857940078e-06,5.2857940078e-06,5.2857940078e-06,5.2857940078e-06,0.86012340224,0.86012340224,0.86012340224,0.86012340224,1.2376488245e-12,9.0358758585e-09,9.0358758585e-09,9.0358758585e-09,9.0358758585e-09,1.4382812633e-19,2.9417055051e-05,2.9417055051e-05,2.9417055051e-05,2.9417055051e-05
4770,5.6225577767e-06,5.6225577767e-06,5.6225577767e-06,5.6225577767e-06,4.3837250491e-42,2.3015651792e-30,5.1195984601e-25,5.1195984601e-25,5.1195984601e-25,5.1195984601e-25,5.2964380375e-52,7.4853605703e-47,5.7452417688e-79,2.0493490239e-35,3.1806793421e-29,8.3639550998e-09,8.3639550998e-09,8.3639550998e-09,8.3639550998e-09,5.7323367905e-79,9.5442252064e-65,7.4965960843e-30,0.0002787918045,0.0002787918045,0.0002787918045,0.0002787918045,2.4256005871e-27,2.2638146378e-84,1.7385159494e-37,5.464121988e-16,2.1276075013e-73,1.53913615e-79,3.6371948723e-19,1.2018883196e-28,5.2919025485e-06,5.2919025485e-06,5.2919025485e-06,5.2919025485e-06,0.86111713607,0.86111713607,0.86111713607,0.86111713607,1.2387574954e-12,9.0461393355e-09,9.0461393355e-09,9.0461393355e-09,9.0461393355e-09,1.4362606948e-19,2.9451065935e-05,2.9451065935e-05,2.9451065935e-05,2.9451065935e-05
4775,5.6290556806e-06,5.6290556806e-06,5.6290556806e-06,5.6290556806e-06,4.2290451996e-42,2.2726349449e-30,5.0899059583e-25,5.0899059583e-25,5.0899059583e-25,5.0899059583e-25,4.9710621035e-52,7.1323379813e-47,4.8680664009e-79,2.0060791968e-35,3.1459433049e-29,8.3734506743e-09,8.3734506743e-09,8.3734506743e-09,8.3734506743e-09,4.8571120192e-79,8.5727418972e-65,7.4080420459e-30,0.00027911417655,0.00027911417655,0.00027911417655,0.00027911417655,2.4051369017e-27,1.872140983e-84,1.6947483611e-37,5.4651230594e-16,1.8463091887e-73,1.3008602428e-79,3.6329395714e-19,1.1897143341e-28,5.2980181968e-06,5.2980181968e-06,5.2980181968e-06,5.2980181968e-06,0.86211201701,0.86211201701,0.86211201701,0.86211201701,1.239869478e-12,9.0564162909e-09,9.0564162909e-09,9.0564162909e-09,9.0564162909e-09,1.4342605833e-19,2.9485116216e-05,2.9485116216e-05,2.9485116216e-05,2.9485116216e-05
4780,5.6355611431e-06,5.6355611431e-06,5.6355611431e-06,5.6355611431e-06,4.0801182654e-42,2.2441616345e-30,5.0605174363e-25,5.0605174363e-25,5.0605174363e-25,5.0605174363e-25,4.6660811879e-52,6.7965153456e-47,4.125035272e-79,1.9638329177e-35,3.1117055069e-29,8.3829587534e-09,8.3829587534e-09,8.3829587534e-09,8.3829587534e-09,4.115736181e-79,7.7007976218e-65,7.3208272817e-30,0.00027943692145,0.00027943692145,0.00027943692145,0.00027943692145,2.3849238014e-27,1.5482836322e-84,1.6521842205e-37,5.466155156e-16,1.6023130544e-73,1.0995282621e-79,3.6287305302e-19,1.1777066564e-28,5.3041409604e-06,5.3041409604e-06,5.3041409604e-06,5.3041409604e-06,0.86310804638,0.86310804638,0.86310804638,0.86310804638,1.2409847629e-12,9.0667067263e-09,9.0667067263e-09,9.0667067263e-09,9.0667067263e-09,1.4322807668e-19,2.951920594e-05,2.951920594e-05,2.951920594e-05,2.951920594e-05
4785,5.6420741724e-06,5.6420741724e-06,5.6420741724e-06,5.6420741724e-06,3.9367199508e-42,2.2161368957e-30,5.0314291252e-25,5.0314291252e-25,5.0314291252e-25,5.0314291252e-25,4.3801920567e-52,6.4770288193e-47,3.4956007315e-79,1.9225836854e-35,3.0779575558e-29,8.3924793383e-09,8.3924793383e-09,8.3924793383e-09,8.3924793383e-09,3.4877064034e-79,6.9181270961e-65,7.2349281941e-30,0.00027976003963,0.00027976003963,0.00027976003963,0.00027976003963,2.3649576035e-27,1.2804917298e-84,1.6107879082e-37,5.4672181162e-16,1.3906579378e-73,9.294034934e-80,3.6245673979e-19,1.1658625992e-28,5.3102708471e-06,5.3102708471e-06,5.3102708471e-06,5.3102708471e-06,0.8641052255,0.8641052255,0.8641052255,0.8641052255,1.2421033404e-12,9.0770106432e-09,9.0770106432e-09,9.0770106432e-09,9.0770106432e-09,1.4303210853e-19,2.955333515e-05,2.955333515e-05,2.955333515e-05,2.955333515e-05
4790,5.6485947767e-06,5.6485947767e-06,5.6485947767e-06,5.6485947767e-06,3.798635088e-42,2.1885525475e-30,5.0026373113e-25,5.0026373113e-25,5.0026373113e-25,5.0026373113e-25,4.1121763038e-52,6.173059197e-47,2.9623676202e-79,1.8823057395e-35,3.044691219e-29,8.4020124304e-09,8.4020124304e-09,8.4020124304e-09,8.4020124304e-09,2.9556655054e-79,6.2155304676e-65,7.1503216543e-30,0.00028008353152,0.00028008353152,0.00028008353152,0.00028008353152,2.3452346877e-27,1.0590520715e-84,1.5705249287e-37,5.4683117802e-16,1.2070444452e-73,7.8564137268e-80,3.6204498275e-19,1.1541795247e-28,5.3164078644e-06,5.3164078644e-06,5.3164078644e-06,5.3164078644e-06,0.8651035557,0.8651035557,0.8651035557,0.8651035557,1.2432252013e-12,9.0873280435e-09,9.0873280435e-09,9.0873280435e-09,9.0873280435e-09,1.4283813804e-19,2.9587503892e-05,2.9587503892e-05,2.9587503892e-05,2.9587503892e-05
4795,5.6551229641e-06,5.6551229641e-06,5.6551229641e-06,5.6551229641e-06,3.6656572501e-42,2.1614005759e-30,4.9741383355e-25,4.9741383355e-25,4.9741383355e-25,4.9741383355e-25,3.8608947301e-52,5.8838295423e-47,2.5106088263e-79,1.8429740376e-35,3.0118984211e-29,8.411558031e-09,8.411558031e-09,8.411558031e-09,8.411558031e-09,2.5049185862e-79,5.5847620351e-65,7.0669849911e-30,0.00028040739754,0.00028040739754,0.00028040739754,0.00028040739754,2.3257514948e-27,8.7593550205e-85,1.5313618725e-37,5.4694359893e-16,1.0477464202e-73,6.6415053439e-80,3.6163774755e-19,1.1426548436e-28,5.3225520202e-06,5.3225520202e-06,5.3225520202e-06,5.3225520202e-06,0.86610303831,0.86610303831,0.86610303831,0.86610303831,1.2443503363e-12,9.0976589291e-09,9.0976589291e-09,9.0976589291e-09,9.0976589291e-09,1.4264614953e-19,2.962171221e-05,2.962171221e-05,2.962171221e-05,2.962171221e-05
4800,5.661658743e-06,5.661658743e-06,5.661658743e-06,5.661658743e-06,3.5375883821e-42,2.1346731307e-30,4.945928592e-25,4.945928592e-25,4.945928592e-25,4.945928592e-25,3.6252821026e-52,5.6086029472e-47,2.1278554034e-79,1.8045642343e-35,2.9795712396e-29,8.4211161418e-09,8.4211161418e-09,8.4211161418e-09,8.4211161418e-09,2.1230240218e-79,5.018430665e-65,6.9848959815e-30,0.00028073163813,0.00028073163813,0.00028073163813,0.00028073163813,2.306504526e-27,7.2450472156e-85,1.4932663801e-37,5.4705905865e-16,9.0953429071e-74,5.6147553339e-80,3.612350002e-19,1.1312860138e-28,5.3287033222e-06,5.3287033222e-06,5.3287033222e-06,5.3287033222e-06,0.86710367464,0.86710367464,0.86710367464,0.86710367464,1.2454787362e-12,9.108003302e-09,9.108003302e-09,9.108003302e-09,9.108003302e-09,1.4245612748e-19,2.965596015e-05,2.965596015e-05,2.965596015e-05,2.965596015e-05
4805,5.6682021217e-06,5.6682021217e-06,5.6682021217e-06,5.6682021217e-06,3.4142384478e-42,2.1083625213e-30,4.9180045276e-25,4.9180045276e-25,4.9180045276e-25,4.9180045276e-25,3.4043422655e-52,5.3466804141e-47,1.8035497601e-79,1.7670526602e-35,2.9477019025e-29,8.4306867645e-09,8.4306867645e-09,8.4306867645e-09,8.4306867645e-09,1.799447397e-79,4.5099106642e-65,6.9040328405e-30,0.00028105625372,0.00028105625372,0.00028105625372,0.00028105625372,2.2874903411e-27,5.9927282664e-85,1.4562071073e-37,5.471775416e-16,7.8960869667e-74,4.7469785526e-80,3.6083670705e-19,1.1200705401e-28,5.3348617781e-06,5.3348617781e-06,5.3348617781e-06,5.3348617781e-06,0.86810546604,0.86810546604,0.86810546604,0.86810546604,1.2466103918e-12,9.1183611643e-09,9.1183611643e-09,9.1183611643e-09,9.1183611643e-09,1.4226805656e-19,2.9690247756e-05,2.9690247756e-05,2.9690247756e-05,2.9690247756e-05
4810,5.6747531082e-06,5.6747531082e-06,5.6747531082e-06,5.6747531082e-06,3.2954250917e-42,2.0824612138e-30,4.8903626409e-25,4.8903626409e-25,4.8903626409e-25,4.8903626409e-25,3.1971435804e-52,5.0973988516e-47,1.5287521971e-79,1.7304163023e-35,2.9162827849e-29,8.4402699007e-09,8.4402699007e-09,8.4402699007e-09,8.4402699007e-09,1.5252686725e-79,4.0532620079e-65,6.8243742119e-30,0.00028138124474,0.00028138124474,0.00028138124474,0.00028138124474,2.2687055578e-27,4.9570377125e-85,1.4201536909e-37,5.4729903232e-16,6.8554301383e-74,4.0135235883e-80,3.6044283481e-19,1.1090059725e-28,5.3410273957e-06,5.3410273957e-06,5.3410273957e-06,5.3410273957e-06,0.86910841383,0.86910841383,0.86910841383,0.86910841383,1.2477452941e-12,9.1287325184e-09,9.1287325184e-09,9.1287325184e-09,9.1287325184e-09,1.4208192157e-19,2.9724575072e-05,2.9724575072e-05,2.9724575072e-05,2.9724575072e-05
4815,5.6813117111e-06,5.6813117111e-06,5.6813117111e-06,5.6813117111e-06,3.1809733162e-42,2.0569618268e-30,4.8629994811e-25,4.8629994811e-25,4.8629994811e-25,4.8629994811e-25,3.0028146723e-52,4.8601291798e-47,1.2958925743e-79,1.6946327839e-35,2.8853064055e-29,8.4498655525e-09,8.4498655525e-09,8.4498655525e-09,8.4498655525e-09,1.292934387e-79,3.6431589318e-65,6.7458991591e-30,0.00028170661163,0.00028170661163,0.00028170661163,0.00028170661163,2.2501468507e-27,4.1004746387e-85,1.3850767166e-37,5.4742351553e-16,5.95233579e-74,3.3935674137e-80,3.6005335052e-19,1.0980899056e-28,5.3472001828e-06,5.3472001828e-06,5.3472001828e-06,5.3472001828e-06,0.87011251934,0.87011251934,0.87011251934,0.87011251934,1.2488834342e-12,9.1391173666e-09,9.1391173666e-09,9.1391173666e-09,9.1391173666e-09,1.4189770749e-19,2.9758942145e-05,2.9758942145e-05,2.9758942145e-05,2.9758942145e-05
4820,5.6878779385e-06,5.6878779385e-06,5.6878779385e-06,5.6878779385e-06,3.0707151728e-42,2.0318571284e-30,4.8359116477e-25,4.8359116477e-25,4.8359116477e-25,4.8359116477e-25,2.8205404616e-52,4.6342745384e-47,1.0985601564e-79,1.6596803463e-35,2.8547654243e-29,8.4594737219e-09,8.4594737219e-09,8.4594737219e-09,8.4594737219e-09,1.096047955e-79,3.2748260085e-65,6.6685871555e-30,0.00028203235482,0.00028203235482,0.00028203235482,0.00028203235482,2.2318109497e-27,3.3920348442e-85,1.3509476876e-37,5.4755097603e-16,5.1685658128e-74,2.86951994e-80,3.5966822158e-19,1.087319978e-28,5.3533801473e-06,5.3533801473e-06,5.3533801473e-06,5.3533801473e-06,0.87111778392,0.87111778392,0.87111778392,0.87111778392,1.2500248032e-12,9.1495157114e-09,9.1495157114e-09,9.1495157114e-09,9.1495157114e-09,1.4171539946e-19,2.979334902e-05,2.979334902e-05,2.979334902e-05,2.979334902e-05
4825,5.6944517988e-06,5.6944517988e-06,5.6944517988e-06,5.6944517988e-06,2.9644894668e-42,2.0071400326e-30,4.809095789e-25,4.809095789e-25,4.809095789e-25,4.809095789e-25,2.649558461e-52,4.4192685904e-47,9.3132575774e-80,1.6255378304e-35,2.8246526392e-29,8.4690944109e-09,8.4690944109e-09,8.4690944109e-09,8.4690944109e-09,9.2919219586e-80,2.9439809167e-65,6.592418076e-30,0.00028235847474,0.00028235847474,0.00028235847474,0.00028235847474,2.2136946397e-27,2.8060844997e-85,1.3177389944e-37,5.476813988e-16,4.4883072426e-74,2.4265213214e-80,3.592874157e-19,1.0766938707e-28,5.3595672968e-06,5.3595672968e-06,5.3595672968e-06,5.3595672968e-06,0.87212420888,0.87212420888,0.87212420888,0.87212420888,1.2511693922e-12,9.1599275555e-09,9.1599275555e-09,9.1599275555e-09,9.1599275555e-09,1.4153498277e-19,2.9827795741e-05,2.9827795741e-05,2.9827795741e-05,2.9827795741e-05
4830,5.7010333003e-06,5.7010333003e-06,5.7010333003e-06,5.7010333003e-06,2.8621414741e-42,1.9828035966e-30,4.782548602e-25,4.782548602e-25,4.782548602e-25,4.782548602e-25,2.4891553212e-52,4.2145739189e-47,7.8959121393e-80,1.592184659e-35,2.7949609832e-29,8.4787276219e-09,8.4787276219e-09,8.4787276219e-09,8.4787276219e-09,7.8777913119e-80,2.6467832001e-65,6.5173721883e-30,0.00028268497183,0.00028268497183,0.00028268497183,0.00028268497183,2.1957947589e-27,2.3214292265e-85,1.2854238851e-37,5.4781476892e-16,3.8978488412e-74,2.0520175421e-80,3.5891090093e-19,1.066209307e-28,5.3657616393e-06,5.3657616393e-06,5.3657616393e-06,5.3657616393e-06,0.87313179558,0.87313179558,0.87313179558,0.87313179558,1.2523171926e-12,9.1703529015e-09,9.1703529015e-09,9.1703529015e-09,9.1703529015e-09,1.4135644285e-19,2.9862282353e-05,2.9862282353e-05,2.9862282353e-05,2.9862282353e-05
4835,5.7076224513e-06,5.7076224513e-06,5.7076224513e-06,5.7076224513e-06,2.7635226717e-42,1.958841017e-30,4.7562668311e-25,4.7562668311e-25,4.7562668311e-25,4.7562668311e-25,2.3386636066e-52,4.0196805094e-47,6.6946197593e-80,1.5596008197e-35,2.7656835215e-29,8.4883733571e-09,8.4883733571e-09,8.4883733571e-09,8.4883733571e-09,6.6792285483e-80,2.3797883839e-65,6.4434301445e-30,0.00028301184652,0.00028301184652,0.00028301184652,0.00028301184652,2.1781081982e-27,1.9205446649e-85,1.2539764376e-37,5.4795107162e-16,3.3853009356e-74,1.7354020775e-80,3.5853864565e-19,1.0558640512e-28,5.3719631825e-06,5.3719631825e-06,5.3719631825e-06,5.3719631825e-06,0.87414054535,0.87414054535,0.87414054535,0.87414054535,1.2534681957e-12,9.1807917524e-09,9.1807917524e-09,9.1807917524e-09,9.1807917524e-09,1.411797653e-19,2.9896808903e-05,2.9896808903e-05,2.9896808903e-05,2.9896808903e-05
4840,5.7142192603e-06,5.7142192603e-06,5.7142192603e-06,5.7142192603e-06,2.6684904783e-42,1.9352456269e-30,4.7302472676e-25,4.7302472676e-25,4.7302472676e-25,4.7302472676e-25,2.197458787e-52,3.8341043141e-47,5.6763926805e-80,1.5277668483e-35,2.7368134492e-29,8.498031619e-09,8.498031619e-09,8.498031619e-09,8.498031619e-09,5.6633192505e-80,2.1399068858e-65,6.3705729726e-30,0.00028333909926,0.00028333909926,0.00028333909926,0.00028333909926,2.1606319003e-27,1.5889404979e-85,1.2233715323e-37,5.4809029224e-16,2.94035271e-74,1.4677133257e-80,3.5817061856e-19,1.0456559078e-28,5.3781719345e-06,5.3781719345e-06,5.3781719345e-06,5.3781719345e-06,0.87515045953,0.87515045953,0.87515045953,0.87515045953,1.254622393e-12,9.1912441111e-09,9.1912441111e-09,9.1912441111e-09,9.1912441111e-09,1.4100493586e-19,2.9931375435e-05,2.9931375435e-05,2.9931375435e-05,2.9931375435e-05
4845,5.7208237356e-06,5.7208237356e-06,5.7208237356e-06,5.7208237356e-06,2.5769080076e-42,1.9120108932e-30,4.7044867486e-25,4.7044867486e-25,4.7044867486e-25,4.7044867486e-25,2.0649564287e-52,3.6573858932e-47,4.813288015e-80,1.4966638128e-35,2.708344088e-29,8.5077024102e-09,8.5077024102e-09,8.5077024102e-09,8.5077024102e-09,4.8021827666e-80,1.9243672177e-65,6.2987820686e-30,0.00028366673047,0.00028366673047,0.00028366673047,0.00028366673047,2.1433628582e-27,1.3146347657e-85,1.1935848256e-37,5.4823241626e-16,2.5540619315e-74,1.241379119e-80,3.5780678867e-19,1.0355827209e-28,5.384387903e-06,5.384387903e-06,5.384387903e-06,5.384387903e-06,0.87616153946,0.87616153946,0.87616153946,0.87616153946,1.2557797759e-12,9.2017099808e-09,9.2017099808e-09,9.2017099808e-09,9.2017099808e-09,1.4083194044e-19,2.9965981995e-05,2.9965981995e-05,2.9965981995e-05,2.9965981995e-05
4850,5.7274358856e-06,5.7274358856e-06,5.7274358856e-06,5.7274358856e-06,2.488643831e-42,1.8891304131e-30,4.6789821568e-25,4.6789821568e-25,4.6789821568e-25,4.6789821568e-25,1.9406095743e-52,3.4890891295e-47,4.0816349762e-80,1.4662732978e-35,2.6802688839e-29,8.5173857334e-09,8.5173857334e-09,8.5173857334e-09,8.5173857334e-09,4.0722011258e-80,1.7306830263e-65,6.2280391887e-30,0.00028399474059,0.00028399474059,0.00028399474059,0.00028399474059,2.1262981149e-27,1.0877193289e-85,1.1645927246e-37,5.4837742929e-16,2.2186727616e-74,1.0500009759e-80,3.5744712533e-19,1.0256423732e-28,5.3906110958e-06,5.3906110958e-06,5.3906110958e-06,5.3906110958e-06,0.87717378649,0.87717378649,0.87717378649,0.87717378649,1.2569403361e-12,9.2121893645e-09,9.2121893645e-09,9.2121893645e-09,9.2121893645e-09,1.4066076506e-19,3.0000628629e-05,3.0000628629e-05,3.0000628629e-05,3.0000628629e-05
4855,5.7340557188e-06,5.7340557188e-06,5.7340557188e-06,5.7340557188e-06,2.4035717514e-42,1.8665979119e-30,4.6537304192e-25,4.6537304192e-25,4.6537304192e-25,4.6537304192e-25,1.8239062954e-52,3.3288000115e-47,3.4613806741e-80,1.4365773896e-35,2.6525814048e-29,8.5270815913e-09,8.5270815913e-09,8.5270815913e-09,8.5270815913e-09,3.4533662622e-80,1.556623571e-65,6.1583264413e-30,0.00028432313006,0.00028432313006,0.00028432313006,0.00028432313006,2.1094347619e-27,9.0000066639e-86,1.1363723629e-37,5.4852531704e-16,1.9274578917e-74,8.8817190564e-81,3.5709159816e-19,1.0158327855e-28,5.3968415211e-06,5.3968415211e-06,5.3968415211e-06,5.3968415211e-06,0.87818720196,0.87818720196,0.87818720196,0.87818720196,1.2581040652e-12,9.2226822657e-09,9.2226822657e-09,9.2226822657e-09,9.2226822657e-09,1.4049139592e-19,3.0035315381e-05,3.0035315381e-05,3.0035315381e-05,3.0035315381e-05
4860,5.7406832435e-06,5.7406832435e-06,5.7406832435e-06,5.7406832435e-06,2.3215705864e-42,1.8444072394e-30,4.6287285067e-25,4.6287285067e-25,4.6287285067e-25,4.6287285067e-25,1.7143674082e-52,3.1761254819e-47,2.9355362523e-80,1.407558661e-35,2.6252753375e-29,8.5367899869e-09,8.5367899869e-09,8.5367899869e-09,8.5367899869e-09,2.9287273625e-80,1.4001872771e-65,6.08962628e-30,0.00028465189931,0.00028465189931,0.00028465189931,0.00028465189931,2.0927699389e-27,7.4470293527e-86,1.1089015761e-37,5.4867606538e-16,1.6745817452e-74,7.5132253725e-81,3.5674017713e-19,1.0061519154e-28,5.4030791865e-06,5.4030791865e-06,5.4030791865e-06,5.4030791865e-06,0.87920178721,0.87920178721,0.87920178721,0.87920178721,1.259270955e-12,9.2331886877e-09,9.2331886877e-09,9.2331886877e-09,9.2331886877e-09,1.4032381933e-19,3.0070042298e-05,3.0070042298e-05,3.0070042298e-05,3.0070042298e-05
4865,5.7473184682e-06,5.7473184682e-06,5.7473184682e-06,5.7473184682e-06,2.2425239607e-42,1.8225523681e-30,4.6039734332e-25,4.6039734332e-25,4.6039734332e-25,4.6039734332e-25,1.6115443412e-52,3.0306923475e-47,2.4897079532e-80,1.3792001581e-35,2.598344486e-29,8.546510923e-09,8.546510923e-09,8.546510923e-09,8.546510923e-09,2.4839229593e-80,1.2595780426e-65,6.0219214955e-30,0.00028498104879,0.00028498104879,0.00028498104879,0.00028498104879,2.0763008324e-27,6.1622249455e-86,1.08215888e-37,5.4882966026e-16,1.4549819278e-74,6.3559116431e-81,3.5639283248e-19,9.9659775727e-29,5.4093241002e-06,5.4093241002e-06,5.4093241002e-06,5.4093241002e-06,0.8802175436,0.8802175436,0.8802175436,0.8802175436,1.2604409972e-12,9.2437086341e-09,9.2437086341e-09,9.2437086341e-09,9.2437086341e-09,1.4015802178e-19,3.0104809426e-05,3.0104809426e-05,3.0104809426e-05,3.0104809426e-05
4870,5.7539614013e-06,5.7539614013e-06,5.7539614013e-06,5.7539614013e-06,2.1663201077e-42,1.8010273896e-30,4.5794622552e-25,4.5794622552e-25,4.5794622552e-25,4.5794622552e-25,1.5150171438e-52,2.8921462476e-47,2.1117000666e-80,1.3514853855e-35,2.5717827681e-29,8.5562444029e-09,8.5562444029e-09,8.5562444029e-09,8.5562444029e-09,2.1067847504e-80,1.1331840106e-65,5.9551952094e-30,0.00028531057894,0.00028531057894,0.00028531057894,0.00028531057894,2.060024675e-27,5.0992496537e-86,1.0561234474e-37,5.4898608779e-16,1.264266484e-74,5.377139824e-81,3.5604953477e-19,9.8716834104e-29,5.41557627e-06,5.41557627e-06,5.41557627e-06,5.41557627e-06,0.88123447247,0.88123447247,0.88123447247,0.88123447247,1.2616141838e-12,9.2542421085e-09,9.2542421085e-09,9.2542421085e-09,9.2542421085e-09,1.3999398986e-19,3.0139616809e-05,3.0139616809e-05,3.0139616809e-05,3.0139616809e-05
4875,5.7606120514e-06,5.7606120514e-06,5.7606120514e-06,5.7606120514e-06,2.0928516796e-42,1.7798265125e-30,4.5551920706e-25,4.5551920706e-25,4.5551920706e-25,4.5551920706e-25,1.4243926264e-52,2.7601506771e-47,1.7911787257e-80,1.3243982939e-35,2.5455842141e-29,8.5659904296e-09,8.5659904296e-09,8.5659904296e-09,8.5659904296e-09,1.7870021345e-80,1.019558548e-65,5.8894308661e-30,0.00028564049019,0.00028564049019,0.00028564049019,0.00028564049019,2.0439387447e-27,4.21977452e-86,1.0307750879e-37,5.4914533418e-16,1.0986248462e-74,4.5493237683e-81,3.5571025486e-19,9.7786173165e-29,5.4218357039e-06,5.4218357039e-06,5.4218357039e-06,5.4218357039e-06,0.88225257518,0.88225257518,0.88225257518,0.88225257518,1.2627905067e-12,9.2647891147e-09,9.2647891147e-09,9.2647891147e-09,9.2647891147e-09,1.3983171033e-19,3.0174464494e-05,3.0174464494e-05,3.0174464494e-05,3.0174464494e-05
4880,5.7672704268e-06,5.7672704268e-06,5.7672704268e-06,5.7672704268e-06,2.0220155653e-42,1.7589440599e-30,4.5311600188e-25,4.5311600188e-25,4.5311600188e-25,4.5311600188e-25,1.3393026244e-52,2.6343860614e-47,1.5193872097e-80,1.2979232666e-35,2.5197429637e-29,8.5757490066e-09,8.5757490066e-09,8.5757490066e-09,8.5757490066e-09,1.5158381409e-80,9.174032003e-66,5.824612227e-30,0.00028597078298,0.00028597078298,0.00028597078298,0.00028597078298,2.028040364e-27,3.4920982704e-86,1.0060942263e-37,5.4930738576e-16,9.5475064648e-75,3.8491460834e-81,3.5537496389e-19,9.6867602831e-29,5.4281024099e-06,5.4281024099e-06,5.4281024099e-06,5.4281024099e-06,0.88327185308,0.88327185308,0.88327185308,0.88327185308,1.263969958e-12,9.2753496566e-09,9.2753496566e-09,9.2753496566e-09,9.2753496566e-09,1.3967117006e-19,3.0209352527e-05,3.0209352527e-05,3.0209352527e-05,3.0209352527e-05
4885,5.7739365362e-06,5.7739365362e-06,5.7739365362e-06,5.7739365362e-06,1.9537127163e-42,1.7383744666e-30,4.5073632791e-25,4.5073632791e-25,4.5073632791e-25,4.5073632791e-25,1.2594023758e-52,2.5145488811e-47,1.2889048514e-80,1.2720451076e-35,2.4942532642e-29,8.5855201371e-09,8.5855201371e-09,8.5855201371e-09,8.5855201371e-09,1.2858888689e-80,8.2555241656e-66,5.7607233631e-30,0.00028630145775,0.00028630145775,0.00028630145775,0.00028630145775,2.0123268988e-27,2.890000423e-86,9.8206188336e-38,5.4947222899e-16,8.2977480655e-75,3.2568965725e-81,3.5504363328e-19,9.596093639e-29,5.4343763959e-06,5.4343763959e-06,5.4343763959e-06,5.4343763959e-06,0.88429230751,0.88429230751,0.88429230751,0.88429230751,1.2651525297e-12,9.2859237381e-09,9.2859237381e-09,9.2859237381e-09,9.2859237381e-09,1.3951235607e-19,3.0244280954e-05,3.0244280954e-05,3.0244280954e-05,3.0244280954e-05
4890,5.7806103881e-06,5.7806103881e-06,5.7806103881e-06,5.7806103881e-06,1.8878479799e-42,1.718112277e-30,4.4837990708e-25,4.4837990708e-25,4.4837990708e-25,4.4837990708e-25,1.1843690063e-52,2.4003508429e-47,1.0934428581e-80,1.2467490287e-35,2.4691094684e-29,8.5953038247e-09,8.5953038247e-09,8.5953038247e-09,8.5953038247e-09,1.0908797605e-80,7.4295985841e-66,5.6977486485e-30,0.00028663251495,0.00028663251495,0.00028663251495,0.00028663251495,1.996795758e-27,2.3917930103e-86,9.5865965633e-38,5.4963985041e-16,7.212075328e-75,2.755913358e-81,3.5471623477e-19,9.5065990422e-29,5.44065767e-06,5.44065767e-06,5.44065767e-06,5.44065767e-06,0.88531393985,0.88531393985,0.88531393985,0.88531393985,1.2663382141e-12,9.2965113633e-09,9.2965113633e-09,9.2965113633e-09,9.2965113633e-09,1.3935525552e-19,3.027924982e-05,3.027924982e-05,3.027924982e-05,3.027924982e-05
4895,5.7872919909e-06,5.7872919909e-06,5.7872919909e-06,5.7872919909e-06,1.8243299402e-42,1.6981521425e-30,4.4604646523e-25,4.4604646523e-25,4.4604646523e-25,4.4604646523e-25,1.1139001147e-52,2.2915180938e-47,9.2767138666e-81,1.2220206385e-35,2.4443060318e-29,8.605100073e-09,8.605100073e-09,8.605100073e-09,8.605100073e-09,9.2549305798e-81,6.686861286e-66,5.6356727547e-30,0.00028696395501,0.00028696395501,0.00028696395501,0.00028696395501,1.9814443926e-27,1.9795364936e-86,9.358697004e-38,5.4981023673e-16,6.2688802801e-75,2.3321107232e-81,3.5439274035e-19,9.4182584741e-29,5.4469462402e-06,5.4469462402e-06,5.4469462402e-06,5.4469462402e-06,0.88633675143,0.88633675143,0.88633675143,0.88633675143,1.2675270033e-12,9.3071125364e-09,9.3071125364e-09,9.3071125364e-09,9.3071125364e-09,1.3919985568e-19,3.0314259173e-05,3.0314259173e-05,3.0314259173e-05,3.0314259173e-05
4900,5.7939813532e-06,5.7939813532e-06,5.7939813532e-06,5.7939813532e-06,1.7630707645e-42,1.6784888192e-30,4.4373573204e-25,4.4373573204e-25,4.4373573204e-25,4.4373573204e-25,1.0477124499e-52,2.1877904781e-47,7.8707308016e-81,1.1978459306e-35,2.4198375115e-29,8.6149088857e-09,8.6149088857e-09,8.6149088857e-09,8.6149088857e-09,7.8522166593e-81,6.0188777065e-66,5.5744806434e-30,0.00028729577838,0.00028729577838,0.00028729577838,0.00028729577838,1.9662702947e-27,1.6383914188e-86,9.1367471081e-38,5.4998337473e-16,5.4494089017e-75,1.9735801986e-81,3.5407312231e-19,9.3310542327e-29,5.4532421146e-06,5.4532421146e-06,5.4532421146e-06,5.4532421146e-06,0.88736074364,0.88736074364,0.88736074364,0.88736074364,1.2687188898e-12,9.3177272617e-09,9.3177272617e-09,9.3177272617e-09,9.3177272617e-09,1.3904614396e-19,3.0349309057e-05,3.0349309057e-05,3.0349309057e-05,3.0349309057e-05
4905,5.8006784836e-06,5.8006784836e-06,5.8006784836e-06,5.8006784836e-06,1.7039860574e-42,1.6591171658e-30,4.4144744096e-25,4.4144744096e-25,4.4144744096e-25,4.4144744096e-25,9.8554067688e-53,2.0889208327e-47,6.6781901063e-81,1.1742112726e-35,2.3956985633e-29,8.6247302666e-09,8.6247302666e-09,8.6247302666e-09,8.6247302666e-09,6.6624536947e-81,5.4180740731e-66,5.5141575612e-30,0.0002876279855,0.0002876279855,0.0002876279855,0.0002876279855,1.9512709972e-27,1.3560822967e-86,8.9205790548e-38,5.5015925132e-16,4.7373830664e-75,1.6702535116e-81,3.537573532e-19,9.2449689266e-29,5.4595453011e-06,5.4595453011e-06,5.4595453011e-06,5.4595453011e-06,0.88838591781,0.88838591781,0.88838591781,0.88838591781,1.2699138659e-12,9.3283555435e-09,9.3283555435e-09,9.3283555435e-09,9.3283555435e-09,1.3889410791e-19,3.0384399519e-05,3.0384399519e-05,3.0384399519e-05,3.0384399519e-05
4910,5.8073833907e-06,5.8073833907e-06,5.8073833907e-06,5.8073833907e-06,1.6469947207e-42,1.6400321412e-30,4.3918132921e-25,4.3918132921e-25,4.3918132921e-25,4.3918132921e-25,9.2713622165e-53,1.9946743202e-47,5.6666359439e-81,1.1511033956e-35,2.37188394e-29,8.6345642195e-09,8.6345642195e-09,8.6345642195e-09,8.6345642195e-09,5.6532598369e-81,4.8776489902e-66,5.4546890332e-30,0.00028796057682,0.00028796057682,0.00028796057682,0.00028796057682,1.9364440725e-27,1.1224542679e-86,8.7100300829e-38,5.5033785351e-16,4.1186727097e-75,1.4136177929e-81,3.5344540586e-19,9.1599854692e-29,5.4658558079e-06,5.4658558079e-06,5.4658558079e-06,5.4658558079e-06,0.88941227532,0.88941227532,0.88941227532,0.88941227532,1.271111924e-12,9.3389973864e-09,9.3389973864e-09,9.3389973864e-09,9.3389973864e-09,1.3874373518e-19,3.0419530606e-05,3.0419530606e-05,3.0419530606e-05,3.0419530606e-05
4915,5.8140960831e-06,5.8140960831e-06,5.8140960831e-06,5.8140960831e-06,1.5920188192e-42,1.6212288025e-30,4.3693713762e-25,4.3693713762e-25,4.3693713762e-25,4.3693713762e-25,8.7226619346e-53,1.9048277965e-47,4.8085557399e-81,1.1285093837e-35,2.3483884896e-29,8.6444107486e-09,8.6444107486e-09,8.6444107486e-09,8.6444107486e-09,4.7971853417e-81,4.3914941633e-66,5.3960608572e-30,0.00028829355277,0.00028829355277,0.00028829355277,0.00028829355277,1.9217871324e-27,9.2910648204e-87,8.5049423291e-38,5.5051916845e-16,3.5810115339e-75,1.1964749247e-81,3.5313725339e-19,9.0760870719e-29,5.472173643e-06,5.472173643e-06,5.472173643e-06,5.472173643e-06,0.89043981753,0.89043981753,0.89043981753,0.89043981753,1.2723130568e-12,9.349652795e-09,9.349652795e-09,9.349652795e-09,9.349652795e-09,1.3859501357e-19,3.0454702363e-05,3.0454702363e-05,3.0454702363e-05,3.0454702363e-05
4920,5.8208165693e-06,5.8208165693e-06,5.8208165693e-06,5.8208165693e-06,1.538983452e-42,1.6027023027e-30,4.3471461067e-25,4.3471461067e-25,4.3471461067e-25,4.3471461067e-25,8.2071237673e-53,1.8191692126e-47,4.0806260627e-81,1.1064166639e-35,2.3252071533e-29,8.6542698577e-09,8.6542698577e-09,8.6542698577e-09,8.6542698577e-09,4.0709601355e-81,3.9541233119e-66,5.3382590983e-30,0.00028862691379,0.00028862691379,0.00028862691379,0.00028862691379,1.9072978267e-27,7.6908890716e-87,8.3051626715e-38,5.5070318337e-16,3.1137504481e-75,1.0127381786e-81,3.5283286915e-19,8.9932572394e-29,5.4784988146e-06,5.4784988146e-06,5.4784988146e-06,5.4784988146e-06,0.8914685458,0.8914685458,0.8914685458,0.8914685458,1.2735172567e-12,9.360321774e-09,9.360321774e-09,9.360321774e-09,9.360321774e-09,1.38447931e-19,3.0489914837e-05,3.0489914837e-05,3.0489914837e-05,3.0489914837e-05
4925,5.827544858e-06,5.827544858e-06,5.827544858e-06,5.827544858e-06,1.4878166297e-42,1.584447889e-30,4.3251349636e-25,4.3251349636e-25,4.3251349636e-25,4.3251349636e-25,7.7227028927e-53,1.7374970469e-47,3.4630737348e-81,1.0848129963e-35,2.3023349635e-29,8.6641415513e-09,8.6641415513e-09,8.6641415513e-09,8.6641415513e-09,3.4548563567e-81,3.5606084188e-66,5.2812700831e-30,0.00028896066035,0.00028896066035,0.00028896066035,0.00028896066035,1.8929738432e-27,6.3665158644e-87,8.1105425787e-38,5.5088988561e-16,2.7076437229e-75,8.5726035646e-82,3.5253222679e-19,8.9114797632e-29,5.4848313306e-06,5.4848313306e-06,5.4848313306e-06,5.4848313306e-06,0.89249846151,0.89249846151,0.89249846151,0.89249846151,1.2747245165e-12,9.3710043281e-09,9.3710043281e-09,9.3710043281e-09,9.3710043281e-09,1.383024755e-19,3.0525168075e-05,3.0525168075e-05,3.0525168075e-05,3.0525168075e-05
4930,5.8342809578e-06,5.8342809578e-06,5.8342809578e-06,5.8342809578e-06,1.4384491563e-42,1.5664609003e-30,4.303335462e-25,4.303335462e-25,4.303335462e-25,4.303335462e-25,7.2674830187e-53,1.659619768e-47,2.9391345394e-81,1.063686465e-35,2.279767042e-29,8.6740258334e-09,8.6740258334e-09,8.6740258334e-09,8.6740258334e-09,2.9321482766e-81,3.2065225565e-66,5.2250803942e-30,0.00028929479287,0.00028929479287,0.00028929479287,0.00028929479287,1.8788129065e-27,5.2703726328e-87,7.9209379638e-38,5.5107926264e-16,2.3546635049e-75,7.2568854731e-82,3.5223530018e-19,8.8307387162e-29,5.4911711993e-06,5.4911711993e-06,5.4911711993e-06,5.4911711993e-06,0.89352956601,0.89352956601,0.89352956601,0.89352956601,1.2759348288e-12,9.3817004623e-09,9.3817004623e-09,9.3817004623e-09,9.3817004623e-09,1.3815863523e-19,3.0560462123e-05,3.0560462123e-05,3.0560462123e-05,3.0560462123e-05
4935,5.8410248774e-06,5.8410248774e-06,5.8410248774e-06,5.8410248774e-06,1.3908145161e-42,1.5487367656e-30,4.2817451515e-25,4.2817451515e-25,4.2817451515e-25,4.2817451515e-25,6.8396681543e-53,1.5853553252e-47,2.4945945899e-81,1.0430254683e-35,2.2574985984e-29,8.6839227086e-09,8.6839227086e-09,8.6839227086e-09,8.6839227086e-09,2.4886546991e-81,2.8878886047e-66,5.1696768653e-30,0.00028962931181,0.00028962931181,0.00028962931181,0.00028962931181,1.8648127777e-27,4.3630986791e-87,7.736209043e-38,5.5127130202e-16,2.0478389188e-75,6.1434137087e-82,3.5194206348e-19,8.7510184476e-29,5.4975184288e-06,5.4975184288e-06,5.4975184288e-06,5.4975184288e-06,0.89456186068,0.89456186068,0.89456186068,0.89456186068,1.2771481866e-12,9.3924101817e-09,9.3924101817e-09,9.3924101817e-09,9.3924101817e-09,1.3801639847e-19,3.0595797027e-05,3.0595797027e-05,3.0595797027e-05,3.0595797027e-05
4940,5.8477766255e-06,5.8477766255e-06,5.8477766255e-06,5.8477766255e-06,1.3448487661e-42,1.5312710021e-30,4.2603616152e-25,4.2603616152e-25,4.2603616152e-25,4.2603616152e-25,6.4375749168e-53,1.5145306661e-47,2.1174017173e-81,1.0228187104e-35,2.2355249282e-29,8.6938321812e-09,8.6938321812e-09,8.6938321812e-09,8.6938321812e-09,2.112351223e-81,2.6011332505e-66,5.1150465754e-30,0.0002899642176,0.0002899642176,0.0002899642176,0.0002899642176,1.8509712535e-27,3.6121265941e-87,7.5562201999e-38,5.5146599141e-16,1.7811164893e-75,5.2010522212e-82,3.516524911e-19,8.672303577e-29,5.5038730272e-06,5.5038730272e-06,5.5038730272e-06,5.5038730272e-06,0.89559534689,0.89559534689,0.89559534689,0.89559534689,1.2783645825e-12,9.4031334912e-09,9.4031334912e-09,9.4031334912e-09,9.4031334912e-09,1.3787575361e-19,3.0631172835e-05,3.0631172835e-05,3.0631172835e-05,3.0631172835e-05
4945,5.8545362107e-06,5.8545362107e-06,5.8545362107e-06,5.8545362107e-06,1.3004904317e-42,1.514059213e-30,4.2391824698e-25,4.2391824698e-25,4.2391824698e-25,4.2391824698e-25,6.0596253394e-53,1.4469812791e-47,1.7973361702e-81,1.0030551924e-35,2.2138414109e-29,8.7037542559e-09,8.7037542559e-09,8.7037542559e-09,8.7037542559e-09,1.7930416842e-81,2.343045723e-66,5.0611768443e-30,0.00029029951071,0.00029029951071,0.00029029951071,0.00029029951071,1.8372861655e-27,2.9905089167e-87,7.3808398531e-38,5.5166331859e-16,1.549239049e-75,4.4034657081e-82,3.5136655769e-19,8.5945789898e-29,5.5102350027e-06,5.5102350027e-06,5.5102350027e-06,5.5102350027e-06,0.89663002601,0.89663002601,0.89663002601,0.89663002601,1.2795840097e-12,9.4138703961e-09,9.4138703961e-09,9.4138703961e-09,9.4138703961e-09,1.3773668916e-19,3.0666589592e-05,3.0666589592e-05,3.0666589592e-05,3.0666589592e-05
4950,5.8613036417e-06,5.8613036417e-06,5.8613036417e-06,5.8613036417e-06,1.2576804074e-42,1.497097086e-30,4.2182053646e-25,4.2182053646e-25,4.2182053646e-25,4.2182053646e-25,5.7043401466e-53,1.3825507596e-47,1.5257315589e-81,9.837242041e-36,2.1924435087e-29,8.7136889372e-09,8.7136889372e-09,8.7136889372e-09,8.7136889372e-09,1.5220797303e-81,2.1107407708e-66,5.0080552274e-30,0.00029063519157,0.00029063519157,0.00029063519157,0.00029063519157,1.8237553799e-27,2.4759476069e-87,7.209940329e-38,5.5186327143e-16,1.3476406767e-75,3.7283782802e-82,3.5108423816e-19,8.5178298315e-29,5.5166043635e-06,5.5166043635e-06,5.5166043635e-06,5.5166043635e-06,0.89766589942,0.89766589942,0.89766589942,0.89766589942,1.280806461e-12,9.4246209017e-09,9.4246209017e-09,9.4246209017e-09,9.4246209017e-09,1.3759919375e-19,3.0702047347e-05,3.0702047347e-05,3.0702047347e-05,3.0702047347e-05
4955,5.8680789273e-06,5.8680789273e-06,5.8680789273e-06,5.8680789273e-06,1.2163618623e-42,1.4803803914e-30,4.1974279814e-25,4.1974279814e-25,4.1974279814e-25,4.1974279814e-25,5.370332467e-53,1.3210903995e-47,1.2952383651e-81,9.648153159e-36,2.1713267648e-29,8.72363623e-09,8.72363623e-09,8.72363623e-09,8.72363623e-09,1.2921328658e-81,1.9016254458e-66,4.9556695106e-30,0.00029097126064,0.00029097126064,0.00029097126064,0.00029097126064,1.8103767966e-27,2.0499912464e-87,7.0433977386e-38,5.5206583791e-16,1.1723555382e-75,3.1569467779e-82,3.5080550766e-19,8.4420415031e-29,5.5229811177e-06,5.5229811177e-06,5.5229811177e-06,5.5229811177e-06,0.8987029685,0.8987029685,0.8987029685,0.8987029685,1.2820319296e-12,9.4353850134e-09,9.4353850134e-09,9.4353850134e-09,9.4353850134e-09,1.3746325612e-19,3.0737546144e-05,3.0737546144e-05,3.0737546144e-05,3.0737546144e-05
4960,5.8748620761e-06,5.8748620761e-06,5.8748620761e-06,5.8748620761e-06,1.1764801481e-42,1.4639049802e-30,4.1768480334e-25,4.1768480334e-25,4.1768480334e-25,4.1768480334e-25,5.0563019523e-53,1.2624587973e-47,1.0996235155e-81,9.4631837075e-36,2.1504868015e-29,8.7335961391e-09,8.7335961391e-09,8.7335961391e-09,8.7335961391e-09,1.0969824792e-81,1.7133692969e-66,4.9040077061e-30,0.00029130771835,0.00029130771835,0.00029130771835,0.00029130771835,1.7971483489e-27,1.6973709613e-87,6.8810918586e-38,5.5227100611e-16,1.019938784e-75,2.67323098e-82,3.5053034157e-19,8.367199656e-29,5.5293652735e-06,5.5293652735e-06,5.5293652735e-06,5.5293652735e-06,0.89974123461,0.89974123461,0.89974123461,0.89974123461,1.2832604085e-12,9.4461627368e-09,9.4461627368e-09,9.4461627368e-09,9.4461627368e-09,1.3732886512e-19,3.0773086033e-05,3.0773086033e-05,3.0773086033e-05,3.0773086033e-05
4965,5.8816530969e-06,5.8816530969e-06,5.8816530969e-06,5.8816530969e-06,1.1379827122e-42,1.4476667828e-30,4.1564632655e-25,4.1564632655e-25,4.1564632655e-25,4.1564632655e-25,4.7610292791e-53,1.2065214891e-47,9.3360050825e-82,9.2822347664e-36,2.1299193189e-29,8.7435686693e-09,8.7435686693e-09,8.7435686693e-09,8.7435686693e-09,9.3135435612e-82,1.5438776232e-66,4.8530580473e-30,0.00029164456516,0.00029164456516,0.00029164456516,0.00029164456516,1.7840680024e-27,1.4054510762e-87,6.722906016e-38,5.5247876422e-16,8.8739790504e-76,2.2637457025e-82,3.5025871554e-19,8.2932901874e-29,5.5357568393e-06,5.5357568393e-06,5.5357568393e-06,5.5357568393e-06,0.90078069914,0.90078069914,0.90078069914,0.90078069914,1.284491891e-12,9.4569540773e-09,9.4569540773e-09,9.4569540773e-09,9.4569540773e-09,1.3719600973e-19,3.0808667058e-05,3.0808667058e-05,3.0808667058e-05,3.0808667058e-05
4970,5.8884519985e-06,5.8884519985e-06,5.8884519985e-06,5.8884519985e-06,1.1008190137e-42,1.4316618069e-30,4.136271453e-25,4.136271453e-25,4.136271453e-25,4.136271453e-25,4.4833710046e-53,1.1531505982e-47,7.9268542966e-82,9.1052099918e-36,2.1096200932e-29,8.7535538258e-09,8.7535538258e-09,8.7535538258e-09,8.7535538258e-09,7.9077502301e-82,1.3912674699e-66,4.8028089847e-30,0.00029198180153,0.00029198180153,0.00029198180153,0.00029198180153,1.7711337549e-27,1.1637746625e-87,6.5687269769e-38,5.526891005e-16,7.7213315973e-76,1.9170821095e-82,3.4999060544e-19,8.2202992354e-29,5.5421558231e-06,5.5421558231e-06,5.5421558231e-06,5.5421558231e-06,0.90182136348,0.90182136348,0.90182136348,0.90182136348,1.2857263703e-12,9.4677590407e-09,9.4677590407e-09,9.4677590407e-09,9.4677590407e-09,1.3706467901e-19,3.0844289268e-05,3.0844289268e-05,3.0844289268e-05,3.0844289268e-05
4975,5.8952587897e-06,5.8952587897e-06,5.8952587897e-06,5.8952587897e-06,1.0649404431e-42,1.4158861359e-30,4.1162704018e-25,4.1162704018e-25,4.1162704018e-25,4.1162704018e-25,4.2222547564e-53,1.1022245032e-47,6.7307490745e-82,8.9320155435e-36,2.0895849754e-29,8.7635516135e-09,8.7635516135e-09,8.7635516135e-09,8.7635516135e-09,6.7144997868e-82,1.2538460838e-66,4.7532491808e-30,0.00029231942789,0.00029231942789,0.00029231942789,0.00029231942789,1.7583436357e-27,9.6368757883e-88,6.418444839e-38,5.5290200334e-16,6.7188586963e-76,1.6235875251e-82,3.4972598737e-19,8.1482131743e-29,5.5485622333e-06,5.5485622333e-06,5.5485622333e-06,5.5485622333e-06,0.902863229,0.902863229,0.902863229,0.902863229,1.2869638397e-12,9.4785776327e-09,9.4785776327e-09,9.4785776327e-09,9.4785776327e-09,1.3693486214e-19,3.0879952709e-05,3.0879952709e-05,3.0879952709e-05,3.0879952709e-05
4980,5.9020734791e-06,5.9020734791e-06,5.9020734791e-06,5.9020734791e-06,1.0303002456e-42,1.4003359277e-30,4.0964579474e-25,4.0964579474e-25,4.0964579474e-25,4.0964579474e-25,3.9766747316e-53,1.0536275235e-47,5.715426535e-82,8.7625600157e-36,2.0698098896e-29,8.7735620378e-09,8.7735620378e-09,8.7735620378e-09,8.7735620378e-09,5.7016047324e-82,1.1300915753e-66,4.7043675067e-30,0.0002926574447,0.0002926574447,0.0002926574447,0.0002926574447,1.7456957048e-27,7.9802743386e-88,6.2719529274e-38,5.5311746122e-16,5.8469354173e-76,1.3750946967e-82,3.4946483767e-19,8.0770186107e-29,5.5549760781e-06,5.5549760781e-06,5.5549760781e-06,5.5549760781e-06,0.90390629708,0.90390629708,0.90390629708,0.90390629708,1.2882042926e-12,9.4894098593e-09,9.4894098593e-09,9.4894098593e-09,9.4894098593e-09,1.3680654842e-19,3.0915657429e-05,3.0915657429e-05,3.0915657429e-05,3.0915657429e-05
4985,5.9088960757e-06,5.9088960757e-06,5.9088960757e-06,5.9088960757e-06,9.9685344709e-43,1.3850074129e-30,4.0768319548e-25,4.0768319548e-25,4.0768319548e-25,4.0768319548e-25,3.7456874867e-53,1.0072496201e-47,4.8535175991e-82,8.5967543692e-36,2.0502908319e-29,8.7835851039e-09,8.7835851039e-09,8.7835851039e-09,8.7835851039e-09,4.8417600478e-82,1.0186355586e-66,4.6561530369e-30,0.00029299585241,0.00029299585241,0.00029299585241,0.00029299585241,1.7331880529e-27,6.6086625347e-88,6.1291476941e-38,5.5333546271e-16,5.0885091334e-76,1.1646928581e-82,3.492071329e-19,8.0067023782e-29,5.5613973658e-06,5.5613973658e-06,5.5613973658e-06,5.5613973658e-06,0.90495056912,0.90495056912,0.90495056912,0.90495056912,1.2894477224e-12,9.5002557264e-09,9.5002557264e-09,9.5002557264e-09,9.5002557264e-09,1.3667972724e-19,3.0951403474e-05,3.0951403474e-05,3.0951403474e-05,3.0951403474e-05
4990,5.9157265881e-06,5.9157265881e-06,5.9157265881e-06,5.9157265881e-06,9.6455678341e-43,1.3698968931e-30,4.0573903177e-25,4.0573903177e-25,4.0573903177e-25,4.0573903177e-25,3.5284079984e-53,9.6298611328e-48,4.1218034594e-82,8.4345118654e-36,2.0310238684e-29,8.7936208171e-09,8.7936208171e-09,8.7936208171e-09,8.7936208171e-09,4.1118013656e-82,9.1824756811e-67,4.6085950461e-30,0.00029333465147,0.00029333465147,0.00029333465147,0.00029333465147,1.7208188002e-27,5.4729757228e-88,5.9899286202e-38,5.5355599647e-16,4.4287613557e-76,9.8653413188e-83,3.4895284988e-19,7.9372515339e-29,5.5678261047e-06,5.5678261047e-06,5.5678261047e-06,5.5678261047e-06,0.90599604649,0.90599604649,0.90599604649,0.90599604649,1.2906941227e-12,9.5111152401e-09,9.5111152401e-09,9.5111152401e-09,9.5111152401e-09,1.365543881e-19,3.0987190892e-05,3.0987190892e-05,3.0987190892e-05,3.0987190892e-05
4995,5.9225650254e-06,5.9225650254e-06,5.9225650254e-06,5.9225650254e-06,9.3336863272e-43,1.3550007398e-30,4.0381309587e-25,4.0381309587e-25,4.0381309587e-25,4.0381309587e-25,3.3240059775e-53,9.2073741352e-48,3.5005851984e-82,8.2757480027e-36,2.0120051345e-29,8.803669183e-09,8.803669183e-09,8.803669183e-09,8.803669183e-09,3.4920760363e-82,8.2782106559e-67,4.5616830042e-30,0.00029367384233,0.00029367384233,0.00029367384233,0.00029367384233,1.7085860962e-27,4.5326027451e-88,5.8541981225e-38,5.5377905127e-16,3.8548141558e-76,8.356698051e-83,3.487019656e-19,7.8686533537e-29,5.574262303e-06,5.574262303e-06,5.574262303e-06,5.574262303e-06,0.9070427306,0.9070427306,0.9070427306,0.9070427306,1.291943487e-12,9.5219884065e-09,9.5219884065e-09,9.5219884065e-09,9.5219884065e-09,1.3643052062e-19,3.1023019731e-05,3.1023019731e-05,3.1023019731e-05,3.1023019731e-05
5000,5.9294113962e-06,5.9294113962e-06,5.9294113962e-06,5.9294113962e-06,9.0324895039e-43,1.3403153924e-30,4.0190518279e-25,4.0190518279e-25,4.0190518279e-25,4.0190518279e-25,3.1317024203e-53,8.8040876701e-48,2.9731493133e-82,8.1203804546e-36,1.9932308333e-29,8.813730207e-09,8.813730207e-09,8.813730207e-09,8.813730207e-09,2.9659098812e-82,7.463608774e-67,4.5154065733e-30,0.00029401342545,0.00029401342545,0.00029401342545,0.00029401342545,1.6964881196e-27,3.7539283638e-88,5.721861462e-38,5.5400461597e-16,3.3554752809e-76,7.0791186393e-83,3.4845445732e-19,7.8008953284e-29,5.5807059691e-06,5.5807059691e-06,5.5807059691e-06,5.5807059691e-06,0.90809062282,0.90809062282,0.90809062282,0.90809062282,1.2931958088e-12,9.5328752318e-09,9.5328752318e-09,9.5328752318e-09,9.5328752318e-09,1.3630811449e-19,3.1058890037e-05,3.1058890037e-05,3.1058890037e-05,3.1058890037e-05
